ARM GAS  C:\Users\843E~1\AppData\Local\Temp\ccgofTZZ.s 			page 1


   1              		.cpu cortex-m4
   2              		.arch armv7e-m
   3              		.fpu fpv4-sp-d16
   4              		.eabi_attribute 27, 1
   5              		.eabi_attribute 28, 1
   6              		.eabi_attribute 20, 1
   7              		.eabi_attribute 21, 1
   8              		.eabi_attribute 23, 3
   9              		.eabi_attribute 24, 1
  10              		.eabi_attribute 25, 1
  11              		.eabi_attribute 26, 1
  12              		.eabi_attribute 30, 1
  13              		.eabi_attribute 34, 1
  14              		.eabi_attribute 18, 4
  15              		.file	"ble_gap_aci.c"
  16              		.text
  17              	.Ltext0:
  18              		.cfi_sections	.debug_frame
  19              		.section	.text.aci_gap_set_non_discoverable,"ax",%progbits
  20              		.align	1
  21              		.global	aci_gap_set_non_discoverable
  22              		.syntax unified
  23              		.thumb
  24              		.thumb_func
  26              	aci_gap_set_non_discoverable:
  27              	.LFB0:
  28              		.file 1 "Middlewares/ST/STM32_WPAN/ble/core/auto/ble_gap_aci.c"
   1:Middlewares/ST/STM32_WPAN/ble/core/auto/ble_gap_aci.c **** /*****************************************************************************
   2:Middlewares/ST/STM32_WPAN/ble/core/auto/ble_gap_aci.c ****  * @file    ble_gap_aci.c
   3:Middlewares/ST/STM32_WPAN/ble/core/auto/ble_gap_aci.c ****  * @brief   STM32WB BLE API (gap_aci)
   4:Middlewares/ST/STM32_WPAN/ble/core/auto/ble_gap_aci.c ****  *          Auto-generated file: do not edit!
   5:Middlewares/ST/STM32_WPAN/ble/core/auto/ble_gap_aci.c ****  *****************************************************************************
   6:Middlewares/ST/STM32_WPAN/ble/core/auto/ble_gap_aci.c ****  * @attention
   7:Middlewares/ST/STM32_WPAN/ble/core/auto/ble_gap_aci.c ****  *
   8:Middlewares/ST/STM32_WPAN/ble/core/auto/ble_gap_aci.c ****  * Copyright (c) 2018-2024 STMicroelectronics.
   9:Middlewares/ST/STM32_WPAN/ble/core/auto/ble_gap_aci.c ****  * All rights reserved.
  10:Middlewares/ST/STM32_WPAN/ble/core/auto/ble_gap_aci.c ****  *
  11:Middlewares/ST/STM32_WPAN/ble/core/auto/ble_gap_aci.c ****  * This software is licensed under terms that can be found in the LICENSE file
  12:Middlewares/ST/STM32_WPAN/ble/core/auto/ble_gap_aci.c ****  * in the root directory of this software component.
  13:Middlewares/ST/STM32_WPAN/ble/core/auto/ble_gap_aci.c ****  * If no LICENSE file comes with this software, it is provided AS-IS.
  14:Middlewares/ST/STM32_WPAN/ble/core/auto/ble_gap_aci.c ****  *
  15:Middlewares/ST/STM32_WPAN/ble/core/auto/ble_gap_aci.c ****  *****************************************************************************
  16:Middlewares/ST/STM32_WPAN/ble/core/auto/ble_gap_aci.c ****  */
  17:Middlewares/ST/STM32_WPAN/ble/core/auto/ble_gap_aci.c **** 
  18:Middlewares/ST/STM32_WPAN/ble/core/auto/ble_gap_aci.c **** #include "ble_gap_aci.h"
  19:Middlewares/ST/STM32_WPAN/ble/core/auto/ble_gap_aci.c **** 
  20:Middlewares/ST/STM32_WPAN/ble/core/auto/ble_gap_aci.c **** tBleStatus aci_gap_set_non_discoverable( void )
  21:Middlewares/ST/STM32_WPAN/ble/core/auto/ble_gap_aci.c **** {
  29              		.loc 1 21 1 view -0
  30              		.cfi_startproc
  31              		@ args = 0, pretend = 0, frame = 32
  32              		@ frame_needed = 0, uses_anonymous_args = 0
  33 0000 10B5     		push	{r4, lr}
  34              	.LCFI0:
  35              		.cfi_def_cfa_offset 8
  36              		.cfi_offset 4, -8
  37              		.cfi_offset 14, -4
ARM GAS  C:\Users\843E~1\AppData\Local\Temp\ccgofTZZ.s 			page 2


  38 0002 88B0     		sub	sp, sp, #32
  39              	.LCFI1:
  40              		.cfi_def_cfa_offset 40
  22:Middlewares/ST/STM32_WPAN/ble/core/auto/ble_gap_aci.c ****   struct hci_request rq;
  41              		.loc 1 22 3 view .LVU1
  23:Middlewares/ST/STM32_WPAN/ble/core/auto/ble_gap_aci.c ****   tBleStatus status = 0;
  42              		.loc 1 23 3 view .LVU2
  43              		.loc 1 23 14 is_stmt 0 view .LVU3
  44 0004 0024     		movs	r4, #0
  45 0006 8DF80740 		strb	r4, [sp, #7]
  24:Middlewares/ST/STM32_WPAN/ble/core/auto/ble_gap_aci.c ****   Osal_MemSet( &rq, 0, sizeof(rq) );
  46              		.loc 1 24 3 is_stmt 1 view .LVU4
  47 000a 1822     		movs	r2, #24
  48 000c 2146     		mov	r1, r4
  49 000e 02A8     		add	r0, sp, #8
  50 0010 FFF7FEFF 		bl	Osal_MemSet
  51              	.LVL0:
  25:Middlewares/ST/STM32_WPAN/ble/core/auto/ble_gap_aci.c ****   rq.ogf = 0x3f;
  52              		.loc 1 25 3 view .LVU5
  53              		.loc 1 25 10 is_stmt 0 view .LVU6
  54 0014 3F23     		movs	r3, #63
  55 0016 ADF80830 		strh	r3, [sp, #8]	@ movhi
  26:Middlewares/ST/STM32_WPAN/ble/core/auto/ble_gap_aci.c ****   rq.ocf = 0x081;
  56              		.loc 1 26 3 is_stmt 1 view .LVU7
  57              		.loc 1 26 10 is_stmt 0 view .LVU8
  58 001a 8123     		movs	r3, #129
  59 001c ADF80A30 		strh	r3, [sp, #10]	@ movhi
  27:Middlewares/ST/STM32_WPAN/ble/core/auto/ble_gap_aci.c ****   rq.rparam = &status;
  60              		.loc 1 27 3 is_stmt 1 view .LVU9
  61              		.loc 1 27 13 is_stmt 0 view .LVU10
  62 0020 0DF10703 		add	r3, sp, #7
  63 0024 0693     		str	r3, [sp, #24]
  28:Middlewares/ST/STM32_WPAN/ble/core/auto/ble_gap_aci.c ****   rq.rlen = 1;
  64              		.loc 1 28 3 is_stmt 1 view .LVU11
  65              		.loc 1 28 11 is_stmt 0 view .LVU12
  66 0026 0123     		movs	r3, #1
  67 0028 0793     		str	r3, [sp, #28]
  29:Middlewares/ST/STM32_WPAN/ble/core/auto/ble_gap_aci.c ****   if ( hci_send_req(&rq, FALSE) < 0 )
  68              		.loc 1 29 3 is_stmt 1 view .LVU13
  69              		.loc 1 29 8 is_stmt 0 view .LVU14
  70 002a 2146     		mov	r1, r4
  71 002c 02A8     		add	r0, sp, #8
  72 002e FFF7FEFF 		bl	hci_send_req
  73              	.LVL1:
  74              		.loc 1 29 6 view .LVU15
  75 0032 A042     		cmp	r0, r4
  76 0034 03DB     		blt	.L3
  30:Middlewares/ST/STM32_WPAN/ble/core/auto/ble_gap_aci.c ****     return BLE_STATUS_TIMEOUT;
  31:Middlewares/ST/STM32_WPAN/ble/core/auto/ble_gap_aci.c ****   return status;
  77              		.loc 1 31 3 is_stmt 1 view .LVU16
  78              		.loc 1 31 10 is_stmt 0 view .LVU17
  79 0036 9DF80700 		ldrb	r0, [sp, #7]	@ zero_extendqisi2
  80              	.L2:
  32:Middlewares/ST/STM32_WPAN/ble/core/auto/ble_gap_aci.c **** }
  81              		.loc 1 32 1 view .LVU18
  82 003a 08B0     		add	sp, sp, #32
  83              	.LCFI2:
ARM GAS  C:\Users\843E~1\AppData\Local\Temp\ccgofTZZ.s 			page 3


  84              		.cfi_remember_state
  85              		.cfi_def_cfa_offset 8
  86              		@ sp needed
  87 003c 10BD     		pop	{r4, pc}
  88              	.L3:
  89              	.LCFI3:
  90              		.cfi_restore_state
  30:Middlewares/ST/STM32_WPAN/ble/core/auto/ble_gap_aci.c ****     return BLE_STATUS_TIMEOUT;
  91              		.loc 1 30 12 view .LVU19
  92 003e FF20     		movs	r0, #255
  93 0040 FBE7     		b	.L2
  94              		.cfi_endproc
  95              	.LFE0:
  97              		.section	.text.aci_gap_set_limited_discoverable,"ax",%progbits
  98              		.align	1
  99              		.global	aci_gap_set_limited_discoverable
 100              		.syntax unified
 101              		.thumb
 102              		.thumb_func
 104              	aci_gap_set_limited_discoverable:
 105              	.LVL2:
 106              	.LFB1:
  33:Middlewares/ST/STM32_WPAN/ble/core/auto/ble_gap_aci.c **** 
  34:Middlewares/ST/STM32_WPAN/ble/core/auto/ble_gap_aci.c **** tBleStatus aci_gap_set_limited_discoverable( uint8_t Advertising_Type,
  35:Middlewares/ST/STM32_WPAN/ble/core/auto/ble_gap_aci.c ****                                              uint16_t Advertising_Interval_Min,
  36:Middlewares/ST/STM32_WPAN/ble/core/auto/ble_gap_aci.c ****                                              uint16_t Advertising_Interval_Max,
  37:Middlewares/ST/STM32_WPAN/ble/core/auto/ble_gap_aci.c ****                                              uint8_t Own_Address_Type,
  38:Middlewares/ST/STM32_WPAN/ble/core/auto/ble_gap_aci.c ****                                              uint8_t Advertising_Filter_Policy,
  39:Middlewares/ST/STM32_WPAN/ble/core/auto/ble_gap_aci.c ****                                              uint8_t Local_Name_Length,
  40:Middlewares/ST/STM32_WPAN/ble/core/auto/ble_gap_aci.c ****                                              const uint8_t* Local_Name,
  41:Middlewares/ST/STM32_WPAN/ble/core/auto/ble_gap_aci.c ****                                              uint8_t Service_Uuid_length,
  42:Middlewares/ST/STM32_WPAN/ble/core/auto/ble_gap_aci.c ****                                              const uint8_t* Service_Uuid_List,
  43:Middlewares/ST/STM32_WPAN/ble/core/auto/ble_gap_aci.c ****                                              uint16_t Conn_Interval_Min,
  44:Middlewares/ST/STM32_WPAN/ble/core/auto/ble_gap_aci.c ****                                              uint16_t Conn_Interval_Max )
  45:Middlewares/ST/STM32_WPAN/ble/core/auto/ble_gap_aci.c **** {
 107              		.loc 1 45 1 is_stmt 1 view -0
 108              		.cfi_startproc
 109              		@ args = 28, pretend = 0, frame = 296
 110              		@ frame_needed = 0, uses_anonymous_args = 0
 111              		.loc 1 45 1 is_stmt 0 view .LVU21
 112 0000 2DE9F04F 		push	{r4, r5, r6, r7, r8, r9, r10, fp, lr}
 113              	.LCFI4:
 114              		.cfi_def_cfa_offset 36
 115              		.cfi_offset 4, -36
 116              		.cfi_offset 5, -32
 117              		.cfi_offset 6, -28
 118              		.cfi_offset 7, -24
 119              		.cfi_offset 8, -20
 120              		.cfi_offset 9, -16
 121              		.cfi_offset 10, -12
 122              		.cfi_offset 11, -8
 123              		.cfi_offset 14, -4
 124 0004 CBB0     		sub	sp, sp, #300
 125              	.LCFI5:
 126              		.cfi_def_cfa_offset 336
 127 0006 9C46     		mov	ip, r3
 128 0008 9DF85461 		ldrb	r6, [sp, #340]	@ zero_extendqisi2
ARM GAS  C:\Users\843E~1\AppData\Local\Temp\ccgofTZZ.s 			page 4


 129 000c 9DF85C51 		ldrb	r5, [sp, #348]	@ zero_extendqisi2
  46:Middlewares/ST/STM32_WPAN/ble/core/auto/ble_gap_aci.c ****   struct hci_request rq;
 130              		.loc 1 46 3 is_stmt 1 view .LVU22
  47:Middlewares/ST/STM32_WPAN/ble/core/auto/ble_gap_aci.c ****   uint8_t cmd_buffer[BLE_CMD_MAX_PARAM_LEN];
 131              		.loc 1 47 3 view .LVU23
  48:Middlewares/ST/STM32_WPAN/ble/core/auto/ble_gap_aci.c ****   aci_gap_set_limited_discoverable_cp0 *cp0 = (aci_gap_set_limited_discoverable_cp0*)(cmd_buffer);
 132              		.loc 1 48 3 view .LVU24
 133              	.LVL3:
  49:Middlewares/ST/STM32_WPAN/ble/core/auto/ble_gap_aci.c ****   aci_gap_set_limited_discoverable_cp1 *cp1 = (aci_gap_set_limited_discoverable_cp1*)(cmd_buffer + 
 134              		.loc 1 49 3 view .LVU25
 135              		.loc 1 49 122 is_stmt 0 view .LVU26
 136 0010 06F1080A 		add	r10, r6, #8
 137              		.loc 1 49 41 view .LVU27
 138 0014 04AC     		add	r4, sp, #16
 139              	.LVL4:
 140              		.loc 1 49 41 view .LVU28
 141 0016 04EB0A0B 		add	fp, r4, r10
 142              	.LVL5:
  50:Middlewares/ST/STM32_WPAN/ble/core/auto/ble_gap_aci.c ****   aci_gap_set_limited_discoverable_cp2 *cp2 = (aci_gap_set_limited_discoverable_cp2*)(cmd_buffer + 
 143              		.loc 1 50 3 is_stmt 1 view .LVU29
 144              		.loc 1 50 166 is_stmt 0 view .LVU30
 145 001a 7719     		adds	r7, r6, r5
 146 001c 0937     		adds	r7, r7, #9
 147              		.loc 1 50 41 view .LVU31
 148 001e E319     		adds	r3, r4, r7
 149              	.LVL6:
 150              		.loc 1 50 41 view .LVU32
 151 0020 0193     		str	r3, [sp, #4]
 152              	.LVL7:
  51:Middlewares/ST/STM32_WPAN/ble/core/auto/ble_gap_aci.c ****   tBleStatus status = 0;
 153              		.loc 1 51 3 is_stmt 1 view .LVU33
 154              		.loc 1 51 14 is_stmt 0 view .LVU34
 155 0022 0DF10F09 		add	r9, sp, #15
 156 0026 4FF00008 		mov	r8, #0
 157 002a 8DF80F80 		strb	r8, [sp, #15]
  52:Middlewares/ST/STM32_WPAN/ble/core/auto/ble_gap_aci.c ****   int index_input = 0;
 158              		.loc 1 52 3 is_stmt 1 view .LVU35
 159              	.LVL8:
  53:Middlewares/ST/STM32_WPAN/ble/core/auto/ble_gap_aci.c ****   cp0->Advertising_Type = Advertising_Type;
 160              		.loc 1 53 3 view .LVU36
 161              		.loc 1 53 25 is_stmt 0 view .LVU37
 162 002e 8DF81000 		strb	r0, [sp, #16]
  54:Middlewares/ST/STM32_WPAN/ble/core/auto/ble_gap_aci.c ****   index_input += 1;
 163              		.loc 1 54 3 is_stmt 1 view .LVU38
 164              	.LVL9:
  55:Middlewares/ST/STM32_WPAN/ble/core/auto/ble_gap_aci.c ****   cp0->Advertising_Interval_Min = Advertising_Interval_Min;
 165              		.loc 1 55 3 view .LVU39
 166              		.loc 1 55 33 is_stmt 0 view .LVU40
 167 0032 ADF81110 		strh	r1, [sp, #17]	@ unaligned
  56:Middlewares/ST/STM32_WPAN/ble/core/auto/ble_gap_aci.c ****   index_input += 2;
 168              		.loc 1 56 3 is_stmt 1 view .LVU41
 169              	.LVL10:
  57:Middlewares/ST/STM32_WPAN/ble/core/auto/ble_gap_aci.c ****   cp0->Advertising_Interval_Max = Advertising_Interval_Max;
 170              		.loc 1 57 3 view .LVU42
 171              		.loc 1 57 33 is_stmt 0 view .LVU43
 172 0036 ADF81320 		strh	r2, [sp, #19]	@ unaligned
  58:Middlewares/ST/STM32_WPAN/ble/core/auto/ble_gap_aci.c ****   index_input += 2;
ARM GAS  C:\Users\843E~1\AppData\Local\Temp\ccgofTZZ.s 			page 5


 173              		.loc 1 58 3 is_stmt 1 view .LVU44
 174              	.LVL11:
  59:Middlewares/ST/STM32_WPAN/ble/core/auto/ble_gap_aci.c ****   cp0->Own_Address_Type = Own_Address_Type;
 175              		.loc 1 59 3 view .LVU45
 176              		.loc 1 59 25 is_stmt 0 view .LVU46
 177 003a 8DF815C0 		strb	ip, [sp, #21]
  60:Middlewares/ST/STM32_WPAN/ble/core/auto/ble_gap_aci.c ****   index_input += 1;
 178              		.loc 1 60 3 is_stmt 1 view .LVU47
 179              	.LVL12:
  61:Middlewares/ST/STM32_WPAN/ble/core/auto/ble_gap_aci.c ****   cp0->Advertising_Filter_Policy = Advertising_Filter_Policy;
 180              		.loc 1 61 3 view .LVU48
 181              		.loc 1 61 34 is_stmt 0 view .LVU49
 182 003e 9DF85031 		ldrb	r3, [sp, #336]	@ zero_extendqisi2
 183              	.LVL13:
 184              		.loc 1 61 34 view .LVU50
 185 0042 8DF81630 		strb	r3, [sp, #22]
  62:Middlewares/ST/STM32_WPAN/ble/core/auto/ble_gap_aci.c ****   index_input += 1;
 186              		.loc 1 62 3 is_stmt 1 view .LVU51
 187              	.LVL14:
  63:Middlewares/ST/STM32_WPAN/ble/core/auto/ble_gap_aci.c ****   cp0->Local_Name_Length = Local_Name_Length;
 188              		.loc 1 63 3 view .LVU52
 189              		.loc 1 63 26 is_stmt 0 view .LVU53
 190 0046 8DF81760 		strb	r6, [sp, #23]
  64:Middlewares/ST/STM32_WPAN/ble/core/auto/ble_gap_aci.c ****   index_input += 1;
 191              		.loc 1 64 3 is_stmt 1 view .LVU54
 192              	.LVL15:
  65:Middlewares/ST/STM32_WPAN/ble/core/auto/ble_gap_aci.c ****   /* var_len_data input */
  66:Middlewares/ST/STM32_WPAN/ble/core/auto/ble_gap_aci.c ****   {
  67:Middlewares/ST/STM32_WPAN/ble/core/auto/ble_gap_aci.c ****     Osal_MemCpy( (void*)&cp0->Local_Name, (const void*)Local_Name, Local_Name_Length );
 193              		.loc 1 67 5 view .LVU55
 194 004a 3246     		mov	r2, r6
 195              	.LVL16:
 196              		.loc 1 67 5 is_stmt 0 view .LVU56
 197 004c 5699     		ldr	r1, [sp, #344]
 198              	.LVL17:
 199              		.loc 1 67 5 view .LVU57
 200 004e 06A8     		add	r0, sp, #24
 201              	.LVL18:
 202              		.loc 1 67 5 view .LVU58
 203 0050 FFF7FEFF 		bl	Osal_MemCpy
 204              	.LVL19:
  68:Middlewares/ST/STM32_WPAN/ble/core/auto/ble_gap_aci.c ****     index_input += Local_Name_Length;
 205              		.loc 1 68 5 is_stmt 1 view .LVU59
  69:Middlewares/ST/STM32_WPAN/ble/core/auto/ble_gap_aci.c ****     {
  70:Middlewares/ST/STM32_WPAN/ble/core/auto/ble_gap_aci.c ****       cp1->Service_Uuid_length = Service_Uuid_length;
 206              		.loc 1 70 7 view .LVU60
 207              		.loc 1 70 32 is_stmt 0 view .LVU61
 208 0054 04F80A50 		strb	r5, [r4, r10]
  71:Middlewares/ST/STM32_WPAN/ble/core/auto/ble_gap_aci.c ****     }
  72:Middlewares/ST/STM32_WPAN/ble/core/auto/ble_gap_aci.c ****     index_input += 1;
 209              		.loc 1 72 5 is_stmt 1 view .LVU62
 210              		.loc 1 72 17 is_stmt 0 view .LVU63
 211 0058 0936     		adds	r6, r6, #9
 212              	.LVL20:
  73:Middlewares/ST/STM32_WPAN/ble/core/auto/ble_gap_aci.c ****     Osal_MemCpy( (void*)&cp1->Service_Uuid_List, (const void*)Service_Uuid_List, Service_Uuid_lengt
 213              		.loc 1 73 5 is_stmt 1 view .LVU64
 214 005a 2A46     		mov	r2, r5
ARM GAS  C:\Users\843E~1\AppData\Local\Temp\ccgofTZZ.s 			page 6


 215 005c 5899     		ldr	r1, [sp, #352]
 216 005e 0BF10100 		add	r0, fp, #1
 217 0062 FFF7FEFF 		bl	Osal_MemCpy
 218              	.LVL21:
  74:Middlewares/ST/STM32_WPAN/ble/core/auto/ble_gap_aci.c ****     index_input += Service_Uuid_length;
 219              		.loc 1 74 5 view .LVU65
 220              		.loc 1 74 17 is_stmt 0 view .LVU66
 221 0066 3544     		add	r5, r5, r6
 222              	.LVL22:
  75:Middlewares/ST/STM32_WPAN/ble/core/auto/ble_gap_aci.c ****     {
  76:Middlewares/ST/STM32_WPAN/ble/core/auto/ble_gap_aci.c ****       cp2->Conn_Interval_Min = Conn_Interval_Min;
 223              		.loc 1 76 7 is_stmt 1 view .LVU67
 224              		.loc 1 76 30 is_stmt 0 view .LVU68
 225 0068 BDF86431 		ldrh	r3, [sp, #356]
 226 006c E353     		strh	r3, [r4, r7]	@ unaligned
  77:Middlewares/ST/STM32_WPAN/ble/core/auto/ble_gap_aci.c ****     }
  78:Middlewares/ST/STM32_WPAN/ble/core/auto/ble_gap_aci.c ****     index_input += 2;
 227              		.loc 1 78 5 is_stmt 1 view .LVU69
 228              	.LVL23:
  79:Middlewares/ST/STM32_WPAN/ble/core/auto/ble_gap_aci.c ****     {
  80:Middlewares/ST/STM32_WPAN/ble/core/auto/ble_gap_aci.c ****       cp2->Conn_Interval_Max = Conn_Interval_Max;
 229              		.loc 1 80 7 view .LVU70
 230              		.loc 1 80 30 is_stmt 0 view .LVU71
 231 006e BDF86831 		ldrh	r3, [sp, #360]
 232 0072 019A     		ldr	r2, [sp, #4]
 233 0074 5380     		strh	r3, [r2, #2]	@ unaligned
  81:Middlewares/ST/STM32_WPAN/ble/core/auto/ble_gap_aci.c ****     }
  82:Middlewares/ST/STM32_WPAN/ble/core/auto/ble_gap_aci.c ****     index_input += 2;
 234              		.loc 1 82 5 is_stmt 1 view .LVU72
 235              		.loc 1 82 17 is_stmt 0 view .LVU73
 236 0076 0435     		adds	r5, r5, #4
 237              	.LVL24:
  83:Middlewares/ST/STM32_WPAN/ble/core/auto/ble_gap_aci.c ****   }
  84:Middlewares/ST/STM32_WPAN/ble/core/auto/ble_gap_aci.c ****   Osal_MemSet( &rq, 0, sizeof(rq) );
 238              		.loc 1 84 3 is_stmt 1 view .LVU74
 239 0078 1822     		movs	r2, #24
 240 007a 4146     		mov	r1, r8
 241 007c 44A8     		add	r0, sp, #272
 242 007e FFF7FEFF 		bl	Osal_MemSet
 243              	.LVL25:
  85:Middlewares/ST/STM32_WPAN/ble/core/auto/ble_gap_aci.c ****   rq.ogf = 0x3f;
 244              		.loc 1 85 3 view .LVU75
 245              		.loc 1 85 10 is_stmt 0 view .LVU76
 246 0082 3F23     		movs	r3, #63
 247 0084 ADF81031 		strh	r3, [sp, #272]	@ movhi
  86:Middlewares/ST/STM32_WPAN/ble/core/auto/ble_gap_aci.c ****   rq.ocf = 0x082;
 248              		.loc 1 86 3 is_stmt 1 view .LVU77
 249              		.loc 1 86 10 is_stmt 0 view .LVU78
 250 0088 8223     		movs	r3, #130
 251 008a ADF81231 		strh	r3, [sp, #274]	@ movhi
  87:Middlewares/ST/STM32_WPAN/ble/core/auto/ble_gap_aci.c ****   rq.event = 0x0F;
 252              		.loc 1 87 3 is_stmt 1 view .LVU79
 253              		.loc 1 87 12 is_stmt 0 view .LVU80
 254 008e 0F23     		movs	r3, #15
 255 0090 4593     		str	r3, [sp, #276]
  88:Middlewares/ST/STM32_WPAN/ble/core/auto/ble_gap_aci.c ****   rq.cparam = cmd_buffer;
 256              		.loc 1 88 3 is_stmt 1 view .LVU81
ARM GAS  C:\Users\843E~1\AppData\Local\Temp\ccgofTZZ.s 			page 7


 257              		.loc 1 88 13 is_stmt 0 view .LVU82
 258 0092 4694     		str	r4, [sp, #280]
  89:Middlewares/ST/STM32_WPAN/ble/core/auto/ble_gap_aci.c ****   rq.clen = index_input;
 259              		.loc 1 89 3 is_stmt 1 view .LVU83
 260              		.loc 1 89 11 is_stmt 0 view .LVU84
 261 0094 4795     		str	r5, [sp, #284]
  90:Middlewares/ST/STM32_WPAN/ble/core/auto/ble_gap_aci.c ****   rq.rparam = &status;
 262              		.loc 1 90 3 is_stmt 1 view .LVU85
 263              		.loc 1 90 13 is_stmt 0 view .LVU86
 264 0096 CDF82091 		str	r9, [sp, #288]
  91:Middlewares/ST/STM32_WPAN/ble/core/auto/ble_gap_aci.c ****   rq.rlen = 1;
 265              		.loc 1 91 3 is_stmt 1 view .LVU87
 266              		.loc 1 91 11 is_stmt 0 view .LVU88
 267 009a 0123     		movs	r3, #1
 268 009c 4993     		str	r3, [sp, #292]
  92:Middlewares/ST/STM32_WPAN/ble/core/auto/ble_gap_aci.c ****   if ( hci_send_req(&rq, FALSE) < 0 )
 269              		.loc 1 92 3 is_stmt 1 view .LVU89
 270              		.loc 1 92 8 is_stmt 0 view .LVU90
 271 009e 4146     		mov	r1, r8
 272 00a0 44A8     		add	r0, sp, #272
 273 00a2 FFF7FEFF 		bl	hci_send_req
 274              	.LVL26:
 275              		.loc 1 92 6 view .LVU91
 276 00a6 4045     		cmp	r0, r8
 277 00a8 04DB     		blt	.L7
  93:Middlewares/ST/STM32_WPAN/ble/core/auto/ble_gap_aci.c ****     return BLE_STATUS_TIMEOUT;
  94:Middlewares/ST/STM32_WPAN/ble/core/auto/ble_gap_aci.c ****   return status;
 278              		.loc 1 94 3 is_stmt 1 view .LVU92
 279              		.loc 1 94 10 is_stmt 0 view .LVU93
 280 00aa 9DF80F00 		ldrb	r0, [sp, #15]	@ zero_extendqisi2
 281              	.L6:
  95:Middlewares/ST/STM32_WPAN/ble/core/auto/ble_gap_aci.c **** }
 282              		.loc 1 95 1 view .LVU94
 283 00ae 4BB0     		add	sp, sp, #300
 284              	.LCFI6:
 285              		.cfi_remember_state
 286              		.cfi_def_cfa_offset 36
 287              		@ sp needed
 288 00b0 BDE8F08F 		pop	{r4, r5, r6, r7, r8, r9, r10, fp, pc}
 289              	.LVL27:
 290              	.L7:
 291              	.LCFI7:
 292              		.cfi_restore_state
  93:Middlewares/ST/STM32_WPAN/ble/core/auto/ble_gap_aci.c ****     return BLE_STATUS_TIMEOUT;
 293              		.loc 1 93 12 view .LVU95
 294 00b4 FF20     		movs	r0, #255
 295 00b6 FAE7     		b	.L6
 296              		.cfi_endproc
 297              	.LFE1:
 299              		.section	.text.aci_gap_set_discoverable,"ax",%progbits
 300              		.align	1
 301              		.global	aci_gap_set_discoverable
 302              		.syntax unified
 303              		.thumb
 304              		.thumb_func
 306              	aci_gap_set_discoverable:
 307              	.LVL28:
ARM GAS  C:\Users\843E~1\AppData\Local\Temp\ccgofTZZ.s 			page 8


 308              	.LFB2:
  96:Middlewares/ST/STM32_WPAN/ble/core/auto/ble_gap_aci.c **** 
  97:Middlewares/ST/STM32_WPAN/ble/core/auto/ble_gap_aci.c **** tBleStatus aci_gap_set_discoverable( uint8_t Advertising_Type,
  98:Middlewares/ST/STM32_WPAN/ble/core/auto/ble_gap_aci.c ****                                      uint16_t Advertising_Interval_Min,
  99:Middlewares/ST/STM32_WPAN/ble/core/auto/ble_gap_aci.c ****                                      uint16_t Advertising_Interval_Max,
 100:Middlewares/ST/STM32_WPAN/ble/core/auto/ble_gap_aci.c ****                                      uint8_t Own_Address_Type,
 101:Middlewares/ST/STM32_WPAN/ble/core/auto/ble_gap_aci.c ****                                      uint8_t Advertising_Filter_Policy,
 102:Middlewares/ST/STM32_WPAN/ble/core/auto/ble_gap_aci.c ****                                      uint8_t Local_Name_Length,
 103:Middlewares/ST/STM32_WPAN/ble/core/auto/ble_gap_aci.c ****                                      const uint8_t* Local_Name,
 104:Middlewares/ST/STM32_WPAN/ble/core/auto/ble_gap_aci.c ****                                      uint8_t Service_Uuid_length,
 105:Middlewares/ST/STM32_WPAN/ble/core/auto/ble_gap_aci.c ****                                      const uint8_t* Service_Uuid_List,
 106:Middlewares/ST/STM32_WPAN/ble/core/auto/ble_gap_aci.c ****                                      uint16_t Conn_Interval_Min,
 107:Middlewares/ST/STM32_WPAN/ble/core/auto/ble_gap_aci.c ****                                      uint16_t Conn_Interval_Max )
 108:Middlewares/ST/STM32_WPAN/ble/core/auto/ble_gap_aci.c **** {
 309              		.loc 1 108 1 is_stmt 1 view -0
 310              		.cfi_startproc
 311              		@ args = 28, pretend = 0, frame = 296
 312              		@ frame_needed = 0, uses_anonymous_args = 0
 313              		.loc 1 108 1 is_stmt 0 view .LVU97
 314 0000 2DE9F04F 		push	{r4, r5, r6, r7, r8, r9, r10, fp, lr}
 315              	.LCFI8:
 316              		.cfi_def_cfa_offset 36
 317              		.cfi_offset 4, -36
 318              		.cfi_offset 5, -32
 319              		.cfi_offset 6, -28
 320              		.cfi_offset 7, -24
 321              		.cfi_offset 8, -20
 322              		.cfi_offset 9, -16
 323              		.cfi_offset 10, -12
 324              		.cfi_offset 11, -8
 325              		.cfi_offset 14, -4
 326 0004 CBB0     		sub	sp, sp, #300
 327              	.LCFI9:
 328              		.cfi_def_cfa_offset 336
 329 0006 9C46     		mov	ip, r3
 330 0008 9DF85461 		ldrb	r6, [sp, #340]	@ zero_extendqisi2
 331 000c 9DF85C51 		ldrb	r5, [sp, #348]	@ zero_extendqisi2
 109:Middlewares/ST/STM32_WPAN/ble/core/auto/ble_gap_aci.c ****   struct hci_request rq;
 332              		.loc 1 109 3 is_stmt 1 view .LVU98
 110:Middlewares/ST/STM32_WPAN/ble/core/auto/ble_gap_aci.c ****   uint8_t cmd_buffer[BLE_CMD_MAX_PARAM_LEN];
 333              		.loc 1 110 3 view .LVU99
 111:Middlewares/ST/STM32_WPAN/ble/core/auto/ble_gap_aci.c ****   aci_gap_set_discoverable_cp0 *cp0 = (aci_gap_set_discoverable_cp0*)(cmd_buffer);
 334              		.loc 1 111 3 view .LVU100
 335              	.LVL29:
 112:Middlewares/ST/STM32_WPAN/ble/core/auto/ble_gap_aci.c ****   aci_gap_set_discoverable_cp1 *cp1 = (aci_gap_set_discoverable_cp1*)(cmd_buffer + 1 + 2 + 2 + 1 + 
 336              		.loc 1 112 3 view .LVU101
 337              		.loc 1 112 106 is_stmt 0 view .LVU102
 338 0010 06F1080A 		add	r10, r6, #8
 339              		.loc 1 112 33 view .LVU103
 340 0014 04AC     		add	r4, sp, #16
 341              	.LVL30:
 342              		.loc 1 112 33 view .LVU104
 343 0016 04EB0A0B 		add	fp, r4, r10
 344              	.LVL31:
 113:Middlewares/ST/STM32_WPAN/ble/core/auto/ble_gap_aci.c ****   aci_gap_set_discoverable_cp2 *cp2 = (aci_gap_set_discoverable_cp2*)(cmd_buffer + 1 + 2 + 2 + 1 + 
 345              		.loc 1 113 3 is_stmt 1 view .LVU105
 346              		.loc 1 113 150 is_stmt 0 view .LVU106
ARM GAS  C:\Users\843E~1\AppData\Local\Temp\ccgofTZZ.s 			page 9


 347 001a 7719     		adds	r7, r6, r5
 348 001c 0937     		adds	r7, r7, #9
 349              		.loc 1 113 33 view .LVU107
 350 001e E319     		adds	r3, r4, r7
 351              	.LVL32:
 352              		.loc 1 113 33 view .LVU108
 353 0020 0193     		str	r3, [sp, #4]
 354              	.LVL33:
 114:Middlewares/ST/STM32_WPAN/ble/core/auto/ble_gap_aci.c ****   tBleStatus status = 0;
 355              		.loc 1 114 3 is_stmt 1 view .LVU109
 356              		.loc 1 114 14 is_stmt 0 view .LVU110
 357 0022 0DF10F09 		add	r9, sp, #15
 358 0026 4FF00008 		mov	r8, #0
 359 002a 8DF80F80 		strb	r8, [sp, #15]
 115:Middlewares/ST/STM32_WPAN/ble/core/auto/ble_gap_aci.c ****   int index_input = 0;
 360              		.loc 1 115 3 is_stmt 1 view .LVU111
 361              	.LVL34:
 116:Middlewares/ST/STM32_WPAN/ble/core/auto/ble_gap_aci.c ****   cp0->Advertising_Type = Advertising_Type;
 362              		.loc 1 116 3 view .LVU112
 363              		.loc 1 116 25 is_stmt 0 view .LVU113
 364 002e 8DF81000 		strb	r0, [sp, #16]
 117:Middlewares/ST/STM32_WPAN/ble/core/auto/ble_gap_aci.c ****   index_input += 1;
 365              		.loc 1 117 3 is_stmt 1 view .LVU114
 366              	.LVL35:
 118:Middlewares/ST/STM32_WPAN/ble/core/auto/ble_gap_aci.c ****   cp0->Advertising_Interval_Min = Advertising_Interval_Min;
 367              		.loc 1 118 3 view .LVU115
 368              		.loc 1 118 33 is_stmt 0 view .LVU116
 369 0032 ADF81110 		strh	r1, [sp, #17]	@ unaligned
 119:Middlewares/ST/STM32_WPAN/ble/core/auto/ble_gap_aci.c ****   index_input += 2;
 370              		.loc 1 119 3 is_stmt 1 view .LVU117
 371              	.LVL36:
 120:Middlewares/ST/STM32_WPAN/ble/core/auto/ble_gap_aci.c ****   cp0->Advertising_Interval_Max = Advertising_Interval_Max;
 372              		.loc 1 120 3 view .LVU118
 373              		.loc 1 120 33 is_stmt 0 view .LVU119
 374 0036 ADF81320 		strh	r2, [sp, #19]	@ unaligned
 121:Middlewares/ST/STM32_WPAN/ble/core/auto/ble_gap_aci.c ****   index_input += 2;
 375              		.loc 1 121 3 is_stmt 1 view .LVU120
 376              	.LVL37:
 122:Middlewares/ST/STM32_WPAN/ble/core/auto/ble_gap_aci.c ****   cp0->Own_Address_Type = Own_Address_Type;
 377              		.loc 1 122 3 view .LVU121
 378              		.loc 1 122 25 is_stmt 0 view .LVU122
 379 003a 8DF815C0 		strb	ip, [sp, #21]
 123:Middlewares/ST/STM32_WPAN/ble/core/auto/ble_gap_aci.c ****   index_input += 1;
 380              		.loc 1 123 3 is_stmt 1 view .LVU123
 381              	.LVL38:
 124:Middlewares/ST/STM32_WPAN/ble/core/auto/ble_gap_aci.c ****   cp0->Advertising_Filter_Policy = Advertising_Filter_Policy;
 382              		.loc 1 124 3 view .LVU124
 383              		.loc 1 124 34 is_stmt 0 view .LVU125
 384 003e 9DF85031 		ldrb	r3, [sp, #336]	@ zero_extendqisi2
 385              	.LVL39:
 386              		.loc 1 124 34 view .LVU126
 387 0042 8DF81630 		strb	r3, [sp, #22]
 125:Middlewares/ST/STM32_WPAN/ble/core/auto/ble_gap_aci.c ****   index_input += 1;
 388              		.loc 1 125 3 is_stmt 1 view .LVU127
 389              	.LVL40:
 126:Middlewares/ST/STM32_WPAN/ble/core/auto/ble_gap_aci.c ****   cp0->Local_Name_Length = Local_Name_Length;
 390              		.loc 1 126 3 view .LVU128
ARM GAS  C:\Users\843E~1\AppData\Local\Temp\ccgofTZZ.s 			page 10


 391              		.loc 1 126 26 is_stmt 0 view .LVU129
 392 0046 8DF81760 		strb	r6, [sp, #23]
 127:Middlewares/ST/STM32_WPAN/ble/core/auto/ble_gap_aci.c ****   index_input += 1;
 393              		.loc 1 127 3 is_stmt 1 view .LVU130
 394              	.LVL41:
 128:Middlewares/ST/STM32_WPAN/ble/core/auto/ble_gap_aci.c ****   /* var_len_data input */
 129:Middlewares/ST/STM32_WPAN/ble/core/auto/ble_gap_aci.c ****   {
 130:Middlewares/ST/STM32_WPAN/ble/core/auto/ble_gap_aci.c ****     Osal_MemCpy( (void*)&cp0->Local_Name, (const void*)Local_Name, Local_Name_Length );
 395              		.loc 1 130 5 view .LVU131
 396 004a 3246     		mov	r2, r6
 397              	.LVL42:
 398              		.loc 1 130 5 is_stmt 0 view .LVU132
 399 004c 5699     		ldr	r1, [sp, #344]
 400              	.LVL43:
 401              		.loc 1 130 5 view .LVU133
 402 004e 06A8     		add	r0, sp, #24
 403              	.LVL44:
 404              		.loc 1 130 5 view .LVU134
 405 0050 FFF7FEFF 		bl	Osal_MemCpy
 406              	.LVL45:
 131:Middlewares/ST/STM32_WPAN/ble/core/auto/ble_gap_aci.c ****     index_input += Local_Name_Length;
 407              		.loc 1 131 5 is_stmt 1 view .LVU135
 132:Middlewares/ST/STM32_WPAN/ble/core/auto/ble_gap_aci.c ****     {
 133:Middlewares/ST/STM32_WPAN/ble/core/auto/ble_gap_aci.c ****       cp1->Service_Uuid_length = Service_Uuid_length;
 408              		.loc 1 133 7 view .LVU136
 409              		.loc 1 133 32 is_stmt 0 view .LVU137
 410 0054 04F80A50 		strb	r5, [r4, r10]
 134:Middlewares/ST/STM32_WPAN/ble/core/auto/ble_gap_aci.c ****     }
 135:Middlewares/ST/STM32_WPAN/ble/core/auto/ble_gap_aci.c ****     index_input += 1;
 411              		.loc 1 135 5 is_stmt 1 view .LVU138
 412              		.loc 1 135 17 is_stmt 0 view .LVU139
 413 0058 0936     		adds	r6, r6, #9
 414              	.LVL46:
 136:Middlewares/ST/STM32_WPAN/ble/core/auto/ble_gap_aci.c ****     Osal_MemCpy( (void*)&cp1->Service_Uuid_List, (const void*)Service_Uuid_List, Service_Uuid_lengt
 415              		.loc 1 136 5 is_stmt 1 view .LVU140
 416 005a 2A46     		mov	r2, r5
 417 005c 5899     		ldr	r1, [sp, #352]
 418 005e 0BF10100 		add	r0, fp, #1
 419 0062 FFF7FEFF 		bl	Osal_MemCpy
 420              	.LVL47:
 137:Middlewares/ST/STM32_WPAN/ble/core/auto/ble_gap_aci.c ****     index_input += Service_Uuid_length;
 421              		.loc 1 137 5 view .LVU141
 422              		.loc 1 137 17 is_stmt 0 view .LVU142
 423 0066 3544     		add	r5, r5, r6
 424              	.LVL48:
 138:Middlewares/ST/STM32_WPAN/ble/core/auto/ble_gap_aci.c ****     {
 139:Middlewares/ST/STM32_WPAN/ble/core/auto/ble_gap_aci.c ****       cp2->Conn_Interval_Min = Conn_Interval_Min;
 425              		.loc 1 139 7 is_stmt 1 view .LVU143
 426              		.loc 1 139 30 is_stmt 0 view .LVU144
 427 0068 BDF86431 		ldrh	r3, [sp, #356]
 428 006c E353     		strh	r3, [r4, r7]	@ unaligned
 140:Middlewares/ST/STM32_WPAN/ble/core/auto/ble_gap_aci.c ****     }
 141:Middlewares/ST/STM32_WPAN/ble/core/auto/ble_gap_aci.c ****     index_input += 2;
 429              		.loc 1 141 5 is_stmt 1 view .LVU145
 430              	.LVL49:
 142:Middlewares/ST/STM32_WPAN/ble/core/auto/ble_gap_aci.c ****     {
 143:Middlewares/ST/STM32_WPAN/ble/core/auto/ble_gap_aci.c ****       cp2->Conn_Interval_Max = Conn_Interval_Max;
ARM GAS  C:\Users\843E~1\AppData\Local\Temp\ccgofTZZ.s 			page 11


 431              		.loc 1 143 7 view .LVU146
 432              		.loc 1 143 30 is_stmt 0 view .LVU147
 433 006e BDF86831 		ldrh	r3, [sp, #360]
 434 0072 019A     		ldr	r2, [sp, #4]
 435 0074 5380     		strh	r3, [r2, #2]	@ unaligned
 144:Middlewares/ST/STM32_WPAN/ble/core/auto/ble_gap_aci.c ****     }
 145:Middlewares/ST/STM32_WPAN/ble/core/auto/ble_gap_aci.c ****     index_input += 2;
 436              		.loc 1 145 5 is_stmt 1 view .LVU148
 437              		.loc 1 145 17 is_stmt 0 view .LVU149
 438 0076 0435     		adds	r5, r5, #4
 439              	.LVL50:
 146:Middlewares/ST/STM32_WPAN/ble/core/auto/ble_gap_aci.c ****   }
 147:Middlewares/ST/STM32_WPAN/ble/core/auto/ble_gap_aci.c ****   Osal_MemSet( &rq, 0, sizeof(rq) );
 440              		.loc 1 147 3 is_stmt 1 view .LVU150
 441 0078 1822     		movs	r2, #24
 442 007a 4146     		mov	r1, r8
 443 007c 44A8     		add	r0, sp, #272
 444 007e FFF7FEFF 		bl	Osal_MemSet
 445              	.LVL51:
 148:Middlewares/ST/STM32_WPAN/ble/core/auto/ble_gap_aci.c ****   rq.ogf = 0x3f;
 446              		.loc 1 148 3 view .LVU151
 447              		.loc 1 148 10 is_stmt 0 view .LVU152
 448 0082 3F23     		movs	r3, #63
 449 0084 ADF81031 		strh	r3, [sp, #272]	@ movhi
 149:Middlewares/ST/STM32_WPAN/ble/core/auto/ble_gap_aci.c ****   rq.ocf = 0x083;
 450              		.loc 1 149 3 is_stmt 1 view .LVU153
 451              		.loc 1 149 10 is_stmt 0 view .LVU154
 452 0088 8323     		movs	r3, #131
 453 008a ADF81231 		strh	r3, [sp, #274]	@ movhi
 150:Middlewares/ST/STM32_WPAN/ble/core/auto/ble_gap_aci.c ****   rq.cparam = cmd_buffer;
 454              		.loc 1 150 3 is_stmt 1 view .LVU155
 455              		.loc 1 150 13 is_stmt 0 view .LVU156
 456 008e 4694     		str	r4, [sp, #280]
 151:Middlewares/ST/STM32_WPAN/ble/core/auto/ble_gap_aci.c ****   rq.clen = index_input;
 457              		.loc 1 151 3 is_stmt 1 view .LVU157
 458              		.loc 1 151 11 is_stmt 0 view .LVU158
 459 0090 4795     		str	r5, [sp, #284]
 152:Middlewares/ST/STM32_WPAN/ble/core/auto/ble_gap_aci.c ****   rq.rparam = &status;
 460              		.loc 1 152 3 is_stmt 1 view .LVU159
 461              		.loc 1 152 13 is_stmt 0 view .LVU160
 462 0092 CDF82091 		str	r9, [sp, #288]
 153:Middlewares/ST/STM32_WPAN/ble/core/auto/ble_gap_aci.c ****   rq.rlen = 1;
 463              		.loc 1 153 3 is_stmt 1 view .LVU161
 464              		.loc 1 153 11 is_stmt 0 view .LVU162
 465 0096 0123     		movs	r3, #1
 466 0098 4993     		str	r3, [sp, #292]
 154:Middlewares/ST/STM32_WPAN/ble/core/auto/ble_gap_aci.c ****   if ( hci_send_req(&rq, FALSE) < 0 )
 467              		.loc 1 154 3 is_stmt 1 view .LVU163
 468              		.loc 1 154 8 is_stmt 0 view .LVU164
 469 009a 4146     		mov	r1, r8
 470 009c 44A8     		add	r0, sp, #272
 471 009e FFF7FEFF 		bl	hci_send_req
 472              	.LVL52:
 473              		.loc 1 154 6 view .LVU165
 474 00a2 4045     		cmp	r0, r8
 475 00a4 04DB     		blt	.L11
 155:Middlewares/ST/STM32_WPAN/ble/core/auto/ble_gap_aci.c ****     return BLE_STATUS_TIMEOUT;
ARM GAS  C:\Users\843E~1\AppData\Local\Temp\ccgofTZZ.s 			page 12


 156:Middlewares/ST/STM32_WPAN/ble/core/auto/ble_gap_aci.c ****   return status;
 476              		.loc 1 156 3 is_stmt 1 view .LVU166
 477              		.loc 1 156 10 is_stmt 0 view .LVU167
 478 00a6 9DF80F00 		ldrb	r0, [sp, #15]	@ zero_extendqisi2
 479              	.L10:
 157:Middlewares/ST/STM32_WPAN/ble/core/auto/ble_gap_aci.c **** }
 480              		.loc 1 157 1 view .LVU168
 481 00aa 4BB0     		add	sp, sp, #300
 482              	.LCFI10:
 483              		.cfi_remember_state
 484              		.cfi_def_cfa_offset 36
 485              		@ sp needed
 486 00ac BDE8F08F 		pop	{r4, r5, r6, r7, r8, r9, r10, fp, pc}
 487              	.LVL53:
 488              	.L11:
 489              	.LCFI11:
 490              		.cfi_restore_state
 155:Middlewares/ST/STM32_WPAN/ble/core/auto/ble_gap_aci.c ****     return BLE_STATUS_TIMEOUT;
 491              		.loc 1 155 12 view .LVU169
 492 00b0 FF20     		movs	r0, #255
 493 00b2 FAE7     		b	.L10
 494              		.cfi_endproc
 495              	.LFE2:
 497              		.section	.text.aci_gap_set_direct_connectable,"ax",%progbits
 498              		.align	1
 499              		.global	aci_gap_set_direct_connectable
 500              		.syntax unified
 501              		.thumb
 502              		.thumb_func
 504              	aci_gap_set_direct_connectable:
 505              	.LVL54:
 506              	.LFB3:
 158:Middlewares/ST/STM32_WPAN/ble/core/auto/ble_gap_aci.c **** 
 159:Middlewares/ST/STM32_WPAN/ble/core/auto/ble_gap_aci.c **** tBleStatus aci_gap_set_direct_connectable( uint8_t Own_Address_Type,
 160:Middlewares/ST/STM32_WPAN/ble/core/auto/ble_gap_aci.c ****                                            uint8_t Directed_Advertising_Type,
 161:Middlewares/ST/STM32_WPAN/ble/core/auto/ble_gap_aci.c ****                                            uint8_t Direct_Address_Type,
 162:Middlewares/ST/STM32_WPAN/ble/core/auto/ble_gap_aci.c ****                                            const uint8_t* Direct_Address,
 163:Middlewares/ST/STM32_WPAN/ble/core/auto/ble_gap_aci.c ****                                            uint16_t Advertising_Interval_Min,
 164:Middlewares/ST/STM32_WPAN/ble/core/auto/ble_gap_aci.c ****                                            uint16_t Advertising_Interval_Max )
 165:Middlewares/ST/STM32_WPAN/ble/core/auto/ble_gap_aci.c **** {
 507              		.loc 1 165 1 is_stmt 1 view -0
 508              		.cfi_startproc
 509              		@ args = 8, pretend = 0, frame = 288
 510              		@ frame_needed = 0, uses_anonymous_args = 0
 511              		.loc 1 165 1 is_stmt 0 view .LVU171
 512 0000 70B5     		push	{r4, r5, r6, lr}
 513              	.LCFI12:
 514              		.cfi_def_cfa_offset 16
 515              		.cfi_offset 4, -16
 516              		.cfi_offset 5, -12
 517              		.cfi_offset 6, -8
 518              		.cfi_offset 14, -4
 519 0002 C8B0     		sub	sp, sp, #288
 520              	.LCFI13:
 521              		.cfi_def_cfa_offset 304
 166:Middlewares/ST/STM32_WPAN/ble/core/auto/ble_gap_aci.c ****   struct hci_request rq;
 522              		.loc 1 166 3 is_stmt 1 view .LVU172
ARM GAS  C:\Users\843E~1\AppData\Local\Temp\ccgofTZZ.s 			page 13


 167:Middlewares/ST/STM32_WPAN/ble/core/auto/ble_gap_aci.c ****   uint8_t cmd_buffer[BLE_CMD_MAX_PARAM_LEN];
 523              		.loc 1 167 3 view .LVU173
 168:Middlewares/ST/STM32_WPAN/ble/core/auto/ble_gap_aci.c ****   aci_gap_set_direct_connectable_cp0 *cp0 = (aci_gap_set_direct_connectable_cp0*)(cmd_buffer);
 524              		.loc 1 168 3 view .LVU174
 525              	.LVL55:
 169:Middlewares/ST/STM32_WPAN/ble/core/auto/ble_gap_aci.c ****   tBleStatus status = 0;
 526              		.loc 1 169 3 view .LVU175
 527              		.loc 1 169 14 is_stmt 0 view .LVU176
 528 0004 0DF10706 		add	r6, sp, #7
 529 0008 0025     		movs	r5, #0
 530 000a 8DF80750 		strb	r5, [sp, #7]
 170:Middlewares/ST/STM32_WPAN/ble/core/auto/ble_gap_aci.c ****   int index_input = 0;
 531              		.loc 1 170 3 is_stmt 1 view .LVU177
 532              	.LVL56:
 171:Middlewares/ST/STM32_WPAN/ble/core/auto/ble_gap_aci.c ****   cp0->Own_Address_Type = Own_Address_Type;
 533              		.loc 1 171 3 view .LVU178
 534              		.loc 1 171 25 is_stmt 0 view .LVU179
 535 000e 02AC     		add	r4, sp, #8
 536              	.LVL57:
 537              		.loc 1 171 25 view .LVU180
 538 0010 8DF80800 		strb	r0, [sp, #8]
 172:Middlewares/ST/STM32_WPAN/ble/core/auto/ble_gap_aci.c ****   index_input += 1;
 539              		.loc 1 172 3 is_stmt 1 view .LVU181
 540              	.LVL58:
 173:Middlewares/ST/STM32_WPAN/ble/core/auto/ble_gap_aci.c ****   cp0->Directed_Advertising_Type = Directed_Advertising_Type;
 541              		.loc 1 173 3 view .LVU182
 542              		.loc 1 173 34 is_stmt 0 view .LVU183
 543 0014 8DF80910 		strb	r1, [sp, #9]
 174:Middlewares/ST/STM32_WPAN/ble/core/auto/ble_gap_aci.c ****   index_input += 1;
 544              		.loc 1 174 3 is_stmt 1 view .LVU184
 545              	.LVL59:
 175:Middlewares/ST/STM32_WPAN/ble/core/auto/ble_gap_aci.c ****   cp0->Direct_Address_Type = Direct_Address_Type;
 546              		.loc 1 175 3 view .LVU185
 547              		.loc 1 175 28 is_stmt 0 view .LVU186
 548 0018 8DF80A20 		strb	r2, [sp, #10]
 176:Middlewares/ST/STM32_WPAN/ble/core/auto/ble_gap_aci.c ****   index_input += 1;
 549              		.loc 1 176 3 is_stmt 1 view .LVU187
 550              	.LVL60:
 177:Middlewares/ST/STM32_WPAN/ble/core/auto/ble_gap_aci.c ****   Osal_MemCpy( (void*)&cp0->Direct_Address, (const void*)Direct_Address, 6 );
 551              		.loc 1 177 3 view .LVU188
 552 001c 0622     		movs	r2, #6
 553              	.LVL61:
 554              		.loc 1 177 3 is_stmt 0 view .LVU189
 555 001e 1946     		mov	r1, r3
 556              	.LVL62:
 557              		.loc 1 177 3 view .LVU190
 558 0020 0DF10B00 		add	r0, sp, #11
 559              	.LVL63:
 560              		.loc 1 177 3 view .LVU191
 561 0024 FFF7FEFF 		bl	Osal_MemCpy
 562              	.LVL64:
 178:Middlewares/ST/STM32_WPAN/ble/core/auto/ble_gap_aci.c ****   index_input += 6;
 563              		.loc 1 178 3 is_stmt 1 view .LVU192
 179:Middlewares/ST/STM32_WPAN/ble/core/auto/ble_gap_aci.c ****   cp0->Advertising_Interval_Min = Advertising_Interval_Min;
 564              		.loc 1 179 3 view .LVU193
 565              		.loc 1 179 33 is_stmt 0 view .LVU194
 566 0028 BDF83031 		ldrh	r3, [sp, #304]
ARM GAS  C:\Users\843E~1\AppData\Local\Temp\ccgofTZZ.s 			page 14


 567 002c ADF81130 		strh	r3, [sp, #17]	@ unaligned
 180:Middlewares/ST/STM32_WPAN/ble/core/auto/ble_gap_aci.c ****   index_input += 2;
 568              		.loc 1 180 3 is_stmt 1 view .LVU195
 569              	.LVL65:
 181:Middlewares/ST/STM32_WPAN/ble/core/auto/ble_gap_aci.c ****   cp0->Advertising_Interval_Max = Advertising_Interval_Max;
 570              		.loc 1 181 3 view .LVU196
 571              		.loc 1 181 33 is_stmt 0 view .LVU197
 572 0030 BDF83431 		ldrh	r3, [sp, #308]
 573 0034 ADF81330 		strh	r3, [sp, #19]	@ unaligned
 182:Middlewares/ST/STM32_WPAN/ble/core/auto/ble_gap_aci.c ****   index_input += 2;
 574              		.loc 1 182 3 is_stmt 1 view .LVU198
 575              	.LVL66:
 183:Middlewares/ST/STM32_WPAN/ble/core/auto/ble_gap_aci.c ****   Osal_MemSet( &rq, 0, sizeof(rq) );
 576              		.loc 1 183 3 view .LVU199
 577 0038 1822     		movs	r2, #24
 578 003a 2946     		mov	r1, r5
 579 003c 42A8     		add	r0, sp, #264
 580 003e FFF7FEFF 		bl	Osal_MemSet
 581              	.LVL67:
 184:Middlewares/ST/STM32_WPAN/ble/core/auto/ble_gap_aci.c ****   rq.ogf = 0x3f;
 582              		.loc 1 184 3 view .LVU200
 583              		.loc 1 184 10 is_stmt 0 view .LVU201
 584 0042 3F23     		movs	r3, #63
 585 0044 ADF80831 		strh	r3, [sp, #264]	@ movhi
 185:Middlewares/ST/STM32_WPAN/ble/core/auto/ble_gap_aci.c ****   rq.ocf = 0x084;
 586              		.loc 1 185 3 is_stmt 1 view .LVU202
 587              		.loc 1 185 10 is_stmt 0 view .LVU203
 588 0048 8423     		movs	r3, #132
 589 004a ADF80A31 		strh	r3, [sp, #266]	@ movhi
 186:Middlewares/ST/STM32_WPAN/ble/core/auto/ble_gap_aci.c ****   rq.cparam = cmd_buffer;
 590              		.loc 1 186 3 is_stmt 1 view .LVU204
 591              		.loc 1 186 13 is_stmt 0 view .LVU205
 592 004e 4494     		str	r4, [sp, #272]
 187:Middlewares/ST/STM32_WPAN/ble/core/auto/ble_gap_aci.c ****   rq.clen = index_input;
 593              		.loc 1 187 3 is_stmt 1 view .LVU206
 594              		.loc 1 187 11 is_stmt 0 view .LVU207
 595 0050 0D23     		movs	r3, #13
 596 0052 4593     		str	r3, [sp, #276]
 188:Middlewares/ST/STM32_WPAN/ble/core/auto/ble_gap_aci.c ****   rq.rparam = &status;
 597              		.loc 1 188 3 is_stmt 1 view .LVU208
 598              		.loc 1 188 13 is_stmt 0 view .LVU209
 599 0054 4696     		str	r6, [sp, #280]
 189:Middlewares/ST/STM32_WPAN/ble/core/auto/ble_gap_aci.c ****   rq.rlen = 1;
 600              		.loc 1 189 3 is_stmt 1 view .LVU210
 601              		.loc 1 189 11 is_stmt 0 view .LVU211
 602 0056 0123     		movs	r3, #1
 603 0058 4793     		str	r3, [sp, #284]
 190:Middlewares/ST/STM32_WPAN/ble/core/auto/ble_gap_aci.c ****   if ( hci_send_req(&rq, FALSE) < 0 )
 604              		.loc 1 190 3 is_stmt 1 view .LVU212
 605              		.loc 1 190 8 is_stmt 0 view .LVU213
 606 005a 2946     		mov	r1, r5
 607 005c 42A8     		add	r0, sp, #264
 608 005e FFF7FEFF 		bl	hci_send_req
 609              	.LVL68:
 610              		.loc 1 190 6 view .LVU214
 611 0062 A842     		cmp	r0, r5
 612 0064 03DB     		blt	.L15
ARM GAS  C:\Users\843E~1\AppData\Local\Temp\ccgofTZZ.s 			page 15


 191:Middlewares/ST/STM32_WPAN/ble/core/auto/ble_gap_aci.c ****     return BLE_STATUS_TIMEOUT;
 192:Middlewares/ST/STM32_WPAN/ble/core/auto/ble_gap_aci.c ****   return status;
 613              		.loc 1 192 3 is_stmt 1 view .LVU215
 614              		.loc 1 192 10 is_stmt 0 view .LVU216
 615 0066 9DF80700 		ldrb	r0, [sp, #7]	@ zero_extendqisi2
 616              	.L14:
 193:Middlewares/ST/STM32_WPAN/ble/core/auto/ble_gap_aci.c **** }
 617              		.loc 1 193 1 view .LVU217
 618 006a 48B0     		add	sp, sp, #288
 619              	.LCFI14:
 620              		.cfi_remember_state
 621              		.cfi_def_cfa_offset 16
 622              		@ sp needed
 623 006c 70BD     		pop	{r4, r5, r6, pc}
 624              	.LVL69:
 625              	.L15:
 626              	.LCFI15:
 627              		.cfi_restore_state
 191:Middlewares/ST/STM32_WPAN/ble/core/auto/ble_gap_aci.c ****     return BLE_STATUS_TIMEOUT;
 628              		.loc 1 191 12 view .LVU218
 629 006e FF20     		movs	r0, #255
 630 0070 FBE7     		b	.L14
 631              		.cfi_endproc
 632              	.LFE3:
 634              		.section	.text.aci_gap_set_io_capability,"ax",%progbits
 635              		.align	1
 636              		.global	aci_gap_set_io_capability
 637              		.syntax unified
 638              		.thumb
 639              		.thumb_func
 641              	aci_gap_set_io_capability:
 642              	.LVL70:
 643              	.LFB4:
 194:Middlewares/ST/STM32_WPAN/ble/core/auto/ble_gap_aci.c **** 
 195:Middlewares/ST/STM32_WPAN/ble/core/auto/ble_gap_aci.c **** tBleStatus aci_gap_set_io_capability( uint8_t IO_Capability )
 196:Middlewares/ST/STM32_WPAN/ble/core/auto/ble_gap_aci.c **** {
 644              		.loc 1 196 1 is_stmt 1 view -0
 645              		.cfi_startproc
 646              		@ args = 0, pretend = 0, frame = 288
 647              		@ frame_needed = 0, uses_anonymous_args = 0
 648              		.loc 1 196 1 is_stmt 0 view .LVU220
 649 0000 70B5     		push	{r4, r5, r6, lr}
 650              	.LCFI16:
 651              		.cfi_def_cfa_offset 16
 652              		.cfi_offset 4, -16
 653              		.cfi_offset 5, -12
 654              		.cfi_offset 6, -8
 655              		.cfi_offset 14, -4
 656 0002 C8B0     		sub	sp, sp, #288
 657              	.LCFI17:
 658              		.cfi_def_cfa_offset 304
 197:Middlewares/ST/STM32_WPAN/ble/core/auto/ble_gap_aci.c ****   struct hci_request rq;
 659              		.loc 1 197 3 is_stmt 1 view .LVU221
 198:Middlewares/ST/STM32_WPAN/ble/core/auto/ble_gap_aci.c ****   uint8_t cmd_buffer[BLE_CMD_MAX_PARAM_LEN];
 660              		.loc 1 198 3 view .LVU222
 199:Middlewares/ST/STM32_WPAN/ble/core/auto/ble_gap_aci.c ****   aci_gap_set_io_capability_cp0 *cp0 = (aci_gap_set_io_capability_cp0*)(cmd_buffer);
 661              		.loc 1 199 3 view .LVU223
ARM GAS  C:\Users\843E~1\AppData\Local\Temp\ccgofTZZ.s 			page 16


 662              	.LVL71:
 200:Middlewares/ST/STM32_WPAN/ble/core/auto/ble_gap_aci.c ****   tBleStatus status = 0;
 663              		.loc 1 200 3 view .LVU224
 664              		.loc 1 200 14 is_stmt 0 view .LVU225
 665 0004 0DF10705 		add	r5, sp, #7
 666 0008 0024     		movs	r4, #0
 667 000a 8DF80740 		strb	r4, [sp, #7]
 201:Middlewares/ST/STM32_WPAN/ble/core/auto/ble_gap_aci.c ****   int index_input = 0;
 668              		.loc 1 201 3 is_stmt 1 view .LVU226
 669              	.LVL72:
 202:Middlewares/ST/STM32_WPAN/ble/core/auto/ble_gap_aci.c ****   cp0->IO_Capability = IO_Capability;
 670              		.loc 1 202 3 view .LVU227
 671              		.loc 1 202 22 is_stmt 0 view .LVU228
 672 000e 02AE     		add	r6, sp, #8
 673              	.LVL73:
 674              		.loc 1 202 22 view .LVU229
 675 0010 8DF80800 		strb	r0, [sp, #8]
 203:Middlewares/ST/STM32_WPAN/ble/core/auto/ble_gap_aci.c ****   index_input += 1;
 676              		.loc 1 203 3 is_stmt 1 view .LVU230
 677              	.LVL74:
 204:Middlewares/ST/STM32_WPAN/ble/core/auto/ble_gap_aci.c ****   Osal_MemSet( &rq, 0, sizeof(rq) );
 678              		.loc 1 204 3 view .LVU231
 679 0014 1822     		movs	r2, #24
 680 0016 2146     		mov	r1, r4
 681 0018 42A8     		add	r0, sp, #264
 682              	.LVL75:
 683              		.loc 1 204 3 is_stmt 0 view .LVU232
 684 001a FFF7FEFF 		bl	Osal_MemSet
 685              	.LVL76:
 205:Middlewares/ST/STM32_WPAN/ble/core/auto/ble_gap_aci.c ****   rq.ogf = 0x3f;
 686              		.loc 1 205 3 is_stmt 1 view .LVU233
 687              		.loc 1 205 10 is_stmt 0 view .LVU234
 688 001e 3F23     		movs	r3, #63
 689 0020 ADF80831 		strh	r3, [sp, #264]	@ movhi
 206:Middlewares/ST/STM32_WPAN/ble/core/auto/ble_gap_aci.c ****   rq.ocf = 0x085;
 690              		.loc 1 206 3 is_stmt 1 view .LVU235
 691              		.loc 1 206 10 is_stmt 0 view .LVU236
 692 0024 8523     		movs	r3, #133
 693 0026 ADF80A31 		strh	r3, [sp, #266]	@ movhi
 207:Middlewares/ST/STM32_WPAN/ble/core/auto/ble_gap_aci.c ****   rq.cparam = cmd_buffer;
 694              		.loc 1 207 3 is_stmt 1 view .LVU237
 695              		.loc 1 207 13 is_stmt 0 view .LVU238
 696 002a 4496     		str	r6, [sp, #272]
 208:Middlewares/ST/STM32_WPAN/ble/core/auto/ble_gap_aci.c ****   rq.clen = index_input;
 697              		.loc 1 208 3 is_stmt 1 view .LVU239
 698              		.loc 1 208 11 is_stmt 0 view .LVU240
 699 002c 0123     		movs	r3, #1
 700 002e 4593     		str	r3, [sp, #276]
 209:Middlewares/ST/STM32_WPAN/ble/core/auto/ble_gap_aci.c ****   rq.rparam = &status;
 701              		.loc 1 209 3 is_stmt 1 view .LVU241
 702              		.loc 1 209 13 is_stmt 0 view .LVU242
 703 0030 4695     		str	r5, [sp, #280]
 210:Middlewares/ST/STM32_WPAN/ble/core/auto/ble_gap_aci.c ****   rq.rlen = 1;
 704              		.loc 1 210 3 is_stmt 1 view .LVU243
 705              		.loc 1 210 11 is_stmt 0 view .LVU244
 706 0032 4793     		str	r3, [sp, #284]
 211:Middlewares/ST/STM32_WPAN/ble/core/auto/ble_gap_aci.c ****   if ( hci_send_req(&rq, FALSE) < 0 )
ARM GAS  C:\Users\843E~1\AppData\Local\Temp\ccgofTZZ.s 			page 17


 707              		.loc 1 211 3 is_stmt 1 view .LVU245
 708              		.loc 1 211 8 is_stmt 0 view .LVU246
 709 0034 2146     		mov	r1, r4
 710 0036 42A8     		add	r0, sp, #264
 711 0038 FFF7FEFF 		bl	hci_send_req
 712              	.LVL77:
 713              		.loc 1 211 6 view .LVU247
 714 003c A042     		cmp	r0, r4
 715 003e 03DB     		blt	.L19
 212:Middlewares/ST/STM32_WPAN/ble/core/auto/ble_gap_aci.c ****     return BLE_STATUS_TIMEOUT;
 213:Middlewares/ST/STM32_WPAN/ble/core/auto/ble_gap_aci.c ****   return status;
 716              		.loc 1 213 3 is_stmt 1 view .LVU248
 717              		.loc 1 213 10 is_stmt 0 view .LVU249
 718 0040 9DF80700 		ldrb	r0, [sp, #7]	@ zero_extendqisi2
 719              	.L18:
 214:Middlewares/ST/STM32_WPAN/ble/core/auto/ble_gap_aci.c **** }
 720              		.loc 1 214 1 view .LVU250
 721 0044 48B0     		add	sp, sp, #288
 722              	.LCFI18:
 723              		.cfi_remember_state
 724              		.cfi_def_cfa_offset 16
 725              		@ sp needed
 726 0046 70BD     		pop	{r4, r5, r6, pc}
 727              	.LVL78:
 728              	.L19:
 729              	.LCFI19:
 730              		.cfi_restore_state
 212:Middlewares/ST/STM32_WPAN/ble/core/auto/ble_gap_aci.c ****     return BLE_STATUS_TIMEOUT;
 731              		.loc 1 212 12 view .LVU251
 732 0048 FF20     		movs	r0, #255
 733 004a FBE7     		b	.L18
 734              		.cfi_endproc
 735              	.LFE4:
 737              		.section	.text.aci_gap_set_authentication_requirement,"ax",%progbits
 738              		.align	1
 739              		.global	aci_gap_set_authentication_requirement
 740              		.syntax unified
 741              		.thumb
 742              		.thumb_func
 744              	aci_gap_set_authentication_requirement:
 745              	.LVL79:
 746              	.LFB5:
 215:Middlewares/ST/STM32_WPAN/ble/core/auto/ble_gap_aci.c **** 
 216:Middlewares/ST/STM32_WPAN/ble/core/auto/ble_gap_aci.c **** tBleStatus aci_gap_set_authentication_requirement( uint8_t Bonding_Mode,
 217:Middlewares/ST/STM32_WPAN/ble/core/auto/ble_gap_aci.c ****                                                    uint8_t MITM_Mode,
 218:Middlewares/ST/STM32_WPAN/ble/core/auto/ble_gap_aci.c ****                                                    uint8_t SC_Support,
 219:Middlewares/ST/STM32_WPAN/ble/core/auto/ble_gap_aci.c ****                                                    uint8_t KeyPress_Notification_Support,
 220:Middlewares/ST/STM32_WPAN/ble/core/auto/ble_gap_aci.c ****                                                    uint8_t Min_Encryption_Key_Size,
 221:Middlewares/ST/STM32_WPAN/ble/core/auto/ble_gap_aci.c ****                                                    uint8_t Max_Encryption_Key_Size,
 222:Middlewares/ST/STM32_WPAN/ble/core/auto/ble_gap_aci.c ****                                                    uint8_t Use_Fixed_Pin,
 223:Middlewares/ST/STM32_WPAN/ble/core/auto/ble_gap_aci.c ****                                                    uint32_t Fixed_Pin,
 224:Middlewares/ST/STM32_WPAN/ble/core/auto/ble_gap_aci.c ****                                                    uint8_t Identity_Address_Type )
 225:Middlewares/ST/STM32_WPAN/ble/core/auto/ble_gap_aci.c **** {
 747              		.loc 1 225 1 is_stmt 1 view -0
 748              		.cfi_startproc
 749              		@ args = 20, pretend = 0, frame = 288
 750              		@ frame_needed = 0, uses_anonymous_args = 0
ARM GAS  C:\Users\843E~1\AppData\Local\Temp\ccgofTZZ.s 			page 18


 751              		.loc 1 225 1 is_stmt 0 view .LVU253
 752 0000 70B5     		push	{r4, r5, r6, lr}
 753              	.LCFI20:
 754              		.cfi_def_cfa_offset 16
 755              		.cfi_offset 4, -16
 756              		.cfi_offset 5, -12
 757              		.cfi_offset 6, -8
 758              		.cfi_offset 14, -4
 759 0002 C8B0     		sub	sp, sp, #288
 760              	.LCFI21:
 761              		.cfi_def_cfa_offset 304
 226:Middlewares/ST/STM32_WPAN/ble/core/auto/ble_gap_aci.c ****   struct hci_request rq;
 762              		.loc 1 226 3 is_stmt 1 view .LVU254
 227:Middlewares/ST/STM32_WPAN/ble/core/auto/ble_gap_aci.c ****   uint8_t cmd_buffer[BLE_CMD_MAX_PARAM_LEN];
 763              		.loc 1 227 3 view .LVU255
 228:Middlewares/ST/STM32_WPAN/ble/core/auto/ble_gap_aci.c ****   aci_gap_set_authentication_requirement_cp0 *cp0 = (aci_gap_set_authentication_requirement_cp0*)(c
 764              		.loc 1 228 3 view .LVU256
 765              	.LVL80:
 229:Middlewares/ST/STM32_WPAN/ble/core/auto/ble_gap_aci.c ****   tBleStatus status = 0;
 766              		.loc 1 229 3 view .LVU257
 767              		.loc 1 229 14 is_stmt 0 view .LVU258
 768 0004 0DF10706 		add	r6, sp, #7
 769 0008 0025     		movs	r5, #0
 770 000a 8DF80750 		strb	r5, [sp, #7]
 230:Middlewares/ST/STM32_WPAN/ble/core/auto/ble_gap_aci.c ****   int index_input = 0;
 771              		.loc 1 230 3 is_stmt 1 view .LVU259
 772              	.LVL81:
 231:Middlewares/ST/STM32_WPAN/ble/core/auto/ble_gap_aci.c ****   cp0->Bonding_Mode = Bonding_Mode;
 773              		.loc 1 231 3 view .LVU260
 774              		.loc 1 231 21 is_stmt 0 view .LVU261
 775 000e 02AC     		add	r4, sp, #8
 776              	.LVL82:
 777              		.loc 1 231 21 view .LVU262
 778 0010 8DF80800 		strb	r0, [sp, #8]
 232:Middlewares/ST/STM32_WPAN/ble/core/auto/ble_gap_aci.c ****   index_input += 1;
 779              		.loc 1 232 3 is_stmt 1 view .LVU263
 780              	.LVL83:
 233:Middlewares/ST/STM32_WPAN/ble/core/auto/ble_gap_aci.c ****   cp0->MITM_Mode = MITM_Mode;
 781              		.loc 1 233 3 view .LVU264
 782              		.loc 1 233 18 is_stmt 0 view .LVU265
 783 0014 8DF80910 		strb	r1, [sp, #9]
 234:Middlewares/ST/STM32_WPAN/ble/core/auto/ble_gap_aci.c ****   index_input += 1;
 784              		.loc 1 234 3 is_stmt 1 view .LVU266
 785              	.LVL84:
 235:Middlewares/ST/STM32_WPAN/ble/core/auto/ble_gap_aci.c ****   cp0->SC_Support = SC_Support;
 786              		.loc 1 235 3 view .LVU267
 787              		.loc 1 235 19 is_stmt 0 view .LVU268
 788 0018 8DF80A20 		strb	r2, [sp, #10]
 236:Middlewares/ST/STM32_WPAN/ble/core/auto/ble_gap_aci.c ****   index_input += 1;
 789              		.loc 1 236 3 is_stmt 1 view .LVU269
 790              	.LVL85:
 237:Middlewares/ST/STM32_WPAN/ble/core/auto/ble_gap_aci.c ****   cp0->KeyPress_Notification_Support = KeyPress_Notification_Support;
 791              		.loc 1 237 3 view .LVU270
 792              		.loc 1 237 38 is_stmt 0 view .LVU271
 793 001c 8DF80B30 		strb	r3, [sp, #11]
 238:Middlewares/ST/STM32_WPAN/ble/core/auto/ble_gap_aci.c ****   index_input += 1;
 794              		.loc 1 238 3 is_stmt 1 view .LVU272
ARM GAS  C:\Users\843E~1\AppData\Local\Temp\ccgofTZZ.s 			page 19


 795              	.LVL86:
 239:Middlewares/ST/STM32_WPAN/ble/core/auto/ble_gap_aci.c ****   cp0->Min_Encryption_Key_Size = Min_Encryption_Key_Size;
 796              		.loc 1 239 3 view .LVU273
 797              		.loc 1 239 32 is_stmt 0 view .LVU274
 798 0020 9DF83031 		ldrb	r3, [sp, #304]	@ zero_extendqisi2
 799              	.LVL87:
 800              		.loc 1 239 32 view .LVU275
 801 0024 8DF80C30 		strb	r3, [sp, #12]
 240:Middlewares/ST/STM32_WPAN/ble/core/auto/ble_gap_aci.c ****   index_input += 1;
 802              		.loc 1 240 3 is_stmt 1 view .LVU276
 803              	.LVL88:
 241:Middlewares/ST/STM32_WPAN/ble/core/auto/ble_gap_aci.c ****   cp0->Max_Encryption_Key_Size = Max_Encryption_Key_Size;
 804              		.loc 1 241 3 view .LVU277
 805              		.loc 1 241 32 is_stmt 0 view .LVU278
 806 0028 9DF83431 		ldrb	r3, [sp, #308]	@ zero_extendqisi2
 807 002c 8DF80D30 		strb	r3, [sp, #13]
 242:Middlewares/ST/STM32_WPAN/ble/core/auto/ble_gap_aci.c ****   index_input += 1;
 808              		.loc 1 242 3 is_stmt 1 view .LVU279
 809              	.LVL89:
 243:Middlewares/ST/STM32_WPAN/ble/core/auto/ble_gap_aci.c ****   cp0->Use_Fixed_Pin = Use_Fixed_Pin;
 810              		.loc 1 243 3 view .LVU280
 811              		.loc 1 243 22 is_stmt 0 view .LVU281
 812 0030 9DF83831 		ldrb	r3, [sp, #312]	@ zero_extendqisi2
 813 0034 8DF80E30 		strb	r3, [sp, #14]
 244:Middlewares/ST/STM32_WPAN/ble/core/auto/ble_gap_aci.c ****   index_input += 1;
 814              		.loc 1 244 3 is_stmt 1 view .LVU282
 815              	.LVL90:
 245:Middlewares/ST/STM32_WPAN/ble/core/auto/ble_gap_aci.c ****   cp0->Fixed_Pin = Fixed_Pin;
 816              		.loc 1 245 3 view .LVU283
 817              		.loc 1 245 18 is_stmt 0 view .LVU284
 818 0038 4F9B     		ldr	r3, [sp, #316]
 819 003a CDF80F30 		str	r3, [sp, #15]	@ unaligned
 246:Middlewares/ST/STM32_WPAN/ble/core/auto/ble_gap_aci.c ****   index_input += 4;
 820              		.loc 1 246 3 is_stmt 1 view .LVU285
 821              	.LVL91:
 247:Middlewares/ST/STM32_WPAN/ble/core/auto/ble_gap_aci.c ****   cp0->Identity_Address_Type = Identity_Address_Type;
 822              		.loc 1 247 3 view .LVU286
 823              		.loc 1 247 30 is_stmt 0 view .LVU287
 824 003e 9DF84031 		ldrb	r3, [sp, #320]	@ zero_extendqisi2
 825 0042 8DF81330 		strb	r3, [sp, #19]
 248:Middlewares/ST/STM32_WPAN/ble/core/auto/ble_gap_aci.c ****   index_input += 1;
 826              		.loc 1 248 3 is_stmt 1 view .LVU288
 827              	.LVL92:
 249:Middlewares/ST/STM32_WPAN/ble/core/auto/ble_gap_aci.c ****   Osal_MemSet( &rq, 0, sizeof(rq) );
 828              		.loc 1 249 3 view .LVU289
 829 0046 1822     		movs	r2, #24
 830              	.LVL93:
 831              		.loc 1 249 3 is_stmt 0 view .LVU290
 832 0048 2946     		mov	r1, r5
 833              	.LVL94:
 834              		.loc 1 249 3 view .LVU291
 835 004a 42A8     		add	r0, sp, #264
 836              	.LVL95:
 837              		.loc 1 249 3 view .LVU292
 838 004c FFF7FEFF 		bl	Osal_MemSet
 839              	.LVL96:
 250:Middlewares/ST/STM32_WPAN/ble/core/auto/ble_gap_aci.c ****   rq.ogf = 0x3f;
ARM GAS  C:\Users\843E~1\AppData\Local\Temp\ccgofTZZ.s 			page 20


 840              		.loc 1 250 3 is_stmt 1 view .LVU293
 841              		.loc 1 250 10 is_stmt 0 view .LVU294
 842 0050 3F23     		movs	r3, #63
 843 0052 ADF80831 		strh	r3, [sp, #264]	@ movhi
 251:Middlewares/ST/STM32_WPAN/ble/core/auto/ble_gap_aci.c ****   rq.ocf = 0x086;
 844              		.loc 1 251 3 is_stmt 1 view .LVU295
 845              		.loc 1 251 10 is_stmt 0 view .LVU296
 846 0056 8623     		movs	r3, #134
 847 0058 ADF80A31 		strh	r3, [sp, #266]	@ movhi
 252:Middlewares/ST/STM32_WPAN/ble/core/auto/ble_gap_aci.c ****   rq.cparam = cmd_buffer;
 848              		.loc 1 252 3 is_stmt 1 view .LVU297
 849              		.loc 1 252 13 is_stmt 0 view .LVU298
 850 005c 4494     		str	r4, [sp, #272]
 253:Middlewares/ST/STM32_WPAN/ble/core/auto/ble_gap_aci.c ****   rq.clen = index_input;
 851              		.loc 1 253 3 is_stmt 1 view .LVU299
 852              		.loc 1 253 11 is_stmt 0 view .LVU300
 853 005e 0C23     		movs	r3, #12
 854 0060 4593     		str	r3, [sp, #276]
 254:Middlewares/ST/STM32_WPAN/ble/core/auto/ble_gap_aci.c ****   rq.rparam = &status;
 855              		.loc 1 254 3 is_stmt 1 view .LVU301
 856              		.loc 1 254 13 is_stmt 0 view .LVU302
 857 0062 4696     		str	r6, [sp, #280]
 255:Middlewares/ST/STM32_WPAN/ble/core/auto/ble_gap_aci.c ****   rq.rlen = 1;
 858              		.loc 1 255 3 is_stmt 1 view .LVU303
 859              		.loc 1 255 11 is_stmt 0 view .LVU304
 860 0064 0123     		movs	r3, #1
 861 0066 4793     		str	r3, [sp, #284]
 256:Middlewares/ST/STM32_WPAN/ble/core/auto/ble_gap_aci.c ****   if ( hci_send_req(&rq, FALSE) < 0 )
 862              		.loc 1 256 3 is_stmt 1 view .LVU305
 863              		.loc 1 256 8 is_stmt 0 view .LVU306
 864 0068 2946     		mov	r1, r5
 865 006a 42A8     		add	r0, sp, #264
 866 006c FFF7FEFF 		bl	hci_send_req
 867              	.LVL97:
 868              		.loc 1 256 6 view .LVU307
 869 0070 A842     		cmp	r0, r5
 870 0072 03DB     		blt	.L23
 257:Middlewares/ST/STM32_WPAN/ble/core/auto/ble_gap_aci.c ****     return BLE_STATUS_TIMEOUT;
 258:Middlewares/ST/STM32_WPAN/ble/core/auto/ble_gap_aci.c ****   return status;
 871              		.loc 1 258 3 is_stmt 1 view .LVU308
 872              		.loc 1 258 10 is_stmt 0 view .LVU309
 873 0074 9DF80700 		ldrb	r0, [sp, #7]	@ zero_extendqisi2
 874              	.L22:
 259:Middlewares/ST/STM32_WPAN/ble/core/auto/ble_gap_aci.c **** }
 875              		.loc 1 259 1 view .LVU310
 876 0078 48B0     		add	sp, sp, #288
 877              	.LCFI22:
 878              		.cfi_remember_state
 879              		.cfi_def_cfa_offset 16
 880              		@ sp needed
 881 007a 70BD     		pop	{r4, r5, r6, pc}
 882              	.LVL98:
 883              	.L23:
 884              	.LCFI23:
 885              		.cfi_restore_state
 257:Middlewares/ST/STM32_WPAN/ble/core/auto/ble_gap_aci.c ****     return BLE_STATUS_TIMEOUT;
 886              		.loc 1 257 12 view .LVU311
ARM GAS  C:\Users\843E~1\AppData\Local\Temp\ccgofTZZ.s 			page 21


 887 007c FF20     		movs	r0, #255
 888 007e FBE7     		b	.L22
 889              		.cfi_endproc
 890              	.LFE5:
 892              		.section	.text.aci_gap_set_authorization_requirement,"ax",%progbits
 893              		.align	1
 894              		.global	aci_gap_set_authorization_requirement
 895              		.syntax unified
 896              		.thumb
 897              		.thumb_func
 899              	aci_gap_set_authorization_requirement:
 900              	.LVL99:
 901              	.LFB6:
 260:Middlewares/ST/STM32_WPAN/ble/core/auto/ble_gap_aci.c **** 
 261:Middlewares/ST/STM32_WPAN/ble/core/auto/ble_gap_aci.c **** tBleStatus aci_gap_set_authorization_requirement( uint16_t Connection_Handle,
 262:Middlewares/ST/STM32_WPAN/ble/core/auto/ble_gap_aci.c ****                                                   uint8_t Authorization_Enable )
 263:Middlewares/ST/STM32_WPAN/ble/core/auto/ble_gap_aci.c **** {
 902              		.loc 1 263 1 is_stmt 1 view -0
 903              		.cfi_startproc
 904              		@ args = 0, pretend = 0, frame = 288
 905              		@ frame_needed = 0, uses_anonymous_args = 0
 906              		.loc 1 263 1 is_stmt 0 view .LVU313
 907 0000 70B5     		push	{r4, r5, r6, lr}
 908              	.LCFI24:
 909              		.cfi_def_cfa_offset 16
 910              		.cfi_offset 4, -16
 911              		.cfi_offset 5, -12
 912              		.cfi_offset 6, -8
 913              		.cfi_offset 14, -4
 914 0002 C8B0     		sub	sp, sp, #288
 915              	.LCFI25:
 916              		.cfi_def_cfa_offset 304
 264:Middlewares/ST/STM32_WPAN/ble/core/auto/ble_gap_aci.c ****   struct hci_request rq;
 917              		.loc 1 264 3 is_stmt 1 view .LVU314
 265:Middlewares/ST/STM32_WPAN/ble/core/auto/ble_gap_aci.c ****   uint8_t cmd_buffer[BLE_CMD_MAX_PARAM_LEN];
 918              		.loc 1 265 3 view .LVU315
 266:Middlewares/ST/STM32_WPAN/ble/core/auto/ble_gap_aci.c ****   aci_gap_set_authorization_requirement_cp0 *cp0 = (aci_gap_set_authorization_requirement_cp0*)(cmd
 919              		.loc 1 266 3 view .LVU316
 920              	.LVL100:
 267:Middlewares/ST/STM32_WPAN/ble/core/auto/ble_gap_aci.c ****   tBleStatus status = 0;
 921              		.loc 1 267 3 view .LVU317
 922              		.loc 1 267 14 is_stmt 0 view .LVU318
 923 0004 0DF10706 		add	r6, sp, #7
 924 0008 0024     		movs	r4, #0
 925 000a 8DF80740 		strb	r4, [sp, #7]
 268:Middlewares/ST/STM32_WPAN/ble/core/auto/ble_gap_aci.c ****   int index_input = 0;
 926              		.loc 1 268 3 is_stmt 1 view .LVU319
 927              	.LVL101:
 269:Middlewares/ST/STM32_WPAN/ble/core/auto/ble_gap_aci.c ****   cp0->Connection_Handle = Connection_Handle;
 928              		.loc 1 269 3 view .LVU320
 929              		.loc 1 269 26 is_stmt 0 view .LVU321
 930 000e 02AD     		add	r5, sp, #8
 931              	.LVL102:
 932              		.loc 1 269 26 view .LVU322
 933 0010 ADF80800 		strh	r0, [sp, #8]	@ movhi
 270:Middlewares/ST/STM32_WPAN/ble/core/auto/ble_gap_aci.c ****   index_input += 2;
 934              		.loc 1 270 3 is_stmt 1 view .LVU323
ARM GAS  C:\Users\843E~1\AppData\Local\Temp\ccgofTZZ.s 			page 22


 935              	.LVL103:
 271:Middlewares/ST/STM32_WPAN/ble/core/auto/ble_gap_aci.c ****   cp0->Authorization_Enable = Authorization_Enable;
 936              		.loc 1 271 3 view .LVU324
 937              		.loc 1 271 29 is_stmt 0 view .LVU325
 938 0014 8DF80A10 		strb	r1, [sp, #10]
 272:Middlewares/ST/STM32_WPAN/ble/core/auto/ble_gap_aci.c ****   index_input += 1;
 939              		.loc 1 272 3 is_stmt 1 view .LVU326
 940              	.LVL104:
 273:Middlewares/ST/STM32_WPAN/ble/core/auto/ble_gap_aci.c ****   Osal_MemSet( &rq, 0, sizeof(rq) );
 941              		.loc 1 273 3 view .LVU327
 942 0018 1822     		movs	r2, #24
 943 001a 2146     		mov	r1, r4
 944              	.LVL105:
 945              		.loc 1 273 3 is_stmt 0 view .LVU328
 946 001c 42A8     		add	r0, sp, #264
 947              	.LVL106:
 948              		.loc 1 273 3 view .LVU329
 949 001e FFF7FEFF 		bl	Osal_MemSet
 950              	.LVL107:
 274:Middlewares/ST/STM32_WPAN/ble/core/auto/ble_gap_aci.c ****   rq.ogf = 0x3f;
 951              		.loc 1 274 3 is_stmt 1 view .LVU330
 952              		.loc 1 274 10 is_stmt 0 view .LVU331
 953 0022 3F23     		movs	r3, #63
 954 0024 ADF80831 		strh	r3, [sp, #264]	@ movhi
 275:Middlewares/ST/STM32_WPAN/ble/core/auto/ble_gap_aci.c ****   rq.ocf = 0x087;
 955              		.loc 1 275 3 is_stmt 1 view .LVU332
 956              		.loc 1 275 10 is_stmt 0 view .LVU333
 957 0028 8723     		movs	r3, #135
 958 002a ADF80A31 		strh	r3, [sp, #266]	@ movhi
 276:Middlewares/ST/STM32_WPAN/ble/core/auto/ble_gap_aci.c ****   rq.cparam = cmd_buffer;
 959              		.loc 1 276 3 is_stmt 1 view .LVU334
 960              		.loc 1 276 13 is_stmt 0 view .LVU335
 961 002e 4495     		str	r5, [sp, #272]
 277:Middlewares/ST/STM32_WPAN/ble/core/auto/ble_gap_aci.c ****   rq.clen = index_input;
 962              		.loc 1 277 3 is_stmt 1 view .LVU336
 963              		.loc 1 277 11 is_stmt 0 view .LVU337
 964 0030 0323     		movs	r3, #3
 965 0032 4593     		str	r3, [sp, #276]
 278:Middlewares/ST/STM32_WPAN/ble/core/auto/ble_gap_aci.c ****   rq.rparam = &status;
 966              		.loc 1 278 3 is_stmt 1 view .LVU338
 967              		.loc 1 278 13 is_stmt 0 view .LVU339
 968 0034 4696     		str	r6, [sp, #280]
 279:Middlewares/ST/STM32_WPAN/ble/core/auto/ble_gap_aci.c ****   rq.rlen = 1;
 969              		.loc 1 279 3 is_stmt 1 view .LVU340
 970              		.loc 1 279 11 is_stmt 0 view .LVU341
 971 0036 0123     		movs	r3, #1
 972 0038 4793     		str	r3, [sp, #284]
 280:Middlewares/ST/STM32_WPAN/ble/core/auto/ble_gap_aci.c ****   if ( hci_send_req(&rq, FALSE) < 0 )
 973              		.loc 1 280 3 is_stmt 1 view .LVU342
 974              		.loc 1 280 8 is_stmt 0 view .LVU343
 975 003a 2146     		mov	r1, r4
 976 003c 42A8     		add	r0, sp, #264
 977 003e FFF7FEFF 		bl	hci_send_req
 978              	.LVL108:
 979              		.loc 1 280 6 view .LVU344
 980 0042 A042     		cmp	r0, r4
 981 0044 03DB     		blt	.L27
ARM GAS  C:\Users\843E~1\AppData\Local\Temp\ccgofTZZ.s 			page 23


 281:Middlewares/ST/STM32_WPAN/ble/core/auto/ble_gap_aci.c ****     return BLE_STATUS_TIMEOUT;
 282:Middlewares/ST/STM32_WPAN/ble/core/auto/ble_gap_aci.c ****   return status;
 982              		.loc 1 282 3 is_stmt 1 view .LVU345
 983              		.loc 1 282 10 is_stmt 0 view .LVU346
 984 0046 9DF80700 		ldrb	r0, [sp, #7]	@ zero_extendqisi2
 985              	.L26:
 283:Middlewares/ST/STM32_WPAN/ble/core/auto/ble_gap_aci.c **** }
 986              		.loc 1 283 1 view .LVU347
 987 004a 48B0     		add	sp, sp, #288
 988              	.LCFI26:
 989              		.cfi_remember_state
 990              		.cfi_def_cfa_offset 16
 991              		@ sp needed
 992 004c 70BD     		pop	{r4, r5, r6, pc}
 993              	.LVL109:
 994              	.L27:
 995              	.LCFI27:
 996              		.cfi_restore_state
 281:Middlewares/ST/STM32_WPAN/ble/core/auto/ble_gap_aci.c ****     return BLE_STATUS_TIMEOUT;
 997              		.loc 1 281 12 view .LVU348
 998 004e FF20     		movs	r0, #255
 999 0050 FBE7     		b	.L26
 1000              		.cfi_endproc
 1001              	.LFE6:
 1003              		.section	.text.aci_gap_pass_key_resp,"ax",%progbits
 1004              		.align	1
 1005              		.global	aci_gap_pass_key_resp
 1006              		.syntax unified
 1007              		.thumb
 1008              		.thumb_func
 1010              	aci_gap_pass_key_resp:
 1011              	.LVL110:
 1012              	.LFB7:
 284:Middlewares/ST/STM32_WPAN/ble/core/auto/ble_gap_aci.c **** 
 285:Middlewares/ST/STM32_WPAN/ble/core/auto/ble_gap_aci.c **** tBleStatus aci_gap_pass_key_resp( uint16_t Connection_Handle,
 286:Middlewares/ST/STM32_WPAN/ble/core/auto/ble_gap_aci.c ****                                   uint32_t Pass_Key )
 287:Middlewares/ST/STM32_WPAN/ble/core/auto/ble_gap_aci.c **** {
 1013              		.loc 1 287 1 is_stmt 1 view -0
 1014              		.cfi_startproc
 1015              		@ args = 0, pretend = 0, frame = 288
 1016              		@ frame_needed = 0, uses_anonymous_args = 0
 1017              		.loc 1 287 1 is_stmt 0 view .LVU350
 1018 0000 70B5     		push	{r4, r5, r6, lr}
 1019              	.LCFI28:
 1020              		.cfi_def_cfa_offset 16
 1021              		.cfi_offset 4, -16
 1022              		.cfi_offset 5, -12
 1023              		.cfi_offset 6, -8
 1024              		.cfi_offset 14, -4
 1025 0002 C8B0     		sub	sp, sp, #288
 1026              	.LCFI29:
 1027              		.cfi_def_cfa_offset 304
 288:Middlewares/ST/STM32_WPAN/ble/core/auto/ble_gap_aci.c ****   struct hci_request rq;
 1028              		.loc 1 288 3 is_stmt 1 view .LVU351
 289:Middlewares/ST/STM32_WPAN/ble/core/auto/ble_gap_aci.c ****   uint8_t cmd_buffer[BLE_CMD_MAX_PARAM_LEN];
 1029              		.loc 1 289 3 view .LVU352
 290:Middlewares/ST/STM32_WPAN/ble/core/auto/ble_gap_aci.c ****   aci_gap_pass_key_resp_cp0 *cp0 = (aci_gap_pass_key_resp_cp0*)(cmd_buffer);
ARM GAS  C:\Users\843E~1\AppData\Local\Temp\ccgofTZZ.s 			page 24


 1030              		.loc 1 290 3 view .LVU353
 1031              	.LVL111:
 291:Middlewares/ST/STM32_WPAN/ble/core/auto/ble_gap_aci.c ****   tBleStatus status = 0;
 1032              		.loc 1 291 3 view .LVU354
 1033              		.loc 1 291 14 is_stmt 0 view .LVU355
 1034 0004 0DF10706 		add	r6, sp, #7
 1035 0008 0024     		movs	r4, #0
 1036 000a 8DF80740 		strb	r4, [sp, #7]
 292:Middlewares/ST/STM32_WPAN/ble/core/auto/ble_gap_aci.c ****   int index_input = 0;
 1037              		.loc 1 292 3 is_stmt 1 view .LVU356
 1038              	.LVL112:
 293:Middlewares/ST/STM32_WPAN/ble/core/auto/ble_gap_aci.c ****   cp0->Connection_Handle = Connection_Handle;
 1039              		.loc 1 293 3 view .LVU357
 1040              		.loc 1 293 26 is_stmt 0 view .LVU358
 1041 000e 02AD     		add	r5, sp, #8
 1042              	.LVL113:
 1043              		.loc 1 293 26 view .LVU359
 1044 0010 ADF80800 		strh	r0, [sp, #8]	@ movhi
 294:Middlewares/ST/STM32_WPAN/ble/core/auto/ble_gap_aci.c ****   index_input += 2;
 1045              		.loc 1 294 3 is_stmt 1 view .LVU360
 1046              	.LVL114:
 295:Middlewares/ST/STM32_WPAN/ble/core/auto/ble_gap_aci.c ****   cp0->Pass_Key = Pass_Key;
 1047              		.loc 1 295 3 view .LVU361
 1048              		.loc 1 295 17 is_stmt 0 view .LVU362
 1049 0014 CDF80A10 		str	r1, [sp, #10]	@ unaligned
 296:Middlewares/ST/STM32_WPAN/ble/core/auto/ble_gap_aci.c ****   index_input += 4;
 1050              		.loc 1 296 3 is_stmt 1 view .LVU363
 1051              	.LVL115:
 297:Middlewares/ST/STM32_WPAN/ble/core/auto/ble_gap_aci.c ****   Osal_MemSet( &rq, 0, sizeof(rq) );
 1052              		.loc 1 297 3 view .LVU364
 1053 0018 1822     		movs	r2, #24
 1054 001a 2146     		mov	r1, r4
 1055              	.LVL116:
 1056              		.loc 1 297 3 is_stmt 0 view .LVU365
 1057 001c 42A8     		add	r0, sp, #264
 1058              	.LVL117:
 1059              		.loc 1 297 3 view .LVU366
 1060 001e FFF7FEFF 		bl	Osal_MemSet
 1061              	.LVL118:
 298:Middlewares/ST/STM32_WPAN/ble/core/auto/ble_gap_aci.c ****   rq.ogf = 0x3f;
 1062              		.loc 1 298 3 is_stmt 1 view .LVU367
 1063              		.loc 1 298 10 is_stmt 0 view .LVU368
 1064 0022 3F23     		movs	r3, #63
 1065 0024 ADF80831 		strh	r3, [sp, #264]	@ movhi
 299:Middlewares/ST/STM32_WPAN/ble/core/auto/ble_gap_aci.c ****   rq.ocf = 0x088;
 1066              		.loc 1 299 3 is_stmt 1 view .LVU369
 1067              		.loc 1 299 10 is_stmt 0 view .LVU370
 1068 0028 8823     		movs	r3, #136
 1069 002a ADF80A31 		strh	r3, [sp, #266]	@ movhi
 300:Middlewares/ST/STM32_WPAN/ble/core/auto/ble_gap_aci.c ****   rq.cparam = cmd_buffer;
 1070              		.loc 1 300 3 is_stmt 1 view .LVU371
 1071              		.loc 1 300 13 is_stmt 0 view .LVU372
 1072 002e 4495     		str	r5, [sp, #272]
 301:Middlewares/ST/STM32_WPAN/ble/core/auto/ble_gap_aci.c ****   rq.clen = index_input;
 1073              		.loc 1 301 3 is_stmt 1 view .LVU373
 1074              		.loc 1 301 11 is_stmt 0 view .LVU374
 1075 0030 0623     		movs	r3, #6
ARM GAS  C:\Users\843E~1\AppData\Local\Temp\ccgofTZZ.s 			page 25


 1076 0032 4593     		str	r3, [sp, #276]
 302:Middlewares/ST/STM32_WPAN/ble/core/auto/ble_gap_aci.c ****   rq.rparam = &status;
 1077              		.loc 1 302 3 is_stmt 1 view .LVU375
 1078              		.loc 1 302 13 is_stmt 0 view .LVU376
 1079 0034 4696     		str	r6, [sp, #280]
 303:Middlewares/ST/STM32_WPAN/ble/core/auto/ble_gap_aci.c ****   rq.rlen = 1;
 1080              		.loc 1 303 3 is_stmt 1 view .LVU377
 1081              		.loc 1 303 11 is_stmt 0 view .LVU378
 1082 0036 0123     		movs	r3, #1
 1083 0038 4793     		str	r3, [sp, #284]
 304:Middlewares/ST/STM32_WPAN/ble/core/auto/ble_gap_aci.c ****   if ( hci_send_req(&rq, FALSE) < 0 )
 1084              		.loc 1 304 3 is_stmt 1 view .LVU379
 1085              		.loc 1 304 8 is_stmt 0 view .LVU380
 1086 003a 2146     		mov	r1, r4
 1087 003c 42A8     		add	r0, sp, #264
 1088 003e FFF7FEFF 		bl	hci_send_req
 1089              	.LVL119:
 1090              		.loc 1 304 6 view .LVU381
 1091 0042 A042     		cmp	r0, r4
 1092 0044 03DB     		blt	.L31
 305:Middlewares/ST/STM32_WPAN/ble/core/auto/ble_gap_aci.c ****     return BLE_STATUS_TIMEOUT;
 306:Middlewares/ST/STM32_WPAN/ble/core/auto/ble_gap_aci.c ****   return status;
 1093              		.loc 1 306 3 is_stmt 1 view .LVU382
 1094              		.loc 1 306 10 is_stmt 0 view .LVU383
 1095 0046 9DF80700 		ldrb	r0, [sp, #7]	@ zero_extendqisi2
 1096              	.L30:
 307:Middlewares/ST/STM32_WPAN/ble/core/auto/ble_gap_aci.c **** }
 1097              		.loc 1 307 1 view .LVU384
 1098 004a 48B0     		add	sp, sp, #288
 1099              	.LCFI30:
 1100              		.cfi_remember_state
 1101              		.cfi_def_cfa_offset 16
 1102              		@ sp needed
 1103 004c 70BD     		pop	{r4, r5, r6, pc}
 1104              	.LVL120:
 1105              	.L31:
 1106              	.LCFI31:
 1107              		.cfi_restore_state
 305:Middlewares/ST/STM32_WPAN/ble/core/auto/ble_gap_aci.c ****     return BLE_STATUS_TIMEOUT;
 1108              		.loc 1 305 12 view .LVU385
 1109 004e FF20     		movs	r0, #255
 1110 0050 FBE7     		b	.L30
 1111              		.cfi_endproc
 1112              	.LFE7:
 1114              		.section	.text.aci_gap_authorization_resp,"ax",%progbits
 1115              		.align	1
 1116              		.global	aci_gap_authorization_resp
 1117              		.syntax unified
 1118              		.thumb
 1119              		.thumb_func
 1121              	aci_gap_authorization_resp:
 1122              	.LVL121:
 1123              	.LFB8:
 308:Middlewares/ST/STM32_WPAN/ble/core/auto/ble_gap_aci.c **** 
 309:Middlewares/ST/STM32_WPAN/ble/core/auto/ble_gap_aci.c **** tBleStatus aci_gap_authorization_resp( uint16_t Connection_Handle,
 310:Middlewares/ST/STM32_WPAN/ble/core/auto/ble_gap_aci.c ****                                        uint8_t Authorize )
 311:Middlewares/ST/STM32_WPAN/ble/core/auto/ble_gap_aci.c **** {
ARM GAS  C:\Users\843E~1\AppData\Local\Temp\ccgofTZZ.s 			page 26


 1124              		.loc 1 311 1 is_stmt 1 view -0
 1125              		.cfi_startproc
 1126              		@ args = 0, pretend = 0, frame = 288
 1127              		@ frame_needed = 0, uses_anonymous_args = 0
 1128              		.loc 1 311 1 is_stmt 0 view .LVU387
 1129 0000 70B5     		push	{r4, r5, r6, lr}
 1130              	.LCFI32:
 1131              		.cfi_def_cfa_offset 16
 1132              		.cfi_offset 4, -16
 1133              		.cfi_offset 5, -12
 1134              		.cfi_offset 6, -8
 1135              		.cfi_offset 14, -4
 1136 0002 C8B0     		sub	sp, sp, #288
 1137              	.LCFI33:
 1138              		.cfi_def_cfa_offset 304
 312:Middlewares/ST/STM32_WPAN/ble/core/auto/ble_gap_aci.c ****   struct hci_request rq;
 1139              		.loc 1 312 3 is_stmt 1 view .LVU388
 313:Middlewares/ST/STM32_WPAN/ble/core/auto/ble_gap_aci.c ****   uint8_t cmd_buffer[BLE_CMD_MAX_PARAM_LEN];
 1140              		.loc 1 313 3 view .LVU389
 314:Middlewares/ST/STM32_WPAN/ble/core/auto/ble_gap_aci.c ****   aci_gap_authorization_resp_cp0 *cp0 = (aci_gap_authorization_resp_cp0*)(cmd_buffer);
 1141              		.loc 1 314 3 view .LVU390
 1142              	.LVL122:
 315:Middlewares/ST/STM32_WPAN/ble/core/auto/ble_gap_aci.c ****   tBleStatus status = 0;
 1143              		.loc 1 315 3 view .LVU391
 1144              		.loc 1 315 14 is_stmt 0 view .LVU392
 1145 0004 0DF10706 		add	r6, sp, #7
 1146 0008 0024     		movs	r4, #0
 1147 000a 8DF80740 		strb	r4, [sp, #7]
 316:Middlewares/ST/STM32_WPAN/ble/core/auto/ble_gap_aci.c ****   int index_input = 0;
 1148              		.loc 1 316 3 is_stmt 1 view .LVU393
 1149              	.LVL123:
 317:Middlewares/ST/STM32_WPAN/ble/core/auto/ble_gap_aci.c ****   cp0->Connection_Handle = Connection_Handle;
 1150              		.loc 1 317 3 view .LVU394
 1151              		.loc 1 317 26 is_stmt 0 view .LVU395
 1152 000e 02AD     		add	r5, sp, #8
 1153              	.LVL124:
 1154              		.loc 1 317 26 view .LVU396
 1155 0010 ADF80800 		strh	r0, [sp, #8]	@ movhi
 318:Middlewares/ST/STM32_WPAN/ble/core/auto/ble_gap_aci.c ****   index_input += 2;
 1156              		.loc 1 318 3 is_stmt 1 view .LVU397
 1157              	.LVL125:
 319:Middlewares/ST/STM32_WPAN/ble/core/auto/ble_gap_aci.c ****   cp0->Authorize = Authorize;
 1158              		.loc 1 319 3 view .LVU398
 1159              		.loc 1 319 18 is_stmt 0 view .LVU399
 1160 0014 8DF80A10 		strb	r1, [sp, #10]
 320:Middlewares/ST/STM32_WPAN/ble/core/auto/ble_gap_aci.c ****   index_input += 1;
 1161              		.loc 1 320 3 is_stmt 1 view .LVU400
 1162              	.LVL126:
 321:Middlewares/ST/STM32_WPAN/ble/core/auto/ble_gap_aci.c ****   Osal_MemSet( &rq, 0, sizeof(rq) );
 1163              		.loc 1 321 3 view .LVU401
 1164 0018 1822     		movs	r2, #24
 1165 001a 2146     		mov	r1, r4
 1166              	.LVL127:
 1167              		.loc 1 321 3 is_stmt 0 view .LVU402
 1168 001c 42A8     		add	r0, sp, #264
 1169              	.LVL128:
 1170              		.loc 1 321 3 view .LVU403
ARM GAS  C:\Users\843E~1\AppData\Local\Temp\ccgofTZZ.s 			page 27


 1171 001e FFF7FEFF 		bl	Osal_MemSet
 1172              	.LVL129:
 322:Middlewares/ST/STM32_WPAN/ble/core/auto/ble_gap_aci.c ****   rq.ogf = 0x3f;
 1173              		.loc 1 322 3 is_stmt 1 view .LVU404
 1174              		.loc 1 322 10 is_stmt 0 view .LVU405
 1175 0022 3F23     		movs	r3, #63
 1176 0024 ADF80831 		strh	r3, [sp, #264]	@ movhi
 323:Middlewares/ST/STM32_WPAN/ble/core/auto/ble_gap_aci.c ****   rq.ocf = 0x089;
 1177              		.loc 1 323 3 is_stmt 1 view .LVU406
 1178              		.loc 1 323 10 is_stmt 0 view .LVU407
 1179 0028 8923     		movs	r3, #137
 1180 002a ADF80A31 		strh	r3, [sp, #266]	@ movhi
 324:Middlewares/ST/STM32_WPAN/ble/core/auto/ble_gap_aci.c ****   rq.cparam = cmd_buffer;
 1181              		.loc 1 324 3 is_stmt 1 view .LVU408
 1182              		.loc 1 324 13 is_stmt 0 view .LVU409
 1183 002e 4495     		str	r5, [sp, #272]
 325:Middlewares/ST/STM32_WPAN/ble/core/auto/ble_gap_aci.c ****   rq.clen = index_input;
 1184              		.loc 1 325 3 is_stmt 1 view .LVU410
 1185              		.loc 1 325 11 is_stmt 0 view .LVU411
 1186 0030 0323     		movs	r3, #3
 1187 0032 4593     		str	r3, [sp, #276]
 326:Middlewares/ST/STM32_WPAN/ble/core/auto/ble_gap_aci.c ****   rq.rparam = &status;
 1188              		.loc 1 326 3 is_stmt 1 view .LVU412
 1189              		.loc 1 326 13 is_stmt 0 view .LVU413
 1190 0034 4696     		str	r6, [sp, #280]
 327:Middlewares/ST/STM32_WPAN/ble/core/auto/ble_gap_aci.c ****   rq.rlen = 1;
 1191              		.loc 1 327 3 is_stmt 1 view .LVU414
 1192              		.loc 1 327 11 is_stmt 0 view .LVU415
 1193 0036 0123     		movs	r3, #1
 1194 0038 4793     		str	r3, [sp, #284]
 328:Middlewares/ST/STM32_WPAN/ble/core/auto/ble_gap_aci.c ****   if ( hci_send_req(&rq, FALSE) < 0 )
 1195              		.loc 1 328 3 is_stmt 1 view .LVU416
 1196              		.loc 1 328 8 is_stmt 0 view .LVU417
 1197 003a 2146     		mov	r1, r4
 1198 003c 42A8     		add	r0, sp, #264
 1199 003e FFF7FEFF 		bl	hci_send_req
 1200              	.LVL130:
 1201              		.loc 1 328 6 view .LVU418
 1202 0042 A042     		cmp	r0, r4
 1203 0044 03DB     		blt	.L35
 329:Middlewares/ST/STM32_WPAN/ble/core/auto/ble_gap_aci.c ****     return BLE_STATUS_TIMEOUT;
 330:Middlewares/ST/STM32_WPAN/ble/core/auto/ble_gap_aci.c ****   return status;
 1204              		.loc 1 330 3 is_stmt 1 view .LVU419
 1205              		.loc 1 330 10 is_stmt 0 view .LVU420
 1206 0046 9DF80700 		ldrb	r0, [sp, #7]	@ zero_extendqisi2
 1207              	.L34:
 331:Middlewares/ST/STM32_WPAN/ble/core/auto/ble_gap_aci.c **** }
 1208              		.loc 1 331 1 view .LVU421
 1209 004a 48B0     		add	sp, sp, #288
 1210              	.LCFI34:
 1211              		.cfi_remember_state
 1212              		.cfi_def_cfa_offset 16
 1213              		@ sp needed
 1214 004c 70BD     		pop	{r4, r5, r6, pc}
 1215              	.LVL131:
 1216              	.L35:
 1217              	.LCFI35:
ARM GAS  C:\Users\843E~1\AppData\Local\Temp\ccgofTZZ.s 			page 28


 1218              		.cfi_restore_state
 329:Middlewares/ST/STM32_WPAN/ble/core/auto/ble_gap_aci.c ****     return BLE_STATUS_TIMEOUT;
 1219              		.loc 1 329 12 view .LVU422
 1220 004e FF20     		movs	r0, #255
 1221 0050 FBE7     		b	.L34
 1222              		.cfi_endproc
 1223              	.LFE8:
 1225              		.section	.text.aci_gap_init,"ax",%progbits
 1226              		.align	1
 1227              		.global	aci_gap_init
 1228              		.syntax unified
 1229              		.thumb
 1230              		.thumb_func
 1232              	aci_gap_init:
 1233              	.LVL132:
 1234              	.LFB9:
 332:Middlewares/ST/STM32_WPAN/ble/core/auto/ble_gap_aci.c **** 
 333:Middlewares/ST/STM32_WPAN/ble/core/auto/ble_gap_aci.c **** tBleStatus aci_gap_init( uint8_t Role,
 334:Middlewares/ST/STM32_WPAN/ble/core/auto/ble_gap_aci.c ****                          uint8_t privacy_enabled,
 335:Middlewares/ST/STM32_WPAN/ble/core/auto/ble_gap_aci.c ****                          uint8_t device_name_char_len,
 336:Middlewares/ST/STM32_WPAN/ble/core/auto/ble_gap_aci.c ****                          uint16_t* Service_Handle,
 337:Middlewares/ST/STM32_WPAN/ble/core/auto/ble_gap_aci.c ****                          uint16_t* Dev_Name_Char_Handle,
 338:Middlewares/ST/STM32_WPAN/ble/core/auto/ble_gap_aci.c ****                          uint16_t* Appearance_Char_Handle )
 339:Middlewares/ST/STM32_WPAN/ble/core/auto/ble_gap_aci.c **** {
 1235              		.loc 1 339 1 is_stmt 1 view -0
 1236              		.cfi_startproc
 1237              		@ args = 8, pretend = 0, frame = 288
 1238              		@ frame_needed = 0, uses_anonymous_args = 0
 1239              		.loc 1 339 1 is_stmt 0 view .LVU424
 1240 0000 2DE9F041 		push	{r4, r5, r6, r7, r8, lr}
 1241              	.LCFI36:
 1242              		.cfi_def_cfa_offset 24
 1243              		.cfi_offset 4, -24
 1244              		.cfi_offset 5, -20
 1245              		.cfi_offset 6, -16
 1246              		.cfi_offset 7, -12
 1247              		.cfi_offset 8, -8
 1248              		.cfi_offset 14, -4
 1249 0004 C8B0     		sub	sp, sp, #288
 1250              	.LCFI37:
 1251              		.cfi_def_cfa_offset 312
 1252 0006 0746     		mov	r7, r0
 1253 0008 0E46     		mov	r6, r1
 1254 000a 1546     		mov	r5, r2
 1255 000c 9846     		mov	r8, r3
 340:Middlewares/ST/STM32_WPAN/ble/core/auto/ble_gap_aci.c ****   struct hci_request rq;
 1256              		.loc 1 340 3 is_stmt 1 view .LVU425
 341:Middlewares/ST/STM32_WPAN/ble/core/auto/ble_gap_aci.c ****   uint8_t cmd_buffer[BLE_CMD_MAX_PARAM_LEN];
 1257              		.loc 1 341 3 view .LVU426
 342:Middlewares/ST/STM32_WPAN/ble/core/auto/ble_gap_aci.c ****   aci_gap_init_cp0 *cp0 = (aci_gap_init_cp0*)(cmd_buffer);
 1258              		.loc 1 342 3 view .LVU427
 1259              	.LVL133:
 343:Middlewares/ST/STM32_WPAN/ble/core/auto/ble_gap_aci.c ****   aci_gap_init_rp0 resp;
 1260              		.loc 1 343 3 view .LVU428
 344:Middlewares/ST/STM32_WPAN/ble/core/auto/ble_gap_aci.c ****   Osal_MemSet( &resp, 0, sizeof(resp) );
 1261              		.loc 1 344 3 view .LVU429
 1262 000e 0722     		movs	r2, #7
ARM GAS  C:\Users\843E~1\AppData\Local\Temp\ccgofTZZ.s 			page 29


 1263              	.LVL134:
 1264              		.loc 1 344 3 is_stmt 0 view .LVU430
 1265 0010 0021     		movs	r1, #0
 1266              	.LVL135:
 1267              		.loc 1 344 3 view .LVU431
 1268 0012 6846     		mov	r0, sp
 1269              	.LVL136:
 1270              		.loc 1 344 3 view .LVU432
 1271 0014 FFF7FEFF 		bl	Osal_MemSet
 1272              	.LVL137:
 345:Middlewares/ST/STM32_WPAN/ble/core/auto/ble_gap_aci.c ****   int index_input = 0;
 1273              		.loc 1 345 3 is_stmt 1 view .LVU433
 346:Middlewares/ST/STM32_WPAN/ble/core/auto/ble_gap_aci.c ****   cp0->Role = Role;
 1274              		.loc 1 346 3 view .LVU434
 1275              		.loc 1 346 13 is_stmt 0 view .LVU435
 1276 0018 02AC     		add	r4, sp, #8
 1277              	.LVL138:
 1278              		.loc 1 346 13 view .LVU436
 1279 001a 8DF80870 		strb	r7, [sp, #8]
 347:Middlewares/ST/STM32_WPAN/ble/core/auto/ble_gap_aci.c ****   index_input += 1;
 1280              		.loc 1 347 3 is_stmt 1 view .LVU437
 1281              	.LVL139:
 348:Middlewares/ST/STM32_WPAN/ble/core/auto/ble_gap_aci.c ****   cp0->privacy_enabled = privacy_enabled;
 1282              		.loc 1 348 3 view .LVU438
 1283              		.loc 1 348 24 is_stmt 0 view .LVU439
 1284 001e 8DF80960 		strb	r6, [sp, #9]
 349:Middlewares/ST/STM32_WPAN/ble/core/auto/ble_gap_aci.c ****   index_input += 1;
 1285              		.loc 1 349 3 is_stmt 1 view .LVU440
 1286              	.LVL140:
 350:Middlewares/ST/STM32_WPAN/ble/core/auto/ble_gap_aci.c ****   cp0->device_name_char_len = device_name_char_len;
 1287              		.loc 1 350 3 view .LVU441
 1288              		.loc 1 350 29 is_stmt 0 view .LVU442
 1289 0022 8DF80A50 		strb	r5, [sp, #10]
 351:Middlewares/ST/STM32_WPAN/ble/core/auto/ble_gap_aci.c ****   index_input += 1;
 1290              		.loc 1 351 3 is_stmt 1 view .LVU443
 1291              	.LVL141:
 352:Middlewares/ST/STM32_WPAN/ble/core/auto/ble_gap_aci.c ****   Osal_MemSet( &rq, 0, sizeof(rq) );
 1292              		.loc 1 352 3 view .LVU444
 1293 0026 1822     		movs	r2, #24
 1294 0028 0021     		movs	r1, #0
 1295 002a 42A8     		add	r0, sp, #264
 1296 002c FFF7FEFF 		bl	Osal_MemSet
 1297              	.LVL142:
 353:Middlewares/ST/STM32_WPAN/ble/core/auto/ble_gap_aci.c ****   rq.ogf = 0x3f;
 1298              		.loc 1 353 3 view .LVU445
 1299              		.loc 1 353 10 is_stmt 0 view .LVU446
 1300 0030 3F23     		movs	r3, #63
 1301 0032 ADF80831 		strh	r3, [sp, #264]	@ movhi
 354:Middlewares/ST/STM32_WPAN/ble/core/auto/ble_gap_aci.c ****   rq.ocf = 0x08a;
 1302              		.loc 1 354 3 is_stmt 1 view .LVU447
 1303              		.loc 1 354 10 is_stmt 0 view .LVU448
 1304 0036 8A23     		movs	r3, #138
 1305 0038 ADF80A31 		strh	r3, [sp, #266]	@ movhi
 355:Middlewares/ST/STM32_WPAN/ble/core/auto/ble_gap_aci.c ****   rq.cparam = cmd_buffer;
 1306              		.loc 1 355 3 is_stmt 1 view .LVU449
 1307              		.loc 1 355 13 is_stmt 0 view .LVU450
 1308 003c 4494     		str	r4, [sp, #272]
ARM GAS  C:\Users\843E~1\AppData\Local\Temp\ccgofTZZ.s 			page 30


 356:Middlewares/ST/STM32_WPAN/ble/core/auto/ble_gap_aci.c ****   rq.clen = index_input;
 1309              		.loc 1 356 3 is_stmt 1 view .LVU451
 1310              		.loc 1 356 11 is_stmt 0 view .LVU452
 1311 003e 0323     		movs	r3, #3
 1312 0040 4593     		str	r3, [sp, #276]
 357:Middlewares/ST/STM32_WPAN/ble/core/auto/ble_gap_aci.c ****   rq.rparam = &resp;
 1313              		.loc 1 357 3 is_stmt 1 view .LVU453
 1314              		.loc 1 357 13 is_stmt 0 view .LVU454
 1315 0042 CDF818D1 		str	sp, [sp, #280]
 358:Middlewares/ST/STM32_WPAN/ble/core/auto/ble_gap_aci.c ****   rq.rlen = sizeof(resp);
 1316              		.loc 1 358 3 is_stmt 1 view .LVU455
 1317              		.loc 1 358 11 is_stmt 0 view .LVU456
 1318 0046 0723     		movs	r3, #7
 1319 0048 4793     		str	r3, [sp, #284]
 359:Middlewares/ST/STM32_WPAN/ble/core/auto/ble_gap_aci.c ****   if ( hci_send_req(&rq, FALSE) < 0 )
 1320              		.loc 1 359 3 is_stmt 1 view .LVU457
 1321              		.loc 1 359 8 is_stmt 0 view .LVU458
 1322 004a 0021     		movs	r1, #0
 1323 004c 42A8     		add	r0, sp, #264
 1324 004e FFF7FEFF 		bl	hci_send_req
 1325              	.LVL143:
 1326              		.loc 1 359 6 view .LVU459
 1327 0052 0028     		cmp	r0, #0
 1328 0054 11DB     		blt	.L39
 360:Middlewares/ST/STM32_WPAN/ble/core/auto/ble_gap_aci.c ****     return BLE_STATUS_TIMEOUT;
 361:Middlewares/ST/STM32_WPAN/ble/core/auto/ble_gap_aci.c ****   if ( resp.Status )
 1329              		.loc 1 361 3 is_stmt 1 view .LVU460
 1330              		.loc 1 361 12 is_stmt 0 view .LVU461
 1331 0056 9DF80000 		ldrb	r0, [sp]	@ zero_extendqisi2
 1332              		.loc 1 361 6 view .LVU462
 1333 005a 58B9     		cbnz	r0, .L38
 362:Middlewares/ST/STM32_WPAN/ble/core/auto/ble_gap_aci.c ****     return resp.Status;
 363:Middlewares/ST/STM32_WPAN/ble/core/auto/ble_gap_aci.c ****   *Service_Handle = resp.Service_Handle;
 1334              		.loc 1 363 3 is_stmt 1 view .LVU463
 1335              		.loc 1 363 25 is_stmt 0 view .LVU464
 1336 005c BDF80130 		ldrh	r3, [sp, #1]	@ unaligned
 1337              		.loc 1 363 19 view .LVU465
 1338 0060 A8F80030 		strh	r3, [r8]	@ movhi
 364:Middlewares/ST/STM32_WPAN/ble/core/auto/ble_gap_aci.c ****   *Dev_Name_Char_Handle = resp.Dev_Name_Char_Handle;
 1339              		.loc 1 364 3 is_stmt 1 view .LVU466
 1340              		.loc 1 364 31 is_stmt 0 view .LVU467
 1341 0064 BDF80320 		ldrh	r2, [sp, #3]	@ unaligned
 1342              		.loc 1 364 25 view .LVU468
 1343 0068 4E9B     		ldr	r3, [sp, #312]
 1344 006a 1A80     		strh	r2, [r3]	@ movhi
 365:Middlewares/ST/STM32_WPAN/ble/core/auto/ble_gap_aci.c ****   *Appearance_Char_Handle = resp.Appearance_Char_Handle;
 1345              		.loc 1 365 3 is_stmt 1 view .LVU469
 1346              		.loc 1 365 33 is_stmt 0 view .LVU470
 1347 006c BDF80520 		ldrh	r2, [sp, #5]	@ unaligned
 1348              		.loc 1 365 27 view .LVU471
 1349 0070 4F9B     		ldr	r3, [sp, #316]
 1350 0072 1A80     		strh	r2, [r3]	@ movhi
 366:Middlewares/ST/STM32_WPAN/ble/core/auto/ble_gap_aci.c ****   return BLE_STATUS_SUCCESS;
 1351              		.loc 1 366 3 is_stmt 1 view .LVU472
 1352              	.L38:
 367:Middlewares/ST/STM32_WPAN/ble/core/auto/ble_gap_aci.c **** }
 1353              		.loc 1 367 1 is_stmt 0 view .LVU473
ARM GAS  C:\Users\843E~1\AppData\Local\Temp\ccgofTZZ.s 			page 31


 1354 0074 48B0     		add	sp, sp, #288
 1355              	.LCFI38:
 1356              		.cfi_remember_state
 1357              		.cfi_def_cfa_offset 24
 1358              		@ sp needed
 1359 0076 BDE8F081 		pop	{r4, r5, r6, r7, r8, pc}
 1360              	.LVL144:
 1361              	.L39:
 1362              	.LCFI39:
 1363              		.cfi_restore_state
 360:Middlewares/ST/STM32_WPAN/ble/core/auto/ble_gap_aci.c ****   if ( resp.Status )
 1364              		.loc 1 360 12 view .LVU474
 1365 007a FF20     		movs	r0, #255
 1366 007c FAE7     		b	.L38
 1367              		.cfi_endproc
 1368              	.LFE9:
 1370              		.section	.text.aci_gap_set_non_connectable,"ax",%progbits
 1371              		.align	1
 1372              		.global	aci_gap_set_non_connectable
 1373              		.syntax unified
 1374              		.thumb
 1375              		.thumb_func
 1377              	aci_gap_set_non_connectable:
 1378              	.LVL145:
 1379              	.LFB10:
 368:Middlewares/ST/STM32_WPAN/ble/core/auto/ble_gap_aci.c **** 
 369:Middlewares/ST/STM32_WPAN/ble/core/auto/ble_gap_aci.c **** tBleStatus aci_gap_set_non_connectable( uint8_t Advertising_Event_Type,
 370:Middlewares/ST/STM32_WPAN/ble/core/auto/ble_gap_aci.c ****                                         uint8_t Own_Address_Type )
 371:Middlewares/ST/STM32_WPAN/ble/core/auto/ble_gap_aci.c **** {
 1380              		.loc 1 371 1 is_stmt 1 view -0
 1381              		.cfi_startproc
 1382              		@ args = 0, pretend = 0, frame = 288
 1383              		@ frame_needed = 0, uses_anonymous_args = 0
 1384              		.loc 1 371 1 is_stmt 0 view .LVU476
 1385 0000 70B5     		push	{r4, r5, r6, lr}
 1386              	.LCFI40:
 1387              		.cfi_def_cfa_offset 16
 1388              		.cfi_offset 4, -16
 1389              		.cfi_offset 5, -12
 1390              		.cfi_offset 6, -8
 1391              		.cfi_offset 14, -4
 1392 0002 C8B0     		sub	sp, sp, #288
 1393              	.LCFI41:
 1394              		.cfi_def_cfa_offset 304
 372:Middlewares/ST/STM32_WPAN/ble/core/auto/ble_gap_aci.c ****   struct hci_request rq;
 1395              		.loc 1 372 3 is_stmt 1 view .LVU477
 373:Middlewares/ST/STM32_WPAN/ble/core/auto/ble_gap_aci.c ****   uint8_t cmd_buffer[BLE_CMD_MAX_PARAM_LEN];
 1396              		.loc 1 373 3 view .LVU478
 374:Middlewares/ST/STM32_WPAN/ble/core/auto/ble_gap_aci.c ****   aci_gap_set_non_connectable_cp0 *cp0 = (aci_gap_set_non_connectable_cp0*)(cmd_buffer);
 1397              		.loc 1 374 3 view .LVU479
 1398              	.LVL146:
 375:Middlewares/ST/STM32_WPAN/ble/core/auto/ble_gap_aci.c ****   tBleStatus status = 0;
 1399              		.loc 1 375 3 view .LVU480
 1400              		.loc 1 375 14 is_stmt 0 view .LVU481
 1401 0004 0DF10706 		add	r6, sp, #7
 1402 0008 0024     		movs	r4, #0
 1403 000a 8DF80740 		strb	r4, [sp, #7]
ARM GAS  C:\Users\843E~1\AppData\Local\Temp\ccgofTZZ.s 			page 32


 376:Middlewares/ST/STM32_WPAN/ble/core/auto/ble_gap_aci.c ****   int index_input = 0;
 1404              		.loc 1 376 3 is_stmt 1 view .LVU482
 1405              	.LVL147:
 377:Middlewares/ST/STM32_WPAN/ble/core/auto/ble_gap_aci.c ****   cp0->Advertising_Event_Type = Advertising_Event_Type;
 1406              		.loc 1 377 3 view .LVU483
 1407              		.loc 1 377 31 is_stmt 0 view .LVU484
 1408 000e 02AD     		add	r5, sp, #8
 1409              	.LVL148:
 1410              		.loc 1 377 31 view .LVU485
 1411 0010 8DF80800 		strb	r0, [sp, #8]
 378:Middlewares/ST/STM32_WPAN/ble/core/auto/ble_gap_aci.c ****   index_input += 1;
 1412              		.loc 1 378 3 is_stmt 1 view .LVU486
 1413              	.LVL149:
 379:Middlewares/ST/STM32_WPAN/ble/core/auto/ble_gap_aci.c ****   cp0->Own_Address_Type = Own_Address_Type;
 1414              		.loc 1 379 3 view .LVU487
 1415              		.loc 1 379 25 is_stmt 0 view .LVU488
 1416 0014 8DF80910 		strb	r1, [sp, #9]
 380:Middlewares/ST/STM32_WPAN/ble/core/auto/ble_gap_aci.c ****   index_input += 1;
 1417              		.loc 1 380 3 is_stmt 1 view .LVU489
 1418              	.LVL150:
 381:Middlewares/ST/STM32_WPAN/ble/core/auto/ble_gap_aci.c ****   Osal_MemSet( &rq, 0, sizeof(rq) );
 1419              		.loc 1 381 3 view .LVU490
 1420 0018 1822     		movs	r2, #24
 1421 001a 2146     		mov	r1, r4
 1422              	.LVL151:
 1423              		.loc 1 381 3 is_stmt 0 view .LVU491
 1424 001c 42A8     		add	r0, sp, #264
 1425              	.LVL152:
 1426              		.loc 1 381 3 view .LVU492
 1427 001e FFF7FEFF 		bl	Osal_MemSet
 1428              	.LVL153:
 382:Middlewares/ST/STM32_WPAN/ble/core/auto/ble_gap_aci.c ****   rq.ogf = 0x3f;
 1429              		.loc 1 382 3 is_stmt 1 view .LVU493
 1430              		.loc 1 382 10 is_stmt 0 view .LVU494
 1431 0022 3F23     		movs	r3, #63
 1432 0024 ADF80831 		strh	r3, [sp, #264]	@ movhi
 383:Middlewares/ST/STM32_WPAN/ble/core/auto/ble_gap_aci.c ****   rq.ocf = 0x08b;
 1433              		.loc 1 383 3 is_stmt 1 view .LVU495
 1434              		.loc 1 383 10 is_stmt 0 view .LVU496
 1435 0028 8B23     		movs	r3, #139
 1436 002a ADF80A31 		strh	r3, [sp, #266]	@ movhi
 384:Middlewares/ST/STM32_WPAN/ble/core/auto/ble_gap_aci.c ****   rq.cparam = cmd_buffer;
 1437              		.loc 1 384 3 is_stmt 1 view .LVU497
 1438              		.loc 1 384 13 is_stmt 0 view .LVU498
 1439 002e 4495     		str	r5, [sp, #272]
 385:Middlewares/ST/STM32_WPAN/ble/core/auto/ble_gap_aci.c ****   rq.clen = index_input;
 1440              		.loc 1 385 3 is_stmt 1 view .LVU499
 1441              		.loc 1 385 11 is_stmt 0 view .LVU500
 1442 0030 0223     		movs	r3, #2
 1443 0032 4593     		str	r3, [sp, #276]
 386:Middlewares/ST/STM32_WPAN/ble/core/auto/ble_gap_aci.c ****   rq.rparam = &status;
 1444              		.loc 1 386 3 is_stmt 1 view .LVU501
 1445              		.loc 1 386 13 is_stmt 0 view .LVU502
 1446 0034 4696     		str	r6, [sp, #280]
 387:Middlewares/ST/STM32_WPAN/ble/core/auto/ble_gap_aci.c ****   rq.rlen = 1;
 1447              		.loc 1 387 3 is_stmt 1 view .LVU503
 1448              		.loc 1 387 11 is_stmt 0 view .LVU504
ARM GAS  C:\Users\843E~1\AppData\Local\Temp\ccgofTZZ.s 			page 33


 1449 0036 0123     		movs	r3, #1
 1450 0038 4793     		str	r3, [sp, #284]
 388:Middlewares/ST/STM32_WPAN/ble/core/auto/ble_gap_aci.c ****   if ( hci_send_req(&rq, FALSE) < 0 )
 1451              		.loc 1 388 3 is_stmt 1 view .LVU505
 1452              		.loc 1 388 8 is_stmt 0 view .LVU506
 1453 003a 2146     		mov	r1, r4
 1454 003c 42A8     		add	r0, sp, #264
 1455 003e FFF7FEFF 		bl	hci_send_req
 1456              	.LVL154:
 1457              		.loc 1 388 6 view .LVU507
 1458 0042 A042     		cmp	r0, r4
 1459 0044 03DB     		blt	.L43
 389:Middlewares/ST/STM32_WPAN/ble/core/auto/ble_gap_aci.c ****     return BLE_STATUS_TIMEOUT;
 390:Middlewares/ST/STM32_WPAN/ble/core/auto/ble_gap_aci.c ****   return status;
 1460              		.loc 1 390 3 is_stmt 1 view .LVU508
 1461              		.loc 1 390 10 is_stmt 0 view .LVU509
 1462 0046 9DF80700 		ldrb	r0, [sp, #7]	@ zero_extendqisi2
 1463              	.L42:
 391:Middlewares/ST/STM32_WPAN/ble/core/auto/ble_gap_aci.c **** }
 1464              		.loc 1 391 1 view .LVU510
 1465 004a 48B0     		add	sp, sp, #288
 1466              	.LCFI42:
 1467              		.cfi_remember_state
 1468              		.cfi_def_cfa_offset 16
 1469              		@ sp needed
 1470 004c 70BD     		pop	{r4, r5, r6, pc}
 1471              	.LVL155:
 1472              	.L43:
 1473              	.LCFI43:
 1474              		.cfi_restore_state
 389:Middlewares/ST/STM32_WPAN/ble/core/auto/ble_gap_aci.c ****     return BLE_STATUS_TIMEOUT;
 1475              		.loc 1 389 12 view .LVU511
 1476 004e FF20     		movs	r0, #255
 1477 0050 FBE7     		b	.L42
 1478              		.cfi_endproc
 1479              	.LFE10:
 1481              		.section	.text.aci_gap_set_undirected_connectable,"ax",%progbits
 1482              		.align	1
 1483              		.global	aci_gap_set_undirected_connectable
 1484              		.syntax unified
 1485              		.thumb
 1486              		.thumb_func
 1488              	aci_gap_set_undirected_connectable:
 1489              	.LVL156:
 1490              	.LFB11:
 392:Middlewares/ST/STM32_WPAN/ble/core/auto/ble_gap_aci.c **** 
 393:Middlewares/ST/STM32_WPAN/ble/core/auto/ble_gap_aci.c **** tBleStatus aci_gap_set_undirected_connectable( uint16_t Advertising_Interval_Min,
 394:Middlewares/ST/STM32_WPAN/ble/core/auto/ble_gap_aci.c ****                                                uint16_t Advertising_Interval_Max,
 395:Middlewares/ST/STM32_WPAN/ble/core/auto/ble_gap_aci.c ****                                                uint8_t Own_Address_Type,
 396:Middlewares/ST/STM32_WPAN/ble/core/auto/ble_gap_aci.c ****                                                uint8_t Adv_Filter_Policy )
 397:Middlewares/ST/STM32_WPAN/ble/core/auto/ble_gap_aci.c **** {
 1491              		.loc 1 397 1 is_stmt 1 view -0
 1492              		.cfi_startproc
 1493              		@ args = 0, pretend = 0, frame = 288
 1494              		@ frame_needed = 0, uses_anonymous_args = 0
 1495              		.loc 1 397 1 is_stmt 0 view .LVU513
 1496 0000 70B5     		push	{r4, r5, r6, lr}
ARM GAS  C:\Users\843E~1\AppData\Local\Temp\ccgofTZZ.s 			page 34


 1497              	.LCFI44:
 1498              		.cfi_def_cfa_offset 16
 1499              		.cfi_offset 4, -16
 1500              		.cfi_offset 5, -12
 1501              		.cfi_offset 6, -8
 1502              		.cfi_offset 14, -4
 1503 0002 C8B0     		sub	sp, sp, #288
 1504              	.LCFI45:
 1505              		.cfi_def_cfa_offset 304
 398:Middlewares/ST/STM32_WPAN/ble/core/auto/ble_gap_aci.c ****   struct hci_request rq;
 1506              		.loc 1 398 3 is_stmt 1 view .LVU514
 399:Middlewares/ST/STM32_WPAN/ble/core/auto/ble_gap_aci.c ****   uint8_t cmd_buffer[BLE_CMD_MAX_PARAM_LEN];
 1507              		.loc 1 399 3 view .LVU515
 400:Middlewares/ST/STM32_WPAN/ble/core/auto/ble_gap_aci.c ****   aci_gap_set_undirected_connectable_cp0 *cp0 = (aci_gap_set_undirected_connectable_cp0*)(cmd_buffe
 1508              		.loc 1 400 3 view .LVU516
 1509              	.LVL157:
 401:Middlewares/ST/STM32_WPAN/ble/core/auto/ble_gap_aci.c ****   tBleStatus status = 0;
 1510              		.loc 1 401 3 view .LVU517
 1511              		.loc 1 401 14 is_stmt 0 view .LVU518
 1512 0004 0DF10706 		add	r6, sp, #7
 1513 0008 0025     		movs	r5, #0
 1514 000a 8DF80750 		strb	r5, [sp, #7]
 402:Middlewares/ST/STM32_WPAN/ble/core/auto/ble_gap_aci.c ****   int index_input = 0;
 1515              		.loc 1 402 3 is_stmt 1 view .LVU519
 1516              	.LVL158:
 403:Middlewares/ST/STM32_WPAN/ble/core/auto/ble_gap_aci.c ****   cp0->Advertising_Interval_Min = Advertising_Interval_Min;
 1517              		.loc 1 403 3 view .LVU520
 1518              		.loc 1 403 33 is_stmt 0 view .LVU521
 1519 000e 02AC     		add	r4, sp, #8
 1520              	.LVL159:
 1521              		.loc 1 403 33 view .LVU522
 1522 0010 ADF80800 		strh	r0, [sp, #8]	@ movhi
 404:Middlewares/ST/STM32_WPAN/ble/core/auto/ble_gap_aci.c ****   index_input += 2;
 1523              		.loc 1 404 3 is_stmt 1 view .LVU523
 1524              	.LVL160:
 405:Middlewares/ST/STM32_WPAN/ble/core/auto/ble_gap_aci.c ****   cp0->Advertising_Interval_Max = Advertising_Interval_Max;
 1525              		.loc 1 405 3 view .LVU524
 1526              		.loc 1 405 33 is_stmt 0 view .LVU525
 1527 0014 ADF80A10 		strh	r1, [sp, #10]	@ movhi
 406:Middlewares/ST/STM32_WPAN/ble/core/auto/ble_gap_aci.c ****   index_input += 2;
 1528              		.loc 1 406 3 is_stmt 1 view .LVU526
 1529              	.LVL161:
 407:Middlewares/ST/STM32_WPAN/ble/core/auto/ble_gap_aci.c ****   cp0->Own_Address_Type = Own_Address_Type;
 1530              		.loc 1 407 3 view .LVU527
 1531              		.loc 1 407 25 is_stmt 0 view .LVU528
 1532 0018 8DF80C20 		strb	r2, [sp, #12]
 408:Middlewares/ST/STM32_WPAN/ble/core/auto/ble_gap_aci.c ****   index_input += 1;
 1533              		.loc 1 408 3 is_stmt 1 view .LVU529
 1534              	.LVL162:
 409:Middlewares/ST/STM32_WPAN/ble/core/auto/ble_gap_aci.c ****   cp0->Adv_Filter_Policy = Adv_Filter_Policy;
 1535              		.loc 1 409 3 view .LVU530
 1536              		.loc 1 409 26 is_stmt 0 view .LVU531
 1537 001c 8DF80D30 		strb	r3, [sp, #13]
 410:Middlewares/ST/STM32_WPAN/ble/core/auto/ble_gap_aci.c ****   index_input += 1;
 1538              		.loc 1 410 3 is_stmt 1 view .LVU532
 1539              	.LVL163:
 411:Middlewares/ST/STM32_WPAN/ble/core/auto/ble_gap_aci.c ****   Osal_MemSet( &rq, 0, sizeof(rq) );
ARM GAS  C:\Users\843E~1\AppData\Local\Temp\ccgofTZZ.s 			page 35


 1540              		.loc 1 411 3 view .LVU533
 1541 0020 1822     		movs	r2, #24
 1542              	.LVL164:
 1543              		.loc 1 411 3 is_stmt 0 view .LVU534
 1544 0022 2946     		mov	r1, r5
 1545              	.LVL165:
 1546              		.loc 1 411 3 view .LVU535
 1547 0024 42A8     		add	r0, sp, #264
 1548              	.LVL166:
 1549              		.loc 1 411 3 view .LVU536
 1550 0026 FFF7FEFF 		bl	Osal_MemSet
 1551              	.LVL167:
 412:Middlewares/ST/STM32_WPAN/ble/core/auto/ble_gap_aci.c ****   rq.ogf = 0x3f;
 1552              		.loc 1 412 3 is_stmt 1 view .LVU537
 1553              		.loc 1 412 10 is_stmt 0 view .LVU538
 1554 002a 3F23     		movs	r3, #63
 1555 002c ADF80831 		strh	r3, [sp, #264]	@ movhi
 413:Middlewares/ST/STM32_WPAN/ble/core/auto/ble_gap_aci.c ****   rq.ocf = 0x08c;
 1556              		.loc 1 413 3 is_stmt 1 view .LVU539
 1557              		.loc 1 413 10 is_stmt 0 view .LVU540
 1558 0030 8C23     		movs	r3, #140
 1559 0032 ADF80A31 		strh	r3, [sp, #266]	@ movhi
 414:Middlewares/ST/STM32_WPAN/ble/core/auto/ble_gap_aci.c ****   rq.cparam = cmd_buffer;
 1560              		.loc 1 414 3 is_stmt 1 view .LVU541
 1561              		.loc 1 414 13 is_stmt 0 view .LVU542
 1562 0036 4494     		str	r4, [sp, #272]
 415:Middlewares/ST/STM32_WPAN/ble/core/auto/ble_gap_aci.c ****   rq.clen = index_input;
 1563              		.loc 1 415 3 is_stmt 1 view .LVU543
 1564              		.loc 1 415 11 is_stmt 0 view .LVU544
 1565 0038 0623     		movs	r3, #6
 1566 003a 4593     		str	r3, [sp, #276]
 416:Middlewares/ST/STM32_WPAN/ble/core/auto/ble_gap_aci.c ****   rq.rparam = &status;
 1567              		.loc 1 416 3 is_stmt 1 view .LVU545
 1568              		.loc 1 416 13 is_stmt 0 view .LVU546
 1569 003c 4696     		str	r6, [sp, #280]
 417:Middlewares/ST/STM32_WPAN/ble/core/auto/ble_gap_aci.c ****   rq.rlen = 1;
 1570              		.loc 1 417 3 is_stmt 1 view .LVU547
 1571              		.loc 1 417 11 is_stmt 0 view .LVU548
 1572 003e 0123     		movs	r3, #1
 1573 0040 4793     		str	r3, [sp, #284]
 418:Middlewares/ST/STM32_WPAN/ble/core/auto/ble_gap_aci.c ****   if ( hci_send_req(&rq, FALSE) < 0 )
 1574              		.loc 1 418 3 is_stmt 1 view .LVU549
 1575              		.loc 1 418 8 is_stmt 0 view .LVU550
 1576 0042 2946     		mov	r1, r5
 1577 0044 42A8     		add	r0, sp, #264
 1578 0046 FFF7FEFF 		bl	hci_send_req
 1579              	.LVL168:
 1580              		.loc 1 418 6 view .LVU551
 1581 004a A842     		cmp	r0, r5
 1582 004c 03DB     		blt	.L47
 419:Middlewares/ST/STM32_WPAN/ble/core/auto/ble_gap_aci.c ****     return BLE_STATUS_TIMEOUT;
 420:Middlewares/ST/STM32_WPAN/ble/core/auto/ble_gap_aci.c ****   return status;
 1583              		.loc 1 420 3 is_stmt 1 view .LVU552
 1584              		.loc 1 420 10 is_stmt 0 view .LVU553
 1585 004e 9DF80700 		ldrb	r0, [sp, #7]	@ zero_extendqisi2
 1586              	.L46:
 421:Middlewares/ST/STM32_WPAN/ble/core/auto/ble_gap_aci.c **** }
ARM GAS  C:\Users\843E~1\AppData\Local\Temp\ccgofTZZ.s 			page 36


 1587              		.loc 1 421 1 view .LVU554
 1588 0052 48B0     		add	sp, sp, #288
 1589              	.LCFI46:
 1590              		.cfi_remember_state
 1591              		.cfi_def_cfa_offset 16
 1592              		@ sp needed
 1593 0054 70BD     		pop	{r4, r5, r6, pc}
 1594              	.LVL169:
 1595              	.L47:
 1596              	.LCFI47:
 1597              		.cfi_restore_state
 419:Middlewares/ST/STM32_WPAN/ble/core/auto/ble_gap_aci.c ****     return BLE_STATUS_TIMEOUT;
 1598              		.loc 1 419 12 view .LVU555
 1599 0056 FF20     		movs	r0, #255
 1600 0058 FBE7     		b	.L46
 1601              		.cfi_endproc
 1602              	.LFE11:
 1604              		.section	.text.aci_gap_peripheral_security_req,"ax",%progbits
 1605              		.align	1
 1606              		.global	aci_gap_peripheral_security_req
 1607              		.syntax unified
 1608              		.thumb
 1609              		.thumb_func
 1611              	aci_gap_peripheral_security_req:
 1612              	.LVL170:
 1613              	.LFB12:
 422:Middlewares/ST/STM32_WPAN/ble/core/auto/ble_gap_aci.c **** 
 423:Middlewares/ST/STM32_WPAN/ble/core/auto/ble_gap_aci.c **** tBleStatus aci_gap_peripheral_security_req( uint16_t Connection_Handle )
 424:Middlewares/ST/STM32_WPAN/ble/core/auto/ble_gap_aci.c **** {
 1614              		.loc 1 424 1 is_stmt 1 view -0
 1615              		.cfi_startproc
 1616              		@ args = 0, pretend = 0, frame = 288
 1617              		@ frame_needed = 0, uses_anonymous_args = 0
 1618              		.loc 1 424 1 is_stmt 0 view .LVU557
 1619 0000 70B5     		push	{r4, r5, r6, lr}
 1620              	.LCFI48:
 1621              		.cfi_def_cfa_offset 16
 1622              		.cfi_offset 4, -16
 1623              		.cfi_offset 5, -12
 1624              		.cfi_offset 6, -8
 1625              		.cfi_offset 14, -4
 1626 0002 C8B0     		sub	sp, sp, #288
 1627              	.LCFI49:
 1628              		.cfi_def_cfa_offset 304
 425:Middlewares/ST/STM32_WPAN/ble/core/auto/ble_gap_aci.c ****   struct hci_request rq;
 1629              		.loc 1 425 3 is_stmt 1 view .LVU558
 426:Middlewares/ST/STM32_WPAN/ble/core/auto/ble_gap_aci.c ****   uint8_t cmd_buffer[BLE_CMD_MAX_PARAM_LEN];
 1630              		.loc 1 426 3 view .LVU559
 427:Middlewares/ST/STM32_WPAN/ble/core/auto/ble_gap_aci.c ****   aci_gap_peripheral_security_req_cp0 *cp0 = (aci_gap_peripheral_security_req_cp0*)(cmd_buffer);
 1631              		.loc 1 427 3 view .LVU560
 1632              	.LVL171:
 428:Middlewares/ST/STM32_WPAN/ble/core/auto/ble_gap_aci.c ****   tBleStatus status = 0;
 1633              		.loc 1 428 3 view .LVU561
 1634              		.loc 1 428 14 is_stmt 0 view .LVU562
 1635 0004 0DF10705 		add	r5, sp, #7
 1636 0008 0024     		movs	r4, #0
 1637 000a 8DF80740 		strb	r4, [sp, #7]
ARM GAS  C:\Users\843E~1\AppData\Local\Temp\ccgofTZZ.s 			page 37


 429:Middlewares/ST/STM32_WPAN/ble/core/auto/ble_gap_aci.c ****   int index_input = 0;
 1638              		.loc 1 429 3 is_stmt 1 view .LVU563
 1639              	.LVL172:
 430:Middlewares/ST/STM32_WPAN/ble/core/auto/ble_gap_aci.c ****   cp0->Connection_Handle = Connection_Handle;
 1640              		.loc 1 430 3 view .LVU564
 1641              		.loc 1 430 26 is_stmt 0 view .LVU565
 1642 000e 02AE     		add	r6, sp, #8
 1643              	.LVL173:
 1644              		.loc 1 430 26 view .LVU566
 1645 0010 ADF80800 		strh	r0, [sp, #8]	@ movhi
 431:Middlewares/ST/STM32_WPAN/ble/core/auto/ble_gap_aci.c ****   index_input += 2;
 1646              		.loc 1 431 3 is_stmt 1 view .LVU567
 1647              	.LVL174:
 432:Middlewares/ST/STM32_WPAN/ble/core/auto/ble_gap_aci.c ****   Osal_MemSet( &rq, 0, sizeof(rq) );
 1648              		.loc 1 432 3 view .LVU568
 1649 0014 1822     		movs	r2, #24
 1650 0016 2146     		mov	r1, r4
 1651 0018 42A8     		add	r0, sp, #264
 1652              	.LVL175:
 1653              		.loc 1 432 3 is_stmt 0 view .LVU569
 1654 001a FFF7FEFF 		bl	Osal_MemSet
 1655              	.LVL176:
 433:Middlewares/ST/STM32_WPAN/ble/core/auto/ble_gap_aci.c ****   rq.ogf = 0x3f;
 1656              		.loc 1 433 3 is_stmt 1 view .LVU570
 1657              		.loc 1 433 10 is_stmt 0 view .LVU571
 1658 001e 3F23     		movs	r3, #63
 1659 0020 ADF80831 		strh	r3, [sp, #264]	@ movhi
 434:Middlewares/ST/STM32_WPAN/ble/core/auto/ble_gap_aci.c ****   rq.ocf = 0x08d;
 1660              		.loc 1 434 3 is_stmt 1 view .LVU572
 1661              		.loc 1 434 10 is_stmt 0 view .LVU573
 1662 0024 8D23     		movs	r3, #141
 1663 0026 ADF80A31 		strh	r3, [sp, #266]	@ movhi
 435:Middlewares/ST/STM32_WPAN/ble/core/auto/ble_gap_aci.c ****   rq.event = 0x0F;
 1664              		.loc 1 435 3 is_stmt 1 view .LVU574
 1665              		.loc 1 435 12 is_stmt 0 view .LVU575
 1666 002a 0F23     		movs	r3, #15
 1667 002c 4393     		str	r3, [sp, #268]
 436:Middlewares/ST/STM32_WPAN/ble/core/auto/ble_gap_aci.c ****   rq.cparam = cmd_buffer;
 1668              		.loc 1 436 3 is_stmt 1 view .LVU576
 1669              		.loc 1 436 13 is_stmt 0 view .LVU577
 1670 002e 4496     		str	r6, [sp, #272]
 437:Middlewares/ST/STM32_WPAN/ble/core/auto/ble_gap_aci.c ****   rq.clen = index_input;
 1671              		.loc 1 437 3 is_stmt 1 view .LVU578
 1672              		.loc 1 437 11 is_stmt 0 view .LVU579
 1673 0030 0223     		movs	r3, #2
 1674 0032 4593     		str	r3, [sp, #276]
 438:Middlewares/ST/STM32_WPAN/ble/core/auto/ble_gap_aci.c ****   rq.rparam = &status;
 1675              		.loc 1 438 3 is_stmt 1 view .LVU580
 1676              		.loc 1 438 13 is_stmt 0 view .LVU581
 1677 0034 4695     		str	r5, [sp, #280]
 439:Middlewares/ST/STM32_WPAN/ble/core/auto/ble_gap_aci.c ****   rq.rlen = 1;
 1678              		.loc 1 439 3 is_stmt 1 view .LVU582
 1679              		.loc 1 439 11 is_stmt 0 view .LVU583
 1680 0036 0123     		movs	r3, #1
 1681 0038 4793     		str	r3, [sp, #284]
 440:Middlewares/ST/STM32_WPAN/ble/core/auto/ble_gap_aci.c ****   if ( hci_send_req(&rq, FALSE) < 0 )
 1682              		.loc 1 440 3 is_stmt 1 view .LVU584
ARM GAS  C:\Users\843E~1\AppData\Local\Temp\ccgofTZZ.s 			page 38


 1683              		.loc 1 440 8 is_stmt 0 view .LVU585
 1684 003a 2146     		mov	r1, r4
 1685 003c 42A8     		add	r0, sp, #264
 1686 003e FFF7FEFF 		bl	hci_send_req
 1687              	.LVL177:
 1688              		.loc 1 440 6 view .LVU586
 1689 0042 A042     		cmp	r0, r4
 1690 0044 03DB     		blt	.L51
 441:Middlewares/ST/STM32_WPAN/ble/core/auto/ble_gap_aci.c ****     return BLE_STATUS_TIMEOUT;
 442:Middlewares/ST/STM32_WPAN/ble/core/auto/ble_gap_aci.c ****   return status;
 1691              		.loc 1 442 3 is_stmt 1 view .LVU587
 1692              		.loc 1 442 10 is_stmt 0 view .LVU588
 1693 0046 9DF80700 		ldrb	r0, [sp, #7]	@ zero_extendqisi2
 1694              	.L50:
 443:Middlewares/ST/STM32_WPAN/ble/core/auto/ble_gap_aci.c **** }
 1695              		.loc 1 443 1 view .LVU589
 1696 004a 48B0     		add	sp, sp, #288
 1697              	.LCFI50:
 1698              		.cfi_remember_state
 1699              		.cfi_def_cfa_offset 16
 1700              		@ sp needed
 1701 004c 70BD     		pop	{r4, r5, r6, pc}
 1702              	.LVL178:
 1703              	.L51:
 1704              	.LCFI51:
 1705              		.cfi_restore_state
 441:Middlewares/ST/STM32_WPAN/ble/core/auto/ble_gap_aci.c ****     return BLE_STATUS_TIMEOUT;
 1706              		.loc 1 441 12 view .LVU590
 1707 004e FF20     		movs	r0, #255
 1708 0050 FBE7     		b	.L50
 1709              		.cfi_endproc
 1710              	.LFE12:
 1712              		.section	.text.aci_gap_update_adv_data,"ax",%progbits
 1713              		.align	1
 1714              		.global	aci_gap_update_adv_data
 1715              		.syntax unified
 1716              		.thumb
 1717              		.thumb_func
 1719              	aci_gap_update_adv_data:
 1720              	.LVL179:
 1721              	.LFB13:
 444:Middlewares/ST/STM32_WPAN/ble/core/auto/ble_gap_aci.c **** 
 445:Middlewares/ST/STM32_WPAN/ble/core/auto/ble_gap_aci.c **** tBleStatus aci_gap_update_adv_data( uint8_t AdvDataLen,
 446:Middlewares/ST/STM32_WPAN/ble/core/auto/ble_gap_aci.c ****                                     const uint8_t* AdvData )
 447:Middlewares/ST/STM32_WPAN/ble/core/auto/ble_gap_aci.c **** {
 1722              		.loc 1 447 1 is_stmt 1 view -0
 1723              		.cfi_startproc
 1724              		@ args = 0, pretend = 0, frame = 288
 1725              		@ frame_needed = 0, uses_anonymous_args = 0
 1726              		.loc 1 447 1 is_stmt 0 view .LVU592
 1727 0000 F0B5     		push	{r4, r5, r6, r7, lr}
 1728              	.LCFI52:
 1729              		.cfi_def_cfa_offset 20
 1730              		.cfi_offset 4, -20
 1731              		.cfi_offset 5, -16
 1732              		.cfi_offset 6, -12
 1733              		.cfi_offset 7, -8
ARM GAS  C:\Users\843E~1\AppData\Local\Temp\ccgofTZZ.s 			page 39


 1734              		.cfi_offset 14, -4
 1735 0002 C9B0     		sub	sp, sp, #292
 1736              	.LCFI53:
 1737              		.cfi_def_cfa_offset 312
 1738 0004 0446     		mov	r4, r0
 448:Middlewares/ST/STM32_WPAN/ble/core/auto/ble_gap_aci.c ****   struct hci_request rq;
 1739              		.loc 1 448 3 is_stmt 1 view .LVU593
 449:Middlewares/ST/STM32_WPAN/ble/core/auto/ble_gap_aci.c ****   uint8_t cmd_buffer[BLE_CMD_MAX_PARAM_LEN];
 1740              		.loc 1 449 3 view .LVU594
 450:Middlewares/ST/STM32_WPAN/ble/core/auto/ble_gap_aci.c ****   aci_gap_update_adv_data_cp0 *cp0 = (aci_gap_update_adv_data_cp0*)(cmd_buffer);
 1741              		.loc 1 450 3 view .LVU595
 1742              	.LVL180:
 451:Middlewares/ST/STM32_WPAN/ble/core/auto/ble_gap_aci.c ****   tBleStatus status = 0;
 1743              		.loc 1 451 3 view .LVU596
 1744              		.loc 1 451 14 is_stmt 0 view .LVU597
 1745 0006 0DF10706 		add	r6, sp, #7
 1746 000a 0025     		movs	r5, #0
 1747 000c 8DF80750 		strb	r5, [sp, #7]
 452:Middlewares/ST/STM32_WPAN/ble/core/auto/ble_gap_aci.c ****   int index_input = 0;
 1748              		.loc 1 452 3 is_stmt 1 view .LVU598
 1749              	.LVL181:
 453:Middlewares/ST/STM32_WPAN/ble/core/auto/ble_gap_aci.c ****   cp0->AdvDataLen = AdvDataLen;
 1750              		.loc 1 453 3 view .LVU599
 1751              		.loc 1 453 19 is_stmt 0 view .LVU600
 1752 0010 02AF     		add	r7, sp, #8
 1753              	.LVL182:
 1754              		.loc 1 453 19 view .LVU601
 1755 0012 8DF80800 		strb	r0, [sp, #8]
 454:Middlewares/ST/STM32_WPAN/ble/core/auto/ble_gap_aci.c ****   index_input += 1;
 1756              		.loc 1 454 3 is_stmt 1 view .LVU602
 1757              	.LVL183:
 455:Middlewares/ST/STM32_WPAN/ble/core/auto/ble_gap_aci.c ****   Osal_MemCpy( (void*)&cp0->AdvData, (const void*)AdvData, AdvDataLen );
 1758              		.loc 1 455 3 view .LVU603
 1759 0016 0246     		mov	r2, r0
 1760 0018 0DF10900 		add	r0, sp, #9
 1761              	.LVL184:
 1762              		.loc 1 455 3 is_stmt 0 view .LVU604
 1763 001c FFF7FEFF 		bl	Osal_MemCpy
 1764              	.LVL185:
 456:Middlewares/ST/STM32_WPAN/ble/core/auto/ble_gap_aci.c ****   index_input += AdvDataLen;
 1765              		.loc 1 456 3 is_stmt 1 view .LVU605
 1766              		.loc 1 456 15 is_stmt 0 view .LVU606
 1767 0020 0134     		adds	r4, r4, #1
 1768              	.LVL186:
 457:Middlewares/ST/STM32_WPAN/ble/core/auto/ble_gap_aci.c ****   Osal_MemSet( &rq, 0, sizeof(rq) );
 1769              		.loc 1 457 3 is_stmt 1 view .LVU607
 1770 0022 1822     		movs	r2, #24
 1771 0024 2946     		mov	r1, r5
 1772 0026 42A8     		add	r0, sp, #264
 1773 0028 FFF7FEFF 		bl	Osal_MemSet
 1774              	.LVL187:
 458:Middlewares/ST/STM32_WPAN/ble/core/auto/ble_gap_aci.c ****   rq.ogf = 0x3f;
 1775              		.loc 1 458 3 view .LVU608
 1776              		.loc 1 458 10 is_stmt 0 view .LVU609
 1777 002c 3F23     		movs	r3, #63
 1778 002e ADF80831 		strh	r3, [sp, #264]	@ movhi
 459:Middlewares/ST/STM32_WPAN/ble/core/auto/ble_gap_aci.c ****   rq.ocf = 0x08e;
ARM GAS  C:\Users\843E~1\AppData\Local\Temp\ccgofTZZ.s 			page 40


 1779              		.loc 1 459 3 is_stmt 1 view .LVU610
 1780              		.loc 1 459 10 is_stmt 0 view .LVU611
 1781 0032 8E23     		movs	r3, #142
 1782 0034 ADF80A31 		strh	r3, [sp, #266]	@ movhi
 460:Middlewares/ST/STM32_WPAN/ble/core/auto/ble_gap_aci.c ****   rq.cparam = cmd_buffer;
 1783              		.loc 1 460 3 is_stmt 1 view .LVU612
 1784              		.loc 1 460 13 is_stmt 0 view .LVU613
 1785 0038 4497     		str	r7, [sp, #272]
 461:Middlewares/ST/STM32_WPAN/ble/core/auto/ble_gap_aci.c ****   rq.clen = index_input;
 1786              		.loc 1 461 3 is_stmt 1 view .LVU614
 1787              		.loc 1 461 11 is_stmt 0 view .LVU615
 1788 003a 4594     		str	r4, [sp, #276]
 462:Middlewares/ST/STM32_WPAN/ble/core/auto/ble_gap_aci.c ****   rq.rparam = &status;
 1789              		.loc 1 462 3 is_stmt 1 view .LVU616
 1790              		.loc 1 462 13 is_stmt 0 view .LVU617
 1791 003c 4696     		str	r6, [sp, #280]
 463:Middlewares/ST/STM32_WPAN/ble/core/auto/ble_gap_aci.c ****   rq.rlen = 1;
 1792              		.loc 1 463 3 is_stmt 1 view .LVU618
 1793              		.loc 1 463 11 is_stmt 0 view .LVU619
 1794 003e 0123     		movs	r3, #1
 1795 0040 4793     		str	r3, [sp, #284]
 464:Middlewares/ST/STM32_WPAN/ble/core/auto/ble_gap_aci.c ****   if ( hci_send_req(&rq, FALSE) < 0 )
 1796              		.loc 1 464 3 is_stmt 1 view .LVU620
 1797              		.loc 1 464 8 is_stmt 0 view .LVU621
 1798 0042 2946     		mov	r1, r5
 1799 0044 42A8     		add	r0, sp, #264
 1800 0046 FFF7FEFF 		bl	hci_send_req
 1801              	.LVL188:
 1802              		.loc 1 464 6 view .LVU622
 1803 004a A842     		cmp	r0, r5
 1804 004c 03DB     		blt	.L55
 465:Middlewares/ST/STM32_WPAN/ble/core/auto/ble_gap_aci.c ****     return BLE_STATUS_TIMEOUT;
 466:Middlewares/ST/STM32_WPAN/ble/core/auto/ble_gap_aci.c ****   return status;
 1805              		.loc 1 466 3 is_stmt 1 view .LVU623
 1806              		.loc 1 466 10 is_stmt 0 view .LVU624
 1807 004e 9DF80700 		ldrb	r0, [sp, #7]	@ zero_extendqisi2
 1808              	.L54:
 467:Middlewares/ST/STM32_WPAN/ble/core/auto/ble_gap_aci.c **** }
 1809              		.loc 1 467 1 view .LVU625
 1810 0052 49B0     		add	sp, sp, #292
 1811              	.LCFI54:
 1812              		.cfi_remember_state
 1813              		.cfi_def_cfa_offset 20
 1814              		@ sp needed
 1815 0054 F0BD     		pop	{r4, r5, r6, r7, pc}
 1816              	.LVL189:
 1817              	.L55:
 1818              	.LCFI55:
 1819              		.cfi_restore_state
 465:Middlewares/ST/STM32_WPAN/ble/core/auto/ble_gap_aci.c ****     return BLE_STATUS_TIMEOUT;
 1820              		.loc 1 465 12 view .LVU626
 1821 0056 FF20     		movs	r0, #255
 1822 0058 FBE7     		b	.L54
 1823              		.cfi_endproc
 1824              	.LFE13:
 1826              		.section	.text.aci_gap_delete_ad_type,"ax",%progbits
 1827              		.align	1
ARM GAS  C:\Users\843E~1\AppData\Local\Temp\ccgofTZZ.s 			page 41


 1828              		.global	aci_gap_delete_ad_type
 1829              		.syntax unified
 1830              		.thumb
 1831              		.thumb_func
 1833              	aci_gap_delete_ad_type:
 1834              	.LVL190:
 1835              	.LFB14:
 468:Middlewares/ST/STM32_WPAN/ble/core/auto/ble_gap_aci.c **** 
 469:Middlewares/ST/STM32_WPAN/ble/core/auto/ble_gap_aci.c **** tBleStatus aci_gap_delete_ad_type( uint8_t ADType )
 470:Middlewares/ST/STM32_WPAN/ble/core/auto/ble_gap_aci.c **** {
 1836              		.loc 1 470 1 is_stmt 1 view -0
 1837              		.cfi_startproc
 1838              		@ args = 0, pretend = 0, frame = 288
 1839              		@ frame_needed = 0, uses_anonymous_args = 0
 1840              		.loc 1 470 1 is_stmt 0 view .LVU628
 1841 0000 70B5     		push	{r4, r5, r6, lr}
 1842              	.LCFI56:
 1843              		.cfi_def_cfa_offset 16
 1844              		.cfi_offset 4, -16
 1845              		.cfi_offset 5, -12
 1846              		.cfi_offset 6, -8
 1847              		.cfi_offset 14, -4
 1848 0002 C8B0     		sub	sp, sp, #288
 1849              	.LCFI57:
 1850              		.cfi_def_cfa_offset 304
 471:Middlewares/ST/STM32_WPAN/ble/core/auto/ble_gap_aci.c ****   struct hci_request rq;
 1851              		.loc 1 471 3 is_stmt 1 view .LVU629
 472:Middlewares/ST/STM32_WPAN/ble/core/auto/ble_gap_aci.c ****   uint8_t cmd_buffer[BLE_CMD_MAX_PARAM_LEN];
 1852              		.loc 1 472 3 view .LVU630
 473:Middlewares/ST/STM32_WPAN/ble/core/auto/ble_gap_aci.c ****   aci_gap_delete_ad_type_cp0 *cp0 = (aci_gap_delete_ad_type_cp0*)(cmd_buffer);
 1853              		.loc 1 473 3 view .LVU631
 1854              	.LVL191:
 474:Middlewares/ST/STM32_WPAN/ble/core/auto/ble_gap_aci.c ****   tBleStatus status = 0;
 1855              		.loc 1 474 3 view .LVU632
 1856              		.loc 1 474 14 is_stmt 0 view .LVU633
 1857 0004 0DF10705 		add	r5, sp, #7
 1858 0008 0024     		movs	r4, #0
 1859 000a 8DF80740 		strb	r4, [sp, #7]
 475:Middlewares/ST/STM32_WPAN/ble/core/auto/ble_gap_aci.c ****   int index_input = 0;
 1860              		.loc 1 475 3 is_stmt 1 view .LVU634
 1861              	.LVL192:
 476:Middlewares/ST/STM32_WPAN/ble/core/auto/ble_gap_aci.c ****   cp0->ADType = ADType;
 1862              		.loc 1 476 3 view .LVU635
 1863              		.loc 1 476 15 is_stmt 0 view .LVU636
 1864 000e 02AE     		add	r6, sp, #8
 1865              	.LVL193:
 1866              		.loc 1 476 15 view .LVU637
 1867 0010 8DF80800 		strb	r0, [sp, #8]
 477:Middlewares/ST/STM32_WPAN/ble/core/auto/ble_gap_aci.c ****   index_input += 1;
 1868              		.loc 1 477 3 is_stmt 1 view .LVU638
 1869              	.LVL194:
 478:Middlewares/ST/STM32_WPAN/ble/core/auto/ble_gap_aci.c ****   Osal_MemSet( &rq, 0, sizeof(rq) );
 1870              		.loc 1 478 3 view .LVU639
 1871 0014 1822     		movs	r2, #24
 1872 0016 2146     		mov	r1, r4
 1873 0018 42A8     		add	r0, sp, #264
 1874              	.LVL195:
ARM GAS  C:\Users\843E~1\AppData\Local\Temp\ccgofTZZ.s 			page 42


 1875              		.loc 1 478 3 is_stmt 0 view .LVU640
 1876 001a FFF7FEFF 		bl	Osal_MemSet
 1877              	.LVL196:
 479:Middlewares/ST/STM32_WPAN/ble/core/auto/ble_gap_aci.c ****   rq.ogf = 0x3f;
 1878              		.loc 1 479 3 is_stmt 1 view .LVU641
 1879              		.loc 1 479 10 is_stmt 0 view .LVU642
 1880 001e 3F23     		movs	r3, #63
 1881 0020 ADF80831 		strh	r3, [sp, #264]	@ movhi
 480:Middlewares/ST/STM32_WPAN/ble/core/auto/ble_gap_aci.c ****   rq.ocf = 0x08f;
 1882              		.loc 1 480 3 is_stmt 1 view .LVU643
 1883              		.loc 1 480 10 is_stmt 0 view .LVU644
 1884 0024 8F23     		movs	r3, #143
 1885 0026 ADF80A31 		strh	r3, [sp, #266]	@ movhi
 481:Middlewares/ST/STM32_WPAN/ble/core/auto/ble_gap_aci.c ****   rq.cparam = cmd_buffer;
 1886              		.loc 1 481 3 is_stmt 1 view .LVU645
 1887              		.loc 1 481 13 is_stmt 0 view .LVU646
 1888 002a 4496     		str	r6, [sp, #272]
 482:Middlewares/ST/STM32_WPAN/ble/core/auto/ble_gap_aci.c ****   rq.clen = index_input;
 1889              		.loc 1 482 3 is_stmt 1 view .LVU647
 1890              		.loc 1 482 11 is_stmt 0 view .LVU648
 1891 002c 0123     		movs	r3, #1
 1892 002e 4593     		str	r3, [sp, #276]
 483:Middlewares/ST/STM32_WPAN/ble/core/auto/ble_gap_aci.c ****   rq.rparam = &status;
 1893              		.loc 1 483 3 is_stmt 1 view .LVU649
 1894              		.loc 1 483 13 is_stmt 0 view .LVU650
 1895 0030 4695     		str	r5, [sp, #280]
 484:Middlewares/ST/STM32_WPAN/ble/core/auto/ble_gap_aci.c ****   rq.rlen = 1;
 1896              		.loc 1 484 3 is_stmt 1 view .LVU651
 1897              		.loc 1 484 11 is_stmt 0 view .LVU652
 1898 0032 4793     		str	r3, [sp, #284]
 485:Middlewares/ST/STM32_WPAN/ble/core/auto/ble_gap_aci.c ****   if ( hci_send_req(&rq, FALSE) < 0 )
 1899              		.loc 1 485 3 is_stmt 1 view .LVU653
 1900              		.loc 1 485 8 is_stmt 0 view .LVU654
 1901 0034 2146     		mov	r1, r4
 1902 0036 42A8     		add	r0, sp, #264
 1903 0038 FFF7FEFF 		bl	hci_send_req
 1904              	.LVL197:
 1905              		.loc 1 485 6 view .LVU655
 1906 003c A042     		cmp	r0, r4
 1907 003e 03DB     		blt	.L59
 486:Middlewares/ST/STM32_WPAN/ble/core/auto/ble_gap_aci.c ****     return BLE_STATUS_TIMEOUT;
 487:Middlewares/ST/STM32_WPAN/ble/core/auto/ble_gap_aci.c ****   return status;
 1908              		.loc 1 487 3 is_stmt 1 view .LVU656
 1909              		.loc 1 487 10 is_stmt 0 view .LVU657
 1910 0040 9DF80700 		ldrb	r0, [sp, #7]	@ zero_extendqisi2
 1911              	.L58:
 488:Middlewares/ST/STM32_WPAN/ble/core/auto/ble_gap_aci.c **** }
 1912              		.loc 1 488 1 view .LVU658
 1913 0044 48B0     		add	sp, sp, #288
 1914              	.LCFI58:
 1915              		.cfi_remember_state
 1916              		.cfi_def_cfa_offset 16
 1917              		@ sp needed
 1918 0046 70BD     		pop	{r4, r5, r6, pc}
 1919              	.LVL198:
 1920              	.L59:
 1921              	.LCFI59:
ARM GAS  C:\Users\843E~1\AppData\Local\Temp\ccgofTZZ.s 			page 43


 1922              		.cfi_restore_state
 486:Middlewares/ST/STM32_WPAN/ble/core/auto/ble_gap_aci.c ****     return BLE_STATUS_TIMEOUT;
 1923              		.loc 1 486 12 view .LVU659
 1924 0048 FF20     		movs	r0, #255
 1925 004a FBE7     		b	.L58
 1926              		.cfi_endproc
 1927              	.LFE14:
 1929              		.section	.text.aci_gap_get_security_level,"ax",%progbits
 1930              		.align	1
 1931              		.global	aci_gap_get_security_level
 1932              		.syntax unified
 1933              		.thumb
 1934              		.thumb_func
 1936              	aci_gap_get_security_level:
 1937              	.LVL199:
 1938              	.LFB15:
 489:Middlewares/ST/STM32_WPAN/ble/core/auto/ble_gap_aci.c **** 
 490:Middlewares/ST/STM32_WPAN/ble/core/auto/ble_gap_aci.c **** tBleStatus aci_gap_get_security_level( uint16_t Connection_Handle,
 491:Middlewares/ST/STM32_WPAN/ble/core/auto/ble_gap_aci.c ****                                        uint8_t* Security_Mode,
 492:Middlewares/ST/STM32_WPAN/ble/core/auto/ble_gap_aci.c ****                                        uint8_t* Security_Level )
 493:Middlewares/ST/STM32_WPAN/ble/core/auto/ble_gap_aci.c **** {
 1939              		.loc 1 493 1 is_stmt 1 view -0
 1940              		.cfi_startproc
 1941              		@ args = 0, pretend = 0, frame = 288
 1942              		@ frame_needed = 0, uses_anonymous_args = 0
 1943              		.loc 1 493 1 is_stmt 0 view .LVU661
 1944 0000 2DE9F041 		push	{r4, r5, r6, r7, r8, lr}
 1945              	.LCFI60:
 1946              		.cfi_def_cfa_offset 24
 1947              		.cfi_offset 4, -24
 1948              		.cfi_offset 5, -20
 1949              		.cfi_offset 6, -16
 1950              		.cfi_offset 7, -12
 1951              		.cfi_offset 8, -8
 1952              		.cfi_offset 14, -4
 1953 0004 C8B0     		sub	sp, sp, #288
 1954              	.LCFI61:
 1955              		.cfi_def_cfa_offset 312
 1956 0006 0446     		mov	r4, r0
 1957 0008 0E46     		mov	r6, r1
 1958 000a 1546     		mov	r5, r2
 494:Middlewares/ST/STM32_WPAN/ble/core/auto/ble_gap_aci.c ****   struct hci_request rq;
 1959              		.loc 1 494 3 is_stmt 1 view .LVU662
 495:Middlewares/ST/STM32_WPAN/ble/core/auto/ble_gap_aci.c ****   uint8_t cmd_buffer[BLE_CMD_MAX_PARAM_LEN];
 1960              		.loc 1 495 3 view .LVU663
 496:Middlewares/ST/STM32_WPAN/ble/core/auto/ble_gap_aci.c ****   aci_gap_get_security_level_cp0 *cp0 = (aci_gap_get_security_level_cp0*)(cmd_buffer);
 1961              		.loc 1 496 3 view .LVU664
 1962              	.LVL200:
 497:Middlewares/ST/STM32_WPAN/ble/core/auto/ble_gap_aci.c ****   aci_gap_get_security_level_rp0 resp;
 1963              		.loc 1 497 3 view .LVU665
 498:Middlewares/ST/STM32_WPAN/ble/core/auto/ble_gap_aci.c ****   Osal_MemSet( &resp, 0, sizeof(resp) );
 1964              		.loc 1 498 3 view .LVU666
 1965 000c 01AF     		add	r7, sp, #4
 1966 000e 0322     		movs	r2, #3
 1967              	.LVL201:
 1968              		.loc 1 498 3 is_stmt 0 view .LVU667
 1969 0010 0021     		movs	r1, #0
ARM GAS  C:\Users\843E~1\AppData\Local\Temp\ccgofTZZ.s 			page 44


 1970              	.LVL202:
 1971              		.loc 1 498 3 view .LVU668
 1972 0012 3846     		mov	r0, r7
 1973              	.LVL203:
 1974              		.loc 1 498 3 view .LVU669
 1975 0014 FFF7FEFF 		bl	Osal_MemSet
 1976              	.LVL204:
 499:Middlewares/ST/STM32_WPAN/ble/core/auto/ble_gap_aci.c ****   int index_input = 0;
 1977              		.loc 1 499 3 is_stmt 1 view .LVU670
 500:Middlewares/ST/STM32_WPAN/ble/core/auto/ble_gap_aci.c ****   cp0->Connection_Handle = Connection_Handle;
 1978              		.loc 1 500 3 view .LVU671
 1979              		.loc 1 500 26 is_stmt 0 view .LVU672
 1980 0018 0DF10808 		add	r8, sp, #8
 1981              	.LVL205:
 1982              		.loc 1 500 26 view .LVU673
 1983 001c ADF80840 		strh	r4, [sp, #8]	@ movhi
 501:Middlewares/ST/STM32_WPAN/ble/core/auto/ble_gap_aci.c ****   index_input += 2;
 1984              		.loc 1 501 3 is_stmt 1 view .LVU674
 1985              	.LVL206:
 502:Middlewares/ST/STM32_WPAN/ble/core/auto/ble_gap_aci.c ****   Osal_MemSet( &rq, 0, sizeof(rq) );
 1986              		.loc 1 502 3 view .LVU675
 1987 0020 1822     		movs	r2, #24
 1988 0022 0021     		movs	r1, #0
 1989 0024 42A8     		add	r0, sp, #264
 1990 0026 FFF7FEFF 		bl	Osal_MemSet
 1991              	.LVL207:
 503:Middlewares/ST/STM32_WPAN/ble/core/auto/ble_gap_aci.c ****   rq.ogf = 0x3f;
 1992              		.loc 1 503 3 view .LVU676
 1993              		.loc 1 503 10 is_stmt 0 view .LVU677
 1994 002a 3F23     		movs	r3, #63
 1995 002c ADF80831 		strh	r3, [sp, #264]	@ movhi
 504:Middlewares/ST/STM32_WPAN/ble/core/auto/ble_gap_aci.c ****   rq.ocf = 0x090;
 1996              		.loc 1 504 3 is_stmt 1 view .LVU678
 1997              		.loc 1 504 10 is_stmt 0 view .LVU679
 1998 0030 9023     		movs	r3, #144
 1999 0032 ADF80A31 		strh	r3, [sp, #266]	@ movhi
 505:Middlewares/ST/STM32_WPAN/ble/core/auto/ble_gap_aci.c ****   rq.cparam = cmd_buffer;
 2000              		.loc 1 505 3 is_stmt 1 view .LVU680
 2001              		.loc 1 505 13 is_stmt 0 view .LVU681
 2002 0036 CDF81081 		str	r8, [sp, #272]
 506:Middlewares/ST/STM32_WPAN/ble/core/auto/ble_gap_aci.c ****   rq.clen = index_input;
 2003              		.loc 1 506 3 is_stmt 1 view .LVU682
 2004              		.loc 1 506 11 is_stmt 0 view .LVU683
 2005 003a 0223     		movs	r3, #2
 2006 003c 4593     		str	r3, [sp, #276]
 507:Middlewares/ST/STM32_WPAN/ble/core/auto/ble_gap_aci.c ****   rq.rparam = &resp;
 2007              		.loc 1 507 3 is_stmt 1 view .LVU684
 2008              		.loc 1 507 13 is_stmt 0 view .LVU685
 2009 003e 4697     		str	r7, [sp, #280]
 508:Middlewares/ST/STM32_WPAN/ble/core/auto/ble_gap_aci.c ****   rq.rlen = sizeof(resp);
 2010              		.loc 1 508 3 is_stmt 1 view .LVU686
 2011              		.loc 1 508 11 is_stmt 0 view .LVU687
 2012 0040 0323     		movs	r3, #3
 2013 0042 4793     		str	r3, [sp, #284]
 509:Middlewares/ST/STM32_WPAN/ble/core/auto/ble_gap_aci.c ****   if ( hci_send_req(&rq, FALSE) < 0 )
 2014              		.loc 1 509 3 is_stmt 1 view .LVU688
 2015              		.loc 1 509 8 is_stmt 0 view .LVU689
ARM GAS  C:\Users\843E~1\AppData\Local\Temp\ccgofTZZ.s 			page 45


 2016 0044 0021     		movs	r1, #0
 2017 0046 42A8     		add	r0, sp, #264
 2018 0048 FFF7FEFF 		bl	hci_send_req
 2019              	.LVL208:
 2020              		.loc 1 509 6 view .LVU690
 2021 004c 0028     		cmp	r0, #0
 2022 004e 0BDB     		blt	.L63
 510:Middlewares/ST/STM32_WPAN/ble/core/auto/ble_gap_aci.c ****     return BLE_STATUS_TIMEOUT;
 511:Middlewares/ST/STM32_WPAN/ble/core/auto/ble_gap_aci.c ****   if ( resp.Status )
 2023              		.loc 1 511 3 is_stmt 1 view .LVU691
 2024              		.loc 1 511 12 is_stmt 0 view .LVU692
 2025 0050 9DF80400 		ldrb	r0, [sp, #4]	@ zero_extendqisi2
 2026              		.loc 1 511 6 view .LVU693
 2027 0054 28B9     		cbnz	r0, .L62
 512:Middlewares/ST/STM32_WPAN/ble/core/auto/ble_gap_aci.c ****     return resp.Status;
 513:Middlewares/ST/STM32_WPAN/ble/core/auto/ble_gap_aci.c ****   *Security_Mode = resp.Security_Mode;
 2028              		.loc 1 513 3 is_stmt 1 view .LVU694
 2029              		.loc 1 513 24 is_stmt 0 view .LVU695
 2030 0056 9DF80530 		ldrb	r3, [sp, #5]	@ zero_extendqisi2
 2031              		.loc 1 513 18 view .LVU696
 2032 005a 3370     		strb	r3, [r6]
 514:Middlewares/ST/STM32_WPAN/ble/core/auto/ble_gap_aci.c ****   *Security_Level = resp.Security_Level;
 2033              		.loc 1 514 3 is_stmt 1 view .LVU697
 2034              		.loc 1 514 25 is_stmt 0 view .LVU698
 2035 005c 9DF80630 		ldrb	r3, [sp, #6]	@ zero_extendqisi2
 2036              		.loc 1 514 19 view .LVU699
 2037 0060 2B70     		strb	r3, [r5]
 515:Middlewares/ST/STM32_WPAN/ble/core/auto/ble_gap_aci.c ****   return BLE_STATUS_SUCCESS;
 2038              		.loc 1 515 3 is_stmt 1 view .LVU700
 2039              	.L62:
 516:Middlewares/ST/STM32_WPAN/ble/core/auto/ble_gap_aci.c **** }
 2040              		.loc 1 516 1 is_stmt 0 view .LVU701
 2041 0062 48B0     		add	sp, sp, #288
 2042              	.LCFI62:
 2043              		.cfi_remember_state
 2044              		.cfi_def_cfa_offset 24
 2045              		@ sp needed
 2046 0064 BDE8F081 		pop	{r4, r5, r6, r7, r8, pc}
 2047              	.LVL209:
 2048              	.L63:
 2049              	.LCFI63:
 2050              		.cfi_restore_state
 510:Middlewares/ST/STM32_WPAN/ble/core/auto/ble_gap_aci.c ****   if ( resp.Status )
 2051              		.loc 1 510 12 view .LVU702
 2052 0068 FF20     		movs	r0, #255
 2053 006a FAE7     		b	.L62
 2054              		.cfi_endproc
 2055              	.LFE15:
 2057              		.section	.text.aci_gap_set_event_mask,"ax",%progbits
 2058              		.align	1
 2059              		.global	aci_gap_set_event_mask
 2060              		.syntax unified
 2061              		.thumb
 2062              		.thumb_func
 2064              	aci_gap_set_event_mask:
 2065              	.LVL210:
 2066              	.LFB16:
ARM GAS  C:\Users\843E~1\AppData\Local\Temp\ccgofTZZ.s 			page 46


 517:Middlewares/ST/STM32_WPAN/ble/core/auto/ble_gap_aci.c **** 
 518:Middlewares/ST/STM32_WPAN/ble/core/auto/ble_gap_aci.c **** tBleStatus aci_gap_set_event_mask( uint16_t GAP_Evt_Mask )
 519:Middlewares/ST/STM32_WPAN/ble/core/auto/ble_gap_aci.c **** {
 2067              		.loc 1 519 1 is_stmt 1 view -0
 2068              		.cfi_startproc
 2069              		@ args = 0, pretend = 0, frame = 288
 2070              		@ frame_needed = 0, uses_anonymous_args = 0
 2071              		.loc 1 519 1 is_stmt 0 view .LVU704
 2072 0000 70B5     		push	{r4, r5, r6, lr}
 2073              	.LCFI64:
 2074              		.cfi_def_cfa_offset 16
 2075              		.cfi_offset 4, -16
 2076              		.cfi_offset 5, -12
 2077              		.cfi_offset 6, -8
 2078              		.cfi_offset 14, -4
 2079 0002 C8B0     		sub	sp, sp, #288
 2080              	.LCFI65:
 2081              		.cfi_def_cfa_offset 304
 520:Middlewares/ST/STM32_WPAN/ble/core/auto/ble_gap_aci.c ****   struct hci_request rq;
 2082              		.loc 1 520 3 is_stmt 1 view .LVU705
 521:Middlewares/ST/STM32_WPAN/ble/core/auto/ble_gap_aci.c ****   uint8_t cmd_buffer[BLE_CMD_MAX_PARAM_LEN];
 2083              		.loc 1 521 3 view .LVU706
 522:Middlewares/ST/STM32_WPAN/ble/core/auto/ble_gap_aci.c ****   aci_gap_set_event_mask_cp0 *cp0 = (aci_gap_set_event_mask_cp0*)(cmd_buffer);
 2084              		.loc 1 522 3 view .LVU707
 2085              	.LVL211:
 523:Middlewares/ST/STM32_WPAN/ble/core/auto/ble_gap_aci.c ****   tBleStatus status = 0;
 2086              		.loc 1 523 3 view .LVU708
 2087              		.loc 1 523 14 is_stmt 0 view .LVU709
 2088 0004 0DF10705 		add	r5, sp, #7
 2089 0008 0024     		movs	r4, #0
 2090 000a 8DF80740 		strb	r4, [sp, #7]
 524:Middlewares/ST/STM32_WPAN/ble/core/auto/ble_gap_aci.c ****   int index_input = 0;
 2091              		.loc 1 524 3 is_stmt 1 view .LVU710
 2092              	.LVL212:
 525:Middlewares/ST/STM32_WPAN/ble/core/auto/ble_gap_aci.c ****   cp0->GAP_Evt_Mask = GAP_Evt_Mask;
 2093              		.loc 1 525 3 view .LVU711
 2094              		.loc 1 525 21 is_stmt 0 view .LVU712
 2095 000e 02AE     		add	r6, sp, #8
 2096              	.LVL213:
 2097              		.loc 1 525 21 view .LVU713
 2098 0010 ADF80800 		strh	r0, [sp, #8]	@ movhi
 526:Middlewares/ST/STM32_WPAN/ble/core/auto/ble_gap_aci.c ****   index_input += 2;
 2099              		.loc 1 526 3 is_stmt 1 view .LVU714
 2100              	.LVL214:
 527:Middlewares/ST/STM32_WPAN/ble/core/auto/ble_gap_aci.c ****   Osal_MemSet( &rq, 0, sizeof(rq) );
 2101              		.loc 1 527 3 view .LVU715
 2102 0014 1822     		movs	r2, #24
 2103 0016 2146     		mov	r1, r4
 2104 0018 42A8     		add	r0, sp, #264
 2105              	.LVL215:
 2106              		.loc 1 527 3 is_stmt 0 view .LVU716
 2107 001a FFF7FEFF 		bl	Osal_MemSet
 2108              	.LVL216:
 528:Middlewares/ST/STM32_WPAN/ble/core/auto/ble_gap_aci.c ****   rq.ogf = 0x3f;
 2109              		.loc 1 528 3 is_stmt 1 view .LVU717
 2110              		.loc 1 528 10 is_stmt 0 view .LVU718
 2111 001e 3F23     		movs	r3, #63
ARM GAS  C:\Users\843E~1\AppData\Local\Temp\ccgofTZZ.s 			page 47


 2112 0020 ADF80831 		strh	r3, [sp, #264]	@ movhi
 529:Middlewares/ST/STM32_WPAN/ble/core/auto/ble_gap_aci.c ****   rq.ocf = 0x091;
 2113              		.loc 1 529 3 is_stmt 1 view .LVU719
 2114              		.loc 1 529 10 is_stmt 0 view .LVU720
 2115 0024 9123     		movs	r3, #145
 2116 0026 ADF80A31 		strh	r3, [sp, #266]	@ movhi
 530:Middlewares/ST/STM32_WPAN/ble/core/auto/ble_gap_aci.c ****   rq.cparam = cmd_buffer;
 2117              		.loc 1 530 3 is_stmt 1 view .LVU721
 2118              		.loc 1 530 13 is_stmt 0 view .LVU722
 2119 002a 4496     		str	r6, [sp, #272]
 531:Middlewares/ST/STM32_WPAN/ble/core/auto/ble_gap_aci.c ****   rq.clen = index_input;
 2120              		.loc 1 531 3 is_stmt 1 view .LVU723
 2121              		.loc 1 531 11 is_stmt 0 view .LVU724
 2122 002c 0223     		movs	r3, #2
 2123 002e 4593     		str	r3, [sp, #276]
 532:Middlewares/ST/STM32_WPAN/ble/core/auto/ble_gap_aci.c ****   rq.rparam = &status;
 2124              		.loc 1 532 3 is_stmt 1 view .LVU725
 2125              		.loc 1 532 13 is_stmt 0 view .LVU726
 2126 0030 4695     		str	r5, [sp, #280]
 533:Middlewares/ST/STM32_WPAN/ble/core/auto/ble_gap_aci.c ****   rq.rlen = 1;
 2127              		.loc 1 533 3 is_stmt 1 view .LVU727
 2128              		.loc 1 533 11 is_stmt 0 view .LVU728
 2129 0032 0123     		movs	r3, #1
 2130 0034 4793     		str	r3, [sp, #284]
 534:Middlewares/ST/STM32_WPAN/ble/core/auto/ble_gap_aci.c ****   if ( hci_send_req(&rq, FALSE) < 0 )
 2131              		.loc 1 534 3 is_stmt 1 view .LVU729
 2132              		.loc 1 534 8 is_stmt 0 view .LVU730
 2133 0036 2146     		mov	r1, r4
 2134 0038 42A8     		add	r0, sp, #264
 2135 003a FFF7FEFF 		bl	hci_send_req
 2136              	.LVL217:
 2137              		.loc 1 534 6 view .LVU731
 2138 003e A042     		cmp	r0, r4
 2139 0040 03DB     		blt	.L67
 535:Middlewares/ST/STM32_WPAN/ble/core/auto/ble_gap_aci.c ****     return BLE_STATUS_TIMEOUT;
 536:Middlewares/ST/STM32_WPAN/ble/core/auto/ble_gap_aci.c ****   return status;
 2140              		.loc 1 536 3 is_stmt 1 view .LVU732
 2141              		.loc 1 536 10 is_stmt 0 view .LVU733
 2142 0042 9DF80700 		ldrb	r0, [sp, #7]	@ zero_extendqisi2
 2143              	.L66:
 537:Middlewares/ST/STM32_WPAN/ble/core/auto/ble_gap_aci.c **** }
 2144              		.loc 1 537 1 view .LVU734
 2145 0046 48B0     		add	sp, sp, #288
 2146              	.LCFI66:
 2147              		.cfi_remember_state
 2148              		.cfi_def_cfa_offset 16
 2149              		@ sp needed
 2150 0048 70BD     		pop	{r4, r5, r6, pc}
 2151              	.LVL218:
 2152              	.L67:
 2153              	.LCFI67:
 2154              		.cfi_restore_state
 535:Middlewares/ST/STM32_WPAN/ble/core/auto/ble_gap_aci.c ****     return BLE_STATUS_TIMEOUT;
 2155              		.loc 1 535 12 view .LVU735
 2156 004a FF20     		movs	r0, #255
 2157 004c FBE7     		b	.L66
 2158              		.cfi_endproc
ARM GAS  C:\Users\843E~1\AppData\Local\Temp\ccgofTZZ.s 			page 48


 2159              	.LFE16:
 2161              		.section	.text.aci_gap_configure_filter_accept_list,"ax",%progbits
 2162              		.align	1
 2163              		.global	aci_gap_configure_filter_accept_list
 2164              		.syntax unified
 2165              		.thumb
 2166              		.thumb_func
 2168              	aci_gap_configure_filter_accept_list:
 2169              	.LFB17:
 538:Middlewares/ST/STM32_WPAN/ble/core/auto/ble_gap_aci.c **** 
 539:Middlewares/ST/STM32_WPAN/ble/core/auto/ble_gap_aci.c **** tBleStatus aci_gap_configure_filter_accept_list( void )
 540:Middlewares/ST/STM32_WPAN/ble/core/auto/ble_gap_aci.c **** {
 2170              		.loc 1 540 1 is_stmt 1 view -0
 2171              		.cfi_startproc
 2172              		@ args = 0, pretend = 0, frame = 32
 2173              		@ frame_needed = 0, uses_anonymous_args = 0
 2174 0000 10B5     		push	{r4, lr}
 2175              	.LCFI68:
 2176              		.cfi_def_cfa_offset 8
 2177              		.cfi_offset 4, -8
 2178              		.cfi_offset 14, -4
 2179 0002 88B0     		sub	sp, sp, #32
 2180              	.LCFI69:
 2181              		.cfi_def_cfa_offset 40
 541:Middlewares/ST/STM32_WPAN/ble/core/auto/ble_gap_aci.c ****   struct hci_request rq;
 2182              		.loc 1 541 3 view .LVU737
 542:Middlewares/ST/STM32_WPAN/ble/core/auto/ble_gap_aci.c ****   tBleStatus status = 0;
 2183              		.loc 1 542 3 view .LVU738
 2184              		.loc 1 542 14 is_stmt 0 view .LVU739
 2185 0004 0024     		movs	r4, #0
 2186 0006 8DF80740 		strb	r4, [sp, #7]
 543:Middlewares/ST/STM32_WPAN/ble/core/auto/ble_gap_aci.c ****   Osal_MemSet( &rq, 0, sizeof(rq) );
 2187              		.loc 1 543 3 is_stmt 1 view .LVU740
 2188 000a 1822     		movs	r2, #24
 2189 000c 2146     		mov	r1, r4
 2190 000e 02A8     		add	r0, sp, #8
 2191 0010 FFF7FEFF 		bl	Osal_MemSet
 2192              	.LVL219:
 544:Middlewares/ST/STM32_WPAN/ble/core/auto/ble_gap_aci.c ****   rq.ogf = 0x3f;
 2193              		.loc 1 544 3 view .LVU741
 2194              		.loc 1 544 10 is_stmt 0 view .LVU742
 2195 0014 3F23     		movs	r3, #63
 2196 0016 ADF80830 		strh	r3, [sp, #8]	@ movhi
 545:Middlewares/ST/STM32_WPAN/ble/core/auto/ble_gap_aci.c ****   rq.ocf = 0x092;
 2197              		.loc 1 545 3 is_stmt 1 view .LVU743
 2198              		.loc 1 545 10 is_stmt 0 view .LVU744
 2199 001a 9223     		movs	r3, #146
 2200 001c ADF80A30 		strh	r3, [sp, #10]	@ movhi
 546:Middlewares/ST/STM32_WPAN/ble/core/auto/ble_gap_aci.c ****   rq.rparam = &status;
 2201              		.loc 1 546 3 is_stmt 1 view .LVU745
 2202              		.loc 1 546 13 is_stmt 0 view .LVU746
 2203 0020 0DF10703 		add	r3, sp, #7
 2204 0024 0693     		str	r3, [sp, #24]
 547:Middlewares/ST/STM32_WPAN/ble/core/auto/ble_gap_aci.c ****   rq.rlen = 1;
 2205              		.loc 1 547 3 is_stmt 1 view .LVU747
 2206              		.loc 1 547 11 is_stmt 0 view .LVU748
 2207 0026 0123     		movs	r3, #1
ARM GAS  C:\Users\843E~1\AppData\Local\Temp\ccgofTZZ.s 			page 49


 2208 0028 0793     		str	r3, [sp, #28]
 548:Middlewares/ST/STM32_WPAN/ble/core/auto/ble_gap_aci.c ****   if ( hci_send_req(&rq, FALSE) < 0 )
 2209              		.loc 1 548 3 is_stmt 1 view .LVU749
 2210              		.loc 1 548 8 is_stmt 0 view .LVU750
 2211 002a 2146     		mov	r1, r4
 2212 002c 02A8     		add	r0, sp, #8
 2213 002e FFF7FEFF 		bl	hci_send_req
 2214              	.LVL220:
 2215              		.loc 1 548 6 view .LVU751
 2216 0032 A042     		cmp	r0, r4
 2217 0034 03DB     		blt	.L71
 549:Middlewares/ST/STM32_WPAN/ble/core/auto/ble_gap_aci.c ****     return BLE_STATUS_TIMEOUT;
 550:Middlewares/ST/STM32_WPAN/ble/core/auto/ble_gap_aci.c ****   return status;
 2218              		.loc 1 550 3 is_stmt 1 view .LVU752
 2219              		.loc 1 550 10 is_stmt 0 view .LVU753
 2220 0036 9DF80700 		ldrb	r0, [sp, #7]	@ zero_extendqisi2
 2221              	.L70:
 551:Middlewares/ST/STM32_WPAN/ble/core/auto/ble_gap_aci.c **** }
 2222              		.loc 1 551 1 view .LVU754
 2223 003a 08B0     		add	sp, sp, #32
 2224              	.LCFI70:
 2225              		.cfi_remember_state
 2226              		.cfi_def_cfa_offset 8
 2227              		@ sp needed
 2228 003c 10BD     		pop	{r4, pc}
 2229              	.L71:
 2230              	.LCFI71:
 2231              		.cfi_restore_state
 549:Middlewares/ST/STM32_WPAN/ble/core/auto/ble_gap_aci.c ****     return BLE_STATUS_TIMEOUT;
 2232              		.loc 1 549 12 view .LVU755
 2233 003e FF20     		movs	r0, #255
 2234 0040 FBE7     		b	.L70
 2235              		.cfi_endproc
 2236              	.LFE17:
 2238              		.section	.text.aci_gap_terminate,"ax",%progbits
 2239              		.align	1
 2240              		.global	aci_gap_terminate
 2241              		.syntax unified
 2242              		.thumb
 2243              		.thumb_func
 2245              	aci_gap_terminate:
 2246              	.LVL221:
 2247              	.LFB18:
 552:Middlewares/ST/STM32_WPAN/ble/core/auto/ble_gap_aci.c **** 
 553:Middlewares/ST/STM32_WPAN/ble/core/auto/ble_gap_aci.c **** tBleStatus aci_gap_terminate( uint16_t Connection_Handle,
 554:Middlewares/ST/STM32_WPAN/ble/core/auto/ble_gap_aci.c ****                               uint8_t Reason )
 555:Middlewares/ST/STM32_WPAN/ble/core/auto/ble_gap_aci.c **** {
 2248              		.loc 1 555 1 is_stmt 1 view -0
 2249              		.cfi_startproc
 2250              		@ args = 0, pretend = 0, frame = 288
 2251              		@ frame_needed = 0, uses_anonymous_args = 0
 2252              		.loc 1 555 1 is_stmt 0 view .LVU757
 2253 0000 70B5     		push	{r4, r5, r6, lr}
 2254              	.LCFI72:
 2255              		.cfi_def_cfa_offset 16
 2256              		.cfi_offset 4, -16
 2257              		.cfi_offset 5, -12
ARM GAS  C:\Users\843E~1\AppData\Local\Temp\ccgofTZZ.s 			page 50


 2258              		.cfi_offset 6, -8
 2259              		.cfi_offset 14, -4
 2260 0002 C8B0     		sub	sp, sp, #288
 2261              	.LCFI73:
 2262              		.cfi_def_cfa_offset 304
 556:Middlewares/ST/STM32_WPAN/ble/core/auto/ble_gap_aci.c ****   struct hci_request rq;
 2263              		.loc 1 556 3 is_stmt 1 view .LVU758
 557:Middlewares/ST/STM32_WPAN/ble/core/auto/ble_gap_aci.c ****   uint8_t cmd_buffer[BLE_CMD_MAX_PARAM_LEN];
 2264              		.loc 1 557 3 view .LVU759
 558:Middlewares/ST/STM32_WPAN/ble/core/auto/ble_gap_aci.c ****   aci_gap_terminate_cp0 *cp0 = (aci_gap_terminate_cp0*)(cmd_buffer);
 2265              		.loc 1 558 3 view .LVU760
 2266              	.LVL222:
 559:Middlewares/ST/STM32_WPAN/ble/core/auto/ble_gap_aci.c ****   tBleStatus status = 0;
 2267              		.loc 1 559 3 view .LVU761
 2268              		.loc 1 559 14 is_stmt 0 view .LVU762
 2269 0004 0DF10706 		add	r6, sp, #7
 2270 0008 0024     		movs	r4, #0
 2271 000a 8DF80740 		strb	r4, [sp, #7]
 560:Middlewares/ST/STM32_WPAN/ble/core/auto/ble_gap_aci.c ****   int index_input = 0;
 2272              		.loc 1 560 3 is_stmt 1 view .LVU763
 2273              	.LVL223:
 561:Middlewares/ST/STM32_WPAN/ble/core/auto/ble_gap_aci.c ****   cp0->Connection_Handle = Connection_Handle;
 2274              		.loc 1 561 3 view .LVU764
 2275              		.loc 1 561 26 is_stmt 0 view .LVU765
 2276 000e 02AD     		add	r5, sp, #8
 2277              	.LVL224:
 2278              		.loc 1 561 26 view .LVU766
 2279 0010 ADF80800 		strh	r0, [sp, #8]	@ movhi
 562:Middlewares/ST/STM32_WPAN/ble/core/auto/ble_gap_aci.c ****   index_input += 2;
 2280              		.loc 1 562 3 is_stmt 1 view .LVU767
 2281              	.LVL225:
 563:Middlewares/ST/STM32_WPAN/ble/core/auto/ble_gap_aci.c ****   cp0->Reason = Reason;
 2282              		.loc 1 563 3 view .LVU768
 2283              		.loc 1 563 15 is_stmt 0 view .LVU769
 2284 0014 8DF80A10 		strb	r1, [sp, #10]
 564:Middlewares/ST/STM32_WPAN/ble/core/auto/ble_gap_aci.c ****   index_input += 1;
 2285              		.loc 1 564 3 is_stmt 1 view .LVU770
 2286              	.LVL226:
 565:Middlewares/ST/STM32_WPAN/ble/core/auto/ble_gap_aci.c ****   Osal_MemSet( &rq, 0, sizeof(rq) );
 2287              		.loc 1 565 3 view .LVU771
 2288 0018 1822     		movs	r2, #24
 2289 001a 2146     		mov	r1, r4
 2290              	.LVL227:
 2291              		.loc 1 565 3 is_stmt 0 view .LVU772
 2292 001c 42A8     		add	r0, sp, #264
 2293              	.LVL228:
 2294              		.loc 1 565 3 view .LVU773
 2295 001e FFF7FEFF 		bl	Osal_MemSet
 2296              	.LVL229:
 566:Middlewares/ST/STM32_WPAN/ble/core/auto/ble_gap_aci.c ****   rq.ogf = 0x3f;
 2297              		.loc 1 566 3 is_stmt 1 view .LVU774
 2298              		.loc 1 566 10 is_stmt 0 view .LVU775
 2299 0022 3F23     		movs	r3, #63
 2300 0024 ADF80831 		strh	r3, [sp, #264]	@ movhi
 567:Middlewares/ST/STM32_WPAN/ble/core/auto/ble_gap_aci.c ****   rq.ocf = 0x093;
 2301              		.loc 1 567 3 is_stmt 1 view .LVU776
 2302              		.loc 1 567 10 is_stmt 0 view .LVU777
ARM GAS  C:\Users\843E~1\AppData\Local\Temp\ccgofTZZ.s 			page 51


 2303 0028 9323     		movs	r3, #147
 2304 002a ADF80A31 		strh	r3, [sp, #266]	@ movhi
 568:Middlewares/ST/STM32_WPAN/ble/core/auto/ble_gap_aci.c ****   rq.event = 0x0F;
 2305              		.loc 1 568 3 is_stmt 1 view .LVU778
 2306              		.loc 1 568 12 is_stmt 0 view .LVU779
 2307 002e 0F23     		movs	r3, #15
 2308 0030 4393     		str	r3, [sp, #268]
 569:Middlewares/ST/STM32_WPAN/ble/core/auto/ble_gap_aci.c ****   rq.cparam = cmd_buffer;
 2309              		.loc 1 569 3 is_stmt 1 view .LVU780
 2310              		.loc 1 569 13 is_stmt 0 view .LVU781
 2311 0032 4495     		str	r5, [sp, #272]
 570:Middlewares/ST/STM32_WPAN/ble/core/auto/ble_gap_aci.c ****   rq.clen = index_input;
 2312              		.loc 1 570 3 is_stmt 1 view .LVU782
 2313              		.loc 1 570 11 is_stmt 0 view .LVU783
 2314 0034 0323     		movs	r3, #3
 2315 0036 4593     		str	r3, [sp, #276]
 571:Middlewares/ST/STM32_WPAN/ble/core/auto/ble_gap_aci.c ****   rq.rparam = &status;
 2316              		.loc 1 571 3 is_stmt 1 view .LVU784
 2317              		.loc 1 571 13 is_stmt 0 view .LVU785
 2318 0038 4696     		str	r6, [sp, #280]
 572:Middlewares/ST/STM32_WPAN/ble/core/auto/ble_gap_aci.c ****   rq.rlen = 1;
 2319              		.loc 1 572 3 is_stmt 1 view .LVU786
 2320              		.loc 1 572 11 is_stmt 0 view .LVU787
 2321 003a 0123     		movs	r3, #1
 2322 003c 4793     		str	r3, [sp, #284]
 573:Middlewares/ST/STM32_WPAN/ble/core/auto/ble_gap_aci.c ****   if ( hci_send_req(&rq, FALSE) < 0 )
 2323              		.loc 1 573 3 is_stmt 1 view .LVU788
 2324              		.loc 1 573 8 is_stmt 0 view .LVU789
 2325 003e 2146     		mov	r1, r4
 2326 0040 42A8     		add	r0, sp, #264
 2327 0042 FFF7FEFF 		bl	hci_send_req
 2328              	.LVL230:
 2329              		.loc 1 573 6 view .LVU790
 2330 0046 A042     		cmp	r0, r4
 2331 0048 03DB     		blt	.L75
 574:Middlewares/ST/STM32_WPAN/ble/core/auto/ble_gap_aci.c ****     return BLE_STATUS_TIMEOUT;
 575:Middlewares/ST/STM32_WPAN/ble/core/auto/ble_gap_aci.c ****   return status;
 2332              		.loc 1 575 3 is_stmt 1 view .LVU791
 2333              		.loc 1 575 10 is_stmt 0 view .LVU792
 2334 004a 9DF80700 		ldrb	r0, [sp, #7]	@ zero_extendqisi2
 2335              	.L74:
 576:Middlewares/ST/STM32_WPAN/ble/core/auto/ble_gap_aci.c **** }
 2336              		.loc 1 576 1 view .LVU793
 2337 004e 48B0     		add	sp, sp, #288
 2338              	.LCFI74:
 2339              		.cfi_remember_state
 2340              		.cfi_def_cfa_offset 16
 2341              		@ sp needed
 2342 0050 70BD     		pop	{r4, r5, r6, pc}
 2343              	.LVL231:
 2344              	.L75:
 2345              	.LCFI75:
 2346              		.cfi_restore_state
 574:Middlewares/ST/STM32_WPAN/ble/core/auto/ble_gap_aci.c ****     return BLE_STATUS_TIMEOUT;
 2347              		.loc 1 574 12 view .LVU794
 2348 0052 FF20     		movs	r0, #255
 2349 0054 FBE7     		b	.L74
ARM GAS  C:\Users\843E~1\AppData\Local\Temp\ccgofTZZ.s 			page 52


 2350              		.cfi_endproc
 2351              	.LFE18:
 2353              		.section	.text.aci_gap_clear_security_db,"ax",%progbits
 2354              		.align	1
 2355              		.global	aci_gap_clear_security_db
 2356              		.syntax unified
 2357              		.thumb
 2358              		.thumb_func
 2360              	aci_gap_clear_security_db:
 2361              	.LFB19:
 577:Middlewares/ST/STM32_WPAN/ble/core/auto/ble_gap_aci.c **** 
 578:Middlewares/ST/STM32_WPAN/ble/core/auto/ble_gap_aci.c **** tBleStatus aci_gap_clear_security_db( void )
 579:Middlewares/ST/STM32_WPAN/ble/core/auto/ble_gap_aci.c **** {
 2362              		.loc 1 579 1 is_stmt 1 view -0
 2363              		.cfi_startproc
 2364              		@ args = 0, pretend = 0, frame = 32
 2365              		@ frame_needed = 0, uses_anonymous_args = 0
 2366 0000 10B5     		push	{r4, lr}
 2367              	.LCFI76:
 2368              		.cfi_def_cfa_offset 8
 2369              		.cfi_offset 4, -8
 2370              		.cfi_offset 14, -4
 2371 0002 88B0     		sub	sp, sp, #32
 2372              	.LCFI77:
 2373              		.cfi_def_cfa_offset 40
 580:Middlewares/ST/STM32_WPAN/ble/core/auto/ble_gap_aci.c ****   struct hci_request rq;
 2374              		.loc 1 580 3 view .LVU796
 581:Middlewares/ST/STM32_WPAN/ble/core/auto/ble_gap_aci.c ****   tBleStatus status = 0;
 2375              		.loc 1 581 3 view .LVU797
 2376              		.loc 1 581 14 is_stmt 0 view .LVU798
 2377 0004 0024     		movs	r4, #0
 2378 0006 8DF80740 		strb	r4, [sp, #7]
 582:Middlewares/ST/STM32_WPAN/ble/core/auto/ble_gap_aci.c ****   Osal_MemSet( &rq, 0, sizeof(rq) );
 2379              		.loc 1 582 3 is_stmt 1 view .LVU799
 2380 000a 1822     		movs	r2, #24
 2381 000c 2146     		mov	r1, r4
 2382 000e 02A8     		add	r0, sp, #8
 2383 0010 FFF7FEFF 		bl	Osal_MemSet
 2384              	.LVL232:
 583:Middlewares/ST/STM32_WPAN/ble/core/auto/ble_gap_aci.c ****   rq.ogf = 0x3f;
 2385              		.loc 1 583 3 view .LVU800
 2386              		.loc 1 583 10 is_stmt 0 view .LVU801
 2387 0014 3F23     		movs	r3, #63
 2388 0016 ADF80830 		strh	r3, [sp, #8]	@ movhi
 584:Middlewares/ST/STM32_WPAN/ble/core/auto/ble_gap_aci.c ****   rq.ocf = 0x094;
 2389              		.loc 1 584 3 is_stmt 1 view .LVU802
 2390              		.loc 1 584 10 is_stmt 0 view .LVU803
 2391 001a 9423     		movs	r3, #148
 2392 001c ADF80A30 		strh	r3, [sp, #10]	@ movhi
 585:Middlewares/ST/STM32_WPAN/ble/core/auto/ble_gap_aci.c ****   rq.rparam = &status;
 2393              		.loc 1 585 3 is_stmt 1 view .LVU804
 2394              		.loc 1 585 13 is_stmt 0 view .LVU805
 2395 0020 0DF10703 		add	r3, sp, #7
 2396 0024 0693     		str	r3, [sp, #24]
 586:Middlewares/ST/STM32_WPAN/ble/core/auto/ble_gap_aci.c ****   rq.rlen = 1;
 2397              		.loc 1 586 3 is_stmt 1 view .LVU806
 2398              		.loc 1 586 11 is_stmt 0 view .LVU807
ARM GAS  C:\Users\843E~1\AppData\Local\Temp\ccgofTZZ.s 			page 53


 2399 0026 0123     		movs	r3, #1
 2400 0028 0793     		str	r3, [sp, #28]
 587:Middlewares/ST/STM32_WPAN/ble/core/auto/ble_gap_aci.c ****   if ( hci_send_req(&rq, FALSE) < 0 )
 2401              		.loc 1 587 3 is_stmt 1 view .LVU808
 2402              		.loc 1 587 8 is_stmt 0 view .LVU809
 2403 002a 2146     		mov	r1, r4
 2404 002c 02A8     		add	r0, sp, #8
 2405 002e FFF7FEFF 		bl	hci_send_req
 2406              	.LVL233:
 2407              		.loc 1 587 6 view .LVU810
 2408 0032 A042     		cmp	r0, r4
 2409 0034 03DB     		blt	.L79
 588:Middlewares/ST/STM32_WPAN/ble/core/auto/ble_gap_aci.c ****     return BLE_STATUS_TIMEOUT;
 589:Middlewares/ST/STM32_WPAN/ble/core/auto/ble_gap_aci.c ****   return status;
 2410              		.loc 1 589 3 is_stmt 1 view .LVU811
 2411              		.loc 1 589 10 is_stmt 0 view .LVU812
 2412 0036 9DF80700 		ldrb	r0, [sp, #7]	@ zero_extendqisi2
 2413              	.L78:
 590:Middlewares/ST/STM32_WPAN/ble/core/auto/ble_gap_aci.c **** }
 2414              		.loc 1 590 1 view .LVU813
 2415 003a 08B0     		add	sp, sp, #32
 2416              	.LCFI78:
 2417              		.cfi_remember_state
 2418              		.cfi_def_cfa_offset 8
 2419              		@ sp needed
 2420 003c 10BD     		pop	{r4, pc}
 2421              	.L79:
 2422              	.LCFI79:
 2423              		.cfi_restore_state
 588:Middlewares/ST/STM32_WPAN/ble/core/auto/ble_gap_aci.c ****     return BLE_STATUS_TIMEOUT;
 2424              		.loc 1 588 12 view .LVU814
 2425 003e FF20     		movs	r0, #255
 2426 0040 FBE7     		b	.L78
 2427              		.cfi_endproc
 2428              	.LFE19:
 2430              		.section	.text.aci_gap_allow_rebond,"ax",%progbits
 2431              		.align	1
 2432              		.global	aci_gap_allow_rebond
 2433              		.syntax unified
 2434              		.thumb
 2435              		.thumb_func
 2437              	aci_gap_allow_rebond:
 2438              	.LVL234:
 2439              	.LFB20:
 591:Middlewares/ST/STM32_WPAN/ble/core/auto/ble_gap_aci.c **** 
 592:Middlewares/ST/STM32_WPAN/ble/core/auto/ble_gap_aci.c **** tBleStatus aci_gap_allow_rebond( uint16_t Connection_Handle )
 593:Middlewares/ST/STM32_WPAN/ble/core/auto/ble_gap_aci.c **** {
 2440              		.loc 1 593 1 is_stmt 1 view -0
 2441              		.cfi_startproc
 2442              		@ args = 0, pretend = 0, frame = 288
 2443              		@ frame_needed = 0, uses_anonymous_args = 0
 2444              		.loc 1 593 1 is_stmt 0 view .LVU816
 2445 0000 70B5     		push	{r4, r5, r6, lr}
 2446              	.LCFI80:
 2447              		.cfi_def_cfa_offset 16
 2448              		.cfi_offset 4, -16
 2449              		.cfi_offset 5, -12
ARM GAS  C:\Users\843E~1\AppData\Local\Temp\ccgofTZZ.s 			page 54


 2450              		.cfi_offset 6, -8
 2451              		.cfi_offset 14, -4
 2452 0002 C8B0     		sub	sp, sp, #288
 2453              	.LCFI81:
 2454              		.cfi_def_cfa_offset 304
 594:Middlewares/ST/STM32_WPAN/ble/core/auto/ble_gap_aci.c ****   struct hci_request rq;
 2455              		.loc 1 594 3 is_stmt 1 view .LVU817
 595:Middlewares/ST/STM32_WPAN/ble/core/auto/ble_gap_aci.c ****   uint8_t cmd_buffer[BLE_CMD_MAX_PARAM_LEN];
 2456              		.loc 1 595 3 view .LVU818
 596:Middlewares/ST/STM32_WPAN/ble/core/auto/ble_gap_aci.c ****   aci_gap_allow_rebond_cp0 *cp0 = (aci_gap_allow_rebond_cp0*)(cmd_buffer);
 2457              		.loc 1 596 3 view .LVU819
 2458              	.LVL235:
 597:Middlewares/ST/STM32_WPAN/ble/core/auto/ble_gap_aci.c ****   tBleStatus status = 0;
 2459              		.loc 1 597 3 view .LVU820
 2460              		.loc 1 597 14 is_stmt 0 view .LVU821
 2461 0004 0DF10705 		add	r5, sp, #7
 2462 0008 0024     		movs	r4, #0
 2463 000a 8DF80740 		strb	r4, [sp, #7]
 598:Middlewares/ST/STM32_WPAN/ble/core/auto/ble_gap_aci.c ****   int index_input = 0;
 2464              		.loc 1 598 3 is_stmt 1 view .LVU822
 2465              	.LVL236:
 599:Middlewares/ST/STM32_WPAN/ble/core/auto/ble_gap_aci.c ****   cp0->Connection_Handle = Connection_Handle;
 2466              		.loc 1 599 3 view .LVU823
 2467              		.loc 1 599 26 is_stmt 0 view .LVU824
 2468 000e 02AE     		add	r6, sp, #8
 2469              	.LVL237:
 2470              		.loc 1 599 26 view .LVU825
 2471 0010 ADF80800 		strh	r0, [sp, #8]	@ movhi
 600:Middlewares/ST/STM32_WPAN/ble/core/auto/ble_gap_aci.c ****   index_input += 2;
 2472              		.loc 1 600 3 is_stmt 1 view .LVU826
 2473              	.LVL238:
 601:Middlewares/ST/STM32_WPAN/ble/core/auto/ble_gap_aci.c ****   Osal_MemSet( &rq, 0, sizeof(rq) );
 2474              		.loc 1 601 3 view .LVU827
 2475 0014 1822     		movs	r2, #24
 2476 0016 2146     		mov	r1, r4
 2477 0018 42A8     		add	r0, sp, #264
 2478              	.LVL239:
 2479              		.loc 1 601 3 is_stmt 0 view .LVU828
 2480 001a FFF7FEFF 		bl	Osal_MemSet
 2481              	.LVL240:
 602:Middlewares/ST/STM32_WPAN/ble/core/auto/ble_gap_aci.c ****   rq.ogf = 0x3f;
 2482              		.loc 1 602 3 is_stmt 1 view .LVU829
 2483              		.loc 1 602 10 is_stmt 0 view .LVU830
 2484 001e 3F23     		movs	r3, #63
 2485 0020 ADF80831 		strh	r3, [sp, #264]	@ movhi
 603:Middlewares/ST/STM32_WPAN/ble/core/auto/ble_gap_aci.c ****   rq.ocf = 0x095;
 2486              		.loc 1 603 3 is_stmt 1 view .LVU831
 2487              		.loc 1 603 10 is_stmt 0 view .LVU832
 2488 0024 9523     		movs	r3, #149
 2489 0026 ADF80A31 		strh	r3, [sp, #266]	@ movhi
 604:Middlewares/ST/STM32_WPAN/ble/core/auto/ble_gap_aci.c ****   rq.cparam = cmd_buffer;
 2490              		.loc 1 604 3 is_stmt 1 view .LVU833
 2491              		.loc 1 604 13 is_stmt 0 view .LVU834
 2492 002a 4496     		str	r6, [sp, #272]
 605:Middlewares/ST/STM32_WPAN/ble/core/auto/ble_gap_aci.c ****   rq.clen = index_input;
 2493              		.loc 1 605 3 is_stmt 1 view .LVU835
 2494              		.loc 1 605 11 is_stmt 0 view .LVU836
ARM GAS  C:\Users\843E~1\AppData\Local\Temp\ccgofTZZ.s 			page 55


 2495 002c 0223     		movs	r3, #2
 2496 002e 4593     		str	r3, [sp, #276]
 606:Middlewares/ST/STM32_WPAN/ble/core/auto/ble_gap_aci.c ****   rq.rparam = &status;
 2497              		.loc 1 606 3 is_stmt 1 view .LVU837
 2498              		.loc 1 606 13 is_stmt 0 view .LVU838
 2499 0030 4695     		str	r5, [sp, #280]
 607:Middlewares/ST/STM32_WPAN/ble/core/auto/ble_gap_aci.c ****   rq.rlen = 1;
 2500              		.loc 1 607 3 is_stmt 1 view .LVU839
 2501              		.loc 1 607 11 is_stmt 0 view .LVU840
 2502 0032 0123     		movs	r3, #1
 2503 0034 4793     		str	r3, [sp, #284]
 608:Middlewares/ST/STM32_WPAN/ble/core/auto/ble_gap_aci.c ****   if ( hci_send_req(&rq, FALSE) < 0 )
 2504              		.loc 1 608 3 is_stmt 1 view .LVU841
 2505              		.loc 1 608 8 is_stmt 0 view .LVU842
 2506 0036 2146     		mov	r1, r4
 2507 0038 42A8     		add	r0, sp, #264
 2508 003a FFF7FEFF 		bl	hci_send_req
 2509              	.LVL241:
 2510              		.loc 1 608 6 view .LVU843
 2511 003e A042     		cmp	r0, r4
 2512 0040 03DB     		blt	.L83
 609:Middlewares/ST/STM32_WPAN/ble/core/auto/ble_gap_aci.c ****     return BLE_STATUS_TIMEOUT;
 610:Middlewares/ST/STM32_WPAN/ble/core/auto/ble_gap_aci.c ****   return status;
 2513              		.loc 1 610 3 is_stmt 1 view .LVU844
 2514              		.loc 1 610 10 is_stmt 0 view .LVU845
 2515 0042 9DF80700 		ldrb	r0, [sp, #7]	@ zero_extendqisi2
 2516              	.L82:
 611:Middlewares/ST/STM32_WPAN/ble/core/auto/ble_gap_aci.c **** }
 2517              		.loc 1 611 1 view .LVU846
 2518 0046 48B0     		add	sp, sp, #288
 2519              	.LCFI82:
 2520              		.cfi_remember_state
 2521              		.cfi_def_cfa_offset 16
 2522              		@ sp needed
 2523 0048 70BD     		pop	{r4, r5, r6, pc}
 2524              	.LVL242:
 2525              	.L83:
 2526              	.LCFI83:
 2527              		.cfi_restore_state
 609:Middlewares/ST/STM32_WPAN/ble/core/auto/ble_gap_aci.c ****     return BLE_STATUS_TIMEOUT;
 2528              		.loc 1 609 12 view .LVU847
 2529 004a FF20     		movs	r0, #255
 2530 004c FBE7     		b	.L82
 2531              		.cfi_endproc
 2532              	.LFE20:
 2534              		.section	.text.aci_gap_start_limited_discovery_proc,"ax",%progbits
 2535              		.align	1
 2536              		.global	aci_gap_start_limited_discovery_proc
 2537              		.syntax unified
 2538              		.thumb
 2539              		.thumb_func
 2541              	aci_gap_start_limited_discovery_proc:
 2542              	.LVL243:
 2543              	.LFB21:
 612:Middlewares/ST/STM32_WPAN/ble/core/auto/ble_gap_aci.c **** 
 613:Middlewares/ST/STM32_WPAN/ble/core/auto/ble_gap_aci.c **** tBleStatus aci_gap_start_limited_discovery_proc( uint16_t LE_Scan_Interval,
 614:Middlewares/ST/STM32_WPAN/ble/core/auto/ble_gap_aci.c ****                                                  uint16_t LE_Scan_Window,
ARM GAS  C:\Users\843E~1\AppData\Local\Temp\ccgofTZZ.s 			page 56


 615:Middlewares/ST/STM32_WPAN/ble/core/auto/ble_gap_aci.c ****                                                  uint8_t Own_Address_Type,
 616:Middlewares/ST/STM32_WPAN/ble/core/auto/ble_gap_aci.c ****                                                  uint8_t Filter_Duplicates )
 617:Middlewares/ST/STM32_WPAN/ble/core/auto/ble_gap_aci.c **** {
 2544              		.loc 1 617 1 is_stmt 1 view -0
 2545              		.cfi_startproc
 2546              		@ args = 0, pretend = 0, frame = 288
 2547              		@ frame_needed = 0, uses_anonymous_args = 0
 2548              		.loc 1 617 1 is_stmt 0 view .LVU849
 2549 0000 70B5     		push	{r4, r5, r6, lr}
 2550              	.LCFI84:
 2551              		.cfi_def_cfa_offset 16
 2552              		.cfi_offset 4, -16
 2553              		.cfi_offset 5, -12
 2554              		.cfi_offset 6, -8
 2555              		.cfi_offset 14, -4
 2556 0002 C8B0     		sub	sp, sp, #288
 2557              	.LCFI85:
 2558              		.cfi_def_cfa_offset 304
 618:Middlewares/ST/STM32_WPAN/ble/core/auto/ble_gap_aci.c ****   struct hci_request rq;
 2559              		.loc 1 618 3 is_stmt 1 view .LVU850
 619:Middlewares/ST/STM32_WPAN/ble/core/auto/ble_gap_aci.c ****   uint8_t cmd_buffer[BLE_CMD_MAX_PARAM_LEN];
 2560              		.loc 1 619 3 view .LVU851
 620:Middlewares/ST/STM32_WPAN/ble/core/auto/ble_gap_aci.c ****   aci_gap_start_limited_discovery_proc_cp0 *cp0 = (aci_gap_start_limited_discovery_proc_cp0*)(cmd_b
 2561              		.loc 1 620 3 view .LVU852
 2562              	.LVL244:
 621:Middlewares/ST/STM32_WPAN/ble/core/auto/ble_gap_aci.c ****   tBleStatus status = 0;
 2563              		.loc 1 621 3 view .LVU853
 2564              		.loc 1 621 14 is_stmt 0 view .LVU854
 2565 0004 0DF10706 		add	r6, sp, #7
 2566 0008 0025     		movs	r5, #0
 2567 000a 8DF80750 		strb	r5, [sp, #7]
 622:Middlewares/ST/STM32_WPAN/ble/core/auto/ble_gap_aci.c ****   int index_input = 0;
 2568              		.loc 1 622 3 is_stmt 1 view .LVU855
 2569              	.LVL245:
 623:Middlewares/ST/STM32_WPAN/ble/core/auto/ble_gap_aci.c ****   cp0->LE_Scan_Interval = LE_Scan_Interval;
 2570              		.loc 1 623 3 view .LVU856
 2571              		.loc 1 623 25 is_stmt 0 view .LVU857
 2572 000e 02AC     		add	r4, sp, #8
 2573              	.LVL246:
 2574              		.loc 1 623 25 view .LVU858
 2575 0010 ADF80800 		strh	r0, [sp, #8]	@ movhi
 624:Middlewares/ST/STM32_WPAN/ble/core/auto/ble_gap_aci.c ****   index_input += 2;
 2576              		.loc 1 624 3 is_stmt 1 view .LVU859
 2577              	.LVL247:
 625:Middlewares/ST/STM32_WPAN/ble/core/auto/ble_gap_aci.c ****   cp0->LE_Scan_Window = LE_Scan_Window;
 2578              		.loc 1 625 3 view .LVU860
 2579              		.loc 1 625 23 is_stmt 0 view .LVU861
 2580 0014 ADF80A10 		strh	r1, [sp, #10]	@ movhi
 626:Middlewares/ST/STM32_WPAN/ble/core/auto/ble_gap_aci.c ****   index_input += 2;
 2581              		.loc 1 626 3 is_stmt 1 view .LVU862
 2582              	.LVL248:
 627:Middlewares/ST/STM32_WPAN/ble/core/auto/ble_gap_aci.c ****   cp0->Own_Address_Type = Own_Address_Type;
 2583              		.loc 1 627 3 view .LVU863
 2584              		.loc 1 627 25 is_stmt 0 view .LVU864
 2585 0018 8DF80C20 		strb	r2, [sp, #12]
 628:Middlewares/ST/STM32_WPAN/ble/core/auto/ble_gap_aci.c ****   index_input += 1;
 2586              		.loc 1 628 3 is_stmt 1 view .LVU865
ARM GAS  C:\Users\843E~1\AppData\Local\Temp\ccgofTZZ.s 			page 57


 2587              	.LVL249:
 629:Middlewares/ST/STM32_WPAN/ble/core/auto/ble_gap_aci.c ****   cp0->Filter_Duplicates = Filter_Duplicates;
 2588              		.loc 1 629 3 view .LVU866
 2589              		.loc 1 629 26 is_stmt 0 view .LVU867
 2590 001c 8DF80D30 		strb	r3, [sp, #13]
 630:Middlewares/ST/STM32_WPAN/ble/core/auto/ble_gap_aci.c ****   index_input += 1;
 2591              		.loc 1 630 3 is_stmt 1 view .LVU868
 2592              	.LVL250:
 631:Middlewares/ST/STM32_WPAN/ble/core/auto/ble_gap_aci.c ****   Osal_MemSet( &rq, 0, sizeof(rq) );
 2593              		.loc 1 631 3 view .LVU869
 2594 0020 1822     		movs	r2, #24
 2595              	.LVL251:
 2596              		.loc 1 631 3 is_stmt 0 view .LVU870
 2597 0022 2946     		mov	r1, r5
 2598              	.LVL252:
 2599              		.loc 1 631 3 view .LVU871
 2600 0024 42A8     		add	r0, sp, #264
 2601              	.LVL253:
 2602              		.loc 1 631 3 view .LVU872
 2603 0026 FFF7FEFF 		bl	Osal_MemSet
 2604              	.LVL254:
 632:Middlewares/ST/STM32_WPAN/ble/core/auto/ble_gap_aci.c ****   rq.ogf = 0x3f;
 2605              		.loc 1 632 3 is_stmt 1 view .LVU873
 2606              		.loc 1 632 10 is_stmt 0 view .LVU874
 2607 002a 3F23     		movs	r3, #63
 2608 002c ADF80831 		strh	r3, [sp, #264]	@ movhi
 633:Middlewares/ST/STM32_WPAN/ble/core/auto/ble_gap_aci.c ****   rq.ocf = 0x096;
 2609              		.loc 1 633 3 is_stmt 1 view .LVU875
 2610              		.loc 1 633 10 is_stmt 0 view .LVU876
 2611 0030 9623     		movs	r3, #150
 2612 0032 ADF80A31 		strh	r3, [sp, #266]	@ movhi
 634:Middlewares/ST/STM32_WPAN/ble/core/auto/ble_gap_aci.c ****   rq.event = 0x0F;
 2613              		.loc 1 634 3 is_stmt 1 view .LVU877
 2614              		.loc 1 634 12 is_stmt 0 view .LVU878
 2615 0036 0F23     		movs	r3, #15
 2616 0038 4393     		str	r3, [sp, #268]
 635:Middlewares/ST/STM32_WPAN/ble/core/auto/ble_gap_aci.c ****   rq.cparam = cmd_buffer;
 2617              		.loc 1 635 3 is_stmt 1 view .LVU879
 2618              		.loc 1 635 13 is_stmt 0 view .LVU880
 2619 003a 4494     		str	r4, [sp, #272]
 636:Middlewares/ST/STM32_WPAN/ble/core/auto/ble_gap_aci.c ****   rq.clen = index_input;
 2620              		.loc 1 636 3 is_stmt 1 view .LVU881
 2621              		.loc 1 636 11 is_stmt 0 view .LVU882
 2622 003c 0623     		movs	r3, #6
 2623 003e 4593     		str	r3, [sp, #276]
 637:Middlewares/ST/STM32_WPAN/ble/core/auto/ble_gap_aci.c ****   rq.rparam = &status;
 2624              		.loc 1 637 3 is_stmt 1 view .LVU883
 2625              		.loc 1 637 13 is_stmt 0 view .LVU884
 2626 0040 4696     		str	r6, [sp, #280]
 638:Middlewares/ST/STM32_WPAN/ble/core/auto/ble_gap_aci.c ****   rq.rlen = 1;
 2627              		.loc 1 638 3 is_stmt 1 view .LVU885
 2628              		.loc 1 638 11 is_stmt 0 view .LVU886
 2629 0042 0123     		movs	r3, #1
 2630 0044 4793     		str	r3, [sp, #284]
 639:Middlewares/ST/STM32_WPAN/ble/core/auto/ble_gap_aci.c ****   if ( hci_send_req(&rq, FALSE) < 0 )
 2631              		.loc 1 639 3 is_stmt 1 view .LVU887
 2632              		.loc 1 639 8 is_stmt 0 view .LVU888
ARM GAS  C:\Users\843E~1\AppData\Local\Temp\ccgofTZZ.s 			page 58


 2633 0046 2946     		mov	r1, r5
 2634 0048 42A8     		add	r0, sp, #264
 2635 004a FFF7FEFF 		bl	hci_send_req
 2636              	.LVL255:
 2637              		.loc 1 639 6 view .LVU889
 2638 004e A842     		cmp	r0, r5
 2639 0050 03DB     		blt	.L87
 640:Middlewares/ST/STM32_WPAN/ble/core/auto/ble_gap_aci.c ****     return BLE_STATUS_TIMEOUT;
 641:Middlewares/ST/STM32_WPAN/ble/core/auto/ble_gap_aci.c ****   return status;
 2640              		.loc 1 641 3 is_stmt 1 view .LVU890
 2641              		.loc 1 641 10 is_stmt 0 view .LVU891
 2642 0052 9DF80700 		ldrb	r0, [sp, #7]	@ zero_extendqisi2
 2643              	.L86:
 642:Middlewares/ST/STM32_WPAN/ble/core/auto/ble_gap_aci.c **** }
 2644              		.loc 1 642 1 view .LVU892
 2645 0056 48B0     		add	sp, sp, #288
 2646              	.LCFI86:
 2647              		.cfi_remember_state
 2648              		.cfi_def_cfa_offset 16
 2649              		@ sp needed
 2650 0058 70BD     		pop	{r4, r5, r6, pc}
 2651              	.LVL256:
 2652              	.L87:
 2653              	.LCFI87:
 2654              		.cfi_restore_state
 640:Middlewares/ST/STM32_WPAN/ble/core/auto/ble_gap_aci.c ****     return BLE_STATUS_TIMEOUT;
 2655              		.loc 1 640 12 view .LVU893
 2656 005a FF20     		movs	r0, #255
 2657 005c FBE7     		b	.L86
 2658              		.cfi_endproc
 2659              	.LFE21:
 2661              		.section	.text.aci_gap_start_general_discovery_proc,"ax",%progbits
 2662              		.align	1
 2663              		.global	aci_gap_start_general_discovery_proc
 2664              		.syntax unified
 2665              		.thumb
 2666              		.thumb_func
 2668              	aci_gap_start_general_discovery_proc:
 2669              	.LVL257:
 2670              	.LFB22:
 643:Middlewares/ST/STM32_WPAN/ble/core/auto/ble_gap_aci.c **** 
 644:Middlewares/ST/STM32_WPAN/ble/core/auto/ble_gap_aci.c **** tBleStatus aci_gap_start_general_discovery_proc( uint16_t LE_Scan_Interval,
 645:Middlewares/ST/STM32_WPAN/ble/core/auto/ble_gap_aci.c ****                                                  uint16_t LE_Scan_Window,
 646:Middlewares/ST/STM32_WPAN/ble/core/auto/ble_gap_aci.c ****                                                  uint8_t Own_Address_Type,
 647:Middlewares/ST/STM32_WPAN/ble/core/auto/ble_gap_aci.c ****                                                  uint8_t Filter_Duplicates )
 648:Middlewares/ST/STM32_WPAN/ble/core/auto/ble_gap_aci.c **** {
 2671              		.loc 1 648 1 is_stmt 1 view -0
 2672              		.cfi_startproc
 2673              		@ args = 0, pretend = 0, frame = 288
 2674              		@ frame_needed = 0, uses_anonymous_args = 0
 2675              		.loc 1 648 1 is_stmt 0 view .LVU895
 2676 0000 70B5     		push	{r4, r5, r6, lr}
 2677              	.LCFI88:
 2678              		.cfi_def_cfa_offset 16
 2679              		.cfi_offset 4, -16
 2680              		.cfi_offset 5, -12
 2681              		.cfi_offset 6, -8
ARM GAS  C:\Users\843E~1\AppData\Local\Temp\ccgofTZZ.s 			page 59


 2682              		.cfi_offset 14, -4
 2683 0002 C8B0     		sub	sp, sp, #288
 2684              	.LCFI89:
 2685              		.cfi_def_cfa_offset 304
 649:Middlewares/ST/STM32_WPAN/ble/core/auto/ble_gap_aci.c ****   struct hci_request rq;
 2686              		.loc 1 649 3 is_stmt 1 view .LVU896
 650:Middlewares/ST/STM32_WPAN/ble/core/auto/ble_gap_aci.c ****   uint8_t cmd_buffer[BLE_CMD_MAX_PARAM_LEN];
 2687              		.loc 1 650 3 view .LVU897
 651:Middlewares/ST/STM32_WPAN/ble/core/auto/ble_gap_aci.c ****   aci_gap_start_general_discovery_proc_cp0 *cp0 = (aci_gap_start_general_discovery_proc_cp0*)(cmd_b
 2688              		.loc 1 651 3 view .LVU898
 2689              	.LVL258:
 652:Middlewares/ST/STM32_WPAN/ble/core/auto/ble_gap_aci.c ****   tBleStatus status = 0;
 2690              		.loc 1 652 3 view .LVU899
 2691              		.loc 1 652 14 is_stmt 0 view .LVU900
 2692 0004 0DF10706 		add	r6, sp, #7
 2693 0008 0025     		movs	r5, #0
 2694 000a 8DF80750 		strb	r5, [sp, #7]
 653:Middlewares/ST/STM32_WPAN/ble/core/auto/ble_gap_aci.c ****   int index_input = 0;
 2695              		.loc 1 653 3 is_stmt 1 view .LVU901
 2696              	.LVL259:
 654:Middlewares/ST/STM32_WPAN/ble/core/auto/ble_gap_aci.c ****   cp0->LE_Scan_Interval = LE_Scan_Interval;
 2697              		.loc 1 654 3 view .LVU902
 2698              		.loc 1 654 25 is_stmt 0 view .LVU903
 2699 000e 02AC     		add	r4, sp, #8
 2700              	.LVL260:
 2701              		.loc 1 654 25 view .LVU904
 2702 0010 ADF80800 		strh	r0, [sp, #8]	@ movhi
 655:Middlewares/ST/STM32_WPAN/ble/core/auto/ble_gap_aci.c ****   index_input += 2;
 2703              		.loc 1 655 3 is_stmt 1 view .LVU905
 2704              	.LVL261:
 656:Middlewares/ST/STM32_WPAN/ble/core/auto/ble_gap_aci.c ****   cp0->LE_Scan_Window = LE_Scan_Window;
 2705              		.loc 1 656 3 view .LVU906
 2706              		.loc 1 656 23 is_stmt 0 view .LVU907
 2707 0014 ADF80A10 		strh	r1, [sp, #10]	@ movhi
 657:Middlewares/ST/STM32_WPAN/ble/core/auto/ble_gap_aci.c ****   index_input += 2;
 2708              		.loc 1 657 3 is_stmt 1 view .LVU908
 2709              	.LVL262:
 658:Middlewares/ST/STM32_WPAN/ble/core/auto/ble_gap_aci.c ****   cp0->Own_Address_Type = Own_Address_Type;
 2710              		.loc 1 658 3 view .LVU909
 2711              		.loc 1 658 25 is_stmt 0 view .LVU910
 2712 0018 8DF80C20 		strb	r2, [sp, #12]
 659:Middlewares/ST/STM32_WPAN/ble/core/auto/ble_gap_aci.c ****   index_input += 1;
 2713              		.loc 1 659 3 is_stmt 1 view .LVU911
 2714              	.LVL263:
 660:Middlewares/ST/STM32_WPAN/ble/core/auto/ble_gap_aci.c ****   cp0->Filter_Duplicates = Filter_Duplicates;
 2715              		.loc 1 660 3 view .LVU912
 2716              		.loc 1 660 26 is_stmt 0 view .LVU913
 2717 001c 8DF80D30 		strb	r3, [sp, #13]
 661:Middlewares/ST/STM32_WPAN/ble/core/auto/ble_gap_aci.c ****   index_input += 1;
 2718              		.loc 1 661 3 is_stmt 1 view .LVU914
 2719              	.LVL264:
 662:Middlewares/ST/STM32_WPAN/ble/core/auto/ble_gap_aci.c ****   Osal_MemSet( &rq, 0, sizeof(rq) );
 2720              		.loc 1 662 3 view .LVU915
 2721 0020 1822     		movs	r2, #24
 2722              	.LVL265:
 2723              		.loc 1 662 3 is_stmt 0 view .LVU916
 2724 0022 2946     		mov	r1, r5
ARM GAS  C:\Users\843E~1\AppData\Local\Temp\ccgofTZZ.s 			page 60


 2725              	.LVL266:
 2726              		.loc 1 662 3 view .LVU917
 2727 0024 42A8     		add	r0, sp, #264
 2728              	.LVL267:
 2729              		.loc 1 662 3 view .LVU918
 2730 0026 FFF7FEFF 		bl	Osal_MemSet
 2731              	.LVL268:
 663:Middlewares/ST/STM32_WPAN/ble/core/auto/ble_gap_aci.c ****   rq.ogf = 0x3f;
 2732              		.loc 1 663 3 is_stmt 1 view .LVU919
 2733              		.loc 1 663 10 is_stmt 0 view .LVU920
 2734 002a 3F23     		movs	r3, #63
 2735 002c ADF80831 		strh	r3, [sp, #264]	@ movhi
 664:Middlewares/ST/STM32_WPAN/ble/core/auto/ble_gap_aci.c ****   rq.ocf = 0x097;
 2736              		.loc 1 664 3 is_stmt 1 view .LVU921
 2737              		.loc 1 664 10 is_stmt 0 view .LVU922
 2738 0030 9723     		movs	r3, #151
 2739 0032 ADF80A31 		strh	r3, [sp, #266]	@ movhi
 665:Middlewares/ST/STM32_WPAN/ble/core/auto/ble_gap_aci.c ****   rq.event = 0x0F;
 2740              		.loc 1 665 3 is_stmt 1 view .LVU923
 2741              		.loc 1 665 12 is_stmt 0 view .LVU924
 2742 0036 0F23     		movs	r3, #15
 2743 0038 4393     		str	r3, [sp, #268]
 666:Middlewares/ST/STM32_WPAN/ble/core/auto/ble_gap_aci.c ****   rq.cparam = cmd_buffer;
 2744              		.loc 1 666 3 is_stmt 1 view .LVU925
 2745              		.loc 1 666 13 is_stmt 0 view .LVU926
 2746 003a 4494     		str	r4, [sp, #272]
 667:Middlewares/ST/STM32_WPAN/ble/core/auto/ble_gap_aci.c ****   rq.clen = index_input;
 2747              		.loc 1 667 3 is_stmt 1 view .LVU927
 2748              		.loc 1 667 11 is_stmt 0 view .LVU928
 2749 003c 0623     		movs	r3, #6
 2750 003e 4593     		str	r3, [sp, #276]
 668:Middlewares/ST/STM32_WPAN/ble/core/auto/ble_gap_aci.c ****   rq.rparam = &status;
 2751              		.loc 1 668 3 is_stmt 1 view .LVU929
 2752              		.loc 1 668 13 is_stmt 0 view .LVU930
 2753 0040 4696     		str	r6, [sp, #280]
 669:Middlewares/ST/STM32_WPAN/ble/core/auto/ble_gap_aci.c ****   rq.rlen = 1;
 2754              		.loc 1 669 3 is_stmt 1 view .LVU931
 2755              		.loc 1 669 11 is_stmt 0 view .LVU932
 2756 0042 0123     		movs	r3, #1
 2757 0044 4793     		str	r3, [sp, #284]
 670:Middlewares/ST/STM32_WPAN/ble/core/auto/ble_gap_aci.c ****   if ( hci_send_req(&rq, FALSE) < 0 )
 2758              		.loc 1 670 3 is_stmt 1 view .LVU933
 2759              		.loc 1 670 8 is_stmt 0 view .LVU934
 2760 0046 2946     		mov	r1, r5
 2761 0048 42A8     		add	r0, sp, #264
 2762 004a FFF7FEFF 		bl	hci_send_req
 2763              	.LVL269:
 2764              		.loc 1 670 6 view .LVU935
 2765 004e A842     		cmp	r0, r5
 2766 0050 03DB     		blt	.L91
 671:Middlewares/ST/STM32_WPAN/ble/core/auto/ble_gap_aci.c ****     return BLE_STATUS_TIMEOUT;
 672:Middlewares/ST/STM32_WPAN/ble/core/auto/ble_gap_aci.c ****   return status;
 2767              		.loc 1 672 3 is_stmt 1 view .LVU936
 2768              		.loc 1 672 10 is_stmt 0 view .LVU937
 2769 0052 9DF80700 		ldrb	r0, [sp, #7]	@ zero_extendqisi2
 2770              	.L90:
 673:Middlewares/ST/STM32_WPAN/ble/core/auto/ble_gap_aci.c **** }
ARM GAS  C:\Users\843E~1\AppData\Local\Temp\ccgofTZZ.s 			page 61


 2771              		.loc 1 673 1 view .LVU938
 2772 0056 48B0     		add	sp, sp, #288
 2773              	.LCFI90:
 2774              		.cfi_remember_state
 2775              		.cfi_def_cfa_offset 16
 2776              		@ sp needed
 2777 0058 70BD     		pop	{r4, r5, r6, pc}
 2778              	.LVL270:
 2779              	.L91:
 2780              	.LCFI91:
 2781              		.cfi_restore_state
 671:Middlewares/ST/STM32_WPAN/ble/core/auto/ble_gap_aci.c ****     return BLE_STATUS_TIMEOUT;
 2782              		.loc 1 671 12 view .LVU939
 2783 005a FF20     		movs	r0, #255
 2784 005c FBE7     		b	.L90
 2785              		.cfi_endproc
 2786              	.LFE22:
 2788              		.section	.text.aci_gap_start_auto_connection_establish_proc,"ax",%progbits
 2789              		.align	1
 2790              		.global	aci_gap_start_auto_connection_establish_proc
 2791              		.syntax unified
 2792              		.thumb
 2793              		.thumb_func
 2795              	aci_gap_start_auto_connection_establish_proc:
 2796              	.LVL271:
 2797              	.LFB23:
 674:Middlewares/ST/STM32_WPAN/ble/core/auto/ble_gap_aci.c **** 
 675:Middlewares/ST/STM32_WPAN/ble/core/auto/ble_gap_aci.c **** tBleStatus aci_gap_start_auto_connection_establish_proc( uint16_t LE_Scan_Interval,
 676:Middlewares/ST/STM32_WPAN/ble/core/auto/ble_gap_aci.c ****                                                          uint16_t LE_Scan_Window,
 677:Middlewares/ST/STM32_WPAN/ble/core/auto/ble_gap_aci.c ****                                                          uint8_t Own_Address_Type,
 678:Middlewares/ST/STM32_WPAN/ble/core/auto/ble_gap_aci.c ****                                                          uint16_t Conn_Interval_Min,
 679:Middlewares/ST/STM32_WPAN/ble/core/auto/ble_gap_aci.c ****                                                          uint16_t Conn_Interval_Max,
 680:Middlewares/ST/STM32_WPAN/ble/core/auto/ble_gap_aci.c ****                                                          uint16_t Conn_Latency,
 681:Middlewares/ST/STM32_WPAN/ble/core/auto/ble_gap_aci.c ****                                                          uint16_t Supervision_Timeout,
 682:Middlewares/ST/STM32_WPAN/ble/core/auto/ble_gap_aci.c ****                                                          uint16_t Minimum_CE_Length,
 683:Middlewares/ST/STM32_WPAN/ble/core/auto/ble_gap_aci.c ****                                                          uint16_t Maximum_CE_Length,
 684:Middlewares/ST/STM32_WPAN/ble/core/auto/ble_gap_aci.c ****                                                          uint8_t Num_of_Peer_Entries,
 685:Middlewares/ST/STM32_WPAN/ble/core/auto/ble_gap_aci.c ****                                                          const Peer_Entry_t* Peer_Entry )
 686:Middlewares/ST/STM32_WPAN/ble/core/auto/ble_gap_aci.c **** {
 2798              		.loc 1 686 1 is_stmt 1 view -0
 2799              		.cfi_startproc
 2800              		@ args = 28, pretend = 0, frame = 288
 2801              		@ frame_needed = 0, uses_anonymous_args = 0
 2802              		.loc 1 686 1 is_stmt 0 view .LVU941
 2803 0000 F0B5     		push	{r4, r5, r6, r7, lr}
 2804              	.LCFI92:
 2805              		.cfi_def_cfa_offset 20
 2806              		.cfi_offset 4, -20
 2807              		.cfi_offset 5, -16
 2808              		.cfi_offset 6, -12
 2809              		.cfi_offset 7, -8
 2810              		.cfi_offset 14, -4
 2811 0002 C9B0     		sub	sp, sp, #292
 2812              	.LCFI93:
 2813              		.cfi_def_cfa_offset 312
 2814 0004 9DF84CC1 		ldrb	ip, [sp, #332]	@ zero_extendqisi2
 687:Middlewares/ST/STM32_WPAN/ble/core/auto/ble_gap_aci.c ****   struct hci_request rq;
ARM GAS  C:\Users\843E~1\AppData\Local\Temp\ccgofTZZ.s 			page 62


 2815              		.loc 1 687 3 is_stmt 1 view .LVU942
 688:Middlewares/ST/STM32_WPAN/ble/core/auto/ble_gap_aci.c ****   uint8_t cmd_buffer[BLE_CMD_MAX_PARAM_LEN];
 2816              		.loc 1 688 3 view .LVU943
 689:Middlewares/ST/STM32_WPAN/ble/core/auto/ble_gap_aci.c ****   aci_gap_start_auto_connection_establish_proc_cp0 *cp0 = (aci_gap_start_auto_connection_establish_
 2817              		.loc 1 689 3 view .LVU944
 2818              	.LVL272:
 690:Middlewares/ST/STM32_WPAN/ble/core/auto/ble_gap_aci.c ****   tBleStatus status = 0;
 2819              		.loc 1 690 3 view .LVU945
 2820              		.loc 1 690 14 is_stmt 0 view .LVU946
 2821 0008 0DF10707 		add	r7, sp, #7
 2822 000c 0026     		movs	r6, #0
 2823 000e 8DF80760 		strb	r6, [sp, #7]
 691:Middlewares/ST/STM32_WPAN/ble/core/auto/ble_gap_aci.c ****   int index_input = 0;
 2824              		.loc 1 691 3 is_stmt 1 view .LVU947
 2825              	.LVL273:
 692:Middlewares/ST/STM32_WPAN/ble/core/auto/ble_gap_aci.c ****   cp0->LE_Scan_Interval = LE_Scan_Interval;
 2826              		.loc 1 692 3 view .LVU948
 2827              		.loc 1 692 25 is_stmt 0 view .LVU949
 2828 0012 02AC     		add	r4, sp, #8
 2829              	.LVL274:
 2830              		.loc 1 692 25 view .LVU950
 2831 0014 ADF80800 		strh	r0, [sp, #8]	@ movhi
 693:Middlewares/ST/STM32_WPAN/ble/core/auto/ble_gap_aci.c ****   index_input += 2;
 2832              		.loc 1 693 3 is_stmt 1 view .LVU951
 2833              	.LVL275:
 694:Middlewares/ST/STM32_WPAN/ble/core/auto/ble_gap_aci.c ****   cp0->LE_Scan_Window = LE_Scan_Window;
 2834              		.loc 1 694 3 view .LVU952
 2835              		.loc 1 694 23 is_stmt 0 view .LVU953
 2836 0018 ADF80A10 		strh	r1, [sp, #10]	@ movhi
 695:Middlewares/ST/STM32_WPAN/ble/core/auto/ble_gap_aci.c ****   index_input += 2;
 2837              		.loc 1 695 3 is_stmt 1 view .LVU954
 2838              	.LVL276:
 696:Middlewares/ST/STM32_WPAN/ble/core/auto/ble_gap_aci.c ****   cp0->Own_Address_Type = Own_Address_Type;
 2839              		.loc 1 696 3 view .LVU955
 2840              		.loc 1 696 25 is_stmt 0 view .LVU956
 2841 001c 8DF80C20 		strb	r2, [sp, #12]
 697:Middlewares/ST/STM32_WPAN/ble/core/auto/ble_gap_aci.c ****   index_input += 1;
 2842              		.loc 1 697 3 is_stmt 1 view .LVU957
 2843              	.LVL277:
 698:Middlewares/ST/STM32_WPAN/ble/core/auto/ble_gap_aci.c ****   cp0->Conn_Interval_Min = Conn_Interval_Min;
 2844              		.loc 1 698 3 view .LVU958
 2845              		.loc 1 698 26 is_stmt 0 view .LVU959
 2846 0020 ADF80D30 		strh	r3, [sp, #13]	@ unaligned
 699:Middlewares/ST/STM32_WPAN/ble/core/auto/ble_gap_aci.c ****   index_input += 2;
 2847              		.loc 1 699 3 is_stmt 1 view .LVU960
 2848              	.LVL278:
 700:Middlewares/ST/STM32_WPAN/ble/core/auto/ble_gap_aci.c ****   cp0->Conn_Interval_Max = Conn_Interval_Max;
 2849              		.loc 1 700 3 view .LVU961
 2850              		.loc 1 700 26 is_stmt 0 view .LVU962
 2851 0024 BDF83831 		ldrh	r3, [sp, #312]
 2852              	.LVL279:
 2853              		.loc 1 700 26 view .LVU963
 2854 0028 ADF80F30 		strh	r3, [sp, #15]	@ unaligned
 701:Middlewares/ST/STM32_WPAN/ble/core/auto/ble_gap_aci.c ****   index_input += 2;
 2855              		.loc 1 701 3 is_stmt 1 view .LVU964
 2856              	.LVL280:
 702:Middlewares/ST/STM32_WPAN/ble/core/auto/ble_gap_aci.c ****   cp0->Conn_Latency = Conn_Latency;
ARM GAS  C:\Users\843E~1\AppData\Local\Temp\ccgofTZZ.s 			page 63


 2857              		.loc 1 702 3 view .LVU965
 2858              		.loc 1 702 21 is_stmt 0 view .LVU966
 2859 002c BDF83C31 		ldrh	r3, [sp, #316]
 2860 0030 ADF81130 		strh	r3, [sp, #17]	@ unaligned
 703:Middlewares/ST/STM32_WPAN/ble/core/auto/ble_gap_aci.c ****   index_input += 2;
 2861              		.loc 1 703 3 is_stmt 1 view .LVU967
 2862              	.LVL281:
 704:Middlewares/ST/STM32_WPAN/ble/core/auto/ble_gap_aci.c ****   cp0->Supervision_Timeout = Supervision_Timeout;
 2863              		.loc 1 704 3 view .LVU968
 2864              		.loc 1 704 28 is_stmt 0 view .LVU969
 2865 0034 BDF84031 		ldrh	r3, [sp, #320]
 2866 0038 ADF81330 		strh	r3, [sp, #19]	@ unaligned
 705:Middlewares/ST/STM32_WPAN/ble/core/auto/ble_gap_aci.c ****   index_input += 2;
 2867              		.loc 1 705 3 is_stmt 1 view .LVU970
 2868              	.LVL282:
 706:Middlewares/ST/STM32_WPAN/ble/core/auto/ble_gap_aci.c ****   cp0->Minimum_CE_Length = Minimum_CE_Length;
 2869              		.loc 1 706 3 view .LVU971
 2870              		.loc 1 706 26 is_stmt 0 view .LVU972
 2871 003c BDF84431 		ldrh	r3, [sp, #324]
 2872 0040 ADF81530 		strh	r3, [sp, #21]	@ unaligned
 707:Middlewares/ST/STM32_WPAN/ble/core/auto/ble_gap_aci.c ****   index_input += 2;
 2873              		.loc 1 707 3 is_stmt 1 view .LVU973
 2874              	.LVL283:
 708:Middlewares/ST/STM32_WPAN/ble/core/auto/ble_gap_aci.c ****   cp0->Maximum_CE_Length = Maximum_CE_Length;
 2875              		.loc 1 708 3 view .LVU974
 2876              		.loc 1 708 26 is_stmt 0 view .LVU975
 2877 0044 BDF84831 		ldrh	r3, [sp, #328]
 2878 0048 ADF81730 		strh	r3, [sp, #23]	@ unaligned
 709:Middlewares/ST/STM32_WPAN/ble/core/auto/ble_gap_aci.c ****   index_input += 2;
 2879              		.loc 1 709 3 is_stmt 1 view .LVU976
 2880              	.LVL284:
 710:Middlewares/ST/STM32_WPAN/ble/core/auto/ble_gap_aci.c ****   cp0->Num_of_Peer_Entries = Num_of_Peer_Entries;
 2881              		.loc 1 710 3 view .LVU977
 2882              		.loc 1 710 28 is_stmt 0 view .LVU978
 2883 004c 8DF819C0 		strb	ip, [sp, #25]
 711:Middlewares/ST/STM32_WPAN/ble/core/auto/ble_gap_aci.c ****   index_input += 1;
 2884              		.loc 1 711 3 is_stmt 1 view .LVU979
 2885              	.LVL285:
 712:Middlewares/ST/STM32_WPAN/ble/core/auto/ble_gap_aci.c ****   Osal_MemCpy( (void*)&cp0->Peer_Entry, (const void*)Peer_Entry, Num_of_Peer_Entries * (sizeof(Peer
 2886              		.loc 1 712 3 view .LVU980
 2887 0050 CCEBCC05 		rsb	r5, ip, ip, lsl #3
 2888 0054 2A46     		mov	r2, r5
 2889              	.LVL286:
 2890              		.loc 1 712 3 is_stmt 0 view .LVU981
 2891 0056 5499     		ldr	r1, [sp, #336]
 2892              	.LVL287:
 2893              		.loc 1 712 3 view .LVU982
 2894 0058 0DF11A00 		add	r0, sp, #26
 2895              	.LVL288:
 2896              		.loc 1 712 3 view .LVU983
 2897 005c FFF7FEFF 		bl	Osal_MemCpy
 2898              	.LVL289:
 713:Middlewares/ST/STM32_WPAN/ble/core/auto/ble_gap_aci.c ****   index_input += Num_of_Peer_Entries * (sizeof(Peer_Entry_t));
 2899              		.loc 1 713 3 is_stmt 1 view .LVU984
 2900              		.loc 1 713 15 is_stmt 0 view .LVU985
 2901 0060 1235     		adds	r5, r5, #18
 2902              	.LVL290:
ARM GAS  C:\Users\843E~1\AppData\Local\Temp\ccgofTZZ.s 			page 64


 714:Middlewares/ST/STM32_WPAN/ble/core/auto/ble_gap_aci.c ****   Osal_MemSet( &rq, 0, sizeof(rq) );
 2903              		.loc 1 714 3 is_stmt 1 view .LVU986
 2904 0062 1822     		movs	r2, #24
 2905 0064 3146     		mov	r1, r6
 2906 0066 42A8     		add	r0, sp, #264
 2907 0068 FFF7FEFF 		bl	Osal_MemSet
 2908              	.LVL291:
 715:Middlewares/ST/STM32_WPAN/ble/core/auto/ble_gap_aci.c ****   rq.ogf = 0x3f;
 2909              		.loc 1 715 3 view .LVU987
 2910              		.loc 1 715 10 is_stmt 0 view .LVU988
 2911 006c 3F23     		movs	r3, #63
 2912 006e ADF80831 		strh	r3, [sp, #264]	@ movhi
 716:Middlewares/ST/STM32_WPAN/ble/core/auto/ble_gap_aci.c ****   rq.ocf = 0x099;
 2913              		.loc 1 716 3 is_stmt 1 view .LVU989
 2914              		.loc 1 716 10 is_stmt 0 view .LVU990
 2915 0072 9923     		movs	r3, #153
 2916 0074 ADF80A31 		strh	r3, [sp, #266]	@ movhi
 717:Middlewares/ST/STM32_WPAN/ble/core/auto/ble_gap_aci.c ****   rq.event = 0x0F;
 2917              		.loc 1 717 3 is_stmt 1 view .LVU991
 2918              		.loc 1 717 12 is_stmt 0 view .LVU992
 2919 0078 0F23     		movs	r3, #15
 2920 007a 4393     		str	r3, [sp, #268]
 718:Middlewares/ST/STM32_WPAN/ble/core/auto/ble_gap_aci.c ****   rq.cparam = cmd_buffer;
 2921              		.loc 1 718 3 is_stmt 1 view .LVU993
 2922              		.loc 1 718 13 is_stmt 0 view .LVU994
 2923 007c 4494     		str	r4, [sp, #272]
 719:Middlewares/ST/STM32_WPAN/ble/core/auto/ble_gap_aci.c ****   rq.clen = index_input;
 2924              		.loc 1 719 3 is_stmt 1 view .LVU995
 2925              		.loc 1 719 11 is_stmt 0 view .LVU996
 2926 007e 4595     		str	r5, [sp, #276]
 720:Middlewares/ST/STM32_WPAN/ble/core/auto/ble_gap_aci.c ****   rq.rparam = &status;
 2927              		.loc 1 720 3 is_stmt 1 view .LVU997
 2928              		.loc 1 720 13 is_stmt 0 view .LVU998
 2929 0080 4697     		str	r7, [sp, #280]
 721:Middlewares/ST/STM32_WPAN/ble/core/auto/ble_gap_aci.c ****   rq.rlen = 1;
 2930              		.loc 1 721 3 is_stmt 1 view .LVU999
 2931              		.loc 1 721 11 is_stmt 0 view .LVU1000
 2932 0082 0123     		movs	r3, #1
 2933 0084 4793     		str	r3, [sp, #284]
 722:Middlewares/ST/STM32_WPAN/ble/core/auto/ble_gap_aci.c ****   if ( hci_send_req(&rq, FALSE) < 0 )
 2934              		.loc 1 722 3 is_stmt 1 view .LVU1001
 2935              		.loc 1 722 8 is_stmt 0 view .LVU1002
 2936 0086 3146     		mov	r1, r6
 2937 0088 42A8     		add	r0, sp, #264
 2938 008a FFF7FEFF 		bl	hci_send_req
 2939              	.LVL292:
 2940              		.loc 1 722 6 view .LVU1003
 2941 008e B042     		cmp	r0, r6
 2942 0090 03DB     		blt	.L95
 723:Middlewares/ST/STM32_WPAN/ble/core/auto/ble_gap_aci.c ****     return BLE_STATUS_TIMEOUT;
 724:Middlewares/ST/STM32_WPAN/ble/core/auto/ble_gap_aci.c ****   return status;
 2943              		.loc 1 724 3 is_stmt 1 view .LVU1004
 2944              		.loc 1 724 10 is_stmt 0 view .LVU1005
 2945 0092 9DF80700 		ldrb	r0, [sp, #7]	@ zero_extendqisi2
 2946              	.L94:
 725:Middlewares/ST/STM32_WPAN/ble/core/auto/ble_gap_aci.c **** }
 2947              		.loc 1 725 1 view .LVU1006
ARM GAS  C:\Users\843E~1\AppData\Local\Temp\ccgofTZZ.s 			page 65


 2948 0096 49B0     		add	sp, sp, #292
 2949              	.LCFI94:
 2950              		.cfi_remember_state
 2951              		.cfi_def_cfa_offset 20
 2952              		@ sp needed
 2953 0098 F0BD     		pop	{r4, r5, r6, r7, pc}
 2954              	.LVL293:
 2955              	.L95:
 2956              	.LCFI95:
 2957              		.cfi_restore_state
 723:Middlewares/ST/STM32_WPAN/ble/core/auto/ble_gap_aci.c ****     return BLE_STATUS_TIMEOUT;
 2958              		.loc 1 723 12 view .LVU1007
 2959 009a FF20     		movs	r0, #255
 2960 009c FBE7     		b	.L94
 2961              		.cfi_endproc
 2962              	.LFE23:
 2964              		.section	.text.aci_gap_start_general_connection_establish_proc,"ax",%progbits
 2965              		.align	1
 2966              		.global	aci_gap_start_general_connection_establish_proc
 2967              		.syntax unified
 2968              		.thumb
 2969              		.thumb_func
 2971              	aci_gap_start_general_connection_establish_proc:
 2972              	.LVL294:
 2973              	.LFB24:
 726:Middlewares/ST/STM32_WPAN/ble/core/auto/ble_gap_aci.c **** 
 727:Middlewares/ST/STM32_WPAN/ble/core/auto/ble_gap_aci.c **** tBleStatus aci_gap_start_general_connection_establish_proc( uint8_t LE_Scan_Type,
 728:Middlewares/ST/STM32_WPAN/ble/core/auto/ble_gap_aci.c ****                                                             uint16_t LE_Scan_Interval,
 729:Middlewares/ST/STM32_WPAN/ble/core/auto/ble_gap_aci.c ****                                                             uint16_t LE_Scan_Window,
 730:Middlewares/ST/STM32_WPAN/ble/core/auto/ble_gap_aci.c ****                                                             uint8_t Own_Address_Type,
 731:Middlewares/ST/STM32_WPAN/ble/core/auto/ble_gap_aci.c ****                                                             uint8_t Scanning_Filter_Policy,
 732:Middlewares/ST/STM32_WPAN/ble/core/auto/ble_gap_aci.c ****                                                             uint8_t Filter_Duplicates )
 733:Middlewares/ST/STM32_WPAN/ble/core/auto/ble_gap_aci.c **** {
 2974              		.loc 1 733 1 is_stmt 1 view -0
 2975              		.cfi_startproc
 2976              		@ args = 8, pretend = 0, frame = 288
 2977              		@ frame_needed = 0, uses_anonymous_args = 0
 2978              		.loc 1 733 1 is_stmt 0 view .LVU1009
 2979 0000 70B5     		push	{r4, r5, r6, lr}
 2980              	.LCFI96:
 2981              		.cfi_def_cfa_offset 16
 2982              		.cfi_offset 4, -16
 2983              		.cfi_offset 5, -12
 2984              		.cfi_offset 6, -8
 2985              		.cfi_offset 14, -4
 2986 0002 C8B0     		sub	sp, sp, #288
 2987              	.LCFI97:
 2988              		.cfi_def_cfa_offset 304
 734:Middlewares/ST/STM32_WPAN/ble/core/auto/ble_gap_aci.c ****   struct hci_request rq;
 2989              		.loc 1 734 3 is_stmt 1 view .LVU1010
 735:Middlewares/ST/STM32_WPAN/ble/core/auto/ble_gap_aci.c ****   uint8_t cmd_buffer[BLE_CMD_MAX_PARAM_LEN];
 2990              		.loc 1 735 3 view .LVU1011
 736:Middlewares/ST/STM32_WPAN/ble/core/auto/ble_gap_aci.c ****   aci_gap_start_general_connection_establish_proc_cp0 *cp0 = (aci_gap_start_general_connection_esta
 2991              		.loc 1 736 3 view .LVU1012
 2992              	.LVL295:
 737:Middlewares/ST/STM32_WPAN/ble/core/auto/ble_gap_aci.c ****   tBleStatus status = 0;
 2993              		.loc 1 737 3 view .LVU1013
ARM GAS  C:\Users\843E~1\AppData\Local\Temp\ccgofTZZ.s 			page 66


 2994              		.loc 1 737 14 is_stmt 0 view .LVU1014
 2995 0004 0DF10706 		add	r6, sp, #7
 2996 0008 0025     		movs	r5, #0
 2997 000a 8DF80750 		strb	r5, [sp, #7]
 738:Middlewares/ST/STM32_WPAN/ble/core/auto/ble_gap_aci.c ****   int index_input = 0;
 2998              		.loc 1 738 3 is_stmt 1 view .LVU1015
 2999              	.LVL296:
 739:Middlewares/ST/STM32_WPAN/ble/core/auto/ble_gap_aci.c ****   cp0->LE_Scan_Type = LE_Scan_Type;
 3000              		.loc 1 739 3 view .LVU1016
 3001              		.loc 1 739 21 is_stmt 0 view .LVU1017
 3002 000e 02AC     		add	r4, sp, #8
 3003              	.LVL297:
 3004              		.loc 1 739 21 view .LVU1018
 3005 0010 8DF80800 		strb	r0, [sp, #8]
 740:Middlewares/ST/STM32_WPAN/ble/core/auto/ble_gap_aci.c ****   index_input += 1;
 3006              		.loc 1 740 3 is_stmt 1 view .LVU1019
 3007              	.LVL298:
 741:Middlewares/ST/STM32_WPAN/ble/core/auto/ble_gap_aci.c ****   cp0->LE_Scan_Interval = LE_Scan_Interval;
 3008              		.loc 1 741 3 view .LVU1020
 3009              		.loc 1 741 25 is_stmt 0 view .LVU1021
 3010 0014 ADF80910 		strh	r1, [sp, #9]	@ unaligned
 742:Middlewares/ST/STM32_WPAN/ble/core/auto/ble_gap_aci.c ****   index_input += 2;
 3011              		.loc 1 742 3 is_stmt 1 view .LVU1022
 3012              	.LVL299:
 743:Middlewares/ST/STM32_WPAN/ble/core/auto/ble_gap_aci.c ****   cp0->LE_Scan_Window = LE_Scan_Window;
 3013              		.loc 1 743 3 view .LVU1023
 3014              		.loc 1 743 23 is_stmt 0 view .LVU1024
 3015 0018 ADF80B20 		strh	r2, [sp, #11]	@ unaligned
 744:Middlewares/ST/STM32_WPAN/ble/core/auto/ble_gap_aci.c ****   index_input += 2;
 3016              		.loc 1 744 3 is_stmt 1 view .LVU1025
 3017              	.LVL300:
 745:Middlewares/ST/STM32_WPAN/ble/core/auto/ble_gap_aci.c ****   cp0->Own_Address_Type = Own_Address_Type;
 3018              		.loc 1 745 3 view .LVU1026
 3019              		.loc 1 745 25 is_stmt 0 view .LVU1027
 3020 001c 8DF80D30 		strb	r3, [sp, #13]
 746:Middlewares/ST/STM32_WPAN/ble/core/auto/ble_gap_aci.c ****   index_input += 1;
 3021              		.loc 1 746 3 is_stmt 1 view .LVU1028
 3022              	.LVL301:
 747:Middlewares/ST/STM32_WPAN/ble/core/auto/ble_gap_aci.c ****   cp0->Scanning_Filter_Policy = Scanning_Filter_Policy;
 3023              		.loc 1 747 3 view .LVU1029
 3024              		.loc 1 747 31 is_stmt 0 view .LVU1030
 3025 0020 9DF83031 		ldrb	r3, [sp, #304]	@ zero_extendqisi2
 3026              	.LVL302:
 3027              		.loc 1 747 31 view .LVU1031
 3028 0024 8DF80E30 		strb	r3, [sp, #14]
 748:Middlewares/ST/STM32_WPAN/ble/core/auto/ble_gap_aci.c ****   index_input += 1;
 3029              		.loc 1 748 3 is_stmt 1 view .LVU1032
 3030              	.LVL303:
 749:Middlewares/ST/STM32_WPAN/ble/core/auto/ble_gap_aci.c ****   cp0->Filter_Duplicates = Filter_Duplicates;
 3031              		.loc 1 749 3 view .LVU1033
 3032              		.loc 1 749 26 is_stmt 0 view .LVU1034
 3033 0028 9DF83431 		ldrb	r3, [sp, #308]	@ zero_extendqisi2
 3034 002c 8DF80F30 		strb	r3, [sp, #15]
 750:Middlewares/ST/STM32_WPAN/ble/core/auto/ble_gap_aci.c ****   index_input += 1;
 3035              		.loc 1 750 3 is_stmt 1 view .LVU1035
 3036              	.LVL304:
 751:Middlewares/ST/STM32_WPAN/ble/core/auto/ble_gap_aci.c ****   Osal_MemSet( &rq, 0, sizeof(rq) );
ARM GAS  C:\Users\843E~1\AppData\Local\Temp\ccgofTZZ.s 			page 67


 3037              		.loc 1 751 3 view .LVU1036
 3038 0030 1822     		movs	r2, #24
 3039              	.LVL305:
 3040              		.loc 1 751 3 is_stmt 0 view .LVU1037
 3041 0032 2946     		mov	r1, r5
 3042              	.LVL306:
 3043              		.loc 1 751 3 view .LVU1038
 3044 0034 42A8     		add	r0, sp, #264
 3045              	.LVL307:
 3046              		.loc 1 751 3 view .LVU1039
 3047 0036 FFF7FEFF 		bl	Osal_MemSet
 3048              	.LVL308:
 752:Middlewares/ST/STM32_WPAN/ble/core/auto/ble_gap_aci.c ****   rq.ogf = 0x3f;
 3049              		.loc 1 752 3 is_stmt 1 view .LVU1040
 3050              		.loc 1 752 10 is_stmt 0 view .LVU1041
 3051 003a 3F23     		movs	r3, #63
 3052 003c ADF80831 		strh	r3, [sp, #264]	@ movhi
 753:Middlewares/ST/STM32_WPAN/ble/core/auto/ble_gap_aci.c ****   rq.ocf = 0x09a;
 3053              		.loc 1 753 3 is_stmt 1 view .LVU1042
 3054              		.loc 1 753 10 is_stmt 0 view .LVU1043
 3055 0040 9A23     		movs	r3, #154
 3056 0042 ADF80A31 		strh	r3, [sp, #266]	@ movhi
 754:Middlewares/ST/STM32_WPAN/ble/core/auto/ble_gap_aci.c ****   rq.event = 0x0F;
 3057              		.loc 1 754 3 is_stmt 1 view .LVU1044
 3058              		.loc 1 754 12 is_stmt 0 view .LVU1045
 3059 0046 0F23     		movs	r3, #15
 3060 0048 4393     		str	r3, [sp, #268]
 755:Middlewares/ST/STM32_WPAN/ble/core/auto/ble_gap_aci.c ****   rq.cparam = cmd_buffer;
 3061              		.loc 1 755 3 is_stmt 1 view .LVU1046
 3062              		.loc 1 755 13 is_stmt 0 view .LVU1047
 3063 004a 4494     		str	r4, [sp, #272]
 756:Middlewares/ST/STM32_WPAN/ble/core/auto/ble_gap_aci.c ****   rq.clen = index_input;
 3064              		.loc 1 756 3 is_stmt 1 view .LVU1048
 3065              		.loc 1 756 11 is_stmt 0 view .LVU1049
 3066 004c 0823     		movs	r3, #8
 3067 004e 4593     		str	r3, [sp, #276]
 757:Middlewares/ST/STM32_WPAN/ble/core/auto/ble_gap_aci.c ****   rq.rparam = &status;
 3068              		.loc 1 757 3 is_stmt 1 view .LVU1050
 3069              		.loc 1 757 13 is_stmt 0 view .LVU1051
 3070 0050 4696     		str	r6, [sp, #280]
 758:Middlewares/ST/STM32_WPAN/ble/core/auto/ble_gap_aci.c ****   rq.rlen = 1;
 3071              		.loc 1 758 3 is_stmt 1 view .LVU1052
 3072              		.loc 1 758 11 is_stmt 0 view .LVU1053
 3073 0052 0123     		movs	r3, #1
 3074 0054 4793     		str	r3, [sp, #284]
 759:Middlewares/ST/STM32_WPAN/ble/core/auto/ble_gap_aci.c ****   if ( hci_send_req(&rq, FALSE) < 0 )
 3075              		.loc 1 759 3 is_stmt 1 view .LVU1054
 3076              		.loc 1 759 8 is_stmt 0 view .LVU1055
 3077 0056 2946     		mov	r1, r5
 3078 0058 42A8     		add	r0, sp, #264
 3079 005a FFF7FEFF 		bl	hci_send_req
 3080              	.LVL309:
 3081              		.loc 1 759 6 view .LVU1056
 3082 005e A842     		cmp	r0, r5
 3083 0060 03DB     		blt	.L99
 760:Middlewares/ST/STM32_WPAN/ble/core/auto/ble_gap_aci.c ****     return BLE_STATUS_TIMEOUT;
 761:Middlewares/ST/STM32_WPAN/ble/core/auto/ble_gap_aci.c ****   return status;
ARM GAS  C:\Users\843E~1\AppData\Local\Temp\ccgofTZZ.s 			page 68


 3084              		.loc 1 761 3 is_stmt 1 view .LVU1057
 3085              		.loc 1 761 10 is_stmt 0 view .LVU1058
 3086 0062 9DF80700 		ldrb	r0, [sp, #7]	@ zero_extendqisi2
 3087              	.L98:
 762:Middlewares/ST/STM32_WPAN/ble/core/auto/ble_gap_aci.c **** }
 3088              		.loc 1 762 1 view .LVU1059
 3089 0066 48B0     		add	sp, sp, #288
 3090              	.LCFI98:
 3091              		.cfi_remember_state
 3092              		.cfi_def_cfa_offset 16
 3093              		@ sp needed
 3094 0068 70BD     		pop	{r4, r5, r6, pc}
 3095              	.LVL310:
 3096              	.L99:
 3097              	.LCFI99:
 3098              		.cfi_restore_state
 760:Middlewares/ST/STM32_WPAN/ble/core/auto/ble_gap_aci.c ****     return BLE_STATUS_TIMEOUT;
 3099              		.loc 1 760 12 view .LVU1060
 3100 006a FF20     		movs	r0, #255
 3101 006c FBE7     		b	.L98
 3102              		.cfi_endproc
 3103              	.LFE24:
 3105              		.section	.text.aci_gap_start_selective_connection_establish_proc,"ax",%progbits
 3106              		.align	1
 3107              		.global	aci_gap_start_selective_connection_establish_proc
 3108              		.syntax unified
 3109              		.thumb
 3110              		.thumb_func
 3112              	aci_gap_start_selective_connection_establish_proc:
 3113              	.LVL311:
 3114              	.LFB25:
 763:Middlewares/ST/STM32_WPAN/ble/core/auto/ble_gap_aci.c **** 
 764:Middlewares/ST/STM32_WPAN/ble/core/auto/ble_gap_aci.c **** tBleStatus aci_gap_start_selective_connection_establish_proc( uint8_t LE_Scan_Type,
 765:Middlewares/ST/STM32_WPAN/ble/core/auto/ble_gap_aci.c ****                                                               uint16_t LE_Scan_Interval,
 766:Middlewares/ST/STM32_WPAN/ble/core/auto/ble_gap_aci.c ****                                                               uint16_t LE_Scan_Window,
 767:Middlewares/ST/STM32_WPAN/ble/core/auto/ble_gap_aci.c ****                                                               uint8_t Own_Address_Type,
 768:Middlewares/ST/STM32_WPAN/ble/core/auto/ble_gap_aci.c ****                                                               uint8_t Scanning_Filter_Policy,
 769:Middlewares/ST/STM32_WPAN/ble/core/auto/ble_gap_aci.c ****                                                               uint8_t Filter_Duplicates,
 770:Middlewares/ST/STM32_WPAN/ble/core/auto/ble_gap_aci.c ****                                                               uint8_t Num_of_Peer_Entries,
 771:Middlewares/ST/STM32_WPAN/ble/core/auto/ble_gap_aci.c ****                                                               const Peer_Entry_t* Peer_Entry )
 772:Middlewares/ST/STM32_WPAN/ble/core/auto/ble_gap_aci.c **** {
 3115              		.loc 1 772 1 is_stmt 1 view -0
 3116              		.cfi_startproc
 3117              		@ args = 16, pretend = 0, frame = 288
 3118              		@ frame_needed = 0, uses_anonymous_args = 0
 3119              		.loc 1 772 1 is_stmt 0 view .LVU1062
 3120 0000 F0B5     		push	{r4, r5, r6, r7, lr}
 3121              	.LCFI100:
 3122              		.cfi_def_cfa_offset 20
 3123              		.cfi_offset 4, -20
 3124              		.cfi_offset 5, -16
 3125              		.cfi_offset 6, -12
 3126              		.cfi_offset 7, -8
 3127              		.cfi_offset 14, -4
 3128 0002 C9B0     		sub	sp, sp, #292
 3129              	.LCFI101:
 3130              		.cfi_def_cfa_offset 312
ARM GAS  C:\Users\843E~1\AppData\Local\Temp\ccgofTZZ.s 			page 69


 3131 0004 9DF840C1 		ldrb	ip, [sp, #320]	@ zero_extendqisi2
 773:Middlewares/ST/STM32_WPAN/ble/core/auto/ble_gap_aci.c ****   struct hci_request rq;
 3132              		.loc 1 773 3 is_stmt 1 view .LVU1063
 774:Middlewares/ST/STM32_WPAN/ble/core/auto/ble_gap_aci.c ****   uint8_t cmd_buffer[BLE_CMD_MAX_PARAM_LEN];
 3133              		.loc 1 774 3 view .LVU1064
 775:Middlewares/ST/STM32_WPAN/ble/core/auto/ble_gap_aci.c ****   aci_gap_start_selective_connection_establish_proc_cp0 *cp0 = (aci_gap_start_selective_connection_
 3134              		.loc 1 775 3 view .LVU1065
 3135              	.LVL312:
 776:Middlewares/ST/STM32_WPAN/ble/core/auto/ble_gap_aci.c ****   tBleStatus status = 0;
 3136              		.loc 1 776 3 view .LVU1066
 3137              		.loc 1 776 14 is_stmt 0 view .LVU1067
 3138 0008 0DF10707 		add	r7, sp, #7
 3139 000c 0026     		movs	r6, #0
 3140 000e 8DF80760 		strb	r6, [sp, #7]
 777:Middlewares/ST/STM32_WPAN/ble/core/auto/ble_gap_aci.c ****   int index_input = 0;
 3141              		.loc 1 777 3 is_stmt 1 view .LVU1068
 3142              	.LVL313:
 778:Middlewares/ST/STM32_WPAN/ble/core/auto/ble_gap_aci.c ****   cp0->LE_Scan_Type = LE_Scan_Type;
 3143              		.loc 1 778 3 view .LVU1069
 3144              		.loc 1 778 21 is_stmt 0 view .LVU1070
 3145 0012 02AD     		add	r5, sp, #8
 3146              	.LVL314:
 3147              		.loc 1 778 21 view .LVU1071
 3148 0014 8DF80800 		strb	r0, [sp, #8]
 779:Middlewares/ST/STM32_WPAN/ble/core/auto/ble_gap_aci.c ****   index_input += 1;
 3149              		.loc 1 779 3 is_stmt 1 view .LVU1072
 3150              	.LVL315:
 780:Middlewares/ST/STM32_WPAN/ble/core/auto/ble_gap_aci.c ****   cp0->LE_Scan_Interval = LE_Scan_Interval;
 3151              		.loc 1 780 3 view .LVU1073
 3152              		.loc 1 780 25 is_stmt 0 view .LVU1074
 3153 0018 ADF80910 		strh	r1, [sp, #9]	@ unaligned
 781:Middlewares/ST/STM32_WPAN/ble/core/auto/ble_gap_aci.c ****   index_input += 2;
 3154              		.loc 1 781 3 is_stmt 1 view .LVU1075
 3155              	.LVL316:
 782:Middlewares/ST/STM32_WPAN/ble/core/auto/ble_gap_aci.c ****   cp0->LE_Scan_Window = LE_Scan_Window;
 3156              		.loc 1 782 3 view .LVU1076
 3157              		.loc 1 782 23 is_stmt 0 view .LVU1077
 3158 001c ADF80B20 		strh	r2, [sp, #11]	@ unaligned
 783:Middlewares/ST/STM32_WPAN/ble/core/auto/ble_gap_aci.c ****   index_input += 2;
 3159              		.loc 1 783 3 is_stmt 1 view .LVU1078
 3160              	.LVL317:
 784:Middlewares/ST/STM32_WPAN/ble/core/auto/ble_gap_aci.c ****   cp0->Own_Address_Type = Own_Address_Type;
 3161              		.loc 1 784 3 view .LVU1079
 3162              		.loc 1 784 25 is_stmt 0 view .LVU1080
 3163 0020 8DF80D30 		strb	r3, [sp, #13]
 785:Middlewares/ST/STM32_WPAN/ble/core/auto/ble_gap_aci.c ****   index_input += 1;
 3164              		.loc 1 785 3 is_stmt 1 view .LVU1081
 3165              	.LVL318:
 786:Middlewares/ST/STM32_WPAN/ble/core/auto/ble_gap_aci.c ****   cp0->Scanning_Filter_Policy = Scanning_Filter_Policy;
 3166              		.loc 1 786 3 view .LVU1082
 3167              		.loc 1 786 31 is_stmt 0 view .LVU1083
 3168 0024 9DF83831 		ldrb	r3, [sp, #312]	@ zero_extendqisi2
 3169              	.LVL319:
 3170              		.loc 1 786 31 view .LVU1084
 3171 0028 8DF80E30 		strb	r3, [sp, #14]
 787:Middlewares/ST/STM32_WPAN/ble/core/auto/ble_gap_aci.c ****   index_input += 1;
 3172              		.loc 1 787 3 is_stmt 1 view .LVU1085
ARM GAS  C:\Users\843E~1\AppData\Local\Temp\ccgofTZZ.s 			page 70


 3173              	.LVL320:
 788:Middlewares/ST/STM32_WPAN/ble/core/auto/ble_gap_aci.c ****   cp0->Filter_Duplicates = Filter_Duplicates;
 3174              		.loc 1 788 3 view .LVU1086
 3175              		.loc 1 788 26 is_stmt 0 view .LVU1087
 3176 002c 9DF83C31 		ldrb	r3, [sp, #316]	@ zero_extendqisi2
 3177 0030 8DF80F30 		strb	r3, [sp, #15]
 789:Middlewares/ST/STM32_WPAN/ble/core/auto/ble_gap_aci.c ****   index_input += 1;
 3178              		.loc 1 789 3 is_stmt 1 view .LVU1088
 3179              	.LVL321:
 790:Middlewares/ST/STM32_WPAN/ble/core/auto/ble_gap_aci.c ****   cp0->Num_of_Peer_Entries = Num_of_Peer_Entries;
 3180              		.loc 1 790 3 view .LVU1089
 3181              		.loc 1 790 28 is_stmt 0 view .LVU1090
 3182 0034 8DF810C0 		strb	ip, [sp, #16]
 791:Middlewares/ST/STM32_WPAN/ble/core/auto/ble_gap_aci.c ****   index_input += 1;
 3183              		.loc 1 791 3 is_stmt 1 view .LVU1091
 3184              	.LVL322:
 792:Middlewares/ST/STM32_WPAN/ble/core/auto/ble_gap_aci.c ****   Osal_MemCpy( (void*)&cp0->Peer_Entry, (const void*)Peer_Entry, Num_of_Peer_Entries * (sizeof(Peer
 3185              		.loc 1 792 3 view .LVU1092
 3186 0038 CCEBCC04 		rsb	r4, ip, ip, lsl #3
 3187 003c 2246     		mov	r2, r4
 3188              	.LVL323:
 3189              		.loc 1 792 3 is_stmt 0 view .LVU1093
 3190 003e 5199     		ldr	r1, [sp, #324]
 3191              	.LVL324:
 3192              		.loc 1 792 3 view .LVU1094
 3193 0040 0DF11100 		add	r0, sp, #17
 3194              	.LVL325:
 3195              		.loc 1 792 3 view .LVU1095
 3196 0044 FFF7FEFF 		bl	Osal_MemCpy
 3197              	.LVL326:
 793:Middlewares/ST/STM32_WPAN/ble/core/auto/ble_gap_aci.c ****   index_input += Num_of_Peer_Entries * (sizeof(Peer_Entry_t));
 3198              		.loc 1 793 3 is_stmt 1 view .LVU1096
 3199              		.loc 1 793 15 is_stmt 0 view .LVU1097
 3200 0048 0934     		adds	r4, r4, #9
 3201              	.LVL327:
 794:Middlewares/ST/STM32_WPAN/ble/core/auto/ble_gap_aci.c ****   Osal_MemSet( &rq, 0, sizeof(rq) );
 3202              		.loc 1 794 3 is_stmt 1 view .LVU1098
 3203 004a 1822     		movs	r2, #24
 3204 004c 3146     		mov	r1, r6
 3205 004e 42A8     		add	r0, sp, #264
 3206 0050 FFF7FEFF 		bl	Osal_MemSet
 3207              	.LVL328:
 795:Middlewares/ST/STM32_WPAN/ble/core/auto/ble_gap_aci.c ****   rq.ogf = 0x3f;
 3208              		.loc 1 795 3 view .LVU1099
 3209              		.loc 1 795 10 is_stmt 0 view .LVU1100
 3210 0054 3F23     		movs	r3, #63
 3211 0056 ADF80831 		strh	r3, [sp, #264]	@ movhi
 796:Middlewares/ST/STM32_WPAN/ble/core/auto/ble_gap_aci.c ****   rq.ocf = 0x09b;
 3212              		.loc 1 796 3 is_stmt 1 view .LVU1101
 3213              		.loc 1 796 10 is_stmt 0 view .LVU1102
 3214 005a 9B23     		movs	r3, #155
 3215 005c ADF80A31 		strh	r3, [sp, #266]	@ movhi
 797:Middlewares/ST/STM32_WPAN/ble/core/auto/ble_gap_aci.c ****   rq.event = 0x0F;
 3216              		.loc 1 797 3 is_stmt 1 view .LVU1103
 3217              		.loc 1 797 12 is_stmt 0 view .LVU1104
 3218 0060 0F23     		movs	r3, #15
 3219 0062 4393     		str	r3, [sp, #268]
ARM GAS  C:\Users\843E~1\AppData\Local\Temp\ccgofTZZ.s 			page 71


 798:Middlewares/ST/STM32_WPAN/ble/core/auto/ble_gap_aci.c ****   rq.cparam = cmd_buffer;
 3220              		.loc 1 798 3 is_stmt 1 view .LVU1105
 3221              		.loc 1 798 13 is_stmt 0 view .LVU1106
 3222 0064 4495     		str	r5, [sp, #272]
 799:Middlewares/ST/STM32_WPAN/ble/core/auto/ble_gap_aci.c ****   rq.clen = index_input;
 3223              		.loc 1 799 3 is_stmt 1 view .LVU1107
 3224              		.loc 1 799 11 is_stmt 0 view .LVU1108
 3225 0066 4594     		str	r4, [sp, #276]
 800:Middlewares/ST/STM32_WPAN/ble/core/auto/ble_gap_aci.c ****   rq.rparam = &status;
 3226              		.loc 1 800 3 is_stmt 1 view .LVU1109
 3227              		.loc 1 800 13 is_stmt 0 view .LVU1110
 3228 0068 4697     		str	r7, [sp, #280]
 801:Middlewares/ST/STM32_WPAN/ble/core/auto/ble_gap_aci.c ****   rq.rlen = 1;
 3229              		.loc 1 801 3 is_stmt 1 view .LVU1111
 3230              		.loc 1 801 11 is_stmt 0 view .LVU1112
 3231 006a 0123     		movs	r3, #1
 3232 006c 4793     		str	r3, [sp, #284]
 802:Middlewares/ST/STM32_WPAN/ble/core/auto/ble_gap_aci.c ****   if ( hci_send_req(&rq, FALSE) < 0 )
 3233              		.loc 1 802 3 is_stmt 1 view .LVU1113
 3234              		.loc 1 802 8 is_stmt 0 view .LVU1114
 3235 006e 3146     		mov	r1, r6
 3236 0070 42A8     		add	r0, sp, #264
 3237 0072 FFF7FEFF 		bl	hci_send_req
 3238              	.LVL329:
 3239              		.loc 1 802 6 view .LVU1115
 3240 0076 B042     		cmp	r0, r6
 3241 0078 03DB     		blt	.L103
 803:Middlewares/ST/STM32_WPAN/ble/core/auto/ble_gap_aci.c ****     return BLE_STATUS_TIMEOUT;
 804:Middlewares/ST/STM32_WPAN/ble/core/auto/ble_gap_aci.c ****   return status;
 3242              		.loc 1 804 3 is_stmt 1 view .LVU1116
 3243              		.loc 1 804 10 is_stmt 0 view .LVU1117
 3244 007a 9DF80700 		ldrb	r0, [sp, #7]	@ zero_extendqisi2
 3245              	.L102:
 805:Middlewares/ST/STM32_WPAN/ble/core/auto/ble_gap_aci.c **** }
 3246              		.loc 1 805 1 view .LVU1118
 3247 007e 49B0     		add	sp, sp, #292
 3248              	.LCFI102:
 3249              		.cfi_remember_state
 3250              		.cfi_def_cfa_offset 20
 3251              		@ sp needed
 3252 0080 F0BD     		pop	{r4, r5, r6, r7, pc}
 3253              	.LVL330:
 3254              	.L103:
 3255              	.LCFI103:
 3256              		.cfi_restore_state
 803:Middlewares/ST/STM32_WPAN/ble/core/auto/ble_gap_aci.c ****     return BLE_STATUS_TIMEOUT;
 3257              		.loc 1 803 12 view .LVU1119
 3258 0082 FF20     		movs	r0, #255
 3259 0084 FBE7     		b	.L102
 3260              		.cfi_endproc
 3261              	.LFE25:
 3263              		.section	.text.aci_gap_create_connection,"ax",%progbits
 3264              		.align	1
 3265              		.global	aci_gap_create_connection
 3266              		.syntax unified
 3267              		.thumb
 3268              		.thumb_func
ARM GAS  C:\Users\843E~1\AppData\Local\Temp\ccgofTZZ.s 			page 72


 3270              	aci_gap_create_connection:
 3271              	.LVL331:
 3272              	.LFB26:
 806:Middlewares/ST/STM32_WPAN/ble/core/auto/ble_gap_aci.c **** 
 807:Middlewares/ST/STM32_WPAN/ble/core/auto/ble_gap_aci.c **** tBleStatus aci_gap_create_connection( uint16_t LE_Scan_Interval,
 808:Middlewares/ST/STM32_WPAN/ble/core/auto/ble_gap_aci.c ****                                       uint16_t LE_Scan_Window,
 809:Middlewares/ST/STM32_WPAN/ble/core/auto/ble_gap_aci.c ****                                       uint8_t Peer_Address_Type,
 810:Middlewares/ST/STM32_WPAN/ble/core/auto/ble_gap_aci.c ****                                       const uint8_t* Peer_Address,
 811:Middlewares/ST/STM32_WPAN/ble/core/auto/ble_gap_aci.c ****                                       uint8_t Own_Address_Type,
 812:Middlewares/ST/STM32_WPAN/ble/core/auto/ble_gap_aci.c ****                                       uint16_t Conn_Interval_Min,
 813:Middlewares/ST/STM32_WPAN/ble/core/auto/ble_gap_aci.c ****                                       uint16_t Conn_Interval_Max,
 814:Middlewares/ST/STM32_WPAN/ble/core/auto/ble_gap_aci.c ****                                       uint16_t Conn_Latency,
 815:Middlewares/ST/STM32_WPAN/ble/core/auto/ble_gap_aci.c ****                                       uint16_t Supervision_Timeout,
 816:Middlewares/ST/STM32_WPAN/ble/core/auto/ble_gap_aci.c ****                                       uint16_t Minimum_CE_Length,
 817:Middlewares/ST/STM32_WPAN/ble/core/auto/ble_gap_aci.c ****                                       uint16_t Maximum_CE_Length )
 818:Middlewares/ST/STM32_WPAN/ble/core/auto/ble_gap_aci.c **** {
 3273              		.loc 1 818 1 is_stmt 1 view -0
 3274              		.cfi_startproc
 3275              		@ args = 28, pretend = 0, frame = 288
 3276              		@ frame_needed = 0, uses_anonymous_args = 0
 3277              		.loc 1 818 1 is_stmt 0 view .LVU1121
 3278 0000 70B5     		push	{r4, r5, r6, lr}
 3279              	.LCFI104:
 3280              		.cfi_def_cfa_offset 16
 3281              		.cfi_offset 4, -16
 3282              		.cfi_offset 5, -12
 3283              		.cfi_offset 6, -8
 3284              		.cfi_offset 14, -4
 3285 0002 C8B0     		sub	sp, sp, #288
 3286              	.LCFI105:
 3287              		.cfi_def_cfa_offset 304
 819:Middlewares/ST/STM32_WPAN/ble/core/auto/ble_gap_aci.c ****   struct hci_request rq;
 3288              		.loc 1 819 3 is_stmt 1 view .LVU1122
 820:Middlewares/ST/STM32_WPAN/ble/core/auto/ble_gap_aci.c ****   uint8_t cmd_buffer[BLE_CMD_MAX_PARAM_LEN];
 3289              		.loc 1 820 3 view .LVU1123
 821:Middlewares/ST/STM32_WPAN/ble/core/auto/ble_gap_aci.c ****   aci_gap_create_connection_cp0 *cp0 = (aci_gap_create_connection_cp0*)(cmd_buffer);
 3290              		.loc 1 821 3 view .LVU1124
 3291              	.LVL332:
 822:Middlewares/ST/STM32_WPAN/ble/core/auto/ble_gap_aci.c ****   tBleStatus status = 0;
 3292              		.loc 1 822 3 view .LVU1125
 3293              		.loc 1 822 14 is_stmt 0 view .LVU1126
 3294 0004 0DF10706 		add	r6, sp, #7
 3295 0008 0025     		movs	r5, #0
 3296 000a 8DF80750 		strb	r5, [sp, #7]
 823:Middlewares/ST/STM32_WPAN/ble/core/auto/ble_gap_aci.c ****   int index_input = 0;
 3297              		.loc 1 823 3 is_stmt 1 view .LVU1127
 3298              	.LVL333:
 824:Middlewares/ST/STM32_WPAN/ble/core/auto/ble_gap_aci.c ****   cp0->LE_Scan_Interval = LE_Scan_Interval;
 3299              		.loc 1 824 3 view .LVU1128
 3300              		.loc 1 824 25 is_stmt 0 view .LVU1129
 3301 000e 02AC     		add	r4, sp, #8
 3302              	.LVL334:
 3303              		.loc 1 824 25 view .LVU1130
 3304 0010 ADF80800 		strh	r0, [sp, #8]	@ movhi
 825:Middlewares/ST/STM32_WPAN/ble/core/auto/ble_gap_aci.c ****   index_input += 2;
 3305              		.loc 1 825 3 is_stmt 1 view .LVU1131
 3306              	.LVL335:
ARM GAS  C:\Users\843E~1\AppData\Local\Temp\ccgofTZZ.s 			page 73


 826:Middlewares/ST/STM32_WPAN/ble/core/auto/ble_gap_aci.c ****   cp0->LE_Scan_Window = LE_Scan_Window;
 3307              		.loc 1 826 3 view .LVU1132
 3308              		.loc 1 826 23 is_stmt 0 view .LVU1133
 3309 0014 ADF80A10 		strh	r1, [sp, #10]	@ movhi
 827:Middlewares/ST/STM32_WPAN/ble/core/auto/ble_gap_aci.c ****   index_input += 2;
 3310              		.loc 1 827 3 is_stmt 1 view .LVU1134
 3311              	.LVL336:
 828:Middlewares/ST/STM32_WPAN/ble/core/auto/ble_gap_aci.c ****   cp0->Peer_Address_Type = Peer_Address_Type;
 3312              		.loc 1 828 3 view .LVU1135
 3313              		.loc 1 828 26 is_stmt 0 view .LVU1136
 3314 0018 8DF80C20 		strb	r2, [sp, #12]
 829:Middlewares/ST/STM32_WPAN/ble/core/auto/ble_gap_aci.c ****   index_input += 1;
 3315              		.loc 1 829 3 is_stmt 1 view .LVU1137
 3316              	.LVL337:
 830:Middlewares/ST/STM32_WPAN/ble/core/auto/ble_gap_aci.c ****   Osal_MemCpy( (void*)&cp0->Peer_Address, (const void*)Peer_Address, 6 );
 3317              		.loc 1 830 3 view .LVU1138
 3318 001c 0622     		movs	r2, #6
 3319              	.LVL338:
 3320              		.loc 1 830 3 is_stmt 0 view .LVU1139
 3321 001e 1946     		mov	r1, r3
 3322              	.LVL339:
 3323              		.loc 1 830 3 view .LVU1140
 3324 0020 0DF10D00 		add	r0, sp, #13
 3325              	.LVL340:
 3326              		.loc 1 830 3 view .LVU1141
 3327 0024 FFF7FEFF 		bl	Osal_MemCpy
 3328              	.LVL341:
 831:Middlewares/ST/STM32_WPAN/ble/core/auto/ble_gap_aci.c ****   index_input += 6;
 3329              		.loc 1 831 3 is_stmt 1 view .LVU1142
 832:Middlewares/ST/STM32_WPAN/ble/core/auto/ble_gap_aci.c ****   cp0->Own_Address_Type = Own_Address_Type;
 3330              		.loc 1 832 3 view .LVU1143
 3331              		.loc 1 832 25 is_stmt 0 view .LVU1144
 3332 0028 9DF83031 		ldrb	r3, [sp, #304]	@ zero_extendqisi2
 3333 002c 8DF81330 		strb	r3, [sp, #19]
 833:Middlewares/ST/STM32_WPAN/ble/core/auto/ble_gap_aci.c ****   index_input += 1;
 3334              		.loc 1 833 3 is_stmt 1 view .LVU1145
 3335              	.LVL342:
 834:Middlewares/ST/STM32_WPAN/ble/core/auto/ble_gap_aci.c ****   cp0->Conn_Interval_Min = Conn_Interval_Min;
 3336              		.loc 1 834 3 view .LVU1146
 3337              		.loc 1 834 26 is_stmt 0 view .LVU1147
 3338 0030 BDF83431 		ldrh	r3, [sp, #308]
 3339 0034 ADF81430 		strh	r3, [sp, #20]	@ movhi
 835:Middlewares/ST/STM32_WPAN/ble/core/auto/ble_gap_aci.c ****   index_input += 2;
 3340              		.loc 1 835 3 is_stmt 1 view .LVU1148
 3341              	.LVL343:
 836:Middlewares/ST/STM32_WPAN/ble/core/auto/ble_gap_aci.c ****   cp0->Conn_Interval_Max = Conn_Interval_Max;
 3342              		.loc 1 836 3 view .LVU1149
 3343              		.loc 1 836 26 is_stmt 0 view .LVU1150
 3344 0038 BDF83831 		ldrh	r3, [sp, #312]
 3345 003c ADF81630 		strh	r3, [sp, #22]	@ movhi
 837:Middlewares/ST/STM32_WPAN/ble/core/auto/ble_gap_aci.c ****   index_input += 2;
 3346              		.loc 1 837 3 is_stmt 1 view .LVU1151
 3347              	.LVL344:
 838:Middlewares/ST/STM32_WPAN/ble/core/auto/ble_gap_aci.c ****   cp0->Conn_Latency = Conn_Latency;
 3348              		.loc 1 838 3 view .LVU1152
 3349              		.loc 1 838 21 is_stmt 0 view .LVU1153
 3350 0040 BDF83C31 		ldrh	r3, [sp, #316]
ARM GAS  C:\Users\843E~1\AppData\Local\Temp\ccgofTZZ.s 			page 74


 3351 0044 ADF81830 		strh	r3, [sp, #24]	@ movhi
 839:Middlewares/ST/STM32_WPAN/ble/core/auto/ble_gap_aci.c ****   index_input += 2;
 3352              		.loc 1 839 3 is_stmt 1 view .LVU1154
 3353              	.LVL345:
 840:Middlewares/ST/STM32_WPAN/ble/core/auto/ble_gap_aci.c ****   cp0->Supervision_Timeout = Supervision_Timeout;
 3354              		.loc 1 840 3 view .LVU1155
 3355              		.loc 1 840 28 is_stmt 0 view .LVU1156
 3356 0048 BDF84031 		ldrh	r3, [sp, #320]
 3357 004c ADF81A30 		strh	r3, [sp, #26]	@ movhi
 841:Middlewares/ST/STM32_WPAN/ble/core/auto/ble_gap_aci.c ****   index_input += 2;
 3358              		.loc 1 841 3 is_stmt 1 view .LVU1157
 3359              	.LVL346:
 842:Middlewares/ST/STM32_WPAN/ble/core/auto/ble_gap_aci.c ****   cp0->Minimum_CE_Length = Minimum_CE_Length;
 3360              		.loc 1 842 3 view .LVU1158
 3361              		.loc 1 842 26 is_stmt 0 view .LVU1159
 3362 0050 BDF84431 		ldrh	r3, [sp, #324]
 3363 0054 ADF81C30 		strh	r3, [sp, #28]	@ movhi
 843:Middlewares/ST/STM32_WPAN/ble/core/auto/ble_gap_aci.c ****   index_input += 2;
 3364              		.loc 1 843 3 is_stmt 1 view .LVU1160
 3365              	.LVL347:
 844:Middlewares/ST/STM32_WPAN/ble/core/auto/ble_gap_aci.c ****   cp0->Maximum_CE_Length = Maximum_CE_Length;
 3366              		.loc 1 844 3 view .LVU1161
 3367              		.loc 1 844 26 is_stmt 0 view .LVU1162
 3368 0058 BDF84831 		ldrh	r3, [sp, #328]
 3369 005c ADF81E30 		strh	r3, [sp, #30]	@ movhi
 845:Middlewares/ST/STM32_WPAN/ble/core/auto/ble_gap_aci.c ****   index_input += 2;
 3370              		.loc 1 845 3 is_stmt 1 view .LVU1163
 3371              	.LVL348:
 846:Middlewares/ST/STM32_WPAN/ble/core/auto/ble_gap_aci.c ****   Osal_MemSet( &rq, 0, sizeof(rq) );
 3372              		.loc 1 846 3 view .LVU1164
 3373 0060 1822     		movs	r2, #24
 3374 0062 2946     		mov	r1, r5
 3375 0064 42A8     		add	r0, sp, #264
 3376 0066 FFF7FEFF 		bl	Osal_MemSet
 3377              	.LVL349:
 847:Middlewares/ST/STM32_WPAN/ble/core/auto/ble_gap_aci.c ****   rq.ogf = 0x3f;
 3378              		.loc 1 847 3 view .LVU1165
 3379              		.loc 1 847 10 is_stmt 0 view .LVU1166
 3380 006a 3F23     		movs	r3, #63
 3381 006c ADF80831 		strh	r3, [sp, #264]	@ movhi
 848:Middlewares/ST/STM32_WPAN/ble/core/auto/ble_gap_aci.c ****   rq.ocf = 0x09c;
 3382              		.loc 1 848 3 is_stmt 1 view .LVU1167
 3383              		.loc 1 848 10 is_stmt 0 view .LVU1168
 3384 0070 9C23     		movs	r3, #156
 3385 0072 ADF80A31 		strh	r3, [sp, #266]	@ movhi
 849:Middlewares/ST/STM32_WPAN/ble/core/auto/ble_gap_aci.c ****   rq.event = 0x0F;
 3386              		.loc 1 849 3 is_stmt 1 view .LVU1169
 3387              		.loc 1 849 12 is_stmt 0 view .LVU1170
 3388 0076 0F23     		movs	r3, #15
 3389 0078 4393     		str	r3, [sp, #268]
 850:Middlewares/ST/STM32_WPAN/ble/core/auto/ble_gap_aci.c ****   rq.cparam = cmd_buffer;
 3390              		.loc 1 850 3 is_stmt 1 view .LVU1171
 3391              		.loc 1 850 13 is_stmt 0 view .LVU1172
 3392 007a 4494     		str	r4, [sp, #272]
 851:Middlewares/ST/STM32_WPAN/ble/core/auto/ble_gap_aci.c ****   rq.clen = index_input;
 3393              		.loc 1 851 3 is_stmt 1 view .LVU1173
 3394              		.loc 1 851 11 is_stmt 0 view .LVU1174
ARM GAS  C:\Users\843E~1\AppData\Local\Temp\ccgofTZZ.s 			page 75


 3395 007c 1823     		movs	r3, #24
 3396 007e 4593     		str	r3, [sp, #276]
 852:Middlewares/ST/STM32_WPAN/ble/core/auto/ble_gap_aci.c ****   rq.rparam = &status;
 3397              		.loc 1 852 3 is_stmt 1 view .LVU1175
 3398              		.loc 1 852 13 is_stmt 0 view .LVU1176
 3399 0080 4696     		str	r6, [sp, #280]
 853:Middlewares/ST/STM32_WPAN/ble/core/auto/ble_gap_aci.c ****   rq.rlen = 1;
 3400              		.loc 1 853 3 is_stmt 1 view .LVU1177
 3401              		.loc 1 853 11 is_stmt 0 view .LVU1178
 3402 0082 0123     		movs	r3, #1
 3403 0084 4793     		str	r3, [sp, #284]
 854:Middlewares/ST/STM32_WPAN/ble/core/auto/ble_gap_aci.c ****   if ( hci_send_req(&rq, FALSE) < 0 )
 3404              		.loc 1 854 3 is_stmt 1 view .LVU1179
 3405              		.loc 1 854 8 is_stmt 0 view .LVU1180
 3406 0086 2946     		mov	r1, r5
 3407 0088 42A8     		add	r0, sp, #264
 3408 008a FFF7FEFF 		bl	hci_send_req
 3409              	.LVL350:
 3410              		.loc 1 854 6 view .LVU1181
 3411 008e A842     		cmp	r0, r5
 3412 0090 03DB     		blt	.L107
 855:Middlewares/ST/STM32_WPAN/ble/core/auto/ble_gap_aci.c ****     return BLE_STATUS_TIMEOUT;
 856:Middlewares/ST/STM32_WPAN/ble/core/auto/ble_gap_aci.c ****   return status;
 3413              		.loc 1 856 3 is_stmt 1 view .LVU1182
 3414              		.loc 1 856 10 is_stmt 0 view .LVU1183
 3415 0092 9DF80700 		ldrb	r0, [sp, #7]	@ zero_extendqisi2
 3416              	.L106:
 857:Middlewares/ST/STM32_WPAN/ble/core/auto/ble_gap_aci.c **** }
 3417              		.loc 1 857 1 view .LVU1184
 3418 0096 48B0     		add	sp, sp, #288
 3419              	.LCFI106:
 3420              		.cfi_remember_state
 3421              		.cfi_def_cfa_offset 16
 3422              		@ sp needed
 3423 0098 70BD     		pop	{r4, r5, r6, pc}
 3424              	.LVL351:
 3425              	.L107:
 3426              	.LCFI107:
 3427              		.cfi_restore_state
 855:Middlewares/ST/STM32_WPAN/ble/core/auto/ble_gap_aci.c ****     return BLE_STATUS_TIMEOUT;
 3428              		.loc 1 855 12 view .LVU1185
 3429 009a FF20     		movs	r0, #255
 3430 009c FBE7     		b	.L106
 3431              		.cfi_endproc
 3432              	.LFE26:
 3434              		.section	.text.aci_gap_terminate_gap_proc,"ax",%progbits
 3435              		.align	1
 3436              		.global	aci_gap_terminate_gap_proc
 3437              		.syntax unified
 3438              		.thumb
 3439              		.thumb_func
 3441              	aci_gap_terminate_gap_proc:
 3442              	.LVL352:
 3443              	.LFB27:
 858:Middlewares/ST/STM32_WPAN/ble/core/auto/ble_gap_aci.c **** 
 859:Middlewares/ST/STM32_WPAN/ble/core/auto/ble_gap_aci.c **** tBleStatus aci_gap_terminate_gap_proc( uint8_t Procedure_Code )
 860:Middlewares/ST/STM32_WPAN/ble/core/auto/ble_gap_aci.c **** {
ARM GAS  C:\Users\843E~1\AppData\Local\Temp\ccgofTZZ.s 			page 76


 3444              		.loc 1 860 1 is_stmt 1 view -0
 3445              		.cfi_startproc
 3446              		@ args = 0, pretend = 0, frame = 288
 3447              		@ frame_needed = 0, uses_anonymous_args = 0
 3448              		.loc 1 860 1 is_stmt 0 view .LVU1187
 3449 0000 70B5     		push	{r4, r5, r6, lr}
 3450              	.LCFI108:
 3451              		.cfi_def_cfa_offset 16
 3452              		.cfi_offset 4, -16
 3453              		.cfi_offset 5, -12
 3454              		.cfi_offset 6, -8
 3455              		.cfi_offset 14, -4
 3456 0002 C8B0     		sub	sp, sp, #288
 3457              	.LCFI109:
 3458              		.cfi_def_cfa_offset 304
 861:Middlewares/ST/STM32_WPAN/ble/core/auto/ble_gap_aci.c ****   struct hci_request rq;
 3459              		.loc 1 861 3 is_stmt 1 view .LVU1188
 862:Middlewares/ST/STM32_WPAN/ble/core/auto/ble_gap_aci.c ****   uint8_t cmd_buffer[BLE_CMD_MAX_PARAM_LEN];
 3460              		.loc 1 862 3 view .LVU1189
 863:Middlewares/ST/STM32_WPAN/ble/core/auto/ble_gap_aci.c ****   aci_gap_terminate_gap_proc_cp0 *cp0 = (aci_gap_terminate_gap_proc_cp0*)(cmd_buffer);
 3461              		.loc 1 863 3 view .LVU1190
 3462              	.LVL353:
 864:Middlewares/ST/STM32_WPAN/ble/core/auto/ble_gap_aci.c ****   tBleStatus status = 0;
 3463              		.loc 1 864 3 view .LVU1191
 3464              		.loc 1 864 14 is_stmt 0 view .LVU1192
 3465 0004 0DF10705 		add	r5, sp, #7
 3466 0008 0024     		movs	r4, #0
 3467 000a 8DF80740 		strb	r4, [sp, #7]
 865:Middlewares/ST/STM32_WPAN/ble/core/auto/ble_gap_aci.c ****   int index_input = 0;
 3468              		.loc 1 865 3 is_stmt 1 view .LVU1193
 3469              	.LVL354:
 866:Middlewares/ST/STM32_WPAN/ble/core/auto/ble_gap_aci.c ****   cp0->Procedure_Code = Procedure_Code;
 3470              		.loc 1 866 3 view .LVU1194
 3471              		.loc 1 866 23 is_stmt 0 view .LVU1195
 3472 000e 02AE     		add	r6, sp, #8
 3473              	.LVL355:
 3474              		.loc 1 866 23 view .LVU1196
 3475 0010 8DF80800 		strb	r0, [sp, #8]
 867:Middlewares/ST/STM32_WPAN/ble/core/auto/ble_gap_aci.c ****   index_input += 1;
 3476              		.loc 1 867 3 is_stmt 1 view .LVU1197
 3477              	.LVL356:
 868:Middlewares/ST/STM32_WPAN/ble/core/auto/ble_gap_aci.c ****   Osal_MemSet( &rq, 0, sizeof(rq) );
 3478              		.loc 1 868 3 view .LVU1198
 3479 0014 1822     		movs	r2, #24
 3480 0016 2146     		mov	r1, r4
 3481 0018 42A8     		add	r0, sp, #264
 3482              	.LVL357:
 3483              		.loc 1 868 3 is_stmt 0 view .LVU1199
 3484 001a FFF7FEFF 		bl	Osal_MemSet
 3485              	.LVL358:
 869:Middlewares/ST/STM32_WPAN/ble/core/auto/ble_gap_aci.c ****   rq.ogf = 0x3f;
 3486              		.loc 1 869 3 is_stmt 1 view .LVU1200
 3487              		.loc 1 869 10 is_stmt 0 view .LVU1201
 3488 001e 3F23     		movs	r3, #63
 3489 0020 ADF80831 		strh	r3, [sp, #264]	@ movhi
 870:Middlewares/ST/STM32_WPAN/ble/core/auto/ble_gap_aci.c ****   rq.ocf = 0x09d;
 3490              		.loc 1 870 3 is_stmt 1 view .LVU1202
ARM GAS  C:\Users\843E~1\AppData\Local\Temp\ccgofTZZ.s 			page 77


 3491              		.loc 1 870 10 is_stmt 0 view .LVU1203
 3492 0024 9D23     		movs	r3, #157
 3493 0026 ADF80A31 		strh	r3, [sp, #266]	@ movhi
 871:Middlewares/ST/STM32_WPAN/ble/core/auto/ble_gap_aci.c ****   rq.cparam = cmd_buffer;
 3494              		.loc 1 871 3 is_stmt 1 view .LVU1204
 3495              		.loc 1 871 13 is_stmt 0 view .LVU1205
 3496 002a 4496     		str	r6, [sp, #272]
 872:Middlewares/ST/STM32_WPAN/ble/core/auto/ble_gap_aci.c ****   rq.clen = index_input;
 3497              		.loc 1 872 3 is_stmt 1 view .LVU1206
 3498              		.loc 1 872 11 is_stmt 0 view .LVU1207
 3499 002c 0123     		movs	r3, #1
 3500 002e 4593     		str	r3, [sp, #276]
 873:Middlewares/ST/STM32_WPAN/ble/core/auto/ble_gap_aci.c ****   rq.rparam = &status;
 3501              		.loc 1 873 3 is_stmt 1 view .LVU1208
 3502              		.loc 1 873 13 is_stmt 0 view .LVU1209
 3503 0030 4695     		str	r5, [sp, #280]
 874:Middlewares/ST/STM32_WPAN/ble/core/auto/ble_gap_aci.c ****   rq.rlen = 1;
 3504              		.loc 1 874 3 is_stmt 1 view .LVU1210
 3505              		.loc 1 874 11 is_stmt 0 view .LVU1211
 3506 0032 4793     		str	r3, [sp, #284]
 875:Middlewares/ST/STM32_WPAN/ble/core/auto/ble_gap_aci.c ****   if ( hci_send_req(&rq, FALSE) < 0 )
 3507              		.loc 1 875 3 is_stmt 1 view .LVU1212
 3508              		.loc 1 875 8 is_stmt 0 view .LVU1213
 3509 0034 2146     		mov	r1, r4
 3510 0036 42A8     		add	r0, sp, #264
 3511 0038 FFF7FEFF 		bl	hci_send_req
 3512              	.LVL359:
 3513              		.loc 1 875 6 view .LVU1214
 3514 003c A042     		cmp	r0, r4
 3515 003e 03DB     		blt	.L111
 876:Middlewares/ST/STM32_WPAN/ble/core/auto/ble_gap_aci.c ****     return BLE_STATUS_TIMEOUT;
 877:Middlewares/ST/STM32_WPAN/ble/core/auto/ble_gap_aci.c ****   return status;
 3516              		.loc 1 877 3 is_stmt 1 view .LVU1215
 3517              		.loc 1 877 10 is_stmt 0 view .LVU1216
 3518 0040 9DF80700 		ldrb	r0, [sp, #7]	@ zero_extendqisi2
 3519              	.L110:
 878:Middlewares/ST/STM32_WPAN/ble/core/auto/ble_gap_aci.c **** }
 3520              		.loc 1 878 1 view .LVU1217
 3521 0044 48B0     		add	sp, sp, #288
 3522              	.LCFI110:
 3523              		.cfi_remember_state
 3524              		.cfi_def_cfa_offset 16
 3525              		@ sp needed
 3526 0046 70BD     		pop	{r4, r5, r6, pc}
 3527              	.LVL360:
 3528              	.L111:
 3529              	.LCFI111:
 3530              		.cfi_restore_state
 876:Middlewares/ST/STM32_WPAN/ble/core/auto/ble_gap_aci.c ****     return BLE_STATUS_TIMEOUT;
 3531              		.loc 1 876 12 view .LVU1218
 3532 0048 FF20     		movs	r0, #255
 3533 004a FBE7     		b	.L110
 3534              		.cfi_endproc
 3535              	.LFE27:
 3537              		.section	.text.aci_gap_start_connection_update,"ax",%progbits
 3538              		.align	1
 3539              		.global	aci_gap_start_connection_update
ARM GAS  C:\Users\843E~1\AppData\Local\Temp\ccgofTZZ.s 			page 78


 3540              		.syntax unified
 3541              		.thumb
 3542              		.thumb_func
 3544              	aci_gap_start_connection_update:
 3545              	.LVL361:
 3546              	.LFB28:
 879:Middlewares/ST/STM32_WPAN/ble/core/auto/ble_gap_aci.c **** 
 880:Middlewares/ST/STM32_WPAN/ble/core/auto/ble_gap_aci.c **** tBleStatus aci_gap_start_connection_update( uint16_t Connection_Handle,
 881:Middlewares/ST/STM32_WPAN/ble/core/auto/ble_gap_aci.c ****                                             uint16_t Conn_Interval_Min,
 882:Middlewares/ST/STM32_WPAN/ble/core/auto/ble_gap_aci.c ****                                             uint16_t Conn_Interval_Max,
 883:Middlewares/ST/STM32_WPAN/ble/core/auto/ble_gap_aci.c ****                                             uint16_t Conn_Latency,
 884:Middlewares/ST/STM32_WPAN/ble/core/auto/ble_gap_aci.c ****                                             uint16_t Supervision_Timeout,
 885:Middlewares/ST/STM32_WPAN/ble/core/auto/ble_gap_aci.c ****                                             uint16_t Minimum_CE_Length,
 886:Middlewares/ST/STM32_WPAN/ble/core/auto/ble_gap_aci.c ****                                             uint16_t Maximum_CE_Length )
 887:Middlewares/ST/STM32_WPAN/ble/core/auto/ble_gap_aci.c **** {
 3547              		.loc 1 887 1 is_stmt 1 view -0
 3548              		.cfi_startproc
 3549              		@ args = 12, pretend = 0, frame = 288
 3550              		@ frame_needed = 0, uses_anonymous_args = 0
 3551              		.loc 1 887 1 is_stmt 0 view .LVU1220
 3552 0000 70B5     		push	{r4, r5, r6, lr}
 3553              	.LCFI112:
 3554              		.cfi_def_cfa_offset 16
 3555              		.cfi_offset 4, -16
 3556              		.cfi_offset 5, -12
 3557              		.cfi_offset 6, -8
 3558              		.cfi_offset 14, -4
 3559 0002 C8B0     		sub	sp, sp, #288
 3560              	.LCFI113:
 3561              		.cfi_def_cfa_offset 304
 888:Middlewares/ST/STM32_WPAN/ble/core/auto/ble_gap_aci.c ****   struct hci_request rq;
 3562              		.loc 1 888 3 is_stmt 1 view .LVU1221
 889:Middlewares/ST/STM32_WPAN/ble/core/auto/ble_gap_aci.c ****   uint8_t cmd_buffer[BLE_CMD_MAX_PARAM_LEN];
 3563              		.loc 1 889 3 view .LVU1222
 890:Middlewares/ST/STM32_WPAN/ble/core/auto/ble_gap_aci.c ****   aci_gap_start_connection_update_cp0 *cp0 = (aci_gap_start_connection_update_cp0*)(cmd_buffer);
 3564              		.loc 1 890 3 view .LVU1223
 3565              	.LVL362:
 891:Middlewares/ST/STM32_WPAN/ble/core/auto/ble_gap_aci.c ****   tBleStatus status = 0;
 3566              		.loc 1 891 3 view .LVU1224
 3567              		.loc 1 891 14 is_stmt 0 view .LVU1225
 3568 0004 0DF10706 		add	r6, sp, #7
 3569 0008 0025     		movs	r5, #0
 3570 000a 8DF80750 		strb	r5, [sp, #7]
 892:Middlewares/ST/STM32_WPAN/ble/core/auto/ble_gap_aci.c ****   int index_input = 0;
 3571              		.loc 1 892 3 is_stmt 1 view .LVU1226
 3572              	.LVL363:
 893:Middlewares/ST/STM32_WPAN/ble/core/auto/ble_gap_aci.c ****   cp0->Connection_Handle = Connection_Handle;
 3573              		.loc 1 893 3 view .LVU1227
 3574              		.loc 1 893 26 is_stmt 0 view .LVU1228
 3575 000e 02AC     		add	r4, sp, #8
 3576              	.LVL364:
 3577              		.loc 1 893 26 view .LVU1229
 3578 0010 ADF80800 		strh	r0, [sp, #8]	@ movhi
 894:Middlewares/ST/STM32_WPAN/ble/core/auto/ble_gap_aci.c ****   index_input += 2;
 3579              		.loc 1 894 3 is_stmt 1 view .LVU1230
 3580              	.LVL365:
 895:Middlewares/ST/STM32_WPAN/ble/core/auto/ble_gap_aci.c ****   cp0->Conn_Interval_Min = Conn_Interval_Min;
ARM GAS  C:\Users\843E~1\AppData\Local\Temp\ccgofTZZ.s 			page 79


 3581              		.loc 1 895 3 view .LVU1231
 3582              		.loc 1 895 26 is_stmt 0 view .LVU1232
 3583 0014 ADF80A10 		strh	r1, [sp, #10]	@ movhi
 896:Middlewares/ST/STM32_WPAN/ble/core/auto/ble_gap_aci.c ****   index_input += 2;
 3584              		.loc 1 896 3 is_stmt 1 view .LVU1233
 3585              	.LVL366:
 897:Middlewares/ST/STM32_WPAN/ble/core/auto/ble_gap_aci.c ****   cp0->Conn_Interval_Max = Conn_Interval_Max;
 3586              		.loc 1 897 3 view .LVU1234
 3587              		.loc 1 897 26 is_stmt 0 view .LVU1235
 3588 0018 ADF80C20 		strh	r2, [sp, #12]	@ movhi
 898:Middlewares/ST/STM32_WPAN/ble/core/auto/ble_gap_aci.c ****   index_input += 2;
 3589              		.loc 1 898 3 is_stmt 1 view .LVU1236
 3590              	.LVL367:
 899:Middlewares/ST/STM32_WPAN/ble/core/auto/ble_gap_aci.c ****   cp0->Conn_Latency = Conn_Latency;
 3591              		.loc 1 899 3 view .LVU1237
 3592              		.loc 1 899 21 is_stmt 0 view .LVU1238
 3593 001c ADF80E30 		strh	r3, [sp, #14]	@ movhi
 900:Middlewares/ST/STM32_WPAN/ble/core/auto/ble_gap_aci.c ****   index_input += 2;
 3594              		.loc 1 900 3 is_stmt 1 view .LVU1239
 3595              	.LVL368:
 901:Middlewares/ST/STM32_WPAN/ble/core/auto/ble_gap_aci.c ****   cp0->Supervision_Timeout = Supervision_Timeout;
 3596              		.loc 1 901 3 view .LVU1240
 3597              		.loc 1 901 28 is_stmt 0 view .LVU1241
 3598 0020 BDF83031 		ldrh	r3, [sp, #304]
 3599              	.LVL369:
 3600              		.loc 1 901 28 view .LVU1242
 3601 0024 ADF81030 		strh	r3, [sp, #16]	@ movhi
 902:Middlewares/ST/STM32_WPAN/ble/core/auto/ble_gap_aci.c ****   index_input += 2;
 3602              		.loc 1 902 3 is_stmt 1 view .LVU1243
 3603              	.LVL370:
 903:Middlewares/ST/STM32_WPAN/ble/core/auto/ble_gap_aci.c ****   cp0->Minimum_CE_Length = Minimum_CE_Length;
 3604              		.loc 1 903 3 view .LVU1244
 3605              		.loc 1 903 26 is_stmt 0 view .LVU1245
 3606 0028 BDF83431 		ldrh	r3, [sp, #308]
 3607 002c ADF81230 		strh	r3, [sp, #18]	@ movhi
 904:Middlewares/ST/STM32_WPAN/ble/core/auto/ble_gap_aci.c ****   index_input += 2;
 3608              		.loc 1 904 3 is_stmt 1 view .LVU1246
 3609              	.LVL371:
 905:Middlewares/ST/STM32_WPAN/ble/core/auto/ble_gap_aci.c ****   cp0->Maximum_CE_Length = Maximum_CE_Length;
 3610              		.loc 1 905 3 view .LVU1247
 3611              		.loc 1 905 26 is_stmt 0 view .LVU1248
 3612 0030 BDF83831 		ldrh	r3, [sp, #312]
 3613 0034 ADF81430 		strh	r3, [sp, #20]	@ movhi
 906:Middlewares/ST/STM32_WPAN/ble/core/auto/ble_gap_aci.c ****   index_input += 2;
 3614              		.loc 1 906 3 is_stmt 1 view .LVU1249
 3615              	.LVL372:
 907:Middlewares/ST/STM32_WPAN/ble/core/auto/ble_gap_aci.c ****   Osal_MemSet( &rq, 0, sizeof(rq) );
 3616              		.loc 1 907 3 view .LVU1250
 3617 0038 1822     		movs	r2, #24
 3618              	.LVL373:
 3619              		.loc 1 907 3 is_stmt 0 view .LVU1251
 3620 003a 2946     		mov	r1, r5
 3621              	.LVL374:
 3622              		.loc 1 907 3 view .LVU1252
 3623 003c 42A8     		add	r0, sp, #264
 3624              	.LVL375:
 3625              		.loc 1 907 3 view .LVU1253
ARM GAS  C:\Users\843E~1\AppData\Local\Temp\ccgofTZZ.s 			page 80


 3626 003e FFF7FEFF 		bl	Osal_MemSet
 3627              	.LVL376:
 908:Middlewares/ST/STM32_WPAN/ble/core/auto/ble_gap_aci.c ****   rq.ogf = 0x3f;
 3628              		.loc 1 908 3 is_stmt 1 view .LVU1254
 3629              		.loc 1 908 10 is_stmt 0 view .LVU1255
 3630 0042 3F23     		movs	r3, #63
 3631 0044 ADF80831 		strh	r3, [sp, #264]	@ movhi
 909:Middlewares/ST/STM32_WPAN/ble/core/auto/ble_gap_aci.c ****   rq.ocf = 0x09e;
 3632              		.loc 1 909 3 is_stmt 1 view .LVU1256
 3633              		.loc 1 909 10 is_stmt 0 view .LVU1257
 3634 0048 9E23     		movs	r3, #158
 3635 004a ADF80A31 		strh	r3, [sp, #266]	@ movhi
 910:Middlewares/ST/STM32_WPAN/ble/core/auto/ble_gap_aci.c ****   rq.event = 0x0F;
 3636              		.loc 1 910 3 is_stmt 1 view .LVU1258
 3637              		.loc 1 910 12 is_stmt 0 view .LVU1259
 3638 004e 0F23     		movs	r3, #15
 3639 0050 4393     		str	r3, [sp, #268]
 911:Middlewares/ST/STM32_WPAN/ble/core/auto/ble_gap_aci.c ****   rq.cparam = cmd_buffer;
 3640              		.loc 1 911 3 is_stmt 1 view .LVU1260
 3641              		.loc 1 911 13 is_stmt 0 view .LVU1261
 3642 0052 4494     		str	r4, [sp, #272]
 912:Middlewares/ST/STM32_WPAN/ble/core/auto/ble_gap_aci.c ****   rq.clen = index_input;
 3643              		.loc 1 912 3 is_stmt 1 view .LVU1262
 3644              		.loc 1 912 11 is_stmt 0 view .LVU1263
 3645 0054 0E23     		movs	r3, #14
 3646 0056 4593     		str	r3, [sp, #276]
 913:Middlewares/ST/STM32_WPAN/ble/core/auto/ble_gap_aci.c ****   rq.rparam = &status;
 3647              		.loc 1 913 3 is_stmt 1 view .LVU1264
 3648              		.loc 1 913 13 is_stmt 0 view .LVU1265
 3649 0058 4696     		str	r6, [sp, #280]
 914:Middlewares/ST/STM32_WPAN/ble/core/auto/ble_gap_aci.c ****   rq.rlen = 1;
 3650              		.loc 1 914 3 is_stmt 1 view .LVU1266
 3651              		.loc 1 914 11 is_stmt 0 view .LVU1267
 3652 005a 0123     		movs	r3, #1
 3653 005c 4793     		str	r3, [sp, #284]
 915:Middlewares/ST/STM32_WPAN/ble/core/auto/ble_gap_aci.c ****   if ( hci_send_req(&rq, FALSE) < 0 )
 3654              		.loc 1 915 3 is_stmt 1 view .LVU1268
 3655              		.loc 1 915 8 is_stmt 0 view .LVU1269
 3656 005e 2946     		mov	r1, r5
 3657 0060 42A8     		add	r0, sp, #264
 3658 0062 FFF7FEFF 		bl	hci_send_req
 3659              	.LVL377:
 3660              		.loc 1 915 6 view .LVU1270
 3661 0066 A842     		cmp	r0, r5
 3662 0068 03DB     		blt	.L115
 916:Middlewares/ST/STM32_WPAN/ble/core/auto/ble_gap_aci.c ****     return BLE_STATUS_TIMEOUT;
 917:Middlewares/ST/STM32_WPAN/ble/core/auto/ble_gap_aci.c ****   return status;
 3663              		.loc 1 917 3 is_stmt 1 view .LVU1271
 3664              		.loc 1 917 10 is_stmt 0 view .LVU1272
 3665 006a 9DF80700 		ldrb	r0, [sp, #7]	@ zero_extendqisi2
 3666              	.L114:
 918:Middlewares/ST/STM32_WPAN/ble/core/auto/ble_gap_aci.c **** }
 3667              		.loc 1 918 1 view .LVU1273
 3668 006e 48B0     		add	sp, sp, #288
 3669              	.LCFI114:
 3670              		.cfi_remember_state
 3671              		.cfi_def_cfa_offset 16
ARM GAS  C:\Users\843E~1\AppData\Local\Temp\ccgofTZZ.s 			page 81


 3672              		@ sp needed
 3673 0070 70BD     		pop	{r4, r5, r6, pc}
 3674              	.LVL378:
 3675              	.L115:
 3676              	.LCFI115:
 3677              		.cfi_restore_state
 916:Middlewares/ST/STM32_WPAN/ble/core/auto/ble_gap_aci.c ****     return BLE_STATUS_TIMEOUT;
 3678              		.loc 1 916 12 view .LVU1274
 3679 0072 FF20     		movs	r0, #255
 3680 0074 FBE7     		b	.L114
 3681              		.cfi_endproc
 3682              	.LFE28:
 3684              		.section	.text.aci_gap_send_pairing_req,"ax",%progbits
 3685              		.align	1
 3686              		.global	aci_gap_send_pairing_req
 3687              		.syntax unified
 3688              		.thumb
 3689              		.thumb_func
 3691              	aci_gap_send_pairing_req:
 3692              	.LVL379:
 3693              	.LFB29:
 919:Middlewares/ST/STM32_WPAN/ble/core/auto/ble_gap_aci.c **** 
 920:Middlewares/ST/STM32_WPAN/ble/core/auto/ble_gap_aci.c **** tBleStatus aci_gap_send_pairing_req( uint16_t Connection_Handle,
 921:Middlewares/ST/STM32_WPAN/ble/core/auto/ble_gap_aci.c ****                                      uint8_t Force_Rebond )
 922:Middlewares/ST/STM32_WPAN/ble/core/auto/ble_gap_aci.c **** {
 3694              		.loc 1 922 1 is_stmt 1 view -0
 3695              		.cfi_startproc
 3696              		@ args = 0, pretend = 0, frame = 288
 3697              		@ frame_needed = 0, uses_anonymous_args = 0
 3698              		.loc 1 922 1 is_stmt 0 view .LVU1276
 3699 0000 70B5     		push	{r4, r5, r6, lr}
 3700              	.LCFI116:
 3701              		.cfi_def_cfa_offset 16
 3702              		.cfi_offset 4, -16
 3703              		.cfi_offset 5, -12
 3704              		.cfi_offset 6, -8
 3705              		.cfi_offset 14, -4
 3706 0002 C8B0     		sub	sp, sp, #288
 3707              	.LCFI117:
 3708              		.cfi_def_cfa_offset 304
 923:Middlewares/ST/STM32_WPAN/ble/core/auto/ble_gap_aci.c ****   struct hci_request rq;
 3709              		.loc 1 923 3 is_stmt 1 view .LVU1277
 924:Middlewares/ST/STM32_WPAN/ble/core/auto/ble_gap_aci.c ****   uint8_t cmd_buffer[BLE_CMD_MAX_PARAM_LEN];
 3710              		.loc 1 924 3 view .LVU1278
 925:Middlewares/ST/STM32_WPAN/ble/core/auto/ble_gap_aci.c ****   aci_gap_send_pairing_req_cp0 *cp0 = (aci_gap_send_pairing_req_cp0*)(cmd_buffer);
 3711              		.loc 1 925 3 view .LVU1279
 3712              	.LVL380:
 926:Middlewares/ST/STM32_WPAN/ble/core/auto/ble_gap_aci.c ****   tBleStatus status = 0;
 3713              		.loc 1 926 3 view .LVU1280
 3714              		.loc 1 926 14 is_stmt 0 view .LVU1281
 3715 0004 0DF10706 		add	r6, sp, #7
 3716 0008 0024     		movs	r4, #0
 3717 000a 8DF80740 		strb	r4, [sp, #7]
 927:Middlewares/ST/STM32_WPAN/ble/core/auto/ble_gap_aci.c ****   int index_input = 0;
 3718              		.loc 1 927 3 is_stmt 1 view .LVU1282
 3719              	.LVL381:
 928:Middlewares/ST/STM32_WPAN/ble/core/auto/ble_gap_aci.c ****   cp0->Connection_Handle = Connection_Handle;
ARM GAS  C:\Users\843E~1\AppData\Local\Temp\ccgofTZZ.s 			page 82


 3720              		.loc 1 928 3 view .LVU1283
 3721              		.loc 1 928 26 is_stmt 0 view .LVU1284
 3722 000e 02AD     		add	r5, sp, #8
 3723              	.LVL382:
 3724              		.loc 1 928 26 view .LVU1285
 3725 0010 ADF80800 		strh	r0, [sp, #8]	@ movhi
 929:Middlewares/ST/STM32_WPAN/ble/core/auto/ble_gap_aci.c ****   index_input += 2;
 3726              		.loc 1 929 3 is_stmt 1 view .LVU1286
 3727              	.LVL383:
 930:Middlewares/ST/STM32_WPAN/ble/core/auto/ble_gap_aci.c ****   cp0->Force_Rebond = Force_Rebond;
 3728              		.loc 1 930 3 view .LVU1287
 3729              		.loc 1 930 21 is_stmt 0 view .LVU1288
 3730 0014 8DF80A10 		strb	r1, [sp, #10]
 931:Middlewares/ST/STM32_WPAN/ble/core/auto/ble_gap_aci.c ****   index_input += 1;
 3731              		.loc 1 931 3 is_stmt 1 view .LVU1289
 3732              	.LVL384:
 932:Middlewares/ST/STM32_WPAN/ble/core/auto/ble_gap_aci.c ****   Osal_MemSet( &rq, 0, sizeof(rq) );
 3733              		.loc 1 932 3 view .LVU1290
 3734 0018 1822     		movs	r2, #24
 3735 001a 2146     		mov	r1, r4
 3736              	.LVL385:
 3737              		.loc 1 932 3 is_stmt 0 view .LVU1291
 3738 001c 42A8     		add	r0, sp, #264
 3739              	.LVL386:
 3740              		.loc 1 932 3 view .LVU1292
 3741 001e FFF7FEFF 		bl	Osal_MemSet
 3742              	.LVL387:
 933:Middlewares/ST/STM32_WPAN/ble/core/auto/ble_gap_aci.c ****   rq.ogf = 0x3f;
 3743              		.loc 1 933 3 is_stmt 1 view .LVU1293
 3744              		.loc 1 933 10 is_stmt 0 view .LVU1294
 3745 0022 3F23     		movs	r3, #63
 3746 0024 ADF80831 		strh	r3, [sp, #264]	@ movhi
 934:Middlewares/ST/STM32_WPAN/ble/core/auto/ble_gap_aci.c ****   rq.ocf = 0x09f;
 3747              		.loc 1 934 3 is_stmt 1 view .LVU1295
 3748              		.loc 1 934 10 is_stmt 0 view .LVU1296
 3749 0028 9F23     		movs	r3, #159
 3750 002a ADF80A31 		strh	r3, [sp, #266]	@ movhi
 935:Middlewares/ST/STM32_WPAN/ble/core/auto/ble_gap_aci.c ****   rq.event = 0x0F;
 3751              		.loc 1 935 3 is_stmt 1 view .LVU1297
 3752              		.loc 1 935 12 is_stmt 0 view .LVU1298
 3753 002e 0F23     		movs	r3, #15
 3754 0030 4393     		str	r3, [sp, #268]
 936:Middlewares/ST/STM32_WPAN/ble/core/auto/ble_gap_aci.c ****   rq.cparam = cmd_buffer;
 3755              		.loc 1 936 3 is_stmt 1 view .LVU1299
 3756              		.loc 1 936 13 is_stmt 0 view .LVU1300
 3757 0032 4495     		str	r5, [sp, #272]
 937:Middlewares/ST/STM32_WPAN/ble/core/auto/ble_gap_aci.c ****   rq.clen = index_input;
 3758              		.loc 1 937 3 is_stmt 1 view .LVU1301
 3759              		.loc 1 937 11 is_stmt 0 view .LVU1302
 3760 0034 0323     		movs	r3, #3
 3761 0036 4593     		str	r3, [sp, #276]
 938:Middlewares/ST/STM32_WPAN/ble/core/auto/ble_gap_aci.c ****   rq.rparam = &status;
 3762              		.loc 1 938 3 is_stmt 1 view .LVU1303
 3763              		.loc 1 938 13 is_stmt 0 view .LVU1304
 3764 0038 4696     		str	r6, [sp, #280]
 939:Middlewares/ST/STM32_WPAN/ble/core/auto/ble_gap_aci.c ****   rq.rlen = 1;
 3765              		.loc 1 939 3 is_stmt 1 view .LVU1305
ARM GAS  C:\Users\843E~1\AppData\Local\Temp\ccgofTZZ.s 			page 83


 3766              		.loc 1 939 11 is_stmt 0 view .LVU1306
 3767 003a 0123     		movs	r3, #1
 3768 003c 4793     		str	r3, [sp, #284]
 940:Middlewares/ST/STM32_WPAN/ble/core/auto/ble_gap_aci.c ****   if ( hci_send_req(&rq, FALSE) < 0 )
 3769              		.loc 1 940 3 is_stmt 1 view .LVU1307
 3770              		.loc 1 940 8 is_stmt 0 view .LVU1308
 3771 003e 2146     		mov	r1, r4
 3772 0040 42A8     		add	r0, sp, #264
 3773 0042 FFF7FEFF 		bl	hci_send_req
 3774              	.LVL388:
 3775              		.loc 1 940 6 view .LVU1309
 3776 0046 A042     		cmp	r0, r4
 3777 0048 03DB     		blt	.L119
 941:Middlewares/ST/STM32_WPAN/ble/core/auto/ble_gap_aci.c ****     return BLE_STATUS_TIMEOUT;
 942:Middlewares/ST/STM32_WPAN/ble/core/auto/ble_gap_aci.c ****   return status;
 3778              		.loc 1 942 3 is_stmt 1 view .LVU1310
 3779              		.loc 1 942 10 is_stmt 0 view .LVU1311
 3780 004a 9DF80700 		ldrb	r0, [sp, #7]	@ zero_extendqisi2
 3781              	.L118:
 943:Middlewares/ST/STM32_WPAN/ble/core/auto/ble_gap_aci.c **** }
 3782              		.loc 1 943 1 view .LVU1312
 3783 004e 48B0     		add	sp, sp, #288
 3784              	.LCFI118:
 3785              		.cfi_remember_state
 3786              		.cfi_def_cfa_offset 16
 3787              		@ sp needed
 3788 0050 70BD     		pop	{r4, r5, r6, pc}
 3789              	.LVL389:
 3790              	.L119:
 3791              	.LCFI119:
 3792              		.cfi_restore_state
 941:Middlewares/ST/STM32_WPAN/ble/core/auto/ble_gap_aci.c ****     return BLE_STATUS_TIMEOUT;
 3793              		.loc 1 941 12 view .LVU1313
 3794 0052 FF20     		movs	r0, #255
 3795 0054 FBE7     		b	.L118
 3796              		.cfi_endproc
 3797              	.LFE29:
 3799              		.section	.text.aci_gap_resolve_private_addr,"ax",%progbits
 3800              		.align	1
 3801              		.global	aci_gap_resolve_private_addr
 3802              		.syntax unified
 3803              		.thumb
 3804              		.thumb_func
 3806              	aci_gap_resolve_private_addr:
 3807              	.LVL390:
 3808              	.LFB30:
 944:Middlewares/ST/STM32_WPAN/ble/core/auto/ble_gap_aci.c **** 
 945:Middlewares/ST/STM32_WPAN/ble/core/auto/ble_gap_aci.c **** tBleStatus aci_gap_resolve_private_addr( const uint8_t* Address,
 946:Middlewares/ST/STM32_WPAN/ble/core/auto/ble_gap_aci.c ****                                          uint8_t* Actual_Address )
 947:Middlewares/ST/STM32_WPAN/ble/core/auto/ble_gap_aci.c **** {
 3809              		.loc 1 947 1 is_stmt 1 view -0
 3810              		.cfi_startproc
 3811              		@ args = 0, pretend = 0, frame = 288
 3812              		@ frame_needed = 0, uses_anonymous_args = 0
 3813              		.loc 1 947 1 is_stmt 0 view .LVU1315
 3814 0000 70B5     		push	{r4, r5, r6, lr}
 3815              	.LCFI120:
ARM GAS  C:\Users\843E~1\AppData\Local\Temp\ccgofTZZ.s 			page 84


 3816              		.cfi_def_cfa_offset 16
 3817              		.cfi_offset 4, -16
 3818              		.cfi_offset 5, -12
 3819              		.cfi_offset 6, -8
 3820              		.cfi_offset 14, -4
 3821 0002 C8B0     		sub	sp, sp, #288
 3822              	.LCFI121:
 3823              		.cfi_def_cfa_offset 304
 3824 0004 0446     		mov	r4, r0
 3825 0006 0D46     		mov	r5, r1
 948:Middlewares/ST/STM32_WPAN/ble/core/auto/ble_gap_aci.c ****   struct hci_request rq;
 3826              		.loc 1 948 3 is_stmt 1 view .LVU1316
 949:Middlewares/ST/STM32_WPAN/ble/core/auto/ble_gap_aci.c ****   uint8_t cmd_buffer[BLE_CMD_MAX_PARAM_LEN];
 3827              		.loc 1 949 3 view .LVU1317
 950:Middlewares/ST/STM32_WPAN/ble/core/auto/ble_gap_aci.c ****   aci_gap_resolve_private_addr_cp0 *cp0 = (aci_gap_resolve_private_addr_cp0*)(cmd_buffer);
 3828              		.loc 1 950 3 view .LVU1318
 3829              	.LVL391:
 951:Middlewares/ST/STM32_WPAN/ble/core/auto/ble_gap_aci.c ****   aci_gap_resolve_private_addr_rp0 resp;
 3830              		.loc 1 951 3 view .LVU1319
 952:Middlewares/ST/STM32_WPAN/ble/core/auto/ble_gap_aci.c ****   Osal_MemSet( &resp, 0, sizeof(resp) );
 3831              		.loc 1 952 3 view .LVU1320
 3832 0008 0722     		movs	r2, #7
 3833 000a 0021     		movs	r1, #0
 3834              	.LVL392:
 3835              		.loc 1 952 3 is_stmt 0 view .LVU1321
 3836 000c 6846     		mov	r0, sp
 3837              	.LVL393:
 3838              		.loc 1 952 3 view .LVU1322
 3839 000e FFF7FEFF 		bl	Osal_MemSet
 3840              	.LVL394:
 953:Middlewares/ST/STM32_WPAN/ble/core/auto/ble_gap_aci.c ****   int index_input = 0;
 3841              		.loc 1 953 3 is_stmt 1 view .LVU1323
 954:Middlewares/ST/STM32_WPAN/ble/core/auto/ble_gap_aci.c ****   Osal_MemCpy( (void*)&cp0->Address, (const void*)Address, 6 );
 3842              		.loc 1 954 3 view .LVU1324
 3843 0012 02AE     		add	r6, sp, #8
 3844              	.LVL395:
 3845              		.loc 1 954 3 is_stmt 0 view .LVU1325
 3846 0014 0622     		movs	r2, #6
 3847 0016 2146     		mov	r1, r4
 3848 0018 3046     		mov	r0, r6
 3849 001a FFF7FEFF 		bl	Osal_MemCpy
 3850              	.LVL396:
 955:Middlewares/ST/STM32_WPAN/ble/core/auto/ble_gap_aci.c ****   index_input += 6;
 3851              		.loc 1 955 3 is_stmt 1 view .LVU1326
 956:Middlewares/ST/STM32_WPAN/ble/core/auto/ble_gap_aci.c ****   Osal_MemSet( &rq, 0, sizeof(rq) );
 3852              		.loc 1 956 3 view .LVU1327
 3853 001e 1822     		movs	r2, #24
 3854 0020 0021     		movs	r1, #0
 3855 0022 42A8     		add	r0, sp, #264
 3856 0024 FFF7FEFF 		bl	Osal_MemSet
 3857              	.LVL397:
 957:Middlewares/ST/STM32_WPAN/ble/core/auto/ble_gap_aci.c ****   rq.ogf = 0x3f;
 3858              		.loc 1 957 3 view .LVU1328
 3859              		.loc 1 957 10 is_stmt 0 view .LVU1329
 3860 0028 3F23     		movs	r3, #63
 3861 002a ADF80831 		strh	r3, [sp, #264]	@ movhi
 958:Middlewares/ST/STM32_WPAN/ble/core/auto/ble_gap_aci.c ****   rq.ocf = 0x0a0;
ARM GAS  C:\Users\843E~1\AppData\Local\Temp\ccgofTZZ.s 			page 85


 3862              		.loc 1 958 3 is_stmt 1 view .LVU1330
 3863              		.loc 1 958 10 is_stmt 0 view .LVU1331
 3864 002e A023     		movs	r3, #160
 3865 0030 ADF80A31 		strh	r3, [sp, #266]	@ movhi
 959:Middlewares/ST/STM32_WPAN/ble/core/auto/ble_gap_aci.c ****   rq.cparam = cmd_buffer;
 3866              		.loc 1 959 3 is_stmt 1 view .LVU1332
 3867              		.loc 1 959 13 is_stmt 0 view .LVU1333
 3868 0034 4496     		str	r6, [sp, #272]
 960:Middlewares/ST/STM32_WPAN/ble/core/auto/ble_gap_aci.c ****   rq.clen = index_input;
 3869              		.loc 1 960 3 is_stmt 1 view .LVU1334
 3870              		.loc 1 960 11 is_stmt 0 view .LVU1335
 3871 0036 0623     		movs	r3, #6
 3872 0038 4593     		str	r3, [sp, #276]
 961:Middlewares/ST/STM32_WPAN/ble/core/auto/ble_gap_aci.c ****   rq.rparam = &resp;
 3873              		.loc 1 961 3 is_stmt 1 view .LVU1336
 3874              		.loc 1 961 13 is_stmt 0 view .LVU1337
 3875 003a CDF818D1 		str	sp, [sp, #280]
 962:Middlewares/ST/STM32_WPAN/ble/core/auto/ble_gap_aci.c ****   rq.rlen = sizeof(resp);
 3876              		.loc 1 962 3 is_stmt 1 view .LVU1338
 3877              		.loc 1 962 11 is_stmt 0 view .LVU1339
 3878 003e 0723     		movs	r3, #7
 3879 0040 4793     		str	r3, [sp, #284]
 963:Middlewares/ST/STM32_WPAN/ble/core/auto/ble_gap_aci.c ****   if ( hci_send_req(&rq, FALSE) < 0 )
 3880              		.loc 1 963 3 is_stmt 1 view .LVU1340
 3881              		.loc 1 963 8 is_stmt 0 view .LVU1341
 3882 0042 0021     		movs	r1, #0
 3883 0044 42A8     		add	r0, sp, #264
 3884 0046 FFF7FEFF 		bl	hci_send_req
 3885              	.LVL398:
 3886              		.loc 1 963 6 view .LVU1342
 3887 004a 0028     		cmp	r0, #0
 3888 004c 0CDB     		blt	.L123
 964:Middlewares/ST/STM32_WPAN/ble/core/auto/ble_gap_aci.c ****     return BLE_STATUS_TIMEOUT;
 965:Middlewares/ST/STM32_WPAN/ble/core/auto/ble_gap_aci.c ****   if ( resp.Status )
 3889              		.loc 1 965 3 is_stmt 1 view .LVU1343
 3890              		.loc 1 965 12 is_stmt 0 view .LVU1344
 3891 004e 9DF80040 		ldrb	r4, [sp]	@ zero_extendqisi2
 3892              	.LVL399:
 3893              		.loc 1 965 6 view .LVU1345
 3894 0052 14B1     		cbz	r4, .L125
 3895              	.L122:
 966:Middlewares/ST/STM32_WPAN/ble/core/auto/ble_gap_aci.c ****     return resp.Status;
 967:Middlewares/ST/STM32_WPAN/ble/core/auto/ble_gap_aci.c ****   Osal_MemCpy( (void*)Actual_Address, (const void*)resp.Actual_Address, 6 );
 968:Middlewares/ST/STM32_WPAN/ble/core/auto/ble_gap_aci.c ****   return BLE_STATUS_SUCCESS;
 969:Middlewares/ST/STM32_WPAN/ble/core/auto/ble_gap_aci.c **** }
 3896              		.loc 1 969 1 view .LVU1346
 3897 0054 2046     		mov	r0, r4
 3898 0056 48B0     		add	sp, sp, #288
 3899              	.LCFI122:
 3900              		.cfi_remember_state
 3901              		.cfi_def_cfa_offset 16
 3902              		@ sp needed
 3903 0058 70BD     		pop	{r4, r5, r6, pc}
 3904              	.LVL400:
 3905              	.L125:
 3906              	.LCFI123:
 3907              		.cfi_restore_state
ARM GAS  C:\Users\843E~1\AppData\Local\Temp\ccgofTZZ.s 			page 86


 967:Middlewares/ST/STM32_WPAN/ble/core/auto/ble_gap_aci.c ****   return BLE_STATUS_SUCCESS;
 3908              		.loc 1 967 3 is_stmt 1 view .LVU1347
 3909 005a 0622     		movs	r2, #6
 3910 005c 0DF10101 		add	r1, sp, #1
 3911 0060 2846     		mov	r0, r5
 3912 0062 FFF7FEFF 		bl	Osal_MemCpy
 3913              	.LVL401:
 968:Middlewares/ST/STM32_WPAN/ble/core/auto/ble_gap_aci.c **** }
 3914              		.loc 1 968 3 view .LVU1348
 968:Middlewares/ST/STM32_WPAN/ble/core/auto/ble_gap_aci.c **** }
 3915              		.loc 1 968 10 is_stmt 0 view .LVU1349
 3916 0066 F5E7     		b	.L122
 3917              	.LVL402:
 3918              	.L123:
 964:Middlewares/ST/STM32_WPAN/ble/core/auto/ble_gap_aci.c ****   if ( resp.Status )
 3919              		.loc 1 964 12 view .LVU1350
 3920 0068 FF24     		movs	r4, #255
 3921              	.LVL403:
 964:Middlewares/ST/STM32_WPAN/ble/core/auto/ble_gap_aci.c ****   if ( resp.Status )
 3922              		.loc 1 964 12 view .LVU1351
 3923 006a F3E7     		b	.L122
 3924              		.cfi_endproc
 3925              	.LFE30:
 3927              		.section	.text.aci_gap_set_broadcast_mode,"ax",%progbits
 3928              		.align	1
 3929              		.global	aci_gap_set_broadcast_mode
 3930              		.syntax unified
 3931              		.thumb
 3932              		.thumb_func
 3934              	aci_gap_set_broadcast_mode:
 3935              	.LVL404:
 3936              	.LFB31:
 970:Middlewares/ST/STM32_WPAN/ble/core/auto/ble_gap_aci.c **** 
 971:Middlewares/ST/STM32_WPAN/ble/core/auto/ble_gap_aci.c **** tBleStatus aci_gap_set_broadcast_mode( uint16_t Advertising_Interval_Min,
 972:Middlewares/ST/STM32_WPAN/ble/core/auto/ble_gap_aci.c ****                                        uint16_t Advertising_Interval_Max,
 973:Middlewares/ST/STM32_WPAN/ble/core/auto/ble_gap_aci.c ****                                        uint8_t Advertising_Type,
 974:Middlewares/ST/STM32_WPAN/ble/core/auto/ble_gap_aci.c ****                                        uint8_t Own_Address_Type,
 975:Middlewares/ST/STM32_WPAN/ble/core/auto/ble_gap_aci.c ****                                        uint8_t Adv_Data_Length,
 976:Middlewares/ST/STM32_WPAN/ble/core/auto/ble_gap_aci.c ****                                        const uint8_t* Adv_Data,
 977:Middlewares/ST/STM32_WPAN/ble/core/auto/ble_gap_aci.c ****                                        uint8_t Num_of_Peer_Entries,
 978:Middlewares/ST/STM32_WPAN/ble/core/auto/ble_gap_aci.c ****                                        const Peer_Entry_t* Peer_Entry )
 979:Middlewares/ST/STM32_WPAN/ble/core/auto/ble_gap_aci.c **** {
 3937              		.loc 1 979 1 is_stmt 1 view -0
 3938              		.cfi_startproc
 3939              		@ args = 16, pretend = 0, frame = 288
 3940              		@ frame_needed = 0, uses_anonymous_args = 0
 3941              		.loc 1 979 1 is_stmt 0 view .LVU1353
 3942 0000 2DE9F047 		push	{r4, r5, r6, r7, r8, r9, r10, lr}
 3943              	.LCFI124:
 3944              		.cfi_def_cfa_offset 32
 3945              		.cfi_offset 4, -32
 3946              		.cfi_offset 5, -28
 3947              		.cfi_offset 6, -24
 3948              		.cfi_offset 7, -20
 3949              		.cfi_offset 8, -16
 3950              		.cfi_offset 9, -12
 3951              		.cfi_offset 10, -8
ARM GAS  C:\Users\843E~1\AppData\Local\Temp\ccgofTZZ.s 			page 87


 3952              		.cfi_offset 14, -4
 3953 0004 C8B0     		sub	sp, sp, #288
 3954              	.LCFI125:
 3955              		.cfi_def_cfa_offset 320
 3956 0006 9DF84041 		ldrb	r4, [sp, #320]	@ zero_extendqisi2
 3957 000a 9DF84861 		ldrb	r6, [sp, #328]	@ zero_extendqisi2
 980:Middlewares/ST/STM32_WPAN/ble/core/auto/ble_gap_aci.c ****   struct hci_request rq;
 3958              		.loc 1 980 3 is_stmt 1 view .LVU1354
 981:Middlewares/ST/STM32_WPAN/ble/core/auto/ble_gap_aci.c ****   uint8_t cmd_buffer[BLE_CMD_MAX_PARAM_LEN];
 3959              		.loc 1 981 3 view .LVU1355
 982:Middlewares/ST/STM32_WPAN/ble/core/auto/ble_gap_aci.c ****   aci_gap_set_broadcast_mode_cp0 *cp0 = (aci_gap_set_broadcast_mode_cp0*)(cmd_buffer);
 3960              		.loc 1 982 3 view .LVU1356
 3961              	.LVL405:
 983:Middlewares/ST/STM32_WPAN/ble/core/auto/ble_gap_aci.c ****   aci_gap_set_broadcast_mode_cp1 *cp1 = (aci_gap_set_broadcast_mode_cp1*)(cmd_buffer + 2 + 2 + 1 + 
 3962              		.loc 1 983 3 view .LVU1357
 3963              		.loc 1 983 106 is_stmt 0 view .LVU1358
 3964 000e 04F1070A 		add	r10, r4, #7
 3965              		.loc 1 983 35 view .LVU1359
 3966 0012 02AD     		add	r5, sp, #8
 3967              	.LVL406:
 3968              		.loc 1 983 35 view .LVU1360
 3969 0014 05EB0A09 		add	r9, r5, r10
 3970              	.LVL407:
 984:Middlewares/ST/STM32_WPAN/ble/core/auto/ble_gap_aci.c ****   tBleStatus status = 0;
 3971              		.loc 1 984 3 is_stmt 1 view .LVU1361
 3972              		.loc 1 984 14 is_stmt 0 view .LVU1362
 3973 0018 0DF10708 		add	r8, sp, #7
 3974 001c 0027     		movs	r7, #0
 3975 001e 8DF80770 		strb	r7, [sp, #7]
 985:Middlewares/ST/STM32_WPAN/ble/core/auto/ble_gap_aci.c ****   int index_input = 0;
 3976              		.loc 1 985 3 is_stmt 1 view .LVU1363
 3977              	.LVL408:
 986:Middlewares/ST/STM32_WPAN/ble/core/auto/ble_gap_aci.c ****   cp0->Advertising_Interval_Min = Advertising_Interval_Min;
 3978              		.loc 1 986 3 view .LVU1364
 3979              		.loc 1 986 33 is_stmt 0 view .LVU1365
 3980 0022 ADF80800 		strh	r0, [sp, #8]	@ movhi
 987:Middlewares/ST/STM32_WPAN/ble/core/auto/ble_gap_aci.c ****   index_input += 2;
 3981              		.loc 1 987 3 is_stmt 1 view .LVU1366
 3982              	.LVL409:
 988:Middlewares/ST/STM32_WPAN/ble/core/auto/ble_gap_aci.c ****   cp0->Advertising_Interval_Max = Advertising_Interval_Max;
 3983              		.loc 1 988 3 view .LVU1367
 3984              		.loc 1 988 33 is_stmt 0 view .LVU1368
 3985 0026 ADF80A10 		strh	r1, [sp, #10]	@ movhi
 989:Middlewares/ST/STM32_WPAN/ble/core/auto/ble_gap_aci.c ****   index_input += 2;
 3986              		.loc 1 989 3 is_stmt 1 view .LVU1369
 3987              	.LVL410:
 990:Middlewares/ST/STM32_WPAN/ble/core/auto/ble_gap_aci.c ****   cp0->Advertising_Type = Advertising_Type;
 3988              		.loc 1 990 3 view .LVU1370
 3989              		.loc 1 990 25 is_stmt 0 view .LVU1371
 3990 002a 8DF80C20 		strb	r2, [sp, #12]
 991:Middlewares/ST/STM32_WPAN/ble/core/auto/ble_gap_aci.c ****   index_input += 1;
 3991              		.loc 1 991 3 is_stmt 1 view .LVU1372
 3992              	.LVL411:
 992:Middlewares/ST/STM32_WPAN/ble/core/auto/ble_gap_aci.c ****   cp0->Own_Address_Type = Own_Address_Type;
 3993              		.loc 1 992 3 view .LVU1373
 3994              		.loc 1 992 25 is_stmt 0 view .LVU1374
 3995 002e 8DF80D30 		strb	r3, [sp, #13]
ARM GAS  C:\Users\843E~1\AppData\Local\Temp\ccgofTZZ.s 			page 88


 993:Middlewares/ST/STM32_WPAN/ble/core/auto/ble_gap_aci.c ****   index_input += 1;
 3996              		.loc 1 993 3 is_stmt 1 view .LVU1375
 3997              	.LVL412:
 994:Middlewares/ST/STM32_WPAN/ble/core/auto/ble_gap_aci.c ****   cp0->Adv_Data_Length = Adv_Data_Length;
 3998              		.loc 1 994 3 view .LVU1376
 3999              		.loc 1 994 24 is_stmt 0 view .LVU1377
 4000 0032 8DF80E40 		strb	r4, [sp, #14]
 995:Middlewares/ST/STM32_WPAN/ble/core/auto/ble_gap_aci.c ****   index_input += 1;
 4001              		.loc 1 995 3 is_stmt 1 view .LVU1378
 4002              	.LVL413:
 996:Middlewares/ST/STM32_WPAN/ble/core/auto/ble_gap_aci.c ****   /* var_len_data input */
 997:Middlewares/ST/STM32_WPAN/ble/core/auto/ble_gap_aci.c ****   {
 998:Middlewares/ST/STM32_WPAN/ble/core/auto/ble_gap_aci.c ****     Osal_MemCpy( (void*)&cp0->Adv_Data, (const void*)Adv_Data, Adv_Data_Length );
 4003              		.loc 1 998 5 view .LVU1379
 4004 0036 2246     		mov	r2, r4
 4005              	.LVL414:
 4006              		.loc 1 998 5 is_stmt 0 view .LVU1380
 4007 0038 5199     		ldr	r1, [sp, #324]
 4008              	.LVL415:
 4009              		.loc 1 998 5 view .LVU1381
 4010 003a 0DF10F00 		add	r0, sp, #15
 4011              	.LVL416:
 4012              		.loc 1 998 5 view .LVU1382
 4013 003e FFF7FEFF 		bl	Osal_MemCpy
 4014              	.LVL417:
 999:Middlewares/ST/STM32_WPAN/ble/core/auto/ble_gap_aci.c ****     index_input += Adv_Data_Length;
 4015              		.loc 1 999 5 is_stmt 1 view .LVU1383
1000:Middlewares/ST/STM32_WPAN/ble/core/auto/ble_gap_aci.c ****     {
1001:Middlewares/ST/STM32_WPAN/ble/core/auto/ble_gap_aci.c ****       cp1->Num_of_Peer_Entries = Num_of_Peer_Entries;
 4016              		.loc 1 1001 7 view .LVU1384
 4017              		.loc 1 1001 32 is_stmt 0 view .LVU1385
 4018 0042 05F80A60 		strb	r6, [r5, r10]
1002:Middlewares/ST/STM32_WPAN/ble/core/auto/ble_gap_aci.c ****     }
1003:Middlewares/ST/STM32_WPAN/ble/core/auto/ble_gap_aci.c ****     index_input += 1;
 4019              		.loc 1 1003 5 is_stmt 1 view .LVU1386
 4020              		.loc 1 1003 17 is_stmt 0 view .LVU1387
 4021 0046 0834     		adds	r4, r4, #8
 4022              	.LVL418:
1004:Middlewares/ST/STM32_WPAN/ble/core/auto/ble_gap_aci.c ****     Osal_MemCpy( (void*)&cp1->Peer_Entry, (const void*)Peer_Entry, Num_of_Peer_Entries * (sizeof(Pe
 4023              		.loc 1 1004 5 is_stmt 1 view .LVU1388
 4024 0048 C6EBC606 		rsb	r6, r6, r6, lsl #3
 4025 004c 3246     		mov	r2, r6
 4026 004e 5399     		ldr	r1, [sp, #332]
 4027 0050 09F10100 		add	r0, r9, #1
 4028 0054 FFF7FEFF 		bl	Osal_MemCpy
 4029              	.LVL419:
1005:Middlewares/ST/STM32_WPAN/ble/core/auto/ble_gap_aci.c ****     index_input += Num_of_Peer_Entries * (sizeof(Peer_Entry_t));
 4030              		.loc 1 1005 5 view .LVU1389
 4031              		.loc 1 1005 17 is_stmt 0 view .LVU1390
 4032 0058 3444     		add	r4, r4, r6
 4033              	.LVL420:
1006:Middlewares/ST/STM32_WPAN/ble/core/auto/ble_gap_aci.c ****   }
1007:Middlewares/ST/STM32_WPAN/ble/core/auto/ble_gap_aci.c ****   Osal_MemSet( &rq, 0, sizeof(rq) );
 4034              		.loc 1 1007 3 is_stmt 1 view .LVU1391
 4035 005a 1822     		movs	r2, #24
 4036 005c 3946     		mov	r1, r7
 4037 005e 42A8     		add	r0, sp, #264
ARM GAS  C:\Users\843E~1\AppData\Local\Temp\ccgofTZZ.s 			page 89


 4038 0060 FFF7FEFF 		bl	Osal_MemSet
 4039              	.LVL421:
1008:Middlewares/ST/STM32_WPAN/ble/core/auto/ble_gap_aci.c ****   rq.ogf = 0x3f;
 4040              		.loc 1 1008 3 view .LVU1392
 4041              		.loc 1 1008 10 is_stmt 0 view .LVU1393
 4042 0064 3F23     		movs	r3, #63
 4043 0066 ADF80831 		strh	r3, [sp, #264]	@ movhi
1009:Middlewares/ST/STM32_WPAN/ble/core/auto/ble_gap_aci.c ****   rq.ocf = 0x0a1;
 4044              		.loc 1 1009 3 is_stmt 1 view .LVU1394
 4045              		.loc 1 1009 10 is_stmt 0 view .LVU1395
 4046 006a A123     		movs	r3, #161
 4047 006c ADF80A31 		strh	r3, [sp, #266]	@ movhi
1010:Middlewares/ST/STM32_WPAN/ble/core/auto/ble_gap_aci.c ****   rq.cparam = cmd_buffer;
 4048              		.loc 1 1010 3 is_stmt 1 view .LVU1396
 4049              		.loc 1 1010 13 is_stmt 0 view .LVU1397
 4050 0070 4495     		str	r5, [sp, #272]
1011:Middlewares/ST/STM32_WPAN/ble/core/auto/ble_gap_aci.c ****   rq.clen = index_input;
 4051              		.loc 1 1011 3 is_stmt 1 view .LVU1398
 4052              		.loc 1 1011 11 is_stmt 0 view .LVU1399
 4053 0072 4594     		str	r4, [sp, #276]
1012:Middlewares/ST/STM32_WPAN/ble/core/auto/ble_gap_aci.c ****   rq.rparam = &status;
 4054              		.loc 1 1012 3 is_stmt 1 view .LVU1400
 4055              		.loc 1 1012 13 is_stmt 0 view .LVU1401
 4056 0074 CDF81881 		str	r8, [sp, #280]
1013:Middlewares/ST/STM32_WPAN/ble/core/auto/ble_gap_aci.c ****   rq.rlen = 1;
 4057              		.loc 1 1013 3 is_stmt 1 view .LVU1402
 4058              		.loc 1 1013 11 is_stmt 0 view .LVU1403
 4059 0078 0123     		movs	r3, #1
 4060 007a 4793     		str	r3, [sp, #284]
1014:Middlewares/ST/STM32_WPAN/ble/core/auto/ble_gap_aci.c ****   if ( hci_send_req(&rq, FALSE) < 0 )
 4061              		.loc 1 1014 3 is_stmt 1 view .LVU1404
 4062              		.loc 1 1014 8 is_stmt 0 view .LVU1405
 4063 007c 3946     		mov	r1, r7
 4064 007e 42A8     		add	r0, sp, #264
 4065 0080 FFF7FEFF 		bl	hci_send_req
 4066              	.LVL422:
 4067              		.loc 1 1014 6 view .LVU1406
 4068 0084 B842     		cmp	r0, r7
 4069 0086 04DB     		blt	.L128
1015:Middlewares/ST/STM32_WPAN/ble/core/auto/ble_gap_aci.c ****     return BLE_STATUS_TIMEOUT;
1016:Middlewares/ST/STM32_WPAN/ble/core/auto/ble_gap_aci.c ****   return status;
 4070              		.loc 1 1016 3 is_stmt 1 view .LVU1407
 4071              		.loc 1 1016 10 is_stmt 0 view .LVU1408
 4072 0088 9DF80700 		ldrb	r0, [sp, #7]	@ zero_extendqisi2
 4073              	.L127:
1017:Middlewares/ST/STM32_WPAN/ble/core/auto/ble_gap_aci.c **** }
 4074              		.loc 1 1017 1 view .LVU1409
 4075 008c 48B0     		add	sp, sp, #288
 4076              	.LCFI126:
 4077              		.cfi_remember_state
 4078              		.cfi_def_cfa_offset 32
 4079              		@ sp needed
 4080 008e BDE8F087 		pop	{r4, r5, r6, r7, r8, r9, r10, pc}
 4081              	.LVL423:
 4082              	.L128:
 4083              	.LCFI127:
 4084              		.cfi_restore_state
ARM GAS  C:\Users\843E~1\AppData\Local\Temp\ccgofTZZ.s 			page 90


1015:Middlewares/ST/STM32_WPAN/ble/core/auto/ble_gap_aci.c ****     return BLE_STATUS_TIMEOUT;
 4085              		.loc 1 1015 12 view .LVU1410
 4086 0092 FF20     		movs	r0, #255
 4087 0094 FAE7     		b	.L127
 4088              		.cfi_endproc
 4089              	.LFE31:
 4091              		.section	.text.aci_gap_start_observation_proc,"ax",%progbits
 4092              		.align	1
 4093              		.global	aci_gap_start_observation_proc
 4094              		.syntax unified
 4095              		.thumb
 4096              		.thumb_func
 4098              	aci_gap_start_observation_proc:
 4099              	.LVL424:
 4100              	.LFB32:
1018:Middlewares/ST/STM32_WPAN/ble/core/auto/ble_gap_aci.c **** 
1019:Middlewares/ST/STM32_WPAN/ble/core/auto/ble_gap_aci.c **** tBleStatus aci_gap_start_observation_proc( uint16_t LE_Scan_Interval,
1020:Middlewares/ST/STM32_WPAN/ble/core/auto/ble_gap_aci.c ****                                            uint16_t LE_Scan_Window,
1021:Middlewares/ST/STM32_WPAN/ble/core/auto/ble_gap_aci.c ****                                            uint8_t LE_Scan_Type,
1022:Middlewares/ST/STM32_WPAN/ble/core/auto/ble_gap_aci.c ****                                            uint8_t Own_Address_Type,
1023:Middlewares/ST/STM32_WPAN/ble/core/auto/ble_gap_aci.c ****                                            uint8_t Filter_Duplicates,
1024:Middlewares/ST/STM32_WPAN/ble/core/auto/ble_gap_aci.c ****                                            uint8_t Scanning_Filter_Policy )
1025:Middlewares/ST/STM32_WPAN/ble/core/auto/ble_gap_aci.c **** {
 4101              		.loc 1 1025 1 is_stmt 1 view -0
 4102              		.cfi_startproc
 4103              		@ args = 8, pretend = 0, frame = 288
 4104              		@ frame_needed = 0, uses_anonymous_args = 0
 4105              		.loc 1 1025 1 is_stmt 0 view .LVU1412
 4106 0000 70B5     		push	{r4, r5, r6, lr}
 4107              	.LCFI128:
 4108              		.cfi_def_cfa_offset 16
 4109              		.cfi_offset 4, -16
 4110              		.cfi_offset 5, -12
 4111              		.cfi_offset 6, -8
 4112              		.cfi_offset 14, -4
 4113 0002 C8B0     		sub	sp, sp, #288
 4114              	.LCFI129:
 4115              		.cfi_def_cfa_offset 304
1026:Middlewares/ST/STM32_WPAN/ble/core/auto/ble_gap_aci.c ****   struct hci_request rq;
 4116              		.loc 1 1026 3 is_stmt 1 view .LVU1413
1027:Middlewares/ST/STM32_WPAN/ble/core/auto/ble_gap_aci.c ****   uint8_t cmd_buffer[BLE_CMD_MAX_PARAM_LEN];
 4117              		.loc 1 1027 3 view .LVU1414
1028:Middlewares/ST/STM32_WPAN/ble/core/auto/ble_gap_aci.c ****   aci_gap_start_observation_proc_cp0 *cp0 = (aci_gap_start_observation_proc_cp0*)(cmd_buffer);
 4118              		.loc 1 1028 3 view .LVU1415
 4119              	.LVL425:
1029:Middlewares/ST/STM32_WPAN/ble/core/auto/ble_gap_aci.c ****   tBleStatus status = 0;
 4120              		.loc 1 1029 3 view .LVU1416
 4121              		.loc 1 1029 14 is_stmt 0 view .LVU1417
 4122 0004 0DF10706 		add	r6, sp, #7
 4123 0008 0025     		movs	r5, #0
 4124 000a 8DF80750 		strb	r5, [sp, #7]
1030:Middlewares/ST/STM32_WPAN/ble/core/auto/ble_gap_aci.c ****   int index_input = 0;
 4125              		.loc 1 1030 3 is_stmt 1 view .LVU1418
 4126              	.LVL426:
1031:Middlewares/ST/STM32_WPAN/ble/core/auto/ble_gap_aci.c ****   cp0->LE_Scan_Interval = LE_Scan_Interval;
 4127              		.loc 1 1031 3 view .LVU1419
 4128              		.loc 1 1031 25 is_stmt 0 view .LVU1420
ARM GAS  C:\Users\843E~1\AppData\Local\Temp\ccgofTZZ.s 			page 91


 4129 000e 02AC     		add	r4, sp, #8
 4130              	.LVL427:
 4131              		.loc 1 1031 25 view .LVU1421
 4132 0010 ADF80800 		strh	r0, [sp, #8]	@ movhi
1032:Middlewares/ST/STM32_WPAN/ble/core/auto/ble_gap_aci.c ****   index_input += 2;
 4133              		.loc 1 1032 3 is_stmt 1 view .LVU1422
 4134              	.LVL428:
1033:Middlewares/ST/STM32_WPAN/ble/core/auto/ble_gap_aci.c ****   cp0->LE_Scan_Window = LE_Scan_Window;
 4135              		.loc 1 1033 3 view .LVU1423
 4136              		.loc 1 1033 23 is_stmt 0 view .LVU1424
 4137 0014 ADF80A10 		strh	r1, [sp, #10]	@ movhi
1034:Middlewares/ST/STM32_WPAN/ble/core/auto/ble_gap_aci.c ****   index_input += 2;
 4138              		.loc 1 1034 3 is_stmt 1 view .LVU1425
 4139              	.LVL429:
1035:Middlewares/ST/STM32_WPAN/ble/core/auto/ble_gap_aci.c ****   cp0->LE_Scan_Type = LE_Scan_Type;
 4140              		.loc 1 1035 3 view .LVU1426
 4141              		.loc 1 1035 21 is_stmt 0 view .LVU1427
 4142 0018 8DF80C20 		strb	r2, [sp, #12]
1036:Middlewares/ST/STM32_WPAN/ble/core/auto/ble_gap_aci.c ****   index_input += 1;
 4143              		.loc 1 1036 3 is_stmt 1 view .LVU1428
 4144              	.LVL430:
1037:Middlewares/ST/STM32_WPAN/ble/core/auto/ble_gap_aci.c ****   cp0->Own_Address_Type = Own_Address_Type;
 4145              		.loc 1 1037 3 view .LVU1429
 4146              		.loc 1 1037 25 is_stmt 0 view .LVU1430
 4147 001c 8DF80D30 		strb	r3, [sp, #13]
1038:Middlewares/ST/STM32_WPAN/ble/core/auto/ble_gap_aci.c ****   index_input += 1;
 4148              		.loc 1 1038 3 is_stmt 1 view .LVU1431
 4149              	.LVL431:
1039:Middlewares/ST/STM32_WPAN/ble/core/auto/ble_gap_aci.c ****   cp0->Filter_Duplicates = Filter_Duplicates;
 4150              		.loc 1 1039 3 view .LVU1432
 4151              		.loc 1 1039 26 is_stmt 0 view .LVU1433
 4152 0020 9DF83031 		ldrb	r3, [sp, #304]	@ zero_extendqisi2
 4153              	.LVL432:
 4154              		.loc 1 1039 26 view .LVU1434
 4155 0024 8DF80E30 		strb	r3, [sp, #14]
1040:Middlewares/ST/STM32_WPAN/ble/core/auto/ble_gap_aci.c ****   index_input += 1;
 4156              		.loc 1 1040 3 is_stmt 1 view .LVU1435
 4157              	.LVL433:
1041:Middlewares/ST/STM32_WPAN/ble/core/auto/ble_gap_aci.c ****   cp0->Scanning_Filter_Policy = Scanning_Filter_Policy;
 4158              		.loc 1 1041 3 view .LVU1436
 4159              		.loc 1 1041 31 is_stmt 0 view .LVU1437
 4160 0028 9DF83431 		ldrb	r3, [sp, #308]	@ zero_extendqisi2
 4161 002c 8DF80F30 		strb	r3, [sp, #15]
1042:Middlewares/ST/STM32_WPAN/ble/core/auto/ble_gap_aci.c ****   index_input += 1;
 4162              		.loc 1 1042 3 is_stmt 1 view .LVU1438
 4163              	.LVL434:
1043:Middlewares/ST/STM32_WPAN/ble/core/auto/ble_gap_aci.c ****   Osal_MemSet( &rq, 0, sizeof(rq) );
 4164              		.loc 1 1043 3 view .LVU1439
 4165 0030 1822     		movs	r2, #24
 4166              	.LVL435:
 4167              		.loc 1 1043 3 is_stmt 0 view .LVU1440
 4168 0032 2946     		mov	r1, r5
 4169              	.LVL436:
 4170              		.loc 1 1043 3 view .LVU1441
 4171 0034 42A8     		add	r0, sp, #264
 4172              	.LVL437:
 4173              		.loc 1 1043 3 view .LVU1442
ARM GAS  C:\Users\843E~1\AppData\Local\Temp\ccgofTZZ.s 			page 92


 4174 0036 FFF7FEFF 		bl	Osal_MemSet
 4175              	.LVL438:
1044:Middlewares/ST/STM32_WPAN/ble/core/auto/ble_gap_aci.c ****   rq.ogf = 0x3f;
 4176              		.loc 1 1044 3 is_stmt 1 view .LVU1443
 4177              		.loc 1 1044 10 is_stmt 0 view .LVU1444
 4178 003a 3F23     		movs	r3, #63
 4179 003c ADF80831 		strh	r3, [sp, #264]	@ movhi
1045:Middlewares/ST/STM32_WPAN/ble/core/auto/ble_gap_aci.c ****   rq.ocf = 0x0a2;
 4180              		.loc 1 1045 3 is_stmt 1 view .LVU1445
 4181              		.loc 1 1045 10 is_stmt 0 view .LVU1446
 4182 0040 A223     		movs	r3, #162
 4183 0042 ADF80A31 		strh	r3, [sp, #266]	@ movhi
1046:Middlewares/ST/STM32_WPAN/ble/core/auto/ble_gap_aci.c ****   rq.event = 0x0F;
 4184              		.loc 1 1046 3 is_stmt 1 view .LVU1447
 4185              		.loc 1 1046 12 is_stmt 0 view .LVU1448
 4186 0046 0F23     		movs	r3, #15
 4187 0048 4393     		str	r3, [sp, #268]
1047:Middlewares/ST/STM32_WPAN/ble/core/auto/ble_gap_aci.c ****   rq.cparam = cmd_buffer;
 4188              		.loc 1 1047 3 is_stmt 1 view .LVU1449
 4189              		.loc 1 1047 13 is_stmt 0 view .LVU1450
 4190 004a 4494     		str	r4, [sp, #272]
1048:Middlewares/ST/STM32_WPAN/ble/core/auto/ble_gap_aci.c ****   rq.clen = index_input;
 4191              		.loc 1 1048 3 is_stmt 1 view .LVU1451
 4192              		.loc 1 1048 11 is_stmt 0 view .LVU1452
 4193 004c 0823     		movs	r3, #8
 4194 004e 4593     		str	r3, [sp, #276]
1049:Middlewares/ST/STM32_WPAN/ble/core/auto/ble_gap_aci.c ****   rq.rparam = &status;
 4195              		.loc 1 1049 3 is_stmt 1 view .LVU1453
 4196              		.loc 1 1049 13 is_stmt 0 view .LVU1454
 4197 0050 4696     		str	r6, [sp, #280]
1050:Middlewares/ST/STM32_WPAN/ble/core/auto/ble_gap_aci.c ****   rq.rlen = 1;
 4198              		.loc 1 1050 3 is_stmt 1 view .LVU1455
 4199              		.loc 1 1050 11 is_stmt 0 view .LVU1456
 4200 0052 0123     		movs	r3, #1
 4201 0054 4793     		str	r3, [sp, #284]
1051:Middlewares/ST/STM32_WPAN/ble/core/auto/ble_gap_aci.c ****   if ( hci_send_req(&rq, FALSE) < 0 )
 4202              		.loc 1 1051 3 is_stmt 1 view .LVU1457
 4203              		.loc 1 1051 8 is_stmt 0 view .LVU1458
 4204 0056 2946     		mov	r1, r5
 4205 0058 42A8     		add	r0, sp, #264
 4206 005a FFF7FEFF 		bl	hci_send_req
 4207              	.LVL439:
 4208              		.loc 1 1051 6 view .LVU1459
 4209 005e A842     		cmp	r0, r5
 4210 0060 03DB     		blt	.L132
1052:Middlewares/ST/STM32_WPAN/ble/core/auto/ble_gap_aci.c ****     return BLE_STATUS_TIMEOUT;
1053:Middlewares/ST/STM32_WPAN/ble/core/auto/ble_gap_aci.c ****   return status;
 4211              		.loc 1 1053 3 is_stmt 1 view .LVU1460
 4212              		.loc 1 1053 10 is_stmt 0 view .LVU1461
 4213 0062 9DF80700 		ldrb	r0, [sp, #7]	@ zero_extendqisi2
 4214              	.L131:
1054:Middlewares/ST/STM32_WPAN/ble/core/auto/ble_gap_aci.c **** }
 4215              		.loc 1 1054 1 view .LVU1462
 4216 0066 48B0     		add	sp, sp, #288
 4217              	.LCFI130:
 4218              		.cfi_remember_state
 4219              		.cfi_def_cfa_offset 16
ARM GAS  C:\Users\843E~1\AppData\Local\Temp\ccgofTZZ.s 			page 93


 4220              		@ sp needed
 4221 0068 70BD     		pop	{r4, r5, r6, pc}
 4222              	.LVL440:
 4223              	.L132:
 4224              	.LCFI131:
 4225              		.cfi_restore_state
1052:Middlewares/ST/STM32_WPAN/ble/core/auto/ble_gap_aci.c ****     return BLE_STATUS_TIMEOUT;
 4226              		.loc 1 1052 12 view .LVU1463
 4227 006a FF20     		movs	r0, #255
 4228 006c FBE7     		b	.L131
 4229              		.cfi_endproc
 4230              	.LFE32:
 4232              		.section	.text.aci_gap_get_bonded_devices,"ax",%progbits
 4233              		.align	1
 4234              		.global	aci_gap_get_bonded_devices
 4235              		.syntax unified
 4236              		.thumb
 4237              		.thumb_func
 4239              	aci_gap_get_bonded_devices:
 4240              	.LVL441:
 4241              	.LFB33:
1055:Middlewares/ST/STM32_WPAN/ble/core/auto/ble_gap_aci.c **** 
1056:Middlewares/ST/STM32_WPAN/ble/core/auto/ble_gap_aci.c **** tBleStatus aci_gap_get_bonded_devices( uint8_t* Num_of_Addresses,
1057:Middlewares/ST/STM32_WPAN/ble/core/auto/ble_gap_aci.c ****                                        Bonded_Device_Entry_t* Bonded_Device_Entry )
1058:Middlewares/ST/STM32_WPAN/ble/core/auto/ble_gap_aci.c **** {
 4242              		.loc 1 1058 1 is_stmt 1 view -0
 4243              		.cfi_startproc
 4244              		@ args = 0, pretend = 0, frame = 272
 4245              		@ frame_needed = 0, uses_anonymous_args = 0
 4246              		.loc 1 1058 1 is_stmt 0 view .LVU1465
 4247 0000 70B5     		push	{r4, r5, r6, lr}
 4248              	.LCFI132:
 4249              		.cfi_def_cfa_offset 16
 4250              		.cfi_offset 4, -16
 4251              		.cfi_offset 5, -12
 4252              		.cfi_offset 6, -8
 4253              		.cfi_offset 14, -4
 4254 0002 C4B0     		sub	sp, sp, #272
 4255              	.LCFI133:
 4256              		.cfi_def_cfa_offset 288
 4257 0004 0646     		mov	r6, r0
 4258 0006 0C46     		mov	r4, r1
1059:Middlewares/ST/STM32_WPAN/ble/core/auto/ble_gap_aci.c ****   struct hci_request rq;
 4259              		.loc 1 1059 3 is_stmt 1 view .LVU1466
1060:Middlewares/ST/STM32_WPAN/ble/core/auto/ble_gap_aci.c ****   aci_gap_get_bonded_devices_rp0 resp;
 4260              		.loc 1 1060 3 view .LVU1467
1061:Middlewares/ST/STM32_WPAN/ble/core/auto/ble_gap_aci.c ****   Osal_MemSet( &resp, 0, sizeof(resp) );
 4261              		.loc 1 1061 3 view .LVU1468
 4262 0008 F722     		movs	r2, #247
 4263 000a 0021     		movs	r1, #0
 4264              	.LVL442:
 4265              		.loc 1 1061 3 is_stmt 0 view .LVU1469
 4266 000c 6846     		mov	r0, sp
 4267              	.LVL443:
 4268              		.loc 1 1061 3 view .LVU1470
 4269 000e FFF7FEFF 		bl	Osal_MemSet
 4270              	.LVL444:
ARM GAS  C:\Users\843E~1\AppData\Local\Temp\ccgofTZZ.s 			page 94


1062:Middlewares/ST/STM32_WPAN/ble/core/auto/ble_gap_aci.c ****   Osal_MemSet( &rq, 0, sizeof(rq) );
 4271              		.loc 1 1062 3 is_stmt 1 view .LVU1471
 4272 0012 1822     		movs	r2, #24
 4273 0014 0021     		movs	r1, #0
 4274 0016 3EA8     		add	r0, sp, #248
 4275 0018 FFF7FEFF 		bl	Osal_MemSet
 4276              	.LVL445:
1063:Middlewares/ST/STM32_WPAN/ble/core/auto/ble_gap_aci.c ****   rq.ogf = 0x3f;
 4277              		.loc 1 1063 3 view .LVU1472
 4278              		.loc 1 1063 10 is_stmt 0 view .LVU1473
 4279 001c 3F23     		movs	r3, #63
 4280 001e ADF8F830 		strh	r3, [sp, #248]	@ movhi
1064:Middlewares/ST/STM32_WPAN/ble/core/auto/ble_gap_aci.c ****   rq.ocf = 0x0a3;
 4281              		.loc 1 1064 3 is_stmt 1 view .LVU1474
 4282              		.loc 1 1064 10 is_stmt 0 view .LVU1475
 4283 0022 A323     		movs	r3, #163
 4284 0024 ADF8FA30 		strh	r3, [sp, #250]	@ movhi
1065:Middlewares/ST/STM32_WPAN/ble/core/auto/ble_gap_aci.c ****   rq.rparam = &resp;
 4285              		.loc 1 1065 3 is_stmt 1 view .LVU1476
 4286              		.loc 1 1065 13 is_stmt 0 view .LVU1477
 4287 0028 CDF808D1 		str	sp, [sp, #264]
1066:Middlewares/ST/STM32_WPAN/ble/core/auto/ble_gap_aci.c ****   rq.rlen = sizeof(resp);
 4288              		.loc 1 1066 3 is_stmt 1 view .LVU1478
 4289              		.loc 1 1066 11 is_stmt 0 view .LVU1479
 4290 002c F723     		movs	r3, #247
 4291 002e 4393     		str	r3, [sp, #268]
1067:Middlewares/ST/STM32_WPAN/ble/core/auto/ble_gap_aci.c ****   if ( hci_send_req(&rq, FALSE) < 0 )
 4292              		.loc 1 1067 3 is_stmt 1 view .LVU1480
 4293              		.loc 1 1067 8 is_stmt 0 view .LVU1481
 4294 0030 0021     		movs	r1, #0
 4295 0032 3EA8     		add	r0, sp, #248
 4296 0034 FFF7FEFF 		bl	hci_send_req
 4297              	.LVL446:
 4298              		.loc 1 1067 6 view .LVU1482
 4299 0038 0028     		cmp	r0, #0
 4300 003a 10DB     		blt	.L136
1068:Middlewares/ST/STM32_WPAN/ble/core/auto/ble_gap_aci.c ****     return BLE_STATUS_TIMEOUT;
1069:Middlewares/ST/STM32_WPAN/ble/core/auto/ble_gap_aci.c ****   if ( resp.Status )
 4301              		.loc 1 1069 3 is_stmt 1 view .LVU1483
 4302              		.loc 1 1069 12 is_stmt 0 view .LVU1484
 4303 003c 9DF80050 		ldrb	r5, [sp]	@ zero_extendqisi2
 4304              		.loc 1 1069 6 view .LVU1485
 4305 0040 15B1     		cbz	r5, .L138
 4306              	.L135:
1070:Middlewares/ST/STM32_WPAN/ble/core/auto/ble_gap_aci.c ****     return resp.Status;
1071:Middlewares/ST/STM32_WPAN/ble/core/auto/ble_gap_aci.c ****   *Num_of_Addresses = resp.Num_of_Addresses;
1072:Middlewares/ST/STM32_WPAN/ble/core/auto/ble_gap_aci.c ****   Osal_MemCpy( (void*)Bonded_Device_Entry, (const void*)resp.Bonded_Device_Entry, *Num_of_Addresses
1073:Middlewares/ST/STM32_WPAN/ble/core/auto/ble_gap_aci.c ****   return BLE_STATUS_SUCCESS;
1074:Middlewares/ST/STM32_WPAN/ble/core/auto/ble_gap_aci.c **** }
 4307              		.loc 1 1074 1 view .LVU1486
 4308 0042 2846     		mov	r0, r5
 4309 0044 44B0     		add	sp, sp, #272
 4310              	.LCFI134:
 4311              		.cfi_remember_state
 4312              		.cfi_def_cfa_offset 16
 4313              		@ sp needed
 4314 0046 70BD     		pop	{r4, r5, r6, pc}
ARM GAS  C:\Users\843E~1\AppData\Local\Temp\ccgofTZZ.s 			page 95


 4315              	.LVL447:
 4316              	.L138:
 4317              	.LCFI135:
 4318              		.cfi_restore_state
1071:Middlewares/ST/STM32_WPAN/ble/core/auto/ble_gap_aci.c ****   Osal_MemCpy( (void*)Bonded_Device_Entry, (const void*)resp.Bonded_Device_Entry, *Num_of_Addresses
 4319              		.loc 1 1071 3 is_stmt 1 view .LVU1487
1071:Middlewares/ST/STM32_WPAN/ble/core/auto/ble_gap_aci.c ****   Osal_MemCpy( (void*)Bonded_Device_Entry, (const void*)resp.Bonded_Device_Entry, *Num_of_Addresses
 4320              		.loc 1 1071 27 is_stmt 0 view .LVU1488
 4321 0048 9DF80120 		ldrb	r2, [sp, #1]	@ zero_extendqisi2
1071:Middlewares/ST/STM32_WPAN/ble/core/auto/ble_gap_aci.c ****   Osal_MemCpy( (void*)Bonded_Device_Entry, (const void*)resp.Bonded_Device_Entry, *Num_of_Addresses
 4322              		.loc 1 1071 21 view .LVU1489
 4323 004c 3270     		strb	r2, [r6]
1072:Middlewares/ST/STM32_WPAN/ble/core/auto/ble_gap_aci.c ****   return BLE_STATUS_SUCCESS;
 4324              		.loc 1 1072 3 is_stmt 1 view .LVU1490
 4325 004e C2EBC202 		rsb	r2, r2, r2, lsl #3
 4326 0052 0DF10201 		add	r1, sp, #2
 4327 0056 2046     		mov	r0, r4
 4328 0058 FFF7FEFF 		bl	Osal_MemCpy
 4329              	.LVL448:
1073:Middlewares/ST/STM32_WPAN/ble/core/auto/ble_gap_aci.c **** }
 4330              		.loc 1 1073 3 view .LVU1491
1073:Middlewares/ST/STM32_WPAN/ble/core/auto/ble_gap_aci.c **** }
 4331              		.loc 1 1073 10 is_stmt 0 view .LVU1492
 4332 005c F1E7     		b	.L135
 4333              	.L136:
1068:Middlewares/ST/STM32_WPAN/ble/core/auto/ble_gap_aci.c ****   if ( resp.Status )
 4334              		.loc 1 1068 12 view .LVU1493
 4335 005e FF25     		movs	r5, #255
 4336 0060 EFE7     		b	.L135
 4337              		.cfi_endproc
 4338              	.LFE33:
 4340              		.section	.text.aci_gap_is_device_bonded,"ax",%progbits
 4341              		.align	1
 4342              		.global	aci_gap_is_device_bonded
 4343              		.syntax unified
 4344              		.thumb
 4345              		.thumb_func
 4347              	aci_gap_is_device_bonded:
 4348              	.LVL449:
 4349              	.LFB34:
1075:Middlewares/ST/STM32_WPAN/ble/core/auto/ble_gap_aci.c **** 
1076:Middlewares/ST/STM32_WPAN/ble/core/auto/ble_gap_aci.c **** tBleStatus aci_gap_is_device_bonded( uint8_t Peer_Address_Type,
1077:Middlewares/ST/STM32_WPAN/ble/core/auto/ble_gap_aci.c ****                                      const uint8_t* Peer_Address )
1078:Middlewares/ST/STM32_WPAN/ble/core/auto/ble_gap_aci.c **** {
 4350              		.loc 1 1078 1 is_stmt 1 view -0
 4351              		.cfi_startproc
 4352              		@ args = 0, pretend = 0, frame = 288
 4353              		@ frame_needed = 0, uses_anonymous_args = 0
 4354              		.loc 1 1078 1 is_stmt 0 view .LVU1495
 4355 0000 70B5     		push	{r4, r5, r6, lr}
 4356              	.LCFI136:
 4357              		.cfi_def_cfa_offset 16
 4358              		.cfi_offset 4, -16
 4359              		.cfi_offset 5, -12
 4360              		.cfi_offset 6, -8
 4361              		.cfi_offset 14, -4
 4362 0002 C8B0     		sub	sp, sp, #288
ARM GAS  C:\Users\843E~1\AppData\Local\Temp\ccgofTZZ.s 			page 96


 4363              	.LCFI137:
 4364              		.cfi_def_cfa_offset 304
1079:Middlewares/ST/STM32_WPAN/ble/core/auto/ble_gap_aci.c ****   struct hci_request rq;
 4365              		.loc 1 1079 3 is_stmt 1 view .LVU1496
1080:Middlewares/ST/STM32_WPAN/ble/core/auto/ble_gap_aci.c ****   uint8_t cmd_buffer[BLE_CMD_MAX_PARAM_LEN];
 4366              		.loc 1 1080 3 view .LVU1497
1081:Middlewares/ST/STM32_WPAN/ble/core/auto/ble_gap_aci.c ****   aci_gap_is_device_bonded_cp0 *cp0 = (aci_gap_is_device_bonded_cp0*)(cmd_buffer);
 4367              		.loc 1 1081 3 view .LVU1498
 4368              	.LVL450:
1082:Middlewares/ST/STM32_WPAN/ble/core/auto/ble_gap_aci.c ****   tBleStatus status = 0;
 4369              		.loc 1 1082 3 view .LVU1499
 4370              		.loc 1 1082 14 is_stmt 0 view .LVU1500
 4371 0004 0DF10705 		add	r5, sp, #7
 4372 0008 0024     		movs	r4, #0
 4373 000a 8DF80740 		strb	r4, [sp, #7]
1083:Middlewares/ST/STM32_WPAN/ble/core/auto/ble_gap_aci.c ****   int index_input = 0;
 4374              		.loc 1 1083 3 is_stmt 1 view .LVU1501
 4375              	.LVL451:
1084:Middlewares/ST/STM32_WPAN/ble/core/auto/ble_gap_aci.c ****   cp0->Peer_Address_Type = Peer_Address_Type;
 4376              		.loc 1 1084 3 view .LVU1502
 4377              		.loc 1 1084 26 is_stmt 0 view .LVU1503
 4378 000e 02AE     		add	r6, sp, #8
 4379              	.LVL452:
 4380              		.loc 1 1084 26 view .LVU1504
 4381 0010 8DF80800 		strb	r0, [sp, #8]
1085:Middlewares/ST/STM32_WPAN/ble/core/auto/ble_gap_aci.c ****   index_input += 1;
 4382              		.loc 1 1085 3 is_stmt 1 view .LVU1505
 4383              	.LVL453:
1086:Middlewares/ST/STM32_WPAN/ble/core/auto/ble_gap_aci.c ****   Osal_MemCpy( (void*)&cp0->Peer_Address, (const void*)Peer_Address, 6 );
 4384              		.loc 1 1086 3 view .LVU1506
 4385 0014 0622     		movs	r2, #6
 4386 0016 0DF10900 		add	r0, sp, #9
 4387              	.LVL454:
 4388              		.loc 1 1086 3 is_stmt 0 view .LVU1507
 4389 001a FFF7FEFF 		bl	Osal_MemCpy
 4390              	.LVL455:
1087:Middlewares/ST/STM32_WPAN/ble/core/auto/ble_gap_aci.c ****   index_input += 6;
 4391              		.loc 1 1087 3 is_stmt 1 view .LVU1508
1088:Middlewares/ST/STM32_WPAN/ble/core/auto/ble_gap_aci.c ****   Osal_MemSet( &rq, 0, sizeof(rq) );
 4392              		.loc 1 1088 3 view .LVU1509
 4393 001e 1822     		movs	r2, #24
 4394 0020 2146     		mov	r1, r4
 4395 0022 42A8     		add	r0, sp, #264
 4396 0024 FFF7FEFF 		bl	Osal_MemSet
 4397              	.LVL456:
1089:Middlewares/ST/STM32_WPAN/ble/core/auto/ble_gap_aci.c ****   rq.ogf = 0x3f;
 4398              		.loc 1 1089 3 view .LVU1510
 4399              		.loc 1 1089 10 is_stmt 0 view .LVU1511
 4400 0028 3F23     		movs	r3, #63
 4401 002a ADF80831 		strh	r3, [sp, #264]	@ movhi
1090:Middlewares/ST/STM32_WPAN/ble/core/auto/ble_gap_aci.c ****   rq.ocf = 0x0a4;
 4402              		.loc 1 1090 3 is_stmt 1 view .LVU1512
 4403              		.loc 1 1090 10 is_stmt 0 view .LVU1513
 4404 002e A423     		movs	r3, #164
 4405 0030 ADF80A31 		strh	r3, [sp, #266]	@ movhi
1091:Middlewares/ST/STM32_WPAN/ble/core/auto/ble_gap_aci.c ****   rq.cparam = cmd_buffer;
 4406              		.loc 1 1091 3 is_stmt 1 view .LVU1514
ARM GAS  C:\Users\843E~1\AppData\Local\Temp\ccgofTZZ.s 			page 97


 4407              		.loc 1 1091 13 is_stmt 0 view .LVU1515
 4408 0034 4496     		str	r6, [sp, #272]
1092:Middlewares/ST/STM32_WPAN/ble/core/auto/ble_gap_aci.c ****   rq.clen = index_input;
 4409              		.loc 1 1092 3 is_stmt 1 view .LVU1516
 4410              		.loc 1 1092 11 is_stmt 0 view .LVU1517
 4411 0036 0723     		movs	r3, #7
 4412 0038 4593     		str	r3, [sp, #276]
1093:Middlewares/ST/STM32_WPAN/ble/core/auto/ble_gap_aci.c ****   rq.rparam = &status;
 4413              		.loc 1 1093 3 is_stmt 1 view .LVU1518
 4414              		.loc 1 1093 13 is_stmt 0 view .LVU1519
 4415 003a 4695     		str	r5, [sp, #280]
1094:Middlewares/ST/STM32_WPAN/ble/core/auto/ble_gap_aci.c ****   rq.rlen = 1;
 4416              		.loc 1 1094 3 is_stmt 1 view .LVU1520
 4417              		.loc 1 1094 11 is_stmt 0 view .LVU1521
 4418 003c 0123     		movs	r3, #1
 4419 003e 4793     		str	r3, [sp, #284]
1095:Middlewares/ST/STM32_WPAN/ble/core/auto/ble_gap_aci.c ****   if ( hci_send_req(&rq, FALSE) < 0 )
 4420              		.loc 1 1095 3 is_stmt 1 view .LVU1522
 4421              		.loc 1 1095 8 is_stmt 0 view .LVU1523
 4422 0040 2146     		mov	r1, r4
 4423 0042 42A8     		add	r0, sp, #264
 4424 0044 FFF7FEFF 		bl	hci_send_req
 4425              	.LVL457:
 4426              		.loc 1 1095 6 view .LVU1524
 4427 0048 A042     		cmp	r0, r4
 4428 004a 03DB     		blt	.L141
1096:Middlewares/ST/STM32_WPAN/ble/core/auto/ble_gap_aci.c ****     return BLE_STATUS_TIMEOUT;
1097:Middlewares/ST/STM32_WPAN/ble/core/auto/ble_gap_aci.c ****   return status;
 4429              		.loc 1 1097 3 is_stmt 1 view .LVU1525
 4430              		.loc 1 1097 10 is_stmt 0 view .LVU1526
 4431 004c 9DF80700 		ldrb	r0, [sp, #7]	@ zero_extendqisi2
 4432              	.L140:
1098:Middlewares/ST/STM32_WPAN/ble/core/auto/ble_gap_aci.c **** }
 4433              		.loc 1 1098 1 view .LVU1527
 4434 0050 48B0     		add	sp, sp, #288
 4435              	.LCFI138:
 4436              		.cfi_remember_state
 4437              		.cfi_def_cfa_offset 16
 4438              		@ sp needed
 4439 0052 70BD     		pop	{r4, r5, r6, pc}
 4440              	.LVL458:
 4441              	.L141:
 4442              	.LCFI139:
 4443              		.cfi_restore_state
1096:Middlewares/ST/STM32_WPAN/ble/core/auto/ble_gap_aci.c ****     return BLE_STATUS_TIMEOUT;
 4444              		.loc 1 1096 12 view .LVU1528
 4445 0054 FF20     		movs	r0, #255
 4446 0056 FBE7     		b	.L140
 4447              		.cfi_endproc
 4448              	.LFE34:
 4450              		.section	.text.aci_gap_numeric_comparison_value_confirm_yesno,"ax",%progbits
 4451              		.align	1
 4452              		.global	aci_gap_numeric_comparison_value_confirm_yesno
 4453              		.syntax unified
 4454              		.thumb
 4455              		.thumb_func
 4457              	aci_gap_numeric_comparison_value_confirm_yesno:
ARM GAS  C:\Users\843E~1\AppData\Local\Temp\ccgofTZZ.s 			page 98


 4458              	.LVL459:
 4459              	.LFB35:
1099:Middlewares/ST/STM32_WPAN/ble/core/auto/ble_gap_aci.c **** 
1100:Middlewares/ST/STM32_WPAN/ble/core/auto/ble_gap_aci.c **** tBleStatus aci_gap_numeric_comparison_value_confirm_yesno( uint16_t Connection_Handle,
1101:Middlewares/ST/STM32_WPAN/ble/core/auto/ble_gap_aci.c ****                                                            uint8_t Confirm_Yes_No )
1102:Middlewares/ST/STM32_WPAN/ble/core/auto/ble_gap_aci.c **** {
 4460              		.loc 1 1102 1 is_stmt 1 view -0
 4461              		.cfi_startproc
 4462              		@ args = 0, pretend = 0, frame = 288
 4463              		@ frame_needed = 0, uses_anonymous_args = 0
 4464              		.loc 1 1102 1 is_stmt 0 view .LVU1530
 4465 0000 70B5     		push	{r4, r5, r6, lr}
 4466              	.LCFI140:
 4467              		.cfi_def_cfa_offset 16
 4468              		.cfi_offset 4, -16
 4469              		.cfi_offset 5, -12
 4470              		.cfi_offset 6, -8
 4471              		.cfi_offset 14, -4
 4472 0002 C8B0     		sub	sp, sp, #288
 4473              	.LCFI141:
 4474              		.cfi_def_cfa_offset 304
1103:Middlewares/ST/STM32_WPAN/ble/core/auto/ble_gap_aci.c ****   struct hci_request rq;
 4475              		.loc 1 1103 3 is_stmt 1 view .LVU1531
1104:Middlewares/ST/STM32_WPAN/ble/core/auto/ble_gap_aci.c ****   uint8_t cmd_buffer[BLE_CMD_MAX_PARAM_LEN];
 4476              		.loc 1 1104 3 view .LVU1532
1105:Middlewares/ST/STM32_WPAN/ble/core/auto/ble_gap_aci.c ****   aci_gap_numeric_comparison_value_confirm_yesno_cp0 *cp0 = (aci_gap_numeric_comparison_value_confi
 4477              		.loc 1 1105 3 view .LVU1533
 4478              	.LVL460:
1106:Middlewares/ST/STM32_WPAN/ble/core/auto/ble_gap_aci.c ****   tBleStatus status = 0;
 4479              		.loc 1 1106 3 view .LVU1534
 4480              		.loc 1 1106 14 is_stmt 0 view .LVU1535
 4481 0004 0DF10706 		add	r6, sp, #7
 4482 0008 0024     		movs	r4, #0
 4483 000a 8DF80740 		strb	r4, [sp, #7]
1107:Middlewares/ST/STM32_WPAN/ble/core/auto/ble_gap_aci.c ****   int index_input = 0;
 4484              		.loc 1 1107 3 is_stmt 1 view .LVU1536
 4485              	.LVL461:
1108:Middlewares/ST/STM32_WPAN/ble/core/auto/ble_gap_aci.c ****   cp0->Connection_Handle = Connection_Handle;
 4486              		.loc 1 1108 3 view .LVU1537
 4487              		.loc 1 1108 26 is_stmt 0 view .LVU1538
 4488 000e 02AD     		add	r5, sp, #8
 4489              	.LVL462:
 4490              		.loc 1 1108 26 view .LVU1539
 4491 0010 ADF80800 		strh	r0, [sp, #8]	@ movhi
1109:Middlewares/ST/STM32_WPAN/ble/core/auto/ble_gap_aci.c ****   index_input += 2;
 4492              		.loc 1 1109 3 is_stmt 1 view .LVU1540
 4493              	.LVL463:
1110:Middlewares/ST/STM32_WPAN/ble/core/auto/ble_gap_aci.c ****   cp0->Confirm_Yes_No = Confirm_Yes_No;
 4494              		.loc 1 1110 3 view .LVU1541
 4495              		.loc 1 1110 23 is_stmt 0 view .LVU1542
 4496 0014 8DF80A10 		strb	r1, [sp, #10]
1111:Middlewares/ST/STM32_WPAN/ble/core/auto/ble_gap_aci.c ****   index_input += 1;
 4497              		.loc 1 1111 3 is_stmt 1 view .LVU1543
 4498              	.LVL464:
1112:Middlewares/ST/STM32_WPAN/ble/core/auto/ble_gap_aci.c ****   Osal_MemSet( &rq, 0, sizeof(rq) );
 4499              		.loc 1 1112 3 view .LVU1544
 4500 0018 1822     		movs	r2, #24
ARM GAS  C:\Users\843E~1\AppData\Local\Temp\ccgofTZZ.s 			page 99


 4501 001a 2146     		mov	r1, r4
 4502              	.LVL465:
 4503              		.loc 1 1112 3 is_stmt 0 view .LVU1545
 4504 001c 42A8     		add	r0, sp, #264
 4505              	.LVL466:
 4506              		.loc 1 1112 3 view .LVU1546
 4507 001e FFF7FEFF 		bl	Osal_MemSet
 4508              	.LVL467:
1113:Middlewares/ST/STM32_WPAN/ble/core/auto/ble_gap_aci.c ****   rq.ogf = 0x3f;
 4509              		.loc 1 1113 3 is_stmt 1 view .LVU1547
 4510              		.loc 1 1113 10 is_stmt 0 view .LVU1548
 4511 0022 3F23     		movs	r3, #63
 4512 0024 ADF80831 		strh	r3, [sp, #264]	@ movhi
1114:Middlewares/ST/STM32_WPAN/ble/core/auto/ble_gap_aci.c ****   rq.ocf = 0x0a5;
 4513              		.loc 1 1114 3 is_stmt 1 view .LVU1549
 4514              		.loc 1 1114 10 is_stmt 0 view .LVU1550
 4515 0028 A523     		movs	r3, #165
 4516 002a ADF80A31 		strh	r3, [sp, #266]	@ movhi
1115:Middlewares/ST/STM32_WPAN/ble/core/auto/ble_gap_aci.c ****   rq.cparam = cmd_buffer;
 4517              		.loc 1 1115 3 is_stmt 1 view .LVU1551
 4518              		.loc 1 1115 13 is_stmt 0 view .LVU1552
 4519 002e 4495     		str	r5, [sp, #272]
1116:Middlewares/ST/STM32_WPAN/ble/core/auto/ble_gap_aci.c ****   rq.clen = index_input;
 4520              		.loc 1 1116 3 is_stmt 1 view .LVU1553
 4521              		.loc 1 1116 11 is_stmt 0 view .LVU1554
 4522 0030 0323     		movs	r3, #3
 4523 0032 4593     		str	r3, [sp, #276]
1117:Middlewares/ST/STM32_WPAN/ble/core/auto/ble_gap_aci.c ****   rq.rparam = &status;
 4524              		.loc 1 1117 3 is_stmt 1 view .LVU1555
 4525              		.loc 1 1117 13 is_stmt 0 view .LVU1556
 4526 0034 4696     		str	r6, [sp, #280]
1118:Middlewares/ST/STM32_WPAN/ble/core/auto/ble_gap_aci.c ****   rq.rlen = 1;
 4527              		.loc 1 1118 3 is_stmt 1 view .LVU1557
 4528              		.loc 1 1118 11 is_stmt 0 view .LVU1558
 4529 0036 0123     		movs	r3, #1
 4530 0038 4793     		str	r3, [sp, #284]
1119:Middlewares/ST/STM32_WPAN/ble/core/auto/ble_gap_aci.c ****   if ( hci_send_req(&rq, FALSE) < 0 )
 4531              		.loc 1 1119 3 is_stmt 1 view .LVU1559
 4532              		.loc 1 1119 8 is_stmt 0 view .LVU1560
 4533 003a 2146     		mov	r1, r4
 4534 003c 42A8     		add	r0, sp, #264
 4535 003e FFF7FEFF 		bl	hci_send_req
 4536              	.LVL468:
 4537              		.loc 1 1119 6 view .LVU1561
 4538 0042 A042     		cmp	r0, r4
 4539 0044 03DB     		blt	.L145
1120:Middlewares/ST/STM32_WPAN/ble/core/auto/ble_gap_aci.c ****     return BLE_STATUS_TIMEOUT;
1121:Middlewares/ST/STM32_WPAN/ble/core/auto/ble_gap_aci.c ****   return status;
 4540              		.loc 1 1121 3 is_stmt 1 view .LVU1562
 4541              		.loc 1 1121 10 is_stmt 0 view .LVU1563
 4542 0046 9DF80700 		ldrb	r0, [sp, #7]	@ zero_extendqisi2
 4543              	.L144:
1122:Middlewares/ST/STM32_WPAN/ble/core/auto/ble_gap_aci.c **** }
 4544              		.loc 1 1122 1 view .LVU1564
 4545 004a 48B0     		add	sp, sp, #288
 4546              	.LCFI142:
 4547              		.cfi_remember_state
ARM GAS  C:\Users\843E~1\AppData\Local\Temp\ccgofTZZ.s 			page 100


 4548              		.cfi_def_cfa_offset 16
 4549              		@ sp needed
 4550 004c 70BD     		pop	{r4, r5, r6, pc}
 4551              	.LVL469:
 4552              	.L145:
 4553              	.LCFI143:
 4554              		.cfi_restore_state
1120:Middlewares/ST/STM32_WPAN/ble/core/auto/ble_gap_aci.c ****     return BLE_STATUS_TIMEOUT;
 4555              		.loc 1 1120 12 view .LVU1565
 4556 004e FF20     		movs	r0, #255
 4557 0050 FBE7     		b	.L144
 4558              		.cfi_endproc
 4559              	.LFE35:
 4561              		.section	.text.aci_gap_passkey_input,"ax",%progbits
 4562              		.align	1
 4563              		.global	aci_gap_passkey_input
 4564              		.syntax unified
 4565              		.thumb
 4566              		.thumb_func
 4568              	aci_gap_passkey_input:
 4569              	.LVL470:
 4570              	.LFB36:
1123:Middlewares/ST/STM32_WPAN/ble/core/auto/ble_gap_aci.c **** 
1124:Middlewares/ST/STM32_WPAN/ble/core/auto/ble_gap_aci.c **** tBleStatus aci_gap_passkey_input( uint16_t Connection_Handle,
1125:Middlewares/ST/STM32_WPAN/ble/core/auto/ble_gap_aci.c ****                                   uint8_t Input_Type )
1126:Middlewares/ST/STM32_WPAN/ble/core/auto/ble_gap_aci.c **** {
 4571              		.loc 1 1126 1 is_stmt 1 view -0
 4572              		.cfi_startproc
 4573              		@ args = 0, pretend = 0, frame = 288
 4574              		@ frame_needed = 0, uses_anonymous_args = 0
 4575              		.loc 1 1126 1 is_stmt 0 view .LVU1567
 4576 0000 70B5     		push	{r4, r5, r6, lr}
 4577              	.LCFI144:
 4578              		.cfi_def_cfa_offset 16
 4579              		.cfi_offset 4, -16
 4580              		.cfi_offset 5, -12
 4581              		.cfi_offset 6, -8
 4582              		.cfi_offset 14, -4
 4583 0002 C8B0     		sub	sp, sp, #288
 4584              	.LCFI145:
 4585              		.cfi_def_cfa_offset 304
1127:Middlewares/ST/STM32_WPAN/ble/core/auto/ble_gap_aci.c ****   struct hci_request rq;
 4586              		.loc 1 1127 3 is_stmt 1 view .LVU1568
1128:Middlewares/ST/STM32_WPAN/ble/core/auto/ble_gap_aci.c ****   uint8_t cmd_buffer[BLE_CMD_MAX_PARAM_LEN];
 4587              		.loc 1 1128 3 view .LVU1569
1129:Middlewares/ST/STM32_WPAN/ble/core/auto/ble_gap_aci.c ****   aci_gap_passkey_input_cp0 *cp0 = (aci_gap_passkey_input_cp0*)(cmd_buffer);
 4588              		.loc 1 1129 3 view .LVU1570
 4589              	.LVL471:
1130:Middlewares/ST/STM32_WPAN/ble/core/auto/ble_gap_aci.c ****   tBleStatus status = 0;
 4590              		.loc 1 1130 3 view .LVU1571
 4591              		.loc 1 1130 14 is_stmt 0 view .LVU1572
 4592 0004 0DF10706 		add	r6, sp, #7
 4593 0008 0024     		movs	r4, #0
 4594 000a 8DF80740 		strb	r4, [sp, #7]
1131:Middlewares/ST/STM32_WPAN/ble/core/auto/ble_gap_aci.c ****   int index_input = 0;
 4595              		.loc 1 1131 3 is_stmt 1 view .LVU1573
 4596              	.LVL472:
ARM GAS  C:\Users\843E~1\AppData\Local\Temp\ccgofTZZ.s 			page 101


1132:Middlewares/ST/STM32_WPAN/ble/core/auto/ble_gap_aci.c ****   cp0->Connection_Handle = Connection_Handle;
 4597              		.loc 1 1132 3 view .LVU1574
 4598              		.loc 1 1132 26 is_stmt 0 view .LVU1575
 4599 000e 02AD     		add	r5, sp, #8
 4600              	.LVL473:
 4601              		.loc 1 1132 26 view .LVU1576
 4602 0010 ADF80800 		strh	r0, [sp, #8]	@ movhi
1133:Middlewares/ST/STM32_WPAN/ble/core/auto/ble_gap_aci.c ****   index_input += 2;
 4603              		.loc 1 1133 3 is_stmt 1 view .LVU1577
 4604              	.LVL474:
1134:Middlewares/ST/STM32_WPAN/ble/core/auto/ble_gap_aci.c ****   cp0->Input_Type = Input_Type;
 4605              		.loc 1 1134 3 view .LVU1578
 4606              		.loc 1 1134 19 is_stmt 0 view .LVU1579
 4607 0014 8DF80A10 		strb	r1, [sp, #10]
1135:Middlewares/ST/STM32_WPAN/ble/core/auto/ble_gap_aci.c ****   index_input += 1;
 4608              		.loc 1 1135 3 is_stmt 1 view .LVU1580
 4609              	.LVL475:
1136:Middlewares/ST/STM32_WPAN/ble/core/auto/ble_gap_aci.c ****   Osal_MemSet( &rq, 0, sizeof(rq) );
 4610              		.loc 1 1136 3 view .LVU1581
 4611 0018 1822     		movs	r2, #24
 4612 001a 2146     		mov	r1, r4
 4613              	.LVL476:
 4614              		.loc 1 1136 3 is_stmt 0 view .LVU1582
 4615 001c 42A8     		add	r0, sp, #264
 4616              	.LVL477:
 4617              		.loc 1 1136 3 view .LVU1583
 4618 001e FFF7FEFF 		bl	Osal_MemSet
 4619              	.LVL478:
1137:Middlewares/ST/STM32_WPAN/ble/core/auto/ble_gap_aci.c ****   rq.ogf = 0x3f;
 4620              		.loc 1 1137 3 is_stmt 1 view .LVU1584
 4621              		.loc 1 1137 10 is_stmt 0 view .LVU1585
 4622 0022 3F23     		movs	r3, #63
 4623 0024 ADF80831 		strh	r3, [sp, #264]	@ movhi
1138:Middlewares/ST/STM32_WPAN/ble/core/auto/ble_gap_aci.c ****   rq.ocf = 0x0a6;
 4624              		.loc 1 1138 3 is_stmt 1 view .LVU1586
 4625              		.loc 1 1138 10 is_stmt 0 view .LVU1587
 4626 0028 A623     		movs	r3, #166
 4627 002a ADF80A31 		strh	r3, [sp, #266]	@ movhi
1139:Middlewares/ST/STM32_WPAN/ble/core/auto/ble_gap_aci.c ****   rq.cparam = cmd_buffer;
 4628              		.loc 1 1139 3 is_stmt 1 view .LVU1588
 4629              		.loc 1 1139 13 is_stmt 0 view .LVU1589
 4630 002e 4495     		str	r5, [sp, #272]
1140:Middlewares/ST/STM32_WPAN/ble/core/auto/ble_gap_aci.c ****   rq.clen = index_input;
 4631              		.loc 1 1140 3 is_stmt 1 view .LVU1590
 4632              		.loc 1 1140 11 is_stmt 0 view .LVU1591
 4633 0030 0323     		movs	r3, #3
 4634 0032 4593     		str	r3, [sp, #276]
1141:Middlewares/ST/STM32_WPAN/ble/core/auto/ble_gap_aci.c ****   rq.rparam = &status;
 4635              		.loc 1 1141 3 is_stmt 1 view .LVU1592
 4636              		.loc 1 1141 13 is_stmt 0 view .LVU1593
 4637 0034 4696     		str	r6, [sp, #280]
1142:Middlewares/ST/STM32_WPAN/ble/core/auto/ble_gap_aci.c ****   rq.rlen = 1;
 4638              		.loc 1 1142 3 is_stmt 1 view .LVU1594
 4639              		.loc 1 1142 11 is_stmt 0 view .LVU1595
 4640 0036 0123     		movs	r3, #1
 4641 0038 4793     		str	r3, [sp, #284]
1143:Middlewares/ST/STM32_WPAN/ble/core/auto/ble_gap_aci.c ****   if ( hci_send_req(&rq, FALSE) < 0 )
ARM GAS  C:\Users\843E~1\AppData\Local\Temp\ccgofTZZ.s 			page 102


 4642              		.loc 1 1143 3 is_stmt 1 view .LVU1596
 4643              		.loc 1 1143 8 is_stmt 0 view .LVU1597
 4644 003a 2146     		mov	r1, r4
 4645 003c 42A8     		add	r0, sp, #264
 4646 003e FFF7FEFF 		bl	hci_send_req
 4647              	.LVL479:
 4648              		.loc 1 1143 6 view .LVU1598
 4649 0042 A042     		cmp	r0, r4
 4650 0044 03DB     		blt	.L149
1144:Middlewares/ST/STM32_WPAN/ble/core/auto/ble_gap_aci.c ****     return BLE_STATUS_TIMEOUT;
1145:Middlewares/ST/STM32_WPAN/ble/core/auto/ble_gap_aci.c ****   return status;
 4651              		.loc 1 1145 3 is_stmt 1 view .LVU1599
 4652              		.loc 1 1145 10 is_stmt 0 view .LVU1600
 4653 0046 9DF80700 		ldrb	r0, [sp, #7]	@ zero_extendqisi2
 4654              	.L148:
1146:Middlewares/ST/STM32_WPAN/ble/core/auto/ble_gap_aci.c **** }
 4655              		.loc 1 1146 1 view .LVU1601
 4656 004a 48B0     		add	sp, sp, #288
 4657              	.LCFI146:
 4658              		.cfi_remember_state
 4659              		.cfi_def_cfa_offset 16
 4660              		@ sp needed
 4661 004c 70BD     		pop	{r4, r5, r6, pc}
 4662              	.LVL480:
 4663              	.L149:
 4664              	.LCFI147:
 4665              		.cfi_restore_state
1144:Middlewares/ST/STM32_WPAN/ble/core/auto/ble_gap_aci.c ****     return BLE_STATUS_TIMEOUT;
 4666              		.loc 1 1144 12 view .LVU1602
 4667 004e FF20     		movs	r0, #255
 4668 0050 FBE7     		b	.L148
 4669              		.cfi_endproc
 4670              	.LFE36:
 4672              		.section	.text.aci_gap_get_oob_data,"ax",%progbits
 4673              		.align	1
 4674              		.global	aci_gap_get_oob_data
 4675              		.syntax unified
 4676              		.thumb
 4677              		.thumb_func
 4679              	aci_gap_get_oob_data:
 4680              	.LVL481:
 4681              	.LFB37:
1147:Middlewares/ST/STM32_WPAN/ble/core/auto/ble_gap_aci.c **** 
1148:Middlewares/ST/STM32_WPAN/ble/core/auto/ble_gap_aci.c **** tBleStatus aci_gap_get_oob_data( uint8_t OOB_Data_Type,
1149:Middlewares/ST/STM32_WPAN/ble/core/auto/ble_gap_aci.c ****                                  uint8_t* Address_Type,
1150:Middlewares/ST/STM32_WPAN/ble/core/auto/ble_gap_aci.c ****                                  uint8_t* Address,
1151:Middlewares/ST/STM32_WPAN/ble/core/auto/ble_gap_aci.c ****                                  uint8_t* OOB_Data_Len,
1152:Middlewares/ST/STM32_WPAN/ble/core/auto/ble_gap_aci.c ****                                  uint8_t* OOB_Data )
1153:Middlewares/ST/STM32_WPAN/ble/core/auto/ble_gap_aci.c **** {
 4682              		.loc 1 1153 1 is_stmt 1 view -0
 4683              		.cfi_startproc
 4684              		@ args = 4, pretend = 0, frame = 312
 4685              		@ frame_needed = 0, uses_anonymous_args = 0
 4686              		.loc 1 1153 1 is_stmt 0 view .LVU1604
 4687 0000 2DE9F043 		push	{r4, r5, r6, r7, r8, r9, lr}
 4688              	.LCFI148:
 4689              		.cfi_def_cfa_offset 28
ARM GAS  C:\Users\843E~1\AppData\Local\Temp\ccgofTZZ.s 			page 103


 4690              		.cfi_offset 4, -28
 4691              		.cfi_offset 5, -24
 4692              		.cfi_offset 6, -20
 4693              		.cfi_offset 7, -16
 4694              		.cfi_offset 8, -12
 4695              		.cfi_offset 9, -8
 4696              		.cfi_offset 14, -4
 4697 0004 CFB0     		sub	sp, sp, #316
 4698              	.LCFI149:
 4699              		.cfi_def_cfa_offset 344
 4700 0006 0446     		mov	r4, r0
 4701 0008 0F46     		mov	r7, r1
 4702 000a 1646     		mov	r6, r2
 4703 000c 1D46     		mov	r5, r3
1154:Middlewares/ST/STM32_WPAN/ble/core/auto/ble_gap_aci.c ****   struct hci_request rq;
 4704              		.loc 1 1154 3 is_stmt 1 view .LVU1605
1155:Middlewares/ST/STM32_WPAN/ble/core/auto/ble_gap_aci.c ****   uint8_t cmd_buffer[BLE_CMD_MAX_PARAM_LEN];
 4705              		.loc 1 1155 3 view .LVU1606
1156:Middlewares/ST/STM32_WPAN/ble/core/auto/ble_gap_aci.c ****   aci_gap_get_oob_data_cp0 *cp0 = (aci_gap_get_oob_data_cp0*)(cmd_buffer);
 4706              		.loc 1 1156 3 view .LVU1607
 4707              	.LVL482:
1157:Middlewares/ST/STM32_WPAN/ble/core/auto/ble_gap_aci.c ****   aci_gap_get_oob_data_rp0 resp;
 4708              		.loc 1 1157 3 view .LVU1608
1158:Middlewares/ST/STM32_WPAN/ble/core/auto/ble_gap_aci.c ****   Osal_MemSet( &resp, 0, sizeof(resp) );
 4709              		.loc 1 1158 3 view .LVU1609
 4710 000e 0DF10408 		add	r8, sp, #4
 4711 0012 1A22     		movs	r2, #26
 4712              	.LVL483:
 4713              		.loc 1 1158 3 is_stmt 0 view .LVU1610
 4714 0014 0021     		movs	r1, #0
 4715              	.LVL484:
 4716              		.loc 1 1158 3 view .LVU1611
 4717 0016 4046     		mov	r0, r8
 4718              	.LVL485:
 4719              		.loc 1 1158 3 view .LVU1612
 4720 0018 FFF7FEFF 		bl	Osal_MemSet
 4721              	.LVL486:
1159:Middlewares/ST/STM32_WPAN/ble/core/auto/ble_gap_aci.c ****   int index_input = 0;
 4722              		.loc 1 1159 3 is_stmt 1 view .LVU1613
1160:Middlewares/ST/STM32_WPAN/ble/core/auto/ble_gap_aci.c ****   cp0->OOB_Data_Type = OOB_Data_Type;
 4723              		.loc 1 1160 3 view .LVU1614
 4724              		.loc 1 1160 22 is_stmt 0 view .LVU1615
 4725 001c 0DF12009 		add	r9, sp, #32
 4726              	.LVL487:
 4727              		.loc 1 1160 22 view .LVU1616
 4728 0020 8DF82040 		strb	r4, [sp, #32]
1161:Middlewares/ST/STM32_WPAN/ble/core/auto/ble_gap_aci.c ****   index_input += 1;
 4729              		.loc 1 1161 3 is_stmt 1 view .LVU1617
 4730              	.LVL488:
1162:Middlewares/ST/STM32_WPAN/ble/core/auto/ble_gap_aci.c ****   Osal_MemSet( &rq, 0, sizeof(rq) );
 4731              		.loc 1 1162 3 view .LVU1618
 4732 0024 1822     		movs	r2, #24
 4733 0026 0021     		movs	r1, #0
 4734 0028 48A8     		add	r0, sp, #288
 4735 002a FFF7FEFF 		bl	Osal_MemSet
 4736              	.LVL489:
1163:Middlewares/ST/STM32_WPAN/ble/core/auto/ble_gap_aci.c ****   rq.ogf = 0x3f;
ARM GAS  C:\Users\843E~1\AppData\Local\Temp\ccgofTZZ.s 			page 104


 4737              		.loc 1 1163 3 view .LVU1619
 4738              		.loc 1 1163 10 is_stmt 0 view .LVU1620
 4739 002e 3F23     		movs	r3, #63
 4740 0030 ADF82031 		strh	r3, [sp, #288]	@ movhi
1164:Middlewares/ST/STM32_WPAN/ble/core/auto/ble_gap_aci.c ****   rq.ocf = 0x0a7;
 4741              		.loc 1 1164 3 is_stmt 1 view .LVU1621
 4742              		.loc 1 1164 10 is_stmt 0 view .LVU1622
 4743 0034 A723     		movs	r3, #167
 4744 0036 ADF82231 		strh	r3, [sp, #290]	@ movhi
1165:Middlewares/ST/STM32_WPAN/ble/core/auto/ble_gap_aci.c ****   rq.cparam = cmd_buffer;
 4745              		.loc 1 1165 3 is_stmt 1 view .LVU1623
 4746              		.loc 1 1165 13 is_stmt 0 view .LVU1624
 4747 003a CDF82891 		str	r9, [sp, #296]
1166:Middlewares/ST/STM32_WPAN/ble/core/auto/ble_gap_aci.c ****   rq.clen = index_input;
 4748              		.loc 1 1166 3 is_stmt 1 view .LVU1625
 4749              		.loc 1 1166 11 is_stmt 0 view .LVU1626
 4750 003e 0123     		movs	r3, #1
 4751 0040 4B93     		str	r3, [sp, #300]
1167:Middlewares/ST/STM32_WPAN/ble/core/auto/ble_gap_aci.c ****   rq.rparam = &resp;
 4752              		.loc 1 1167 3 is_stmt 1 view .LVU1627
 4753              		.loc 1 1167 13 is_stmt 0 view .LVU1628
 4754 0042 CDF83081 		str	r8, [sp, #304]
1168:Middlewares/ST/STM32_WPAN/ble/core/auto/ble_gap_aci.c ****   rq.rlen = sizeof(resp);
 4755              		.loc 1 1168 3 is_stmt 1 view .LVU1629
 4756              		.loc 1 1168 11 is_stmt 0 view .LVU1630
 4757 0046 1A23     		movs	r3, #26
 4758 0048 4D93     		str	r3, [sp, #308]
1169:Middlewares/ST/STM32_WPAN/ble/core/auto/ble_gap_aci.c ****   if ( hci_send_req(&rq, FALSE) < 0 )
 4759              		.loc 1 1169 3 is_stmt 1 view .LVU1631
 4760              		.loc 1 1169 8 is_stmt 0 view .LVU1632
 4761 004a 0021     		movs	r1, #0
 4762 004c 48A8     		add	r0, sp, #288
 4763 004e FFF7FEFF 		bl	hci_send_req
 4764              	.LVL490:
 4765              		.loc 1 1169 6 view .LVU1633
 4766 0052 0028     		cmp	r0, #0
 4767 0054 19DB     		blt	.L153
1170:Middlewares/ST/STM32_WPAN/ble/core/auto/ble_gap_aci.c ****     return BLE_STATUS_TIMEOUT;
1171:Middlewares/ST/STM32_WPAN/ble/core/auto/ble_gap_aci.c ****   if ( resp.Status )
 4768              		.loc 1 1171 3 is_stmt 1 view .LVU1634
 4769              		.loc 1 1171 12 is_stmt 0 view .LVU1635
 4770 0056 9DF80440 		ldrb	r4, [sp, #4]	@ zero_extendqisi2
 4771              		.loc 1 1171 6 view .LVU1636
 4772 005a 1CB1     		cbz	r4, .L155
 4773              	.L152:
1172:Middlewares/ST/STM32_WPAN/ble/core/auto/ble_gap_aci.c ****     return resp.Status;
1173:Middlewares/ST/STM32_WPAN/ble/core/auto/ble_gap_aci.c ****   *Address_Type = resp.Address_Type;
1174:Middlewares/ST/STM32_WPAN/ble/core/auto/ble_gap_aci.c ****   Osal_MemCpy( (void*)Address, (const void*)resp.Address, 6 );
1175:Middlewares/ST/STM32_WPAN/ble/core/auto/ble_gap_aci.c ****   *OOB_Data_Len = resp.OOB_Data_Len;
1176:Middlewares/ST/STM32_WPAN/ble/core/auto/ble_gap_aci.c ****   Osal_MemCpy( (void*)OOB_Data, (const void*)resp.OOB_Data, 16 );
1177:Middlewares/ST/STM32_WPAN/ble/core/auto/ble_gap_aci.c ****   return BLE_STATUS_SUCCESS;
1178:Middlewares/ST/STM32_WPAN/ble/core/auto/ble_gap_aci.c **** }
 4774              		.loc 1 1178 1 view .LVU1637
 4775 005c 2046     		mov	r0, r4
 4776 005e 4FB0     		add	sp, sp, #316
 4777              	.LCFI150:
 4778              		.cfi_remember_state
ARM GAS  C:\Users\843E~1\AppData\Local\Temp\ccgofTZZ.s 			page 105


 4779              		.cfi_def_cfa_offset 28
 4780              		@ sp needed
 4781 0060 BDE8F083 		pop	{r4, r5, r6, r7, r8, r9, pc}
 4782              	.LVL491:
 4783              	.L155:
 4784              	.LCFI151:
 4785              		.cfi_restore_state
1173:Middlewares/ST/STM32_WPAN/ble/core/auto/ble_gap_aci.c ****   Osal_MemCpy( (void*)Address, (const void*)resp.Address, 6 );
 4786              		.loc 1 1173 3 is_stmt 1 view .LVU1638
1173:Middlewares/ST/STM32_WPAN/ble/core/auto/ble_gap_aci.c ****   Osal_MemCpy( (void*)Address, (const void*)resp.Address, 6 );
 4787              		.loc 1 1173 23 is_stmt 0 view .LVU1639
 4788 0064 9DF80530 		ldrb	r3, [sp, #5]	@ zero_extendqisi2
1173:Middlewares/ST/STM32_WPAN/ble/core/auto/ble_gap_aci.c ****   Osal_MemCpy( (void*)Address, (const void*)resp.Address, 6 );
 4789              		.loc 1 1173 17 view .LVU1640
 4790 0068 3B70     		strb	r3, [r7]
1174:Middlewares/ST/STM32_WPAN/ble/core/auto/ble_gap_aci.c ****   *OOB_Data_Len = resp.OOB_Data_Len;
 4791              		.loc 1 1174 3 is_stmt 1 view .LVU1641
 4792 006a 0622     		movs	r2, #6
 4793 006c 0DEB0201 		add	r1, sp, r2
 4794 0070 3046     		mov	r0, r6
 4795 0072 FFF7FEFF 		bl	Osal_MemCpy
 4796              	.LVL492:
1175:Middlewares/ST/STM32_WPAN/ble/core/auto/ble_gap_aci.c ****   Osal_MemCpy( (void*)OOB_Data, (const void*)resp.OOB_Data, 16 );
 4797              		.loc 1 1175 3 view .LVU1642
1175:Middlewares/ST/STM32_WPAN/ble/core/auto/ble_gap_aci.c ****   Osal_MemCpy( (void*)OOB_Data, (const void*)resp.OOB_Data, 16 );
 4798              		.loc 1 1175 23 is_stmt 0 view .LVU1643
 4799 0076 9DF80D30 		ldrb	r3, [sp, #13]	@ zero_extendqisi2
1175:Middlewares/ST/STM32_WPAN/ble/core/auto/ble_gap_aci.c ****   Osal_MemCpy( (void*)OOB_Data, (const void*)resp.OOB_Data, 16 );
 4800              		.loc 1 1175 17 view .LVU1644
 4801 007a 2B70     		strb	r3, [r5]
1176:Middlewares/ST/STM32_WPAN/ble/core/auto/ble_gap_aci.c ****   return BLE_STATUS_SUCCESS;
 4802              		.loc 1 1176 3 is_stmt 1 view .LVU1645
 4803 007c 1022     		movs	r2, #16
 4804 007e 0DF10E01 		add	r1, sp, #14
 4805 0082 5698     		ldr	r0, [sp, #344]
 4806 0084 FFF7FEFF 		bl	Osal_MemCpy
 4807              	.LVL493:
1177:Middlewares/ST/STM32_WPAN/ble/core/auto/ble_gap_aci.c **** }
 4808              		.loc 1 1177 3 view .LVU1646
1177:Middlewares/ST/STM32_WPAN/ble/core/auto/ble_gap_aci.c **** }
 4809              		.loc 1 1177 10 is_stmt 0 view .LVU1647
 4810 0088 E8E7     		b	.L152
 4811              	.L153:
1170:Middlewares/ST/STM32_WPAN/ble/core/auto/ble_gap_aci.c ****   if ( resp.Status )
 4812              		.loc 1 1170 12 view .LVU1648
 4813 008a FF24     		movs	r4, #255
 4814 008c E6E7     		b	.L152
 4815              		.cfi_endproc
 4816              	.LFE37:
 4818              		.section	.text.aci_gap_set_oob_data,"ax",%progbits
 4819              		.align	1
 4820              		.global	aci_gap_set_oob_data
 4821              		.syntax unified
 4822              		.thumb
 4823              		.thumb_func
 4825              	aci_gap_set_oob_data:
 4826              	.LVL494:
ARM GAS  C:\Users\843E~1\AppData\Local\Temp\ccgofTZZ.s 			page 106


 4827              	.LFB38:
1179:Middlewares/ST/STM32_WPAN/ble/core/auto/ble_gap_aci.c **** 
1180:Middlewares/ST/STM32_WPAN/ble/core/auto/ble_gap_aci.c **** tBleStatus aci_gap_set_oob_data( uint8_t Device_Type,
1181:Middlewares/ST/STM32_WPAN/ble/core/auto/ble_gap_aci.c ****                                  uint8_t Address_Type,
1182:Middlewares/ST/STM32_WPAN/ble/core/auto/ble_gap_aci.c ****                                  const uint8_t* Address,
1183:Middlewares/ST/STM32_WPAN/ble/core/auto/ble_gap_aci.c ****                                  uint8_t OOB_Data_Type,
1184:Middlewares/ST/STM32_WPAN/ble/core/auto/ble_gap_aci.c ****                                  uint8_t OOB_Data_Len,
1185:Middlewares/ST/STM32_WPAN/ble/core/auto/ble_gap_aci.c ****                                  const uint8_t* OOB_Data )
1186:Middlewares/ST/STM32_WPAN/ble/core/auto/ble_gap_aci.c **** {
 4828              		.loc 1 1186 1 is_stmt 1 view -0
 4829              		.cfi_startproc
 4830              		@ args = 8, pretend = 0, frame = 288
 4831              		@ frame_needed = 0, uses_anonymous_args = 0
 4832              		.loc 1 1186 1 is_stmt 0 view .LVU1650
 4833 0000 F0B5     		push	{r4, r5, r6, r7, lr}
 4834              	.LCFI152:
 4835              		.cfi_def_cfa_offset 20
 4836              		.cfi_offset 4, -20
 4837              		.cfi_offset 5, -16
 4838              		.cfi_offset 6, -12
 4839              		.cfi_offset 7, -8
 4840              		.cfi_offset 14, -4
 4841 0002 C9B0     		sub	sp, sp, #292
 4842              	.LCFI153:
 4843              		.cfi_def_cfa_offset 312
 4844 0004 8C46     		mov	ip, r1
 4845 0006 1146     		mov	r1, r2
 4846              	.LVL495:
 4847              		.loc 1 1186 1 view .LVU1651
 4848 0008 1E46     		mov	r6, r3
1187:Middlewares/ST/STM32_WPAN/ble/core/auto/ble_gap_aci.c ****   struct hci_request rq;
 4849              		.loc 1 1187 3 is_stmt 1 view .LVU1652
1188:Middlewares/ST/STM32_WPAN/ble/core/auto/ble_gap_aci.c ****   uint8_t cmd_buffer[BLE_CMD_MAX_PARAM_LEN];
 4850              		.loc 1 1188 3 view .LVU1653
1189:Middlewares/ST/STM32_WPAN/ble/core/auto/ble_gap_aci.c ****   aci_gap_set_oob_data_cp0 *cp0 = (aci_gap_set_oob_data_cp0*)(cmd_buffer);
 4851              		.loc 1 1189 3 view .LVU1654
 4852              	.LVL496:
1190:Middlewares/ST/STM32_WPAN/ble/core/auto/ble_gap_aci.c ****   tBleStatus status = 0;
 4853              		.loc 1 1190 3 view .LVU1655
 4854              		.loc 1 1190 14 is_stmt 0 view .LVU1656
 4855 000a 0DF10707 		add	r7, sp, #7
 4856 000e 0025     		movs	r5, #0
 4857 0010 8DF80750 		strb	r5, [sp, #7]
1191:Middlewares/ST/STM32_WPAN/ble/core/auto/ble_gap_aci.c ****   int index_input = 0;
 4858              		.loc 1 1191 3 is_stmt 1 view .LVU1657
 4859              	.LVL497:
1192:Middlewares/ST/STM32_WPAN/ble/core/auto/ble_gap_aci.c ****   cp0->Device_Type = Device_Type;
 4860              		.loc 1 1192 3 view .LVU1658
 4861              		.loc 1 1192 20 is_stmt 0 view .LVU1659
 4862 0014 02AC     		add	r4, sp, #8
 4863              	.LVL498:
 4864              		.loc 1 1192 20 view .LVU1660
 4865 0016 8DF80800 		strb	r0, [sp, #8]
1193:Middlewares/ST/STM32_WPAN/ble/core/auto/ble_gap_aci.c ****   index_input += 1;
 4866              		.loc 1 1193 3 is_stmt 1 view .LVU1661
 4867              	.LVL499:
1194:Middlewares/ST/STM32_WPAN/ble/core/auto/ble_gap_aci.c ****   cp0->Address_Type = Address_Type;
ARM GAS  C:\Users\843E~1\AppData\Local\Temp\ccgofTZZ.s 			page 107


 4868              		.loc 1 1194 3 view .LVU1662
 4869              		.loc 1 1194 21 is_stmt 0 view .LVU1663
 4870 001a 8DF809C0 		strb	ip, [sp, #9]
1195:Middlewares/ST/STM32_WPAN/ble/core/auto/ble_gap_aci.c ****   index_input += 1;
 4871              		.loc 1 1195 3 is_stmt 1 view .LVU1664
 4872              	.LVL500:
1196:Middlewares/ST/STM32_WPAN/ble/core/auto/ble_gap_aci.c ****   Osal_MemCpy( (void*)&cp0->Address, (const void*)Address, 6 );
 4873              		.loc 1 1196 3 view .LVU1665
 4874 001e 0622     		movs	r2, #6
 4875              	.LVL501:
 4876              		.loc 1 1196 3 is_stmt 0 view .LVU1666
 4877 0020 0DF10A00 		add	r0, sp, #10
 4878              	.LVL502:
 4879              		.loc 1 1196 3 view .LVU1667
 4880 0024 FFF7FEFF 		bl	Osal_MemCpy
 4881              	.LVL503:
1197:Middlewares/ST/STM32_WPAN/ble/core/auto/ble_gap_aci.c ****   index_input += 6;
 4882              		.loc 1 1197 3 is_stmt 1 view .LVU1668
1198:Middlewares/ST/STM32_WPAN/ble/core/auto/ble_gap_aci.c ****   cp0->OOB_Data_Type = OOB_Data_Type;
 4883              		.loc 1 1198 3 view .LVU1669
 4884              		.loc 1 1198 22 is_stmt 0 view .LVU1670
 4885 0028 8DF81060 		strb	r6, [sp, #16]
1199:Middlewares/ST/STM32_WPAN/ble/core/auto/ble_gap_aci.c ****   index_input += 1;
 4886              		.loc 1 1199 3 is_stmt 1 view .LVU1671
 4887              	.LVL504:
1200:Middlewares/ST/STM32_WPAN/ble/core/auto/ble_gap_aci.c ****   cp0->OOB_Data_Len = OOB_Data_Len;
 4888              		.loc 1 1200 3 view .LVU1672
 4889              		.loc 1 1200 21 is_stmt 0 view .LVU1673
 4890 002c 9DF83831 		ldrb	r3, [sp, #312]	@ zero_extendqisi2
 4891 0030 8DF81130 		strb	r3, [sp, #17]
1201:Middlewares/ST/STM32_WPAN/ble/core/auto/ble_gap_aci.c ****   index_input += 1;
 4892              		.loc 1 1201 3 is_stmt 1 view .LVU1674
 4893              	.LVL505:
1202:Middlewares/ST/STM32_WPAN/ble/core/auto/ble_gap_aci.c ****   Osal_MemCpy( (void*)&cp0->OOB_Data, (const void*)OOB_Data, 16 );
 4894              		.loc 1 1202 3 view .LVU1675
 4895 0034 1022     		movs	r2, #16
 4896 0036 4F99     		ldr	r1, [sp, #316]
 4897 0038 0DF11200 		add	r0, sp, #18
 4898 003c FFF7FEFF 		bl	Osal_MemCpy
 4899              	.LVL506:
1203:Middlewares/ST/STM32_WPAN/ble/core/auto/ble_gap_aci.c ****   index_input += 16;
 4900              		.loc 1 1203 3 view .LVU1676
1204:Middlewares/ST/STM32_WPAN/ble/core/auto/ble_gap_aci.c ****   Osal_MemSet( &rq, 0, sizeof(rq) );
 4901              		.loc 1 1204 3 view .LVU1677
 4902 0040 1822     		movs	r2, #24
 4903 0042 2946     		mov	r1, r5
 4904 0044 42A8     		add	r0, sp, #264
 4905 0046 FFF7FEFF 		bl	Osal_MemSet
 4906              	.LVL507:
1205:Middlewares/ST/STM32_WPAN/ble/core/auto/ble_gap_aci.c ****   rq.ogf = 0x3f;
 4907              		.loc 1 1205 3 view .LVU1678
 4908              		.loc 1 1205 10 is_stmt 0 view .LVU1679
 4909 004a 3F23     		movs	r3, #63
 4910 004c ADF80831 		strh	r3, [sp, #264]	@ movhi
1206:Middlewares/ST/STM32_WPAN/ble/core/auto/ble_gap_aci.c ****   rq.ocf = 0x0a8;
 4911              		.loc 1 1206 3 is_stmt 1 view .LVU1680
 4912              		.loc 1 1206 10 is_stmt 0 view .LVU1681
ARM GAS  C:\Users\843E~1\AppData\Local\Temp\ccgofTZZ.s 			page 108


 4913 0050 A823     		movs	r3, #168
 4914 0052 ADF80A31 		strh	r3, [sp, #266]	@ movhi
1207:Middlewares/ST/STM32_WPAN/ble/core/auto/ble_gap_aci.c ****   rq.cparam = cmd_buffer;
 4915              		.loc 1 1207 3 is_stmt 1 view .LVU1682
 4916              		.loc 1 1207 13 is_stmt 0 view .LVU1683
 4917 0056 4494     		str	r4, [sp, #272]
1208:Middlewares/ST/STM32_WPAN/ble/core/auto/ble_gap_aci.c ****   rq.clen = index_input;
 4918              		.loc 1 1208 3 is_stmt 1 view .LVU1684
 4919              		.loc 1 1208 11 is_stmt 0 view .LVU1685
 4920 0058 1A23     		movs	r3, #26
 4921 005a 4593     		str	r3, [sp, #276]
1209:Middlewares/ST/STM32_WPAN/ble/core/auto/ble_gap_aci.c ****   rq.rparam = &status;
 4922              		.loc 1 1209 3 is_stmt 1 view .LVU1686
 4923              		.loc 1 1209 13 is_stmt 0 view .LVU1687
 4924 005c 4697     		str	r7, [sp, #280]
1210:Middlewares/ST/STM32_WPAN/ble/core/auto/ble_gap_aci.c ****   rq.rlen = 1;
 4925              		.loc 1 1210 3 is_stmt 1 view .LVU1688
 4926              		.loc 1 1210 11 is_stmt 0 view .LVU1689
 4927 005e 0123     		movs	r3, #1
 4928 0060 4793     		str	r3, [sp, #284]
1211:Middlewares/ST/STM32_WPAN/ble/core/auto/ble_gap_aci.c ****   if ( hci_send_req(&rq, FALSE) < 0 )
 4929              		.loc 1 1211 3 is_stmt 1 view .LVU1690
 4930              		.loc 1 1211 8 is_stmt 0 view .LVU1691
 4931 0062 2946     		mov	r1, r5
 4932 0064 42A8     		add	r0, sp, #264
 4933 0066 FFF7FEFF 		bl	hci_send_req
 4934              	.LVL508:
 4935              		.loc 1 1211 6 view .LVU1692
 4936 006a A842     		cmp	r0, r5
 4937 006c 03DB     		blt	.L158
1212:Middlewares/ST/STM32_WPAN/ble/core/auto/ble_gap_aci.c ****     return BLE_STATUS_TIMEOUT;
1213:Middlewares/ST/STM32_WPAN/ble/core/auto/ble_gap_aci.c ****   return status;
 4938              		.loc 1 1213 3 is_stmt 1 view .LVU1693
 4939              		.loc 1 1213 10 is_stmt 0 view .LVU1694
 4940 006e 9DF80700 		ldrb	r0, [sp, #7]	@ zero_extendqisi2
 4941              	.L157:
1214:Middlewares/ST/STM32_WPAN/ble/core/auto/ble_gap_aci.c **** }
 4942              		.loc 1 1214 1 view .LVU1695
 4943 0072 49B0     		add	sp, sp, #292
 4944              	.LCFI154:
 4945              		.cfi_remember_state
 4946              		.cfi_def_cfa_offset 20
 4947              		@ sp needed
 4948 0074 F0BD     		pop	{r4, r5, r6, r7, pc}
 4949              	.LVL509:
 4950              	.L158:
 4951              	.LCFI155:
 4952              		.cfi_restore_state
1212:Middlewares/ST/STM32_WPAN/ble/core/auto/ble_gap_aci.c ****     return BLE_STATUS_TIMEOUT;
 4953              		.loc 1 1212 12 view .LVU1696
 4954 0076 FF20     		movs	r0, #255
 4955 0078 FBE7     		b	.L157
 4956              		.cfi_endproc
 4957              	.LFE38:
 4959              		.section	.text.aci_gap_add_devices_to_resolving_list,"ax",%progbits
 4960              		.align	1
 4961              		.global	aci_gap_add_devices_to_resolving_list
ARM GAS  C:\Users\843E~1\AppData\Local\Temp\ccgofTZZ.s 			page 109


 4962              		.syntax unified
 4963              		.thumb
 4964              		.thumb_func
 4966              	aci_gap_add_devices_to_resolving_list:
 4967              	.LVL510:
 4968              	.LFB39:
1215:Middlewares/ST/STM32_WPAN/ble/core/auto/ble_gap_aci.c **** 
1216:Middlewares/ST/STM32_WPAN/ble/core/auto/ble_gap_aci.c **** tBleStatus aci_gap_add_devices_to_resolving_list( uint8_t Num_of_Resolving_list_Entries,
1217:Middlewares/ST/STM32_WPAN/ble/core/auto/ble_gap_aci.c ****                                                   const Identity_Entry_t* Identity_Entry,
1218:Middlewares/ST/STM32_WPAN/ble/core/auto/ble_gap_aci.c ****                                                   uint8_t Clear_Resolving_List )
1219:Middlewares/ST/STM32_WPAN/ble/core/auto/ble_gap_aci.c **** {
 4969              		.loc 1 1219 1 is_stmt 1 view -0
 4970              		.cfi_startproc
 4971              		@ args = 0, pretend = 0, frame = 288
 4972              		@ frame_needed = 0, uses_anonymous_args = 0
 4973              		.loc 1 1219 1 is_stmt 0 view .LVU1698
 4974 0000 2DE9F043 		push	{r4, r5, r6, r7, r8, r9, lr}
 4975              	.LCFI156:
 4976              		.cfi_def_cfa_offset 28
 4977              		.cfi_offset 4, -28
 4978              		.cfi_offset 5, -24
 4979              		.cfi_offset 6, -20
 4980              		.cfi_offset 7, -16
 4981              		.cfi_offset 8, -12
 4982              		.cfi_offset 9, -8
 4983              		.cfi_offset 14, -4
 4984 0004 C9B0     		sub	sp, sp, #292
 4985              	.LCFI157:
 4986              		.cfi_def_cfa_offset 320
 4987 0006 1746     		mov	r7, r2
1220:Middlewares/ST/STM32_WPAN/ble/core/auto/ble_gap_aci.c ****   struct hci_request rq;
 4988              		.loc 1 1220 3 is_stmt 1 view .LVU1699
1221:Middlewares/ST/STM32_WPAN/ble/core/auto/ble_gap_aci.c ****   uint8_t cmd_buffer[BLE_CMD_MAX_PARAM_LEN];
 4989              		.loc 1 1221 3 view .LVU1700
1222:Middlewares/ST/STM32_WPAN/ble/core/auto/ble_gap_aci.c ****   aci_gap_add_devices_to_resolving_list_cp0 *cp0 = (aci_gap_add_devices_to_resolving_list_cp0*)(cmd
 4990              		.loc 1 1222 3 view .LVU1701
 4991              	.LVL511:
1223:Middlewares/ST/STM32_WPAN/ble/core/auto/ble_gap_aci.c ****   aci_gap_add_devices_to_resolving_list_cp1 *cp1 = (aci_gap_add_devices_to_resolving_list_cp1*)(cmd
 4992              		.loc 1 1223 3 view .LVU1702
 4993              		.loc 1 1223 144 is_stmt 0 view .LVU1703
 4994 0008 C0EBC004 		rsb	r4, r0, r0, lsl #3
 4995              		.loc 1 1223 112 view .LVU1704
 4996 000c 04F10109 		add	r9, r4, #1
 4997              		.loc 1 1223 46 view .LVU1705
 4998 0010 02AE     		add	r6, sp, #8
 4999              	.LVL512:
1224:Middlewares/ST/STM32_WPAN/ble/core/auto/ble_gap_aci.c ****   tBleStatus status = 0;
 5000              		.loc 1 1224 3 is_stmt 1 view .LVU1706
 5001              		.loc 1 1224 14 is_stmt 0 view .LVU1707
 5002 0012 0DF10708 		add	r8, sp, #7
 5003 0016 0025     		movs	r5, #0
 5004 0018 8DF80750 		strb	r5, [sp, #7]
1225:Middlewares/ST/STM32_WPAN/ble/core/auto/ble_gap_aci.c ****   int index_input = 0;
 5005              		.loc 1 1225 3 is_stmt 1 view .LVU1708
 5006              	.LVL513:
1226:Middlewares/ST/STM32_WPAN/ble/core/auto/ble_gap_aci.c ****   cp0->Num_of_Resolving_list_Entries = Num_of_Resolving_list_Entries;
 5007              		.loc 1 1226 3 view .LVU1709
ARM GAS  C:\Users\843E~1\AppData\Local\Temp\ccgofTZZ.s 			page 110


 5008              		.loc 1 1226 38 is_stmt 0 view .LVU1710
 5009 001c 8DF80800 		strb	r0, [sp, #8]
1227:Middlewares/ST/STM32_WPAN/ble/core/auto/ble_gap_aci.c ****   index_input += 1;
 5010              		.loc 1 1227 3 is_stmt 1 view .LVU1711
 5011              	.LVL514:
1228:Middlewares/ST/STM32_WPAN/ble/core/auto/ble_gap_aci.c ****   /* var_len_data input */
1229:Middlewares/ST/STM32_WPAN/ble/core/auto/ble_gap_aci.c ****   {
1230:Middlewares/ST/STM32_WPAN/ble/core/auto/ble_gap_aci.c ****     Osal_MemCpy( (void*)&cp0->Identity_Entry, (const void*)Identity_Entry, Num_of_Resolving_list_En
 5012              		.loc 1 1230 5 view .LVU1712
 5013 0020 2246     		mov	r2, r4
 5014              	.LVL515:
 5015              		.loc 1 1230 5 is_stmt 0 view .LVU1713
 5016 0022 0DF10900 		add	r0, sp, #9
 5017              	.LVL516:
 5018              		.loc 1 1230 5 view .LVU1714
 5019 0026 FFF7FEFF 		bl	Osal_MemCpy
 5020              	.LVL517:
1231:Middlewares/ST/STM32_WPAN/ble/core/auto/ble_gap_aci.c ****     index_input += Num_of_Resolving_list_Entries * (sizeof(Identity_Entry_t));
 5021              		.loc 1 1231 5 is_stmt 1 view .LVU1715
1232:Middlewares/ST/STM32_WPAN/ble/core/auto/ble_gap_aci.c ****     {
1233:Middlewares/ST/STM32_WPAN/ble/core/auto/ble_gap_aci.c ****       cp1->Clear_Resolving_List = Clear_Resolving_List;
 5022              		.loc 1 1233 7 view .LVU1716
 5023              		.loc 1 1233 33 is_stmt 0 view .LVU1717
 5024 002a 06F80970 		strb	r7, [r6, r9]
1234:Middlewares/ST/STM32_WPAN/ble/core/auto/ble_gap_aci.c ****     }
1235:Middlewares/ST/STM32_WPAN/ble/core/auto/ble_gap_aci.c ****     index_input += 1;
 5025              		.loc 1 1235 5 is_stmt 1 view .LVU1718
 5026              		.loc 1 1235 17 is_stmt 0 view .LVU1719
 5027 002e 0234     		adds	r4, r4, #2
 5028              	.LVL518:
1236:Middlewares/ST/STM32_WPAN/ble/core/auto/ble_gap_aci.c ****   }
1237:Middlewares/ST/STM32_WPAN/ble/core/auto/ble_gap_aci.c ****   Osal_MemSet( &rq, 0, sizeof(rq) );
 5029              		.loc 1 1237 3 is_stmt 1 view .LVU1720
 5030 0030 1822     		movs	r2, #24
 5031 0032 2946     		mov	r1, r5
 5032 0034 42A8     		add	r0, sp, #264
 5033 0036 FFF7FEFF 		bl	Osal_MemSet
 5034              	.LVL519:
1238:Middlewares/ST/STM32_WPAN/ble/core/auto/ble_gap_aci.c ****   rq.ogf = 0x3f;
 5035              		.loc 1 1238 3 view .LVU1721
 5036              		.loc 1 1238 10 is_stmt 0 view .LVU1722
 5037 003a 3F23     		movs	r3, #63
 5038 003c ADF80831 		strh	r3, [sp, #264]	@ movhi
1239:Middlewares/ST/STM32_WPAN/ble/core/auto/ble_gap_aci.c ****   rq.ocf = 0x0a9;
 5039              		.loc 1 1239 3 is_stmt 1 view .LVU1723
 5040              		.loc 1 1239 10 is_stmt 0 view .LVU1724
 5041 0040 A923     		movs	r3, #169
 5042 0042 ADF80A31 		strh	r3, [sp, #266]	@ movhi
1240:Middlewares/ST/STM32_WPAN/ble/core/auto/ble_gap_aci.c ****   rq.cparam = cmd_buffer;
 5043              		.loc 1 1240 3 is_stmt 1 view .LVU1725
 5044              		.loc 1 1240 13 is_stmt 0 view .LVU1726
 5045 0046 4496     		str	r6, [sp, #272]
1241:Middlewares/ST/STM32_WPAN/ble/core/auto/ble_gap_aci.c ****   rq.clen = index_input;
 5046              		.loc 1 1241 3 is_stmt 1 view .LVU1727
 5047              		.loc 1 1241 11 is_stmt 0 view .LVU1728
 5048 0048 4594     		str	r4, [sp, #276]
1242:Middlewares/ST/STM32_WPAN/ble/core/auto/ble_gap_aci.c ****   rq.rparam = &status;
ARM GAS  C:\Users\843E~1\AppData\Local\Temp\ccgofTZZ.s 			page 111


 5049              		.loc 1 1242 3 is_stmt 1 view .LVU1729
 5050              		.loc 1 1242 13 is_stmt 0 view .LVU1730
 5051 004a CDF81881 		str	r8, [sp, #280]
1243:Middlewares/ST/STM32_WPAN/ble/core/auto/ble_gap_aci.c ****   rq.rlen = 1;
 5052              		.loc 1 1243 3 is_stmt 1 view .LVU1731
 5053              		.loc 1 1243 11 is_stmt 0 view .LVU1732
 5054 004e 0123     		movs	r3, #1
 5055 0050 4793     		str	r3, [sp, #284]
1244:Middlewares/ST/STM32_WPAN/ble/core/auto/ble_gap_aci.c ****   if ( hci_send_req(&rq, FALSE) < 0 )
 5056              		.loc 1 1244 3 is_stmt 1 view .LVU1733
 5057              		.loc 1 1244 8 is_stmt 0 view .LVU1734
 5058 0052 2946     		mov	r1, r5
 5059 0054 42A8     		add	r0, sp, #264
 5060 0056 FFF7FEFF 		bl	hci_send_req
 5061              	.LVL520:
 5062              		.loc 1 1244 6 view .LVU1735
 5063 005a A842     		cmp	r0, r5
 5064 005c 04DB     		blt	.L162
1245:Middlewares/ST/STM32_WPAN/ble/core/auto/ble_gap_aci.c ****     return BLE_STATUS_TIMEOUT;
1246:Middlewares/ST/STM32_WPAN/ble/core/auto/ble_gap_aci.c ****   return status;
 5065              		.loc 1 1246 3 is_stmt 1 view .LVU1736
 5066              		.loc 1 1246 10 is_stmt 0 view .LVU1737
 5067 005e 9DF80700 		ldrb	r0, [sp, #7]	@ zero_extendqisi2
 5068              	.L161:
1247:Middlewares/ST/STM32_WPAN/ble/core/auto/ble_gap_aci.c **** }
 5069              		.loc 1 1247 1 view .LVU1738
 5070 0062 49B0     		add	sp, sp, #292
 5071              	.LCFI158:
 5072              		.cfi_remember_state
 5073              		.cfi_def_cfa_offset 28
 5074              		@ sp needed
 5075 0064 BDE8F083 		pop	{r4, r5, r6, r7, r8, r9, pc}
 5076              	.LVL521:
 5077              	.L162:
 5078              	.LCFI159:
 5079              		.cfi_restore_state
1245:Middlewares/ST/STM32_WPAN/ble/core/auto/ble_gap_aci.c ****     return BLE_STATUS_TIMEOUT;
 5080              		.loc 1 1245 12 view .LVU1739
 5081 0068 FF20     		movs	r0, #255
 5082 006a FAE7     		b	.L161
 5083              		.cfi_endproc
 5084              	.LFE39:
 5086              		.section	.text.aci_gap_remove_bonded_device,"ax",%progbits
 5087              		.align	1
 5088              		.global	aci_gap_remove_bonded_device
 5089              		.syntax unified
 5090              		.thumb
 5091              		.thumb_func
 5093              	aci_gap_remove_bonded_device:
 5094              	.LVL522:
 5095              	.LFB40:
1248:Middlewares/ST/STM32_WPAN/ble/core/auto/ble_gap_aci.c **** 
1249:Middlewares/ST/STM32_WPAN/ble/core/auto/ble_gap_aci.c **** tBleStatus aci_gap_remove_bonded_device( uint8_t Peer_Identity_Address_Type,
1250:Middlewares/ST/STM32_WPAN/ble/core/auto/ble_gap_aci.c ****                                          const uint8_t* Peer_Identity_Address )
1251:Middlewares/ST/STM32_WPAN/ble/core/auto/ble_gap_aci.c **** {
 5096              		.loc 1 1251 1 is_stmt 1 view -0
 5097              		.cfi_startproc
ARM GAS  C:\Users\843E~1\AppData\Local\Temp\ccgofTZZ.s 			page 112


 5098              		@ args = 0, pretend = 0, frame = 288
 5099              		@ frame_needed = 0, uses_anonymous_args = 0
 5100              		.loc 1 1251 1 is_stmt 0 view .LVU1741
 5101 0000 70B5     		push	{r4, r5, r6, lr}
 5102              	.LCFI160:
 5103              		.cfi_def_cfa_offset 16
 5104              		.cfi_offset 4, -16
 5105              		.cfi_offset 5, -12
 5106              		.cfi_offset 6, -8
 5107              		.cfi_offset 14, -4
 5108 0002 C8B0     		sub	sp, sp, #288
 5109              	.LCFI161:
 5110              		.cfi_def_cfa_offset 304
1252:Middlewares/ST/STM32_WPAN/ble/core/auto/ble_gap_aci.c ****   struct hci_request rq;
 5111              		.loc 1 1252 3 is_stmt 1 view .LVU1742
1253:Middlewares/ST/STM32_WPAN/ble/core/auto/ble_gap_aci.c ****   uint8_t cmd_buffer[BLE_CMD_MAX_PARAM_LEN];
 5112              		.loc 1 1253 3 view .LVU1743
1254:Middlewares/ST/STM32_WPAN/ble/core/auto/ble_gap_aci.c ****   aci_gap_remove_bonded_device_cp0 *cp0 = (aci_gap_remove_bonded_device_cp0*)(cmd_buffer);
 5113              		.loc 1 1254 3 view .LVU1744
 5114              	.LVL523:
1255:Middlewares/ST/STM32_WPAN/ble/core/auto/ble_gap_aci.c ****   tBleStatus status = 0;
 5115              		.loc 1 1255 3 view .LVU1745
 5116              		.loc 1 1255 14 is_stmt 0 view .LVU1746
 5117 0004 0DF10705 		add	r5, sp, #7
 5118 0008 0024     		movs	r4, #0
 5119 000a 8DF80740 		strb	r4, [sp, #7]
1256:Middlewares/ST/STM32_WPAN/ble/core/auto/ble_gap_aci.c ****   int index_input = 0;
 5120              		.loc 1 1256 3 is_stmt 1 view .LVU1747
 5121              	.LVL524:
1257:Middlewares/ST/STM32_WPAN/ble/core/auto/ble_gap_aci.c ****   cp0->Peer_Identity_Address_Type = Peer_Identity_Address_Type;
 5122              		.loc 1 1257 3 view .LVU1748
 5123              		.loc 1 1257 35 is_stmt 0 view .LVU1749
 5124 000e 02AE     		add	r6, sp, #8
 5125              	.LVL525:
 5126              		.loc 1 1257 35 view .LVU1750
 5127 0010 8DF80800 		strb	r0, [sp, #8]
1258:Middlewares/ST/STM32_WPAN/ble/core/auto/ble_gap_aci.c ****   index_input += 1;
 5128              		.loc 1 1258 3 is_stmt 1 view .LVU1751
 5129              	.LVL526:
1259:Middlewares/ST/STM32_WPAN/ble/core/auto/ble_gap_aci.c ****   Osal_MemCpy( (void*)&cp0->Peer_Identity_Address, (const void*)Peer_Identity_Address, 6 );
 5130              		.loc 1 1259 3 view .LVU1752
 5131 0014 0622     		movs	r2, #6
 5132 0016 0DF10900 		add	r0, sp, #9
 5133              	.LVL527:
 5134              		.loc 1 1259 3 is_stmt 0 view .LVU1753
 5135 001a FFF7FEFF 		bl	Osal_MemCpy
 5136              	.LVL528:
1260:Middlewares/ST/STM32_WPAN/ble/core/auto/ble_gap_aci.c ****   index_input += 6;
 5137              		.loc 1 1260 3 is_stmt 1 view .LVU1754
1261:Middlewares/ST/STM32_WPAN/ble/core/auto/ble_gap_aci.c ****   Osal_MemSet( &rq, 0, sizeof(rq) );
 5138              		.loc 1 1261 3 view .LVU1755
 5139 001e 1822     		movs	r2, #24
 5140 0020 2146     		mov	r1, r4
 5141 0022 42A8     		add	r0, sp, #264
 5142 0024 FFF7FEFF 		bl	Osal_MemSet
 5143              	.LVL529:
1262:Middlewares/ST/STM32_WPAN/ble/core/auto/ble_gap_aci.c ****   rq.ogf = 0x3f;
ARM GAS  C:\Users\843E~1\AppData\Local\Temp\ccgofTZZ.s 			page 113


 5144              		.loc 1 1262 3 view .LVU1756
 5145              		.loc 1 1262 10 is_stmt 0 view .LVU1757
 5146 0028 3F23     		movs	r3, #63
 5147 002a ADF80831 		strh	r3, [sp, #264]	@ movhi
1263:Middlewares/ST/STM32_WPAN/ble/core/auto/ble_gap_aci.c ****   rq.ocf = 0x0aa;
 5148              		.loc 1 1263 3 is_stmt 1 view .LVU1758
 5149              		.loc 1 1263 10 is_stmt 0 view .LVU1759
 5150 002e AA23     		movs	r3, #170
 5151 0030 ADF80A31 		strh	r3, [sp, #266]	@ movhi
1264:Middlewares/ST/STM32_WPAN/ble/core/auto/ble_gap_aci.c ****   rq.cparam = cmd_buffer;
 5152              		.loc 1 1264 3 is_stmt 1 view .LVU1760
 5153              		.loc 1 1264 13 is_stmt 0 view .LVU1761
 5154 0034 4496     		str	r6, [sp, #272]
1265:Middlewares/ST/STM32_WPAN/ble/core/auto/ble_gap_aci.c ****   rq.clen = index_input;
 5155              		.loc 1 1265 3 is_stmt 1 view .LVU1762
 5156              		.loc 1 1265 11 is_stmt 0 view .LVU1763
 5157 0036 0723     		movs	r3, #7
 5158 0038 4593     		str	r3, [sp, #276]
1266:Middlewares/ST/STM32_WPAN/ble/core/auto/ble_gap_aci.c ****   rq.rparam = &status;
 5159              		.loc 1 1266 3 is_stmt 1 view .LVU1764
 5160              		.loc 1 1266 13 is_stmt 0 view .LVU1765
 5161 003a 4695     		str	r5, [sp, #280]
1267:Middlewares/ST/STM32_WPAN/ble/core/auto/ble_gap_aci.c ****   rq.rlen = 1;
 5162              		.loc 1 1267 3 is_stmt 1 view .LVU1766
 5163              		.loc 1 1267 11 is_stmt 0 view .LVU1767
 5164 003c 0123     		movs	r3, #1
 5165 003e 4793     		str	r3, [sp, #284]
1268:Middlewares/ST/STM32_WPAN/ble/core/auto/ble_gap_aci.c ****   if ( hci_send_req(&rq, FALSE) < 0 )
 5166              		.loc 1 1268 3 is_stmt 1 view .LVU1768
 5167              		.loc 1 1268 8 is_stmt 0 view .LVU1769
 5168 0040 2146     		mov	r1, r4
 5169 0042 42A8     		add	r0, sp, #264
 5170 0044 FFF7FEFF 		bl	hci_send_req
 5171              	.LVL530:
 5172              		.loc 1 1268 6 view .LVU1770
 5173 0048 A042     		cmp	r0, r4
 5174 004a 03DB     		blt	.L166
1269:Middlewares/ST/STM32_WPAN/ble/core/auto/ble_gap_aci.c ****     return BLE_STATUS_TIMEOUT;
1270:Middlewares/ST/STM32_WPAN/ble/core/auto/ble_gap_aci.c ****   return status;
 5175              		.loc 1 1270 3 is_stmt 1 view .LVU1771
 5176              		.loc 1 1270 10 is_stmt 0 view .LVU1772
 5177 004c 9DF80700 		ldrb	r0, [sp, #7]	@ zero_extendqisi2
 5178              	.L165:
1271:Middlewares/ST/STM32_WPAN/ble/core/auto/ble_gap_aci.c **** }
 5179              		.loc 1 1271 1 view .LVU1773
 5180 0050 48B0     		add	sp, sp, #288
 5181              	.LCFI162:
 5182              		.cfi_remember_state
 5183              		.cfi_def_cfa_offset 16
 5184              		@ sp needed
 5185 0052 70BD     		pop	{r4, r5, r6, pc}
 5186              	.LVL531:
 5187              	.L166:
 5188              	.LCFI163:
 5189              		.cfi_restore_state
1269:Middlewares/ST/STM32_WPAN/ble/core/auto/ble_gap_aci.c ****     return BLE_STATUS_TIMEOUT;
 5190              		.loc 1 1269 12 view .LVU1774
ARM GAS  C:\Users\843E~1\AppData\Local\Temp\ccgofTZZ.s 			page 114


 5191 0054 FF20     		movs	r0, #255
 5192 0056 FBE7     		b	.L165
 5193              		.cfi_endproc
 5194              	.LFE40:
 5196              		.section	.text.aci_gap_add_devices_to_list,"ax",%progbits
 5197              		.align	1
 5198              		.global	aci_gap_add_devices_to_list
 5199              		.syntax unified
 5200              		.thumb
 5201              		.thumb_func
 5203              	aci_gap_add_devices_to_list:
 5204              	.LVL532:
 5205              	.LFB41:
1272:Middlewares/ST/STM32_WPAN/ble/core/auto/ble_gap_aci.c **** 
1273:Middlewares/ST/STM32_WPAN/ble/core/auto/ble_gap_aci.c **** tBleStatus aci_gap_add_devices_to_list( uint8_t Num_of_List_Entries,
1274:Middlewares/ST/STM32_WPAN/ble/core/auto/ble_gap_aci.c ****                                         const List_Entry_t* List_Entry,
1275:Middlewares/ST/STM32_WPAN/ble/core/auto/ble_gap_aci.c ****                                         uint8_t Mode )
1276:Middlewares/ST/STM32_WPAN/ble/core/auto/ble_gap_aci.c **** {
 5206              		.loc 1 1276 1 is_stmt 1 view -0
 5207              		.cfi_startproc
 5208              		@ args = 0, pretend = 0, frame = 288
 5209              		@ frame_needed = 0, uses_anonymous_args = 0
 5210              		.loc 1 1276 1 is_stmt 0 view .LVU1776
 5211 0000 2DE9F043 		push	{r4, r5, r6, r7, r8, r9, lr}
 5212              	.LCFI164:
 5213              		.cfi_def_cfa_offset 28
 5214              		.cfi_offset 4, -28
 5215              		.cfi_offset 5, -24
 5216              		.cfi_offset 6, -20
 5217              		.cfi_offset 7, -16
 5218              		.cfi_offset 8, -12
 5219              		.cfi_offset 9, -8
 5220              		.cfi_offset 14, -4
 5221 0004 C9B0     		sub	sp, sp, #292
 5222              	.LCFI165:
 5223              		.cfi_def_cfa_offset 320
 5224 0006 1746     		mov	r7, r2
1277:Middlewares/ST/STM32_WPAN/ble/core/auto/ble_gap_aci.c ****   struct hci_request rq;
 5225              		.loc 1 1277 3 is_stmt 1 view .LVU1777
1278:Middlewares/ST/STM32_WPAN/ble/core/auto/ble_gap_aci.c ****   uint8_t cmd_buffer[BLE_CMD_MAX_PARAM_LEN];
 5226              		.loc 1 1278 3 view .LVU1778
1279:Middlewares/ST/STM32_WPAN/ble/core/auto/ble_gap_aci.c ****   aci_gap_add_devices_to_list_cp0 *cp0 = (aci_gap_add_devices_to_list_cp0*)(cmd_buffer);
 5227              		.loc 1 1279 3 view .LVU1779
 5228              	.LVL533:
1280:Middlewares/ST/STM32_WPAN/ble/core/auto/ble_gap_aci.c ****   aci_gap_add_devices_to_list_cp1 *cp1 = (aci_gap_add_devices_to_list_cp1*)(cmd_buffer + 1 + Num_of
 5229              		.loc 1 1280 3 view .LVU1780
 5230              		.loc 1 1280 114 is_stmt 0 view .LVU1781
 5231 0008 C0EBC004 		rsb	r4, r0, r0, lsl #3
 5232              		.loc 1 1280 92 view .LVU1782
 5233 000c 04F10109 		add	r9, r4, #1
 5234              		.loc 1 1280 36 view .LVU1783
 5235 0010 02AE     		add	r6, sp, #8
 5236              	.LVL534:
1281:Middlewares/ST/STM32_WPAN/ble/core/auto/ble_gap_aci.c ****   tBleStatus status = 0;
 5237              		.loc 1 1281 3 is_stmt 1 view .LVU1784
 5238              		.loc 1 1281 14 is_stmt 0 view .LVU1785
 5239 0012 0DF10708 		add	r8, sp, #7
ARM GAS  C:\Users\843E~1\AppData\Local\Temp\ccgofTZZ.s 			page 115


 5240 0016 0025     		movs	r5, #0
 5241 0018 8DF80750 		strb	r5, [sp, #7]
1282:Middlewares/ST/STM32_WPAN/ble/core/auto/ble_gap_aci.c ****   int index_input = 0;
 5242              		.loc 1 1282 3 is_stmt 1 view .LVU1786
 5243              	.LVL535:
1283:Middlewares/ST/STM32_WPAN/ble/core/auto/ble_gap_aci.c ****   cp0->Num_of_List_Entries = Num_of_List_Entries;
 5244              		.loc 1 1283 3 view .LVU1787
 5245              		.loc 1 1283 28 is_stmt 0 view .LVU1788
 5246 001c 8DF80800 		strb	r0, [sp, #8]
1284:Middlewares/ST/STM32_WPAN/ble/core/auto/ble_gap_aci.c ****   index_input += 1;
 5247              		.loc 1 1284 3 is_stmt 1 view .LVU1789
 5248              	.LVL536:
1285:Middlewares/ST/STM32_WPAN/ble/core/auto/ble_gap_aci.c ****   /* var_len_data input */
1286:Middlewares/ST/STM32_WPAN/ble/core/auto/ble_gap_aci.c ****   {
1287:Middlewares/ST/STM32_WPAN/ble/core/auto/ble_gap_aci.c ****     Osal_MemCpy( (void*)&cp0->List_Entry, (const void*)List_Entry, Num_of_List_Entries * (sizeof(Li
 5249              		.loc 1 1287 5 view .LVU1790
 5250 0020 2246     		mov	r2, r4
 5251              	.LVL537:
 5252              		.loc 1 1287 5 is_stmt 0 view .LVU1791
 5253 0022 0DF10900 		add	r0, sp, #9
 5254              	.LVL538:
 5255              		.loc 1 1287 5 view .LVU1792
 5256 0026 FFF7FEFF 		bl	Osal_MemCpy
 5257              	.LVL539:
1288:Middlewares/ST/STM32_WPAN/ble/core/auto/ble_gap_aci.c ****     index_input += Num_of_List_Entries * (sizeof(List_Entry_t));
 5258              		.loc 1 1288 5 is_stmt 1 view .LVU1793
1289:Middlewares/ST/STM32_WPAN/ble/core/auto/ble_gap_aci.c ****     {
1290:Middlewares/ST/STM32_WPAN/ble/core/auto/ble_gap_aci.c ****       cp1->Mode = Mode;
 5259              		.loc 1 1290 7 view .LVU1794
 5260              		.loc 1 1290 17 is_stmt 0 view .LVU1795
 5261 002a 06F80970 		strb	r7, [r6, r9]
1291:Middlewares/ST/STM32_WPAN/ble/core/auto/ble_gap_aci.c ****     }
1292:Middlewares/ST/STM32_WPAN/ble/core/auto/ble_gap_aci.c ****     index_input += 1;
 5262              		.loc 1 1292 5 is_stmt 1 view .LVU1796
 5263              		.loc 1 1292 17 is_stmt 0 view .LVU1797
 5264 002e 0234     		adds	r4, r4, #2
 5265              	.LVL540:
1293:Middlewares/ST/STM32_WPAN/ble/core/auto/ble_gap_aci.c ****   }
1294:Middlewares/ST/STM32_WPAN/ble/core/auto/ble_gap_aci.c ****   Osal_MemSet( &rq, 0, sizeof(rq) );
 5266              		.loc 1 1294 3 is_stmt 1 view .LVU1798
 5267 0030 1822     		movs	r2, #24
 5268 0032 2946     		mov	r1, r5
 5269 0034 42A8     		add	r0, sp, #264
 5270 0036 FFF7FEFF 		bl	Osal_MemSet
 5271              	.LVL541:
1295:Middlewares/ST/STM32_WPAN/ble/core/auto/ble_gap_aci.c ****   rq.ogf = 0x3f;
 5272              		.loc 1 1295 3 view .LVU1799
 5273              		.loc 1 1295 10 is_stmt 0 view .LVU1800
 5274 003a 3F23     		movs	r3, #63
 5275 003c ADF80831 		strh	r3, [sp, #264]	@ movhi
1296:Middlewares/ST/STM32_WPAN/ble/core/auto/ble_gap_aci.c ****   rq.ocf = 0x0ab;
 5276              		.loc 1 1296 3 is_stmt 1 view .LVU1801
 5277              		.loc 1 1296 10 is_stmt 0 view .LVU1802
 5278 0040 AB23     		movs	r3, #171
 5279 0042 ADF80A31 		strh	r3, [sp, #266]	@ movhi
1297:Middlewares/ST/STM32_WPAN/ble/core/auto/ble_gap_aci.c ****   rq.cparam = cmd_buffer;
 5280              		.loc 1 1297 3 is_stmt 1 view .LVU1803
ARM GAS  C:\Users\843E~1\AppData\Local\Temp\ccgofTZZ.s 			page 116


 5281              		.loc 1 1297 13 is_stmt 0 view .LVU1804
 5282 0046 4496     		str	r6, [sp, #272]
1298:Middlewares/ST/STM32_WPAN/ble/core/auto/ble_gap_aci.c ****   rq.clen = index_input;
 5283              		.loc 1 1298 3 is_stmt 1 view .LVU1805
 5284              		.loc 1 1298 11 is_stmt 0 view .LVU1806
 5285 0048 4594     		str	r4, [sp, #276]
1299:Middlewares/ST/STM32_WPAN/ble/core/auto/ble_gap_aci.c ****   rq.rparam = &status;
 5286              		.loc 1 1299 3 is_stmt 1 view .LVU1807
 5287              		.loc 1 1299 13 is_stmt 0 view .LVU1808
 5288 004a CDF81881 		str	r8, [sp, #280]
1300:Middlewares/ST/STM32_WPAN/ble/core/auto/ble_gap_aci.c ****   rq.rlen = 1;
 5289              		.loc 1 1300 3 is_stmt 1 view .LVU1809
 5290              		.loc 1 1300 11 is_stmt 0 view .LVU1810
 5291 004e 0123     		movs	r3, #1
 5292 0050 4793     		str	r3, [sp, #284]
1301:Middlewares/ST/STM32_WPAN/ble/core/auto/ble_gap_aci.c ****   if ( hci_send_req(&rq, FALSE) < 0 )
 5293              		.loc 1 1301 3 is_stmt 1 view .LVU1811
 5294              		.loc 1 1301 8 is_stmt 0 view .LVU1812
 5295 0052 2946     		mov	r1, r5
 5296 0054 42A8     		add	r0, sp, #264
 5297 0056 FFF7FEFF 		bl	hci_send_req
 5298              	.LVL542:
 5299              		.loc 1 1301 6 view .LVU1813
 5300 005a A842     		cmp	r0, r5
 5301 005c 04DB     		blt	.L170
1302:Middlewares/ST/STM32_WPAN/ble/core/auto/ble_gap_aci.c ****     return BLE_STATUS_TIMEOUT;
1303:Middlewares/ST/STM32_WPAN/ble/core/auto/ble_gap_aci.c ****   return status;
 5302              		.loc 1 1303 3 is_stmt 1 view .LVU1814
 5303              		.loc 1 1303 10 is_stmt 0 view .LVU1815
 5304 005e 9DF80700 		ldrb	r0, [sp, #7]	@ zero_extendqisi2
 5305              	.L169:
1304:Middlewares/ST/STM32_WPAN/ble/core/auto/ble_gap_aci.c **** }
 5306              		.loc 1 1304 1 view .LVU1816
 5307 0062 49B0     		add	sp, sp, #292
 5308              	.LCFI166:
 5309              		.cfi_remember_state
 5310              		.cfi_def_cfa_offset 28
 5311              		@ sp needed
 5312 0064 BDE8F083 		pop	{r4, r5, r6, r7, r8, r9, pc}
 5313              	.LVL543:
 5314              	.L170:
 5315              	.LCFI167:
 5316              		.cfi_restore_state
1302:Middlewares/ST/STM32_WPAN/ble/core/auto/ble_gap_aci.c ****     return BLE_STATUS_TIMEOUT;
 5317              		.loc 1 1302 12 view .LVU1817
 5318 0068 FF20     		movs	r0, #255
 5319 006a FAE7     		b	.L169
 5320              		.cfi_endproc
 5321              	.LFE41:
 5323              		.section	.text.aci_gap_additional_beacon_start,"ax",%progbits
 5324              		.align	1
 5325              		.global	aci_gap_additional_beacon_start
 5326              		.syntax unified
 5327              		.thumb
 5328              		.thumb_func
 5330              	aci_gap_additional_beacon_start:
 5331              	.LVL544:
ARM GAS  C:\Users\843E~1\AppData\Local\Temp\ccgofTZZ.s 			page 117


 5332              	.LFB42:
1305:Middlewares/ST/STM32_WPAN/ble/core/auto/ble_gap_aci.c **** 
1306:Middlewares/ST/STM32_WPAN/ble/core/auto/ble_gap_aci.c **** tBleStatus aci_gap_additional_beacon_start( uint16_t Adv_Interval_Min,
1307:Middlewares/ST/STM32_WPAN/ble/core/auto/ble_gap_aci.c ****                                             uint16_t Adv_Interval_Max,
1308:Middlewares/ST/STM32_WPAN/ble/core/auto/ble_gap_aci.c ****                                             uint8_t Adv_Channel_Map,
1309:Middlewares/ST/STM32_WPAN/ble/core/auto/ble_gap_aci.c ****                                             uint8_t Own_Address_Type,
1310:Middlewares/ST/STM32_WPAN/ble/core/auto/ble_gap_aci.c ****                                             const uint8_t* Own_Address,
1311:Middlewares/ST/STM32_WPAN/ble/core/auto/ble_gap_aci.c ****                                             uint8_t PA_Level )
1312:Middlewares/ST/STM32_WPAN/ble/core/auto/ble_gap_aci.c **** {
 5333              		.loc 1 1312 1 is_stmt 1 view -0
 5334              		.cfi_startproc
 5335              		@ args = 8, pretend = 0, frame = 288
 5336              		@ frame_needed = 0, uses_anonymous_args = 0
 5337              		.loc 1 1312 1 is_stmt 0 view .LVU1819
 5338 0000 70B5     		push	{r4, r5, r6, lr}
 5339              	.LCFI168:
 5340              		.cfi_def_cfa_offset 16
 5341              		.cfi_offset 4, -16
 5342              		.cfi_offset 5, -12
 5343              		.cfi_offset 6, -8
 5344              		.cfi_offset 14, -4
 5345 0002 C8B0     		sub	sp, sp, #288
 5346              	.LCFI169:
 5347              		.cfi_def_cfa_offset 304
1313:Middlewares/ST/STM32_WPAN/ble/core/auto/ble_gap_aci.c ****   struct hci_request rq;
 5348              		.loc 1 1313 3 is_stmt 1 view .LVU1820
1314:Middlewares/ST/STM32_WPAN/ble/core/auto/ble_gap_aci.c ****   uint8_t cmd_buffer[BLE_CMD_MAX_PARAM_LEN];
 5349              		.loc 1 1314 3 view .LVU1821
1315:Middlewares/ST/STM32_WPAN/ble/core/auto/ble_gap_aci.c ****   aci_gap_additional_beacon_start_cp0 *cp0 = (aci_gap_additional_beacon_start_cp0*)(cmd_buffer);
 5350              		.loc 1 1315 3 view .LVU1822
 5351              	.LVL545:
1316:Middlewares/ST/STM32_WPAN/ble/core/auto/ble_gap_aci.c ****   tBleStatus status = 0;
 5352              		.loc 1 1316 3 view .LVU1823
 5353              		.loc 1 1316 14 is_stmt 0 view .LVU1824
 5354 0004 0DF10706 		add	r6, sp, #7
 5355 0008 0025     		movs	r5, #0
 5356 000a 8DF80750 		strb	r5, [sp, #7]
1317:Middlewares/ST/STM32_WPAN/ble/core/auto/ble_gap_aci.c ****   int index_input = 0;
 5357              		.loc 1 1317 3 is_stmt 1 view .LVU1825
 5358              	.LVL546:
1318:Middlewares/ST/STM32_WPAN/ble/core/auto/ble_gap_aci.c ****   cp0->Adv_Interval_Min = Adv_Interval_Min;
 5359              		.loc 1 1318 3 view .LVU1826
 5360              		.loc 1 1318 25 is_stmt 0 view .LVU1827
 5361 000e 02AC     		add	r4, sp, #8
 5362              	.LVL547:
 5363              		.loc 1 1318 25 view .LVU1828
 5364 0010 ADF80800 		strh	r0, [sp, #8]	@ movhi
1319:Middlewares/ST/STM32_WPAN/ble/core/auto/ble_gap_aci.c ****   index_input += 2;
 5365              		.loc 1 1319 3 is_stmt 1 view .LVU1829
 5366              	.LVL548:
1320:Middlewares/ST/STM32_WPAN/ble/core/auto/ble_gap_aci.c ****   cp0->Adv_Interval_Max = Adv_Interval_Max;
 5367              		.loc 1 1320 3 view .LVU1830
 5368              		.loc 1 1320 25 is_stmt 0 view .LVU1831
 5369 0014 ADF80A10 		strh	r1, [sp, #10]	@ movhi
1321:Middlewares/ST/STM32_WPAN/ble/core/auto/ble_gap_aci.c ****   index_input += 2;
 5370              		.loc 1 1321 3 is_stmt 1 view .LVU1832
 5371              	.LVL549:
ARM GAS  C:\Users\843E~1\AppData\Local\Temp\ccgofTZZ.s 			page 118


1322:Middlewares/ST/STM32_WPAN/ble/core/auto/ble_gap_aci.c ****   cp0->Adv_Channel_Map = Adv_Channel_Map;
 5372              		.loc 1 1322 3 view .LVU1833
 5373              		.loc 1 1322 24 is_stmt 0 view .LVU1834
 5374 0018 8DF80C20 		strb	r2, [sp, #12]
1323:Middlewares/ST/STM32_WPAN/ble/core/auto/ble_gap_aci.c ****   index_input += 1;
 5375              		.loc 1 1323 3 is_stmt 1 view .LVU1835
 5376              	.LVL550:
1324:Middlewares/ST/STM32_WPAN/ble/core/auto/ble_gap_aci.c ****   cp0->Own_Address_Type = Own_Address_Type;
 5377              		.loc 1 1324 3 view .LVU1836
 5378              		.loc 1 1324 25 is_stmt 0 view .LVU1837
 5379 001c 8DF80D30 		strb	r3, [sp, #13]
1325:Middlewares/ST/STM32_WPAN/ble/core/auto/ble_gap_aci.c ****   index_input += 1;
 5380              		.loc 1 1325 3 is_stmt 1 view .LVU1838
 5381              	.LVL551:
1326:Middlewares/ST/STM32_WPAN/ble/core/auto/ble_gap_aci.c ****   Osal_MemCpy( (void*)&cp0->Own_Address, (const void*)Own_Address, 6 );
 5382              		.loc 1 1326 3 view .LVU1839
 5383 0020 0622     		movs	r2, #6
 5384              	.LVL552:
 5385              		.loc 1 1326 3 is_stmt 0 view .LVU1840
 5386 0022 4C99     		ldr	r1, [sp, #304]
 5387              	.LVL553:
 5388              		.loc 1 1326 3 view .LVU1841
 5389 0024 0DF10E00 		add	r0, sp, #14
 5390              	.LVL554:
 5391              		.loc 1 1326 3 view .LVU1842
 5392 0028 FFF7FEFF 		bl	Osal_MemCpy
 5393              	.LVL555:
1327:Middlewares/ST/STM32_WPAN/ble/core/auto/ble_gap_aci.c ****   index_input += 6;
 5394              		.loc 1 1327 3 is_stmt 1 view .LVU1843
1328:Middlewares/ST/STM32_WPAN/ble/core/auto/ble_gap_aci.c ****   cp0->PA_Level = PA_Level;
 5395              		.loc 1 1328 3 view .LVU1844
 5396              		.loc 1 1328 17 is_stmt 0 view .LVU1845
 5397 002c 9DF83431 		ldrb	r3, [sp, #308]	@ zero_extendqisi2
 5398 0030 8DF81430 		strb	r3, [sp, #20]
1329:Middlewares/ST/STM32_WPAN/ble/core/auto/ble_gap_aci.c ****   index_input += 1;
 5399              		.loc 1 1329 3 is_stmt 1 view .LVU1846
 5400              	.LVL556:
1330:Middlewares/ST/STM32_WPAN/ble/core/auto/ble_gap_aci.c ****   Osal_MemSet( &rq, 0, sizeof(rq) );
 5401              		.loc 1 1330 3 view .LVU1847
 5402 0034 1822     		movs	r2, #24
 5403 0036 2946     		mov	r1, r5
 5404 0038 42A8     		add	r0, sp, #264
 5405 003a FFF7FEFF 		bl	Osal_MemSet
 5406              	.LVL557:
1331:Middlewares/ST/STM32_WPAN/ble/core/auto/ble_gap_aci.c ****   rq.ogf = 0x3f;
 5407              		.loc 1 1331 3 view .LVU1848
 5408              		.loc 1 1331 10 is_stmt 0 view .LVU1849
 5409 003e 3F23     		movs	r3, #63
 5410 0040 ADF80831 		strh	r3, [sp, #264]	@ movhi
1332:Middlewares/ST/STM32_WPAN/ble/core/auto/ble_gap_aci.c ****   rq.ocf = 0x0b0;
 5411              		.loc 1 1332 3 is_stmt 1 view .LVU1850
 5412              		.loc 1 1332 10 is_stmt 0 view .LVU1851
 5413 0044 B023     		movs	r3, #176
 5414 0046 ADF80A31 		strh	r3, [sp, #266]	@ movhi
1333:Middlewares/ST/STM32_WPAN/ble/core/auto/ble_gap_aci.c ****   rq.cparam = cmd_buffer;
 5415              		.loc 1 1333 3 is_stmt 1 view .LVU1852
 5416              		.loc 1 1333 13 is_stmt 0 view .LVU1853
ARM GAS  C:\Users\843E~1\AppData\Local\Temp\ccgofTZZ.s 			page 119


 5417 004a 4494     		str	r4, [sp, #272]
1334:Middlewares/ST/STM32_WPAN/ble/core/auto/ble_gap_aci.c ****   rq.clen = index_input;
 5418              		.loc 1 1334 3 is_stmt 1 view .LVU1854
 5419              		.loc 1 1334 11 is_stmt 0 view .LVU1855
 5420 004c 0D23     		movs	r3, #13
 5421 004e 4593     		str	r3, [sp, #276]
1335:Middlewares/ST/STM32_WPAN/ble/core/auto/ble_gap_aci.c ****   rq.rparam = &status;
 5422              		.loc 1 1335 3 is_stmt 1 view .LVU1856
 5423              		.loc 1 1335 13 is_stmt 0 view .LVU1857
 5424 0050 4696     		str	r6, [sp, #280]
1336:Middlewares/ST/STM32_WPAN/ble/core/auto/ble_gap_aci.c ****   rq.rlen = 1;
 5425              		.loc 1 1336 3 is_stmt 1 view .LVU1858
 5426              		.loc 1 1336 11 is_stmt 0 view .LVU1859
 5427 0052 0123     		movs	r3, #1
 5428 0054 4793     		str	r3, [sp, #284]
1337:Middlewares/ST/STM32_WPAN/ble/core/auto/ble_gap_aci.c ****   if ( hci_send_req(&rq, FALSE) < 0 )
 5429              		.loc 1 1337 3 is_stmt 1 view .LVU1860
 5430              		.loc 1 1337 8 is_stmt 0 view .LVU1861
 5431 0056 2946     		mov	r1, r5
 5432 0058 42A8     		add	r0, sp, #264
 5433 005a FFF7FEFF 		bl	hci_send_req
 5434              	.LVL558:
 5435              		.loc 1 1337 6 view .LVU1862
 5436 005e A842     		cmp	r0, r5
 5437 0060 03DB     		blt	.L174
1338:Middlewares/ST/STM32_WPAN/ble/core/auto/ble_gap_aci.c ****     return BLE_STATUS_TIMEOUT;
1339:Middlewares/ST/STM32_WPAN/ble/core/auto/ble_gap_aci.c ****   return status;
 5438              		.loc 1 1339 3 is_stmt 1 view .LVU1863
 5439              		.loc 1 1339 10 is_stmt 0 view .LVU1864
 5440 0062 9DF80700 		ldrb	r0, [sp, #7]	@ zero_extendqisi2
 5441              	.L173:
1340:Middlewares/ST/STM32_WPAN/ble/core/auto/ble_gap_aci.c **** }
 5442              		.loc 1 1340 1 view .LVU1865
 5443 0066 48B0     		add	sp, sp, #288
 5444              	.LCFI170:
 5445              		.cfi_remember_state
 5446              		.cfi_def_cfa_offset 16
 5447              		@ sp needed
 5448 0068 70BD     		pop	{r4, r5, r6, pc}
 5449              	.LVL559:
 5450              	.L174:
 5451              	.LCFI171:
 5452              		.cfi_restore_state
1338:Middlewares/ST/STM32_WPAN/ble/core/auto/ble_gap_aci.c ****     return BLE_STATUS_TIMEOUT;
 5453              		.loc 1 1338 12 view .LVU1866
 5454 006a FF20     		movs	r0, #255
 5455 006c FBE7     		b	.L173
 5456              		.cfi_endproc
 5457              	.LFE42:
 5459              		.section	.text.aci_gap_additional_beacon_stop,"ax",%progbits
 5460              		.align	1
 5461              		.global	aci_gap_additional_beacon_stop
 5462              		.syntax unified
 5463              		.thumb
 5464              		.thumb_func
 5466              	aci_gap_additional_beacon_stop:
 5467              	.LFB43:
ARM GAS  C:\Users\843E~1\AppData\Local\Temp\ccgofTZZ.s 			page 120


1341:Middlewares/ST/STM32_WPAN/ble/core/auto/ble_gap_aci.c **** 
1342:Middlewares/ST/STM32_WPAN/ble/core/auto/ble_gap_aci.c **** tBleStatus aci_gap_additional_beacon_stop( void )
1343:Middlewares/ST/STM32_WPAN/ble/core/auto/ble_gap_aci.c **** {
 5468              		.loc 1 1343 1 is_stmt 1 view -0
 5469              		.cfi_startproc
 5470              		@ args = 0, pretend = 0, frame = 32
 5471              		@ frame_needed = 0, uses_anonymous_args = 0
 5472 0000 10B5     		push	{r4, lr}
 5473              	.LCFI172:
 5474              		.cfi_def_cfa_offset 8
 5475              		.cfi_offset 4, -8
 5476              		.cfi_offset 14, -4
 5477 0002 88B0     		sub	sp, sp, #32
 5478              	.LCFI173:
 5479              		.cfi_def_cfa_offset 40
1344:Middlewares/ST/STM32_WPAN/ble/core/auto/ble_gap_aci.c ****   struct hci_request rq;
 5480              		.loc 1 1344 3 view .LVU1868
1345:Middlewares/ST/STM32_WPAN/ble/core/auto/ble_gap_aci.c ****   tBleStatus status = 0;
 5481              		.loc 1 1345 3 view .LVU1869
 5482              		.loc 1 1345 14 is_stmt 0 view .LVU1870
 5483 0004 0024     		movs	r4, #0
 5484 0006 8DF80740 		strb	r4, [sp, #7]
1346:Middlewares/ST/STM32_WPAN/ble/core/auto/ble_gap_aci.c ****   Osal_MemSet( &rq, 0, sizeof(rq) );
 5485              		.loc 1 1346 3 is_stmt 1 view .LVU1871
 5486 000a 1822     		movs	r2, #24
 5487 000c 2146     		mov	r1, r4
 5488 000e 02A8     		add	r0, sp, #8
 5489 0010 FFF7FEFF 		bl	Osal_MemSet
 5490              	.LVL560:
1347:Middlewares/ST/STM32_WPAN/ble/core/auto/ble_gap_aci.c ****   rq.ogf = 0x3f;
 5491              		.loc 1 1347 3 view .LVU1872
 5492              		.loc 1 1347 10 is_stmt 0 view .LVU1873
 5493 0014 3F23     		movs	r3, #63
 5494 0016 ADF80830 		strh	r3, [sp, #8]	@ movhi
1348:Middlewares/ST/STM32_WPAN/ble/core/auto/ble_gap_aci.c ****   rq.ocf = 0x0b1;
 5495              		.loc 1 1348 3 is_stmt 1 view .LVU1874
 5496              		.loc 1 1348 10 is_stmt 0 view .LVU1875
 5497 001a B123     		movs	r3, #177
 5498 001c ADF80A30 		strh	r3, [sp, #10]	@ movhi
1349:Middlewares/ST/STM32_WPAN/ble/core/auto/ble_gap_aci.c ****   rq.rparam = &status;
 5499              		.loc 1 1349 3 is_stmt 1 view .LVU1876
 5500              		.loc 1 1349 13 is_stmt 0 view .LVU1877
 5501 0020 0DF10703 		add	r3, sp, #7
 5502 0024 0693     		str	r3, [sp, #24]
1350:Middlewares/ST/STM32_WPAN/ble/core/auto/ble_gap_aci.c ****   rq.rlen = 1;
 5503              		.loc 1 1350 3 is_stmt 1 view .LVU1878
 5504              		.loc 1 1350 11 is_stmt 0 view .LVU1879
 5505 0026 0123     		movs	r3, #1
 5506 0028 0793     		str	r3, [sp, #28]
1351:Middlewares/ST/STM32_WPAN/ble/core/auto/ble_gap_aci.c ****   if ( hci_send_req(&rq, FALSE) < 0 )
 5507              		.loc 1 1351 3 is_stmt 1 view .LVU1880
 5508              		.loc 1 1351 8 is_stmt 0 view .LVU1881
 5509 002a 2146     		mov	r1, r4
 5510 002c 02A8     		add	r0, sp, #8
 5511 002e FFF7FEFF 		bl	hci_send_req
 5512              	.LVL561:
 5513              		.loc 1 1351 6 view .LVU1882
ARM GAS  C:\Users\843E~1\AppData\Local\Temp\ccgofTZZ.s 			page 121


 5514 0032 A042     		cmp	r0, r4
 5515 0034 03DB     		blt	.L178
1352:Middlewares/ST/STM32_WPAN/ble/core/auto/ble_gap_aci.c ****     return BLE_STATUS_TIMEOUT;
1353:Middlewares/ST/STM32_WPAN/ble/core/auto/ble_gap_aci.c ****   return status;
 5516              		.loc 1 1353 3 is_stmt 1 view .LVU1883
 5517              		.loc 1 1353 10 is_stmt 0 view .LVU1884
 5518 0036 9DF80700 		ldrb	r0, [sp, #7]	@ zero_extendqisi2
 5519              	.L177:
1354:Middlewares/ST/STM32_WPAN/ble/core/auto/ble_gap_aci.c **** }
 5520              		.loc 1 1354 1 view .LVU1885
 5521 003a 08B0     		add	sp, sp, #32
 5522              	.LCFI174:
 5523              		.cfi_remember_state
 5524              		.cfi_def_cfa_offset 8
 5525              		@ sp needed
 5526 003c 10BD     		pop	{r4, pc}
 5527              	.L178:
 5528              	.LCFI175:
 5529              		.cfi_restore_state
1352:Middlewares/ST/STM32_WPAN/ble/core/auto/ble_gap_aci.c ****     return BLE_STATUS_TIMEOUT;
 5530              		.loc 1 1352 12 view .LVU1886
 5531 003e FF20     		movs	r0, #255
 5532 0040 FBE7     		b	.L177
 5533              		.cfi_endproc
 5534              	.LFE43:
 5536              		.section	.text.aci_gap_additional_beacon_set_data,"ax",%progbits
 5537              		.align	1
 5538              		.global	aci_gap_additional_beacon_set_data
 5539              		.syntax unified
 5540              		.thumb
 5541              		.thumb_func
 5543              	aci_gap_additional_beacon_set_data:
 5544              	.LVL562:
 5545              	.LFB44:
1355:Middlewares/ST/STM32_WPAN/ble/core/auto/ble_gap_aci.c **** 
1356:Middlewares/ST/STM32_WPAN/ble/core/auto/ble_gap_aci.c **** tBleStatus aci_gap_additional_beacon_set_data( uint8_t Adv_Data_Length,
1357:Middlewares/ST/STM32_WPAN/ble/core/auto/ble_gap_aci.c ****                                                const uint8_t* Adv_Data )
1358:Middlewares/ST/STM32_WPAN/ble/core/auto/ble_gap_aci.c **** {
 5546              		.loc 1 1358 1 is_stmt 1 view -0
 5547              		.cfi_startproc
 5548              		@ args = 0, pretend = 0, frame = 288
 5549              		@ frame_needed = 0, uses_anonymous_args = 0
 5550              		.loc 1 1358 1 is_stmt 0 view .LVU1888
 5551 0000 F0B5     		push	{r4, r5, r6, r7, lr}
 5552              	.LCFI176:
 5553              		.cfi_def_cfa_offset 20
 5554              		.cfi_offset 4, -20
 5555              		.cfi_offset 5, -16
 5556              		.cfi_offset 6, -12
 5557              		.cfi_offset 7, -8
 5558              		.cfi_offset 14, -4
 5559 0002 C9B0     		sub	sp, sp, #292
 5560              	.LCFI177:
 5561              		.cfi_def_cfa_offset 312
 5562 0004 0446     		mov	r4, r0
1359:Middlewares/ST/STM32_WPAN/ble/core/auto/ble_gap_aci.c ****   struct hci_request rq;
 5563              		.loc 1 1359 3 is_stmt 1 view .LVU1889
ARM GAS  C:\Users\843E~1\AppData\Local\Temp\ccgofTZZ.s 			page 122


1360:Middlewares/ST/STM32_WPAN/ble/core/auto/ble_gap_aci.c ****   uint8_t cmd_buffer[BLE_CMD_MAX_PARAM_LEN];
 5564              		.loc 1 1360 3 view .LVU1890
1361:Middlewares/ST/STM32_WPAN/ble/core/auto/ble_gap_aci.c ****   aci_gap_additional_beacon_set_data_cp0 *cp0 = (aci_gap_additional_beacon_set_data_cp0*)(cmd_buffe
 5565              		.loc 1 1361 3 view .LVU1891
 5566              	.LVL563:
1362:Middlewares/ST/STM32_WPAN/ble/core/auto/ble_gap_aci.c ****   tBleStatus status = 0;
 5567              		.loc 1 1362 3 view .LVU1892
 5568              		.loc 1 1362 14 is_stmt 0 view .LVU1893
 5569 0006 0DF10706 		add	r6, sp, #7
 5570 000a 0025     		movs	r5, #0
 5571 000c 8DF80750 		strb	r5, [sp, #7]
1363:Middlewares/ST/STM32_WPAN/ble/core/auto/ble_gap_aci.c ****   int index_input = 0;
 5572              		.loc 1 1363 3 is_stmt 1 view .LVU1894
 5573              	.LVL564:
1364:Middlewares/ST/STM32_WPAN/ble/core/auto/ble_gap_aci.c ****   cp0->Adv_Data_Length = Adv_Data_Length;
 5574              		.loc 1 1364 3 view .LVU1895
 5575              		.loc 1 1364 24 is_stmt 0 view .LVU1896
 5576 0010 02AF     		add	r7, sp, #8
 5577              	.LVL565:
 5578              		.loc 1 1364 24 view .LVU1897
 5579 0012 8DF80800 		strb	r0, [sp, #8]
1365:Middlewares/ST/STM32_WPAN/ble/core/auto/ble_gap_aci.c ****   index_input += 1;
 5580              		.loc 1 1365 3 is_stmt 1 view .LVU1898
 5581              	.LVL566:
1366:Middlewares/ST/STM32_WPAN/ble/core/auto/ble_gap_aci.c ****   Osal_MemCpy( (void*)&cp0->Adv_Data, (const void*)Adv_Data, Adv_Data_Length );
 5582              		.loc 1 1366 3 view .LVU1899
 5583 0016 0246     		mov	r2, r0
 5584 0018 0DF10900 		add	r0, sp, #9
 5585              	.LVL567:
 5586              		.loc 1 1366 3 is_stmt 0 view .LVU1900
 5587 001c FFF7FEFF 		bl	Osal_MemCpy
 5588              	.LVL568:
1367:Middlewares/ST/STM32_WPAN/ble/core/auto/ble_gap_aci.c ****   index_input += Adv_Data_Length;
 5589              		.loc 1 1367 3 is_stmt 1 view .LVU1901
 5590              		.loc 1 1367 15 is_stmt 0 view .LVU1902
 5591 0020 0134     		adds	r4, r4, #1
 5592              	.LVL569:
1368:Middlewares/ST/STM32_WPAN/ble/core/auto/ble_gap_aci.c ****   Osal_MemSet( &rq, 0, sizeof(rq) );
 5593              		.loc 1 1368 3 is_stmt 1 view .LVU1903
 5594 0022 1822     		movs	r2, #24
 5595 0024 2946     		mov	r1, r5
 5596 0026 42A8     		add	r0, sp, #264
 5597 0028 FFF7FEFF 		bl	Osal_MemSet
 5598              	.LVL570:
1369:Middlewares/ST/STM32_WPAN/ble/core/auto/ble_gap_aci.c ****   rq.ogf = 0x3f;
 5599              		.loc 1 1369 3 view .LVU1904
 5600              		.loc 1 1369 10 is_stmt 0 view .LVU1905
 5601 002c 3F23     		movs	r3, #63
 5602 002e ADF80831 		strh	r3, [sp, #264]	@ movhi
1370:Middlewares/ST/STM32_WPAN/ble/core/auto/ble_gap_aci.c ****   rq.ocf = 0x0b2;
 5603              		.loc 1 1370 3 is_stmt 1 view .LVU1906
 5604              		.loc 1 1370 10 is_stmt 0 view .LVU1907
 5605 0032 B223     		movs	r3, #178
 5606 0034 ADF80A31 		strh	r3, [sp, #266]	@ movhi
1371:Middlewares/ST/STM32_WPAN/ble/core/auto/ble_gap_aci.c ****   rq.cparam = cmd_buffer;
 5607              		.loc 1 1371 3 is_stmt 1 view .LVU1908
 5608              		.loc 1 1371 13 is_stmt 0 view .LVU1909
ARM GAS  C:\Users\843E~1\AppData\Local\Temp\ccgofTZZ.s 			page 123


 5609 0038 4497     		str	r7, [sp, #272]
1372:Middlewares/ST/STM32_WPAN/ble/core/auto/ble_gap_aci.c ****   rq.clen = index_input;
 5610              		.loc 1 1372 3 is_stmt 1 view .LVU1910
 5611              		.loc 1 1372 11 is_stmt 0 view .LVU1911
 5612 003a 4594     		str	r4, [sp, #276]
1373:Middlewares/ST/STM32_WPAN/ble/core/auto/ble_gap_aci.c ****   rq.rparam = &status;
 5613              		.loc 1 1373 3 is_stmt 1 view .LVU1912
 5614              		.loc 1 1373 13 is_stmt 0 view .LVU1913
 5615 003c 4696     		str	r6, [sp, #280]
1374:Middlewares/ST/STM32_WPAN/ble/core/auto/ble_gap_aci.c ****   rq.rlen = 1;
 5616              		.loc 1 1374 3 is_stmt 1 view .LVU1914
 5617              		.loc 1 1374 11 is_stmt 0 view .LVU1915
 5618 003e 0123     		movs	r3, #1
 5619 0040 4793     		str	r3, [sp, #284]
1375:Middlewares/ST/STM32_WPAN/ble/core/auto/ble_gap_aci.c ****   if ( hci_send_req(&rq, FALSE) < 0 )
 5620              		.loc 1 1375 3 is_stmt 1 view .LVU1916
 5621              		.loc 1 1375 8 is_stmt 0 view .LVU1917
 5622 0042 2946     		mov	r1, r5
 5623 0044 42A8     		add	r0, sp, #264
 5624 0046 FFF7FEFF 		bl	hci_send_req
 5625              	.LVL571:
 5626              		.loc 1 1375 6 view .LVU1918
 5627 004a A842     		cmp	r0, r5
 5628 004c 03DB     		blt	.L182
1376:Middlewares/ST/STM32_WPAN/ble/core/auto/ble_gap_aci.c ****     return BLE_STATUS_TIMEOUT;
1377:Middlewares/ST/STM32_WPAN/ble/core/auto/ble_gap_aci.c ****   return status;
 5629              		.loc 1 1377 3 is_stmt 1 view .LVU1919
 5630              		.loc 1 1377 10 is_stmt 0 view .LVU1920
 5631 004e 9DF80700 		ldrb	r0, [sp, #7]	@ zero_extendqisi2
 5632              	.L181:
1378:Middlewares/ST/STM32_WPAN/ble/core/auto/ble_gap_aci.c **** }
 5633              		.loc 1 1378 1 view .LVU1921
 5634 0052 49B0     		add	sp, sp, #292
 5635              	.LCFI178:
 5636              		.cfi_remember_state
 5637              		.cfi_def_cfa_offset 20
 5638              		@ sp needed
 5639 0054 F0BD     		pop	{r4, r5, r6, r7, pc}
 5640              	.LVL572:
 5641              	.L182:
 5642              	.LCFI179:
 5643              		.cfi_restore_state
1376:Middlewares/ST/STM32_WPAN/ble/core/auto/ble_gap_aci.c ****     return BLE_STATUS_TIMEOUT;
 5644              		.loc 1 1376 12 view .LVU1922
 5645 0056 FF20     		movs	r0, #255
 5646 0058 FBE7     		b	.L181
 5647              		.cfi_endproc
 5648              	.LFE44:
 5650              		.section	.text.aci_gap_adv_set_configuration,"ax",%progbits
 5651              		.align	1
 5652              		.global	aci_gap_adv_set_configuration
 5653              		.syntax unified
 5654              		.thumb
 5655              		.thumb_func
 5657              	aci_gap_adv_set_configuration:
 5658              	.LVL573:
 5659              	.LFB45:
ARM GAS  C:\Users\843E~1\AppData\Local\Temp\ccgofTZZ.s 			page 124


1379:Middlewares/ST/STM32_WPAN/ble/core/auto/ble_gap_aci.c **** 
1380:Middlewares/ST/STM32_WPAN/ble/core/auto/ble_gap_aci.c **** tBleStatus aci_gap_adv_set_configuration( uint8_t Adv_Mode,
1381:Middlewares/ST/STM32_WPAN/ble/core/auto/ble_gap_aci.c ****                                           uint8_t Advertising_Handle,
1382:Middlewares/ST/STM32_WPAN/ble/core/auto/ble_gap_aci.c ****                                           uint16_t Adv_Event_Properties,
1383:Middlewares/ST/STM32_WPAN/ble/core/auto/ble_gap_aci.c ****                                           uint32_t Primary_Adv_Interval_Min,
1384:Middlewares/ST/STM32_WPAN/ble/core/auto/ble_gap_aci.c ****                                           uint32_t Primary_Adv_Interval_Max,
1385:Middlewares/ST/STM32_WPAN/ble/core/auto/ble_gap_aci.c ****                                           uint8_t Primary_Adv_Channel_Map,
1386:Middlewares/ST/STM32_WPAN/ble/core/auto/ble_gap_aci.c ****                                           uint8_t Own_Address_Type,
1387:Middlewares/ST/STM32_WPAN/ble/core/auto/ble_gap_aci.c ****                                           uint8_t Peer_Address_Type,
1388:Middlewares/ST/STM32_WPAN/ble/core/auto/ble_gap_aci.c ****                                           const uint8_t* Peer_Address,
1389:Middlewares/ST/STM32_WPAN/ble/core/auto/ble_gap_aci.c ****                                           uint8_t Adv_Filter_Policy,
1390:Middlewares/ST/STM32_WPAN/ble/core/auto/ble_gap_aci.c ****                                           uint8_t Adv_TX_Power,
1391:Middlewares/ST/STM32_WPAN/ble/core/auto/ble_gap_aci.c ****                                           uint8_t Secondary_Adv_Max_Skip,
1392:Middlewares/ST/STM32_WPAN/ble/core/auto/ble_gap_aci.c ****                                           uint8_t Secondary_Adv_PHY,
1393:Middlewares/ST/STM32_WPAN/ble/core/auto/ble_gap_aci.c ****                                           uint8_t Adv_SID,
1394:Middlewares/ST/STM32_WPAN/ble/core/auto/ble_gap_aci.c ****                                           uint8_t Scan_Req_Notification_Enable )
1395:Middlewares/ST/STM32_WPAN/ble/core/auto/ble_gap_aci.c **** {
 5660              		.loc 1 1395 1 is_stmt 1 view -0
 5661              		.cfi_startproc
 5662              		@ args = 44, pretend = 0, frame = 288
 5663              		@ frame_needed = 0, uses_anonymous_args = 0
 5664              		.loc 1 1395 1 is_stmt 0 view .LVU1924
 5665 0000 70B5     		push	{r4, r5, r6, lr}
 5666              	.LCFI180:
 5667              		.cfi_def_cfa_offset 16
 5668              		.cfi_offset 4, -16
 5669              		.cfi_offset 5, -12
 5670              		.cfi_offset 6, -8
 5671              		.cfi_offset 14, -4
 5672 0002 C8B0     		sub	sp, sp, #288
 5673              	.LCFI181:
 5674              		.cfi_def_cfa_offset 304
1396:Middlewares/ST/STM32_WPAN/ble/core/auto/ble_gap_aci.c ****   struct hci_request rq;
 5675              		.loc 1 1396 3 is_stmt 1 view .LVU1925
1397:Middlewares/ST/STM32_WPAN/ble/core/auto/ble_gap_aci.c ****   uint8_t cmd_buffer[BLE_CMD_MAX_PARAM_LEN];
 5676              		.loc 1 1397 3 view .LVU1926
1398:Middlewares/ST/STM32_WPAN/ble/core/auto/ble_gap_aci.c ****   aci_gap_adv_set_configuration_cp0 *cp0 = (aci_gap_adv_set_configuration_cp0*)(cmd_buffer);
 5677              		.loc 1 1398 3 view .LVU1927
 5678              	.LVL574:
1399:Middlewares/ST/STM32_WPAN/ble/core/auto/ble_gap_aci.c ****   tBleStatus status = 0;
 5679              		.loc 1 1399 3 view .LVU1928
 5680              		.loc 1 1399 14 is_stmt 0 view .LVU1929
 5681 0004 0DF10706 		add	r6, sp, #7
 5682 0008 0025     		movs	r5, #0
 5683 000a 8DF80750 		strb	r5, [sp, #7]
1400:Middlewares/ST/STM32_WPAN/ble/core/auto/ble_gap_aci.c ****   int index_input = 0;
 5684              		.loc 1 1400 3 is_stmt 1 view .LVU1930
 5685              	.LVL575:
1401:Middlewares/ST/STM32_WPAN/ble/core/auto/ble_gap_aci.c ****   cp0->Adv_Mode = Adv_Mode;
 5686              		.loc 1 1401 3 view .LVU1931
 5687              		.loc 1 1401 17 is_stmt 0 view .LVU1932
 5688 000e 02AC     		add	r4, sp, #8
 5689              	.LVL576:
 5690              		.loc 1 1401 17 view .LVU1933
 5691 0010 8DF80800 		strb	r0, [sp, #8]
1402:Middlewares/ST/STM32_WPAN/ble/core/auto/ble_gap_aci.c ****   index_input += 1;
 5692              		.loc 1 1402 3 is_stmt 1 view .LVU1934
ARM GAS  C:\Users\843E~1\AppData\Local\Temp\ccgofTZZ.s 			page 125


 5693              	.LVL577:
1403:Middlewares/ST/STM32_WPAN/ble/core/auto/ble_gap_aci.c ****   cp0->Advertising_Handle = Advertising_Handle;
 5694              		.loc 1 1403 3 view .LVU1935
 5695              		.loc 1 1403 27 is_stmt 0 view .LVU1936
 5696 0014 8DF80910 		strb	r1, [sp, #9]
1404:Middlewares/ST/STM32_WPAN/ble/core/auto/ble_gap_aci.c ****   index_input += 1;
 5697              		.loc 1 1404 3 is_stmt 1 view .LVU1937
 5698              	.LVL578:
1405:Middlewares/ST/STM32_WPAN/ble/core/auto/ble_gap_aci.c ****   cp0->Adv_Event_Properties = Adv_Event_Properties;
 5699              		.loc 1 1405 3 view .LVU1938
 5700              		.loc 1 1405 29 is_stmt 0 view .LVU1939
 5701 0018 ADF80A20 		strh	r2, [sp, #10]	@ movhi
1406:Middlewares/ST/STM32_WPAN/ble/core/auto/ble_gap_aci.c ****   index_input += 2;
 5702              		.loc 1 1406 3 is_stmt 1 view .LVU1940
 5703              	.LVL579:
1407:Middlewares/ST/STM32_WPAN/ble/core/auto/ble_gap_aci.c ****   cp0->Primary_Adv_Interval_Min = Primary_Adv_Interval_Min;
 5704              		.loc 1 1407 3 view .LVU1941
 5705              		.loc 1 1407 33 is_stmt 0 view .LVU1942
 5706 001c 0393     		str	r3, [sp, #12]
1408:Middlewares/ST/STM32_WPAN/ble/core/auto/ble_gap_aci.c ****   index_input += 4;
 5707              		.loc 1 1408 3 is_stmt 1 view .LVU1943
 5708              	.LVL580:
1409:Middlewares/ST/STM32_WPAN/ble/core/auto/ble_gap_aci.c ****   cp0->Primary_Adv_Interval_Max = Primary_Adv_Interval_Max;
 5709              		.loc 1 1409 3 view .LVU1944
 5710              		.loc 1 1409 33 is_stmt 0 view .LVU1945
 5711 001e 4C9B     		ldr	r3, [sp, #304]
 5712              	.LVL581:
 5713              		.loc 1 1409 33 view .LVU1946
 5714 0020 0493     		str	r3, [sp, #16]
1410:Middlewares/ST/STM32_WPAN/ble/core/auto/ble_gap_aci.c ****   index_input += 4;
 5715              		.loc 1 1410 3 is_stmt 1 view .LVU1947
 5716              	.LVL582:
1411:Middlewares/ST/STM32_WPAN/ble/core/auto/ble_gap_aci.c ****   cp0->Primary_Adv_Channel_Map = Primary_Adv_Channel_Map;
 5717              		.loc 1 1411 3 view .LVU1948
 5718              		.loc 1 1411 32 is_stmt 0 view .LVU1949
 5719 0022 9DF83431 		ldrb	r3, [sp, #308]	@ zero_extendqisi2
 5720 0026 8DF81430 		strb	r3, [sp, #20]
1412:Middlewares/ST/STM32_WPAN/ble/core/auto/ble_gap_aci.c ****   index_input += 1;
 5721              		.loc 1 1412 3 is_stmt 1 view .LVU1950
 5722              	.LVL583:
1413:Middlewares/ST/STM32_WPAN/ble/core/auto/ble_gap_aci.c ****   cp0->Own_Address_Type = Own_Address_Type;
 5723              		.loc 1 1413 3 view .LVU1951
 5724              		.loc 1 1413 25 is_stmt 0 view .LVU1952
 5725 002a 9DF83831 		ldrb	r3, [sp, #312]	@ zero_extendqisi2
 5726 002e 8DF81530 		strb	r3, [sp, #21]
1414:Middlewares/ST/STM32_WPAN/ble/core/auto/ble_gap_aci.c ****   index_input += 1;
 5727              		.loc 1 1414 3 is_stmt 1 view .LVU1953
 5728              	.LVL584:
1415:Middlewares/ST/STM32_WPAN/ble/core/auto/ble_gap_aci.c ****   cp0->Peer_Address_Type = Peer_Address_Type;
 5729              		.loc 1 1415 3 view .LVU1954
 5730              		.loc 1 1415 26 is_stmt 0 view .LVU1955
 5731 0032 9DF83C31 		ldrb	r3, [sp, #316]	@ zero_extendqisi2
 5732 0036 8DF81630 		strb	r3, [sp, #22]
1416:Middlewares/ST/STM32_WPAN/ble/core/auto/ble_gap_aci.c ****   index_input += 1;
 5733              		.loc 1 1416 3 is_stmt 1 view .LVU1956
 5734              	.LVL585:
1417:Middlewares/ST/STM32_WPAN/ble/core/auto/ble_gap_aci.c ****   Osal_MemCpy( (void*)&cp0->Peer_Address, (const void*)Peer_Address, 6 );
ARM GAS  C:\Users\843E~1\AppData\Local\Temp\ccgofTZZ.s 			page 126


 5735              		.loc 1 1417 3 view .LVU1957
 5736 003a 0622     		movs	r2, #6
 5737              	.LVL586:
 5738              		.loc 1 1417 3 is_stmt 0 view .LVU1958
 5739 003c 5099     		ldr	r1, [sp, #320]
 5740              	.LVL587:
 5741              		.loc 1 1417 3 view .LVU1959
 5742 003e 0DF11700 		add	r0, sp, #23
 5743              	.LVL588:
 5744              		.loc 1 1417 3 view .LVU1960
 5745 0042 FFF7FEFF 		bl	Osal_MemCpy
 5746              	.LVL589:
1418:Middlewares/ST/STM32_WPAN/ble/core/auto/ble_gap_aci.c ****   index_input += 6;
 5747              		.loc 1 1418 3 is_stmt 1 view .LVU1961
1419:Middlewares/ST/STM32_WPAN/ble/core/auto/ble_gap_aci.c ****   cp0->Adv_Filter_Policy = Adv_Filter_Policy;
 5748              		.loc 1 1419 3 view .LVU1962
 5749              		.loc 1 1419 26 is_stmt 0 view .LVU1963
 5750 0046 9DF84431 		ldrb	r3, [sp, #324]	@ zero_extendqisi2
 5751 004a 8DF81D30 		strb	r3, [sp, #29]
1420:Middlewares/ST/STM32_WPAN/ble/core/auto/ble_gap_aci.c ****   index_input += 1;
 5752              		.loc 1 1420 3 is_stmt 1 view .LVU1964
 5753              	.LVL590:
1421:Middlewares/ST/STM32_WPAN/ble/core/auto/ble_gap_aci.c ****   cp0->Adv_TX_Power = Adv_TX_Power;
 5754              		.loc 1 1421 3 view .LVU1965
 5755              		.loc 1 1421 21 is_stmt 0 view .LVU1966
 5756 004e 9DF84831 		ldrb	r3, [sp, #328]	@ zero_extendqisi2
 5757 0052 8DF81E30 		strb	r3, [sp, #30]
1422:Middlewares/ST/STM32_WPAN/ble/core/auto/ble_gap_aci.c ****   index_input += 1;
 5758              		.loc 1 1422 3 is_stmt 1 view .LVU1967
 5759              	.LVL591:
1423:Middlewares/ST/STM32_WPAN/ble/core/auto/ble_gap_aci.c ****   cp0->Secondary_Adv_Max_Skip = Secondary_Adv_Max_Skip;
 5760              		.loc 1 1423 3 view .LVU1968
 5761              		.loc 1 1423 31 is_stmt 0 view .LVU1969
 5762 0056 9DF84C31 		ldrb	r3, [sp, #332]	@ zero_extendqisi2
 5763 005a 8DF81F30 		strb	r3, [sp, #31]
1424:Middlewares/ST/STM32_WPAN/ble/core/auto/ble_gap_aci.c ****   index_input += 1;
 5764              		.loc 1 1424 3 is_stmt 1 view .LVU1970
 5765              	.LVL592:
1425:Middlewares/ST/STM32_WPAN/ble/core/auto/ble_gap_aci.c ****   cp0->Secondary_Adv_PHY = Secondary_Adv_PHY;
 5766              		.loc 1 1425 3 view .LVU1971
 5767              		.loc 1 1425 26 is_stmt 0 view .LVU1972
 5768 005e 9DF85031 		ldrb	r3, [sp, #336]	@ zero_extendqisi2
 5769 0062 8DF82030 		strb	r3, [sp, #32]
1426:Middlewares/ST/STM32_WPAN/ble/core/auto/ble_gap_aci.c ****   index_input += 1;
 5770              		.loc 1 1426 3 is_stmt 1 view .LVU1973
 5771              	.LVL593:
1427:Middlewares/ST/STM32_WPAN/ble/core/auto/ble_gap_aci.c ****   cp0->Adv_SID = Adv_SID;
 5772              		.loc 1 1427 3 view .LVU1974
 5773              		.loc 1 1427 16 is_stmt 0 view .LVU1975
 5774 0066 9DF85431 		ldrb	r3, [sp, #340]	@ zero_extendqisi2
 5775 006a 8DF82130 		strb	r3, [sp, #33]
1428:Middlewares/ST/STM32_WPAN/ble/core/auto/ble_gap_aci.c ****   index_input += 1;
 5776              		.loc 1 1428 3 is_stmt 1 view .LVU1976
 5777              	.LVL594:
1429:Middlewares/ST/STM32_WPAN/ble/core/auto/ble_gap_aci.c ****   cp0->Scan_Req_Notification_Enable = Scan_Req_Notification_Enable;
 5778              		.loc 1 1429 3 view .LVU1977
 5779              		.loc 1 1429 37 is_stmt 0 view .LVU1978
ARM GAS  C:\Users\843E~1\AppData\Local\Temp\ccgofTZZ.s 			page 127


 5780 006e 9DF85831 		ldrb	r3, [sp, #344]	@ zero_extendqisi2
 5781 0072 8DF82230 		strb	r3, [sp, #34]
1430:Middlewares/ST/STM32_WPAN/ble/core/auto/ble_gap_aci.c ****   index_input += 1;
 5782              		.loc 1 1430 3 is_stmt 1 view .LVU1979
 5783              	.LVL595:
1431:Middlewares/ST/STM32_WPAN/ble/core/auto/ble_gap_aci.c ****   Osal_MemSet( &rq, 0, sizeof(rq) );
 5784              		.loc 1 1431 3 view .LVU1980
 5785 0076 1822     		movs	r2, #24
 5786 0078 2946     		mov	r1, r5
 5787 007a 42A8     		add	r0, sp, #264
 5788 007c FFF7FEFF 		bl	Osal_MemSet
 5789              	.LVL596:
1432:Middlewares/ST/STM32_WPAN/ble/core/auto/ble_gap_aci.c ****   rq.ogf = 0x3f;
 5790              		.loc 1 1432 3 view .LVU1981
 5791              		.loc 1 1432 10 is_stmt 0 view .LVU1982
 5792 0080 3F23     		movs	r3, #63
 5793 0082 ADF80831 		strh	r3, [sp, #264]	@ movhi
1433:Middlewares/ST/STM32_WPAN/ble/core/auto/ble_gap_aci.c ****   rq.ocf = 0x0c0;
 5794              		.loc 1 1433 3 is_stmt 1 view .LVU1983
 5795              		.loc 1 1433 10 is_stmt 0 view .LVU1984
 5796 0086 C023     		movs	r3, #192
 5797 0088 ADF80A31 		strh	r3, [sp, #266]	@ movhi
1434:Middlewares/ST/STM32_WPAN/ble/core/auto/ble_gap_aci.c ****   rq.cparam = cmd_buffer;
 5798              		.loc 1 1434 3 is_stmt 1 view .LVU1985
 5799              		.loc 1 1434 13 is_stmt 0 view .LVU1986
 5800 008c 4494     		str	r4, [sp, #272]
1435:Middlewares/ST/STM32_WPAN/ble/core/auto/ble_gap_aci.c ****   rq.clen = index_input;
 5801              		.loc 1 1435 3 is_stmt 1 view .LVU1987
 5802              		.loc 1 1435 11 is_stmt 0 view .LVU1988
 5803 008e 1B23     		movs	r3, #27
 5804 0090 4593     		str	r3, [sp, #276]
1436:Middlewares/ST/STM32_WPAN/ble/core/auto/ble_gap_aci.c ****   rq.rparam = &status;
 5805              		.loc 1 1436 3 is_stmt 1 view .LVU1989
 5806              		.loc 1 1436 13 is_stmt 0 view .LVU1990
 5807 0092 4696     		str	r6, [sp, #280]
1437:Middlewares/ST/STM32_WPAN/ble/core/auto/ble_gap_aci.c ****   rq.rlen = 1;
 5808              		.loc 1 1437 3 is_stmt 1 view .LVU1991
 5809              		.loc 1 1437 11 is_stmt 0 view .LVU1992
 5810 0094 0123     		movs	r3, #1
 5811 0096 4793     		str	r3, [sp, #284]
1438:Middlewares/ST/STM32_WPAN/ble/core/auto/ble_gap_aci.c ****   if ( hci_send_req(&rq, FALSE) < 0 )
 5812              		.loc 1 1438 3 is_stmt 1 view .LVU1993
 5813              		.loc 1 1438 8 is_stmt 0 view .LVU1994
 5814 0098 2946     		mov	r1, r5
 5815 009a 42A8     		add	r0, sp, #264
 5816 009c FFF7FEFF 		bl	hci_send_req
 5817              	.LVL597:
 5818              		.loc 1 1438 6 view .LVU1995
 5819 00a0 A842     		cmp	r0, r5
 5820 00a2 03DB     		blt	.L186
1439:Middlewares/ST/STM32_WPAN/ble/core/auto/ble_gap_aci.c ****     return BLE_STATUS_TIMEOUT;
1440:Middlewares/ST/STM32_WPAN/ble/core/auto/ble_gap_aci.c ****   return status;
 5821              		.loc 1 1440 3 is_stmt 1 view .LVU1996
 5822              		.loc 1 1440 10 is_stmt 0 view .LVU1997
 5823 00a4 9DF80700 		ldrb	r0, [sp, #7]	@ zero_extendqisi2
 5824              	.L185:
1441:Middlewares/ST/STM32_WPAN/ble/core/auto/ble_gap_aci.c **** }
ARM GAS  C:\Users\843E~1\AppData\Local\Temp\ccgofTZZ.s 			page 128


 5825              		.loc 1 1441 1 view .LVU1998
 5826 00a8 48B0     		add	sp, sp, #288
 5827              	.LCFI182:
 5828              		.cfi_remember_state
 5829              		.cfi_def_cfa_offset 16
 5830              		@ sp needed
 5831 00aa 70BD     		pop	{r4, r5, r6, pc}
 5832              	.LVL598:
 5833              	.L186:
 5834              	.LCFI183:
 5835              		.cfi_restore_state
1439:Middlewares/ST/STM32_WPAN/ble/core/auto/ble_gap_aci.c ****     return BLE_STATUS_TIMEOUT;
 5836              		.loc 1 1439 12 view .LVU1999
 5837 00ac FF20     		movs	r0, #255
 5838 00ae FBE7     		b	.L185
 5839              		.cfi_endproc
 5840              	.LFE45:
 5842              		.section	.text.aci_gap_adv_set_enable,"ax",%progbits
 5843              		.align	1
 5844              		.global	aci_gap_adv_set_enable
 5845              		.syntax unified
 5846              		.thumb
 5847              		.thumb_func
 5849              	aci_gap_adv_set_enable:
 5850              	.LVL599:
 5851              	.LFB46:
1442:Middlewares/ST/STM32_WPAN/ble/core/auto/ble_gap_aci.c **** 
1443:Middlewares/ST/STM32_WPAN/ble/core/auto/ble_gap_aci.c **** tBleStatus aci_gap_adv_set_enable( uint8_t Enable,
1444:Middlewares/ST/STM32_WPAN/ble/core/auto/ble_gap_aci.c ****                                    uint8_t Num_Sets,
1445:Middlewares/ST/STM32_WPAN/ble/core/auto/ble_gap_aci.c ****                                    const Adv_Set_t* Adv_Set )
1446:Middlewares/ST/STM32_WPAN/ble/core/auto/ble_gap_aci.c **** {
 5852              		.loc 1 1446 1 is_stmt 1 view -0
 5853              		.cfi_startproc
 5854              		@ args = 0, pretend = 0, frame = 288
 5855              		@ frame_needed = 0, uses_anonymous_args = 0
 5856              		.loc 1 1446 1 is_stmt 0 view .LVU2001
 5857 0000 F0B5     		push	{r4, r5, r6, r7, lr}
 5858              	.LCFI184:
 5859              		.cfi_def_cfa_offset 20
 5860              		.cfi_offset 4, -20
 5861              		.cfi_offset 5, -16
 5862              		.cfi_offset 6, -12
 5863              		.cfi_offset 7, -8
 5864              		.cfi_offset 14, -4
 5865 0002 C9B0     		sub	sp, sp, #292
 5866              	.LCFI185:
 5867              		.cfi_def_cfa_offset 312
 5868 0004 0C46     		mov	r4, r1
 5869 0006 1146     		mov	r1, r2
 5870              	.LVL600:
1447:Middlewares/ST/STM32_WPAN/ble/core/auto/ble_gap_aci.c ****   struct hci_request rq;
 5871              		.loc 1 1447 3 is_stmt 1 view .LVU2002
1448:Middlewares/ST/STM32_WPAN/ble/core/auto/ble_gap_aci.c ****   uint8_t cmd_buffer[BLE_CMD_MAX_PARAM_LEN];
 5872              		.loc 1 1448 3 view .LVU2003
1449:Middlewares/ST/STM32_WPAN/ble/core/auto/ble_gap_aci.c ****   aci_gap_adv_set_enable_cp0 *cp0 = (aci_gap_adv_set_enable_cp0*)(cmd_buffer);
 5873              		.loc 1 1449 3 view .LVU2004
1450:Middlewares/ST/STM32_WPAN/ble/core/auto/ble_gap_aci.c ****   tBleStatus status = 0;
ARM GAS  C:\Users\843E~1\AppData\Local\Temp\ccgofTZZ.s 			page 129


 5874              		.loc 1 1450 3 view .LVU2005
 5875              		.loc 1 1450 14 is_stmt 0 view .LVU2006
 5876 0008 0DF10707 		add	r7, sp, #7
 5877 000c 0025     		movs	r5, #0
 5878 000e 8DF80750 		strb	r5, [sp, #7]
1451:Middlewares/ST/STM32_WPAN/ble/core/auto/ble_gap_aci.c ****   int index_input = 0;
 5879              		.loc 1 1451 3 is_stmt 1 view .LVU2007
 5880              	.LVL601:
1452:Middlewares/ST/STM32_WPAN/ble/core/auto/ble_gap_aci.c ****   cp0->Enable = Enable;
 5881              		.loc 1 1452 3 view .LVU2008
 5882              		.loc 1 1452 15 is_stmt 0 view .LVU2009
 5883 0012 02AE     		add	r6, sp, #8
 5884              	.LVL602:
 5885              		.loc 1 1452 15 view .LVU2010
 5886 0014 8DF80800 		strb	r0, [sp, #8]
1453:Middlewares/ST/STM32_WPAN/ble/core/auto/ble_gap_aci.c ****   index_input += 1;
 5887              		.loc 1 1453 3 is_stmt 1 view .LVU2011
 5888              	.LVL603:
1454:Middlewares/ST/STM32_WPAN/ble/core/auto/ble_gap_aci.c ****   cp0->Num_Sets = Num_Sets;
 5889              		.loc 1 1454 3 view .LVU2012
 5890              		.loc 1 1454 17 is_stmt 0 view .LVU2013
 5891 0018 8DF80940 		strb	r4, [sp, #9]
1455:Middlewares/ST/STM32_WPAN/ble/core/auto/ble_gap_aci.c ****   index_input += 1;
 5892              		.loc 1 1455 3 is_stmt 1 view .LVU2014
 5893              	.LVL604:
1456:Middlewares/ST/STM32_WPAN/ble/core/auto/ble_gap_aci.c ****   Osal_MemCpy( (void*)&cp0->Adv_Set, (const void*)Adv_Set, Num_Sets * (sizeof(Adv_Set_t)) );
 5894              		.loc 1 1456 3 view .LVU2015
 5895 001c A400     		lsls	r4, r4, #2
 5896 001e 2246     		mov	r2, r4
 5897              	.LVL605:
 5898              		.loc 1 1456 3 is_stmt 0 view .LVU2016
 5899 0020 0DF10A00 		add	r0, sp, #10
 5900              	.LVL606:
 5901              		.loc 1 1456 3 view .LVU2017
 5902 0024 FFF7FEFF 		bl	Osal_MemCpy
 5903              	.LVL607:
1457:Middlewares/ST/STM32_WPAN/ble/core/auto/ble_gap_aci.c ****   index_input += Num_Sets * (sizeof(Adv_Set_t));
 5904              		.loc 1 1457 3 is_stmt 1 view .LVU2018
 5905              		.loc 1 1457 15 is_stmt 0 view .LVU2019
 5906 0028 0234     		adds	r4, r4, #2
 5907              	.LVL608:
1458:Middlewares/ST/STM32_WPAN/ble/core/auto/ble_gap_aci.c ****   Osal_MemSet( &rq, 0, sizeof(rq) );
 5908              		.loc 1 1458 3 is_stmt 1 view .LVU2020
 5909 002a 1822     		movs	r2, #24
 5910 002c 2946     		mov	r1, r5
 5911 002e 42A8     		add	r0, sp, #264
 5912 0030 FFF7FEFF 		bl	Osal_MemSet
 5913              	.LVL609:
1459:Middlewares/ST/STM32_WPAN/ble/core/auto/ble_gap_aci.c ****   rq.ogf = 0x3f;
 5914              		.loc 1 1459 3 view .LVU2021
 5915              		.loc 1 1459 10 is_stmt 0 view .LVU2022
 5916 0034 3F23     		movs	r3, #63
 5917 0036 ADF80831 		strh	r3, [sp, #264]	@ movhi
1460:Middlewares/ST/STM32_WPAN/ble/core/auto/ble_gap_aci.c ****   rq.ocf = 0x0c1;
 5918              		.loc 1 1460 3 is_stmt 1 view .LVU2023
 5919              		.loc 1 1460 10 is_stmt 0 view .LVU2024
 5920 003a C123     		movs	r3, #193
ARM GAS  C:\Users\843E~1\AppData\Local\Temp\ccgofTZZ.s 			page 130


 5921 003c ADF80A31 		strh	r3, [sp, #266]	@ movhi
1461:Middlewares/ST/STM32_WPAN/ble/core/auto/ble_gap_aci.c ****   rq.cparam = cmd_buffer;
 5922              		.loc 1 1461 3 is_stmt 1 view .LVU2025
 5923              		.loc 1 1461 13 is_stmt 0 view .LVU2026
 5924 0040 4496     		str	r6, [sp, #272]
1462:Middlewares/ST/STM32_WPAN/ble/core/auto/ble_gap_aci.c ****   rq.clen = index_input;
 5925              		.loc 1 1462 3 is_stmt 1 view .LVU2027
 5926              		.loc 1 1462 11 is_stmt 0 view .LVU2028
 5927 0042 4594     		str	r4, [sp, #276]
1463:Middlewares/ST/STM32_WPAN/ble/core/auto/ble_gap_aci.c ****   rq.rparam = &status;
 5928              		.loc 1 1463 3 is_stmt 1 view .LVU2029
 5929              		.loc 1 1463 13 is_stmt 0 view .LVU2030
 5930 0044 4697     		str	r7, [sp, #280]
1464:Middlewares/ST/STM32_WPAN/ble/core/auto/ble_gap_aci.c ****   rq.rlen = 1;
 5931              		.loc 1 1464 3 is_stmt 1 view .LVU2031
 5932              		.loc 1 1464 11 is_stmt 0 view .LVU2032
 5933 0046 0123     		movs	r3, #1
 5934 0048 4793     		str	r3, [sp, #284]
1465:Middlewares/ST/STM32_WPAN/ble/core/auto/ble_gap_aci.c ****   if ( hci_send_req(&rq, FALSE) < 0 )
 5935              		.loc 1 1465 3 is_stmt 1 view .LVU2033
 5936              		.loc 1 1465 8 is_stmt 0 view .LVU2034
 5937 004a 2946     		mov	r1, r5
 5938 004c 42A8     		add	r0, sp, #264
 5939 004e FFF7FEFF 		bl	hci_send_req
 5940              	.LVL610:
 5941              		.loc 1 1465 6 view .LVU2035
 5942 0052 A842     		cmp	r0, r5
 5943 0054 03DB     		blt	.L190
1466:Middlewares/ST/STM32_WPAN/ble/core/auto/ble_gap_aci.c ****     return BLE_STATUS_TIMEOUT;
1467:Middlewares/ST/STM32_WPAN/ble/core/auto/ble_gap_aci.c ****   return status;
 5944              		.loc 1 1467 3 is_stmt 1 view .LVU2036
 5945              		.loc 1 1467 10 is_stmt 0 view .LVU2037
 5946 0056 9DF80700 		ldrb	r0, [sp, #7]	@ zero_extendqisi2
 5947              	.L189:
1468:Middlewares/ST/STM32_WPAN/ble/core/auto/ble_gap_aci.c **** }
 5948              		.loc 1 1468 1 view .LVU2038
 5949 005a 49B0     		add	sp, sp, #292
 5950              	.LCFI186:
 5951              		.cfi_remember_state
 5952              		.cfi_def_cfa_offset 20
 5953              		@ sp needed
 5954 005c F0BD     		pop	{r4, r5, r6, r7, pc}
 5955              	.LVL611:
 5956              	.L190:
 5957              	.LCFI187:
 5958              		.cfi_restore_state
1466:Middlewares/ST/STM32_WPAN/ble/core/auto/ble_gap_aci.c ****     return BLE_STATUS_TIMEOUT;
 5959              		.loc 1 1466 12 view .LVU2039
 5960 005e FF20     		movs	r0, #255
 5961 0060 FBE7     		b	.L189
 5962              		.cfi_endproc
 5963              	.LFE46:
 5965              		.section	.text.aci_gap_adv_set_adv_data,"ax",%progbits
 5966              		.align	1
 5967              		.global	aci_gap_adv_set_adv_data
 5968              		.syntax unified
 5969              		.thumb
ARM GAS  C:\Users\843E~1\AppData\Local\Temp\ccgofTZZ.s 			page 131


 5970              		.thumb_func
 5972              	aci_gap_adv_set_adv_data:
 5973              	.LVL612:
 5974              	.LFB47:
1469:Middlewares/ST/STM32_WPAN/ble/core/auto/ble_gap_aci.c **** 
1470:Middlewares/ST/STM32_WPAN/ble/core/auto/ble_gap_aci.c **** tBleStatus aci_gap_adv_set_adv_data( uint8_t Advertising_Handle,
1471:Middlewares/ST/STM32_WPAN/ble/core/auto/ble_gap_aci.c ****                                      uint8_t Operation,
1472:Middlewares/ST/STM32_WPAN/ble/core/auto/ble_gap_aci.c ****                                      uint8_t Fragment_Preference,
1473:Middlewares/ST/STM32_WPAN/ble/core/auto/ble_gap_aci.c ****                                      uint8_t Advertising_Data_Length,
1474:Middlewares/ST/STM32_WPAN/ble/core/auto/ble_gap_aci.c ****                                      const uint8_t* Advertising_Data )
1475:Middlewares/ST/STM32_WPAN/ble/core/auto/ble_gap_aci.c **** {
 5975              		.loc 1 1475 1 is_stmt 1 view -0
 5976              		.cfi_startproc
 5977              		@ args = 4, pretend = 0, frame = 288
 5978              		@ frame_needed = 0, uses_anonymous_args = 0
 5979              		.loc 1 1475 1 is_stmt 0 view .LVU2041
 5980 0000 F0B5     		push	{r4, r5, r6, r7, lr}
 5981              	.LCFI188:
 5982              		.cfi_def_cfa_offset 20
 5983              		.cfi_offset 4, -20
 5984              		.cfi_offset 5, -16
 5985              		.cfi_offset 6, -12
 5986              		.cfi_offset 7, -8
 5987              		.cfi_offset 14, -4
 5988 0002 C9B0     		sub	sp, sp, #292
 5989              	.LCFI189:
 5990              		.cfi_def_cfa_offset 312
 5991 0004 1C46     		mov	r4, r3
1476:Middlewares/ST/STM32_WPAN/ble/core/auto/ble_gap_aci.c ****   struct hci_request rq;
 5992              		.loc 1 1476 3 is_stmt 1 view .LVU2042
1477:Middlewares/ST/STM32_WPAN/ble/core/auto/ble_gap_aci.c ****   uint8_t cmd_buffer[BLE_CMD_MAX_PARAM_LEN];
 5993              		.loc 1 1477 3 view .LVU2043
1478:Middlewares/ST/STM32_WPAN/ble/core/auto/ble_gap_aci.c ****   aci_gap_adv_set_adv_data_cp0 *cp0 = (aci_gap_adv_set_adv_data_cp0*)(cmd_buffer);
 5994              		.loc 1 1478 3 view .LVU2044
 5995              	.LVL613:
1479:Middlewares/ST/STM32_WPAN/ble/core/auto/ble_gap_aci.c ****   tBleStatus status = 0;
 5996              		.loc 1 1479 3 view .LVU2045
 5997              		.loc 1 1479 14 is_stmt 0 view .LVU2046
 5998 0006 0DF10707 		add	r7, sp, #7
 5999 000a 0026     		movs	r6, #0
 6000 000c 8DF80760 		strb	r6, [sp, #7]
1480:Middlewares/ST/STM32_WPAN/ble/core/auto/ble_gap_aci.c ****   int index_input = 0;
 6001              		.loc 1 1480 3 is_stmt 1 view .LVU2047
 6002              	.LVL614:
1481:Middlewares/ST/STM32_WPAN/ble/core/auto/ble_gap_aci.c ****   cp0->Advertising_Handle = Advertising_Handle;
 6003              		.loc 1 1481 3 view .LVU2048
 6004              		.loc 1 1481 27 is_stmt 0 view .LVU2049
 6005 0010 02AD     		add	r5, sp, #8
 6006              	.LVL615:
 6007              		.loc 1 1481 27 view .LVU2050
 6008 0012 8DF80800 		strb	r0, [sp, #8]
1482:Middlewares/ST/STM32_WPAN/ble/core/auto/ble_gap_aci.c ****   index_input += 1;
 6009              		.loc 1 1482 3 is_stmt 1 view .LVU2051
 6010              	.LVL616:
1483:Middlewares/ST/STM32_WPAN/ble/core/auto/ble_gap_aci.c ****   cp0->Operation = Operation;
 6011              		.loc 1 1483 3 view .LVU2052
 6012              		.loc 1 1483 18 is_stmt 0 view .LVU2053
ARM GAS  C:\Users\843E~1\AppData\Local\Temp\ccgofTZZ.s 			page 132


 6013 0016 8DF80910 		strb	r1, [sp, #9]
1484:Middlewares/ST/STM32_WPAN/ble/core/auto/ble_gap_aci.c ****   index_input += 1;
 6014              		.loc 1 1484 3 is_stmt 1 view .LVU2054
 6015              	.LVL617:
1485:Middlewares/ST/STM32_WPAN/ble/core/auto/ble_gap_aci.c ****   cp0->Fragment_Preference = Fragment_Preference;
 6016              		.loc 1 1485 3 view .LVU2055
 6017              		.loc 1 1485 28 is_stmt 0 view .LVU2056
 6018 001a 8DF80A20 		strb	r2, [sp, #10]
1486:Middlewares/ST/STM32_WPAN/ble/core/auto/ble_gap_aci.c ****   index_input += 1;
 6019              		.loc 1 1486 3 is_stmt 1 view .LVU2057
 6020              	.LVL618:
1487:Middlewares/ST/STM32_WPAN/ble/core/auto/ble_gap_aci.c ****   cp0->Advertising_Data_Length = Advertising_Data_Length;
 6021              		.loc 1 1487 3 view .LVU2058
 6022              		.loc 1 1487 32 is_stmt 0 view .LVU2059
 6023 001e 8DF80B30 		strb	r3, [sp, #11]
1488:Middlewares/ST/STM32_WPAN/ble/core/auto/ble_gap_aci.c ****   index_input += 1;
 6024              		.loc 1 1488 3 is_stmt 1 view .LVU2060
 6025              	.LVL619:
1489:Middlewares/ST/STM32_WPAN/ble/core/auto/ble_gap_aci.c ****   Osal_MemCpy( (void*)&cp0->Advertising_Data, (const void*)Advertising_Data, Advertising_Data_Lengt
 6026              		.loc 1 1489 3 view .LVU2061
 6027 0022 1A46     		mov	r2, r3
 6028              	.LVL620:
 6029              		.loc 1 1489 3 is_stmt 0 view .LVU2062
 6030 0024 4E99     		ldr	r1, [sp, #312]
 6031              	.LVL621:
 6032              		.loc 1 1489 3 view .LVU2063
 6033 0026 03A8     		add	r0, sp, #12
 6034              	.LVL622:
 6035              		.loc 1 1489 3 view .LVU2064
 6036 0028 FFF7FEFF 		bl	Osal_MemCpy
 6037              	.LVL623:
1490:Middlewares/ST/STM32_WPAN/ble/core/auto/ble_gap_aci.c ****   index_input += Advertising_Data_Length;
 6038              		.loc 1 1490 3 is_stmt 1 view .LVU2065
 6039              		.loc 1 1490 15 is_stmt 0 view .LVU2066
 6040 002c 0434     		adds	r4, r4, #4
 6041              	.LVL624:
1491:Middlewares/ST/STM32_WPAN/ble/core/auto/ble_gap_aci.c ****   Osal_MemSet( &rq, 0, sizeof(rq) );
 6042              		.loc 1 1491 3 is_stmt 1 view .LVU2067
 6043 002e 1822     		movs	r2, #24
 6044 0030 3146     		mov	r1, r6
 6045 0032 42A8     		add	r0, sp, #264
 6046 0034 FFF7FEFF 		bl	Osal_MemSet
 6047              	.LVL625:
1492:Middlewares/ST/STM32_WPAN/ble/core/auto/ble_gap_aci.c ****   rq.ogf = 0x3f;
 6048              		.loc 1 1492 3 view .LVU2068
 6049              		.loc 1 1492 10 is_stmt 0 view .LVU2069
 6050 0038 3F23     		movs	r3, #63
 6051 003a ADF80831 		strh	r3, [sp, #264]	@ movhi
1493:Middlewares/ST/STM32_WPAN/ble/core/auto/ble_gap_aci.c ****   rq.ocf = 0x0c2;
 6052              		.loc 1 1493 3 is_stmt 1 view .LVU2070
 6053              		.loc 1 1493 10 is_stmt 0 view .LVU2071
 6054 003e C223     		movs	r3, #194
 6055 0040 ADF80A31 		strh	r3, [sp, #266]	@ movhi
1494:Middlewares/ST/STM32_WPAN/ble/core/auto/ble_gap_aci.c ****   rq.cparam = cmd_buffer;
 6056              		.loc 1 1494 3 is_stmt 1 view .LVU2072
 6057              		.loc 1 1494 13 is_stmt 0 view .LVU2073
 6058 0044 4495     		str	r5, [sp, #272]
ARM GAS  C:\Users\843E~1\AppData\Local\Temp\ccgofTZZ.s 			page 133


1495:Middlewares/ST/STM32_WPAN/ble/core/auto/ble_gap_aci.c ****   rq.clen = index_input;
 6059              		.loc 1 1495 3 is_stmt 1 view .LVU2074
 6060              		.loc 1 1495 11 is_stmt 0 view .LVU2075
 6061 0046 4594     		str	r4, [sp, #276]
1496:Middlewares/ST/STM32_WPAN/ble/core/auto/ble_gap_aci.c ****   rq.rparam = &status;
 6062              		.loc 1 1496 3 is_stmt 1 view .LVU2076
 6063              		.loc 1 1496 13 is_stmt 0 view .LVU2077
 6064 0048 4697     		str	r7, [sp, #280]
1497:Middlewares/ST/STM32_WPAN/ble/core/auto/ble_gap_aci.c ****   rq.rlen = 1;
 6065              		.loc 1 1497 3 is_stmt 1 view .LVU2078
 6066              		.loc 1 1497 11 is_stmt 0 view .LVU2079
 6067 004a 0123     		movs	r3, #1
 6068 004c 4793     		str	r3, [sp, #284]
1498:Middlewares/ST/STM32_WPAN/ble/core/auto/ble_gap_aci.c ****   if ( hci_send_req(&rq, FALSE) < 0 )
 6069              		.loc 1 1498 3 is_stmt 1 view .LVU2080
 6070              		.loc 1 1498 8 is_stmt 0 view .LVU2081
 6071 004e 3146     		mov	r1, r6
 6072 0050 42A8     		add	r0, sp, #264
 6073 0052 FFF7FEFF 		bl	hci_send_req
 6074              	.LVL626:
 6075              		.loc 1 1498 6 view .LVU2082
 6076 0056 B042     		cmp	r0, r6
 6077 0058 03DB     		blt	.L194
1499:Middlewares/ST/STM32_WPAN/ble/core/auto/ble_gap_aci.c ****     return BLE_STATUS_TIMEOUT;
1500:Middlewares/ST/STM32_WPAN/ble/core/auto/ble_gap_aci.c ****   return status;
 6078              		.loc 1 1500 3 is_stmt 1 view .LVU2083
 6079              		.loc 1 1500 10 is_stmt 0 view .LVU2084
 6080 005a 9DF80700 		ldrb	r0, [sp, #7]	@ zero_extendqisi2
 6081              	.L193:
1501:Middlewares/ST/STM32_WPAN/ble/core/auto/ble_gap_aci.c **** }
 6082              		.loc 1 1501 1 view .LVU2085
 6083 005e 49B0     		add	sp, sp, #292
 6084              	.LCFI190:
 6085              		.cfi_remember_state
 6086              		.cfi_def_cfa_offset 20
 6087              		@ sp needed
 6088 0060 F0BD     		pop	{r4, r5, r6, r7, pc}
 6089              	.LVL627:
 6090              	.L194:
 6091              	.LCFI191:
 6092              		.cfi_restore_state
1499:Middlewares/ST/STM32_WPAN/ble/core/auto/ble_gap_aci.c ****     return BLE_STATUS_TIMEOUT;
 6093              		.loc 1 1499 12 view .LVU2086
 6094 0062 FF20     		movs	r0, #255
 6095 0064 FBE7     		b	.L193
 6096              		.cfi_endproc
 6097              	.LFE47:
 6099              		.section	.text.aci_gap_adv_set_scan_resp_data,"ax",%progbits
 6100              		.align	1
 6101              		.global	aci_gap_adv_set_scan_resp_data
 6102              		.syntax unified
 6103              		.thumb
 6104              		.thumb_func
 6106              	aci_gap_adv_set_scan_resp_data:
 6107              	.LVL628:
 6108              	.LFB48:
1502:Middlewares/ST/STM32_WPAN/ble/core/auto/ble_gap_aci.c **** 
ARM GAS  C:\Users\843E~1\AppData\Local\Temp\ccgofTZZ.s 			page 134


1503:Middlewares/ST/STM32_WPAN/ble/core/auto/ble_gap_aci.c **** tBleStatus aci_gap_adv_set_scan_resp_data( uint8_t Advertising_Handle,
1504:Middlewares/ST/STM32_WPAN/ble/core/auto/ble_gap_aci.c ****                                            uint8_t Operation,
1505:Middlewares/ST/STM32_WPAN/ble/core/auto/ble_gap_aci.c ****                                            uint8_t Fragment_Preference,
1506:Middlewares/ST/STM32_WPAN/ble/core/auto/ble_gap_aci.c ****                                            uint8_t Scan_Response_Data_Length,
1507:Middlewares/ST/STM32_WPAN/ble/core/auto/ble_gap_aci.c ****                                            const uint8_t* Scan_Response_Data )
1508:Middlewares/ST/STM32_WPAN/ble/core/auto/ble_gap_aci.c **** {
 6109              		.loc 1 1508 1 is_stmt 1 view -0
 6110              		.cfi_startproc
 6111              		@ args = 4, pretend = 0, frame = 288
 6112              		@ frame_needed = 0, uses_anonymous_args = 0
 6113              		.loc 1 1508 1 is_stmt 0 view .LVU2088
 6114 0000 F0B5     		push	{r4, r5, r6, r7, lr}
 6115              	.LCFI192:
 6116              		.cfi_def_cfa_offset 20
 6117              		.cfi_offset 4, -20
 6118              		.cfi_offset 5, -16
 6119              		.cfi_offset 6, -12
 6120              		.cfi_offset 7, -8
 6121              		.cfi_offset 14, -4
 6122 0002 C9B0     		sub	sp, sp, #292
 6123              	.LCFI193:
 6124              		.cfi_def_cfa_offset 312
 6125 0004 1C46     		mov	r4, r3
1509:Middlewares/ST/STM32_WPAN/ble/core/auto/ble_gap_aci.c ****   struct hci_request rq;
 6126              		.loc 1 1509 3 is_stmt 1 view .LVU2089
1510:Middlewares/ST/STM32_WPAN/ble/core/auto/ble_gap_aci.c ****   uint8_t cmd_buffer[BLE_CMD_MAX_PARAM_LEN];
 6127              		.loc 1 1510 3 view .LVU2090
1511:Middlewares/ST/STM32_WPAN/ble/core/auto/ble_gap_aci.c ****   aci_gap_adv_set_scan_resp_data_cp0 *cp0 = (aci_gap_adv_set_scan_resp_data_cp0*)(cmd_buffer);
 6128              		.loc 1 1511 3 view .LVU2091
 6129              	.LVL629:
1512:Middlewares/ST/STM32_WPAN/ble/core/auto/ble_gap_aci.c ****   tBleStatus status = 0;
 6130              		.loc 1 1512 3 view .LVU2092
 6131              		.loc 1 1512 14 is_stmt 0 view .LVU2093
 6132 0006 0DF10707 		add	r7, sp, #7
 6133 000a 0026     		movs	r6, #0
 6134 000c 8DF80760 		strb	r6, [sp, #7]
1513:Middlewares/ST/STM32_WPAN/ble/core/auto/ble_gap_aci.c ****   int index_input = 0;
 6135              		.loc 1 1513 3 is_stmt 1 view .LVU2094
 6136              	.LVL630:
1514:Middlewares/ST/STM32_WPAN/ble/core/auto/ble_gap_aci.c ****   cp0->Advertising_Handle = Advertising_Handle;
 6137              		.loc 1 1514 3 view .LVU2095
 6138              		.loc 1 1514 27 is_stmt 0 view .LVU2096
 6139 0010 02AD     		add	r5, sp, #8
 6140              	.LVL631:
 6141              		.loc 1 1514 27 view .LVU2097
 6142 0012 8DF80800 		strb	r0, [sp, #8]
1515:Middlewares/ST/STM32_WPAN/ble/core/auto/ble_gap_aci.c ****   index_input += 1;
 6143              		.loc 1 1515 3 is_stmt 1 view .LVU2098
 6144              	.LVL632:
1516:Middlewares/ST/STM32_WPAN/ble/core/auto/ble_gap_aci.c ****   cp0->Operation = Operation;
 6145              		.loc 1 1516 3 view .LVU2099
 6146              		.loc 1 1516 18 is_stmt 0 view .LVU2100
 6147 0016 8DF80910 		strb	r1, [sp, #9]
1517:Middlewares/ST/STM32_WPAN/ble/core/auto/ble_gap_aci.c ****   index_input += 1;
 6148              		.loc 1 1517 3 is_stmt 1 view .LVU2101
 6149              	.LVL633:
1518:Middlewares/ST/STM32_WPAN/ble/core/auto/ble_gap_aci.c ****   cp0->Fragment_Preference = Fragment_Preference;
ARM GAS  C:\Users\843E~1\AppData\Local\Temp\ccgofTZZ.s 			page 135


 6150              		.loc 1 1518 3 view .LVU2102
 6151              		.loc 1 1518 28 is_stmt 0 view .LVU2103
 6152 001a 8DF80A20 		strb	r2, [sp, #10]
1519:Middlewares/ST/STM32_WPAN/ble/core/auto/ble_gap_aci.c ****   index_input += 1;
 6153              		.loc 1 1519 3 is_stmt 1 view .LVU2104
 6154              	.LVL634:
1520:Middlewares/ST/STM32_WPAN/ble/core/auto/ble_gap_aci.c ****   cp0->Scan_Response_Data_Length = Scan_Response_Data_Length;
 6155              		.loc 1 1520 3 view .LVU2105
 6156              		.loc 1 1520 34 is_stmt 0 view .LVU2106
 6157 001e 8DF80B30 		strb	r3, [sp, #11]
1521:Middlewares/ST/STM32_WPAN/ble/core/auto/ble_gap_aci.c ****   index_input += 1;
 6158              		.loc 1 1521 3 is_stmt 1 view .LVU2107
 6159              	.LVL635:
1522:Middlewares/ST/STM32_WPAN/ble/core/auto/ble_gap_aci.c ****   Osal_MemCpy( (void*)&cp0->Scan_Response_Data, (const void*)Scan_Response_Data, Scan_Response_Data
 6160              		.loc 1 1522 3 view .LVU2108
 6161 0022 1A46     		mov	r2, r3
 6162              	.LVL636:
 6163              		.loc 1 1522 3 is_stmt 0 view .LVU2109
 6164 0024 4E99     		ldr	r1, [sp, #312]
 6165              	.LVL637:
 6166              		.loc 1 1522 3 view .LVU2110
 6167 0026 03A8     		add	r0, sp, #12
 6168              	.LVL638:
 6169              		.loc 1 1522 3 view .LVU2111
 6170 0028 FFF7FEFF 		bl	Osal_MemCpy
 6171              	.LVL639:
1523:Middlewares/ST/STM32_WPAN/ble/core/auto/ble_gap_aci.c ****   index_input += Scan_Response_Data_Length;
 6172              		.loc 1 1523 3 is_stmt 1 view .LVU2112
 6173              		.loc 1 1523 15 is_stmt 0 view .LVU2113
 6174 002c 0434     		adds	r4, r4, #4
 6175              	.LVL640:
1524:Middlewares/ST/STM32_WPAN/ble/core/auto/ble_gap_aci.c ****   Osal_MemSet( &rq, 0, sizeof(rq) );
 6176              		.loc 1 1524 3 is_stmt 1 view .LVU2114
 6177 002e 1822     		movs	r2, #24
 6178 0030 3146     		mov	r1, r6
 6179 0032 42A8     		add	r0, sp, #264
 6180 0034 FFF7FEFF 		bl	Osal_MemSet
 6181              	.LVL641:
1525:Middlewares/ST/STM32_WPAN/ble/core/auto/ble_gap_aci.c ****   rq.ogf = 0x3f;
 6182              		.loc 1 1525 3 view .LVU2115
 6183              		.loc 1 1525 10 is_stmt 0 view .LVU2116
 6184 0038 3F23     		movs	r3, #63
 6185 003a ADF80831 		strh	r3, [sp, #264]	@ movhi
1526:Middlewares/ST/STM32_WPAN/ble/core/auto/ble_gap_aci.c ****   rq.ocf = 0x0c3;
 6186              		.loc 1 1526 3 is_stmt 1 view .LVU2117
 6187              		.loc 1 1526 10 is_stmt 0 view .LVU2118
 6188 003e C323     		movs	r3, #195
 6189 0040 ADF80A31 		strh	r3, [sp, #266]	@ movhi
1527:Middlewares/ST/STM32_WPAN/ble/core/auto/ble_gap_aci.c ****   rq.cparam = cmd_buffer;
 6190              		.loc 1 1527 3 is_stmt 1 view .LVU2119
 6191              		.loc 1 1527 13 is_stmt 0 view .LVU2120
 6192 0044 4495     		str	r5, [sp, #272]
1528:Middlewares/ST/STM32_WPAN/ble/core/auto/ble_gap_aci.c ****   rq.clen = index_input;
 6193              		.loc 1 1528 3 is_stmt 1 view .LVU2121
 6194              		.loc 1 1528 11 is_stmt 0 view .LVU2122
 6195 0046 4594     		str	r4, [sp, #276]
1529:Middlewares/ST/STM32_WPAN/ble/core/auto/ble_gap_aci.c ****   rq.rparam = &status;
ARM GAS  C:\Users\843E~1\AppData\Local\Temp\ccgofTZZ.s 			page 136


 6196              		.loc 1 1529 3 is_stmt 1 view .LVU2123
 6197              		.loc 1 1529 13 is_stmt 0 view .LVU2124
 6198 0048 4697     		str	r7, [sp, #280]
1530:Middlewares/ST/STM32_WPAN/ble/core/auto/ble_gap_aci.c ****   rq.rlen = 1;
 6199              		.loc 1 1530 3 is_stmt 1 view .LVU2125
 6200              		.loc 1 1530 11 is_stmt 0 view .LVU2126
 6201 004a 0123     		movs	r3, #1
 6202 004c 4793     		str	r3, [sp, #284]
1531:Middlewares/ST/STM32_WPAN/ble/core/auto/ble_gap_aci.c ****   if ( hci_send_req(&rq, FALSE) < 0 )
 6203              		.loc 1 1531 3 is_stmt 1 view .LVU2127
 6204              		.loc 1 1531 8 is_stmt 0 view .LVU2128
 6205 004e 3146     		mov	r1, r6
 6206 0050 42A8     		add	r0, sp, #264
 6207 0052 FFF7FEFF 		bl	hci_send_req
 6208              	.LVL642:
 6209              		.loc 1 1531 6 view .LVU2129
 6210 0056 B042     		cmp	r0, r6
 6211 0058 03DB     		blt	.L198
1532:Middlewares/ST/STM32_WPAN/ble/core/auto/ble_gap_aci.c ****     return BLE_STATUS_TIMEOUT;
1533:Middlewares/ST/STM32_WPAN/ble/core/auto/ble_gap_aci.c ****   return status;
 6212              		.loc 1 1533 3 is_stmt 1 view .LVU2130
 6213              		.loc 1 1533 10 is_stmt 0 view .LVU2131
 6214 005a 9DF80700 		ldrb	r0, [sp, #7]	@ zero_extendqisi2
 6215              	.L197:
1534:Middlewares/ST/STM32_WPAN/ble/core/auto/ble_gap_aci.c **** }
 6216              		.loc 1 1534 1 view .LVU2132
 6217 005e 49B0     		add	sp, sp, #292
 6218              	.LCFI194:
 6219              		.cfi_remember_state
 6220              		.cfi_def_cfa_offset 20
 6221              		@ sp needed
 6222 0060 F0BD     		pop	{r4, r5, r6, r7, pc}
 6223              	.LVL643:
 6224              	.L198:
 6225              	.LCFI195:
 6226              		.cfi_restore_state
1532:Middlewares/ST/STM32_WPAN/ble/core/auto/ble_gap_aci.c ****     return BLE_STATUS_TIMEOUT;
 6227              		.loc 1 1532 12 view .LVU2133
 6228 0062 FF20     		movs	r0, #255
 6229 0064 FBE7     		b	.L197
 6230              		.cfi_endproc
 6231              	.LFE48:
 6233              		.section	.text.aci_gap_adv_remove_set,"ax",%progbits
 6234              		.align	1
 6235              		.global	aci_gap_adv_remove_set
 6236              		.syntax unified
 6237              		.thumb
 6238              		.thumb_func
 6240              	aci_gap_adv_remove_set:
 6241              	.LVL644:
 6242              	.LFB49:
1535:Middlewares/ST/STM32_WPAN/ble/core/auto/ble_gap_aci.c **** 
1536:Middlewares/ST/STM32_WPAN/ble/core/auto/ble_gap_aci.c **** tBleStatus aci_gap_adv_remove_set( uint8_t Advertising_Handle )
1537:Middlewares/ST/STM32_WPAN/ble/core/auto/ble_gap_aci.c **** {
 6243              		.loc 1 1537 1 is_stmt 1 view -0
 6244              		.cfi_startproc
 6245              		@ args = 0, pretend = 0, frame = 288
ARM GAS  C:\Users\843E~1\AppData\Local\Temp\ccgofTZZ.s 			page 137


 6246              		@ frame_needed = 0, uses_anonymous_args = 0
 6247              		.loc 1 1537 1 is_stmt 0 view .LVU2135
 6248 0000 70B5     		push	{r4, r5, r6, lr}
 6249              	.LCFI196:
 6250              		.cfi_def_cfa_offset 16
 6251              		.cfi_offset 4, -16
 6252              		.cfi_offset 5, -12
 6253              		.cfi_offset 6, -8
 6254              		.cfi_offset 14, -4
 6255 0002 C8B0     		sub	sp, sp, #288
 6256              	.LCFI197:
 6257              		.cfi_def_cfa_offset 304
1538:Middlewares/ST/STM32_WPAN/ble/core/auto/ble_gap_aci.c ****   struct hci_request rq;
 6258              		.loc 1 1538 3 is_stmt 1 view .LVU2136
1539:Middlewares/ST/STM32_WPAN/ble/core/auto/ble_gap_aci.c ****   uint8_t cmd_buffer[BLE_CMD_MAX_PARAM_LEN];
 6259              		.loc 1 1539 3 view .LVU2137
1540:Middlewares/ST/STM32_WPAN/ble/core/auto/ble_gap_aci.c ****   aci_gap_adv_remove_set_cp0 *cp0 = (aci_gap_adv_remove_set_cp0*)(cmd_buffer);
 6260              		.loc 1 1540 3 view .LVU2138
 6261              	.LVL645:
1541:Middlewares/ST/STM32_WPAN/ble/core/auto/ble_gap_aci.c ****   tBleStatus status = 0;
 6262              		.loc 1 1541 3 view .LVU2139
 6263              		.loc 1 1541 14 is_stmt 0 view .LVU2140
 6264 0004 0DF10705 		add	r5, sp, #7
 6265 0008 0024     		movs	r4, #0
 6266 000a 8DF80740 		strb	r4, [sp, #7]
1542:Middlewares/ST/STM32_WPAN/ble/core/auto/ble_gap_aci.c ****   int index_input = 0;
 6267              		.loc 1 1542 3 is_stmt 1 view .LVU2141
 6268              	.LVL646:
1543:Middlewares/ST/STM32_WPAN/ble/core/auto/ble_gap_aci.c ****   cp0->Advertising_Handle = Advertising_Handle;
 6269              		.loc 1 1543 3 view .LVU2142
 6270              		.loc 1 1543 27 is_stmt 0 view .LVU2143
 6271 000e 02AE     		add	r6, sp, #8
 6272              	.LVL647:
 6273              		.loc 1 1543 27 view .LVU2144
 6274 0010 8DF80800 		strb	r0, [sp, #8]
1544:Middlewares/ST/STM32_WPAN/ble/core/auto/ble_gap_aci.c ****   index_input += 1;
 6275              		.loc 1 1544 3 is_stmt 1 view .LVU2145
 6276              	.LVL648:
1545:Middlewares/ST/STM32_WPAN/ble/core/auto/ble_gap_aci.c ****   Osal_MemSet( &rq, 0, sizeof(rq) );
 6277              		.loc 1 1545 3 view .LVU2146
 6278 0014 1822     		movs	r2, #24
 6279 0016 2146     		mov	r1, r4
 6280 0018 42A8     		add	r0, sp, #264
 6281              	.LVL649:
 6282              		.loc 1 1545 3 is_stmt 0 view .LVU2147
 6283 001a FFF7FEFF 		bl	Osal_MemSet
 6284              	.LVL650:
1546:Middlewares/ST/STM32_WPAN/ble/core/auto/ble_gap_aci.c ****   rq.ogf = 0x3f;
 6285              		.loc 1 1546 3 is_stmt 1 view .LVU2148
 6286              		.loc 1 1546 10 is_stmt 0 view .LVU2149
 6287 001e 3F23     		movs	r3, #63
 6288 0020 ADF80831 		strh	r3, [sp, #264]	@ movhi
1547:Middlewares/ST/STM32_WPAN/ble/core/auto/ble_gap_aci.c ****   rq.ocf = 0x0c4;
 6289              		.loc 1 1547 3 is_stmt 1 view .LVU2150
 6290              		.loc 1 1547 10 is_stmt 0 view .LVU2151
 6291 0024 C423     		movs	r3, #196
 6292 0026 ADF80A31 		strh	r3, [sp, #266]	@ movhi
ARM GAS  C:\Users\843E~1\AppData\Local\Temp\ccgofTZZ.s 			page 138


1548:Middlewares/ST/STM32_WPAN/ble/core/auto/ble_gap_aci.c ****   rq.cparam = cmd_buffer;
 6293              		.loc 1 1548 3 is_stmt 1 view .LVU2152
 6294              		.loc 1 1548 13 is_stmt 0 view .LVU2153
 6295 002a 4496     		str	r6, [sp, #272]
1549:Middlewares/ST/STM32_WPAN/ble/core/auto/ble_gap_aci.c ****   rq.clen = index_input;
 6296              		.loc 1 1549 3 is_stmt 1 view .LVU2154
 6297              		.loc 1 1549 11 is_stmt 0 view .LVU2155
 6298 002c 0123     		movs	r3, #1
 6299 002e 4593     		str	r3, [sp, #276]
1550:Middlewares/ST/STM32_WPAN/ble/core/auto/ble_gap_aci.c ****   rq.rparam = &status;
 6300              		.loc 1 1550 3 is_stmt 1 view .LVU2156
 6301              		.loc 1 1550 13 is_stmt 0 view .LVU2157
 6302 0030 4695     		str	r5, [sp, #280]
1551:Middlewares/ST/STM32_WPAN/ble/core/auto/ble_gap_aci.c ****   rq.rlen = 1;
 6303              		.loc 1 1551 3 is_stmt 1 view .LVU2158
 6304              		.loc 1 1551 11 is_stmt 0 view .LVU2159
 6305 0032 4793     		str	r3, [sp, #284]
1552:Middlewares/ST/STM32_WPAN/ble/core/auto/ble_gap_aci.c ****   if ( hci_send_req(&rq, FALSE) < 0 )
 6306              		.loc 1 1552 3 is_stmt 1 view .LVU2160
 6307              		.loc 1 1552 8 is_stmt 0 view .LVU2161
 6308 0034 2146     		mov	r1, r4
 6309 0036 42A8     		add	r0, sp, #264
 6310 0038 FFF7FEFF 		bl	hci_send_req
 6311              	.LVL651:
 6312              		.loc 1 1552 6 view .LVU2162
 6313 003c A042     		cmp	r0, r4
 6314 003e 03DB     		blt	.L202
1553:Middlewares/ST/STM32_WPAN/ble/core/auto/ble_gap_aci.c ****     return BLE_STATUS_TIMEOUT;
1554:Middlewares/ST/STM32_WPAN/ble/core/auto/ble_gap_aci.c ****   return status;
 6315              		.loc 1 1554 3 is_stmt 1 view .LVU2163
 6316              		.loc 1 1554 10 is_stmt 0 view .LVU2164
 6317 0040 9DF80700 		ldrb	r0, [sp, #7]	@ zero_extendqisi2
 6318              	.L201:
1555:Middlewares/ST/STM32_WPAN/ble/core/auto/ble_gap_aci.c **** }
 6319              		.loc 1 1555 1 view .LVU2165
 6320 0044 48B0     		add	sp, sp, #288
 6321              	.LCFI198:
 6322              		.cfi_remember_state
 6323              		.cfi_def_cfa_offset 16
 6324              		@ sp needed
 6325 0046 70BD     		pop	{r4, r5, r6, pc}
 6326              	.LVL652:
 6327              	.L202:
 6328              	.LCFI199:
 6329              		.cfi_restore_state
1553:Middlewares/ST/STM32_WPAN/ble/core/auto/ble_gap_aci.c ****     return BLE_STATUS_TIMEOUT;
 6330              		.loc 1 1553 12 view .LVU2166
 6331 0048 FF20     		movs	r0, #255
 6332 004a FBE7     		b	.L201
 6333              		.cfi_endproc
 6334              	.LFE49:
 6336              		.section	.text.aci_gap_adv_clear_sets,"ax",%progbits
 6337              		.align	1
 6338              		.global	aci_gap_adv_clear_sets
 6339              		.syntax unified
 6340              		.thumb
 6341              		.thumb_func
ARM GAS  C:\Users\843E~1\AppData\Local\Temp\ccgofTZZ.s 			page 139


 6343              	aci_gap_adv_clear_sets:
 6344              	.LFB50:
1556:Middlewares/ST/STM32_WPAN/ble/core/auto/ble_gap_aci.c **** 
1557:Middlewares/ST/STM32_WPAN/ble/core/auto/ble_gap_aci.c **** tBleStatus aci_gap_adv_clear_sets( void )
1558:Middlewares/ST/STM32_WPAN/ble/core/auto/ble_gap_aci.c **** {
 6345              		.loc 1 1558 1 is_stmt 1 view -0
 6346              		.cfi_startproc
 6347              		@ args = 0, pretend = 0, frame = 32
 6348              		@ frame_needed = 0, uses_anonymous_args = 0
 6349 0000 10B5     		push	{r4, lr}
 6350              	.LCFI200:
 6351              		.cfi_def_cfa_offset 8
 6352              		.cfi_offset 4, -8
 6353              		.cfi_offset 14, -4
 6354 0002 88B0     		sub	sp, sp, #32
 6355              	.LCFI201:
 6356              		.cfi_def_cfa_offset 40
1559:Middlewares/ST/STM32_WPAN/ble/core/auto/ble_gap_aci.c ****   struct hci_request rq;
 6357              		.loc 1 1559 3 view .LVU2168
1560:Middlewares/ST/STM32_WPAN/ble/core/auto/ble_gap_aci.c ****   tBleStatus status = 0;
 6358              		.loc 1 1560 3 view .LVU2169
 6359              		.loc 1 1560 14 is_stmt 0 view .LVU2170
 6360 0004 0024     		movs	r4, #0
 6361 0006 8DF80740 		strb	r4, [sp, #7]
1561:Middlewares/ST/STM32_WPAN/ble/core/auto/ble_gap_aci.c ****   Osal_MemSet( &rq, 0, sizeof(rq) );
 6362              		.loc 1 1561 3 is_stmt 1 view .LVU2171
 6363 000a 1822     		movs	r2, #24
 6364 000c 2146     		mov	r1, r4
 6365 000e 02A8     		add	r0, sp, #8
 6366 0010 FFF7FEFF 		bl	Osal_MemSet
 6367              	.LVL653:
1562:Middlewares/ST/STM32_WPAN/ble/core/auto/ble_gap_aci.c ****   rq.ogf = 0x3f;
 6368              		.loc 1 1562 3 view .LVU2172
 6369              		.loc 1 1562 10 is_stmt 0 view .LVU2173
 6370 0014 3F23     		movs	r3, #63
 6371 0016 ADF80830 		strh	r3, [sp, #8]	@ movhi
1563:Middlewares/ST/STM32_WPAN/ble/core/auto/ble_gap_aci.c ****   rq.ocf = 0x0c5;
 6372              		.loc 1 1563 3 is_stmt 1 view .LVU2174
 6373              		.loc 1 1563 10 is_stmt 0 view .LVU2175
 6374 001a C523     		movs	r3, #197
 6375 001c ADF80A30 		strh	r3, [sp, #10]	@ movhi
1564:Middlewares/ST/STM32_WPAN/ble/core/auto/ble_gap_aci.c ****   rq.rparam = &status;
 6376              		.loc 1 1564 3 is_stmt 1 view .LVU2176
 6377              		.loc 1 1564 13 is_stmt 0 view .LVU2177
 6378 0020 0DF10703 		add	r3, sp, #7
 6379 0024 0693     		str	r3, [sp, #24]
1565:Middlewares/ST/STM32_WPAN/ble/core/auto/ble_gap_aci.c ****   rq.rlen = 1;
 6380              		.loc 1 1565 3 is_stmt 1 view .LVU2178
 6381              		.loc 1 1565 11 is_stmt 0 view .LVU2179
 6382 0026 0123     		movs	r3, #1
 6383 0028 0793     		str	r3, [sp, #28]
1566:Middlewares/ST/STM32_WPAN/ble/core/auto/ble_gap_aci.c ****   if ( hci_send_req(&rq, FALSE) < 0 )
 6384              		.loc 1 1566 3 is_stmt 1 view .LVU2180
 6385              		.loc 1 1566 8 is_stmt 0 view .LVU2181
 6386 002a 2146     		mov	r1, r4
 6387 002c 02A8     		add	r0, sp, #8
 6388 002e FFF7FEFF 		bl	hci_send_req
ARM GAS  C:\Users\843E~1\AppData\Local\Temp\ccgofTZZ.s 			page 140


 6389              	.LVL654:
 6390              		.loc 1 1566 6 view .LVU2182
 6391 0032 A042     		cmp	r0, r4
 6392 0034 03DB     		blt	.L206
1567:Middlewares/ST/STM32_WPAN/ble/core/auto/ble_gap_aci.c ****     return BLE_STATUS_TIMEOUT;
1568:Middlewares/ST/STM32_WPAN/ble/core/auto/ble_gap_aci.c ****   return status;
 6393              		.loc 1 1568 3 is_stmt 1 view .LVU2183
 6394              		.loc 1 1568 10 is_stmt 0 view .LVU2184
 6395 0036 9DF80700 		ldrb	r0, [sp, #7]	@ zero_extendqisi2
 6396              	.L205:
1569:Middlewares/ST/STM32_WPAN/ble/core/auto/ble_gap_aci.c **** }
 6397              		.loc 1 1569 1 view .LVU2185
 6398 003a 08B0     		add	sp, sp, #32
 6399              	.LCFI202:
 6400              		.cfi_remember_state
 6401              		.cfi_def_cfa_offset 8
 6402              		@ sp needed
 6403 003c 10BD     		pop	{r4, pc}
 6404              	.L206:
 6405              	.LCFI203:
 6406              		.cfi_restore_state
1567:Middlewares/ST/STM32_WPAN/ble/core/auto/ble_gap_aci.c ****     return BLE_STATUS_TIMEOUT;
 6407              		.loc 1 1567 12 view .LVU2186
 6408 003e FF20     		movs	r0, #255
 6409 0040 FBE7     		b	.L205
 6410              		.cfi_endproc
 6411              	.LFE50:
 6413              		.section	.text.aci_gap_adv_set_random_address,"ax",%progbits
 6414              		.align	1
 6415              		.global	aci_gap_adv_set_random_address
 6416              		.syntax unified
 6417              		.thumb
 6418              		.thumb_func
 6420              	aci_gap_adv_set_random_address:
 6421              	.LVL655:
 6422              	.LFB51:
1570:Middlewares/ST/STM32_WPAN/ble/core/auto/ble_gap_aci.c **** 
1571:Middlewares/ST/STM32_WPAN/ble/core/auto/ble_gap_aci.c **** tBleStatus aci_gap_adv_set_random_address( uint8_t Advertising_Handle,
1572:Middlewares/ST/STM32_WPAN/ble/core/auto/ble_gap_aci.c ****                                            const uint8_t* Random_Address )
1573:Middlewares/ST/STM32_WPAN/ble/core/auto/ble_gap_aci.c **** {
 6423              		.loc 1 1573 1 is_stmt 1 view -0
 6424              		.cfi_startproc
 6425              		@ args = 0, pretend = 0, frame = 288
 6426              		@ frame_needed = 0, uses_anonymous_args = 0
 6427              		.loc 1 1573 1 is_stmt 0 view .LVU2188
 6428 0000 70B5     		push	{r4, r5, r6, lr}
 6429              	.LCFI204:
 6430              		.cfi_def_cfa_offset 16
 6431              		.cfi_offset 4, -16
 6432              		.cfi_offset 5, -12
 6433              		.cfi_offset 6, -8
 6434              		.cfi_offset 14, -4
 6435 0002 C8B0     		sub	sp, sp, #288
 6436              	.LCFI205:
 6437              		.cfi_def_cfa_offset 304
1574:Middlewares/ST/STM32_WPAN/ble/core/auto/ble_gap_aci.c ****   struct hci_request rq;
 6438              		.loc 1 1574 3 is_stmt 1 view .LVU2189
ARM GAS  C:\Users\843E~1\AppData\Local\Temp\ccgofTZZ.s 			page 141


1575:Middlewares/ST/STM32_WPAN/ble/core/auto/ble_gap_aci.c ****   uint8_t cmd_buffer[BLE_CMD_MAX_PARAM_LEN];
 6439              		.loc 1 1575 3 view .LVU2190
1576:Middlewares/ST/STM32_WPAN/ble/core/auto/ble_gap_aci.c ****   aci_gap_adv_set_random_address_cp0 *cp0 = (aci_gap_adv_set_random_address_cp0*)(cmd_buffer);
 6440              		.loc 1 1576 3 view .LVU2191
 6441              	.LVL656:
1577:Middlewares/ST/STM32_WPAN/ble/core/auto/ble_gap_aci.c ****   tBleStatus status = 0;
 6442              		.loc 1 1577 3 view .LVU2192
 6443              		.loc 1 1577 14 is_stmt 0 view .LVU2193
 6444 0004 0DF10705 		add	r5, sp, #7
 6445 0008 0024     		movs	r4, #0
 6446 000a 8DF80740 		strb	r4, [sp, #7]
1578:Middlewares/ST/STM32_WPAN/ble/core/auto/ble_gap_aci.c ****   int index_input = 0;
 6447              		.loc 1 1578 3 is_stmt 1 view .LVU2194
 6448              	.LVL657:
1579:Middlewares/ST/STM32_WPAN/ble/core/auto/ble_gap_aci.c ****   cp0->Advertising_Handle = Advertising_Handle;
 6449              		.loc 1 1579 3 view .LVU2195
 6450              		.loc 1 1579 27 is_stmt 0 view .LVU2196
 6451 000e 02AE     		add	r6, sp, #8
 6452              	.LVL658:
 6453              		.loc 1 1579 27 view .LVU2197
 6454 0010 8DF80800 		strb	r0, [sp, #8]
1580:Middlewares/ST/STM32_WPAN/ble/core/auto/ble_gap_aci.c ****   index_input += 1;
 6455              		.loc 1 1580 3 is_stmt 1 view .LVU2198
 6456              	.LVL659:
1581:Middlewares/ST/STM32_WPAN/ble/core/auto/ble_gap_aci.c ****   Osal_MemCpy( (void*)&cp0->Random_Address, (const void*)Random_Address, 6 );
 6457              		.loc 1 1581 3 view .LVU2199
 6458 0014 0622     		movs	r2, #6
 6459 0016 0DF10900 		add	r0, sp, #9
 6460              	.LVL660:
 6461              		.loc 1 1581 3 is_stmt 0 view .LVU2200
 6462 001a FFF7FEFF 		bl	Osal_MemCpy
 6463              	.LVL661:
1582:Middlewares/ST/STM32_WPAN/ble/core/auto/ble_gap_aci.c ****   index_input += 6;
 6464              		.loc 1 1582 3 is_stmt 1 view .LVU2201
1583:Middlewares/ST/STM32_WPAN/ble/core/auto/ble_gap_aci.c ****   Osal_MemSet( &rq, 0, sizeof(rq) );
 6465              		.loc 1 1583 3 view .LVU2202
 6466 001e 1822     		movs	r2, #24
 6467 0020 2146     		mov	r1, r4
 6468 0022 42A8     		add	r0, sp, #264
 6469 0024 FFF7FEFF 		bl	Osal_MemSet
 6470              	.LVL662:
1584:Middlewares/ST/STM32_WPAN/ble/core/auto/ble_gap_aci.c ****   rq.ogf = 0x3f;
 6471              		.loc 1 1584 3 view .LVU2203
 6472              		.loc 1 1584 10 is_stmt 0 view .LVU2204
 6473 0028 3F23     		movs	r3, #63
 6474 002a ADF80831 		strh	r3, [sp, #264]	@ movhi
1585:Middlewares/ST/STM32_WPAN/ble/core/auto/ble_gap_aci.c ****   rq.ocf = 0x0c6;
 6475              		.loc 1 1585 3 is_stmt 1 view .LVU2205
 6476              		.loc 1 1585 10 is_stmt 0 view .LVU2206
 6477 002e C623     		movs	r3, #198
 6478 0030 ADF80A31 		strh	r3, [sp, #266]	@ movhi
1586:Middlewares/ST/STM32_WPAN/ble/core/auto/ble_gap_aci.c ****   rq.cparam = cmd_buffer;
 6479              		.loc 1 1586 3 is_stmt 1 view .LVU2207
 6480              		.loc 1 1586 13 is_stmt 0 view .LVU2208
 6481 0034 4496     		str	r6, [sp, #272]
1587:Middlewares/ST/STM32_WPAN/ble/core/auto/ble_gap_aci.c ****   rq.clen = index_input;
 6482              		.loc 1 1587 3 is_stmt 1 view .LVU2209
ARM GAS  C:\Users\843E~1\AppData\Local\Temp\ccgofTZZ.s 			page 142


 6483              		.loc 1 1587 11 is_stmt 0 view .LVU2210
 6484 0036 0723     		movs	r3, #7
 6485 0038 4593     		str	r3, [sp, #276]
1588:Middlewares/ST/STM32_WPAN/ble/core/auto/ble_gap_aci.c ****   rq.rparam = &status;
 6486              		.loc 1 1588 3 is_stmt 1 view .LVU2211
 6487              		.loc 1 1588 13 is_stmt 0 view .LVU2212
 6488 003a 4695     		str	r5, [sp, #280]
1589:Middlewares/ST/STM32_WPAN/ble/core/auto/ble_gap_aci.c ****   rq.rlen = 1;
 6489              		.loc 1 1589 3 is_stmt 1 view .LVU2213
 6490              		.loc 1 1589 11 is_stmt 0 view .LVU2214
 6491 003c 0123     		movs	r3, #1
 6492 003e 4793     		str	r3, [sp, #284]
1590:Middlewares/ST/STM32_WPAN/ble/core/auto/ble_gap_aci.c ****   if ( hci_send_req(&rq, FALSE) < 0 )
 6493              		.loc 1 1590 3 is_stmt 1 view .LVU2215
 6494              		.loc 1 1590 8 is_stmt 0 view .LVU2216
 6495 0040 2146     		mov	r1, r4
 6496 0042 42A8     		add	r0, sp, #264
 6497 0044 FFF7FEFF 		bl	hci_send_req
 6498              	.LVL663:
 6499              		.loc 1 1590 6 view .LVU2217
 6500 0048 A042     		cmp	r0, r4
 6501 004a 03DB     		blt	.L210
1591:Middlewares/ST/STM32_WPAN/ble/core/auto/ble_gap_aci.c ****     return BLE_STATUS_TIMEOUT;
1592:Middlewares/ST/STM32_WPAN/ble/core/auto/ble_gap_aci.c ****   return status;
 6502              		.loc 1 1592 3 is_stmt 1 view .LVU2218
 6503              		.loc 1 1592 10 is_stmt 0 view .LVU2219
 6504 004c 9DF80700 		ldrb	r0, [sp, #7]	@ zero_extendqisi2
 6505              	.L209:
1593:Middlewares/ST/STM32_WPAN/ble/core/auto/ble_gap_aci.c **** }
 6506              		.loc 1 1593 1 view .LVU2220
 6507 0050 48B0     		add	sp, sp, #288
 6508              	.LCFI206:
 6509              		.cfi_remember_state
 6510              		.cfi_def_cfa_offset 16
 6511              		@ sp needed
 6512 0052 70BD     		pop	{r4, r5, r6, pc}
 6513              	.LVL664:
 6514              	.L210:
 6515              	.LCFI207:
 6516              		.cfi_restore_state
1591:Middlewares/ST/STM32_WPAN/ble/core/auto/ble_gap_aci.c ****     return BLE_STATUS_TIMEOUT;
 6517              		.loc 1 1591 12 view .LVU2221
 6518 0054 FF20     		movs	r0, #255
 6519 0056 FBE7     		b	.L209
 6520              		.cfi_endproc
 6521              	.LFE51:
 6523              		.section	.text.aci_gap_ext_start_scan,"ax",%progbits
 6524              		.align	1
 6525              		.global	aci_gap_ext_start_scan
 6526              		.syntax unified
 6527              		.thumb
 6528              		.thumb_func
 6530              	aci_gap_ext_start_scan:
 6531              	.LVL665:
 6532              	.LFB52:
1594:Middlewares/ST/STM32_WPAN/ble/core/auto/ble_gap_aci.c **** 
1595:Middlewares/ST/STM32_WPAN/ble/core/auto/ble_gap_aci.c **** tBleStatus aci_gap_ext_start_scan( uint8_t Scan_Mode,
ARM GAS  C:\Users\843E~1\AppData\Local\Temp\ccgofTZZ.s 			page 143


1596:Middlewares/ST/STM32_WPAN/ble/core/auto/ble_gap_aci.c ****                                    uint8_t Procedure,
1597:Middlewares/ST/STM32_WPAN/ble/core/auto/ble_gap_aci.c ****                                    uint8_t Own_Address_Type,
1598:Middlewares/ST/STM32_WPAN/ble/core/auto/ble_gap_aci.c ****                                    uint8_t Filter_Duplicates,
1599:Middlewares/ST/STM32_WPAN/ble/core/auto/ble_gap_aci.c ****                                    uint16_t Duration,
1600:Middlewares/ST/STM32_WPAN/ble/core/auto/ble_gap_aci.c ****                                    uint16_t Period,
1601:Middlewares/ST/STM32_WPAN/ble/core/auto/ble_gap_aci.c ****                                    uint8_t Scanning_Filter_Policy,
1602:Middlewares/ST/STM32_WPAN/ble/core/auto/ble_gap_aci.c ****                                    uint8_t Scanning_PHYs,
1603:Middlewares/ST/STM32_WPAN/ble/core/auto/ble_gap_aci.c ****                                    const Scan_Param_Phy_t* Scan_Param_Phy )
1604:Middlewares/ST/STM32_WPAN/ble/core/auto/ble_gap_aci.c **** {
 6533              		.loc 1 1604 1 is_stmt 1 view -0
 6534              		.cfi_startproc
 6535              		@ args = 20, pretend = 0, frame = 288
 6536              		@ frame_needed = 0, uses_anonymous_args = 0
 6537              		.loc 1 1604 1 is_stmt 0 view .LVU2223
 6538 0000 70B5     		push	{r4, r5, r6, lr}
 6539              	.LCFI208:
 6540              		.cfi_def_cfa_offset 16
 6541              		.cfi_offset 4, -16
 6542              		.cfi_offset 5, -12
 6543              		.cfi_offset 6, -8
 6544              		.cfi_offset 14, -4
 6545 0002 C8B0     		sub	sp, sp, #288
 6546              	.LCFI209:
 6547              		.cfi_def_cfa_offset 304
1605:Middlewares/ST/STM32_WPAN/ble/core/auto/ble_gap_aci.c ****   struct hci_request rq;
 6548              		.loc 1 1605 3 is_stmt 1 view .LVU2224
1606:Middlewares/ST/STM32_WPAN/ble/core/auto/ble_gap_aci.c ****   uint8_t cmd_buffer[BLE_CMD_MAX_PARAM_LEN];
 6549              		.loc 1 1606 3 view .LVU2225
1607:Middlewares/ST/STM32_WPAN/ble/core/auto/ble_gap_aci.c ****   aci_gap_ext_start_scan_cp0 *cp0 = (aci_gap_ext_start_scan_cp0*)(cmd_buffer);
 6550              		.loc 1 1607 3 view .LVU2226
 6551              	.LVL666:
1608:Middlewares/ST/STM32_WPAN/ble/core/auto/ble_gap_aci.c ****   tBleStatus status = 0;
 6552              		.loc 1 1608 3 view .LVU2227
 6553              		.loc 1 1608 14 is_stmt 0 view .LVU2228
 6554 0004 0DF10706 		add	r6, sp, #7
 6555 0008 0025     		movs	r5, #0
 6556 000a 8DF80750 		strb	r5, [sp, #7]
1609:Middlewares/ST/STM32_WPAN/ble/core/auto/ble_gap_aci.c ****   int index_input = 0;
 6557              		.loc 1 1609 3 is_stmt 1 view .LVU2229
 6558              	.LVL667:
1610:Middlewares/ST/STM32_WPAN/ble/core/auto/ble_gap_aci.c ****   cp0->Scan_Mode = Scan_Mode;
 6559              		.loc 1 1610 3 view .LVU2230
 6560              		.loc 1 1610 18 is_stmt 0 view .LVU2231
 6561 000e 02AC     		add	r4, sp, #8
 6562              	.LVL668:
 6563              		.loc 1 1610 18 view .LVU2232
 6564 0010 8DF80800 		strb	r0, [sp, #8]
1611:Middlewares/ST/STM32_WPAN/ble/core/auto/ble_gap_aci.c ****   index_input += 1;
 6565              		.loc 1 1611 3 is_stmt 1 view .LVU2233
 6566              	.LVL669:
1612:Middlewares/ST/STM32_WPAN/ble/core/auto/ble_gap_aci.c ****   cp0->Procedure = Procedure;
 6567              		.loc 1 1612 3 view .LVU2234
 6568              		.loc 1 1612 18 is_stmt 0 view .LVU2235
 6569 0014 8DF80910 		strb	r1, [sp, #9]
1613:Middlewares/ST/STM32_WPAN/ble/core/auto/ble_gap_aci.c ****   index_input += 1;
 6570              		.loc 1 1613 3 is_stmt 1 view .LVU2236
 6571              	.LVL670:
ARM GAS  C:\Users\843E~1\AppData\Local\Temp\ccgofTZZ.s 			page 144


1614:Middlewares/ST/STM32_WPAN/ble/core/auto/ble_gap_aci.c ****   cp0->Own_Address_Type = Own_Address_Type;
 6572              		.loc 1 1614 3 view .LVU2237
 6573              		.loc 1 1614 25 is_stmt 0 view .LVU2238
 6574 0018 8DF80A20 		strb	r2, [sp, #10]
1615:Middlewares/ST/STM32_WPAN/ble/core/auto/ble_gap_aci.c ****   index_input += 1;
 6575              		.loc 1 1615 3 is_stmt 1 view .LVU2239
 6576              	.LVL671:
1616:Middlewares/ST/STM32_WPAN/ble/core/auto/ble_gap_aci.c ****   cp0->Filter_Duplicates = Filter_Duplicates;
 6577              		.loc 1 1616 3 view .LVU2240
 6578              		.loc 1 1616 26 is_stmt 0 view .LVU2241
 6579 001c 8DF80B30 		strb	r3, [sp, #11]
1617:Middlewares/ST/STM32_WPAN/ble/core/auto/ble_gap_aci.c ****   index_input += 1;
 6580              		.loc 1 1617 3 is_stmt 1 view .LVU2242
 6581              	.LVL672:
1618:Middlewares/ST/STM32_WPAN/ble/core/auto/ble_gap_aci.c ****   cp0->Duration = Duration;
 6582              		.loc 1 1618 3 view .LVU2243
 6583              		.loc 1 1618 17 is_stmt 0 view .LVU2244
 6584 0020 BDF83031 		ldrh	r3, [sp, #304]
 6585              	.LVL673:
 6586              		.loc 1 1618 17 view .LVU2245
 6587 0024 ADF80C30 		strh	r3, [sp, #12]	@ movhi
1619:Middlewares/ST/STM32_WPAN/ble/core/auto/ble_gap_aci.c ****   index_input += 2;
 6588              		.loc 1 1619 3 is_stmt 1 view .LVU2246
 6589              	.LVL674:
1620:Middlewares/ST/STM32_WPAN/ble/core/auto/ble_gap_aci.c ****   cp0->Period = Period;
 6590              		.loc 1 1620 3 view .LVU2247
 6591              		.loc 1 1620 15 is_stmt 0 view .LVU2248
 6592 0028 BDF83431 		ldrh	r3, [sp, #308]
 6593 002c ADF80E30 		strh	r3, [sp, #14]	@ movhi
1621:Middlewares/ST/STM32_WPAN/ble/core/auto/ble_gap_aci.c ****   index_input += 2;
 6594              		.loc 1 1621 3 is_stmt 1 view .LVU2249
 6595              	.LVL675:
1622:Middlewares/ST/STM32_WPAN/ble/core/auto/ble_gap_aci.c ****   cp0->Scanning_Filter_Policy = Scanning_Filter_Policy;
 6596              		.loc 1 1622 3 view .LVU2250
 6597              		.loc 1 1622 31 is_stmt 0 view .LVU2251
 6598 0030 9DF83831 		ldrb	r3, [sp, #312]	@ zero_extendqisi2
 6599 0034 8DF81030 		strb	r3, [sp, #16]
1623:Middlewares/ST/STM32_WPAN/ble/core/auto/ble_gap_aci.c ****   index_input += 1;
 6600              		.loc 1 1623 3 is_stmt 1 view .LVU2252
 6601              	.LVL676:
1624:Middlewares/ST/STM32_WPAN/ble/core/auto/ble_gap_aci.c ****   cp0->Scanning_PHYs = Scanning_PHYs;
 6602              		.loc 1 1624 3 view .LVU2253
 6603              		.loc 1 1624 22 is_stmt 0 view .LVU2254
 6604 0038 9DF83C31 		ldrb	r3, [sp, #316]	@ zero_extendqisi2
 6605 003c 8DF81130 		strb	r3, [sp, #17]
1625:Middlewares/ST/STM32_WPAN/ble/core/auto/ble_gap_aci.c ****   index_input += 1;
 6606              		.loc 1 1625 3 is_stmt 1 view .LVU2255
 6607              	.LVL677:
1626:Middlewares/ST/STM32_WPAN/ble/core/auto/ble_gap_aci.c ****   Osal_MemCpy( (void*)&cp0->Scan_Param_Phy, (const void*)Scan_Param_Phy, 10 );
 6608              		.loc 1 1626 3 view .LVU2256
 6609 0040 0A22     		movs	r2, #10
 6610              	.LVL678:
 6611              		.loc 1 1626 3 is_stmt 0 view .LVU2257
 6612 0042 5099     		ldr	r1, [sp, #320]
 6613              	.LVL679:
 6614              		.loc 1 1626 3 view .LVU2258
 6615 0044 0DF11200 		add	r0, sp, #18
ARM GAS  C:\Users\843E~1\AppData\Local\Temp\ccgofTZZ.s 			page 145


 6616              	.LVL680:
 6617              		.loc 1 1626 3 view .LVU2259
 6618 0048 FFF7FEFF 		bl	Osal_MemCpy
 6619              	.LVL681:
1627:Middlewares/ST/STM32_WPAN/ble/core/auto/ble_gap_aci.c ****   index_input += 10;
 6620              		.loc 1 1627 3 is_stmt 1 view .LVU2260
1628:Middlewares/ST/STM32_WPAN/ble/core/auto/ble_gap_aci.c ****   Osal_MemSet( &rq, 0, sizeof(rq) );
 6621              		.loc 1 1628 3 view .LVU2261
 6622 004c 1822     		movs	r2, #24
 6623 004e 2946     		mov	r1, r5
 6624 0050 42A8     		add	r0, sp, #264
 6625 0052 FFF7FEFF 		bl	Osal_MemSet
 6626              	.LVL682:
1629:Middlewares/ST/STM32_WPAN/ble/core/auto/ble_gap_aci.c ****   rq.ogf = 0x3f;
 6627              		.loc 1 1629 3 view .LVU2262
 6628              		.loc 1 1629 10 is_stmt 0 view .LVU2263
 6629 0056 3F23     		movs	r3, #63
 6630 0058 ADF80831 		strh	r3, [sp, #264]	@ movhi
1630:Middlewares/ST/STM32_WPAN/ble/core/auto/ble_gap_aci.c ****   rq.ocf = 0x0d0;
 6631              		.loc 1 1630 3 is_stmt 1 view .LVU2264
 6632              		.loc 1 1630 10 is_stmt 0 view .LVU2265
 6633 005c D023     		movs	r3, #208
 6634 005e ADF80A31 		strh	r3, [sp, #266]	@ movhi
1631:Middlewares/ST/STM32_WPAN/ble/core/auto/ble_gap_aci.c ****   rq.event = 0x0F;
 6635              		.loc 1 1631 3 is_stmt 1 view .LVU2266
 6636              		.loc 1 1631 12 is_stmt 0 view .LVU2267
 6637 0062 0F23     		movs	r3, #15
 6638 0064 4393     		str	r3, [sp, #268]
1632:Middlewares/ST/STM32_WPAN/ble/core/auto/ble_gap_aci.c ****   rq.cparam = cmd_buffer;
 6639              		.loc 1 1632 3 is_stmt 1 view .LVU2268
 6640              		.loc 1 1632 13 is_stmt 0 view .LVU2269
 6641 0066 4494     		str	r4, [sp, #272]
1633:Middlewares/ST/STM32_WPAN/ble/core/auto/ble_gap_aci.c ****   rq.clen = index_input;
 6642              		.loc 1 1633 3 is_stmt 1 view .LVU2270
 6643              		.loc 1 1633 11 is_stmt 0 view .LVU2271
 6644 0068 1423     		movs	r3, #20
 6645 006a 4593     		str	r3, [sp, #276]
1634:Middlewares/ST/STM32_WPAN/ble/core/auto/ble_gap_aci.c ****   rq.rparam = &status;
 6646              		.loc 1 1634 3 is_stmt 1 view .LVU2272
 6647              		.loc 1 1634 13 is_stmt 0 view .LVU2273
 6648 006c 4696     		str	r6, [sp, #280]
1635:Middlewares/ST/STM32_WPAN/ble/core/auto/ble_gap_aci.c ****   rq.rlen = 1;
 6649              		.loc 1 1635 3 is_stmt 1 view .LVU2274
 6650              		.loc 1 1635 11 is_stmt 0 view .LVU2275
 6651 006e 0123     		movs	r3, #1
 6652 0070 4793     		str	r3, [sp, #284]
1636:Middlewares/ST/STM32_WPAN/ble/core/auto/ble_gap_aci.c ****   if ( hci_send_req(&rq, FALSE) < 0 )
 6653              		.loc 1 1636 3 is_stmt 1 view .LVU2276
 6654              		.loc 1 1636 8 is_stmt 0 view .LVU2277
 6655 0072 2946     		mov	r1, r5
 6656 0074 42A8     		add	r0, sp, #264
 6657 0076 FFF7FEFF 		bl	hci_send_req
 6658              	.LVL683:
 6659              		.loc 1 1636 6 view .LVU2278
 6660 007a A842     		cmp	r0, r5
 6661 007c 03DB     		blt	.L214
1637:Middlewares/ST/STM32_WPAN/ble/core/auto/ble_gap_aci.c ****     return BLE_STATUS_TIMEOUT;
ARM GAS  C:\Users\843E~1\AppData\Local\Temp\ccgofTZZ.s 			page 146


1638:Middlewares/ST/STM32_WPAN/ble/core/auto/ble_gap_aci.c ****   return status;
 6662              		.loc 1 1638 3 is_stmt 1 view .LVU2279
 6663              		.loc 1 1638 10 is_stmt 0 view .LVU2280
 6664 007e 9DF80700 		ldrb	r0, [sp, #7]	@ zero_extendqisi2
 6665              	.L213:
1639:Middlewares/ST/STM32_WPAN/ble/core/auto/ble_gap_aci.c **** }
 6666              		.loc 1 1639 1 view .LVU2281
 6667 0082 48B0     		add	sp, sp, #288
 6668              	.LCFI210:
 6669              		.cfi_remember_state
 6670              		.cfi_def_cfa_offset 16
 6671              		@ sp needed
 6672 0084 70BD     		pop	{r4, r5, r6, pc}
 6673              	.LVL684:
 6674              	.L214:
 6675              	.LCFI211:
 6676              		.cfi_restore_state
1637:Middlewares/ST/STM32_WPAN/ble/core/auto/ble_gap_aci.c ****     return BLE_STATUS_TIMEOUT;
 6677              		.loc 1 1637 12 view .LVU2282
 6678 0086 FF20     		movs	r0, #255
 6679 0088 FBE7     		b	.L213
 6680              		.cfi_endproc
 6681              	.LFE52:
 6683              		.section	.text.aci_gap_ext_create_connection,"ax",%progbits
 6684              		.align	1
 6685              		.global	aci_gap_ext_create_connection
 6686              		.syntax unified
 6687              		.thumb
 6688              		.thumb_func
 6690              	aci_gap_ext_create_connection:
 6691              	.LVL685:
 6692              	.LFB53:
1640:Middlewares/ST/STM32_WPAN/ble/core/auto/ble_gap_aci.c **** 
1641:Middlewares/ST/STM32_WPAN/ble/core/auto/ble_gap_aci.c **** tBleStatus aci_gap_ext_create_connection( uint8_t Initiating_Mode,
1642:Middlewares/ST/STM32_WPAN/ble/core/auto/ble_gap_aci.c ****                                           uint8_t Procedure,
1643:Middlewares/ST/STM32_WPAN/ble/core/auto/ble_gap_aci.c ****                                           uint8_t Own_Address_Type,
1644:Middlewares/ST/STM32_WPAN/ble/core/auto/ble_gap_aci.c ****                                           uint8_t Peer_Address_Type,
1645:Middlewares/ST/STM32_WPAN/ble/core/auto/ble_gap_aci.c ****                                           const uint8_t* Peer_Address,
1646:Middlewares/ST/STM32_WPAN/ble/core/auto/ble_gap_aci.c ****                                           uint8_t Advertising_Handle,
1647:Middlewares/ST/STM32_WPAN/ble/core/auto/ble_gap_aci.c ****                                           uint8_t Subevent,
1648:Middlewares/ST/STM32_WPAN/ble/core/auto/ble_gap_aci.c ****                                           uint8_t Initiator_Filter_Policy,
1649:Middlewares/ST/STM32_WPAN/ble/core/auto/ble_gap_aci.c ****                                           uint8_t Initiating_PHYs,
1650:Middlewares/ST/STM32_WPAN/ble/core/auto/ble_gap_aci.c ****                                           const Init_Param_Phy_t* Init_Param_Phy )
1651:Middlewares/ST/STM32_WPAN/ble/core/auto/ble_gap_aci.c **** {
 6693              		.loc 1 1651 1 is_stmt 1 view -0
 6694              		.cfi_startproc
 6695              		@ args = 24, pretend = 0, frame = 288
 6696              		@ frame_needed = 0, uses_anonymous_args = 0
 6697              		.loc 1 1651 1 is_stmt 0 view .LVU2284
 6698 0000 70B5     		push	{r4, r5, r6, lr}
 6699              	.LCFI212:
 6700              		.cfi_def_cfa_offset 16
 6701              		.cfi_offset 4, -16
 6702              		.cfi_offset 5, -12
 6703              		.cfi_offset 6, -8
 6704              		.cfi_offset 14, -4
 6705 0002 C8B0     		sub	sp, sp, #288
ARM GAS  C:\Users\843E~1\AppData\Local\Temp\ccgofTZZ.s 			page 147


 6706              	.LCFI213:
 6707              		.cfi_def_cfa_offset 304
1652:Middlewares/ST/STM32_WPAN/ble/core/auto/ble_gap_aci.c ****   struct hci_request rq;
 6708              		.loc 1 1652 3 is_stmt 1 view .LVU2285
1653:Middlewares/ST/STM32_WPAN/ble/core/auto/ble_gap_aci.c ****   uint8_t cmd_buffer[BLE_CMD_MAX_PARAM_LEN];
 6709              		.loc 1 1653 3 view .LVU2286
1654:Middlewares/ST/STM32_WPAN/ble/core/auto/ble_gap_aci.c ****   aci_gap_ext_create_connection_cp0 *cp0 = (aci_gap_ext_create_connection_cp0*)(cmd_buffer);
 6710              		.loc 1 1654 3 view .LVU2287
 6711              	.LVL686:
1655:Middlewares/ST/STM32_WPAN/ble/core/auto/ble_gap_aci.c ****   tBleStatus status = 0;
 6712              		.loc 1 1655 3 view .LVU2288
 6713              		.loc 1 1655 14 is_stmt 0 view .LVU2289
 6714 0004 0DF10706 		add	r6, sp, #7
 6715 0008 0025     		movs	r5, #0
 6716 000a 8DF80750 		strb	r5, [sp, #7]
1656:Middlewares/ST/STM32_WPAN/ble/core/auto/ble_gap_aci.c ****   int index_input = 0;
 6717              		.loc 1 1656 3 is_stmt 1 view .LVU2290
 6718              	.LVL687:
1657:Middlewares/ST/STM32_WPAN/ble/core/auto/ble_gap_aci.c ****   cp0->Initiating_Mode = Initiating_Mode;
 6719              		.loc 1 1657 3 view .LVU2291
 6720              		.loc 1 1657 24 is_stmt 0 view .LVU2292
 6721 000e 02AC     		add	r4, sp, #8
 6722              	.LVL688:
 6723              		.loc 1 1657 24 view .LVU2293
 6724 0010 8DF80800 		strb	r0, [sp, #8]
1658:Middlewares/ST/STM32_WPAN/ble/core/auto/ble_gap_aci.c ****   index_input += 1;
 6725              		.loc 1 1658 3 is_stmt 1 view .LVU2294
 6726              	.LVL689:
1659:Middlewares/ST/STM32_WPAN/ble/core/auto/ble_gap_aci.c ****   cp0->Procedure = Procedure;
 6727              		.loc 1 1659 3 view .LVU2295
 6728              		.loc 1 1659 18 is_stmt 0 view .LVU2296
 6729 0014 8DF80910 		strb	r1, [sp, #9]
1660:Middlewares/ST/STM32_WPAN/ble/core/auto/ble_gap_aci.c ****   index_input += 1;
 6730              		.loc 1 1660 3 is_stmt 1 view .LVU2297
 6731              	.LVL690:
1661:Middlewares/ST/STM32_WPAN/ble/core/auto/ble_gap_aci.c ****   cp0->Own_Address_Type = Own_Address_Type;
 6732              		.loc 1 1661 3 view .LVU2298
 6733              		.loc 1 1661 25 is_stmt 0 view .LVU2299
 6734 0018 8DF80A20 		strb	r2, [sp, #10]
1662:Middlewares/ST/STM32_WPAN/ble/core/auto/ble_gap_aci.c ****   index_input += 1;
 6735              		.loc 1 1662 3 is_stmt 1 view .LVU2300
 6736              	.LVL691:
1663:Middlewares/ST/STM32_WPAN/ble/core/auto/ble_gap_aci.c ****   cp0->Peer_Address_Type = Peer_Address_Type;
 6737              		.loc 1 1663 3 view .LVU2301
 6738              		.loc 1 1663 26 is_stmt 0 view .LVU2302
 6739 001c 8DF80B30 		strb	r3, [sp, #11]
1664:Middlewares/ST/STM32_WPAN/ble/core/auto/ble_gap_aci.c ****   index_input += 1;
 6740              		.loc 1 1664 3 is_stmt 1 view .LVU2303
 6741              	.LVL692:
1665:Middlewares/ST/STM32_WPAN/ble/core/auto/ble_gap_aci.c ****   Osal_MemCpy( (void*)&cp0->Peer_Address, (const void*)Peer_Address, 6 );
 6742              		.loc 1 1665 3 view .LVU2304
 6743 0020 0622     		movs	r2, #6
 6744              	.LVL693:
 6745              		.loc 1 1665 3 is_stmt 0 view .LVU2305
 6746 0022 4C99     		ldr	r1, [sp, #304]
 6747              	.LVL694:
 6748              		.loc 1 1665 3 view .LVU2306
ARM GAS  C:\Users\843E~1\AppData\Local\Temp\ccgofTZZ.s 			page 148


 6749 0024 03A8     		add	r0, sp, #12
 6750              	.LVL695:
 6751              		.loc 1 1665 3 view .LVU2307
 6752 0026 FFF7FEFF 		bl	Osal_MemCpy
 6753              	.LVL696:
1666:Middlewares/ST/STM32_WPAN/ble/core/auto/ble_gap_aci.c ****   index_input += 6;
 6754              		.loc 1 1666 3 is_stmt 1 view .LVU2308
1667:Middlewares/ST/STM32_WPAN/ble/core/auto/ble_gap_aci.c ****   cp0->Advertising_Handle = Advertising_Handle;
 6755              		.loc 1 1667 3 view .LVU2309
 6756              		.loc 1 1667 27 is_stmt 0 view .LVU2310
 6757 002a 9DF83431 		ldrb	r3, [sp, #308]	@ zero_extendqisi2
 6758 002e 8DF81230 		strb	r3, [sp, #18]
1668:Middlewares/ST/STM32_WPAN/ble/core/auto/ble_gap_aci.c ****   index_input += 1;
 6759              		.loc 1 1668 3 is_stmt 1 view .LVU2311
 6760              	.LVL697:
1669:Middlewares/ST/STM32_WPAN/ble/core/auto/ble_gap_aci.c ****   cp0->Subevent = Subevent;
 6761              		.loc 1 1669 3 view .LVU2312
 6762              		.loc 1 1669 17 is_stmt 0 view .LVU2313
 6763 0032 9DF83831 		ldrb	r3, [sp, #312]	@ zero_extendqisi2
 6764 0036 8DF81330 		strb	r3, [sp, #19]
1670:Middlewares/ST/STM32_WPAN/ble/core/auto/ble_gap_aci.c ****   index_input += 1;
 6765              		.loc 1 1670 3 is_stmt 1 view .LVU2314
 6766              	.LVL698:
1671:Middlewares/ST/STM32_WPAN/ble/core/auto/ble_gap_aci.c ****   cp0->Initiator_Filter_Policy = Initiator_Filter_Policy;
 6767              		.loc 1 1671 3 view .LVU2315
 6768              		.loc 1 1671 32 is_stmt 0 view .LVU2316
 6769 003a 9DF83C31 		ldrb	r3, [sp, #316]	@ zero_extendqisi2
 6770 003e 8DF81430 		strb	r3, [sp, #20]
1672:Middlewares/ST/STM32_WPAN/ble/core/auto/ble_gap_aci.c ****   index_input += 1;
 6771              		.loc 1 1672 3 is_stmt 1 view .LVU2317
 6772              	.LVL699:
1673:Middlewares/ST/STM32_WPAN/ble/core/auto/ble_gap_aci.c ****   cp0->Initiating_PHYs = Initiating_PHYs;
 6773              		.loc 1 1673 3 view .LVU2318
 6774              		.loc 1 1673 24 is_stmt 0 view .LVU2319
 6775 0042 9DF84031 		ldrb	r3, [sp, #320]	@ zero_extendqisi2
 6776 0046 8DF81530 		strb	r3, [sp, #21]
1674:Middlewares/ST/STM32_WPAN/ble/core/auto/ble_gap_aci.c ****   index_input += 1;
 6777              		.loc 1 1674 3 is_stmt 1 view .LVU2320
 6778              	.LVL700:
1675:Middlewares/ST/STM32_WPAN/ble/core/auto/ble_gap_aci.c ****   Osal_MemCpy( (void*)&cp0->Init_Param_Phy, (const void*)Init_Param_Phy, 48 );
 6779              		.loc 1 1675 3 view .LVU2321
 6780 004a 3022     		movs	r2, #48
 6781 004c 5199     		ldr	r1, [sp, #324]
 6782 004e 0DF11600 		add	r0, sp, #22
 6783 0052 FFF7FEFF 		bl	Osal_MemCpy
 6784              	.LVL701:
1676:Middlewares/ST/STM32_WPAN/ble/core/auto/ble_gap_aci.c ****   index_input += 48;
 6785              		.loc 1 1676 3 view .LVU2322
1677:Middlewares/ST/STM32_WPAN/ble/core/auto/ble_gap_aci.c ****   Osal_MemSet( &rq, 0, sizeof(rq) );
 6786              		.loc 1 1677 3 view .LVU2323
 6787 0056 1822     		movs	r2, #24
 6788 0058 2946     		mov	r1, r5
 6789 005a 42A8     		add	r0, sp, #264
 6790 005c FFF7FEFF 		bl	Osal_MemSet
 6791              	.LVL702:
1678:Middlewares/ST/STM32_WPAN/ble/core/auto/ble_gap_aci.c ****   rq.ogf = 0x3f;
 6792              		.loc 1 1678 3 view .LVU2324
ARM GAS  C:\Users\843E~1\AppData\Local\Temp\ccgofTZZ.s 			page 149


 6793              		.loc 1 1678 10 is_stmt 0 view .LVU2325
 6794 0060 3F23     		movs	r3, #63
 6795 0062 ADF80831 		strh	r3, [sp, #264]	@ movhi
1679:Middlewares/ST/STM32_WPAN/ble/core/auto/ble_gap_aci.c ****   rq.ocf = 0x0d1;
 6796              		.loc 1 1679 3 is_stmt 1 view .LVU2326
 6797              		.loc 1 1679 10 is_stmt 0 view .LVU2327
 6798 0066 D123     		movs	r3, #209
 6799 0068 ADF80A31 		strh	r3, [sp, #266]	@ movhi
1680:Middlewares/ST/STM32_WPAN/ble/core/auto/ble_gap_aci.c ****   rq.event = 0x0F;
 6800              		.loc 1 1680 3 is_stmt 1 view .LVU2328
 6801              		.loc 1 1680 12 is_stmt 0 view .LVU2329
 6802 006c 0F23     		movs	r3, #15
 6803 006e 4393     		str	r3, [sp, #268]
1681:Middlewares/ST/STM32_WPAN/ble/core/auto/ble_gap_aci.c ****   rq.cparam = cmd_buffer;
 6804              		.loc 1 1681 3 is_stmt 1 view .LVU2330
 6805              		.loc 1 1681 13 is_stmt 0 view .LVU2331
 6806 0070 4494     		str	r4, [sp, #272]
1682:Middlewares/ST/STM32_WPAN/ble/core/auto/ble_gap_aci.c ****   rq.clen = index_input;
 6807              		.loc 1 1682 3 is_stmt 1 view .LVU2332
 6808              		.loc 1 1682 11 is_stmt 0 view .LVU2333
 6809 0072 3E23     		movs	r3, #62
 6810 0074 4593     		str	r3, [sp, #276]
1683:Middlewares/ST/STM32_WPAN/ble/core/auto/ble_gap_aci.c ****   rq.rparam = &status;
 6811              		.loc 1 1683 3 is_stmt 1 view .LVU2334
 6812              		.loc 1 1683 13 is_stmt 0 view .LVU2335
 6813 0076 4696     		str	r6, [sp, #280]
1684:Middlewares/ST/STM32_WPAN/ble/core/auto/ble_gap_aci.c ****   rq.rlen = 1;
 6814              		.loc 1 1684 3 is_stmt 1 view .LVU2336
 6815              		.loc 1 1684 11 is_stmt 0 view .LVU2337
 6816 0078 0123     		movs	r3, #1
 6817 007a 4793     		str	r3, [sp, #284]
1685:Middlewares/ST/STM32_WPAN/ble/core/auto/ble_gap_aci.c ****   if ( hci_send_req(&rq, FALSE) < 0 )
 6818              		.loc 1 1685 3 is_stmt 1 view .LVU2338
 6819              		.loc 1 1685 8 is_stmt 0 view .LVU2339
 6820 007c 2946     		mov	r1, r5
 6821 007e 42A8     		add	r0, sp, #264
 6822 0080 FFF7FEFF 		bl	hci_send_req
 6823              	.LVL703:
 6824              		.loc 1 1685 6 view .LVU2340
 6825 0084 A842     		cmp	r0, r5
 6826 0086 03DB     		blt	.L218
1686:Middlewares/ST/STM32_WPAN/ble/core/auto/ble_gap_aci.c ****     return BLE_STATUS_TIMEOUT;
1687:Middlewares/ST/STM32_WPAN/ble/core/auto/ble_gap_aci.c ****   return status;
 6827              		.loc 1 1687 3 is_stmt 1 view .LVU2341
 6828              		.loc 1 1687 10 is_stmt 0 view .LVU2342
 6829 0088 9DF80700 		ldrb	r0, [sp, #7]	@ zero_extendqisi2
 6830              	.L217:
1688:Middlewares/ST/STM32_WPAN/ble/core/auto/ble_gap_aci.c **** }
 6831              		.loc 1 1688 1 view .LVU2343
 6832 008c 48B0     		add	sp, sp, #288
 6833              	.LCFI214:
 6834              		.cfi_remember_state
 6835              		.cfi_def_cfa_offset 16
 6836              		@ sp needed
 6837 008e 70BD     		pop	{r4, r5, r6, pc}
 6838              	.LVL704:
 6839              	.L218:
ARM GAS  C:\Users\843E~1\AppData\Local\Temp\ccgofTZZ.s 			page 150


 6840              	.LCFI215:
 6841              		.cfi_restore_state
1686:Middlewares/ST/STM32_WPAN/ble/core/auto/ble_gap_aci.c ****     return BLE_STATUS_TIMEOUT;
 6842              		.loc 1 1686 12 view .LVU2344
 6843 0090 FF20     		movs	r0, #255
 6844 0092 FBE7     		b	.L217
 6845              		.cfi_endproc
 6846              	.LFE53:
 6848              		.text
 6849              	.Letext0:
 6850              		.file 2 "g:\\arm\\10 2021.10\\arm-none-eabi\\include\\machine\\_default_types.h"
 6851              		.file 3 "g:\\arm\\10 2021.10\\arm-none-eabi\\include\\sys\\_stdint.h"
 6852              		.file 4 "Middlewares/ST/STM32_WPAN/ble/core/template/ble_const.h"
 6853              		.file 5 "Middlewares/ST/STM32_WPAN/ble/core/auto/ble_types.h"
 6854              		.file 6 "Middlewares/ST/STM32_WPAN/ble/core/template/osal.h"
ARM GAS  C:\Users\843E~1\AppData\Local\Temp\ccgofTZZ.s 			page 151


DEFINED SYMBOLS
                            *ABS*:00000000 ble_gap_aci.c
C:\Users\843E~1\AppData\Local\Temp\ccgofTZZ.s:20     .text.aci_gap_set_non_discoverable:00000000 $t
C:\Users\843E~1\AppData\Local\Temp\ccgofTZZ.s:26     .text.aci_gap_set_non_discoverable:00000000 aci_gap_set_non_discoverable
C:\Users\843E~1\AppData\Local\Temp\ccgofTZZ.s:98     .text.aci_gap_set_limited_discoverable:00000000 $t
C:\Users\843E~1\AppData\Local\Temp\ccgofTZZ.s:104    .text.aci_gap_set_limited_discoverable:00000000 aci_gap_set_limited_discoverable
C:\Users\843E~1\AppData\Local\Temp\ccgofTZZ.s:300    .text.aci_gap_set_discoverable:00000000 $t
C:\Users\843E~1\AppData\Local\Temp\ccgofTZZ.s:306    .text.aci_gap_set_discoverable:00000000 aci_gap_set_discoverable
C:\Users\843E~1\AppData\Local\Temp\ccgofTZZ.s:498    .text.aci_gap_set_direct_connectable:00000000 $t
C:\Users\843E~1\AppData\Local\Temp\ccgofTZZ.s:504    .text.aci_gap_set_direct_connectable:00000000 aci_gap_set_direct_connectable
C:\Users\843E~1\AppData\Local\Temp\ccgofTZZ.s:635    .text.aci_gap_set_io_capability:00000000 $t
C:\Users\843E~1\AppData\Local\Temp\ccgofTZZ.s:641    .text.aci_gap_set_io_capability:00000000 aci_gap_set_io_capability
C:\Users\843E~1\AppData\Local\Temp\ccgofTZZ.s:738    .text.aci_gap_set_authentication_requirement:00000000 $t
C:\Users\843E~1\AppData\Local\Temp\ccgofTZZ.s:744    .text.aci_gap_set_authentication_requirement:00000000 aci_gap_set_authentication_requirement
C:\Users\843E~1\AppData\Local\Temp\ccgofTZZ.s:893    .text.aci_gap_set_authorization_requirement:00000000 $t
C:\Users\843E~1\AppData\Local\Temp\ccgofTZZ.s:899    .text.aci_gap_set_authorization_requirement:00000000 aci_gap_set_authorization_requirement
C:\Users\843E~1\AppData\Local\Temp\ccgofTZZ.s:1004   .text.aci_gap_pass_key_resp:00000000 $t
C:\Users\843E~1\AppData\Local\Temp\ccgofTZZ.s:1010   .text.aci_gap_pass_key_resp:00000000 aci_gap_pass_key_resp
C:\Users\843E~1\AppData\Local\Temp\ccgofTZZ.s:1115   .text.aci_gap_authorization_resp:00000000 $t
C:\Users\843E~1\AppData\Local\Temp\ccgofTZZ.s:1121   .text.aci_gap_authorization_resp:00000000 aci_gap_authorization_resp
C:\Users\843E~1\AppData\Local\Temp\ccgofTZZ.s:1226   .text.aci_gap_init:00000000 $t
C:\Users\843E~1\AppData\Local\Temp\ccgofTZZ.s:1232   .text.aci_gap_init:00000000 aci_gap_init
C:\Users\843E~1\AppData\Local\Temp\ccgofTZZ.s:1371   .text.aci_gap_set_non_connectable:00000000 $t
C:\Users\843E~1\AppData\Local\Temp\ccgofTZZ.s:1377   .text.aci_gap_set_non_connectable:00000000 aci_gap_set_non_connectable
C:\Users\843E~1\AppData\Local\Temp\ccgofTZZ.s:1482   .text.aci_gap_set_undirected_connectable:00000000 $t
C:\Users\843E~1\AppData\Local\Temp\ccgofTZZ.s:1488   .text.aci_gap_set_undirected_connectable:00000000 aci_gap_set_undirected_connectable
C:\Users\843E~1\AppData\Local\Temp\ccgofTZZ.s:1605   .text.aci_gap_peripheral_security_req:00000000 $t
C:\Users\843E~1\AppData\Local\Temp\ccgofTZZ.s:1611   .text.aci_gap_peripheral_security_req:00000000 aci_gap_peripheral_security_req
C:\Users\843E~1\AppData\Local\Temp\ccgofTZZ.s:1713   .text.aci_gap_update_adv_data:00000000 $t
C:\Users\843E~1\AppData\Local\Temp\ccgofTZZ.s:1719   .text.aci_gap_update_adv_data:00000000 aci_gap_update_adv_data
C:\Users\843E~1\AppData\Local\Temp\ccgofTZZ.s:1827   .text.aci_gap_delete_ad_type:00000000 $t
C:\Users\843E~1\AppData\Local\Temp\ccgofTZZ.s:1833   .text.aci_gap_delete_ad_type:00000000 aci_gap_delete_ad_type
C:\Users\843E~1\AppData\Local\Temp\ccgofTZZ.s:1930   .text.aci_gap_get_security_level:00000000 $t
C:\Users\843E~1\AppData\Local\Temp\ccgofTZZ.s:1936   .text.aci_gap_get_security_level:00000000 aci_gap_get_security_level
C:\Users\843E~1\AppData\Local\Temp\ccgofTZZ.s:2058   .text.aci_gap_set_event_mask:00000000 $t
C:\Users\843E~1\AppData\Local\Temp\ccgofTZZ.s:2064   .text.aci_gap_set_event_mask:00000000 aci_gap_set_event_mask
C:\Users\843E~1\AppData\Local\Temp\ccgofTZZ.s:2162   .text.aci_gap_configure_filter_accept_list:00000000 $t
C:\Users\843E~1\AppData\Local\Temp\ccgofTZZ.s:2168   .text.aci_gap_configure_filter_accept_list:00000000 aci_gap_configure_filter_accept_list
C:\Users\843E~1\AppData\Local\Temp\ccgofTZZ.s:2239   .text.aci_gap_terminate:00000000 $t
C:\Users\843E~1\AppData\Local\Temp\ccgofTZZ.s:2245   .text.aci_gap_terminate:00000000 aci_gap_terminate
C:\Users\843E~1\AppData\Local\Temp\ccgofTZZ.s:2354   .text.aci_gap_clear_security_db:00000000 $t
C:\Users\843E~1\AppData\Local\Temp\ccgofTZZ.s:2360   .text.aci_gap_clear_security_db:00000000 aci_gap_clear_security_db
C:\Users\843E~1\AppData\Local\Temp\ccgofTZZ.s:2431   .text.aci_gap_allow_rebond:00000000 $t
C:\Users\843E~1\AppData\Local\Temp\ccgofTZZ.s:2437   .text.aci_gap_allow_rebond:00000000 aci_gap_allow_rebond
C:\Users\843E~1\AppData\Local\Temp\ccgofTZZ.s:2535   .text.aci_gap_start_limited_discovery_proc:00000000 $t
C:\Users\843E~1\AppData\Local\Temp\ccgofTZZ.s:2541   .text.aci_gap_start_limited_discovery_proc:00000000 aci_gap_start_limited_discovery_proc
C:\Users\843E~1\AppData\Local\Temp\ccgofTZZ.s:2662   .text.aci_gap_start_general_discovery_proc:00000000 $t
C:\Users\843E~1\AppData\Local\Temp\ccgofTZZ.s:2668   .text.aci_gap_start_general_discovery_proc:00000000 aci_gap_start_general_discovery_proc
C:\Users\843E~1\AppData\Local\Temp\ccgofTZZ.s:2789   .text.aci_gap_start_auto_connection_establish_proc:00000000 $t
C:\Users\843E~1\AppData\Local\Temp\ccgofTZZ.s:2795   .text.aci_gap_start_auto_connection_establish_proc:00000000 aci_gap_start_auto_connection_establish_proc
C:\Users\843E~1\AppData\Local\Temp\ccgofTZZ.s:2965   .text.aci_gap_start_general_connection_establish_proc:00000000 $t
C:\Users\843E~1\AppData\Local\Temp\ccgofTZZ.s:2971   .text.aci_gap_start_general_connection_establish_proc:00000000 aci_gap_start_general_connection_establish_proc
C:\Users\843E~1\AppData\Local\Temp\ccgofTZZ.s:3106   .text.aci_gap_start_selective_connection_establish_proc:00000000 $t
C:\Users\843E~1\AppData\Local\Temp\ccgofTZZ.s:3112   .text.aci_gap_start_selective_connection_establish_proc:00000000 aci_gap_start_selective_connection_establish_proc
C:\Users\843E~1\AppData\Local\Temp\ccgofTZZ.s:3264   .text.aci_gap_create_connection:00000000 $t
C:\Users\843E~1\AppData\Local\Temp\ccgofTZZ.s:3270   .text.aci_gap_create_connection:00000000 aci_gap_create_connection
C:\Users\843E~1\AppData\Local\Temp\ccgofTZZ.s:3435   .text.aci_gap_terminate_gap_proc:00000000 $t
ARM GAS  C:\Users\843E~1\AppData\Local\Temp\ccgofTZZ.s 			page 152


C:\Users\843E~1\AppData\Local\Temp\ccgofTZZ.s:3441   .text.aci_gap_terminate_gap_proc:00000000 aci_gap_terminate_gap_proc
C:\Users\843E~1\AppData\Local\Temp\ccgofTZZ.s:3538   .text.aci_gap_start_connection_update:00000000 $t
C:\Users\843E~1\AppData\Local\Temp\ccgofTZZ.s:3544   .text.aci_gap_start_connection_update:00000000 aci_gap_start_connection_update
C:\Users\843E~1\AppData\Local\Temp\ccgofTZZ.s:3685   .text.aci_gap_send_pairing_req:00000000 $t
C:\Users\843E~1\AppData\Local\Temp\ccgofTZZ.s:3691   .text.aci_gap_send_pairing_req:00000000 aci_gap_send_pairing_req
C:\Users\843E~1\AppData\Local\Temp\ccgofTZZ.s:3800   .text.aci_gap_resolve_private_addr:00000000 $t
C:\Users\843E~1\AppData\Local\Temp\ccgofTZZ.s:3806   .text.aci_gap_resolve_private_addr:00000000 aci_gap_resolve_private_addr
C:\Users\843E~1\AppData\Local\Temp\ccgofTZZ.s:3928   .text.aci_gap_set_broadcast_mode:00000000 $t
C:\Users\843E~1\AppData\Local\Temp\ccgofTZZ.s:3934   .text.aci_gap_set_broadcast_mode:00000000 aci_gap_set_broadcast_mode
C:\Users\843E~1\AppData\Local\Temp\ccgofTZZ.s:4092   .text.aci_gap_start_observation_proc:00000000 $t
C:\Users\843E~1\AppData\Local\Temp\ccgofTZZ.s:4098   .text.aci_gap_start_observation_proc:00000000 aci_gap_start_observation_proc
C:\Users\843E~1\AppData\Local\Temp\ccgofTZZ.s:4233   .text.aci_gap_get_bonded_devices:00000000 $t
C:\Users\843E~1\AppData\Local\Temp\ccgofTZZ.s:4239   .text.aci_gap_get_bonded_devices:00000000 aci_gap_get_bonded_devices
C:\Users\843E~1\AppData\Local\Temp\ccgofTZZ.s:4341   .text.aci_gap_is_device_bonded:00000000 $t
C:\Users\843E~1\AppData\Local\Temp\ccgofTZZ.s:4347   .text.aci_gap_is_device_bonded:00000000 aci_gap_is_device_bonded
C:\Users\843E~1\AppData\Local\Temp\ccgofTZZ.s:4451   .text.aci_gap_numeric_comparison_value_confirm_yesno:00000000 $t
C:\Users\843E~1\AppData\Local\Temp\ccgofTZZ.s:4457   .text.aci_gap_numeric_comparison_value_confirm_yesno:00000000 aci_gap_numeric_comparison_value_confirm_yesno
C:\Users\843E~1\AppData\Local\Temp\ccgofTZZ.s:4562   .text.aci_gap_passkey_input:00000000 $t
C:\Users\843E~1\AppData\Local\Temp\ccgofTZZ.s:4568   .text.aci_gap_passkey_input:00000000 aci_gap_passkey_input
C:\Users\843E~1\AppData\Local\Temp\ccgofTZZ.s:4673   .text.aci_gap_get_oob_data:00000000 $t
C:\Users\843E~1\AppData\Local\Temp\ccgofTZZ.s:4679   .text.aci_gap_get_oob_data:00000000 aci_gap_get_oob_data
C:\Users\843E~1\AppData\Local\Temp\ccgofTZZ.s:4819   .text.aci_gap_set_oob_data:00000000 $t
C:\Users\843E~1\AppData\Local\Temp\ccgofTZZ.s:4825   .text.aci_gap_set_oob_data:00000000 aci_gap_set_oob_data
C:\Users\843E~1\AppData\Local\Temp\ccgofTZZ.s:4960   .text.aci_gap_add_devices_to_resolving_list:00000000 $t
C:\Users\843E~1\AppData\Local\Temp\ccgofTZZ.s:4966   .text.aci_gap_add_devices_to_resolving_list:00000000 aci_gap_add_devices_to_resolving_list
C:\Users\843E~1\AppData\Local\Temp\ccgofTZZ.s:5087   .text.aci_gap_remove_bonded_device:00000000 $t
C:\Users\843E~1\AppData\Local\Temp\ccgofTZZ.s:5093   .text.aci_gap_remove_bonded_device:00000000 aci_gap_remove_bonded_device
C:\Users\843E~1\AppData\Local\Temp\ccgofTZZ.s:5197   .text.aci_gap_add_devices_to_list:00000000 $t
C:\Users\843E~1\AppData\Local\Temp\ccgofTZZ.s:5203   .text.aci_gap_add_devices_to_list:00000000 aci_gap_add_devices_to_list
C:\Users\843E~1\AppData\Local\Temp\ccgofTZZ.s:5324   .text.aci_gap_additional_beacon_start:00000000 $t
C:\Users\843E~1\AppData\Local\Temp\ccgofTZZ.s:5330   .text.aci_gap_additional_beacon_start:00000000 aci_gap_additional_beacon_start
C:\Users\843E~1\AppData\Local\Temp\ccgofTZZ.s:5460   .text.aci_gap_additional_beacon_stop:00000000 $t
C:\Users\843E~1\AppData\Local\Temp\ccgofTZZ.s:5466   .text.aci_gap_additional_beacon_stop:00000000 aci_gap_additional_beacon_stop
C:\Users\843E~1\AppData\Local\Temp\ccgofTZZ.s:5537   .text.aci_gap_additional_beacon_set_data:00000000 $t
C:\Users\843E~1\AppData\Local\Temp\ccgofTZZ.s:5543   .text.aci_gap_additional_beacon_set_data:00000000 aci_gap_additional_beacon_set_data
C:\Users\843E~1\AppData\Local\Temp\ccgofTZZ.s:5651   .text.aci_gap_adv_set_configuration:00000000 $t
C:\Users\843E~1\AppData\Local\Temp\ccgofTZZ.s:5657   .text.aci_gap_adv_set_configuration:00000000 aci_gap_adv_set_configuration
C:\Users\843E~1\AppData\Local\Temp\ccgofTZZ.s:5843   .text.aci_gap_adv_set_enable:00000000 $t
C:\Users\843E~1\AppData\Local\Temp\ccgofTZZ.s:5849   .text.aci_gap_adv_set_enable:00000000 aci_gap_adv_set_enable
C:\Users\843E~1\AppData\Local\Temp\ccgofTZZ.s:5966   .text.aci_gap_adv_set_adv_data:00000000 $t
C:\Users\843E~1\AppData\Local\Temp\ccgofTZZ.s:5972   .text.aci_gap_adv_set_adv_data:00000000 aci_gap_adv_set_adv_data
C:\Users\843E~1\AppData\Local\Temp\ccgofTZZ.s:6100   .text.aci_gap_adv_set_scan_resp_data:00000000 $t
C:\Users\843E~1\AppData\Local\Temp\ccgofTZZ.s:6106   .text.aci_gap_adv_set_scan_resp_data:00000000 aci_gap_adv_set_scan_resp_data
C:\Users\843E~1\AppData\Local\Temp\ccgofTZZ.s:6234   .text.aci_gap_adv_remove_set:00000000 $t
C:\Users\843E~1\AppData\Local\Temp\ccgofTZZ.s:6240   .text.aci_gap_adv_remove_set:00000000 aci_gap_adv_remove_set
C:\Users\843E~1\AppData\Local\Temp\ccgofTZZ.s:6337   .text.aci_gap_adv_clear_sets:00000000 $t
C:\Users\843E~1\AppData\Local\Temp\ccgofTZZ.s:6343   .text.aci_gap_adv_clear_sets:00000000 aci_gap_adv_clear_sets
C:\Users\843E~1\AppData\Local\Temp\ccgofTZZ.s:6414   .text.aci_gap_adv_set_random_address:00000000 $t
C:\Users\843E~1\AppData\Local\Temp\ccgofTZZ.s:6420   .text.aci_gap_adv_set_random_address:00000000 aci_gap_adv_set_random_address
C:\Users\843E~1\AppData\Local\Temp\ccgofTZZ.s:6524   .text.aci_gap_ext_start_scan:00000000 $t
C:\Users\843E~1\AppData\Local\Temp\ccgofTZZ.s:6530   .text.aci_gap_ext_start_scan:00000000 aci_gap_ext_start_scan
C:\Users\843E~1\AppData\Local\Temp\ccgofTZZ.s:6684   .text.aci_gap_ext_create_connection:00000000 $t
C:\Users\843E~1\AppData\Local\Temp\ccgofTZZ.s:6690   .text.aci_gap_ext_create_connection:00000000 aci_gap_ext_create_connection

UNDEFINED SYMBOLS
Osal_MemSet
hci_send_req
ARM GAS  C:\Users\843E~1\AppData\Local\Temp\ccgofTZZ.s 			page 153


Osal_MemCpy
