ARM GAS  C:\Users\843E~1\AppData\Local\Temp\ccJpJOBl.s 			page 1


   1              		.cpu cortex-m4
   2              		.arch armv7e-m
   3              		.fpu fpv4-sp-d16
   4              		.eabi_attribute 27, 1
   5              		.eabi_attribute 28, 1
   6              		.eabi_attribute 20, 1
   7              		.eabi_attribute 21, 1
   8              		.eabi_attribute 23, 3
   9              		.eabi_attribute 24, 1
  10              		.eabi_attribute 25, 1
  11              		.eabi_attribute 26, 1
  12              		.eabi_attribute 30, 1
  13              		.eabi_attribute 34, 1
  14              		.eabi_attribute 18, 4
  15              		.file	"hw_ipcc.c"
  16              		.text
  17              	.Ltext0:
  18              		.cfi_sections	.debug_frame
  19              		.section	.text.HW_IPCC_MM_FreeBufHandler,"ax",%progbits
  20              		.align	1
  21              		.syntax unified
  22              		.thumb
  23              		.thumb_func
  25              	HW_IPCC_MM_FreeBufHandler:
  26              	.LFB1279:
  27              		.file 1 "STM32_WPAN/Target/hw_ipcc.c"
   1:STM32_WPAN/Target/hw_ipcc.c **** /* USER CODE BEGIN Header */
   2:STM32_WPAN/Target/hw_ipcc.c **** /**
   3:STM32_WPAN/Target/hw_ipcc.c ****   ******************************************************************************
   4:STM32_WPAN/Target/hw_ipcc.c ****   * @file    Target/hw_ipcc.c
   5:STM32_WPAN/Target/hw_ipcc.c ****   * @author  MCD Application Team
   6:STM32_WPAN/Target/hw_ipcc.c ****   * @brief   Hardware IPCC source file for STM32WPAN Middleware.
   7:STM32_WPAN/Target/hw_ipcc.c ****   ******************************************************************************
   8:STM32_WPAN/Target/hw_ipcc.c ****   * @attention
   9:STM32_WPAN/Target/hw_ipcc.c ****   *
  10:STM32_WPAN/Target/hw_ipcc.c ****   * Copyright (c) 2024 STMicroelectronics.
  11:STM32_WPAN/Target/hw_ipcc.c ****   * All rights reserved.
  12:STM32_WPAN/Target/hw_ipcc.c ****   *
  13:STM32_WPAN/Target/hw_ipcc.c ****   * This software is licensed under terms that can be found in the LICENSE file
  14:STM32_WPAN/Target/hw_ipcc.c ****   * in the root directory of this software component.
  15:STM32_WPAN/Target/hw_ipcc.c ****   * If no LICENSE file comes with this software, it is provided AS-IS.
  16:STM32_WPAN/Target/hw_ipcc.c ****   *
  17:STM32_WPAN/Target/hw_ipcc.c ****   ******************************************************************************
  18:STM32_WPAN/Target/hw_ipcc.c ****   */
  19:STM32_WPAN/Target/hw_ipcc.c **** /* USER CODE END Header */
  20:STM32_WPAN/Target/hw_ipcc.c **** 
  21:STM32_WPAN/Target/hw_ipcc.c **** /* Includes ------------------------------------------------------------------*/
  22:STM32_WPAN/Target/hw_ipcc.c **** #include "app_common.h"
  23:STM32_WPAN/Target/hw_ipcc.c **** #include "mbox_def.h"
  24:STM32_WPAN/Target/hw_ipcc.c **** 
  25:STM32_WPAN/Target/hw_ipcc.c **** /* Global variables ---------------------------------------------------------*/
  26:STM32_WPAN/Target/hw_ipcc.c **** /* Private defines -----------------------------------------------------------*/
  27:STM32_WPAN/Target/hw_ipcc.c **** #define HW_IPCC_TX_PENDING( channel ) ( !(LL_C1_IPCC_IsActiveFlag_CHx( IPCC, channel )) ) &&  (((~(
  28:STM32_WPAN/Target/hw_ipcc.c **** #define HW_IPCC_RX_PENDING( channel )  (LL_C2_IPCC_IsActiveFlag_CHx( IPCC, channel )) && (((~(IPCC-
  29:STM32_WPAN/Target/hw_ipcc.c **** 
  30:STM32_WPAN/Target/hw_ipcc.c **** /* Private macros ------------------------------------------------------------*/
  31:STM32_WPAN/Target/hw_ipcc.c **** /* Private typedef -----------------------------------------------------------*/
ARM GAS  C:\Users\843E~1\AppData\Local\Temp\ccJpJOBl.s 			page 2


  32:STM32_WPAN/Target/hw_ipcc.c **** /* Private variables ---------------------------------------------------------*/
  33:STM32_WPAN/Target/hw_ipcc.c **** static void (*FreeBufCb)( void );
  34:STM32_WPAN/Target/hw_ipcc.c **** 
  35:STM32_WPAN/Target/hw_ipcc.c **** /* Private function prototypes -----------------------------------------------*/
  36:STM32_WPAN/Target/hw_ipcc.c **** static void HW_IPCC_BLE_EvtHandler( void );
  37:STM32_WPAN/Target/hw_ipcc.c **** static void HW_IPCC_BLE_AclDataEvtHandler( void );
  38:STM32_WPAN/Target/hw_ipcc.c **** static void HW_IPCC_MM_FreeBufHandler( void );
  39:STM32_WPAN/Target/hw_ipcc.c **** static void HW_IPCC_SYS_CmdEvtHandler( void );
  40:STM32_WPAN/Target/hw_ipcc.c **** static void HW_IPCC_SYS_EvtHandler( void );
  41:STM32_WPAN/Target/hw_ipcc.c **** static void HW_IPCC_TRACES_EvtHandler( void );
  42:STM32_WPAN/Target/hw_ipcc.c **** 
  43:STM32_WPAN/Target/hw_ipcc.c **** #ifdef THREAD_WB
  44:STM32_WPAN/Target/hw_ipcc.c **** static void HW_IPCC_OT_CmdEvtHandler( void );
  45:STM32_WPAN/Target/hw_ipcc.c **** static void HW_IPCC_THREAD_NotEvtHandler( void );
  46:STM32_WPAN/Target/hw_ipcc.c **** static void HW_IPCC_THREAD_CliNotEvtHandler( void );
  47:STM32_WPAN/Target/hw_ipcc.c **** #endif
  48:STM32_WPAN/Target/hw_ipcc.c **** 
  49:STM32_WPAN/Target/hw_ipcc.c **** #ifdef LLD_TESTS_WB
  50:STM32_WPAN/Target/hw_ipcc.c **** static void HW_IPCC_LLDTESTS_ReceiveCliRspHandler( void );
  51:STM32_WPAN/Target/hw_ipcc.c **** static void HW_IPCC_LLDTESTS_ReceiveM0CmdHandler( void );
  52:STM32_WPAN/Target/hw_ipcc.c **** #endif
  53:STM32_WPAN/Target/hw_ipcc.c **** #ifdef LLD_BLE_WB
  54:STM32_WPAN/Target/hw_ipcc.c **** /*static void HW_IPCC_LLD_BLE_ReceiveCliRspHandler( void );*/
  55:STM32_WPAN/Target/hw_ipcc.c **** static void HW_IPCC_LLD_BLE_ReceiveRspHandler( void );
  56:STM32_WPAN/Target/hw_ipcc.c **** static void HW_IPCC_LLD_BLE_ReceiveM0CmdHandler( void );
  57:STM32_WPAN/Target/hw_ipcc.c **** #endif
  58:STM32_WPAN/Target/hw_ipcc.c **** 
  59:STM32_WPAN/Target/hw_ipcc.c **** #ifdef MAC_802_15_4_WB
  60:STM32_WPAN/Target/hw_ipcc.c **** static void HW_IPCC_MAC_802_15_4_CmdEvtHandler( void );
  61:STM32_WPAN/Target/hw_ipcc.c **** static void HW_IPCC_MAC_802_15_4_NotEvtHandler( void );
  62:STM32_WPAN/Target/hw_ipcc.c **** #endif
  63:STM32_WPAN/Target/hw_ipcc.c **** 
  64:STM32_WPAN/Target/hw_ipcc.c **** #ifdef ZIGBEE_WB
  65:STM32_WPAN/Target/hw_ipcc.c **** static void HW_IPCC_ZIGBEE_CmdEvtHandler( void );
  66:STM32_WPAN/Target/hw_ipcc.c **** static void HW_IPCC_ZIGBEE_StackNotifEvtHandler( void );
  67:STM32_WPAN/Target/hw_ipcc.c **** static void HW_IPCC_ZIGBEE_StackM0RequestHandler( void );
  68:STM32_WPAN/Target/hw_ipcc.c **** #endif
  69:STM32_WPAN/Target/hw_ipcc.c **** 
  70:STM32_WPAN/Target/hw_ipcc.c **** /* Public function definition -----------------------------------------------*/
  71:STM32_WPAN/Target/hw_ipcc.c **** 
  72:STM32_WPAN/Target/hw_ipcc.c **** /******************************************************************************
  73:STM32_WPAN/Target/hw_ipcc.c ****  * INTERRUPT HANDLER
  74:STM32_WPAN/Target/hw_ipcc.c ****  ******************************************************************************/
  75:STM32_WPAN/Target/hw_ipcc.c **** void HW_IPCC_Rx_Handler( void )
  76:STM32_WPAN/Target/hw_ipcc.c **** {
  77:STM32_WPAN/Target/hw_ipcc.c ****   if (HW_IPCC_RX_PENDING( HW_IPCC_SYSTEM_EVENT_CHANNEL ))
  78:STM32_WPAN/Target/hw_ipcc.c ****   {
  79:STM32_WPAN/Target/hw_ipcc.c ****       HW_IPCC_SYS_EvtHandler();
  80:STM32_WPAN/Target/hw_ipcc.c ****   }
  81:STM32_WPAN/Target/hw_ipcc.c **** #ifdef MAC_802_15_4_WB
  82:STM32_WPAN/Target/hw_ipcc.c ****   else if (HW_IPCC_RX_PENDING( HW_IPCC_MAC_802_15_4_NOTIFICATION_ACK_CHANNEL ))
  83:STM32_WPAN/Target/hw_ipcc.c ****   {
  84:STM32_WPAN/Target/hw_ipcc.c ****     HW_IPCC_MAC_802_15_4_NotEvtHandler();
  85:STM32_WPAN/Target/hw_ipcc.c ****   }
  86:STM32_WPAN/Target/hw_ipcc.c **** #endif /* MAC_802_15_4_WB */
  87:STM32_WPAN/Target/hw_ipcc.c **** #ifdef THREAD_WB
  88:STM32_WPAN/Target/hw_ipcc.c ****   else if (HW_IPCC_RX_PENDING( HW_IPCC_THREAD_NOTIFICATION_ACK_CHANNEL ))
ARM GAS  C:\Users\843E~1\AppData\Local\Temp\ccJpJOBl.s 			page 3


  89:STM32_WPAN/Target/hw_ipcc.c ****   {
  90:STM32_WPAN/Target/hw_ipcc.c ****     HW_IPCC_THREAD_NotEvtHandler();
  91:STM32_WPAN/Target/hw_ipcc.c ****   }
  92:STM32_WPAN/Target/hw_ipcc.c ****   else if (HW_IPCC_RX_PENDING( HW_IPCC_THREAD_CLI_NOTIFICATION_ACK_CHANNEL ))
  93:STM32_WPAN/Target/hw_ipcc.c ****   {
  94:STM32_WPAN/Target/hw_ipcc.c ****     HW_IPCC_THREAD_CliNotEvtHandler();
  95:STM32_WPAN/Target/hw_ipcc.c ****   }
  96:STM32_WPAN/Target/hw_ipcc.c **** #endif /* THREAD_WB */
  97:STM32_WPAN/Target/hw_ipcc.c **** #ifdef LLD_TESTS_WB
  98:STM32_WPAN/Target/hw_ipcc.c ****   else if (HW_IPCC_RX_PENDING( HW_IPCC_LLDTESTS_CLI_RSP_CHANNEL ))
  99:STM32_WPAN/Target/hw_ipcc.c ****   {
 100:STM32_WPAN/Target/hw_ipcc.c ****     HW_IPCC_LLDTESTS_ReceiveCliRspHandler();
 101:STM32_WPAN/Target/hw_ipcc.c ****   }
 102:STM32_WPAN/Target/hw_ipcc.c ****   else if (HW_IPCC_RX_PENDING( HW_IPCC_LLDTESTS_M0_CMD_CHANNEL ))
 103:STM32_WPAN/Target/hw_ipcc.c ****   {
 104:STM32_WPAN/Target/hw_ipcc.c ****     HW_IPCC_LLDTESTS_ReceiveM0CmdHandler();
 105:STM32_WPAN/Target/hw_ipcc.c ****   }
 106:STM32_WPAN/Target/hw_ipcc.c **** #endif /* LLD_TESTS_WB */
 107:STM32_WPAN/Target/hw_ipcc.c **** #ifdef LLD_BLE_WB
 108:STM32_WPAN/Target/hw_ipcc.c ****   else if (HW_IPCC_RX_PENDING( HW_IPCC_LLD_BLE_RSP_CHANNEL ))
 109:STM32_WPAN/Target/hw_ipcc.c ****   {
 110:STM32_WPAN/Target/hw_ipcc.c ****     HW_IPCC_LLD_BLE_ReceiveRspHandler();
 111:STM32_WPAN/Target/hw_ipcc.c ****   }
 112:STM32_WPAN/Target/hw_ipcc.c ****   else if (HW_IPCC_RX_PENDING( HW_IPCC_LLD_BLE_M0_CMD_CHANNEL ))
 113:STM32_WPAN/Target/hw_ipcc.c ****   {
 114:STM32_WPAN/Target/hw_ipcc.c ****     HW_IPCC_LLD_BLE_ReceiveM0CmdHandler();
 115:STM32_WPAN/Target/hw_ipcc.c ****   }
 116:STM32_WPAN/Target/hw_ipcc.c **** #endif /* LLD_TESTS_WB */
 117:STM32_WPAN/Target/hw_ipcc.c **** #ifdef ZIGBEE_WB
 118:STM32_WPAN/Target/hw_ipcc.c ****   else if (HW_IPCC_RX_PENDING( HW_IPCC_ZIGBEE_APPLI_NOTIF_ACK_CHANNEL ))
 119:STM32_WPAN/Target/hw_ipcc.c ****   {
 120:STM32_WPAN/Target/hw_ipcc.c ****     HW_IPCC_ZIGBEE_StackNotifEvtHandler();
 121:STM32_WPAN/Target/hw_ipcc.c ****   }
 122:STM32_WPAN/Target/hw_ipcc.c ****   else if (HW_IPCC_RX_PENDING( HW_IPCC_ZIGBEE_M0_REQUEST_CHANNEL ))
 123:STM32_WPAN/Target/hw_ipcc.c ****   {
 124:STM32_WPAN/Target/hw_ipcc.c ****     HW_IPCC_ZIGBEE_StackM0RequestHandler();
 125:STM32_WPAN/Target/hw_ipcc.c ****   }
 126:STM32_WPAN/Target/hw_ipcc.c **** #endif /* ZIGBEE_WB */
 127:STM32_WPAN/Target/hw_ipcc.c ****   else if (HW_IPCC_RX_PENDING( HW_IPCC_BLE_EVENT_CHANNEL ))
 128:STM32_WPAN/Target/hw_ipcc.c ****   {
 129:STM32_WPAN/Target/hw_ipcc.c ****     HW_IPCC_BLE_EvtHandler();
 130:STM32_WPAN/Target/hw_ipcc.c ****   }
 131:STM32_WPAN/Target/hw_ipcc.c ****   else if (HW_IPCC_RX_PENDING( HW_IPCC_TRACES_CHANNEL ))
 132:STM32_WPAN/Target/hw_ipcc.c ****   {
 133:STM32_WPAN/Target/hw_ipcc.c ****     HW_IPCC_TRACES_EvtHandler();
 134:STM32_WPAN/Target/hw_ipcc.c ****   }
 135:STM32_WPAN/Target/hw_ipcc.c **** 
 136:STM32_WPAN/Target/hw_ipcc.c ****   return;
 137:STM32_WPAN/Target/hw_ipcc.c **** }
 138:STM32_WPAN/Target/hw_ipcc.c **** 
 139:STM32_WPAN/Target/hw_ipcc.c **** void HW_IPCC_Tx_Handler( void )
 140:STM32_WPAN/Target/hw_ipcc.c **** {
 141:STM32_WPAN/Target/hw_ipcc.c ****   if (HW_IPCC_TX_PENDING( HW_IPCC_SYSTEM_CMD_RSP_CHANNEL ))
 142:STM32_WPAN/Target/hw_ipcc.c ****   {
 143:STM32_WPAN/Target/hw_ipcc.c ****     HW_IPCC_SYS_CmdEvtHandler();
 144:STM32_WPAN/Target/hw_ipcc.c ****   }
 145:STM32_WPAN/Target/hw_ipcc.c **** #ifdef MAC_802_15_4_WB
ARM GAS  C:\Users\843E~1\AppData\Local\Temp\ccJpJOBl.s 			page 4


 146:STM32_WPAN/Target/hw_ipcc.c ****   else if (HW_IPCC_TX_PENDING( HW_IPCC_MAC_802_15_4_CMD_RSP_CHANNEL ))
 147:STM32_WPAN/Target/hw_ipcc.c ****   {
 148:STM32_WPAN/Target/hw_ipcc.c ****     HW_IPCC_MAC_802_15_4_CmdEvtHandler();
 149:STM32_WPAN/Target/hw_ipcc.c ****   }
 150:STM32_WPAN/Target/hw_ipcc.c **** #endif /* MAC_802_15_4_WB */
 151:STM32_WPAN/Target/hw_ipcc.c **** #ifdef THREAD_WB
 152:STM32_WPAN/Target/hw_ipcc.c ****   else if (HW_IPCC_TX_PENDING( HW_IPCC_THREAD_OT_CMD_RSP_CHANNEL ))
 153:STM32_WPAN/Target/hw_ipcc.c ****   {
 154:STM32_WPAN/Target/hw_ipcc.c ****     HW_IPCC_OT_CmdEvtHandler();
 155:STM32_WPAN/Target/hw_ipcc.c ****   }
 156:STM32_WPAN/Target/hw_ipcc.c **** #endif /* THREAD_WB */
 157:STM32_WPAN/Target/hw_ipcc.c **** #ifdef LLD_TESTS_WB
 158:STM32_WPAN/Target/hw_ipcc.c **** // No TX handler for LLD tests
 159:STM32_WPAN/Target/hw_ipcc.c **** #endif /* LLD_TESTS_WB */
 160:STM32_WPAN/Target/hw_ipcc.c **** #ifdef ZIGBEE_WB
 161:STM32_WPAN/Target/hw_ipcc.c ****   if (HW_IPCC_TX_PENDING( HW_IPCC_ZIGBEE_CMD_APPLI_CHANNEL ))
 162:STM32_WPAN/Target/hw_ipcc.c ****   {
 163:STM32_WPAN/Target/hw_ipcc.c ****       HW_IPCC_ZIGBEE_CmdEvtHandler();
 164:STM32_WPAN/Target/hw_ipcc.c ****   }
 165:STM32_WPAN/Target/hw_ipcc.c **** #endif /* ZIGBEE_WB */
 166:STM32_WPAN/Target/hw_ipcc.c ****   else if (HW_IPCC_TX_PENDING( HW_IPCC_MM_RELEASE_BUFFER_CHANNEL ))
 167:STM32_WPAN/Target/hw_ipcc.c ****   {
 168:STM32_WPAN/Target/hw_ipcc.c ****     HW_IPCC_MM_FreeBufHandler();
 169:STM32_WPAN/Target/hw_ipcc.c ****   }
 170:STM32_WPAN/Target/hw_ipcc.c ****   else if (HW_IPCC_TX_PENDING( HW_IPCC_HCI_ACL_DATA_CHANNEL ))
 171:STM32_WPAN/Target/hw_ipcc.c ****   {
 172:STM32_WPAN/Target/hw_ipcc.c ****     HW_IPCC_BLE_AclDataEvtHandler();
 173:STM32_WPAN/Target/hw_ipcc.c ****   }
 174:STM32_WPAN/Target/hw_ipcc.c **** 
 175:STM32_WPAN/Target/hw_ipcc.c ****   return;
 176:STM32_WPAN/Target/hw_ipcc.c **** }
 177:STM32_WPAN/Target/hw_ipcc.c **** /******************************************************************************
 178:STM32_WPAN/Target/hw_ipcc.c ****  * GENERAL
 179:STM32_WPAN/Target/hw_ipcc.c ****  ******************************************************************************/
 180:STM32_WPAN/Target/hw_ipcc.c **** void HW_IPCC_Enable( void )
 181:STM32_WPAN/Target/hw_ipcc.c **** {
 182:STM32_WPAN/Target/hw_ipcc.c ****   /**
 183:STM32_WPAN/Target/hw_ipcc.c ****   * Such as IPCC IP available to the CPU2, it is required to keep the IPCC clock running
 184:STM32_WPAN/Target/hw_ipcc.c ****   * when FUS is running on CPU2 and CPU1 enters deep sleep mode
 185:STM32_WPAN/Target/hw_ipcc.c ****   */
 186:STM32_WPAN/Target/hw_ipcc.c ****   LL_C2_AHB3_GRP1_EnableClock(LL_C2_AHB3_GRP1_PERIPH_IPCC);
 187:STM32_WPAN/Target/hw_ipcc.c **** 
 188:STM32_WPAN/Target/hw_ipcc.c ****   /**
 189:STM32_WPAN/Target/hw_ipcc.c ****   * When the device is out of standby, it is required to use the EXTI mechanism to wakeup CPU2
 190:STM32_WPAN/Target/hw_ipcc.c ****   */
 191:STM32_WPAN/Target/hw_ipcc.c ****   LL_EXTI_EnableRisingTrig_32_63( LL_EXTI_LINE_41 );
 192:STM32_WPAN/Target/hw_ipcc.c ****   /* It is required to have at least a system clock cycle before a SEV after LL_EXTI_EnableRisingTr
 193:STM32_WPAN/Target/hw_ipcc.c ****   LL_C2_EXTI_EnableEvent_32_63( LL_EXTI_LINE_41 );
 194:STM32_WPAN/Target/hw_ipcc.c **** 
 195:STM32_WPAN/Target/hw_ipcc.c ****   /**
 196:STM32_WPAN/Target/hw_ipcc.c ****    * In case the SBSFU is implemented, it may have already set the C2BOOT bit to startup the CPU2.
 197:STM32_WPAN/Target/hw_ipcc.c ****    * In that case, to keep the mechanism transparent to the user application, it shall call the sys
 198:STM32_WPAN/Target/hw_ipcc.c ****    * SHCI_C2_Reinit( ) before jumping to the application.
 199:STM32_WPAN/Target/hw_ipcc.c ****    * When the CPU2 receives that command, it waits for its event input to be set to restart the CPU
 200:STM32_WPAN/Target/hw_ipcc.c ****    * This is required because once C2BOOT has been set once, a clear/set on C2BOOT has no effect.
 201:STM32_WPAN/Target/hw_ipcc.c ****    * When SHCI_C2_Reinit( ) is not called, generating an event to the CPU2 does not have any effect
 202:STM32_WPAN/Target/hw_ipcc.c ****    * So, by default, the application shall both set the event flag and set the C2BOOT bit.
ARM GAS  C:\Users\843E~1\AppData\Local\Temp\ccJpJOBl.s 			page 5


 203:STM32_WPAN/Target/hw_ipcc.c ****    */
 204:STM32_WPAN/Target/hw_ipcc.c ****   __SEV( );       /* Set the internal event flag and send an event to the CPU2 */
 205:STM32_WPAN/Target/hw_ipcc.c ****   __WFE( );       /* Clear the internal event flag */
 206:STM32_WPAN/Target/hw_ipcc.c ****   LL_PWR_EnableBootC2( );
 207:STM32_WPAN/Target/hw_ipcc.c **** 
 208:STM32_WPAN/Target/hw_ipcc.c ****   return;
 209:STM32_WPAN/Target/hw_ipcc.c **** }
 210:STM32_WPAN/Target/hw_ipcc.c **** 
 211:STM32_WPAN/Target/hw_ipcc.c **** void HW_IPCC_Init( void )
 212:STM32_WPAN/Target/hw_ipcc.c **** {
 213:STM32_WPAN/Target/hw_ipcc.c ****   LL_AHB3_GRP1_EnableClock( LL_AHB3_GRP1_PERIPH_IPCC );
 214:STM32_WPAN/Target/hw_ipcc.c **** 
 215:STM32_WPAN/Target/hw_ipcc.c ****   LL_C1_IPCC_EnableIT_RXO( IPCC );
 216:STM32_WPAN/Target/hw_ipcc.c ****   LL_C1_IPCC_EnableIT_TXF( IPCC );
 217:STM32_WPAN/Target/hw_ipcc.c **** 
 218:STM32_WPAN/Target/hw_ipcc.c ****   HAL_NVIC_EnableIRQ(IPCC_C1_RX_IRQn);
 219:STM32_WPAN/Target/hw_ipcc.c ****   HAL_NVIC_EnableIRQ(IPCC_C1_TX_IRQn);
 220:STM32_WPAN/Target/hw_ipcc.c **** 
 221:STM32_WPAN/Target/hw_ipcc.c ****   return;
 222:STM32_WPAN/Target/hw_ipcc.c **** }
 223:STM32_WPAN/Target/hw_ipcc.c **** 
 224:STM32_WPAN/Target/hw_ipcc.c **** /******************************************************************************
 225:STM32_WPAN/Target/hw_ipcc.c ****  * BLE
 226:STM32_WPAN/Target/hw_ipcc.c ****  ******************************************************************************/
 227:STM32_WPAN/Target/hw_ipcc.c **** void HW_IPCC_BLE_Init( void )
 228:STM32_WPAN/Target/hw_ipcc.c **** {
 229:STM32_WPAN/Target/hw_ipcc.c ****   LL_C1_IPCC_EnableReceiveChannel( IPCC, HW_IPCC_BLE_EVENT_CHANNEL );
 230:STM32_WPAN/Target/hw_ipcc.c **** 
 231:STM32_WPAN/Target/hw_ipcc.c ****   return;
 232:STM32_WPAN/Target/hw_ipcc.c **** }
 233:STM32_WPAN/Target/hw_ipcc.c **** 
 234:STM32_WPAN/Target/hw_ipcc.c **** void HW_IPCC_BLE_SendCmd( void )
 235:STM32_WPAN/Target/hw_ipcc.c **** {
 236:STM32_WPAN/Target/hw_ipcc.c ****   LL_C1_IPCC_SetFlag_CHx( IPCC, HW_IPCC_BLE_CMD_CHANNEL );
 237:STM32_WPAN/Target/hw_ipcc.c **** 
 238:STM32_WPAN/Target/hw_ipcc.c ****   return;
 239:STM32_WPAN/Target/hw_ipcc.c **** }
 240:STM32_WPAN/Target/hw_ipcc.c **** 
 241:STM32_WPAN/Target/hw_ipcc.c **** static void HW_IPCC_BLE_EvtHandler( void )
 242:STM32_WPAN/Target/hw_ipcc.c **** {
 243:STM32_WPAN/Target/hw_ipcc.c ****   HW_IPCC_BLE_RxEvtNot();
 244:STM32_WPAN/Target/hw_ipcc.c **** 
 245:STM32_WPAN/Target/hw_ipcc.c ****   LL_C1_IPCC_ClearFlag_CHx( IPCC, HW_IPCC_BLE_EVENT_CHANNEL );
 246:STM32_WPAN/Target/hw_ipcc.c **** 
 247:STM32_WPAN/Target/hw_ipcc.c ****   return;
 248:STM32_WPAN/Target/hw_ipcc.c **** }
 249:STM32_WPAN/Target/hw_ipcc.c **** 
 250:STM32_WPAN/Target/hw_ipcc.c **** void HW_IPCC_BLE_SendAclData( void )
 251:STM32_WPAN/Target/hw_ipcc.c **** {
 252:STM32_WPAN/Target/hw_ipcc.c ****   LL_C1_IPCC_SetFlag_CHx( IPCC, HW_IPCC_HCI_ACL_DATA_CHANNEL );
 253:STM32_WPAN/Target/hw_ipcc.c ****   LL_C1_IPCC_EnableTransmitChannel( IPCC, HW_IPCC_HCI_ACL_DATA_CHANNEL );
 254:STM32_WPAN/Target/hw_ipcc.c **** 
 255:STM32_WPAN/Target/hw_ipcc.c ****   return;
 256:STM32_WPAN/Target/hw_ipcc.c **** }
 257:STM32_WPAN/Target/hw_ipcc.c **** 
 258:STM32_WPAN/Target/hw_ipcc.c **** static void HW_IPCC_BLE_AclDataEvtHandler( void )
 259:STM32_WPAN/Target/hw_ipcc.c **** {
ARM GAS  C:\Users\843E~1\AppData\Local\Temp\ccJpJOBl.s 			page 6


 260:STM32_WPAN/Target/hw_ipcc.c ****   LL_C1_IPCC_DisableTransmitChannel( IPCC, HW_IPCC_HCI_ACL_DATA_CHANNEL );
 261:STM32_WPAN/Target/hw_ipcc.c **** 
 262:STM32_WPAN/Target/hw_ipcc.c ****   HW_IPCC_BLE_AclDataAckNot();
 263:STM32_WPAN/Target/hw_ipcc.c **** 
 264:STM32_WPAN/Target/hw_ipcc.c ****   return;
 265:STM32_WPAN/Target/hw_ipcc.c **** }
 266:STM32_WPAN/Target/hw_ipcc.c **** 
 267:STM32_WPAN/Target/hw_ipcc.c **** __weak void HW_IPCC_BLE_AclDataAckNot( void ){};
 268:STM32_WPAN/Target/hw_ipcc.c **** __weak void HW_IPCC_BLE_RxEvtNot( void ){};
 269:STM32_WPAN/Target/hw_ipcc.c **** 
 270:STM32_WPAN/Target/hw_ipcc.c **** /******************************************************************************
 271:STM32_WPAN/Target/hw_ipcc.c ****  * SYSTEM
 272:STM32_WPAN/Target/hw_ipcc.c ****  ******************************************************************************/
 273:STM32_WPAN/Target/hw_ipcc.c **** void HW_IPCC_SYS_Init( void )
 274:STM32_WPAN/Target/hw_ipcc.c **** {
 275:STM32_WPAN/Target/hw_ipcc.c ****   LL_C1_IPCC_EnableReceiveChannel( IPCC, HW_IPCC_SYSTEM_EVENT_CHANNEL );
 276:STM32_WPAN/Target/hw_ipcc.c **** 
 277:STM32_WPAN/Target/hw_ipcc.c ****   return;
 278:STM32_WPAN/Target/hw_ipcc.c **** }
 279:STM32_WPAN/Target/hw_ipcc.c **** 
 280:STM32_WPAN/Target/hw_ipcc.c **** void HW_IPCC_SYS_SendCmd( void )
 281:STM32_WPAN/Target/hw_ipcc.c **** {
 282:STM32_WPAN/Target/hw_ipcc.c ****   LL_C1_IPCC_SetFlag_CHx( IPCC, HW_IPCC_SYSTEM_CMD_RSP_CHANNEL );
 283:STM32_WPAN/Target/hw_ipcc.c ****   LL_C1_IPCC_EnableTransmitChannel( IPCC, HW_IPCC_SYSTEM_CMD_RSP_CHANNEL );
 284:STM32_WPAN/Target/hw_ipcc.c **** 
 285:STM32_WPAN/Target/hw_ipcc.c ****   return;
 286:STM32_WPAN/Target/hw_ipcc.c **** }
 287:STM32_WPAN/Target/hw_ipcc.c **** 
 288:STM32_WPAN/Target/hw_ipcc.c **** static void HW_IPCC_SYS_CmdEvtHandler( void )
 289:STM32_WPAN/Target/hw_ipcc.c **** {
 290:STM32_WPAN/Target/hw_ipcc.c ****   LL_C1_IPCC_DisableTransmitChannel( IPCC, HW_IPCC_SYSTEM_CMD_RSP_CHANNEL );
 291:STM32_WPAN/Target/hw_ipcc.c **** 
 292:STM32_WPAN/Target/hw_ipcc.c ****   HW_IPCC_SYS_CmdEvtNot();
 293:STM32_WPAN/Target/hw_ipcc.c **** 
 294:STM32_WPAN/Target/hw_ipcc.c ****   return;
 295:STM32_WPAN/Target/hw_ipcc.c **** }
 296:STM32_WPAN/Target/hw_ipcc.c **** 
 297:STM32_WPAN/Target/hw_ipcc.c **** static void HW_IPCC_SYS_EvtHandler( void )
 298:STM32_WPAN/Target/hw_ipcc.c **** {
 299:STM32_WPAN/Target/hw_ipcc.c ****   HW_IPCC_SYS_EvtNot();
 300:STM32_WPAN/Target/hw_ipcc.c **** 
 301:STM32_WPAN/Target/hw_ipcc.c ****   LL_C1_IPCC_ClearFlag_CHx( IPCC, HW_IPCC_SYSTEM_EVENT_CHANNEL );
 302:STM32_WPAN/Target/hw_ipcc.c **** 
 303:STM32_WPAN/Target/hw_ipcc.c ****   return;
 304:STM32_WPAN/Target/hw_ipcc.c **** }
 305:STM32_WPAN/Target/hw_ipcc.c **** 
 306:STM32_WPAN/Target/hw_ipcc.c **** __weak void HW_IPCC_SYS_CmdEvtNot( void ){};
 307:STM32_WPAN/Target/hw_ipcc.c **** __weak void HW_IPCC_SYS_EvtNot( void ){};
 308:STM32_WPAN/Target/hw_ipcc.c **** 
 309:STM32_WPAN/Target/hw_ipcc.c **** /******************************************************************************
 310:STM32_WPAN/Target/hw_ipcc.c ****  * MAC 802.15.4
 311:STM32_WPAN/Target/hw_ipcc.c ****  ******************************************************************************/
 312:STM32_WPAN/Target/hw_ipcc.c **** #ifdef MAC_802_15_4_WB
 313:STM32_WPAN/Target/hw_ipcc.c **** void HW_IPCC_MAC_802_15_4_Init( void )
 314:STM32_WPAN/Target/hw_ipcc.c **** {
 315:STM32_WPAN/Target/hw_ipcc.c ****   LL_C1_IPCC_EnableReceiveChannel( IPCC, HW_IPCC_MAC_802_15_4_NOTIFICATION_ACK_CHANNEL );
 316:STM32_WPAN/Target/hw_ipcc.c **** 
ARM GAS  C:\Users\843E~1\AppData\Local\Temp\ccJpJOBl.s 			page 7


 317:STM32_WPAN/Target/hw_ipcc.c ****   return;
 318:STM32_WPAN/Target/hw_ipcc.c **** }
 319:STM32_WPAN/Target/hw_ipcc.c **** 
 320:STM32_WPAN/Target/hw_ipcc.c **** void HW_IPCC_MAC_802_15_4_SendCmd( void )
 321:STM32_WPAN/Target/hw_ipcc.c **** {
 322:STM32_WPAN/Target/hw_ipcc.c ****   LL_C1_IPCC_SetFlag_CHx( IPCC, HW_IPCC_MAC_802_15_4_CMD_RSP_CHANNEL );
 323:STM32_WPAN/Target/hw_ipcc.c ****   LL_C1_IPCC_EnableTransmitChannel( IPCC, HW_IPCC_MAC_802_15_4_CMD_RSP_CHANNEL );
 324:STM32_WPAN/Target/hw_ipcc.c **** 
 325:STM32_WPAN/Target/hw_ipcc.c ****   return;
 326:STM32_WPAN/Target/hw_ipcc.c **** }
 327:STM32_WPAN/Target/hw_ipcc.c **** 
 328:STM32_WPAN/Target/hw_ipcc.c **** void HW_IPCC_MAC_802_15_4_SendAck( void )
 329:STM32_WPAN/Target/hw_ipcc.c **** {
 330:STM32_WPAN/Target/hw_ipcc.c ****   LL_C1_IPCC_ClearFlag_CHx( IPCC, HW_IPCC_MAC_802_15_4_NOTIFICATION_ACK_CHANNEL );
 331:STM32_WPAN/Target/hw_ipcc.c ****   LL_C1_IPCC_EnableReceiveChannel( IPCC, HW_IPCC_MAC_802_15_4_NOTIFICATION_ACK_CHANNEL );
 332:STM32_WPAN/Target/hw_ipcc.c **** 
 333:STM32_WPAN/Target/hw_ipcc.c ****   return;
 334:STM32_WPAN/Target/hw_ipcc.c **** }
 335:STM32_WPAN/Target/hw_ipcc.c **** 
 336:STM32_WPAN/Target/hw_ipcc.c **** static void HW_IPCC_MAC_802_15_4_CmdEvtHandler( void )
 337:STM32_WPAN/Target/hw_ipcc.c **** {
 338:STM32_WPAN/Target/hw_ipcc.c ****   LL_C1_IPCC_DisableTransmitChannel( IPCC, HW_IPCC_MAC_802_15_4_CMD_RSP_CHANNEL );
 339:STM32_WPAN/Target/hw_ipcc.c **** 
 340:STM32_WPAN/Target/hw_ipcc.c ****   HW_IPCC_MAC_802_15_4_CmdEvtNot();
 341:STM32_WPAN/Target/hw_ipcc.c **** 
 342:STM32_WPAN/Target/hw_ipcc.c ****   return;
 343:STM32_WPAN/Target/hw_ipcc.c **** }
 344:STM32_WPAN/Target/hw_ipcc.c **** 
 345:STM32_WPAN/Target/hw_ipcc.c **** static void HW_IPCC_MAC_802_15_4_NotEvtHandler( void )
 346:STM32_WPAN/Target/hw_ipcc.c **** {
 347:STM32_WPAN/Target/hw_ipcc.c ****   LL_C1_IPCC_DisableReceiveChannel( IPCC, HW_IPCC_MAC_802_15_4_NOTIFICATION_ACK_CHANNEL );
 348:STM32_WPAN/Target/hw_ipcc.c **** 
 349:STM32_WPAN/Target/hw_ipcc.c ****   HW_IPCC_MAC_802_15_4_EvtNot();
 350:STM32_WPAN/Target/hw_ipcc.c **** 
 351:STM32_WPAN/Target/hw_ipcc.c ****   return;
 352:STM32_WPAN/Target/hw_ipcc.c **** }
 353:STM32_WPAN/Target/hw_ipcc.c **** __weak void HW_IPCC_MAC_802_15_4_CmdEvtNot( void ){};
 354:STM32_WPAN/Target/hw_ipcc.c **** __weak void HW_IPCC_MAC_802_15_4_EvtNot( void ){};
 355:STM32_WPAN/Target/hw_ipcc.c **** #endif
 356:STM32_WPAN/Target/hw_ipcc.c **** 
 357:STM32_WPAN/Target/hw_ipcc.c **** /******************************************************************************
 358:STM32_WPAN/Target/hw_ipcc.c ****  * THREAD
 359:STM32_WPAN/Target/hw_ipcc.c ****  ******************************************************************************/
 360:STM32_WPAN/Target/hw_ipcc.c **** #ifdef THREAD_WB
 361:STM32_WPAN/Target/hw_ipcc.c **** void HW_IPCC_THREAD_Init( void )
 362:STM32_WPAN/Target/hw_ipcc.c **** {
 363:STM32_WPAN/Target/hw_ipcc.c ****   LL_C1_IPCC_EnableReceiveChannel( IPCC, HW_IPCC_THREAD_NOTIFICATION_ACK_CHANNEL );
 364:STM32_WPAN/Target/hw_ipcc.c ****   LL_C1_IPCC_EnableReceiveChannel( IPCC, HW_IPCC_THREAD_CLI_NOTIFICATION_ACK_CHANNEL );
 365:STM32_WPAN/Target/hw_ipcc.c **** 
 366:STM32_WPAN/Target/hw_ipcc.c ****   return;
 367:STM32_WPAN/Target/hw_ipcc.c **** }
 368:STM32_WPAN/Target/hw_ipcc.c **** 
 369:STM32_WPAN/Target/hw_ipcc.c **** void HW_IPCC_OT_SendCmd( void )
 370:STM32_WPAN/Target/hw_ipcc.c **** {
 371:STM32_WPAN/Target/hw_ipcc.c ****   LL_C1_IPCC_SetFlag_CHx( IPCC, HW_IPCC_THREAD_OT_CMD_RSP_CHANNEL );
 372:STM32_WPAN/Target/hw_ipcc.c ****   LL_C1_IPCC_EnableTransmitChannel( IPCC, HW_IPCC_THREAD_OT_CMD_RSP_CHANNEL );
 373:STM32_WPAN/Target/hw_ipcc.c **** 
ARM GAS  C:\Users\843E~1\AppData\Local\Temp\ccJpJOBl.s 			page 8


 374:STM32_WPAN/Target/hw_ipcc.c ****   return;
 375:STM32_WPAN/Target/hw_ipcc.c **** }
 376:STM32_WPAN/Target/hw_ipcc.c **** 
 377:STM32_WPAN/Target/hw_ipcc.c **** void HW_IPCC_CLI_SendCmd( void )
 378:STM32_WPAN/Target/hw_ipcc.c **** {
 379:STM32_WPAN/Target/hw_ipcc.c ****   LL_C1_IPCC_SetFlag_CHx( IPCC, HW_IPCC_THREAD_CLI_CMD_CHANNEL );
 380:STM32_WPAN/Target/hw_ipcc.c **** 
 381:STM32_WPAN/Target/hw_ipcc.c ****   return;
 382:STM32_WPAN/Target/hw_ipcc.c **** }
 383:STM32_WPAN/Target/hw_ipcc.c **** 
 384:STM32_WPAN/Target/hw_ipcc.c **** void HW_IPCC_THREAD_SendAck( void )
 385:STM32_WPAN/Target/hw_ipcc.c **** {
 386:STM32_WPAN/Target/hw_ipcc.c ****   LL_C1_IPCC_ClearFlag_CHx( IPCC, HW_IPCC_THREAD_NOTIFICATION_ACK_CHANNEL );
 387:STM32_WPAN/Target/hw_ipcc.c ****   LL_C1_IPCC_EnableReceiveChannel( IPCC, HW_IPCC_THREAD_NOTIFICATION_ACK_CHANNEL );
 388:STM32_WPAN/Target/hw_ipcc.c **** 
 389:STM32_WPAN/Target/hw_ipcc.c ****   return;
 390:STM32_WPAN/Target/hw_ipcc.c **** }
 391:STM32_WPAN/Target/hw_ipcc.c **** 
 392:STM32_WPAN/Target/hw_ipcc.c **** void HW_IPCC_THREAD_CliSendAck( void )
 393:STM32_WPAN/Target/hw_ipcc.c **** {
 394:STM32_WPAN/Target/hw_ipcc.c ****   LL_C1_IPCC_ClearFlag_CHx( IPCC, HW_IPCC_THREAD_CLI_NOTIFICATION_ACK_CHANNEL );
 395:STM32_WPAN/Target/hw_ipcc.c ****   LL_C1_IPCC_EnableReceiveChannel( IPCC, HW_IPCC_THREAD_CLI_NOTIFICATION_ACK_CHANNEL );
 396:STM32_WPAN/Target/hw_ipcc.c **** 
 397:STM32_WPAN/Target/hw_ipcc.c ****   return;
 398:STM32_WPAN/Target/hw_ipcc.c **** }
 399:STM32_WPAN/Target/hw_ipcc.c **** 
 400:STM32_WPAN/Target/hw_ipcc.c **** static void HW_IPCC_OT_CmdEvtHandler( void )
 401:STM32_WPAN/Target/hw_ipcc.c **** {
 402:STM32_WPAN/Target/hw_ipcc.c ****   LL_C1_IPCC_DisableTransmitChannel( IPCC, HW_IPCC_THREAD_OT_CMD_RSP_CHANNEL );
 403:STM32_WPAN/Target/hw_ipcc.c **** 
 404:STM32_WPAN/Target/hw_ipcc.c ****   HW_IPCC_OT_CmdEvtNot();
 405:STM32_WPAN/Target/hw_ipcc.c **** 
 406:STM32_WPAN/Target/hw_ipcc.c ****   return;
 407:STM32_WPAN/Target/hw_ipcc.c **** }
 408:STM32_WPAN/Target/hw_ipcc.c **** 
 409:STM32_WPAN/Target/hw_ipcc.c **** static void HW_IPCC_THREAD_NotEvtHandler( void )
 410:STM32_WPAN/Target/hw_ipcc.c **** {
 411:STM32_WPAN/Target/hw_ipcc.c ****   LL_C1_IPCC_DisableReceiveChannel( IPCC, HW_IPCC_THREAD_NOTIFICATION_ACK_CHANNEL );
 412:STM32_WPAN/Target/hw_ipcc.c **** 
 413:STM32_WPAN/Target/hw_ipcc.c ****   HW_IPCC_THREAD_EvtNot();
 414:STM32_WPAN/Target/hw_ipcc.c **** 
 415:STM32_WPAN/Target/hw_ipcc.c ****   return;
 416:STM32_WPAN/Target/hw_ipcc.c **** }
 417:STM32_WPAN/Target/hw_ipcc.c **** 
 418:STM32_WPAN/Target/hw_ipcc.c **** static void HW_IPCC_THREAD_CliNotEvtHandler( void )
 419:STM32_WPAN/Target/hw_ipcc.c **** {
 420:STM32_WPAN/Target/hw_ipcc.c ****   LL_C1_IPCC_DisableReceiveChannel( IPCC, HW_IPCC_THREAD_CLI_NOTIFICATION_ACK_CHANNEL );
 421:STM32_WPAN/Target/hw_ipcc.c **** 
 422:STM32_WPAN/Target/hw_ipcc.c ****   HW_IPCC_THREAD_CliEvtNot();
 423:STM32_WPAN/Target/hw_ipcc.c **** 
 424:STM32_WPAN/Target/hw_ipcc.c ****   return;
 425:STM32_WPAN/Target/hw_ipcc.c **** }
 426:STM32_WPAN/Target/hw_ipcc.c **** 
 427:STM32_WPAN/Target/hw_ipcc.c **** __weak void HW_IPCC_OT_CmdEvtNot( void ){};
 428:STM32_WPAN/Target/hw_ipcc.c **** __weak void HW_IPCC_CLI_CmdEvtNot( void ){};
 429:STM32_WPAN/Target/hw_ipcc.c **** __weak void HW_IPCC_THREAD_EvtNot( void ){};
 430:STM32_WPAN/Target/hw_ipcc.c **** 
ARM GAS  C:\Users\843E~1\AppData\Local\Temp\ccJpJOBl.s 			page 9


 431:STM32_WPAN/Target/hw_ipcc.c **** #endif /* THREAD_WB */
 432:STM32_WPAN/Target/hw_ipcc.c **** 
 433:STM32_WPAN/Target/hw_ipcc.c **** /******************************************************************************
 434:STM32_WPAN/Target/hw_ipcc.c ****  * LLD TESTS
 435:STM32_WPAN/Target/hw_ipcc.c ****  ******************************************************************************/
 436:STM32_WPAN/Target/hw_ipcc.c **** #ifdef LLD_TESTS_WB
 437:STM32_WPAN/Target/hw_ipcc.c **** void HW_IPCC_LLDTESTS_Init( void )
 438:STM32_WPAN/Target/hw_ipcc.c **** {
 439:STM32_WPAN/Target/hw_ipcc.c ****   LL_C1_IPCC_EnableReceiveChannel( IPCC, HW_IPCC_LLDTESTS_CLI_RSP_CHANNEL );
 440:STM32_WPAN/Target/hw_ipcc.c ****   LL_C1_IPCC_EnableReceiveChannel( IPCC, HW_IPCC_LLDTESTS_M0_CMD_CHANNEL );
 441:STM32_WPAN/Target/hw_ipcc.c ****   return;
 442:STM32_WPAN/Target/hw_ipcc.c **** }
 443:STM32_WPAN/Target/hw_ipcc.c **** 
 444:STM32_WPAN/Target/hw_ipcc.c **** void HW_IPCC_LLDTESTS_SendCliCmd( void )
 445:STM32_WPAN/Target/hw_ipcc.c **** {
 446:STM32_WPAN/Target/hw_ipcc.c ****   LL_C1_IPCC_SetFlag_CHx( IPCC, HW_IPCC_LLDTESTS_CLI_CMD_CHANNEL );
 447:STM32_WPAN/Target/hw_ipcc.c ****   return;
 448:STM32_WPAN/Target/hw_ipcc.c **** }
 449:STM32_WPAN/Target/hw_ipcc.c **** 
 450:STM32_WPAN/Target/hw_ipcc.c **** static void HW_IPCC_LLDTESTS_ReceiveCliRspHandler( void )
 451:STM32_WPAN/Target/hw_ipcc.c **** {
 452:STM32_WPAN/Target/hw_ipcc.c ****   LL_C1_IPCC_DisableReceiveChannel( IPCC, HW_IPCC_LLDTESTS_CLI_RSP_CHANNEL );
 453:STM32_WPAN/Target/hw_ipcc.c ****   HW_IPCC_LLDTESTS_ReceiveCliRsp();
 454:STM32_WPAN/Target/hw_ipcc.c ****   return;
 455:STM32_WPAN/Target/hw_ipcc.c **** }
 456:STM32_WPAN/Target/hw_ipcc.c **** 
 457:STM32_WPAN/Target/hw_ipcc.c **** void HW_IPCC_LLDTESTS_SendCliRspAck( void )
 458:STM32_WPAN/Target/hw_ipcc.c **** {
 459:STM32_WPAN/Target/hw_ipcc.c ****   LL_C1_IPCC_ClearFlag_CHx( IPCC, HW_IPCC_LLDTESTS_CLI_RSP_CHANNEL );
 460:STM32_WPAN/Target/hw_ipcc.c ****   LL_C1_IPCC_EnableReceiveChannel( IPCC, HW_IPCC_LLDTESTS_CLI_RSP_CHANNEL );
 461:STM32_WPAN/Target/hw_ipcc.c ****   return;
 462:STM32_WPAN/Target/hw_ipcc.c **** }
 463:STM32_WPAN/Target/hw_ipcc.c **** 
 464:STM32_WPAN/Target/hw_ipcc.c **** static void HW_IPCC_LLDTESTS_ReceiveM0CmdHandler( void )
 465:STM32_WPAN/Target/hw_ipcc.c **** {
 466:STM32_WPAN/Target/hw_ipcc.c ****   LL_C1_IPCC_DisableReceiveChannel( IPCC, HW_IPCC_LLDTESTS_M0_CMD_CHANNEL );
 467:STM32_WPAN/Target/hw_ipcc.c ****   HW_IPCC_LLDTESTS_ReceiveM0Cmd();
 468:STM32_WPAN/Target/hw_ipcc.c ****   return;
 469:STM32_WPAN/Target/hw_ipcc.c **** }
 470:STM32_WPAN/Target/hw_ipcc.c **** 
 471:STM32_WPAN/Target/hw_ipcc.c **** void HW_IPCC_LLDTESTS_SendM0CmdAck( void )
 472:STM32_WPAN/Target/hw_ipcc.c **** {
 473:STM32_WPAN/Target/hw_ipcc.c ****   LL_C1_IPCC_ClearFlag_CHx( IPCC, HW_IPCC_LLDTESTS_M0_CMD_CHANNEL );
 474:STM32_WPAN/Target/hw_ipcc.c ****   LL_C1_IPCC_EnableReceiveChannel( IPCC, HW_IPCC_LLDTESTS_M0_CMD_CHANNEL );
 475:STM32_WPAN/Target/hw_ipcc.c ****   return;
 476:STM32_WPAN/Target/hw_ipcc.c **** }
 477:STM32_WPAN/Target/hw_ipcc.c **** __weak void HW_IPCC_LLDTESTS_ReceiveCliRsp( void ){};
 478:STM32_WPAN/Target/hw_ipcc.c **** __weak void HW_IPCC_LLDTESTS_ReceiveM0Cmd( void ){};
 479:STM32_WPAN/Target/hw_ipcc.c **** #endif /* LLD_TESTS_WB */
 480:STM32_WPAN/Target/hw_ipcc.c **** 
 481:STM32_WPAN/Target/hw_ipcc.c **** /******************************************************************************
 482:STM32_WPAN/Target/hw_ipcc.c ****  * LLD BLE
 483:STM32_WPAN/Target/hw_ipcc.c ****  ******************************************************************************/
 484:STM32_WPAN/Target/hw_ipcc.c **** #ifdef LLD_BLE_WB
 485:STM32_WPAN/Target/hw_ipcc.c **** void HW_IPCC_LLD_BLE_Init( void )
 486:STM32_WPAN/Target/hw_ipcc.c **** {
 487:STM32_WPAN/Target/hw_ipcc.c ****   LL_C1_IPCC_EnableReceiveChannel( IPCC, HW_IPCC_LLD_BLE_RSP_CHANNEL );
ARM GAS  C:\Users\843E~1\AppData\Local\Temp\ccJpJOBl.s 			page 10


 488:STM32_WPAN/Target/hw_ipcc.c ****   LL_C1_IPCC_EnableReceiveChannel( IPCC, HW_IPCC_LLD_BLE_M0_CMD_CHANNEL );
 489:STM32_WPAN/Target/hw_ipcc.c ****   return;
 490:STM32_WPAN/Target/hw_ipcc.c **** }
 491:STM32_WPAN/Target/hw_ipcc.c **** 
 492:STM32_WPAN/Target/hw_ipcc.c **** void HW_IPCC_LLD_BLE_SendCliCmd( void )
 493:STM32_WPAN/Target/hw_ipcc.c **** {
 494:STM32_WPAN/Target/hw_ipcc.c ****   LL_C1_IPCC_SetFlag_CHx( IPCC, HW_IPCC_LLD_BLE_CLI_CMD_CHANNEL );
 495:STM32_WPAN/Target/hw_ipcc.c ****   return;
 496:STM32_WPAN/Target/hw_ipcc.c **** }
 497:STM32_WPAN/Target/hw_ipcc.c **** 
 498:STM32_WPAN/Target/hw_ipcc.c **** /*static void HW_IPCC_LLD_BLE_ReceiveCliRspHandler( void )
 499:STM32_WPAN/Target/hw_ipcc.c **** {
 500:STM32_WPAN/Target/hw_ipcc.c ****   LL_C1_IPCC_DisableReceiveChannel( IPCC, HW_IPCC_LLD_BLE_CLI_RSP_CHANNEL );
 501:STM32_WPAN/Target/hw_ipcc.c ****   HW_IPCC_LLD_BLE_ReceiveCliRsp();
 502:STM32_WPAN/Target/hw_ipcc.c ****   return;
 503:STM32_WPAN/Target/hw_ipcc.c **** }*/
 504:STM32_WPAN/Target/hw_ipcc.c **** 
 505:STM32_WPAN/Target/hw_ipcc.c **** void HW_IPCC_LLD_BLE_SendCliRspAck( void )
 506:STM32_WPAN/Target/hw_ipcc.c **** {
 507:STM32_WPAN/Target/hw_ipcc.c ****   LL_C1_IPCC_ClearFlag_CHx( IPCC, HW_IPCC_LLD_BLE_CLI_RSP_CHANNEL );
 508:STM32_WPAN/Target/hw_ipcc.c ****   LL_C1_IPCC_EnableReceiveChannel( IPCC, HW_IPCC_LLD_BLE_CLI_RSP_CHANNEL );
 509:STM32_WPAN/Target/hw_ipcc.c ****   return;
 510:STM32_WPAN/Target/hw_ipcc.c **** }
 511:STM32_WPAN/Target/hw_ipcc.c **** 
 512:STM32_WPAN/Target/hw_ipcc.c **** static void HW_IPCC_LLD_BLE_ReceiveM0CmdHandler( void )
 513:STM32_WPAN/Target/hw_ipcc.c **** {
 514:STM32_WPAN/Target/hw_ipcc.c ****   //LL_C1_IPCC_DisableReceiveChannel( IPCC, HW_IPCC_LLD_BLE_M0_CMD_CHANNEL );
 515:STM32_WPAN/Target/hw_ipcc.c ****   HW_IPCC_LLD_BLE_ReceiveM0Cmd();
 516:STM32_WPAN/Target/hw_ipcc.c ****   return;
 517:STM32_WPAN/Target/hw_ipcc.c **** }
 518:STM32_WPAN/Target/hw_ipcc.c **** 
 519:STM32_WPAN/Target/hw_ipcc.c **** void HW_IPCC_LLD_BLE_SendM0CmdAck( void )
 520:STM32_WPAN/Target/hw_ipcc.c **** {
 521:STM32_WPAN/Target/hw_ipcc.c ****   LL_C1_IPCC_ClearFlag_CHx( IPCC, HW_IPCC_LLD_BLE_M0_CMD_CHANNEL );
 522:STM32_WPAN/Target/hw_ipcc.c ****   //LL_C1_IPCC_EnableReceiveChannel( IPCC, HW_IPCC_LLD_BLE_M0_CMD_CHANNEL );
 523:STM32_WPAN/Target/hw_ipcc.c ****   return;
 524:STM32_WPAN/Target/hw_ipcc.c **** }
 525:STM32_WPAN/Target/hw_ipcc.c **** __weak void HW_IPCC_LLD_BLE_ReceiveCliRsp( void ){};
 526:STM32_WPAN/Target/hw_ipcc.c **** __weak void HW_IPCC_LLD_BLE_ReceiveM0Cmd( void ){};
 527:STM32_WPAN/Target/hw_ipcc.c **** 
 528:STM32_WPAN/Target/hw_ipcc.c **** /* Transparent Mode */
 529:STM32_WPAN/Target/hw_ipcc.c **** void HW_IPCC_LLD_BLE_SendCmd( void )
 530:STM32_WPAN/Target/hw_ipcc.c **** {
 531:STM32_WPAN/Target/hw_ipcc.c ****   LL_C1_IPCC_SetFlag_CHx( IPCC, HW_IPCC_LLD_BLE_CMD_CHANNEL );
 532:STM32_WPAN/Target/hw_ipcc.c ****   return;
 533:STM32_WPAN/Target/hw_ipcc.c **** }
 534:STM32_WPAN/Target/hw_ipcc.c **** 
 535:STM32_WPAN/Target/hw_ipcc.c **** static void HW_IPCC_LLD_BLE_ReceiveRspHandler( void )
 536:STM32_WPAN/Target/hw_ipcc.c **** {
 537:STM32_WPAN/Target/hw_ipcc.c ****   LL_C1_IPCC_DisableReceiveChannel( IPCC, HW_IPCC_LLD_BLE_RSP_CHANNEL );
 538:STM32_WPAN/Target/hw_ipcc.c ****   HW_IPCC_LLD_BLE_ReceiveRsp();
 539:STM32_WPAN/Target/hw_ipcc.c ****   return;
 540:STM32_WPAN/Target/hw_ipcc.c **** }
 541:STM32_WPAN/Target/hw_ipcc.c **** 
 542:STM32_WPAN/Target/hw_ipcc.c **** void HW_IPCC_LLD_BLE_SendRspAck( void )
 543:STM32_WPAN/Target/hw_ipcc.c **** {
 544:STM32_WPAN/Target/hw_ipcc.c ****   LL_C1_IPCC_ClearFlag_CHx( IPCC, HW_IPCC_LLD_BLE_RSP_CHANNEL );
ARM GAS  C:\Users\843E~1\AppData\Local\Temp\ccJpJOBl.s 			page 11


 545:STM32_WPAN/Target/hw_ipcc.c ****   LL_C1_IPCC_EnableReceiveChannel( IPCC, HW_IPCC_LLD_BLE_RSP_CHANNEL );
 546:STM32_WPAN/Target/hw_ipcc.c ****   return;
 547:STM32_WPAN/Target/hw_ipcc.c **** }
 548:STM32_WPAN/Target/hw_ipcc.c **** 
 549:STM32_WPAN/Target/hw_ipcc.c **** #endif /* LLD_BLE_WB */
 550:STM32_WPAN/Target/hw_ipcc.c **** 
 551:STM32_WPAN/Target/hw_ipcc.c **** /******************************************************************************
 552:STM32_WPAN/Target/hw_ipcc.c ****  * ZIGBEE
 553:STM32_WPAN/Target/hw_ipcc.c ****  ******************************************************************************/
 554:STM32_WPAN/Target/hw_ipcc.c **** #ifdef ZIGBEE_WB
 555:STM32_WPAN/Target/hw_ipcc.c **** void HW_IPCC_ZIGBEE_Init( void )
 556:STM32_WPAN/Target/hw_ipcc.c **** {
 557:STM32_WPAN/Target/hw_ipcc.c ****   LL_C1_IPCC_EnableReceiveChannel( IPCC, HW_IPCC_ZIGBEE_APPLI_NOTIF_ACK_CHANNEL );
 558:STM32_WPAN/Target/hw_ipcc.c ****   LL_C1_IPCC_EnableReceiveChannel( IPCC, HW_IPCC_ZIGBEE_M0_REQUEST_CHANNEL );
 559:STM32_WPAN/Target/hw_ipcc.c **** 
 560:STM32_WPAN/Target/hw_ipcc.c ****   return;
 561:STM32_WPAN/Target/hw_ipcc.c **** }
 562:STM32_WPAN/Target/hw_ipcc.c **** 
 563:STM32_WPAN/Target/hw_ipcc.c **** void HW_IPCC_ZIGBEE_SendM4RequestToM0( void )
 564:STM32_WPAN/Target/hw_ipcc.c **** {
 565:STM32_WPAN/Target/hw_ipcc.c ****   LL_C1_IPCC_SetFlag_CHx( IPCC, HW_IPCC_ZIGBEE_CMD_APPLI_CHANNEL );
 566:STM32_WPAN/Target/hw_ipcc.c ****   LL_C1_IPCC_EnableTransmitChannel( IPCC, HW_IPCC_ZIGBEE_CMD_APPLI_CHANNEL );
 567:STM32_WPAN/Target/hw_ipcc.c **** 
 568:STM32_WPAN/Target/hw_ipcc.c ****   return;
 569:STM32_WPAN/Target/hw_ipcc.c **** }
 570:STM32_WPAN/Target/hw_ipcc.c **** 
 571:STM32_WPAN/Target/hw_ipcc.c **** void HW_IPCC_ZIGBEE_SendM4AckToM0Notify( void )
 572:STM32_WPAN/Target/hw_ipcc.c **** {
 573:STM32_WPAN/Target/hw_ipcc.c ****   LL_C1_IPCC_ClearFlag_CHx( IPCC, HW_IPCC_ZIGBEE_APPLI_NOTIF_ACK_CHANNEL );
 574:STM32_WPAN/Target/hw_ipcc.c ****   LL_C1_IPCC_EnableReceiveChannel( IPCC, HW_IPCC_ZIGBEE_APPLI_NOTIF_ACK_CHANNEL );
 575:STM32_WPAN/Target/hw_ipcc.c **** 
 576:STM32_WPAN/Target/hw_ipcc.c ****   return;
 577:STM32_WPAN/Target/hw_ipcc.c **** }
 578:STM32_WPAN/Target/hw_ipcc.c **** 
 579:STM32_WPAN/Target/hw_ipcc.c **** static void HW_IPCC_ZIGBEE_CmdEvtHandler( void )
 580:STM32_WPAN/Target/hw_ipcc.c **** {
 581:STM32_WPAN/Target/hw_ipcc.c ****   LL_C1_IPCC_DisableTransmitChannel( IPCC, HW_IPCC_ZIGBEE_CMD_APPLI_CHANNEL );
 582:STM32_WPAN/Target/hw_ipcc.c **** 
 583:STM32_WPAN/Target/hw_ipcc.c ****   HW_IPCC_ZIGBEE_RecvAppliAckFromM0();
 584:STM32_WPAN/Target/hw_ipcc.c **** 
 585:STM32_WPAN/Target/hw_ipcc.c ****   return;
 586:STM32_WPAN/Target/hw_ipcc.c **** }
 587:STM32_WPAN/Target/hw_ipcc.c **** 
 588:STM32_WPAN/Target/hw_ipcc.c **** static void HW_IPCC_ZIGBEE_StackNotifEvtHandler( void )
 589:STM32_WPAN/Target/hw_ipcc.c **** {
 590:STM32_WPAN/Target/hw_ipcc.c ****   LL_C1_IPCC_DisableReceiveChannel( IPCC, HW_IPCC_ZIGBEE_APPLI_NOTIF_ACK_CHANNEL );
 591:STM32_WPAN/Target/hw_ipcc.c **** 
 592:STM32_WPAN/Target/hw_ipcc.c ****   HW_IPCC_ZIGBEE_RecvM0NotifyToM4();
 593:STM32_WPAN/Target/hw_ipcc.c **** 
 594:STM32_WPAN/Target/hw_ipcc.c ****   return;
 595:STM32_WPAN/Target/hw_ipcc.c **** }
 596:STM32_WPAN/Target/hw_ipcc.c **** 
 597:STM32_WPAN/Target/hw_ipcc.c **** static void HW_IPCC_ZIGBEE_StackM0RequestHandler( void )
 598:STM32_WPAN/Target/hw_ipcc.c **** {
 599:STM32_WPAN/Target/hw_ipcc.c ****   LL_C1_IPCC_DisableReceiveChannel( IPCC, HW_IPCC_ZIGBEE_M0_REQUEST_CHANNEL );
 600:STM32_WPAN/Target/hw_ipcc.c **** 
 601:STM32_WPAN/Target/hw_ipcc.c ****   HW_IPCC_ZIGBEE_RecvM0RequestToM4();
ARM GAS  C:\Users\843E~1\AppData\Local\Temp\ccJpJOBl.s 			page 12


 602:STM32_WPAN/Target/hw_ipcc.c **** 
 603:STM32_WPAN/Target/hw_ipcc.c ****   return;
 604:STM32_WPAN/Target/hw_ipcc.c **** }
 605:STM32_WPAN/Target/hw_ipcc.c **** 
 606:STM32_WPAN/Target/hw_ipcc.c **** void HW_IPCC_ZIGBEE_SendM4AckToM0Request( void )
 607:STM32_WPAN/Target/hw_ipcc.c **** {
 608:STM32_WPAN/Target/hw_ipcc.c ****   LL_C1_IPCC_ClearFlag_CHx( IPCC, HW_IPCC_ZIGBEE_M0_REQUEST_CHANNEL );
 609:STM32_WPAN/Target/hw_ipcc.c ****   LL_C1_IPCC_EnableReceiveChannel( IPCC, HW_IPCC_ZIGBEE_M0_REQUEST_CHANNEL );
 610:STM32_WPAN/Target/hw_ipcc.c **** 
 611:STM32_WPAN/Target/hw_ipcc.c ****   return;
 612:STM32_WPAN/Target/hw_ipcc.c **** }
 613:STM32_WPAN/Target/hw_ipcc.c **** 
 614:STM32_WPAN/Target/hw_ipcc.c **** __weak void HW_IPCC_ZIGBEE_RecvAppliAckFromM0( void ){};
 615:STM32_WPAN/Target/hw_ipcc.c **** __weak void HW_IPCC_ZIGBEE_RecvM0NotifyToM4( void ){};
 616:STM32_WPAN/Target/hw_ipcc.c **** __weak void HW_IPCC_ZIGBEE_RecvM0RequestToM4( void ){};
 617:STM32_WPAN/Target/hw_ipcc.c **** #endif /* ZIGBEE_WB */
 618:STM32_WPAN/Target/hw_ipcc.c **** 
 619:STM32_WPAN/Target/hw_ipcc.c **** /******************************************************************************
 620:STM32_WPAN/Target/hw_ipcc.c ****  * MEMORY MANAGER
 621:STM32_WPAN/Target/hw_ipcc.c ****  ******************************************************************************/
 622:STM32_WPAN/Target/hw_ipcc.c **** void HW_IPCC_MM_SendFreeBuf( void (*cb)( void ) )
 623:STM32_WPAN/Target/hw_ipcc.c **** {
 624:STM32_WPAN/Target/hw_ipcc.c ****   if ( LL_C1_IPCC_IsActiveFlag_CHx( IPCC, HW_IPCC_MM_RELEASE_BUFFER_CHANNEL ) )
 625:STM32_WPAN/Target/hw_ipcc.c ****   {
 626:STM32_WPAN/Target/hw_ipcc.c ****     FreeBufCb = cb;
 627:STM32_WPAN/Target/hw_ipcc.c ****     LL_C1_IPCC_EnableTransmitChannel( IPCC, HW_IPCC_MM_RELEASE_BUFFER_CHANNEL );
 628:STM32_WPAN/Target/hw_ipcc.c ****   }
 629:STM32_WPAN/Target/hw_ipcc.c ****   else
 630:STM32_WPAN/Target/hw_ipcc.c ****   {
 631:STM32_WPAN/Target/hw_ipcc.c ****     cb();
 632:STM32_WPAN/Target/hw_ipcc.c **** 
 633:STM32_WPAN/Target/hw_ipcc.c ****     LL_C1_IPCC_SetFlag_CHx( IPCC, HW_IPCC_MM_RELEASE_BUFFER_CHANNEL );
 634:STM32_WPAN/Target/hw_ipcc.c ****   }
 635:STM32_WPAN/Target/hw_ipcc.c **** 
 636:STM32_WPAN/Target/hw_ipcc.c ****   return;
 637:STM32_WPAN/Target/hw_ipcc.c **** }
 638:STM32_WPAN/Target/hw_ipcc.c **** 
 639:STM32_WPAN/Target/hw_ipcc.c **** static void HW_IPCC_MM_FreeBufHandler( void )
 640:STM32_WPAN/Target/hw_ipcc.c **** {
  28              		.loc 1 640 1 view -0
  29              		.cfi_startproc
  30              		@ args = 0, pretend = 0, frame = 0
  31              		@ frame_needed = 0, uses_anonymous_args = 0
  32 0000 10B5     		push	{r4, lr}
  33              	.LCFI0:
  34              		.cfi_def_cfa_offset 8
  35              		.cfi_offset 4, -8
  36              		.cfi_offset 14, -4
 641:STM32_WPAN/Target/hw_ipcc.c ****   LL_C1_IPCC_DisableTransmitChannel( IPCC, HW_IPCC_MM_RELEASE_BUFFER_CHANNEL );
  37              		.loc 1 641 3 view .LVU1
  38              	.LVL0:
  39              	.LBB64:
  40              	.LBI64:
  41              		.file 2 "Drivers/STM32WBxx_HAL_Driver/Inc/stm32wbxx_ll_ipcc.h"
   1:Drivers/STM32WBxx_HAL_Driver/Inc/stm32wbxx_ll_ipcc.h **** /**
   2:Drivers/STM32WBxx_HAL_Driver/Inc/stm32wbxx_ll_ipcc.h ****   ******************************************************************************
   3:Drivers/STM32WBxx_HAL_Driver/Inc/stm32wbxx_ll_ipcc.h ****   * @file    stm32wbxx_ll_ipcc.h
ARM GAS  C:\Users\843E~1\AppData\Local\Temp\ccJpJOBl.s 			page 13


   4:Drivers/STM32WBxx_HAL_Driver/Inc/stm32wbxx_ll_ipcc.h ****   * @author  MCD Application Team
   5:Drivers/STM32WBxx_HAL_Driver/Inc/stm32wbxx_ll_ipcc.h ****   * @brief   Header file of IPCC LL module.
   6:Drivers/STM32WBxx_HAL_Driver/Inc/stm32wbxx_ll_ipcc.h ****   ******************************************************************************
   7:Drivers/STM32WBxx_HAL_Driver/Inc/stm32wbxx_ll_ipcc.h ****   * @attention
   8:Drivers/STM32WBxx_HAL_Driver/Inc/stm32wbxx_ll_ipcc.h ****   *
   9:Drivers/STM32WBxx_HAL_Driver/Inc/stm32wbxx_ll_ipcc.h ****   * Copyright (c) 2019 STMicroelectronics.
  10:Drivers/STM32WBxx_HAL_Driver/Inc/stm32wbxx_ll_ipcc.h ****   * All rights reserved.
  11:Drivers/STM32WBxx_HAL_Driver/Inc/stm32wbxx_ll_ipcc.h ****   *
  12:Drivers/STM32WBxx_HAL_Driver/Inc/stm32wbxx_ll_ipcc.h ****   * This software is licensed under terms that can be found in the LICENSE file
  13:Drivers/STM32WBxx_HAL_Driver/Inc/stm32wbxx_ll_ipcc.h ****   * in the root directory of this software component.
  14:Drivers/STM32WBxx_HAL_Driver/Inc/stm32wbxx_ll_ipcc.h ****   * If no LICENSE file comes with this software, it is provided AS-IS.
  15:Drivers/STM32WBxx_HAL_Driver/Inc/stm32wbxx_ll_ipcc.h ****   *
  16:Drivers/STM32WBxx_HAL_Driver/Inc/stm32wbxx_ll_ipcc.h ****   ******************************************************************************
  17:Drivers/STM32WBxx_HAL_Driver/Inc/stm32wbxx_ll_ipcc.h ****   */
  18:Drivers/STM32WBxx_HAL_Driver/Inc/stm32wbxx_ll_ipcc.h **** 
  19:Drivers/STM32WBxx_HAL_Driver/Inc/stm32wbxx_ll_ipcc.h **** /* Define to prevent recursive inclusion -------------------------------------*/
  20:Drivers/STM32WBxx_HAL_Driver/Inc/stm32wbxx_ll_ipcc.h **** #ifndef STM32WBxx_LL_IPCC_H
  21:Drivers/STM32WBxx_HAL_Driver/Inc/stm32wbxx_ll_ipcc.h **** #define STM32WBxx_LL_IPCC_H
  22:Drivers/STM32WBxx_HAL_Driver/Inc/stm32wbxx_ll_ipcc.h **** 
  23:Drivers/STM32WBxx_HAL_Driver/Inc/stm32wbxx_ll_ipcc.h **** #ifdef __cplusplus
  24:Drivers/STM32WBxx_HAL_Driver/Inc/stm32wbxx_ll_ipcc.h **** extern "C" {
  25:Drivers/STM32WBxx_HAL_Driver/Inc/stm32wbxx_ll_ipcc.h **** #endif
  26:Drivers/STM32WBxx_HAL_Driver/Inc/stm32wbxx_ll_ipcc.h **** 
  27:Drivers/STM32WBxx_HAL_Driver/Inc/stm32wbxx_ll_ipcc.h **** /* Includes ------------------------------------------------------------------*/
  28:Drivers/STM32WBxx_HAL_Driver/Inc/stm32wbxx_ll_ipcc.h **** #include "stm32wbxx.h"
  29:Drivers/STM32WBxx_HAL_Driver/Inc/stm32wbxx_ll_ipcc.h **** 
  30:Drivers/STM32WBxx_HAL_Driver/Inc/stm32wbxx_ll_ipcc.h **** /** @addtogroup STM32WBxx_LL_Driver
  31:Drivers/STM32WBxx_HAL_Driver/Inc/stm32wbxx_ll_ipcc.h ****   * @{
  32:Drivers/STM32WBxx_HAL_Driver/Inc/stm32wbxx_ll_ipcc.h ****   */
  33:Drivers/STM32WBxx_HAL_Driver/Inc/stm32wbxx_ll_ipcc.h **** 
  34:Drivers/STM32WBxx_HAL_Driver/Inc/stm32wbxx_ll_ipcc.h **** #if defined(IPCC)
  35:Drivers/STM32WBxx_HAL_Driver/Inc/stm32wbxx_ll_ipcc.h **** 
  36:Drivers/STM32WBxx_HAL_Driver/Inc/stm32wbxx_ll_ipcc.h **** /** @defgroup IPCC_LL IPCC
  37:Drivers/STM32WBxx_HAL_Driver/Inc/stm32wbxx_ll_ipcc.h ****   * @{
  38:Drivers/STM32WBxx_HAL_Driver/Inc/stm32wbxx_ll_ipcc.h ****   */
  39:Drivers/STM32WBxx_HAL_Driver/Inc/stm32wbxx_ll_ipcc.h **** 
  40:Drivers/STM32WBxx_HAL_Driver/Inc/stm32wbxx_ll_ipcc.h **** /* Private types -------------------------------------------------------------*/
  41:Drivers/STM32WBxx_HAL_Driver/Inc/stm32wbxx_ll_ipcc.h **** /* Private variables ---------------------------------------------------------*/
  42:Drivers/STM32WBxx_HAL_Driver/Inc/stm32wbxx_ll_ipcc.h **** /* Private constants ---------------------------------------------------------*/
  43:Drivers/STM32WBxx_HAL_Driver/Inc/stm32wbxx_ll_ipcc.h **** /* Private macros ------------------------------------------------------------*/
  44:Drivers/STM32WBxx_HAL_Driver/Inc/stm32wbxx_ll_ipcc.h **** /* Exported types ------------------------------------------------------------*/
  45:Drivers/STM32WBxx_HAL_Driver/Inc/stm32wbxx_ll_ipcc.h **** /* Exported constants --------------------------------------------------------*/
  46:Drivers/STM32WBxx_HAL_Driver/Inc/stm32wbxx_ll_ipcc.h **** /** @defgroup IPCC_LL_Exported_Constants IPCC Exported Constants
  47:Drivers/STM32WBxx_HAL_Driver/Inc/stm32wbxx_ll_ipcc.h ****   * @{
  48:Drivers/STM32WBxx_HAL_Driver/Inc/stm32wbxx_ll_ipcc.h ****   */
  49:Drivers/STM32WBxx_HAL_Driver/Inc/stm32wbxx_ll_ipcc.h **** 
  50:Drivers/STM32WBxx_HAL_Driver/Inc/stm32wbxx_ll_ipcc.h **** /** @defgroup IPCC_LL_EC_GET_FLAG Get Flags Defines
  51:Drivers/STM32WBxx_HAL_Driver/Inc/stm32wbxx_ll_ipcc.h ****   * @brief    Flags defines which can be used with LL_IPCC_ReadReg function
  52:Drivers/STM32WBxx_HAL_Driver/Inc/stm32wbxx_ll_ipcc.h ****   * @{
  53:Drivers/STM32WBxx_HAL_Driver/Inc/stm32wbxx_ll_ipcc.h ****   */
  54:Drivers/STM32WBxx_HAL_Driver/Inc/stm32wbxx_ll_ipcc.h **** #define LL_IPCC_C1TOC2SR_CH1F IPCC_C1TOC2SR_CH1F_Msk /*!< C1 transmit to C2 receive Channel1 status
  55:Drivers/STM32WBxx_HAL_Driver/Inc/stm32wbxx_ll_ipcc.h **** #define LL_IPCC_C1TOC2SR_CH2F IPCC_C1TOC2SR_CH2F_Msk /*!< C1 transmit to C2 receive Channel2 status
  56:Drivers/STM32WBxx_HAL_Driver/Inc/stm32wbxx_ll_ipcc.h **** #define LL_IPCC_C1TOC2SR_CH3F IPCC_C1TOC2SR_CH3F_Msk /*!< C1 transmit to C2 receive Channel3 status
  57:Drivers/STM32WBxx_HAL_Driver/Inc/stm32wbxx_ll_ipcc.h **** #define LL_IPCC_C1TOC2SR_CH4F IPCC_C1TOC2SR_CH4F_Msk /*!< C1 transmit to C2 receive Channel4 status
  58:Drivers/STM32WBxx_HAL_Driver/Inc/stm32wbxx_ll_ipcc.h **** #define LL_IPCC_C1TOC2SR_CH5F IPCC_C1TOC2SR_CH5F_Msk /*!< C1 transmit to C2 receive Channel5 status
  59:Drivers/STM32WBxx_HAL_Driver/Inc/stm32wbxx_ll_ipcc.h **** #define LL_IPCC_C1TOC2SR_CH6F IPCC_C1TOC2SR_CH6F_Msk /*!< C1 transmit to C2 receive Channel6 status
  60:Drivers/STM32WBxx_HAL_Driver/Inc/stm32wbxx_ll_ipcc.h **** #define LL_IPCC_C2TOC1SR_CH1F IPCC_C2TOC1SR_CH1F_Msk /*!< C2 transmit to C1 receive Channel1 status
ARM GAS  C:\Users\843E~1\AppData\Local\Temp\ccJpJOBl.s 			page 14


  61:Drivers/STM32WBxx_HAL_Driver/Inc/stm32wbxx_ll_ipcc.h **** #define LL_IPCC_C2TOC1SR_CH2F IPCC_C2TOC1SR_CH2F_Msk /*!< C2 transmit to C1 receive Channel2 status
  62:Drivers/STM32WBxx_HAL_Driver/Inc/stm32wbxx_ll_ipcc.h **** #define LL_IPCC_C2TOC1SR_CH3F IPCC_C2TOC1SR_CH3F_Msk /*!< C2 transmit to C1 receive Channel3 status
  63:Drivers/STM32WBxx_HAL_Driver/Inc/stm32wbxx_ll_ipcc.h **** #define LL_IPCC_C2TOC1SR_CH4F IPCC_C2TOC1SR_CH4F_Msk /*!< C2 transmit to C1 receive Channel4 status
  64:Drivers/STM32WBxx_HAL_Driver/Inc/stm32wbxx_ll_ipcc.h **** #define LL_IPCC_C2TOC1SR_CH5F IPCC_C2TOC1SR_CH5F_Msk /*!< C2 transmit to C1 receive Channel5 status
  65:Drivers/STM32WBxx_HAL_Driver/Inc/stm32wbxx_ll_ipcc.h **** #define LL_IPCC_C2TOC1SR_CH6F IPCC_C2TOC1SR_CH6F_Msk /*!< C2 transmit to C1 receive Channel6 status
  66:Drivers/STM32WBxx_HAL_Driver/Inc/stm32wbxx_ll_ipcc.h **** 
  67:Drivers/STM32WBxx_HAL_Driver/Inc/stm32wbxx_ll_ipcc.h **** /**
  68:Drivers/STM32WBxx_HAL_Driver/Inc/stm32wbxx_ll_ipcc.h ****   * @}
  69:Drivers/STM32WBxx_HAL_Driver/Inc/stm32wbxx_ll_ipcc.h ****   */
  70:Drivers/STM32WBxx_HAL_Driver/Inc/stm32wbxx_ll_ipcc.h **** 
  71:Drivers/STM32WBxx_HAL_Driver/Inc/stm32wbxx_ll_ipcc.h **** /** @defgroup IPCC_LL_EC_Channel Channel
  72:Drivers/STM32WBxx_HAL_Driver/Inc/stm32wbxx_ll_ipcc.h ****   * @{
  73:Drivers/STM32WBxx_HAL_Driver/Inc/stm32wbxx_ll_ipcc.h ****   */
  74:Drivers/STM32WBxx_HAL_Driver/Inc/stm32wbxx_ll_ipcc.h **** #define LL_IPCC_CHANNEL_1 (0x00000001U) /*!< IPCC Channel 1 */
  75:Drivers/STM32WBxx_HAL_Driver/Inc/stm32wbxx_ll_ipcc.h **** #define LL_IPCC_CHANNEL_2 (0x00000002U) /*!< IPCC Channel 2 */
  76:Drivers/STM32WBxx_HAL_Driver/Inc/stm32wbxx_ll_ipcc.h **** #define LL_IPCC_CHANNEL_3 (0x00000004U) /*!< IPCC Channel 3 */
  77:Drivers/STM32WBxx_HAL_Driver/Inc/stm32wbxx_ll_ipcc.h **** #define LL_IPCC_CHANNEL_4 (0x00000008U) /*!< IPCC Channel 4 */
  78:Drivers/STM32WBxx_HAL_Driver/Inc/stm32wbxx_ll_ipcc.h **** #define LL_IPCC_CHANNEL_5 (0x00000010U) /*!< IPCC Channel 5 */
  79:Drivers/STM32WBxx_HAL_Driver/Inc/stm32wbxx_ll_ipcc.h **** #define LL_IPCC_CHANNEL_6 (0x00000020U) /*!< IPCC Channel 6 */
  80:Drivers/STM32WBxx_HAL_Driver/Inc/stm32wbxx_ll_ipcc.h **** /**
  81:Drivers/STM32WBxx_HAL_Driver/Inc/stm32wbxx_ll_ipcc.h ****   * @}
  82:Drivers/STM32WBxx_HAL_Driver/Inc/stm32wbxx_ll_ipcc.h ****   */
  83:Drivers/STM32WBxx_HAL_Driver/Inc/stm32wbxx_ll_ipcc.h **** 
  84:Drivers/STM32WBxx_HAL_Driver/Inc/stm32wbxx_ll_ipcc.h **** /**
  85:Drivers/STM32WBxx_HAL_Driver/Inc/stm32wbxx_ll_ipcc.h ****   * @}
  86:Drivers/STM32WBxx_HAL_Driver/Inc/stm32wbxx_ll_ipcc.h ****   */
  87:Drivers/STM32WBxx_HAL_Driver/Inc/stm32wbxx_ll_ipcc.h **** 
  88:Drivers/STM32WBxx_HAL_Driver/Inc/stm32wbxx_ll_ipcc.h **** /* Exported macro ------------------------------------------------------------*/
  89:Drivers/STM32WBxx_HAL_Driver/Inc/stm32wbxx_ll_ipcc.h **** /** @defgroup IPCC_LL_Exported_Macros IPCC Exported Macros
  90:Drivers/STM32WBxx_HAL_Driver/Inc/stm32wbxx_ll_ipcc.h ****   * @{
  91:Drivers/STM32WBxx_HAL_Driver/Inc/stm32wbxx_ll_ipcc.h ****   */
  92:Drivers/STM32WBxx_HAL_Driver/Inc/stm32wbxx_ll_ipcc.h **** 
  93:Drivers/STM32WBxx_HAL_Driver/Inc/stm32wbxx_ll_ipcc.h **** /** @defgroup IPCC_LL_EM_WRITE_READ Common Write and read registers Macros
  94:Drivers/STM32WBxx_HAL_Driver/Inc/stm32wbxx_ll_ipcc.h ****   * @{
  95:Drivers/STM32WBxx_HAL_Driver/Inc/stm32wbxx_ll_ipcc.h ****   */
  96:Drivers/STM32WBxx_HAL_Driver/Inc/stm32wbxx_ll_ipcc.h **** 
  97:Drivers/STM32WBxx_HAL_Driver/Inc/stm32wbxx_ll_ipcc.h **** /**
  98:Drivers/STM32WBxx_HAL_Driver/Inc/stm32wbxx_ll_ipcc.h ****   * @brief  Write a value in IPCC register
  99:Drivers/STM32WBxx_HAL_Driver/Inc/stm32wbxx_ll_ipcc.h ****   * @param  __INSTANCE__ IPCC Instance
 100:Drivers/STM32WBxx_HAL_Driver/Inc/stm32wbxx_ll_ipcc.h ****   * @param  __REG__ Register to be written
 101:Drivers/STM32WBxx_HAL_Driver/Inc/stm32wbxx_ll_ipcc.h ****   * @param  __VALUE__ Value to be written in the register
 102:Drivers/STM32WBxx_HAL_Driver/Inc/stm32wbxx_ll_ipcc.h ****   * @retval None
 103:Drivers/STM32WBxx_HAL_Driver/Inc/stm32wbxx_ll_ipcc.h ****   */
 104:Drivers/STM32WBxx_HAL_Driver/Inc/stm32wbxx_ll_ipcc.h **** #define LL_IPCC_WriteReg(__INSTANCE__, __REG__, __VALUE__) WRITE_REG(__INSTANCE__->__REG__, (__VALU
 105:Drivers/STM32WBxx_HAL_Driver/Inc/stm32wbxx_ll_ipcc.h **** 
 106:Drivers/STM32WBxx_HAL_Driver/Inc/stm32wbxx_ll_ipcc.h **** /**
 107:Drivers/STM32WBxx_HAL_Driver/Inc/stm32wbxx_ll_ipcc.h ****   * @brief  Read a value in IPCC register
 108:Drivers/STM32WBxx_HAL_Driver/Inc/stm32wbxx_ll_ipcc.h ****   * @param  __INSTANCE__ IPCC Instance
 109:Drivers/STM32WBxx_HAL_Driver/Inc/stm32wbxx_ll_ipcc.h ****   * @param  __REG__ Register to be read
 110:Drivers/STM32WBxx_HAL_Driver/Inc/stm32wbxx_ll_ipcc.h ****   * @retval Register value
 111:Drivers/STM32WBxx_HAL_Driver/Inc/stm32wbxx_ll_ipcc.h ****   */
 112:Drivers/STM32WBxx_HAL_Driver/Inc/stm32wbxx_ll_ipcc.h **** #define LL_IPCC_ReadReg(__INSTANCE__, __REG__) READ_REG(__INSTANCE__->__REG__)
 113:Drivers/STM32WBxx_HAL_Driver/Inc/stm32wbxx_ll_ipcc.h **** /**
 114:Drivers/STM32WBxx_HAL_Driver/Inc/stm32wbxx_ll_ipcc.h ****   * @}
 115:Drivers/STM32WBxx_HAL_Driver/Inc/stm32wbxx_ll_ipcc.h ****   */
 116:Drivers/STM32WBxx_HAL_Driver/Inc/stm32wbxx_ll_ipcc.h **** 
 117:Drivers/STM32WBxx_HAL_Driver/Inc/stm32wbxx_ll_ipcc.h **** /**
ARM GAS  C:\Users\843E~1\AppData\Local\Temp\ccJpJOBl.s 			page 15


 118:Drivers/STM32WBxx_HAL_Driver/Inc/stm32wbxx_ll_ipcc.h ****   * @}
 119:Drivers/STM32WBxx_HAL_Driver/Inc/stm32wbxx_ll_ipcc.h ****   */
 120:Drivers/STM32WBxx_HAL_Driver/Inc/stm32wbxx_ll_ipcc.h **** 
 121:Drivers/STM32WBxx_HAL_Driver/Inc/stm32wbxx_ll_ipcc.h **** 
 122:Drivers/STM32WBxx_HAL_Driver/Inc/stm32wbxx_ll_ipcc.h **** /* Exported functions --------------------------------------------------------*/
 123:Drivers/STM32WBxx_HAL_Driver/Inc/stm32wbxx_ll_ipcc.h **** /** @defgroup IPCC_LL_Exported_Functions IPCC Exported Functions
 124:Drivers/STM32WBxx_HAL_Driver/Inc/stm32wbxx_ll_ipcc.h ****   * @{
 125:Drivers/STM32WBxx_HAL_Driver/Inc/stm32wbxx_ll_ipcc.h ****   */
 126:Drivers/STM32WBxx_HAL_Driver/Inc/stm32wbxx_ll_ipcc.h **** 
 127:Drivers/STM32WBxx_HAL_Driver/Inc/stm32wbxx_ll_ipcc.h **** /** @defgroup IPCC_LL_EF_IT_Management IT_Management
 128:Drivers/STM32WBxx_HAL_Driver/Inc/stm32wbxx_ll_ipcc.h ****   * @{
 129:Drivers/STM32WBxx_HAL_Driver/Inc/stm32wbxx_ll_ipcc.h ****   */
 130:Drivers/STM32WBxx_HAL_Driver/Inc/stm32wbxx_ll_ipcc.h **** 
 131:Drivers/STM32WBxx_HAL_Driver/Inc/stm32wbxx_ll_ipcc.h **** /**
 132:Drivers/STM32WBxx_HAL_Driver/Inc/stm32wbxx_ll_ipcc.h ****   * @brief  Enable Transmit channel free interrupt for processor 1.
 133:Drivers/STM32WBxx_HAL_Driver/Inc/stm32wbxx_ll_ipcc.h ****   * @rmtoll C1CR          TXFIE         LL_C1_IPCC_EnableIT_TXF
 134:Drivers/STM32WBxx_HAL_Driver/Inc/stm32wbxx_ll_ipcc.h ****   * @param  IPCCx IPCC Instance.
 135:Drivers/STM32WBxx_HAL_Driver/Inc/stm32wbxx_ll_ipcc.h ****   * @retval None
 136:Drivers/STM32WBxx_HAL_Driver/Inc/stm32wbxx_ll_ipcc.h ****   */
 137:Drivers/STM32WBxx_HAL_Driver/Inc/stm32wbxx_ll_ipcc.h **** __STATIC_INLINE void LL_C1_IPCC_EnableIT_TXF(IPCC_TypeDef *IPCCx)
 138:Drivers/STM32WBxx_HAL_Driver/Inc/stm32wbxx_ll_ipcc.h **** {
 139:Drivers/STM32WBxx_HAL_Driver/Inc/stm32wbxx_ll_ipcc.h ****   SET_BIT(IPCCx->C1CR, IPCC_C1CR_TXFIE);
 140:Drivers/STM32WBxx_HAL_Driver/Inc/stm32wbxx_ll_ipcc.h **** }
 141:Drivers/STM32WBxx_HAL_Driver/Inc/stm32wbxx_ll_ipcc.h **** 
 142:Drivers/STM32WBxx_HAL_Driver/Inc/stm32wbxx_ll_ipcc.h **** /**
 143:Drivers/STM32WBxx_HAL_Driver/Inc/stm32wbxx_ll_ipcc.h ****   * @brief  Disable Transmit channel free interrupt for processor 1.
 144:Drivers/STM32WBxx_HAL_Driver/Inc/stm32wbxx_ll_ipcc.h ****   * @rmtoll C1CR          TXFIE         LL_C1_IPCC_DisableIT_TXF
 145:Drivers/STM32WBxx_HAL_Driver/Inc/stm32wbxx_ll_ipcc.h ****   * @param  IPCCx IPCC Instance.
 146:Drivers/STM32WBxx_HAL_Driver/Inc/stm32wbxx_ll_ipcc.h ****   * @retval None
 147:Drivers/STM32WBxx_HAL_Driver/Inc/stm32wbxx_ll_ipcc.h ****   */
 148:Drivers/STM32WBxx_HAL_Driver/Inc/stm32wbxx_ll_ipcc.h **** __STATIC_INLINE void LL_C1_IPCC_DisableIT_TXF(IPCC_TypeDef *IPCCx)
 149:Drivers/STM32WBxx_HAL_Driver/Inc/stm32wbxx_ll_ipcc.h **** {
 150:Drivers/STM32WBxx_HAL_Driver/Inc/stm32wbxx_ll_ipcc.h ****   CLEAR_BIT(IPCCx->C1CR, IPCC_C1CR_TXFIE);
 151:Drivers/STM32WBxx_HAL_Driver/Inc/stm32wbxx_ll_ipcc.h **** }
 152:Drivers/STM32WBxx_HAL_Driver/Inc/stm32wbxx_ll_ipcc.h **** 
 153:Drivers/STM32WBxx_HAL_Driver/Inc/stm32wbxx_ll_ipcc.h **** /**
 154:Drivers/STM32WBxx_HAL_Driver/Inc/stm32wbxx_ll_ipcc.h ****   * @brief  Check if Transmit channel free interrupt for processor 1 is enabled.
 155:Drivers/STM32WBxx_HAL_Driver/Inc/stm32wbxx_ll_ipcc.h ****   * @rmtoll C1CR          TXFIE         LL_C1_IPCC_IsEnabledIT_TXF
 156:Drivers/STM32WBxx_HAL_Driver/Inc/stm32wbxx_ll_ipcc.h ****   * @param  IPCCx IPCC Instance.
 157:Drivers/STM32WBxx_HAL_Driver/Inc/stm32wbxx_ll_ipcc.h ****   * @retval State of bit (1 or 0).
 158:Drivers/STM32WBxx_HAL_Driver/Inc/stm32wbxx_ll_ipcc.h ****   */
 159:Drivers/STM32WBxx_HAL_Driver/Inc/stm32wbxx_ll_ipcc.h **** __STATIC_INLINE uint32_t LL_C1_IPCC_IsEnabledIT_TXF(IPCC_TypeDef const *const IPCCx)
 160:Drivers/STM32WBxx_HAL_Driver/Inc/stm32wbxx_ll_ipcc.h **** {
 161:Drivers/STM32WBxx_HAL_Driver/Inc/stm32wbxx_ll_ipcc.h ****   return ((READ_BIT(IPCCx->C1CR, IPCC_C1CR_TXFIE) == (IPCC_C1CR_TXFIE)) ? 1UL : 0UL);
 162:Drivers/STM32WBxx_HAL_Driver/Inc/stm32wbxx_ll_ipcc.h **** }
 163:Drivers/STM32WBxx_HAL_Driver/Inc/stm32wbxx_ll_ipcc.h **** 
 164:Drivers/STM32WBxx_HAL_Driver/Inc/stm32wbxx_ll_ipcc.h **** /**
 165:Drivers/STM32WBxx_HAL_Driver/Inc/stm32wbxx_ll_ipcc.h ****   * @brief  Enable Receive channel occupied interrupt for processor 1.
 166:Drivers/STM32WBxx_HAL_Driver/Inc/stm32wbxx_ll_ipcc.h ****   * @rmtoll C1CR          RXOIE         LL_C1_IPCC_EnableIT_RXO
 167:Drivers/STM32WBxx_HAL_Driver/Inc/stm32wbxx_ll_ipcc.h ****   * @param  IPCCx IPCC Instance.
 168:Drivers/STM32WBxx_HAL_Driver/Inc/stm32wbxx_ll_ipcc.h ****   * @retval None
 169:Drivers/STM32WBxx_HAL_Driver/Inc/stm32wbxx_ll_ipcc.h ****   */
 170:Drivers/STM32WBxx_HAL_Driver/Inc/stm32wbxx_ll_ipcc.h **** __STATIC_INLINE void LL_C1_IPCC_EnableIT_RXO(IPCC_TypeDef *IPCCx)
 171:Drivers/STM32WBxx_HAL_Driver/Inc/stm32wbxx_ll_ipcc.h **** {
 172:Drivers/STM32WBxx_HAL_Driver/Inc/stm32wbxx_ll_ipcc.h ****   SET_BIT(IPCCx->C1CR, IPCC_C1CR_RXOIE);
 173:Drivers/STM32WBxx_HAL_Driver/Inc/stm32wbxx_ll_ipcc.h **** }
 174:Drivers/STM32WBxx_HAL_Driver/Inc/stm32wbxx_ll_ipcc.h **** 
ARM GAS  C:\Users\843E~1\AppData\Local\Temp\ccJpJOBl.s 			page 16


 175:Drivers/STM32WBxx_HAL_Driver/Inc/stm32wbxx_ll_ipcc.h **** /**
 176:Drivers/STM32WBxx_HAL_Driver/Inc/stm32wbxx_ll_ipcc.h ****   * @brief  Disable Receive channel occupied interrupt for processor 1.
 177:Drivers/STM32WBxx_HAL_Driver/Inc/stm32wbxx_ll_ipcc.h ****   * @rmtoll C1CR          RXOIE         LL_C1_IPCC_DisableIT_RXO
 178:Drivers/STM32WBxx_HAL_Driver/Inc/stm32wbxx_ll_ipcc.h ****   * @param  IPCCx IPCC Instance.
 179:Drivers/STM32WBxx_HAL_Driver/Inc/stm32wbxx_ll_ipcc.h ****   * @retval None
 180:Drivers/STM32WBxx_HAL_Driver/Inc/stm32wbxx_ll_ipcc.h ****   */
 181:Drivers/STM32WBxx_HAL_Driver/Inc/stm32wbxx_ll_ipcc.h **** __STATIC_INLINE void LL_C1_IPCC_DisableIT_RXO(IPCC_TypeDef *IPCCx)
 182:Drivers/STM32WBxx_HAL_Driver/Inc/stm32wbxx_ll_ipcc.h **** {
 183:Drivers/STM32WBxx_HAL_Driver/Inc/stm32wbxx_ll_ipcc.h ****   CLEAR_BIT(IPCCx->C1CR, IPCC_C1CR_RXOIE);
 184:Drivers/STM32WBxx_HAL_Driver/Inc/stm32wbxx_ll_ipcc.h **** }
 185:Drivers/STM32WBxx_HAL_Driver/Inc/stm32wbxx_ll_ipcc.h **** 
 186:Drivers/STM32WBxx_HAL_Driver/Inc/stm32wbxx_ll_ipcc.h **** /**
 187:Drivers/STM32WBxx_HAL_Driver/Inc/stm32wbxx_ll_ipcc.h ****   * @brief  Check if Receive channel occupied interrupt for processor 1 is enabled.
 188:Drivers/STM32WBxx_HAL_Driver/Inc/stm32wbxx_ll_ipcc.h ****   * @rmtoll C1CR          RXOIE         LL_C1_IPCC_IsEnabledIT_RXO
 189:Drivers/STM32WBxx_HAL_Driver/Inc/stm32wbxx_ll_ipcc.h ****   * @param  IPCCx IPCC Instance.
 190:Drivers/STM32WBxx_HAL_Driver/Inc/stm32wbxx_ll_ipcc.h ****   * @retval State of bit (1 or 0).
 191:Drivers/STM32WBxx_HAL_Driver/Inc/stm32wbxx_ll_ipcc.h ****   */
 192:Drivers/STM32WBxx_HAL_Driver/Inc/stm32wbxx_ll_ipcc.h **** __STATIC_INLINE uint32_t LL_C1_IPCC_IsEnabledIT_RXO(IPCC_TypeDef  const *const IPCCx)
 193:Drivers/STM32WBxx_HAL_Driver/Inc/stm32wbxx_ll_ipcc.h **** {
 194:Drivers/STM32WBxx_HAL_Driver/Inc/stm32wbxx_ll_ipcc.h ****   return ((READ_BIT(IPCCx->C1CR, IPCC_C1CR_RXOIE) == (IPCC_C1CR_RXOIE)) ? 1UL : 0UL);
 195:Drivers/STM32WBxx_HAL_Driver/Inc/stm32wbxx_ll_ipcc.h **** }
 196:Drivers/STM32WBxx_HAL_Driver/Inc/stm32wbxx_ll_ipcc.h **** 
 197:Drivers/STM32WBxx_HAL_Driver/Inc/stm32wbxx_ll_ipcc.h **** /**
 198:Drivers/STM32WBxx_HAL_Driver/Inc/stm32wbxx_ll_ipcc.h ****   * @brief  Enable Transmit channel free interrupt for processor 2.
 199:Drivers/STM32WBxx_HAL_Driver/Inc/stm32wbxx_ll_ipcc.h ****   * @rmtoll C2CR          TXFIE         LL_C2_IPCC_EnableIT_TXF
 200:Drivers/STM32WBxx_HAL_Driver/Inc/stm32wbxx_ll_ipcc.h ****   * @param  IPCCx IPCC Instance.
 201:Drivers/STM32WBxx_HAL_Driver/Inc/stm32wbxx_ll_ipcc.h ****   * @retval None
 202:Drivers/STM32WBxx_HAL_Driver/Inc/stm32wbxx_ll_ipcc.h ****   */
 203:Drivers/STM32WBxx_HAL_Driver/Inc/stm32wbxx_ll_ipcc.h **** __STATIC_INLINE void LL_C2_IPCC_EnableIT_TXF(IPCC_TypeDef *IPCCx)
 204:Drivers/STM32WBxx_HAL_Driver/Inc/stm32wbxx_ll_ipcc.h **** {
 205:Drivers/STM32WBxx_HAL_Driver/Inc/stm32wbxx_ll_ipcc.h ****   SET_BIT(IPCCx->C2CR, IPCC_C2CR_TXFIE);
 206:Drivers/STM32WBxx_HAL_Driver/Inc/stm32wbxx_ll_ipcc.h **** }
 207:Drivers/STM32WBxx_HAL_Driver/Inc/stm32wbxx_ll_ipcc.h **** 
 208:Drivers/STM32WBxx_HAL_Driver/Inc/stm32wbxx_ll_ipcc.h **** /**
 209:Drivers/STM32WBxx_HAL_Driver/Inc/stm32wbxx_ll_ipcc.h ****   * @brief  Disable Transmit channel free interrupt for processor 2.
 210:Drivers/STM32WBxx_HAL_Driver/Inc/stm32wbxx_ll_ipcc.h ****   * @rmtoll C2CR          TXFIE         LL_C2_IPCC_DisableIT_TXF
 211:Drivers/STM32WBxx_HAL_Driver/Inc/stm32wbxx_ll_ipcc.h ****   * @param  IPCCx IPCC Instance.
 212:Drivers/STM32WBxx_HAL_Driver/Inc/stm32wbxx_ll_ipcc.h ****   * @retval None
 213:Drivers/STM32WBxx_HAL_Driver/Inc/stm32wbxx_ll_ipcc.h ****   */
 214:Drivers/STM32WBxx_HAL_Driver/Inc/stm32wbxx_ll_ipcc.h **** __STATIC_INLINE void LL_C2_IPCC_DisableIT_TXF(IPCC_TypeDef *IPCCx)
 215:Drivers/STM32WBxx_HAL_Driver/Inc/stm32wbxx_ll_ipcc.h **** {
 216:Drivers/STM32WBxx_HAL_Driver/Inc/stm32wbxx_ll_ipcc.h ****   CLEAR_BIT(IPCCx->C2CR, IPCC_C2CR_TXFIE);
 217:Drivers/STM32WBxx_HAL_Driver/Inc/stm32wbxx_ll_ipcc.h **** }
 218:Drivers/STM32WBxx_HAL_Driver/Inc/stm32wbxx_ll_ipcc.h **** 
 219:Drivers/STM32WBxx_HAL_Driver/Inc/stm32wbxx_ll_ipcc.h **** /**
 220:Drivers/STM32WBxx_HAL_Driver/Inc/stm32wbxx_ll_ipcc.h ****   * @brief  Check if Transmit channel free interrupt for processor 2 is enabled.
 221:Drivers/STM32WBxx_HAL_Driver/Inc/stm32wbxx_ll_ipcc.h ****   * @rmtoll C2CR          TXFIE         LL_C2_IPCC_IsEnabledIT_TXF
 222:Drivers/STM32WBxx_HAL_Driver/Inc/stm32wbxx_ll_ipcc.h ****   * @param  IPCCx IPCC Instance.
 223:Drivers/STM32WBxx_HAL_Driver/Inc/stm32wbxx_ll_ipcc.h ****   * @retval State of bit (1 or 0).
 224:Drivers/STM32WBxx_HAL_Driver/Inc/stm32wbxx_ll_ipcc.h ****   */
 225:Drivers/STM32WBxx_HAL_Driver/Inc/stm32wbxx_ll_ipcc.h **** __STATIC_INLINE uint32_t LL_C2_IPCC_IsEnabledIT_TXF(IPCC_TypeDef  const *const IPCCx)
 226:Drivers/STM32WBxx_HAL_Driver/Inc/stm32wbxx_ll_ipcc.h **** {
 227:Drivers/STM32WBxx_HAL_Driver/Inc/stm32wbxx_ll_ipcc.h ****   return ((READ_BIT(IPCCx->C2CR, IPCC_C2CR_TXFIE) == (IPCC_C2CR_TXFIE)) ? 1UL : 0UL);
 228:Drivers/STM32WBxx_HAL_Driver/Inc/stm32wbxx_ll_ipcc.h **** }
 229:Drivers/STM32WBxx_HAL_Driver/Inc/stm32wbxx_ll_ipcc.h **** 
 230:Drivers/STM32WBxx_HAL_Driver/Inc/stm32wbxx_ll_ipcc.h **** /**
 231:Drivers/STM32WBxx_HAL_Driver/Inc/stm32wbxx_ll_ipcc.h ****   * @brief  Enable Receive channel occupied interrupt for processor 2.
ARM GAS  C:\Users\843E~1\AppData\Local\Temp\ccJpJOBl.s 			page 17


 232:Drivers/STM32WBxx_HAL_Driver/Inc/stm32wbxx_ll_ipcc.h ****   * @rmtoll C2CR          RXOIE         LL_C2_IPCC_EnableIT_RXO
 233:Drivers/STM32WBxx_HAL_Driver/Inc/stm32wbxx_ll_ipcc.h ****   * @param  IPCCx IPCC Instance.
 234:Drivers/STM32WBxx_HAL_Driver/Inc/stm32wbxx_ll_ipcc.h ****   * @retval None
 235:Drivers/STM32WBxx_HAL_Driver/Inc/stm32wbxx_ll_ipcc.h ****   */
 236:Drivers/STM32WBxx_HAL_Driver/Inc/stm32wbxx_ll_ipcc.h **** __STATIC_INLINE void LL_C2_IPCC_EnableIT_RXO(IPCC_TypeDef *IPCCx)
 237:Drivers/STM32WBxx_HAL_Driver/Inc/stm32wbxx_ll_ipcc.h **** {
 238:Drivers/STM32WBxx_HAL_Driver/Inc/stm32wbxx_ll_ipcc.h ****   SET_BIT(IPCCx->C2CR, IPCC_C2CR_RXOIE);
 239:Drivers/STM32WBxx_HAL_Driver/Inc/stm32wbxx_ll_ipcc.h **** }
 240:Drivers/STM32WBxx_HAL_Driver/Inc/stm32wbxx_ll_ipcc.h **** 
 241:Drivers/STM32WBxx_HAL_Driver/Inc/stm32wbxx_ll_ipcc.h **** /**
 242:Drivers/STM32WBxx_HAL_Driver/Inc/stm32wbxx_ll_ipcc.h ****   * @brief  Disable Receive channel occupied interrupt for processor 2.
 243:Drivers/STM32WBxx_HAL_Driver/Inc/stm32wbxx_ll_ipcc.h ****   * @rmtoll C2CR          RXOIE         LL_C2_IPCC_DisableIT_RXO
 244:Drivers/STM32WBxx_HAL_Driver/Inc/stm32wbxx_ll_ipcc.h ****   * @param  IPCCx IPCC Instance.
 245:Drivers/STM32WBxx_HAL_Driver/Inc/stm32wbxx_ll_ipcc.h ****   * @retval None
 246:Drivers/STM32WBxx_HAL_Driver/Inc/stm32wbxx_ll_ipcc.h ****   */
 247:Drivers/STM32WBxx_HAL_Driver/Inc/stm32wbxx_ll_ipcc.h **** __STATIC_INLINE void LL_C2_IPCC_DisableIT_RXO(IPCC_TypeDef *IPCCx)
 248:Drivers/STM32WBxx_HAL_Driver/Inc/stm32wbxx_ll_ipcc.h **** {
 249:Drivers/STM32WBxx_HAL_Driver/Inc/stm32wbxx_ll_ipcc.h ****   CLEAR_BIT(IPCCx->C2CR, IPCC_C2CR_RXOIE);
 250:Drivers/STM32WBxx_HAL_Driver/Inc/stm32wbxx_ll_ipcc.h **** }
 251:Drivers/STM32WBxx_HAL_Driver/Inc/stm32wbxx_ll_ipcc.h **** 
 252:Drivers/STM32WBxx_HAL_Driver/Inc/stm32wbxx_ll_ipcc.h **** /**
 253:Drivers/STM32WBxx_HAL_Driver/Inc/stm32wbxx_ll_ipcc.h ****   * @brief  Check if Receive channel occupied interrupt for processor 2 is enabled.
 254:Drivers/STM32WBxx_HAL_Driver/Inc/stm32wbxx_ll_ipcc.h ****   * @rmtoll C2CR          RXOIE         LL_C2_IPCC_IsEnabledIT_RXO
 255:Drivers/STM32WBxx_HAL_Driver/Inc/stm32wbxx_ll_ipcc.h ****   * @param  IPCCx IPCC Instance.
 256:Drivers/STM32WBxx_HAL_Driver/Inc/stm32wbxx_ll_ipcc.h ****   * @retval State of bit (1 or 0).
 257:Drivers/STM32WBxx_HAL_Driver/Inc/stm32wbxx_ll_ipcc.h ****   */
 258:Drivers/STM32WBxx_HAL_Driver/Inc/stm32wbxx_ll_ipcc.h **** __STATIC_INLINE uint32_t LL_C2_IPCC_IsEnabledIT_RXO(IPCC_TypeDef const *const IPCCx)
 259:Drivers/STM32WBxx_HAL_Driver/Inc/stm32wbxx_ll_ipcc.h **** {
 260:Drivers/STM32WBxx_HAL_Driver/Inc/stm32wbxx_ll_ipcc.h ****   return ((READ_BIT(IPCCx->C2CR, IPCC_C2CR_RXOIE) == (IPCC_C2CR_RXOIE)) ? 1UL : 0UL);
 261:Drivers/STM32WBxx_HAL_Driver/Inc/stm32wbxx_ll_ipcc.h **** }
 262:Drivers/STM32WBxx_HAL_Driver/Inc/stm32wbxx_ll_ipcc.h **** 
 263:Drivers/STM32WBxx_HAL_Driver/Inc/stm32wbxx_ll_ipcc.h **** /**
 264:Drivers/STM32WBxx_HAL_Driver/Inc/stm32wbxx_ll_ipcc.h ****   * @}
 265:Drivers/STM32WBxx_HAL_Driver/Inc/stm32wbxx_ll_ipcc.h ****   */
 266:Drivers/STM32WBxx_HAL_Driver/Inc/stm32wbxx_ll_ipcc.h **** 
 267:Drivers/STM32WBxx_HAL_Driver/Inc/stm32wbxx_ll_ipcc.h **** /** @defgroup IPCC_LL_EF_Configuration Configuration
 268:Drivers/STM32WBxx_HAL_Driver/Inc/stm32wbxx_ll_ipcc.h ****   * @{
 269:Drivers/STM32WBxx_HAL_Driver/Inc/stm32wbxx_ll_ipcc.h ****   */
 270:Drivers/STM32WBxx_HAL_Driver/Inc/stm32wbxx_ll_ipcc.h **** 
 271:Drivers/STM32WBxx_HAL_Driver/Inc/stm32wbxx_ll_ipcc.h **** /**
 272:Drivers/STM32WBxx_HAL_Driver/Inc/stm32wbxx_ll_ipcc.h ****   * @brief  Unmask transmit channel free interrupt for processor 1.
 273:Drivers/STM32WBxx_HAL_Driver/Inc/stm32wbxx_ll_ipcc.h ****   * @rmtoll C1MR        CH1FM           LL_C1_IPCC_EnableTransmitChannel\n
 274:Drivers/STM32WBxx_HAL_Driver/Inc/stm32wbxx_ll_ipcc.h ****   *         C1MR        CH2FM           LL_C1_IPCC_EnableTransmitChannel\n
 275:Drivers/STM32WBxx_HAL_Driver/Inc/stm32wbxx_ll_ipcc.h ****   *         C1MR        CH3FM           LL_C1_IPCC_EnableTransmitChannel\n
 276:Drivers/STM32WBxx_HAL_Driver/Inc/stm32wbxx_ll_ipcc.h ****   *         C1MR        CH4FM           LL_C1_IPCC_EnableTransmitChannel\n
 277:Drivers/STM32WBxx_HAL_Driver/Inc/stm32wbxx_ll_ipcc.h ****   *         C1MR        CH5FM           LL_C1_IPCC_EnableTransmitChannel\n
 278:Drivers/STM32WBxx_HAL_Driver/Inc/stm32wbxx_ll_ipcc.h ****   *         C1MR        CH6FM           LL_C1_IPCC_EnableTransmitChannel
 279:Drivers/STM32WBxx_HAL_Driver/Inc/stm32wbxx_ll_ipcc.h ****   * @param  IPCCx IPCC Instance.
 280:Drivers/STM32WBxx_HAL_Driver/Inc/stm32wbxx_ll_ipcc.h ****   * @param  Channel This parameter can be a combination of the following values:
 281:Drivers/STM32WBxx_HAL_Driver/Inc/stm32wbxx_ll_ipcc.h ****   *         @arg @ref LL_IPCC_CHANNEL_1
 282:Drivers/STM32WBxx_HAL_Driver/Inc/stm32wbxx_ll_ipcc.h ****   *         @arg @ref LL_IPCC_CHANNEL_2
 283:Drivers/STM32WBxx_HAL_Driver/Inc/stm32wbxx_ll_ipcc.h ****   *         @arg @ref LL_IPCC_CHANNEL_3
 284:Drivers/STM32WBxx_HAL_Driver/Inc/stm32wbxx_ll_ipcc.h ****   *         @arg @ref LL_IPCC_CHANNEL_4
 285:Drivers/STM32WBxx_HAL_Driver/Inc/stm32wbxx_ll_ipcc.h ****   *         @arg @ref LL_IPCC_CHANNEL_5
 286:Drivers/STM32WBxx_HAL_Driver/Inc/stm32wbxx_ll_ipcc.h ****   *         @arg @ref LL_IPCC_CHANNEL_6
 287:Drivers/STM32WBxx_HAL_Driver/Inc/stm32wbxx_ll_ipcc.h ****   * @retval None
 288:Drivers/STM32WBxx_HAL_Driver/Inc/stm32wbxx_ll_ipcc.h ****   */
ARM GAS  C:\Users\843E~1\AppData\Local\Temp\ccJpJOBl.s 			page 18


 289:Drivers/STM32WBxx_HAL_Driver/Inc/stm32wbxx_ll_ipcc.h **** __STATIC_INLINE void LL_C1_IPCC_EnableTransmitChannel(IPCC_TypeDef *IPCCx, uint32_t Channel)
 290:Drivers/STM32WBxx_HAL_Driver/Inc/stm32wbxx_ll_ipcc.h **** {
 291:Drivers/STM32WBxx_HAL_Driver/Inc/stm32wbxx_ll_ipcc.h ****   CLEAR_BIT(IPCCx->C1MR, Channel << IPCC_C1MR_CH1FM_Pos);
 292:Drivers/STM32WBxx_HAL_Driver/Inc/stm32wbxx_ll_ipcc.h **** }
 293:Drivers/STM32WBxx_HAL_Driver/Inc/stm32wbxx_ll_ipcc.h **** 
 294:Drivers/STM32WBxx_HAL_Driver/Inc/stm32wbxx_ll_ipcc.h **** /**
 295:Drivers/STM32WBxx_HAL_Driver/Inc/stm32wbxx_ll_ipcc.h ****   * @brief  Mask transmit channel free interrupt for processor 1.
 296:Drivers/STM32WBxx_HAL_Driver/Inc/stm32wbxx_ll_ipcc.h ****   * @rmtoll C1MR        CH1FM           LL_C1_IPCC_DisableTransmitChannel\n
 297:Drivers/STM32WBxx_HAL_Driver/Inc/stm32wbxx_ll_ipcc.h ****   *         C1MR        CH2FM           LL_C1_IPCC_DisableTransmitChannel\n
 298:Drivers/STM32WBxx_HAL_Driver/Inc/stm32wbxx_ll_ipcc.h ****   *         C1MR        CH3FM           LL_C1_IPCC_DisableTransmitChannel\n
 299:Drivers/STM32WBxx_HAL_Driver/Inc/stm32wbxx_ll_ipcc.h ****   *         C1MR        CH4FM           LL_C1_IPCC_DisableTransmitChannel\n
 300:Drivers/STM32WBxx_HAL_Driver/Inc/stm32wbxx_ll_ipcc.h ****   *         C1MR        CH5FM           LL_C1_IPCC_DisableTransmitChannel\n
 301:Drivers/STM32WBxx_HAL_Driver/Inc/stm32wbxx_ll_ipcc.h ****   *         C1MR        CH6FM           LL_C1_IPCC_DisableTransmitChannel
 302:Drivers/STM32WBxx_HAL_Driver/Inc/stm32wbxx_ll_ipcc.h ****   * @param  IPCCx IPCC Instance.
 303:Drivers/STM32WBxx_HAL_Driver/Inc/stm32wbxx_ll_ipcc.h ****   * @param  Channel This parameter can be a combination of the following values:
 304:Drivers/STM32WBxx_HAL_Driver/Inc/stm32wbxx_ll_ipcc.h ****   *         @arg @ref LL_IPCC_CHANNEL_1
 305:Drivers/STM32WBxx_HAL_Driver/Inc/stm32wbxx_ll_ipcc.h ****   *         @arg @ref LL_IPCC_CHANNEL_2
 306:Drivers/STM32WBxx_HAL_Driver/Inc/stm32wbxx_ll_ipcc.h ****   *         @arg @ref LL_IPCC_CHANNEL_3
 307:Drivers/STM32WBxx_HAL_Driver/Inc/stm32wbxx_ll_ipcc.h ****   *         @arg @ref LL_IPCC_CHANNEL_4
 308:Drivers/STM32WBxx_HAL_Driver/Inc/stm32wbxx_ll_ipcc.h ****   *         @arg @ref LL_IPCC_CHANNEL_5
 309:Drivers/STM32WBxx_HAL_Driver/Inc/stm32wbxx_ll_ipcc.h ****   *         @arg @ref LL_IPCC_CHANNEL_6
 310:Drivers/STM32WBxx_HAL_Driver/Inc/stm32wbxx_ll_ipcc.h ****   * @retval None
 311:Drivers/STM32WBxx_HAL_Driver/Inc/stm32wbxx_ll_ipcc.h ****   */
 312:Drivers/STM32WBxx_HAL_Driver/Inc/stm32wbxx_ll_ipcc.h **** __STATIC_INLINE void LL_C1_IPCC_DisableTransmitChannel(IPCC_TypeDef *IPCCx, uint32_t Channel)
  42              		.loc 2 312 22 view .LVU2
  43              	.LBB65:
 313:Drivers/STM32WBxx_HAL_Driver/Inc/stm32wbxx_ll_ipcc.h **** {
 314:Drivers/STM32WBxx_HAL_Driver/Inc/stm32wbxx_ll_ipcc.h ****   SET_BIT(IPCCx->C1MR, Channel << IPCC_C1MR_CH1FM_Pos);
  44              		.loc 2 314 3 view .LVU3
  45 0002 064C     		ldr	r4, .L3
  46 0004 6368     		ldr	r3, [r4, #4]
  47 0006 43F40023 		orr	r3, r3, #524288
  48 000a 6360     		str	r3, [r4, #4]
  49              	.LVL1:
  50              		.loc 2 314 3 is_stmt 0 view .LVU4
  51              	.LBE65:
  52              	.LBE64:
 642:STM32_WPAN/Target/hw_ipcc.c **** 
 643:STM32_WPAN/Target/hw_ipcc.c ****   FreeBufCb();
  53              		.loc 1 643 3 is_stmt 1 view .LVU5
  54 000c 044B     		ldr	r3, .L3+4
  55 000e 1B68     		ldr	r3, [r3]
  56 0010 9847     		blx	r3
  57              	.LVL2:
 644:STM32_WPAN/Target/hw_ipcc.c **** 
 645:STM32_WPAN/Target/hw_ipcc.c ****   LL_C1_IPCC_SetFlag_CHx( IPCC, HW_IPCC_MM_RELEASE_BUFFER_CHANNEL );
  58              		.loc 1 645 3 view .LVU6
  59              	.LBB66:
  60              	.LBI66:
 315:Drivers/STM32WBxx_HAL_Driver/Inc/stm32wbxx_ll_ipcc.h **** }
 316:Drivers/STM32WBxx_HAL_Driver/Inc/stm32wbxx_ll_ipcc.h **** 
 317:Drivers/STM32WBxx_HAL_Driver/Inc/stm32wbxx_ll_ipcc.h **** /**
 318:Drivers/STM32WBxx_HAL_Driver/Inc/stm32wbxx_ll_ipcc.h ****   * @brief  Check if Transmit channel free interrupt for processor 1 is masked.
 319:Drivers/STM32WBxx_HAL_Driver/Inc/stm32wbxx_ll_ipcc.h ****   * @rmtoll C1MR        CH1FM           LL_C1_IPCC_IsEnabledTransmitChannel\n
 320:Drivers/STM32WBxx_HAL_Driver/Inc/stm32wbxx_ll_ipcc.h ****   *         C1MR        CH2FM           LL_C1_IPCC_IsEnabledTransmitChannel\n
 321:Drivers/STM32WBxx_HAL_Driver/Inc/stm32wbxx_ll_ipcc.h ****   *         C1MR        CH3FM           LL_C1_IPCC_IsEnabledTransmitChannel\n
 322:Drivers/STM32WBxx_HAL_Driver/Inc/stm32wbxx_ll_ipcc.h ****   *         C1MR        CH4FM           LL_C1_IPCC_IsEnabledTransmitChannel\n
ARM GAS  C:\Users\843E~1\AppData\Local\Temp\ccJpJOBl.s 			page 19


 323:Drivers/STM32WBxx_HAL_Driver/Inc/stm32wbxx_ll_ipcc.h ****   *         C1MR        CH5FM           LL_C1_IPCC_IsEnabledTransmitChannel\n
 324:Drivers/STM32WBxx_HAL_Driver/Inc/stm32wbxx_ll_ipcc.h ****   *         C1MR        CH6FM           LL_C1_IPCC_IsEnabledTransmitChannel
 325:Drivers/STM32WBxx_HAL_Driver/Inc/stm32wbxx_ll_ipcc.h ****   * @param  IPCCx IPCC Instance.
 326:Drivers/STM32WBxx_HAL_Driver/Inc/stm32wbxx_ll_ipcc.h ****   * @param  Channel This parameter can be one of the following values:
 327:Drivers/STM32WBxx_HAL_Driver/Inc/stm32wbxx_ll_ipcc.h ****   *         @arg @ref LL_IPCC_CHANNEL_1
 328:Drivers/STM32WBxx_HAL_Driver/Inc/stm32wbxx_ll_ipcc.h ****   *         @arg @ref LL_IPCC_CHANNEL_2
 329:Drivers/STM32WBxx_HAL_Driver/Inc/stm32wbxx_ll_ipcc.h ****   *         @arg @ref LL_IPCC_CHANNEL_3
 330:Drivers/STM32WBxx_HAL_Driver/Inc/stm32wbxx_ll_ipcc.h ****   *         @arg @ref LL_IPCC_CHANNEL_4
 331:Drivers/STM32WBxx_HAL_Driver/Inc/stm32wbxx_ll_ipcc.h ****   *         @arg @ref LL_IPCC_CHANNEL_5
 332:Drivers/STM32WBxx_HAL_Driver/Inc/stm32wbxx_ll_ipcc.h ****   *         @arg @ref LL_IPCC_CHANNEL_6
 333:Drivers/STM32WBxx_HAL_Driver/Inc/stm32wbxx_ll_ipcc.h ****   * @retval State of bit (1 or 0).
 334:Drivers/STM32WBxx_HAL_Driver/Inc/stm32wbxx_ll_ipcc.h ****   */
 335:Drivers/STM32WBxx_HAL_Driver/Inc/stm32wbxx_ll_ipcc.h **** __STATIC_INLINE uint32_t LL_C1_IPCC_IsEnabledTransmitChannel(IPCC_TypeDef const *const IPCCx, uint3
 336:Drivers/STM32WBxx_HAL_Driver/Inc/stm32wbxx_ll_ipcc.h **** {
 337:Drivers/STM32WBxx_HAL_Driver/Inc/stm32wbxx_ll_ipcc.h ****   return ((READ_BIT(IPCCx->C1MR, Channel << IPCC_C1MR_CH1FM_Pos) != (Channel << IPCC_C1MR_CH1FM_Pos
 338:Drivers/STM32WBxx_HAL_Driver/Inc/stm32wbxx_ll_ipcc.h **** }
 339:Drivers/STM32WBxx_HAL_Driver/Inc/stm32wbxx_ll_ipcc.h **** 
 340:Drivers/STM32WBxx_HAL_Driver/Inc/stm32wbxx_ll_ipcc.h **** /**
 341:Drivers/STM32WBxx_HAL_Driver/Inc/stm32wbxx_ll_ipcc.h ****   * @brief  Unmask receive channel occupied interrupt for processor 1.
 342:Drivers/STM32WBxx_HAL_Driver/Inc/stm32wbxx_ll_ipcc.h ****   * @rmtoll C1MR        CH1OM           LL_C1_IPCC_EnableReceiveChannel\n
 343:Drivers/STM32WBxx_HAL_Driver/Inc/stm32wbxx_ll_ipcc.h ****   *         C1MR        CH2OM           LL_C1_IPCC_EnableReceiveChannel\n
 344:Drivers/STM32WBxx_HAL_Driver/Inc/stm32wbxx_ll_ipcc.h ****   *         C1MR        CH3OM           LL_C1_IPCC_EnableReceiveChannel\n
 345:Drivers/STM32WBxx_HAL_Driver/Inc/stm32wbxx_ll_ipcc.h ****   *         C1MR        CH4OM           LL_C1_IPCC_EnableReceiveChannel\n
 346:Drivers/STM32WBxx_HAL_Driver/Inc/stm32wbxx_ll_ipcc.h ****   *         C1MR        CH5OM           LL_C1_IPCC_EnableReceiveChannel\n
 347:Drivers/STM32WBxx_HAL_Driver/Inc/stm32wbxx_ll_ipcc.h ****   *         C1MR        CH6OM           LL_C1_IPCC_EnableReceiveChannel
 348:Drivers/STM32WBxx_HAL_Driver/Inc/stm32wbxx_ll_ipcc.h ****   * @param  IPCCx IPCC Instance.
 349:Drivers/STM32WBxx_HAL_Driver/Inc/stm32wbxx_ll_ipcc.h ****   * @param  Channel This parameter can be a combination of the following values:
 350:Drivers/STM32WBxx_HAL_Driver/Inc/stm32wbxx_ll_ipcc.h ****   *         @arg @ref LL_IPCC_CHANNEL_1
 351:Drivers/STM32WBxx_HAL_Driver/Inc/stm32wbxx_ll_ipcc.h ****   *         @arg @ref LL_IPCC_CHANNEL_2
 352:Drivers/STM32WBxx_HAL_Driver/Inc/stm32wbxx_ll_ipcc.h ****   *         @arg @ref LL_IPCC_CHANNEL_3
 353:Drivers/STM32WBxx_HAL_Driver/Inc/stm32wbxx_ll_ipcc.h ****   *         @arg @ref LL_IPCC_CHANNEL_4
 354:Drivers/STM32WBxx_HAL_Driver/Inc/stm32wbxx_ll_ipcc.h ****   *         @arg @ref LL_IPCC_CHANNEL_5
 355:Drivers/STM32WBxx_HAL_Driver/Inc/stm32wbxx_ll_ipcc.h ****   *         @arg @ref LL_IPCC_CHANNEL_6
 356:Drivers/STM32WBxx_HAL_Driver/Inc/stm32wbxx_ll_ipcc.h ****   * @retval None
 357:Drivers/STM32WBxx_HAL_Driver/Inc/stm32wbxx_ll_ipcc.h ****   */
 358:Drivers/STM32WBxx_HAL_Driver/Inc/stm32wbxx_ll_ipcc.h **** __STATIC_INLINE void LL_C1_IPCC_EnableReceiveChannel(IPCC_TypeDef *IPCCx, uint32_t Channel)
 359:Drivers/STM32WBxx_HAL_Driver/Inc/stm32wbxx_ll_ipcc.h **** {
 360:Drivers/STM32WBxx_HAL_Driver/Inc/stm32wbxx_ll_ipcc.h ****   CLEAR_BIT(IPCCx->C1MR, Channel);
 361:Drivers/STM32WBxx_HAL_Driver/Inc/stm32wbxx_ll_ipcc.h **** }
 362:Drivers/STM32WBxx_HAL_Driver/Inc/stm32wbxx_ll_ipcc.h **** 
 363:Drivers/STM32WBxx_HAL_Driver/Inc/stm32wbxx_ll_ipcc.h **** /**
 364:Drivers/STM32WBxx_HAL_Driver/Inc/stm32wbxx_ll_ipcc.h ****   * @brief  Mask receive channel occupied interrupt for processor 1.
 365:Drivers/STM32WBxx_HAL_Driver/Inc/stm32wbxx_ll_ipcc.h ****   * @rmtoll C1MR        CH1OM           LL_C1_IPCC_DisableReceiveChannel\n
 366:Drivers/STM32WBxx_HAL_Driver/Inc/stm32wbxx_ll_ipcc.h ****   *         C1MR        CH2OM           LL_C1_IPCC_DisableReceiveChannel\n
 367:Drivers/STM32WBxx_HAL_Driver/Inc/stm32wbxx_ll_ipcc.h ****   *         C1MR        CH3OM           LL_C1_IPCC_DisableReceiveChannel\n
 368:Drivers/STM32WBxx_HAL_Driver/Inc/stm32wbxx_ll_ipcc.h ****   *         C1MR        CH4OM           LL_C1_IPCC_DisableReceiveChannel\n
 369:Drivers/STM32WBxx_HAL_Driver/Inc/stm32wbxx_ll_ipcc.h ****   *         C1MR        CH5OM           LL_C1_IPCC_DisableReceiveChannel\n
 370:Drivers/STM32WBxx_HAL_Driver/Inc/stm32wbxx_ll_ipcc.h ****   *         C1MR        CH6OM           LL_C1_IPCC_DisableReceiveChannel
 371:Drivers/STM32WBxx_HAL_Driver/Inc/stm32wbxx_ll_ipcc.h ****   * @param  IPCCx IPCC Instance.
 372:Drivers/STM32WBxx_HAL_Driver/Inc/stm32wbxx_ll_ipcc.h ****   * @param  Channel This parameter can be a combination of the following values:
 373:Drivers/STM32WBxx_HAL_Driver/Inc/stm32wbxx_ll_ipcc.h ****   *         @arg @ref LL_IPCC_CHANNEL_1
 374:Drivers/STM32WBxx_HAL_Driver/Inc/stm32wbxx_ll_ipcc.h ****   *         @arg @ref LL_IPCC_CHANNEL_2
 375:Drivers/STM32WBxx_HAL_Driver/Inc/stm32wbxx_ll_ipcc.h ****   *         @arg @ref LL_IPCC_CHANNEL_3
 376:Drivers/STM32WBxx_HAL_Driver/Inc/stm32wbxx_ll_ipcc.h ****   *         @arg @ref LL_IPCC_CHANNEL_4
 377:Drivers/STM32WBxx_HAL_Driver/Inc/stm32wbxx_ll_ipcc.h ****   *         @arg @ref LL_IPCC_CHANNEL_5
 378:Drivers/STM32WBxx_HAL_Driver/Inc/stm32wbxx_ll_ipcc.h ****   *         @arg @ref LL_IPCC_CHANNEL_6
 379:Drivers/STM32WBxx_HAL_Driver/Inc/stm32wbxx_ll_ipcc.h ****   * @retval None
ARM GAS  C:\Users\843E~1\AppData\Local\Temp\ccJpJOBl.s 			page 20


 380:Drivers/STM32WBxx_HAL_Driver/Inc/stm32wbxx_ll_ipcc.h ****   */
 381:Drivers/STM32WBxx_HAL_Driver/Inc/stm32wbxx_ll_ipcc.h **** __STATIC_INLINE void LL_C1_IPCC_DisableReceiveChannel(IPCC_TypeDef *IPCCx, uint32_t Channel)
 382:Drivers/STM32WBxx_HAL_Driver/Inc/stm32wbxx_ll_ipcc.h **** {
 383:Drivers/STM32WBxx_HAL_Driver/Inc/stm32wbxx_ll_ipcc.h ****   SET_BIT(IPCCx->C1MR, Channel);
 384:Drivers/STM32WBxx_HAL_Driver/Inc/stm32wbxx_ll_ipcc.h **** }
 385:Drivers/STM32WBxx_HAL_Driver/Inc/stm32wbxx_ll_ipcc.h **** 
 386:Drivers/STM32WBxx_HAL_Driver/Inc/stm32wbxx_ll_ipcc.h **** /**
 387:Drivers/STM32WBxx_HAL_Driver/Inc/stm32wbxx_ll_ipcc.h ****   * @brief  Check if Receive channel occupied interrupt for processor 1 is masked.
 388:Drivers/STM32WBxx_HAL_Driver/Inc/stm32wbxx_ll_ipcc.h ****   * @rmtoll C1MR        CH1OM           LL_C1_IPCC_IsEnabledReceiveChannel\n
 389:Drivers/STM32WBxx_HAL_Driver/Inc/stm32wbxx_ll_ipcc.h ****   *         C1MR        CH2OM           LL_C1_IPCC_IsEnabledReceiveChannel\n
 390:Drivers/STM32WBxx_HAL_Driver/Inc/stm32wbxx_ll_ipcc.h ****   *         C1MR        CH3OM           LL_C1_IPCC_IsEnabledReceiveChannel\n
 391:Drivers/STM32WBxx_HAL_Driver/Inc/stm32wbxx_ll_ipcc.h ****   *         C1MR        CH4OM           LL_C1_IPCC_IsEnabledReceiveChannel\n
 392:Drivers/STM32WBxx_HAL_Driver/Inc/stm32wbxx_ll_ipcc.h ****   *         C1MR        CH5OM           LL_C1_IPCC_IsEnabledReceiveChannel\n
 393:Drivers/STM32WBxx_HAL_Driver/Inc/stm32wbxx_ll_ipcc.h ****   *         C1MR        CH6OM           LL_C1_IPCC_IsEnabledReceiveChannel
 394:Drivers/STM32WBxx_HAL_Driver/Inc/stm32wbxx_ll_ipcc.h ****   * @param  IPCCx IPCC Instance.
 395:Drivers/STM32WBxx_HAL_Driver/Inc/stm32wbxx_ll_ipcc.h ****   * @param  Channel This parameter can be one of the following values:
 396:Drivers/STM32WBxx_HAL_Driver/Inc/stm32wbxx_ll_ipcc.h ****   *         @arg @ref LL_IPCC_CHANNEL_1
 397:Drivers/STM32WBxx_HAL_Driver/Inc/stm32wbxx_ll_ipcc.h ****   *         @arg @ref LL_IPCC_CHANNEL_2
 398:Drivers/STM32WBxx_HAL_Driver/Inc/stm32wbxx_ll_ipcc.h ****   *         @arg @ref LL_IPCC_CHANNEL_3
 399:Drivers/STM32WBxx_HAL_Driver/Inc/stm32wbxx_ll_ipcc.h ****   *         @arg @ref LL_IPCC_CHANNEL_4
 400:Drivers/STM32WBxx_HAL_Driver/Inc/stm32wbxx_ll_ipcc.h ****   *         @arg @ref LL_IPCC_CHANNEL_5
 401:Drivers/STM32WBxx_HAL_Driver/Inc/stm32wbxx_ll_ipcc.h ****   *         @arg @ref LL_IPCC_CHANNEL_6
 402:Drivers/STM32WBxx_HAL_Driver/Inc/stm32wbxx_ll_ipcc.h ****   * @retval State of bit (1 or 0).
 403:Drivers/STM32WBxx_HAL_Driver/Inc/stm32wbxx_ll_ipcc.h ****   */
 404:Drivers/STM32WBxx_HAL_Driver/Inc/stm32wbxx_ll_ipcc.h **** __STATIC_INLINE uint32_t LL_C1_IPCC_IsEnabledReceiveChannel(IPCC_TypeDef const *const IPCCx, uint32
 405:Drivers/STM32WBxx_HAL_Driver/Inc/stm32wbxx_ll_ipcc.h **** {
 406:Drivers/STM32WBxx_HAL_Driver/Inc/stm32wbxx_ll_ipcc.h ****   return ((READ_BIT(IPCCx->C1MR, Channel) != (Channel)) ? 1UL : 0UL);
 407:Drivers/STM32WBxx_HAL_Driver/Inc/stm32wbxx_ll_ipcc.h **** }
 408:Drivers/STM32WBxx_HAL_Driver/Inc/stm32wbxx_ll_ipcc.h **** 
 409:Drivers/STM32WBxx_HAL_Driver/Inc/stm32wbxx_ll_ipcc.h **** /**
 410:Drivers/STM32WBxx_HAL_Driver/Inc/stm32wbxx_ll_ipcc.h ****   * @brief  Unmask transmit channel free interrupt for processor 2.
 411:Drivers/STM32WBxx_HAL_Driver/Inc/stm32wbxx_ll_ipcc.h ****   * @rmtoll C2MR        CH1FM           LL_C2_IPCC_EnableTransmitChannel\n
 412:Drivers/STM32WBxx_HAL_Driver/Inc/stm32wbxx_ll_ipcc.h ****   *         C2MR        CH2FM           LL_C2_IPCC_EnableTransmitChannel\n
 413:Drivers/STM32WBxx_HAL_Driver/Inc/stm32wbxx_ll_ipcc.h ****   *         C2MR        CH3FM           LL_C2_IPCC_EnableTransmitChannel\n
 414:Drivers/STM32WBxx_HAL_Driver/Inc/stm32wbxx_ll_ipcc.h ****   *         C2MR        CH4FM           LL_C2_IPCC_EnableTransmitChannel\n
 415:Drivers/STM32WBxx_HAL_Driver/Inc/stm32wbxx_ll_ipcc.h ****   *         C2MR        CH5FM           LL_C2_IPCC_EnableTransmitChannel\n
 416:Drivers/STM32WBxx_HAL_Driver/Inc/stm32wbxx_ll_ipcc.h ****   *         C2MR        CH6FM           LL_C2_IPCC_EnableTransmitChannel
 417:Drivers/STM32WBxx_HAL_Driver/Inc/stm32wbxx_ll_ipcc.h ****   * @param  IPCCx IPCC Instance.
 418:Drivers/STM32WBxx_HAL_Driver/Inc/stm32wbxx_ll_ipcc.h ****   * @param  Channel This parameter can be a combination of the following values:
 419:Drivers/STM32WBxx_HAL_Driver/Inc/stm32wbxx_ll_ipcc.h ****   *         @arg @ref LL_IPCC_CHANNEL_1
 420:Drivers/STM32WBxx_HAL_Driver/Inc/stm32wbxx_ll_ipcc.h ****   *         @arg @ref LL_IPCC_CHANNEL_2
 421:Drivers/STM32WBxx_HAL_Driver/Inc/stm32wbxx_ll_ipcc.h ****   *         @arg @ref LL_IPCC_CHANNEL_3
 422:Drivers/STM32WBxx_HAL_Driver/Inc/stm32wbxx_ll_ipcc.h ****   *         @arg @ref LL_IPCC_CHANNEL_4
 423:Drivers/STM32WBxx_HAL_Driver/Inc/stm32wbxx_ll_ipcc.h ****   *         @arg @ref LL_IPCC_CHANNEL_5
 424:Drivers/STM32WBxx_HAL_Driver/Inc/stm32wbxx_ll_ipcc.h ****   *         @arg @ref LL_IPCC_CHANNEL_6
 425:Drivers/STM32WBxx_HAL_Driver/Inc/stm32wbxx_ll_ipcc.h ****   * @retval None
 426:Drivers/STM32WBxx_HAL_Driver/Inc/stm32wbxx_ll_ipcc.h ****   */
 427:Drivers/STM32WBxx_HAL_Driver/Inc/stm32wbxx_ll_ipcc.h **** __STATIC_INLINE void LL_C2_IPCC_EnableTransmitChannel(IPCC_TypeDef *IPCCx, uint32_t Channel)
 428:Drivers/STM32WBxx_HAL_Driver/Inc/stm32wbxx_ll_ipcc.h **** {
 429:Drivers/STM32WBxx_HAL_Driver/Inc/stm32wbxx_ll_ipcc.h ****   CLEAR_BIT(IPCCx->C2MR, Channel << IPCC_C2MR_CH1FM_Pos);
 430:Drivers/STM32WBxx_HAL_Driver/Inc/stm32wbxx_ll_ipcc.h **** }
 431:Drivers/STM32WBxx_HAL_Driver/Inc/stm32wbxx_ll_ipcc.h **** 
 432:Drivers/STM32WBxx_HAL_Driver/Inc/stm32wbxx_ll_ipcc.h **** /**
 433:Drivers/STM32WBxx_HAL_Driver/Inc/stm32wbxx_ll_ipcc.h ****   * @brief  Mask transmit channel free interrupt for processor 2.
 434:Drivers/STM32WBxx_HAL_Driver/Inc/stm32wbxx_ll_ipcc.h ****   * @rmtoll C2MR        CH1FM           LL_C2_IPCC_DisableTransmitChannel\n
 435:Drivers/STM32WBxx_HAL_Driver/Inc/stm32wbxx_ll_ipcc.h ****   *         C2MR        CH2FM           LL_C2_IPCC_DisableTransmitChannel\n
 436:Drivers/STM32WBxx_HAL_Driver/Inc/stm32wbxx_ll_ipcc.h ****   *         C2MR        CH3FM           LL_C2_IPCC_DisableTransmitChannel\n
ARM GAS  C:\Users\843E~1\AppData\Local\Temp\ccJpJOBl.s 			page 21


 437:Drivers/STM32WBxx_HAL_Driver/Inc/stm32wbxx_ll_ipcc.h ****   *         C2MR        CH4FM           LL_C2_IPCC_DisableTransmitChannel\n
 438:Drivers/STM32WBxx_HAL_Driver/Inc/stm32wbxx_ll_ipcc.h ****   *         C2MR        CH5FM           LL_C2_IPCC_DisableTransmitChannel\n
 439:Drivers/STM32WBxx_HAL_Driver/Inc/stm32wbxx_ll_ipcc.h ****   *         C2MR        CH6FM           LL_C2_IPCC_DisableTransmitChannel
 440:Drivers/STM32WBxx_HAL_Driver/Inc/stm32wbxx_ll_ipcc.h ****   * @param  IPCCx IPCC Instance.
 441:Drivers/STM32WBxx_HAL_Driver/Inc/stm32wbxx_ll_ipcc.h ****   * @param  Channel This parameter can be a combination of the following values:
 442:Drivers/STM32WBxx_HAL_Driver/Inc/stm32wbxx_ll_ipcc.h ****   *         @arg @ref LL_IPCC_CHANNEL_1
 443:Drivers/STM32WBxx_HAL_Driver/Inc/stm32wbxx_ll_ipcc.h ****   *         @arg @ref LL_IPCC_CHANNEL_2
 444:Drivers/STM32WBxx_HAL_Driver/Inc/stm32wbxx_ll_ipcc.h ****   *         @arg @ref LL_IPCC_CHANNEL_3
 445:Drivers/STM32WBxx_HAL_Driver/Inc/stm32wbxx_ll_ipcc.h ****   *         @arg @ref LL_IPCC_CHANNEL_4
 446:Drivers/STM32WBxx_HAL_Driver/Inc/stm32wbxx_ll_ipcc.h ****   *         @arg @ref LL_IPCC_CHANNEL_5
 447:Drivers/STM32WBxx_HAL_Driver/Inc/stm32wbxx_ll_ipcc.h ****   *         @arg @ref LL_IPCC_CHANNEL_6
 448:Drivers/STM32WBxx_HAL_Driver/Inc/stm32wbxx_ll_ipcc.h ****   * @retval None
 449:Drivers/STM32WBxx_HAL_Driver/Inc/stm32wbxx_ll_ipcc.h ****   */
 450:Drivers/STM32WBxx_HAL_Driver/Inc/stm32wbxx_ll_ipcc.h **** __STATIC_INLINE void LL_C2_IPCC_DisableTransmitChannel(IPCC_TypeDef *IPCCx, uint32_t Channel)
 451:Drivers/STM32WBxx_HAL_Driver/Inc/stm32wbxx_ll_ipcc.h **** {
 452:Drivers/STM32WBxx_HAL_Driver/Inc/stm32wbxx_ll_ipcc.h ****   SET_BIT(IPCCx->C2MR, Channel << (IPCC_C2MR_CH1FM_Pos));
 453:Drivers/STM32WBxx_HAL_Driver/Inc/stm32wbxx_ll_ipcc.h **** }
 454:Drivers/STM32WBxx_HAL_Driver/Inc/stm32wbxx_ll_ipcc.h **** 
 455:Drivers/STM32WBxx_HAL_Driver/Inc/stm32wbxx_ll_ipcc.h **** /**
 456:Drivers/STM32WBxx_HAL_Driver/Inc/stm32wbxx_ll_ipcc.h ****   * @brief  Check if Transmit channel free interrupt for processor 2 is masked.
 457:Drivers/STM32WBxx_HAL_Driver/Inc/stm32wbxx_ll_ipcc.h ****   * @rmtoll C2MR        CH1FM           LL_C2_IPCC_IsEnabledTransmitChannel\n
 458:Drivers/STM32WBxx_HAL_Driver/Inc/stm32wbxx_ll_ipcc.h ****   *         C2MR        CH2FM           LL_C2_IPCC_IsEnabledTransmitChannel\n
 459:Drivers/STM32WBxx_HAL_Driver/Inc/stm32wbxx_ll_ipcc.h ****   *         C2MR        CH3FM           LL_C2_IPCC_IsEnabledTransmitChannel\n
 460:Drivers/STM32WBxx_HAL_Driver/Inc/stm32wbxx_ll_ipcc.h ****   *         C2MR        CH4FM           LL_C2_IPCC_IsEnabledTransmitChannel\n
 461:Drivers/STM32WBxx_HAL_Driver/Inc/stm32wbxx_ll_ipcc.h ****   *         C2MR        CH5FM           LL_C2_IPCC_IsEnabledTransmitChannel\n
 462:Drivers/STM32WBxx_HAL_Driver/Inc/stm32wbxx_ll_ipcc.h ****   *         C2MR        CH6FM           LL_C2_IPCC_IsEnabledTransmitChannel
 463:Drivers/STM32WBxx_HAL_Driver/Inc/stm32wbxx_ll_ipcc.h ****   * @param  IPCCx IPCC Instance.
 464:Drivers/STM32WBxx_HAL_Driver/Inc/stm32wbxx_ll_ipcc.h ****   * @param  Channel This parameter can be one of the following values:
 465:Drivers/STM32WBxx_HAL_Driver/Inc/stm32wbxx_ll_ipcc.h ****   *         @arg @ref LL_IPCC_CHANNEL_1
 466:Drivers/STM32WBxx_HAL_Driver/Inc/stm32wbxx_ll_ipcc.h ****   *         @arg @ref LL_IPCC_CHANNEL_2
 467:Drivers/STM32WBxx_HAL_Driver/Inc/stm32wbxx_ll_ipcc.h ****   *         @arg @ref LL_IPCC_CHANNEL_3
 468:Drivers/STM32WBxx_HAL_Driver/Inc/stm32wbxx_ll_ipcc.h ****   *         @arg @ref LL_IPCC_CHANNEL_4
 469:Drivers/STM32WBxx_HAL_Driver/Inc/stm32wbxx_ll_ipcc.h ****   *         @arg @ref LL_IPCC_CHANNEL_5
 470:Drivers/STM32WBxx_HAL_Driver/Inc/stm32wbxx_ll_ipcc.h ****   *         @arg @ref LL_IPCC_CHANNEL_6
 471:Drivers/STM32WBxx_HAL_Driver/Inc/stm32wbxx_ll_ipcc.h ****   * @retval State of bit (1 or 0).
 472:Drivers/STM32WBxx_HAL_Driver/Inc/stm32wbxx_ll_ipcc.h ****   */
 473:Drivers/STM32WBxx_HAL_Driver/Inc/stm32wbxx_ll_ipcc.h **** __STATIC_INLINE uint32_t LL_C2_IPCC_IsEnabledTransmitChannel(IPCC_TypeDef const *const IPCCx, uint3
 474:Drivers/STM32WBxx_HAL_Driver/Inc/stm32wbxx_ll_ipcc.h **** {
 475:Drivers/STM32WBxx_HAL_Driver/Inc/stm32wbxx_ll_ipcc.h ****   return ((READ_BIT(IPCCx->C2MR, Channel << IPCC_C2MR_CH1FM_Pos) != (Channel << IPCC_C2MR_CH1FM_Pos
 476:Drivers/STM32WBxx_HAL_Driver/Inc/stm32wbxx_ll_ipcc.h **** }
 477:Drivers/STM32WBxx_HAL_Driver/Inc/stm32wbxx_ll_ipcc.h **** 
 478:Drivers/STM32WBxx_HAL_Driver/Inc/stm32wbxx_ll_ipcc.h **** /**
 479:Drivers/STM32WBxx_HAL_Driver/Inc/stm32wbxx_ll_ipcc.h ****   * @brief  Unmask receive channel occupied interrupt for processor 2.
 480:Drivers/STM32WBxx_HAL_Driver/Inc/stm32wbxx_ll_ipcc.h ****   * @rmtoll C2MR        CH1OM           LL_C2_IPCC_EnableReceiveChannel\n
 481:Drivers/STM32WBxx_HAL_Driver/Inc/stm32wbxx_ll_ipcc.h ****   *         C2MR        CH2OM           LL_C2_IPCC_EnableReceiveChannel\n
 482:Drivers/STM32WBxx_HAL_Driver/Inc/stm32wbxx_ll_ipcc.h ****   *         C2MR        CH3OM           LL_C2_IPCC_EnableReceiveChannel\n
 483:Drivers/STM32WBxx_HAL_Driver/Inc/stm32wbxx_ll_ipcc.h ****   *         C2MR        CH4OM           LL_C2_IPCC_EnableReceiveChannel\n
 484:Drivers/STM32WBxx_HAL_Driver/Inc/stm32wbxx_ll_ipcc.h ****   *         C2MR        CH5OM           LL_C2_IPCC_EnableReceiveChannel\n
 485:Drivers/STM32WBxx_HAL_Driver/Inc/stm32wbxx_ll_ipcc.h ****   *         C2MR        CH6OM           LL_C2_IPCC_EnableReceiveChannel
 486:Drivers/STM32WBxx_HAL_Driver/Inc/stm32wbxx_ll_ipcc.h ****   * @param  IPCCx IPCC Instance.
 487:Drivers/STM32WBxx_HAL_Driver/Inc/stm32wbxx_ll_ipcc.h ****   * @param  Channel This parameter can be a combination of the following values:
 488:Drivers/STM32WBxx_HAL_Driver/Inc/stm32wbxx_ll_ipcc.h ****   *         @arg @ref LL_IPCC_CHANNEL_1
 489:Drivers/STM32WBxx_HAL_Driver/Inc/stm32wbxx_ll_ipcc.h ****   *         @arg @ref LL_IPCC_CHANNEL_2
 490:Drivers/STM32WBxx_HAL_Driver/Inc/stm32wbxx_ll_ipcc.h ****   *         @arg @ref LL_IPCC_CHANNEL_3
 491:Drivers/STM32WBxx_HAL_Driver/Inc/stm32wbxx_ll_ipcc.h ****   *         @arg @ref LL_IPCC_CHANNEL_4
 492:Drivers/STM32WBxx_HAL_Driver/Inc/stm32wbxx_ll_ipcc.h ****   *         @arg @ref LL_IPCC_CHANNEL_5
 493:Drivers/STM32WBxx_HAL_Driver/Inc/stm32wbxx_ll_ipcc.h ****   *         @arg @ref LL_IPCC_CHANNEL_6
ARM GAS  C:\Users\843E~1\AppData\Local\Temp\ccJpJOBl.s 			page 22


 494:Drivers/STM32WBxx_HAL_Driver/Inc/stm32wbxx_ll_ipcc.h ****   * @retval None
 495:Drivers/STM32WBxx_HAL_Driver/Inc/stm32wbxx_ll_ipcc.h ****   */
 496:Drivers/STM32WBxx_HAL_Driver/Inc/stm32wbxx_ll_ipcc.h **** __STATIC_INLINE void LL_C2_IPCC_EnableReceiveChannel(IPCC_TypeDef *IPCCx, uint32_t Channel)
 497:Drivers/STM32WBxx_HAL_Driver/Inc/stm32wbxx_ll_ipcc.h **** {
 498:Drivers/STM32WBxx_HAL_Driver/Inc/stm32wbxx_ll_ipcc.h ****   CLEAR_BIT(IPCCx->C2MR, Channel);
 499:Drivers/STM32WBxx_HAL_Driver/Inc/stm32wbxx_ll_ipcc.h **** }
 500:Drivers/STM32WBxx_HAL_Driver/Inc/stm32wbxx_ll_ipcc.h **** 
 501:Drivers/STM32WBxx_HAL_Driver/Inc/stm32wbxx_ll_ipcc.h **** /**
 502:Drivers/STM32WBxx_HAL_Driver/Inc/stm32wbxx_ll_ipcc.h ****   * @brief  Mask receive channel occupied interrupt for processor 1.
 503:Drivers/STM32WBxx_HAL_Driver/Inc/stm32wbxx_ll_ipcc.h ****   * @rmtoll C2MR        CH1OM           LL_C2_IPCC_DisableReceiveChannel\n
 504:Drivers/STM32WBxx_HAL_Driver/Inc/stm32wbxx_ll_ipcc.h ****   *         C2MR        CH2OM           LL_C2_IPCC_DisableReceiveChannel\n
 505:Drivers/STM32WBxx_HAL_Driver/Inc/stm32wbxx_ll_ipcc.h ****   *         C2MR        CH3OM           LL_C2_IPCC_DisableReceiveChannel\n
 506:Drivers/STM32WBxx_HAL_Driver/Inc/stm32wbxx_ll_ipcc.h ****   *         C2MR        CH4OM           LL_C2_IPCC_DisableReceiveChannel\n
 507:Drivers/STM32WBxx_HAL_Driver/Inc/stm32wbxx_ll_ipcc.h ****   *         C2MR        CH5OM           LL_C2_IPCC_DisableReceiveChannel\n
 508:Drivers/STM32WBxx_HAL_Driver/Inc/stm32wbxx_ll_ipcc.h ****   *         C2MR        CH6OM           LL_C2_IPCC_DisableReceiveChannel
 509:Drivers/STM32WBxx_HAL_Driver/Inc/stm32wbxx_ll_ipcc.h ****   * @param  IPCCx IPCC Instance.
 510:Drivers/STM32WBxx_HAL_Driver/Inc/stm32wbxx_ll_ipcc.h ****   * @param  Channel This parameter can be a combination of the following values:
 511:Drivers/STM32WBxx_HAL_Driver/Inc/stm32wbxx_ll_ipcc.h ****   *         @arg @ref LL_IPCC_CHANNEL_1
 512:Drivers/STM32WBxx_HAL_Driver/Inc/stm32wbxx_ll_ipcc.h ****   *         @arg @ref LL_IPCC_CHANNEL_2
 513:Drivers/STM32WBxx_HAL_Driver/Inc/stm32wbxx_ll_ipcc.h ****   *         @arg @ref LL_IPCC_CHANNEL_3
 514:Drivers/STM32WBxx_HAL_Driver/Inc/stm32wbxx_ll_ipcc.h ****   *         @arg @ref LL_IPCC_CHANNEL_4
 515:Drivers/STM32WBxx_HAL_Driver/Inc/stm32wbxx_ll_ipcc.h ****   *         @arg @ref LL_IPCC_CHANNEL_5
 516:Drivers/STM32WBxx_HAL_Driver/Inc/stm32wbxx_ll_ipcc.h ****   *         @arg @ref LL_IPCC_CHANNEL_6
 517:Drivers/STM32WBxx_HAL_Driver/Inc/stm32wbxx_ll_ipcc.h ****   * @retval None
 518:Drivers/STM32WBxx_HAL_Driver/Inc/stm32wbxx_ll_ipcc.h ****   */
 519:Drivers/STM32WBxx_HAL_Driver/Inc/stm32wbxx_ll_ipcc.h **** __STATIC_INLINE void LL_C2_IPCC_DisableReceiveChannel(IPCC_TypeDef *IPCCx, uint32_t Channel)
 520:Drivers/STM32WBxx_HAL_Driver/Inc/stm32wbxx_ll_ipcc.h **** {
 521:Drivers/STM32WBxx_HAL_Driver/Inc/stm32wbxx_ll_ipcc.h ****   SET_BIT(IPCCx->C2MR, Channel);
 522:Drivers/STM32WBxx_HAL_Driver/Inc/stm32wbxx_ll_ipcc.h **** }
 523:Drivers/STM32WBxx_HAL_Driver/Inc/stm32wbxx_ll_ipcc.h **** 
 524:Drivers/STM32WBxx_HAL_Driver/Inc/stm32wbxx_ll_ipcc.h **** /**
 525:Drivers/STM32WBxx_HAL_Driver/Inc/stm32wbxx_ll_ipcc.h ****   * @brief  Check if Receive channel occupied interrupt for processor 2 is masked.
 526:Drivers/STM32WBxx_HAL_Driver/Inc/stm32wbxx_ll_ipcc.h ****   * @rmtoll C2MR        CH1OM           LL_C2_IPCC_IsEnabledReceiveChannel\n
 527:Drivers/STM32WBxx_HAL_Driver/Inc/stm32wbxx_ll_ipcc.h ****   *         C2MR        CH2OM           LL_C2_IPCC_IsEnabledReceiveChannel\n
 528:Drivers/STM32WBxx_HAL_Driver/Inc/stm32wbxx_ll_ipcc.h ****   *         C2MR        CH3OM           LL_C2_IPCC_IsEnabledReceiveChannel\n
 529:Drivers/STM32WBxx_HAL_Driver/Inc/stm32wbxx_ll_ipcc.h ****   *         C2MR        CH4OM           LL_C2_IPCC_IsEnabledReceiveChannel\n
 530:Drivers/STM32WBxx_HAL_Driver/Inc/stm32wbxx_ll_ipcc.h ****   *         C2MR        CH5OM           LL_C2_IPCC_IsEnabledReceiveChannel\n
 531:Drivers/STM32WBxx_HAL_Driver/Inc/stm32wbxx_ll_ipcc.h ****   *         C2MR        CH6OM           LL_C2_IPCC_IsEnabledReceiveChannel
 532:Drivers/STM32WBxx_HAL_Driver/Inc/stm32wbxx_ll_ipcc.h ****   * @param  IPCCx IPCC Instance.
 533:Drivers/STM32WBxx_HAL_Driver/Inc/stm32wbxx_ll_ipcc.h ****   * @param  Channel This parameter can be one of the following values:
 534:Drivers/STM32WBxx_HAL_Driver/Inc/stm32wbxx_ll_ipcc.h ****   *         @arg @ref LL_IPCC_CHANNEL_1
 535:Drivers/STM32WBxx_HAL_Driver/Inc/stm32wbxx_ll_ipcc.h ****   *         @arg @ref LL_IPCC_CHANNEL_2
 536:Drivers/STM32WBxx_HAL_Driver/Inc/stm32wbxx_ll_ipcc.h ****   *         @arg @ref LL_IPCC_CHANNEL_3
 537:Drivers/STM32WBxx_HAL_Driver/Inc/stm32wbxx_ll_ipcc.h ****   *         @arg @ref LL_IPCC_CHANNEL_4
 538:Drivers/STM32WBxx_HAL_Driver/Inc/stm32wbxx_ll_ipcc.h ****   *         @arg @ref LL_IPCC_CHANNEL_5
 539:Drivers/STM32WBxx_HAL_Driver/Inc/stm32wbxx_ll_ipcc.h ****   *         @arg @ref LL_IPCC_CHANNEL_6
 540:Drivers/STM32WBxx_HAL_Driver/Inc/stm32wbxx_ll_ipcc.h ****   * @retval State of bit (1 or 0).
 541:Drivers/STM32WBxx_HAL_Driver/Inc/stm32wbxx_ll_ipcc.h ****   */
 542:Drivers/STM32WBxx_HAL_Driver/Inc/stm32wbxx_ll_ipcc.h **** __STATIC_INLINE uint32_t LL_C2_IPCC_IsEnabledReceiveChannel(IPCC_TypeDef const *const IPCCx, uint32
 543:Drivers/STM32WBxx_HAL_Driver/Inc/stm32wbxx_ll_ipcc.h **** {
 544:Drivers/STM32WBxx_HAL_Driver/Inc/stm32wbxx_ll_ipcc.h ****   return ((READ_BIT(IPCCx->C2MR, Channel) != (Channel)) ? 1UL : 0UL);
 545:Drivers/STM32WBxx_HAL_Driver/Inc/stm32wbxx_ll_ipcc.h **** }
 546:Drivers/STM32WBxx_HAL_Driver/Inc/stm32wbxx_ll_ipcc.h **** 
 547:Drivers/STM32WBxx_HAL_Driver/Inc/stm32wbxx_ll_ipcc.h **** /**
 548:Drivers/STM32WBxx_HAL_Driver/Inc/stm32wbxx_ll_ipcc.h ****   * @}
 549:Drivers/STM32WBxx_HAL_Driver/Inc/stm32wbxx_ll_ipcc.h ****   */
 550:Drivers/STM32WBxx_HAL_Driver/Inc/stm32wbxx_ll_ipcc.h **** 
ARM GAS  C:\Users\843E~1\AppData\Local\Temp\ccJpJOBl.s 			page 23


 551:Drivers/STM32WBxx_HAL_Driver/Inc/stm32wbxx_ll_ipcc.h **** /** @defgroup IPCC_LL_EF_FLAG_Management FLAG_Management
 552:Drivers/STM32WBxx_HAL_Driver/Inc/stm32wbxx_ll_ipcc.h ****   * @{
 553:Drivers/STM32WBxx_HAL_Driver/Inc/stm32wbxx_ll_ipcc.h ****   */
 554:Drivers/STM32WBxx_HAL_Driver/Inc/stm32wbxx_ll_ipcc.h **** 
 555:Drivers/STM32WBxx_HAL_Driver/Inc/stm32wbxx_ll_ipcc.h **** /**
 556:Drivers/STM32WBxx_HAL_Driver/Inc/stm32wbxx_ll_ipcc.h ****   * @brief  Clear IPCC receive channel status for processor 1.
 557:Drivers/STM32WBxx_HAL_Driver/Inc/stm32wbxx_ll_ipcc.h ****   * @note   Associated with IPCC_C2TOC1SR.CHxF
 558:Drivers/STM32WBxx_HAL_Driver/Inc/stm32wbxx_ll_ipcc.h ****   * @rmtoll C1SCR        CH1C           LL_C1_IPCC_ClearFlag_CHx\n
 559:Drivers/STM32WBxx_HAL_Driver/Inc/stm32wbxx_ll_ipcc.h ****   *         C1SCR        CH2C           LL_C1_IPCC_ClearFlag_CHx\n
 560:Drivers/STM32WBxx_HAL_Driver/Inc/stm32wbxx_ll_ipcc.h ****   *         C1SCR        CH3C           LL_C1_IPCC_ClearFlag_CHx\n
 561:Drivers/STM32WBxx_HAL_Driver/Inc/stm32wbxx_ll_ipcc.h ****   *         C1SCR        CH4C           LL_C1_IPCC_ClearFlag_CHx\n
 562:Drivers/STM32WBxx_HAL_Driver/Inc/stm32wbxx_ll_ipcc.h ****   *         C1SCR        CH5C           LL_C1_IPCC_ClearFlag_CHx\n
 563:Drivers/STM32WBxx_HAL_Driver/Inc/stm32wbxx_ll_ipcc.h ****   *         C1SCR        CH6C           LL_C1_IPCC_ClearFlag_CHx
 564:Drivers/STM32WBxx_HAL_Driver/Inc/stm32wbxx_ll_ipcc.h ****   * @param  IPCCx IPCC Instance.
 565:Drivers/STM32WBxx_HAL_Driver/Inc/stm32wbxx_ll_ipcc.h ****   * @param  Channel This parameter can be a combination of the following values:
 566:Drivers/STM32WBxx_HAL_Driver/Inc/stm32wbxx_ll_ipcc.h ****   *         @arg @ref LL_IPCC_CHANNEL_1
 567:Drivers/STM32WBxx_HAL_Driver/Inc/stm32wbxx_ll_ipcc.h ****   *         @arg @ref LL_IPCC_CHANNEL_2
 568:Drivers/STM32WBxx_HAL_Driver/Inc/stm32wbxx_ll_ipcc.h ****   *         @arg @ref LL_IPCC_CHANNEL_3
 569:Drivers/STM32WBxx_HAL_Driver/Inc/stm32wbxx_ll_ipcc.h ****   *         @arg @ref LL_IPCC_CHANNEL_4
 570:Drivers/STM32WBxx_HAL_Driver/Inc/stm32wbxx_ll_ipcc.h ****   *         @arg @ref LL_IPCC_CHANNEL_5
 571:Drivers/STM32WBxx_HAL_Driver/Inc/stm32wbxx_ll_ipcc.h ****   *         @arg @ref LL_IPCC_CHANNEL_6
 572:Drivers/STM32WBxx_HAL_Driver/Inc/stm32wbxx_ll_ipcc.h ****   * @retval None
 573:Drivers/STM32WBxx_HAL_Driver/Inc/stm32wbxx_ll_ipcc.h ****   */
 574:Drivers/STM32WBxx_HAL_Driver/Inc/stm32wbxx_ll_ipcc.h **** __STATIC_INLINE void LL_C1_IPCC_ClearFlag_CHx(IPCC_TypeDef *IPCCx, uint32_t Channel)
 575:Drivers/STM32WBxx_HAL_Driver/Inc/stm32wbxx_ll_ipcc.h **** {
 576:Drivers/STM32WBxx_HAL_Driver/Inc/stm32wbxx_ll_ipcc.h ****   WRITE_REG(IPCCx->C1SCR, Channel);
 577:Drivers/STM32WBxx_HAL_Driver/Inc/stm32wbxx_ll_ipcc.h **** }
 578:Drivers/STM32WBxx_HAL_Driver/Inc/stm32wbxx_ll_ipcc.h **** 
 579:Drivers/STM32WBxx_HAL_Driver/Inc/stm32wbxx_ll_ipcc.h **** /**
 580:Drivers/STM32WBxx_HAL_Driver/Inc/stm32wbxx_ll_ipcc.h ****   * @brief  Set IPCC transmit channel status for processor 1.
 581:Drivers/STM32WBxx_HAL_Driver/Inc/stm32wbxx_ll_ipcc.h ****   * @note   Associated with IPCC_C1TOC2SR.CHxF
 582:Drivers/STM32WBxx_HAL_Driver/Inc/stm32wbxx_ll_ipcc.h ****   * @rmtoll C1SCR        CH1S           LL_C1_IPCC_SetFlag_CHx\n
 583:Drivers/STM32WBxx_HAL_Driver/Inc/stm32wbxx_ll_ipcc.h ****   *         C1SCR        CH2S           LL_C1_IPCC_SetFlag_CHx\n
 584:Drivers/STM32WBxx_HAL_Driver/Inc/stm32wbxx_ll_ipcc.h ****   *         C1SCR        CH3S           LL_C1_IPCC_SetFlag_CHx\n
 585:Drivers/STM32WBxx_HAL_Driver/Inc/stm32wbxx_ll_ipcc.h ****   *         C1SCR        CH4S           LL_C1_IPCC_SetFlag_CHx\n
 586:Drivers/STM32WBxx_HAL_Driver/Inc/stm32wbxx_ll_ipcc.h ****   *         C1SCR        CH5S           LL_C1_IPCC_SetFlag_CHx\n
 587:Drivers/STM32WBxx_HAL_Driver/Inc/stm32wbxx_ll_ipcc.h ****   *         C1SCR        CH6S           LL_C1_IPCC_SetFlag_CHx
 588:Drivers/STM32WBxx_HAL_Driver/Inc/stm32wbxx_ll_ipcc.h ****   * @param  IPCCx IPCC Instance.
 589:Drivers/STM32WBxx_HAL_Driver/Inc/stm32wbxx_ll_ipcc.h ****   * @param  Channel This parameter can be a combination of the following values:
 590:Drivers/STM32WBxx_HAL_Driver/Inc/stm32wbxx_ll_ipcc.h ****   *         @arg @ref LL_IPCC_CHANNEL_1
 591:Drivers/STM32WBxx_HAL_Driver/Inc/stm32wbxx_ll_ipcc.h ****   *         @arg @ref LL_IPCC_CHANNEL_2
 592:Drivers/STM32WBxx_HAL_Driver/Inc/stm32wbxx_ll_ipcc.h ****   *         @arg @ref LL_IPCC_CHANNEL_3
 593:Drivers/STM32WBxx_HAL_Driver/Inc/stm32wbxx_ll_ipcc.h ****   *         @arg @ref LL_IPCC_CHANNEL_4
 594:Drivers/STM32WBxx_HAL_Driver/Inc/stm32wbxx_ll_ipcc.h ****   *         @arg @ref LL_IPCC_CHANNEL_5
 595:Drivers/STM32WBxx_HAL_Driver/Inc/stm32wbxx_ll_ipcc.h ****   *         @arg @ref LL_IPCC_CHANNEL_6
 596:Drivers/STM32WBxx_HAL_Driver/Inc/stm32wbxx_ll_ipcc.h ****   * @retval None
 597:Drivers/STM32WBxx_HAL_Driver/Inc/stm32wbxx_ll_ipcc.h ****   */
 598:Drivers/STM32WBxx_HAL_Driver/Inc/stm32wbxx_ll_ipcc.h **** __STATIC_INLINE void LL_C1_IPCC_SetFlag_CHx(IPCC_TypeDef *IPCCx, uint32_t Channel)
  61              		.loc 2 598 22 view .LVU7
  62              	.LBB67:
 599:Drivers/STM32WBxx_HAL_Driver/Inc/stm32wbxx_ll_ipcc.h **** {
 600:Drivers/STM32WBxx_HAL_Driver/Inc/stm32wbxx_ll_ipcc.h ****   WRITE_REG(IPCCx->C1SCR, Channel << IPCC_C1SCR_CH1S_Pos);
  63              		.loc 2 600 3 view .LVU8
  64 0012 4FF40023 		mov	r3, #524288
  65 0016 A360     		str	r3, [r4, #8]
  66              	.LVL3:
  67              		.loc 2 600 3 is_stmt 0 view .LVU9
ARM GAS  C:\Users\843E~1\AppData\Local\Temp\ccJpJOBl.s 			page 24


  68              	.LBE67:
  69              	.LBE66:
 646:STM32_WPAN/Target/hw_ipcc.c **** 
 647:STM32_WPAN/Target/hw_ipcc.c ****   return;
  70              		.loc 1 647 3 is_stmt 1 view .LVU10
 648:STM32_WPAN/Target/hw_ipcc.c **** }
  71              		.loc 1 648 1 is_stmt 0 view .LVU11
  72 0018 10BD     		pop	{r4, pc}
  73              	.L4:
  74 001a 00BF     		.align	2
  75              	.L3:
  76 001c 000C0058 		.word	1476398080
  77 0020 00000000 		.word	.LANCHOR0
  78              		.cfi_endproc
  79              	.LFE1279:
  81              		.section	.text.HW_IPCC_Enable,"ax",%progbits
  82              		.align	1
  83              		.global	HW_IPCC_Enable
  84              		.syntax unified
  85              		.thumb
  86              		.thumb_func
  88              	HW_IPCC_Enable:
  89              	.LFB1263:
 181:STM32_WPAN/Target/hw_ipcc.c ****   /**
  90              		.loc 1 181 1 is_stmt 1 view -0
  91              		.cfi_startproc
  92              		@ args = 0, pretend = 0, frame = 8
  93              		@ frame_needed = 0, uses_anonymous_args = 0
  94              		@ link register save eliminated.
  95 0000 82B0     		sub	sp, sp, #8
  96              	.LCFI1:
  97              		.cfi_def_cfa_offset 8
 186:STM32_WPAN/Target/hw_ipcc.c **** 
  98              		.loc 1 186 3 view .LVU13
  99              	.LVL4:
 100              	.LBB68:
 101              	.LBI68:
 102              		.file 3 "Drivers/STM32WBxx_HAL_Driver/Inc/stm32wbxx_ll_bus.h"
   1:Drivers/STM32WBxx_HAL_Driver/Inc/stm32wbxx_ll_bus.h **** /**
   2:Drivers/STM32WBxx_HAL_Driver/Inc/stm32wbxx_ll_bus.h ****   ******************************************************************************
   3:Drivers/STM32WBxx_HAL_Driver/Inc/stm32wbxx_ll_bus.h ****   * @file    stm32wbxx_ll_bus.h
   4:Drivers/STM32WBxx_HAL_Driver/Inc/stm32wbxx_ll_bus.h ****   * @author  MCD Application Team
   5:Drivers/STM32WBxx_HAL_Driver/Inc/stm32wbxx_ll_bus.h ****   * @brief   Header file of BUS LL module.
   6:Drivers/STM32WBxx_HAL_Driver/Inc/stm32wbxx_ll_bus.h ****   ******************************************************************************
   7:Drivers/STM32WBxx_HAL_Driver/Inc/stm32wbxx_ll_bus.h ****   * @attention
   8:Drivers/STM32WBxx_HAL_Driver/Inc/stm32wbxx_ll_bus.h ****   *
   9:Drivers/STM32WBxx_HAL_Driver/Inc/stm32wbxx_ll_bus.h ****   * Copyright (c) 2019 STMicroelectronics.
  10:Drivers/STM32WBxx_HAL_Driver/Inc/stm32wbxx_ll_bus.h ****   * All rights reserved.
  11:Drivers/STM32WBxx_HAL_Driver/Inc/stm32wbxx_ll_bus.h ****   *
  12:Drivers/STM32WBxx_HAL_Driver/Inc/stm32wbxx_ll_bus.h ****   * This software is licensed under terms that can be found in the LICENSE file
  13:Drivers/STM32WBxx_HAL_Driver/Inc/stm32wbxx_ll_bus.h ****   * in the root directory of this software component.
  14:Drivers/STM32WBxx_HAL_Driver/Inc/stm32wbxx_ll_bus.h ****   * If no LICENSE file comes with this software, it is provided AS-IS.
  15:Drivers/STM32WBxx_HAL_Driver/Inc/stm32wbxx_ll_bus.h ****   *
  16:Drivers/STM32WBxx_HAL_Driver/Inc/stm32wbxx_ll_bus.h ****   ******************************************************************************
  17:Drivers/STM32WBxx_HAL_Driver/Inc/stm32wbxx_ll_bus.h ****   @verbatim
  18:Drivers/STM32WBxx_HAL_Driver/Inc/stm32wbxx_ll_bus.h ****                       ##### RCC Limitations #####
  19:Drivers/STM32WBxx_HAL_Driver/Inc/stm32wbxx_ll_bus.h ****   ==============================================================================
ARM GAS  C:\Users\843E~1\AppData\Local\Temp\ccJpJOBl.s 			page 25


  20:Drivers/STM32WBxx_HAL_Driver/Inc/stm32wbxx_ll_bus.h ****     [..]
  21:Drivers/STM32WBxx_HAL_Driver/Inc/stm32wbxx_ll_bus.h ****       A delay between an RCC peripheral clock enable and the effective peripheral
  22:Drivers/STM32WBxx_HAL_Driver/Inc/stm32wbxx_ll_bus.h ****       enabling should be taken into account in order to manage the peripheral read/write
  23:Drivers/STM32WBxx_HAL_Driver/Inc/stm32wbxx_ll_bus.h ****       from/to registers.
  24:Drivers/STM32WBxx_HAL_Driver/Inc/stm32wbxx_ll_bus.h ****       (+) This delay depends on the peripheral mapping.
  25:Drivers/STM32WBxx_HAL_Driver/Inc/stm32wbxx_ll_bus.h ****         (++) AHB & APB peripherals, 1 dummy read is necessary
  26:Drivers/STM32WBxx_HAL_Driver/Inc/stm32wbxx_ll_bus.h **** 
  27:Drivers/STM32WBxx_HAL_Driver/Inc/stm32wbxx_ll_bus.h ****     [..]
  28:Drivers/STM32WBxx_HAL_Driver/Inc/stm32wbxx_ll_bus.h ****       Workarounds:
  29:Drivers/STM32WBxx_HAL_Driver/Inc/stm32wbxx_ll_bus.h ****       (#) For AHB & APB peripherals, a dummy read to the peripheral register has been
  30:Drivers/STM32WBxx_HAL_Driver/Inc/stm32wbxx_ll_bus.h ****           inserted in each LL_{BUS}_GRP{x}_EnableClock() function.
  31:Drivers/STM32WBxx_HAL_Driver/Inc/stm32wbxx_ll_bus.h **** 
  32:Drivers/STM32WBxx_HAL_Driver/Inc/stm32wbxx_ll_bus.h ****   @endverbatim
  33:Drivers/STM32WBxx_HAL_Driver/Inc/stm32wbxx_ll_bus.h ****   ******************************************************************************
  34:Drivers/STM32WBxx_HAL_Driver/Inc/stm32wbxx_ll_bus.h ****   */
  35:Drivers/STM32WBxx_HAL_Driver/Inc/stm32wbxx_ll_bus.h **** 
  36:Drivers/STM32WBxx_HAL_Driver/Inc/stm32wbxx_ll_bus.h **** /* Define to prevent recursive inclusion -------------------------------------*/
  37:Drivers/STM32WBxx_HAL_Driver/Inc/stm32wbxx_ll_bus.h **** #ifndef STM32WBxx_LL_BUS_H
  38:Drivers/STM32WBxx_HAL_Driver/Inc/stm32wbxx_ll_bus.h **** #define STM32WBxx_LL_BUS_H
  39:Drivers/STM32WBxx_HAL_Driver/Inc/stm32wbxx_ll_bus.h **** 
  40:Drivers/STM32WBxx_HAL_Driver/Inc/stm32wbxx_ll_bus.h **** #ifdef __cplusplus
  41:Drivers/STM32WBxx_HAL_Driver/Inc/stm32wbxx_ll_bus.h **** extern "C" {
  42:Drivers/STM32WBxx_HAL_Driver/Inc/stm32wbxx_ll_bus.h **** #endif
  43:Drivers/STM32WBxx_HAL_Driver/Inc/stm32wbxx_ll_bus.h **** 
  44:Drivers/STM32WBxx_HAL_Driver/Inc/stm32wbxx_ll_bus.h **** /* Includes ------------------------------------------------------------------*/
  45:Drivers/STM32WBxx_HAL_Driver/Inc/stm32wbxx_ll_bus.h **** #include "stm32wbxx.h"
  46:Drivers/STM32WBxx_HAL_Driver/Inc/stm32wbxx_ll_bus.h **** 
  47:Drivers/STM32WBxx_HAL_Driver/Inc/stm32wbxx_ll_bus.h **** /** @addtogroup STM32WBxx_LL_Driver
  48:Drivers/STM32WBxx_HAL_Driver/Inc/stm32wbxx_ll_bus.h ****   * @{
  49:Drivers/STM32WBxx_HAL_Driver/Inc/stm32wbxx_ll_bus.h ****   */
  50:Drivers/STM32WBxx_HAL_Driver/Inc/stm32wbxx_ll_bus.h **** 
  51:Drivers/STM32WBxx_HAL_Driver/Inc/stm32wbxx_ll_bus.h **** #if defined(RCC)
  52:Drivers/STM32WBxx_HAL_Driver/Inc/stm32wbxx_ll_bus.h **** 
  53:Drivers/STM32WBxx_HAL_Driver/Inc/stm32wbxx_ll_bus.h **** /** @defgroup BUS_LL BUS
  54:Drivers/STM32WBxx_HAL_Driver/Inc/stm32wbxx_ll_bus.h ****   * @{
  55:Drivers/STM32WBxx_HAL_Driver/Inc/stm32wbxx_ll_bus.h ****   */
  56:Drivers/STM32WBxx_HAL_Driver/Inc/stm32wbxx_ll_bus.h **** 
  57:Drivers/STM32WBxx_HAL_Driver/Inc/stm32wbxx_ll_bus.h **** /* Private types -------------------------------------------------------------*/
  58:Drivers/STM32WBxx_HAL_Driver/Inc/stm32wbxx_ll_bus.h **** /* Private variables ---------------------------------------------------------*/
  59:Drivers/STM32WBxx_HAL_Driver/Inc/stm32wbxx_ll_bus.h **** 
  60:Drivers/STM32WBxx_HAL_Driver/Inc/stm32wbxx_ll_bus.h **** /* Private constants ---------------------------------------------------------*/
  61:Drivers/STM32WBxx_HAL_Driver/Inc/stm32wbxx_ll_bus.h **** 
  62:Drivers/STM32WBxx_HAL_Driver/Inc/stm32wbxx_ll_bus.h **** /* Private macros ------------------------------------------------------------*/
  63:Drivers/STM32WBxx_HAL_Driver/Inc/stm32wbxx_ll_bus.h **** 
  64:Drivers/STM32WBxx_HAL_Driver/Inc/stm32wbxx_ll_bus.h **** /* Exported types ------------------------------------------------------------*/
  65:Drivers/STM32WBxx_HAL_Driver/Inc/stm32wbxx_ll_bus.h **** 
  66:Drivers/STM32WBxx_HAL_Driver/Inc/stm32wbxx_ll_bus.h **** /* Exported constants --------------------------------------------------------*/
  67:Drivers/STM32WBxx_HAL_Driver/Inc/stm32wbxx_ll_bus.h **** /** @defgroup BUS_LL_Exported_Constants BUS Exported Constants
  68:Drivers/STM32WBxx_HAL_Driver/Inc/stm32wbxx_ll_bus.h ****   * @{
  69:Drivers/STM32WBxx_HAL_Driver/Inc/stm32wbxx_ll_bus.h ****   */
  70:Drivers/STM32WBxx_HAL_Driver/Inc/stm32wbxx_ll_bus.h **** 
  71:Drivers/STM32WBxx_HAL_Driver/Inc/stm32wbxx_ll_bus.h **** /** @defgroup BUS_LL_EC_AHB1_GRP1_PERIPH  AHB1 GRP1 PERIPH
  72:Drivers/STM32WBxx_HAL_Driver/Inc/stm32wbxx_ll_bus.h ****   * @{
  73:Drivers/STM32WBxx_HAL_Driver/Inc/stm32wbxx_ll_bus.h ****   */
  74:Drivers/STM32WBxx_HAL_Driver/Inc/stm32wbxx_ll_bus.h **** #define LL_AHB1_GRP1_PERIPH_ALL            (0xFFFFFFFFU)
  75:Drivers/STM32WBxx_HAL_Driver/Inc/stm32wbxx_ll_bus.h **** 
  76:Drivers/STM32WBxx_HAL_Driver/Inc/stm32wbxx_ll_bus.h **** #define LL_AHB1_GRP1_PERIPH_DMA1           RCC_AHB1ENR_DMA1EN
ARM GAS  C:\Users\843E~1\AppData\Local\Temp\ccJpJOBl.s 			page 26


  77:Drivers/STM32WBxx_HAL_Driver/Inc/stm32wbxx_ll_bus.h **** #if defined(DMA2)
  78:Drivers/STM32WBxx_HAL_Driver/Inc/stm32wbxx_ll_bus.h **** #define LL_AHB1_GRP1_PERIPH_DMA2           RCC_AHB1ENR_DMA2EN
  79:Drivers/STM32WBxx_HAL_Driver/Inc/stm32wbxx_ll_bus.h **** #endif /* DMA2 */
  80:Drivers/STM32WBxx_HAL_Driver/Inc/stm32wbxx_ll_bus.h **** #define LL_AHB1_GRP1_PERIPH_DMAMUX1        RCC_AHB1ENR_DMAMUX1EN
  81:Drivers/STM32WBxx_HAL_Driver/Inc/stm32wbxx_ll_bus.h **** #define LL_AHB1_GRP1_PERIPH_SRAM1          RCC_AHB1SMENR_SRAM1SMEN
  82:Drivers/STM32WBxx_HAL_Driver/Inc/stm32wbxx_ll_bus.h **** #define LL_AHB1_GRP1_PERIPH_CRC            RCC_AHB1ENR_CRCEN
  83:Drivers/STM32WBxx_HAL_Driver/Inc/stm32wbxx_ll_bus.h **** #if defined(TSC)
  84:Drivers/STM32WBxx_HAL_Driver/Inc/stm32wbxx_ll_bus.h **** #define LL_AHB1_GRP1_PERIPH_TSC            RCC_AHB1ENR_TSCEN
  85:Drivers/STM32WBxx_HAL_Driver/Inc/stm32wbxx_ll_bus.h **** #endif /* TSC */
  86:Drivers/STM32WBxx_HAL_Driver/Inc/stm32wbxx_ll_bus.h **** /**
  87:Drivers/STM32WBxx_HAL_Driver/Inc/stm32wbxx_ll_bus.h ****   * @}
  88:Drivers/STM32WBxx_HAL_Driver/Inc/stm32wbxx_ll_bus.h ****   */
  89:Drivers/STM32WBxx_HAL_Driver/Inc/stm32wbxx_ll_bus.h **** 
  90:Drivers/STM32WBxx_HAL_Driver/Inc/stm32wbxx_ll_bus.h **** /** @defgroup BUS_LL_EC_AHB2_GRP1_PERIPH  AHB2 GRP1 PERIPH
  91:Drivers/STM32WBxx_HAL_Driver/Inc/stm32wbxx_ll_bus.h ****   * @{
  92:Drivers/STM32WBxx_HAL_Driver/Inc/stm32wbxx_ll_bus.h ****   */
  93:Drivers/STM32WBxx_HAL_Driver/Inc/stm32wbxx_ll_bus.h **** #define LL_AHB2_GRP1_PERIPH_ALL            (0xFFFFFFFFU)
  94:Drivers/STM32WBxx_HAL_Driver/Inc/stm32wbxx_ll_bus.h **** 
  95:Drivers/STM32WBxx_HAL_Driver/Inc/stm32wbxx_ll_bus.h **** #define LL_AHB2_GRP1_PERIPH_GPIOA          RCC_AHB2ENR_GPIOAEN
  96:Drivers/STM32WBxx_HAL_Driver/Inc/stm32wbxx_ll_bus.h **** #define LL_AHB2_GRP1_PERIPH_GPIOB          RCC_AHB2ENR_GPIOBEN
  97:Drivers/STM32WBxx_HAL_Driver/Inc/stm32wbxx_ll_bus.h **** #define LL_AHB2_GRP1_PERIPH_GPIOC          RCC_AHB2ENR_GPIOCEN
  98:Drivers/STM32WBxx_HAL_Driver/Inc/stm32wbxx_ll_bus.h **** #if defined(GPIOD)
  99:Drivers/STM32WBxx_HAL_Driver/Inc/stm32wbxx_ll_bus.h **** #define LL_AHB2_GRP1_PERIPH_GPIOD          RCC_AHB2ENR_GPIODEN
 100:Drivers/STM32WBxx_HAL_Driver/Inc/stm32wbxx_ll_bus.h **** #endif /* GPIOD */
 101:Drivers/STM32WBxx_HAL_Driver/Inc/stm32wbxx_ll_bus.h **** #define LL_AHB2_GRP1_PERIPH_GPIOE          RCC_AHB2ENR_GPIOEEN
 102:Drivers/STM32WBxx_HAL_Driver/Inc/stm32wbxx_ll_bus.h **** #define LL_AHB2_GRP1_PERIPH_GPIOH          RCC_AHB2ENR_GPIOHEN
 103:Drivers/STM32WBxx_HAL_Driver/Inc/stm32wbxx_ll_bus.h **** #if defined(ADC_SUPPORT_5_MSPS)
 104:Drivers/STM32WBxx_HAL_Driver/Inc/stm32wbxx_ll_bus.h **** #define LL_AHB2_GRP1_PERIPH_ADC            RCC_AHB2ENR_ADCEN
 105:Drivers/STM32WBxx_HAL_Driver/Inc/stm32wbxx_ll_bus.h **** #endif /* ADC_SUPPORT_5_MSPS */
 106:Drivers/STM32WBxx_HAL_Driver/Inc/stm32wbxx_ll_bus.h **** #if defined(AES1)
 107:Drivers/STM32WBxx_HAL_Driver/Inc/stm32wbxx_ll_bus.h **** #define LL_AHB2_GRP1_PERIPH_AES1           RCC_AHB2ENR_AES1EN
 108:Drivers/STM32WBxx_HAL_Driver/Inc/stm32wbxx_ll_bus.h **** #endif /* AES1 */
 109:Drivers/STM32WBxx_HAL_Driver/Inc/stm32wbxx_ll_bus.h **** /**
 110:Drivers/STM32WBxx_HAL_Driver/Inc/stm32wbxx_ll_bus.h ****   * @}
 111:Drivers/STM32WBxx_HAL_Driver/Inc/stm32wbxx_ll_bus.h ****   */
 112:Drivers/STM32WBxx_HAL_Driver/Inc/stm32wbxx_ll_bus.h **** 
 113:Drivers/STM32WBxx_HAL_Driver/Inc/stm32wbxx_ll_bus.h **** /** @defgroup BUS_LL_EC_AHB3_GRP1_PERIPH  AHB3 GRP1 PERIPH
 114:Drivers/STM32WBxx_HAL_Driver/Inc/stm32wbxx_ll_bus.h ****   * @{
 115:Drivers/STM32WBxx_HAL_Driver/Inc/stm32wbxx_ll_bus.h ****   */
 116:Drivers/STM32WBxx_HAL_Driver/Inc/stm32wbxx_ll_bus.h **** #define LL_AHB3_GRP1_PERIPH_ALL            (0xFFFFFFFFU)
 117:Drivers/STM32WBxx_HAL_Driver/Inc/stm32wbxx_ll_bus.h **** #if defined(QUADSPI)
 118:Drivers/STM32WBxx_HAL_Driver/Inc/stm32wbxx_ll_bus.h **** #define LL_AHB3_GRP1_PERIPH_QUADSPI        RCC_AHB3ENR_QUADSPIEN
 119:Drivers/STM32WBxx_HAL_Driver/Inc/stm32wbxx_ll_bus.h **** #endif /* QUADSPI */
 120:Drivers/STM32WBxx_HAL_Driver/Inc/stm32wbxx_ll_bus.h **** #define LL_AHB3_GRP1_PERIPH_PKA            RCC_AHB3ENR_PKAEN
 121:Drivers/STM32WBxx_HAL_Driver/Inc/stm32wbxx_ll_bus.h **** #define LL_AHB3_GRP1_PERIPH_AES2           RCC_AHB3ENR_AES2EN
 122:Drivers/STM32WBxx_HAL_Driver/Inc/stm32wbxx_ll_bus.h **** #define LL_AHB3_GRP1_PERIPH_RNG            RCC_AHB3ENR_RNGEN
 123:Drivers/STM32WBxx_HAL_Driver/Inc/stm32wbxx_ll_bus.h **** #define LL_AHB3_GRP1_PERIPH_HSEM           RCC_AHB3ENR_HSEMEN
 124:Drivers/STM32WBxx_HAL_Driver/Inc/stm32wbxx_ll_bus.h **** #define LL_AHB3_GRP1_PERIPH_IPCC           RCC_AHB3ENR_IPCCEN
 125:Drivers/STM32WBxx_HAL_Driver/Inc/stm32wbxx_ll_bus.h **** #define LL_AHB3_GRP1_PERIPH_SRAM2          RCC_AHB3SMENR_SRAM2SMEN
 126:Drivers/STM32WBxx_HAL_Driver/Inc/stm32wbxx_ll_bus.h **** #define LL_AHB3_GRP1_PERIPH_FLASH          RCC_AHB3ENR_FLASHEN
 127:Drivers/STM32WBxx_HAL_Driver/Inc/stm32wbxx_ll_bus.h **** /**
 128:Drivers/STM32WBxx_HAL_Driver/Inc/stm32wbxx_ll_bus.h ****   * @}
 129:Drivers/STM32WBxx_HAL_Driver/Inc/stm32wbxx_ll_bus.h ****   */
 130:Drivers/STM32WBxx_HAL_Driver/Inc/stm32wbxx_ll_bus.h **** 
 131:Drivers/STM32WBxx_HAL_Driver/Inc/stm32wbxx_ll_bus.h **** /** @defgroup BUS_LL_EC_APB1_GRP1_PERIPH  APB1 GRP1 PERIPH
 132:Drivers/STM32WBxx_HAL_Driver/Inc/stm32wbxx_ll_bus.h ****   * @{
 133:Drivers/STM32WBxx_HAL_Driver/Inc/stm32wbxx_ll_bus.h ****   */
ARM GAS  C:\Users\843E~1\AppData\Local\Temp\ccJpJOBl.s 			page 27


 134:Drivers/STM32WBxx_HAL_Driver/Inc/stm32wbxx_ll_bus.h **** #define LL_APB1_GRP1_PERIPH_ALL            (0xFFFFFFFFU)
 135:Drivers/STM32WBxx_HAL_Driver/Inc/stm32wbxx_ll_bus.h **** #define LL_APB1_GRP1_PERIPH_TIM2           RCC_APB1ENR1_TIM2EN
 136:Drivers/STM32WBxx_HAL_Driver/Inc/stm32wbxx_ll_bus.h **** #if defined(LCD)
 137:Drivers/STM32WBxx_HAL_Driver/Inc/stm32wbxx_ll_bus.h **** #define LL_APB1_GRP1_PERIPH_LCD            RCC_APB1ENR1_LCDEN
 138:Drivers/STM32WBxx_HAL_Driver/Inc/stm32wbxx_ll_bus.h **** #endif /* LCD */
 139:Drivers/STM32WBxx_HAL_Driver/Inc/stm32wbxx_ll_bus.h **** #define LL_APB1_GRP1_PERIPH_RTCAPB         RCC_APB1ENR1_RTCAPBEN
 140:Drivers/STM32WBxx_HAL_Driver/Inc/stm32wbxx_ll_bus.h **** #define LL_APB1_GRP1_PERIPH_WWDG           RCC_APB1ENR1_WWDGEN
 141:Drivers/STM32WBxx_HAL_Driver/Inc/stm32wbxx_ll_bus.h **** #if defined(SPI2)
 142:Drivers/STM32WBxx_HAL_Driver/Inc/stm32wbxx_ll_bus.h **** #define LL_APB1_GRP1_PERIPH_SPI2           RCC_APB1ENR1_SPI2EN
 143:Drivers/STM32WBxx_HAL_Driver/Inc/stm32wbxx_ll_bus.h **** #endif /* SPI2 */
 144:Drivers/STM32WBxx_HAL_Driver/Inc/stm32wbxx_ll_bus.h **** #define LL_APB1_GRP1_PERIPH_I2C1           RCC_APB1ENR1_I2C1EN
 145:Drivers/STM32WBxx_HAL_Driver/Inc/stm32wbxx_ll_bus.h **** #if defined(I2C3)
 146:Drivers/STM32WBxx_HAL_Driver/Inc/stm32wbxx_ll_bus.h **** #define LL_APB1_GRP1_PERIPH_I2C3           RCC_APB1ENR1_I2C3EN
 147:Drivers/STM32WBxx_HAL_Driver/Inc/stm32wbxx_ll_bus.h **** #endif /* I2C3 */
 148:Drivers/STM32WBxx_HAL_Driver/Inc/stm32wbxx_ll_bus.h **** #if defined(CRS)
 149:Drivers/STM32WBxx_HAL_Driver/Inc/stm32wbxx_ll_bus.h **** #define LL_APB1_GRP1_PERIPH_CRS            RCC_APB1ENR1_CRSEN
 150:Drivers/STM32WBxx_HAL_Driver/Inc/stm32wbxx_ll_bus.h **** #endif /* CRS */
 151:Drivers/STM32WBxx_HAL_Driver/Inc/stm32wbxx_ll_bus.h **** #if defined(USB)
 152:Drivers/STM32WBxx_HAL_Driver/Inc/stm32wbxx_ll_bus.h **** #define LL_APB1_GRP1_PERIPH_USB            RCC_APB1ENR1_USBEN
 153:Drivers/STM32WBxx_HAL_Driver/Inc/stm32wbxx_ll_bus.h **** #endif /* USB */
 154:Drivers/STM32WBxx_HAL_Driver/Inc/stm32wbxx_ll_bus.h **** #define LL_APB1_GRP1_PERIPH_LPTIM1         RCC_APB1ENR1_LPTIM1EN
 155:Drivers/STM32WBxx_HAL_Driver/Inc/stm32wbxx_ll_bus.h **** /**
 156:Drivers/STM32WBxx_HAL_Driver/Inc/stm32wbxx_ll_bus.h ****   * @}
 157:Drivers/STM32WBxx_HAL_Driver/Inc/stm32wbxx_ll_bus.h ****   */
 158:Drivers/STM32WBxx_HAL_Driver/Inc/stm32wbxx_ll_bus.h **** 
 159:Drivers/STM32WBxx_HAL_Driver/Inc/stm32wbxx_ll_bus.h **** 
 160:Drivers/STM32WBxx_HAL_Driver/Inc/stm32wbxx_ll_bus.h **** /** @defgroup BUS_LL_EC_APB1_GRP2_PERIPH  APB1 GRP2 PERIPH
 161:Drivers/STM32WBxx_HAL_Driver/Inc/stm32wbxx_ll_bus.h ****   * @{
 162:Drivers/STM32WBxx_HAL_Driver/Inc/stm32wbxx_ll_bus.h ****   */
 163:Drivers/STM32WBxx_HAL_Driver/Inc/stm32wbxx_ll_bus.h **** #define LL_APB1_GRP2_PERIPH_ALL            (0xFFFFFFFFU)
 164:Drivers/STM32WBxx_HAL_Driver/Inc/stm32wbxx_ll_bus.h **** 
 165:Drivers/STM32WBxx_HAL_Driver/Inc/stm32wbxx_ll_bus.h **** #if defined(LPUART1)
 166:Drivers/STM32WBxx_HAL_Driver/Inc/stm32wbxx_ll_bus.h **** #define LL_APB1_GRP2_PERIPH_LPUART1        RCC_APB1ENR2_LPUART1EN
 167:Drivers/STM32WBxx_HAL_Driver/Inc/stm32wbxx_ll_bus.h **** #endif /* LPUART1 */
 168:Drivers/STM32WBxx_HAL_Driver/Inc/stm32wbxx_ll_bus.h **** #define LL_APB1_GRP2_PERIPH_LPTIM2         RCC_APB1ENR2_LPTIM2EN
 169:Drivers/STM32WBxx_HAL_Driver/Inc/stm32wbxx_ll_bus.h **** /**
 170:Drivers/STM32WBxx_HAL_Driver/Inc/stm32wbxx_ll_bus.h ****   * @}
 171:Drivers/STM32WBxx_HAL_Driver/Inc/stm32wbxx_ll_bus.h ****   */
 172:Drivers/STM32WBxx_HAL_Driver/Inc/stm32wbxx_ll_bus.h **** 
 173:Drivers/STM32WBxx_HAL_Driver/Inc/stm32wbxx_ll_bus.h **** /** @defgroup BUS_LL_EC_APB2_GRP1_PERIPH  APB2 GRP1 PERIPH
 174:Drivers/STM32WBxx_HAL_Driver/Inc/stm32wbxx_ll_bus.h ****   * @{
 175:Drivers/STM32WBxx_HAL_Driver/Inc/stm32wbxx_ll_bus.h ****   */
 176:Drivers/STM32WBxx_HAL_Driver/Inc/stm32wbxx_ll_bus.h **** #define LL_APB2_GRP1_PERIPH_ALL            (0xFFFFFFFFU)
 177:Drivers/STM32WBxx_HAL_Driver/Inc/stm32wbxx_ll_bus.h **** 
 178:Drivers/STM32WBxx_HAL_Driver/Inc/stm32wbxx_ll_bus.h **** #if defined(ADC_SUPPORT_2_5_MSPS)
 179:Drivers/STM32WBxx_HAL_Driver/Inc/stm32wbxx_ll_bus.h **** #define LL_APB2_GRP1_PERIPH_ADC            RCC_APB2ENR_ADCEN
 180:Drivers/STM32WBxx_HAL_Driver/Inc/stm32wbxx_ll_bus.h **** #endif /* ADC_SUPPORT_2_5_MSPS */
 181:Drivers/STM32WBxx_HAL_Driver/Inc/stm32wbxx_ll_bus.h **** #define LL_APB2_GRP1_PERIPH_TIM1           RCC_APB2ENR_TIM1EN
 182:Drivers/STM32WBxx_HAL_Driver/Inc/stm32wbxx_ll_bus.h **** #define LL_APB2_GRP1_PERIPH_SPI1           RCC_APB2ENR_SPI1EN
 183:Drivers/STM32WBxx_HAL_Driver/Inc/stm32wbxx_ll_bus.h **** #define LL_APB2_GRP1_PERIPH_USART1         RCC_APB2ENR_USART1EN
 184:Drivers/STM32WBxx_HAL_Driver/Inc/stm32wbxx_ll_bus.h **** #if defined(TIM16)
 185:Drivers/STM32WBxx_HAL_Driver/Inc/stm32wbxx_ll_bus.h **** #define LL_APB2_GRP1_PERIPH_TIM16          RCC_APB2ENR_TIM16EN
 186:Drivers/STM32WBxx_HAL_Driver/Inc/stm32wbxx_ll_bus.h **** #endif /* TIM16 */
 187:Drivers/STM32WBxx_HAL_Driver/Inc/stm32wbxx_ll_bus.h **** #if defined(TIM17)
 188:Drivers/STM32WBxx_HAL_Driver/Inc/stm32wbxx_ll_bus.h **** #define LL_APB2_GRP1_PERIPH_TIM17          RCC_APB2ENR_TIM17EN
 189:Drivers/STM32WBxx_HAL_Driver/Inc/stm32wbxx_ll_bus.h **** #endif /* TIM17 */
 190:Drivers/STM32WBxx_HAL_Driver/Inc/stm32wbxx_ll_bus.h **** #if defined(SAI1)
ARM GAS  C:\Users\843E~1\AppData\Local\Temp\ccJpJOBl.s 			page 28


 191:Drivers/STM32WBxx_HAL_Driver/Inc/stm32wbxx_ll_bus.h **** #define LL_APB2_GRP1_PERIPH_SAI1           RCC_APB2ENR_SAI1EN
 192:Drivers/STM32WBxx_HAL_Driver/Inc/stm32wbxx_ll_bus.h **** #endif /* SAI1 */
 193:Drivers/STM32WBxx_HAL_Driver/Inc/stm32wbxx_ll_bus.h **** /**
 194:Drivers/STM32WBxx_HAL_Driver/Inc/stm32wbxx_ll_bus.h ****   * @}
 195:Drivers/STM32WBxx_HAL_Driver/Inc/stm32wbxx_ll_bus.h ****   */
 196:Drivers/STM32WBxx_HAL_Driver/Inc/stm32wbxx_ll_bus.h **** 
 197:Drivers/STM32WBxx_HAL_Driver/Inc/stm32wbxx_ll_bus.h **** /** @defgroup BUS_LL_EC_APB3_GRP1_PERIPH  APB3 GRP1 PERIPH
 198:Drivers/STM32WBxx_HAL_Driver/Inc/stm32wbxx_ll_bus.h ****   * @{
 199:Drivers/STM32WBxx_HAL_Driver/Inc/stm32wbxx_ll_bus.h ****   */
 200:Drivers/STM32WBxx_HAL_Driver/Inc/stm32wbxx_ll_bus.h **** #define LL_APB3_GRP1_PERIPH_ALL            (0xFFFFFFFFU)
 201:Drivers/STM32WBxx_HAL_Driver/Inc/stm32wbxx_ll_bus.h **** #define LL_APB3_GRP1_PERIPH_RF             RCC_APB3RSTR_RFRST
 202:Drivers/STM32WBxx_HAL_Driver/Inc/stm32wbxx_ll_bus.h **** /**
 203:Drivers/STM32WBxx_HAL_Driver/Inc/stm32wbxx_ll_bus.h ****   * @}
 204:Drivers/STM32WBxx_HAL_Driver/Inc/stm32wbxx_ll_bus.h ****   */
 205:Drivers/STM32WBxx_HAL_Driver/Inc/stm32wbxx_ll_bus.h **** 
 206:Drivers/STM32WBxx_HAL_Driver/Inc/stm32wbxx_ll_bus.h **** 
 207:Drivers/STM32WBxx_HAL_Driver/Inc/stm32wbxx_ll_bus.h **** /** @defgroup BUS_LL_EC_C2_AHB1_GRP1_PERIPH  C2 AHB1 GRP1 PERIPH
 208:Drivers/STM32WBxx_HAL_Driver/Inc/stm32wbxx_ll_bus.h ****   * @{
 209:Drivers/STM32WBxx_HAL_Driver/Inc/stm32wbxx_ll_bus.h ****   */
 210:Drivers/STM32WBxx_HAL_Driver/Inc/stm32wbxx_ll_bus.h **** #define LL_C2_AHB1_GRP1_PERIPH_DMA1         RCC_C2AHB1ENR_DMA1EN
 211:Drivers/STM32WBxx_HAL_Driver/Inc/stm32wbxx_ll_bus.h **** #if defined(DMA2)
 212:Drivers/STM32WBxx_HAL_Driver/Inc/stm32wbxx_ll_bus.h **** #define LL_C2_AHB1_GRP1_PERIPH_DMA2         RCC_C2AHB1ENR_DMA2EN
 213:Drivers/STM32WBxx_HAL_Driver/Inc/stm32wbxx_ll_bus.h **** #endif /* DMA2 */
 214:Drivers/STM32WBxx_HAL_Driver/Inc/stm32wbxx_ll_bus.h **** #define LL_C2_AHB1_GRP1_PERIPH_DMAMUX1      RCC_C2AHB1ENR_DMAMUX1EN
 215:Drivers/STM32WBxx_HAL_Driver/Inc/stm32wbxx_ll_bus.h **** #define LL_C2_AHB1_GRP1_PERIPH_SRAM1        RCC_C2AHB1ENR_SRAM1EN
 216:Drivers/STM32WBxx_HAL_Driver/Inc/stm32wbxx_ll_bus.h **** #define LL_C2_AHB1_GRP1_PERIPH_CRC          RCC_C2AHB1ENR_CRCEN
 217:Drivers/STM32WBxx_HAL_Driver/Inc/stm32wbxx_ll_bus.h **** #if defined(TSC)
 218:Drivers/STM32WBxx_HAL_Driver/Inc/stm32wbxx_ll_bus.h **** #define LL_C2_AHB1_GRP1_PERIPH_TSC          RCC_C2AHB1ENR_TSCEN
 219:Drivers/STM32WBxx_HAL_Driver/Inc/stm32wbxx_ll_bus.h **** #endif /* TSC */
 220:Drivers/STM32WBxx_HAL_Driver/Inc/stm32wbxx_ll_bus.h **** /**
 221:Drivers/STM32WBxx_HAL_Driver/Inc/stm32wbxx_ll_bus.h ****   * @}
 222:Drivers/STM32WBxx_HAL_Driver/Inc/stm32wbxx_ll_bus.h ****   */
 223:Drivers/STM32WBxx_HAL_Driver/Inc/stm32wbxx_ll_bus.h **** 
 224:Drivers/STM32WBxx_HAL_Driver/Inc/stm32wbxx_ll_bus.h **** 
 225:Drivers/STM32WBxx_HAL_Driver/Inc/stm32wbxx_ll_bus.h **** /** @defgroup BUS_LL_EC_C2_AHB2_GRP1_PERIPH  C2 AHB2 GRP1 PERIPH
 226:Drivers/STM32WBxx_HAL_Driver/Inc/stm32wbxx_ll_bus.h ****   * @{
 227:Drivers/STM32WBxx_HAL_Driver/Inc/stm32wbxx_ll_bus.h ****   */
 228:Drivers/STM32WBxx_HAL_Driver/Inc/stm32wbxx_ll_bus.h **** #define LL_C2_AHB2_GRP1_PERIPH_GPIOA        RCC_C2AHB2ENR_GPIOAEN
 229:Drivers/STM32WBxx_HAL_Driver/Inc/stm32wbxx_ll_bus.h **** #define LL_C2_AHB2_GRP1_PERIPH_GPIOB        RCC_C2AHB2ENR_GPIOBEN
 230:Drivers/STM32WBxx_HAL_Driver/Inc/stm32wbxx_ll_bus.h **** #define LL_C2_AHB2_GRP1_PERIPH_GPIOC        RCC_C2AHB2ENR_GPIOCEN
 231:Drivers/STM32WBxx_HAL_Driver/Inc/stm32wbxx_ll_bus.h **** #if defined(GPIOD)
 232:Drivers/STM32WBxx_HAL_Driver/Inc/stm32wbxx_ll_bus.h **** #define LL_C2_AHB2_GRP1_PERIPH_GPIOD        RCC_C2AHB2ENR_GPIODEN
 233:Drivers/STM32WBxx_HAL_Driver/Inc/stm32wbxx_ll_bus.h **** #endif /* GPIOD */
 234:Drivers/STM32WBxx_HAL_Driver/Inc/stm32wbxx_ll_bus.h **** #define LL_C2_AHB2_GRP1_PERIPH_GPIOE        RCC_C2AHB2ENR_GPIOEEN
 235:Drivers/STM32WBxx_HAL_Driver/Inc/stm32wbxx_ll_bus.h **** #define LL_C2_AHB2_GRP1_PERIPH_GPIOH        RCC_C2AHB2ENR_GPIOHEN
 236:Drivers/STM32WBxx_HAL_Driver/Inc/stm32wbxx_ll_bus.h **** #if defined(ADC_SUPPORT_5_MSPS)
 237:Drivers/STM32WBxx_HAL_Driver/Inc/stm32wbxx_ll_bus.h **** #define LL_C2_AHB2_GRP1_PERIPH_ADC          RCC_C2AHB2ENR_ADCEN
 238:Drivers/STM32WBxx_HAL_Driver/Inc/stm32wbxx_ll_bus.h **** #endif /* ADC_SUPPORT_5_MSPS */
 239:Drivers/STM32WBxx_HAL_Driver/Inc/stm32wbxx_ll_bus.h **** #if defined(AES1)
 240:Drivers/STM32WBxx_HAL_Driver/Inc/stm32wbxx_ll_bus.h **** #define LL_C2_AHB2_GRP1_PERIPH_AES1         RCC_C2AHB2ENR_AES1EN
 241:Drivers/STM32WBxx_HAL_Driver/Inc/stm32wbxx_ll_bus.h **** #endif /* AES1 */
 242:Drivers/STM32WBxx_HAL_Driver/Inc/stm32wbxx_ll_bus.h **** /**
 243:Drivers/STM32WBxx_HAL_Driver/Inc/stm32wbxx_ll_bus.h ****   * @}
 244:Drivers/STM32WBxx_HAL_Driver/Inc/stm32wbxx_ll_bus.h ****   */
 245:Drivers/STM32WBxx_HAL_Driver/Inc/stm32wbxx_ll_bus.h **** 
 246:Drivers/STM32WBxx_HAL_Driver/Inc/stm32wbxx_ll_bus.h **** 
 247:Drivers/STM32WBxx_HAL_Driver/Inc/stm32wbxx_ll_bus.h **** /** @defgroup BUS_LL_EC_C2_AHB3_GRP1_PERIPH  C2 AHB3 GRP1 PERIPH
ARM GAS  C:\Users\843E~1\AppData\Local\Temp\ccJpJOBl.s 			page 29


 248:Drivers/STM32WBxx_HAL_Driver/Inc/stm32wbxx_ll_bus.h ****   * @{
 249:Drivers/STM32WBxx_HAL_Driver/Inc/stm32wbxx_ll_bus.h ****   */
 250:Drivers/STM32WBxx_HAL_Driver/Inc/stm32wbxx_ll_bus.h **** #define LL_C2_AHB3_GRP1_PERIPH_PKA          RCC_C2AHB3ENR_PKAEN
 251:Drivers/STM32WBxx_HAL_Driver/Inc/stm32wbxx_ll_bus.h **** #define LL_C2_AHB3_GRP1_PERIPH_AES2         RCC_C2AHB3ENR_AES2EN
 252:Drivers/STM32WBxx_HAL_Driver/Inc/stm32wbxx_ll_bus.h **** #define LL_C2_AHB3_GRP1_PERIPH_RNG          RCC_C2AHB3ENR_RNGEN
 253:Drivers/STM32WBxx_HAL_Driver/Inc/stm32wbxx_ll_bus.h **** #define LL_C2_AHB3_GRP1_PERIPH_HSEM         RCC_C2AHB3ENR_HSEMEN
 254:Drivers/STM32WBxx_HAL_Driver/Inc/stm32wbxx_ll_bus.h **** #define LL_C2_AHB3_GRP1_PERIPH_IPCC         RCC_C2AHB3ENR_IPCCEN
 255:Drivers/STM32WBxx_HAL_Driver/Inc/stm32wbxx_ll_bus.h **** #define LL_C2_AHB3_GRP1_PERIPH_FLASH        RCC_C2AHB3ENR_FLASHEN
 256:Drivers/STM32WBxx_HAL_Driver/Inc/stm32wbxx_ll_bus.h **** #define LL_C2_AHB3_GRP1_PERIPH_SRAM2        RCC_C2AHB3SMENR_SRAM2SMEN
 257:Drivers/STM32WBxx_HAL_Driver/Inc/stm32wbxx_ll_bus.h **** /**
 258:Drivers/STM32WBxx_HAL_Driver/Inc/stm32wbxx_ll_bus.h ****   * @}
 259:Drivers/STM32WBxx_HAL_Driver/Inc/stm32wbxx_ll_bus.h ****   */
 260:Drivers/STM32WBxx_HAL_Driver/Inc/stm32wbxx_ll_bus.h **** 
 261:Drivers/STM32WBxx_HAL_Driver/Inc/stm32wbxx_ll_bus.h **** 
 262:Drivers/STM32WBxx_HAL_Driver/Inc/stm32wbxx_ll_bus.h **** /** @defgroup BUS_LL_EC_C2_APB1_GRP1_PERIPH  C2 APB1 GRP1 PERIPH
 263:Drivers/STM32WBxx_HAL_Driver/Inc/stm32wbxx_ll_bus.h ****   * @{
 264:Drivers/STM32WBxx_HAL_Driver/Inc/stm32wbxx_ll_bus.h ****   */
 265:Drivers/STM32WBxx_HAL_Driver/Inc/stm32wbxx_ll_bus.h **** #define LL_C2_APB1_GRP1_PERIPH_TIM2         RCC_C2APB1ENR1_TIM2EN
 266:Drivers/STM32WBxx_HAL_Driver/Inc/stm32wbxx_ll_bus.h **** #if defined(LCD)
 267:Drivers/STM32WBxx_HAL_Driver/Inc/stm32wbxx_ll_bus.h **** #define LL_C2_APB1_GRP1_PERIPH_LCD          RCC_C2APB1ENR1_LCDEN
 268:Drivers/STM32WBxx_HAL_Driver/Inc/stm32wbxx_ll_bus.h **** #endif /* LCD */
 269:Drivers/STM32WBxx_HAL_Driver/Inc/stm32wbxx_ll_bus.h **** #define LL_C2_APB1_GRP1_PERIPH_RTCAPB       RCC_C2APB1ENR1_RTCAPBEN
 270:Drivers/STM32WBxx_HAL_Driver/Inc/stm32wbxx_ll_bus.h **** #if defined(SPI2)
 271:Drivers/STM32WBxx_HAL_Driver/Inc/stm32wbxx_ll_bus.h **** #define LL_C2_APB1_GRP1_PERIPH_SPI2         RCC_C2APB1ENR1_SPI2EN
 272:Drivers/STM32WBxx_HAL_Driver/Inc/stm32wbxx_ll_bus.h **** #endif /* SPI2 */
 273:Drivers/STM32WBxx_HAL_Driver/Inc/stm32wbxx_ll_bus.h **** #define LL_C2_APB1_GRP1_PERIPH_I2C1         RCC_C2APB1ENR1_I2C1EN
 274:Drivers/STM32WBxx_HAL_Driver/Inc/stm32wbxx_ll_bus.h **** #if defined(I2C3)
 275:Drivers/STM32WBxx_HAL_Driver/Inc/stm32wbxx_ll_bus.h **** #define LL_C2_APB1_GRP1_PERIPH_I2C3         RCC_C2APB1ENR1_I2C3EN
 276:Drivers/STM32WBxx_HAL_Driver/Inc/stm32wbxx_ll_bus.h **** #define LL_C2_APB1_GRP1_PERIPH_CRS          RCC_C2APB1ENR1_CRSEN
 277:Drivers/STM32WBxx_HAL_Driver/Inc/stm32wbxx_ll_bus.h **** #define LL_C2_APB1_GRP1_PERIPH_USB          RCC_C2APB1ENR1_USBEN
 278:Drivers/STM32WBxx_HAL_Driver/Inc/stm32wbxx_ll_bus.h **** #endif /* I2C3 */
 279:Drivers/STM32WBxx_HAL_Driver/Inc/stm32wbxx_ll_bus.h **** #define LL_C2_APB1_GRP1_PERIPH_LPTIM1       RCC_C2APB1ENR1_LPTIM1EN
 280:Drivers/STM32WBxx_HAL_Driver/Inc/stm32wbxx_ll_bus.h **** /**
 281:Drivers/STM32WBxx_HAL_Driver/Inc/stm32wbxx_ll_bus.h ****   * @}
 282:Drivers/STM32WBxx_HAL_Driver/Inc/stm32wbxx_ll_bus.h ****   */
 283:Drivers/STM32WBxx_HAL_Driver/Inc/stm32wbxx_ll_bus.h **** 
 284:Drivers/STM32WBxx_HAL_Driver/Inc/stm32wbxx_ll_bus.h **** 
 285:Drivers/STM32WBxx_HAL_Driver/Inc/stm32wbxx_ll_bus.h **** /** @defgroup BUS_LL_EC_C2_APB1_GRP2_PERIPH  C2 APB1 GRP2 PERIPH
 286:Drivers/STM32WBxx_HAL_Driver/Inc/stm32wbxx_ll_bus.h ****   * @{
 287:Drivers/STM32WBxx_HAL_Driver/Inc/stm32wbxx_ll_bus.h ****   */
 288:Drivers/STM32WBxx_HAL_Driver/Inc/stm32wbxx_ll_bus.h **** #if defined(LPUART1)
 289:Drivers/STM32WBxx_HAL_Driver/Inc/stm32wbxx_ll_bus.h **** #define LL_C2_APB1_GRP2_PERIPH_LPUART1      RCC_C2APB1ENR2_LPUART1EN
 290:Drivers/STM32WBxx_HAL_Driver/Inc/stm32wbxx_ll_bus.h **** #endif /* LPUART1 */
 291:Drivers/STM32WBxx_HAL_Driver/Inc/stm32wbxx_ll_bus.h **** #define LL_C2_APB1_GRP2_PERIPH_LPTIM2       RCC_C2APB1ENR2_LPTIM2EN
 292:Drivers/STM32WBxx_HAL_Driver/Inc/stm32wbxx_ll_bus.h **** /**
 293:Drivers/STM32WBxx_HAL_Driver/Inc/stm32wbxx_ll_bus.h ****   * @}
 294:Drivers/STM32WBxx_HAL_Driver/Inc/stm32wbxx_ll_bus.h ****   */
 295:Drivers/STM32WBxx_HAL_Driver/Inc/stm32wbxx_ll_bus.h **** 
 296:Drivers/STM32WBxx_HAL_Driver/Inc/stm32wbxx_ll_bus.h **** 
 297:Drivers/STM32WBxx_HAL_Driver/Inc/stm32wbxx_ll_bus.h **** /** @defgroup BUS_LL_EC_C2_APB2_GRP1_PERIPH  C2 APB2 GRP1 PERIPH
 298:Drivers/STM32WBxx_HAL_Driver/Inc/stm32wbxx_ll_bus.h ****   * @{
 299:Drivers/STM32WBxx_HAL_Driver/Inc/stm32wbxx_ll_bus.h ****   */
 300:Drivers/STM32WBxx_HAL_Driver/Inc/stm32wbxx_ll_bus.h **** #if defined(ADC_SUPPORT_2_5_MSPS)
 301:Drivers/STM32WBxx_HAL_Driver/Inc/stm32wbxx_ll_bus.h **** #define LL_C2_APB2_GRP1_PERIPH_ADC          RCC_C2APB2ENR_ADCEN
 302:Drivers/STM32WBxx_HAL_Driver/Inc/stm32wbxx_ll_bus.h **** #endif /* ADC_SUPPORT_5_MSPS */
 303:Drivers/STM32WBxx_HAL_Driver/Inc/stm32wbxx_ll_bus.h **** #define LL_C2_APB2_GRP1_PERIPH_TIM1         RCC_C2APB2ENR_TIM1EN
 304:Drivers/STM32WBxx_HAL_Driver/Inc/stm32wbxx_ll_bus.h **** #define LL_C2_APB2_GRP1_PERIPH_SPI1         RCC_C2APB2ENR_SPI1EN
ARM GAS  C:\Users\843E~1\AppData\Local\Temp\ccJpJOBl.s 			page 30


 305:Drivers/STM32WBxx_HAL_Driver/Inc/stm32wbxx_ll_bus.h **** #define LL_C2_APB2_GRP1_PERIPH_USART1       RCC_C2APB2ENR_USART1EN
 306:Drivers/STM32WBxx_HAL_Driver/Inc/stm32wbxx_ll_bus.h **** #if defined(TIM16)
 307:Drivers/STM32WBxx_HAL_Driver/Inc/stm32wbxx_ll_bus.h **** #define LL_C2_APB2_GRP1_PERIPH_TIM16        RCC_C2APB2ENR_TIM16EN
 308:Drivers/STM32WBxx_HAL_Driver/Inc/stm32wbxx_ll_bus.h **** #endif /* TIM16 */
 309:Drivers/STM32WBxx_HAL_Driver/Inc/stm32wbxx_ll_bus.h **** #if defined(TIM17)
 310:Drivers/STM32WBxx_HAL_Driver/Inc/stm32wbxx_ll_bus.h **** #define LL_C2_APB2_GRP1_PERIPH_TIM17        RCC_C2APB2ENR_TIM17EN
 311:Drivers/STM32WBxx_HAL_Driver/Inc/stm32wbxx_ll_bus.h **** #endif /* TIM17 */
 312:Drivers/STM32WBxx_HAL_Driver/Inc/stm32wbxx_ll_bus.h **** #if defined(SAI1)
 313:Drivers/STM32WBxx_HAL_Driver/Inc/stm32wbxx_ll_bus.h **** #define LL_C2_APB2_GRP1_PERIPH_SAI1         RCC_C2APB2ENR_SAI1EN
 314:Drivers/STM32WBxx_HAL_Driver/Inc/stm32wbxx_ll_bus.h **** #endif /* SAI1 */
 315:Drivers/STM32WBxx_HAL_Driver/Inc/stm32wbxx_ll_bus.h **** /**
 316:Drivers/STM32WBxx_HAL_Driver/Inc/stm32wbxx_ll_bus.h ****   * @}
 317:Drivers/STM32WBxx_HAL_Driver/Inc/stm32wbxx_ll_bus.h ****   */
 318:Drivers/STM32WBxx_HAL_Driver/Inc/stm32wbxx_ll_bus.h **** 
 319:Drivers/STM32WBxx_HAL_Driver/Inc/stm32wbxx_ll_bus.h **** 
 320:Drivers/STM32WBxx_HAL_Driver/Inc/stm32wbxx_ll_bus.h **** /** @defgroup BUS_LL_EC_C2_APB3_GRP1_PERIPH  C2 APB3 GRP1 PERIPH
 321:Drivers/STM32WBxx_HAL_Driver/Inc/stm32wbxx_ll_bus.h ****   * @{
 322:Drivers/STM32WBxx_HAL_Driver/Inc/stm32wbxx_ll_bus.h ****   */
 323:Drivers/STM32WBxx_HAL_Driver/Inc/stm32wbxx_ll_bus.h **** #define LL_C2_APB3_GRP1_PERIPH_BLE          RCC_C2APB3ENR_BLEEN
 324:Drivers/STM32WBxx_HAL_Driver/Inc/stm32wbxx_ll_bus.h **** #if defined(RCC_802_SUPPORT)
 325:Drivers/STM32WBxx_HAL_Driver/Inc/stm32wbxx_ll_bus.h **** #define LL_C2_APB3_GRP1_PERIPH_802          RCC_C2APB3ENR_802EN
 326:Drivers/STM32WBxx_HAL_Driver/Inc/stm32wbxx_ll_bus.h **** #endif /* RCC_802_SUPPORT */
 327:Drivers/STM32WBxx_HAL_Driver/Inc/stm32wbxx_ll_bus.h **** /**
 328:Drivers/STM32WBxx_HAL_Driver/Inc/stm32wbxx_ll_bus.h ****   * @}
 329:Drivers/STM32WBxx_HAL_Driver/Inc/stm32wbxx_ll_bus.h ****   */
 330:Drivers/STM32WBxx_HAL_Driver/Inc/stm32wbxx_ll_bus.h **** 
 331:Drivers/STM32WBxx_HAL_Driver/Inc/stm32wbxx_ll_bus.h **** 
 332:Drivers/STM32WBxx_HAL_Driver/Inc/stm32wbxx_ll_bus.h **** /**
 333:Drivers/STM32WBxx_HAL_Driver/Inc/stm32wbxx_ll_bus.h ****   * @}
 334:Drivers/STM32WBxx_HAL_Driver/Inc/stm32wbxx_ll_bus.h ****   */
 335:Drivers/STM32WBxx_HAL_Driver/Inc/stm32wbxx_ll_bus.h **** 
 336:Drivers/STM32WBxx_HAL_Driver/Inc/stm32wbxx_ll_bus.h **** /* Exported macro ------------------------------------------------------------*/
 337:Drivers/STM32WBxx_HAL_Driver/Inc/stm32wbxx_ll_bus.h **** 
 338:Drivers/STM32WBxx_HAL_Driver/Inc/stm32wbxx_ll_bus.h **** /* Exported functions --------------------------------------------------------*/
 339:Drivers/STM32WBxx_HAL_Driver/Inc/stm32wbxx_ll_bus.h **** 
 340:Drivers/STM32WBxx_HAL_Driver/Inc/stm32wbxx_ll_bus.h **** /** @defgroup BUS_LL_Exported_Functions BUS Exported Functions
 341:Drivers/STM32WBxx_HAL_Driver/Inc/stm32wbxx_ll_bus.h ****   * @{
 342:Drivers/STM32WBxx_HAL_Driver/Inc/stm32wbxx_ll_bus.h ****   */
 343:Drivers/STM32WBxx_HAL_Driver/Inc/stm32wbxx_ll_bus.h **** 
 344:Drivers/STM32WBxx_HAL_Driver/Inc/stm32wbxx_ll_bus.h **** /** @defgroup BUS_LL_EF_AHB1 AHB1
 345:Drivers/STM32WBxx_HAL_Driver/Inc/stm32wbxx_ll_bus.h ****   * @{
 346:Drivers/STM32WBxx_HAL_Driver/Inc/stm32wbxx_ll_bus.h ****   */
 347:Drivers/STM32WBxx_HAL_Driver/Inc/stm32wbxx_ll_bus.h **** 
 348:Drivers/STM32WBxx_HAL_Driver/Inc/stm32wbxx_ll_bus.h **** /**
 349:Drivers/STM32WBxx_HAL_Driver/Inc/stm32wbxx_ll_bus.h ****   * @brief  Enable AHB1 peripherals clock.
 350:Drivers/STM32WBxx_HAL_Driver/Inc/stm32wbxx_ll_bus.h ****   * @rmtoll AHB1ENR      DMA1EN        LL_AHB1_GRP1_EnableClock\n
 351:Drivers/STM32WBxx_HAL_Driver/Inc/stm32wbxx_ll_bus.h ****   *         AHB1ENR      DMA2EN        LL_AHB1_GRP1_EnableClock\n
 352:Drivers/STM32WBxx_HAL_Driver/Inc/stm32wbxx_ll_bus.h ****   *         AHB1ENR      DMAMUX1EN      LL_AHB1_GRP1_EnableClock\n
 353:Drivers/STM32WBxx_HAL_Driver/Inc/stm32wbxx_ll_bus.h ****   *         AHB1ENR      CRCEN         LL_AHB1_GRP1_EnableClock\n
 354:Drivers/STM32WBxx_HAL_Driver/Inc/stm32wbxx_ll_bus.h ****   *         AHB1ENR      TSCEN         LL_AHB1_GRP1_EnableClock
 355:Drivers/STM32WBxx_HAL_Driver/Inc/stm32wbxx_ll_bus.h ****   * @param  Periphs This parameter can be a combination of the following values:
 356:Drivers/STM32WBxx_HAL_Driver/Inc/stm32wbxx_ll_bus.h ****   *         @arg @ref LL_AHB1_GRP1_PERIPH_DMA1
 357:Drivers/STM32WBxx_HAL_Driver/Inc/stm32wbxx_ll_bus.h ****   *         @arg @ref LL_AHB1_GRP1_PERIPH_DMA2 (*)
 358:Drivers/STM32WBxx_HAL_Driver/Inc/stm32wbxx_ll_bus.h ****   *         @arg @ref LL_AHB1_GRP1_PERIPH_DMAMUX1
 359:Drivers/STM32WBxx_HAL_Driver/Inc/stm32wbxx_ll_bus.h ****   *         @arg @ref LL_AHB1_GRP1_PERIPH_CRC
 360:Drivers/STM32WBxx_HAL_Driver/Inc/stm32wbxx_ll_bus.h ****   *         @arg @ref LL_AHB1_GRP1_PERIPH_TSC
 361:Drivers/STM32WBxx_HAL_Driver/Inc/stm32wbxx_ll_bus.h ****   * @note  (*) Not supported by all the devices
ARM GAS  C:\Users\843E~1\AppData\Local\Temp\ccJpJOBl.s 			page 31


 362:Drivers/STM32WBxx_HAL_Driver/Inc/stm32wbxx_ll_bus.h ****   * @retval None
 363:Drivers/STM32WBxx_HAL_Driver/Inc/stm32wbxx_ll_bus.h ****   */
 364:Drivers/STM32WBxx_HAL_Driver/Inc/stm32wbxx_ll_bus.h **** __STATIC_INLINE void LL_AHB1_GRP1_EnableClock(uint32_t Periphs)
 365:Drivers/STM32WBxx_HAL_Driver/Inc/stm32wbxx_ll_bus.h **** {
 366:Drivers/STM32WBxx_HAL_Driver/Inc/stm32wbxx_ll_bus.h ****   __IO uint32_t tmpreg;
 367:Drivers/STM32WBxx_HAL_Driver/Inc/stm32wbxx_ll_bus.h ****   SET_BIT(RCC->AHB1ENR, Periphs);
 368:Drivers/STM32WBxx_HAL_Driver/Inc/stm32wbxx_ll_bus.h ****   /* Delay after an RCC peripheral clock enabling */
 369:Drivers/STM32WBxx_HAL_Driver/Inc/stm32wbxx_ll_bus.h ****   tmpreg = READ_BIT(RCC->AHB1ENR, Periphs);
 370:Drivers/STM32WBxx_HAL_Driver/Inc/stm32wbxx_ll_bus.h ****   (void)tmpreg;
 371:Drivers/STM32WBxx_HAL_Driver/Inc/stm32wbxx_ll_bus.h **** }
 372:Drivers/STM32WBxx_HAL_Driver/Inc/stm32wbxx_ll_bus.h **** 
 373:Drivers/STM32WBxx_HAL_Driver/Inc/stm32wbxx_ll_bus.h **** /**
 374:Drivers/STM32WBxx_HAL_Driver/Inc/stm32wbxx_ll_bus.h ****   * @brief  Check if AHB1 peripheral clock is enabled or not
 375:Drivers/STM32WBxx_HAL_Driver/Inc/stm32wbxx_ll_bus.h ****   * @rmtoll AHB1ENR      DMA1EN        LL_AHB1_GRP1_IsEnabledClock\n
 376:Drivers/STM32WBxx_HAL_Driver/Inc/stm32wbxx_ll_bus.h ****   *         AHB1ENR      DMA2EN        LL_AHB1_GRP1_IsEnabledClock\n
 377:Drivers/STM32WBxx_HAL_Driver/Inc/stm32wbxx_ll_bus.h ****   *         AHB1ENR      DMAMUX1EN      LL_AHB1_GRP1_IsEnabledClock\n
 378:Drivers/STM32WBxx_HAL_Driver/Inc/stm32wbxx_ll_bus.h ****   *         AHB1ENR      CRCEN         LL_AHB1_GRP1_IsEnabledClock\n
 379:Drivers/STM32WBxx_HAL_Driver/Inc/stm32wbxx_ll_bus.h ****   *         AHB1ENR      TSCEN         LL_AHB1_GRP1_IsEnabledClock
 380:Drivers/STM32WBxx_HAL_Driver/Inc/stm32wbxx_ll_bus.h ****   * @param  Periphs This parameter can be a combination of the following values:
 381:Drivers/STM32WBxx_HAL_Driver/Inc/stm32wbxx_ll_bus.h ****   *         @arg @ref LL_AHB1_GRP1_PERIPH_DMA1
 382:Drivers/STM32WBxx_HAL_Driver/Inc/stm32wbxx_ll_bus.h ****   *         @arg @ref LL_AHB1_GRP1_PERIPH_DMA2 (*)
 383:Drivers/STM32WBxx_HAL_Driver/Inc/stm32wbxx_ll_bus.h ****   *         @arg @ref LL_AHB1_GRP1_PERIPH_DMAMUX1
 384:Drivers/STM32WBxx_HAL_Driver/Inc/stm32wbxx_ll_bus.h ****   *         @arg @ref LL_AHB1_GRP1_PERIPH_CRC
 385:Drivers/STM32WBxx_HAL_Driver/Inc/stm32wbxx_ll_bus.h ****   *         @arg @ref LL_AHB1_GRP1_PERIPH_TSC
 386:Drivers/STM32WBxx_HAL_Driver/Inc/stm32wbxx_ll_bus.h ****   * @note  (*) Not supported by all the devices
 387:Drivers/STM32WBxx_HAL_Driver/Inc/stm32wbxx_ll_bus.h ****   * @retval uint32_t
 388:Drivers/STM32WBxx_HAL_Driver/Inc/stm32wbxx_ll_bus.h ****   */
 389:Drivers/STM32WBxx_HAL_Driver/Inc/stm32wbxx_ll_bus.h **** __STATIC_INLINE uint32_t LL_AHB1_GRP1_IsEnabledClock(uint32_t Periphs)
 390:Drivers/STM32WBxx_HAL_Driver/Inc/stm32wbxx_ll_bus.h **** {
 391:Drivers/STM32WBxx_HAL_Driver/Inc/stm32wbxx_ll_bus.h ****   return ((READ_BIT(RCC->AHB1ENR, Periphs) == (Periphs)) ? 1UL : 0UL);
 392:Drivers/STM32WBxx_HAL_Driver/Inc/stm32wbxx_ll_bus.h **** }
 393:Drivers/STM32WBxx_HAL_Driver/Inc/stm32wbxx_ll_bus.h **** 
 394:Drivers/STM32WBxx_HAL_Driver/Inc/stm32wbxx_ll_bus.h **** /**
 395:Drivers/STM32WBxx_HAL_Driver/Inc/stm32wbxx_ll_bus.h ****   * @brief  Disable AHB1 peripherals clock.
 396:Drivers/STM32WBxx_HAL_Driver/Inc/stm32wbxx_ll_bus.h ****   * @rmtoll AHB1ENR      DMA1EN        LL_AHB1_GRP1_DisableClock\n
 397:Drivers/STM32WBxx_HAL_Driver/Inc/stm32wbxx_ll_bus.h ****   *         AHB1ENR      DMA2EN        LL_AHB1_GRP1_DisableClock\n
 398:Drivers/STM32WBxx_HAL_Driver/Inc/stm32wbxx_ll_bus.h ****   *         AHB1ENR      DMAMUX1EN      LL_AHB1_GRP1_DisableClock\n
 399:Drivers/STM32WBxx_HAL_Driver/Inc/stm32wbxx_ll_bus.h ****   *         AHB1ENR      CRCEN         LL_AHB1_GRP1_DisableClock\n
 400:Drivers/STM32WBxx_HAL_Driver/Inc/stm32wbxx_ll_bus.h ****   *         AHB1ENR      TSCEN         LL_AHB1_GRP1_DisableClock
 401:Drivers/STM32WBxx_HAL_Driver/Inc/stm32wbxx_ll_bus.h ****   * @param  Periphs This parameter can be a combination of the following values:
 402:Drivers/STM32WBxx_HAL_Driver/Inc/stm32wbxx_ll_bus.h ****   *         @arg @ref LL_AHB1_GRP1_PERIPH_DMA1
 403:Drivers/STM32WBxx_HAL_Driver/Inc/stm32wbxx_ll_bus.h ****   *         @arg @ref LL_AHB1_GRP1_PERIPH_DMA2 (*)
 404:Drivers/STM32WBxx_HAL_Driver/Inc/stm32wbxx_ll_bus.h ****   *         @arg @ref LL_AHB1_GRP1_PERIPH_DMAMUX1
 405:Drivers/STM32WBxx_HAL_Driver/Inc/stm32wbxx_ll_bus.h ****   *         @arg @ref LL_AHB1_GRP1_PERIPH_CRC
 406:Drivers/STM32WBxx_HAL_Driver/Inc/stm32wbxx_ll_bus.h ****   *         @arg @ref LL_AHB1_GRP1_PERIPH_TSC
 407:Drivers/STM32WBxx_HAL_Driver/Inc/stm32wbxx_ll_bus.h ****   * @note  (*) Not supported by all the devices
 408:Drivers/STM32WBxx_HAL_Driver/Inc/stm32wbxx_ll_bus.h ****   * @retval None
 409:Drivers/STM32WBxx_HAL_Driver/Inc/stm32wbxx_ll_bus.h ****   */
 410:Drivers/STM32WBxx_HAL_Driver/Inc/stm32wbxx_ll_bus.h **** __STATIC_INLINE void LL_AHB1_GRP1_DisableClock(uint32_t Periphs)
 411:Drivers/STM32WBxx_HAL_Driver/Inc/stm32wbxx_ll_bus.h **** {
 412:Drivers/STM32WBxx_HAL_Driver/Inc/stm32wbxx_ll_bus.h ****   CLEAR_BIT(RCC->AHB1ENR, Periphs);
 413:Drivers/STM32WBxx_HAL_Driver/Inc/stm32wbxx_ll_bus.h **** }
 414:Drivers/STM32WBxx_HAL_Driver/Inc/stm32wbxx_ll_bus.h **** 
 415:Drivers/STM32WBxx_HAL_Driver/Inc/stm32wbxx_ll_bus.h **** /**
 416:Drivers/STM32WBxx_HAL_Driver/Inc/stm32wbxx_ll_bus.h ****   * @brief  Force AHB1 peripherals reset.
 417:Drivers/STM32WBxx_HAL_Driver/Inc/stm32wbxx_ll_bus.h ****   * @rmtoll AHB1RSTR     DMA1RST       LL_AHB1_GRP1_ForceReset\n
 418:Drivers/STM32WBxx_HAL_Driver/Inc/stm32wbxx_ll_bus.h ****   *         AHB1RSTR     DMA2RST       LL_AHB1_GRP1_ForceReset\n
ARM GAS  C:\Users\843E~1\AppData\Local\Temp\ccJpJOBl.s 			page 32


 419:Drivers/STM32WBxx_HAL_Driver/Inc/stm32wbxx_ll_bus.h ****   *         AHB1RSTR     DMAMUX1RST     LL_AHB1_GRP1_ForceReset\n
 420:Drivers/STM32WBxx_HAL_Driver/Inc/stm32wbxx_ll_bus.h ****   *         AHB1RSTR     CRCRST        LL_AHB1_GRP1_ForceReset\n
 421:Drivers/STM32WBxx_HAL_Driver/Inc/stm32wbxx_ll_bus.h ****   *         AHB1RSTR     TSCRST        LL_AHB1_GRP1_ForceReset
 422:Drivers/STM32WBxx_HAL_Driver/Inc/stm32wbxx_ll_bus.h ****   * @param  Periphs This parameter can be a combination of the following values:
 423:Drivers/STM32WBxx_HAL_Driver/Inc/stm32wbxx_ll_bus.h ****   *         @arg @ref LL_AHB1_GRP1_PERIPH_ALL
 424:Drivers/STM32WBxx_HAL_Driver/Inc/stm32wbxx_ll_bus.h ****   *         @arg @ref LL_AHB1_GRP1_PERIPH_DMA1
 425:Drivers/STM32WBxx_HAL_Driver/Inc/stm32wbxx_ll_bus.h ****   *         @arg @ref LL_AHB1_GRP1_PERIPH_DMA2 (*)
 426:Drivers/STM32WBxx_HAL_Driver/Inc/stm32wbxx_ll_bus.h ****   *         @arg @ref LL_AHB1_GRP1_PERIPH_DMAMUX1
 427:Drivers/STM32WBxx_HAL_Driver/Inc/stm32wbxx_ll_bus.h ****   *         @arg @ref LL_AHB1_GRP1_PERIPH_CRC
 428:Drivers/STM32WBxx_HAL_Driver/Inc/stm32wbxx_ll_bus.h ****   *         @arg @ref LL_AHB1_GRP1_PERIPH_TSC
 429:Drivers/STM32WBxx_HAL_Driver/Inc/stm32wbxx_ll_bus.h ****   * @note  (*) Not supported by all the devices
 430:Drivers/STM32WBxx_HAL_Driver/Inc/stm32wbxx_ll_bus.h ****   * @retval None
 431:Drivers/STM32WBxx_HAL_Driver/Inc/stm32wbxx_ll_bus.h ****   */
 432:Drivers/STM32WBxx_HAL_Driver/Inc/stm32wbxx_ll_bus.h **** __STATIC_INLINE void LL_AHB1_GRP1_ForceReset(uint32_t Periphs)
 433:Drivers/STM32WBxx_HAL_Driver/Inc/stm32wbxx_ll_bus.h **** {
 434:Drivers/STM32WBxx_HAL_Driver/Inc/stm32wbxx_ll_bus.h ****   SET_BIT(RCC->AHB1RSTR, Periphs);
 435:Drivers/STM32WBxx_HAL_Driver/Inc/stm32wbxx_ll_bus.h **** }
 436:Drivers/STM32WBxx_HAL_Driver/Inc/stm32wbxx_ll_bus.h **** 
 437:Drivers/STM32WBxx_HAL_Driver/Inc/stm32wbxx_ll_bus.h **** /**
 438:Drivers/STM32WBxx_HAL_Driver/Inc/stm32wbxx_ll_bus.h ****   * @brief  Release AHB1 peripherals reset.
 439:Drivers/STM32WBxx_HAL_Driver/Inc/stm32wbxx_ll_bus.h ****   * @rmtoll AHB1RSTR     DMA1RST       LL_AHB1_GRP1_ReleaseReset\n
 440:Drivers/STM32WBxx_HAL_Driver/Inc/stm32wbxx_ll_bus.h ****   *         AHB1RSTR     DMA2RST       LL_AHB1_GRP1_ReleaseReset\n
 441:Drivers/STM32WBxx_HAL_Driver/Inc/stm32wbxx_ll_bus.h ****   *         AHB1RSTR     DMAMUX1RST     LL_AHB1_GRP1_ReleaseReset\n
 442:Drivers/STM32WBxx_HAL_Driver/Inc/stm32wbxx_ll_bus.h ****   *         AHB1RSTR     CRCRST        LL_AHB1_GRP1_ReleaseReset\n
 443:Drivers/STM32WBxx_HAL_Driver/Inc/stm32wbxx_ll_bus.h ****   *         AHB1RSTR     TSCRST        LL_AHB1_GRP1_ReleaseReset
 444:Drivers/STM32WBxx_HAL_Driver/Inc/stm32wbxx_ll_bus.h ****   * @param  Periphs This parameter can be a combination of the following values:
 445:Drivers/STM32WBxx_HAL_Driver/Inc/stm32wbxx_ll_bus.h ****   *         @arg @ref LL_AHB1_GRP1_PERIPH_ALL
 446:Drivers/STM32WBxx_HAL_Driver/Inc/stm32wbxx_ll_bus.h ****   *         @arg @ref LL_AHB1_GRP1_PERIPH_DMA1
 447:Drivers/STM32WBxx_HAL_Driver/Inc/stm32wbxx_ll_bus.h ****   *         @arg @ref LL_AHB1_GRP1_PERIPH_DMA2 (*)
 448:Drivers/STM32WBxx_HAL_Driver/Inc/stm32wbxx_ll_bus.h ****   *         @arg @ref LL_AHB1_GRP1_PERIPH_DMAMUX1
 449:Drivers/STM32WBxx_HAL_Driver/Inc/stm32wbxx_ll_bus.h ****   *         @arg @ref LL_AHB1_GRP1_PERIPH_CRC
 450:Drivers/STM32WBxx_HAL_Driver/Inc/stm32wbxx_ll_bus.h ****   *         @arg @ref LL_AHB1_GRP1_PERIPH_TSC
 451:Drivers/STM32WBxx_HAL_Driver/Inc/stm32wbxx_ll_bus.h ****   * @note  (*) Not supported by all the devices
 452:Drivers/STM32WBxx_HAL_Driver/Inc/stm32wbxx_ll_bus.h ****   * @retval None
 453:Drivers/STM32WBxx_HAL_Driver/Inc/stm32wbxx_ll_bus.h ****   */
 454:Drivers/STM32WBxx_HAL_Driver/Inc/stm32wbxx_ll_bus.h **** __STATIC_INLINE void LL_AHB1_GRP1_ReleaseReset(uint32_t Periphs)
 455:Drivers/STM32WBxx_HAL_Driver/Inc/stm32wbxx_ll_bus.h **** {
 456:Drivers/STM32WBxx_HAL_Driver/Inc/stm32wbxx_ll_bus.h ****   CLEAR_BIT(RCC->AHB1RSTR, Periphs);
 457:Drivers/STM32WBxx_HAL_Driver/Inc/stm32wbxx_ll_bus.h **** }
 458:Drivers/STM32WBxx_HAL_Driver/Inc/stm32wbxx_ll_bus.h **** 
 459:Drivers/STM32WBxx_HAL_Driver/Inc/stm32wbxx_ll_bus.h **** /**
 460:Drivers/STM32WBxx_HAL_Driver/Inc/stm32wbxx_ll_bus.h ****   * @brief  Enable AHB1 peripherals clock during Low Power (Sleep) mode.
 461:Drivers/STM32WBxx_HAL_Driver/Inc/stm32wbxx_ll_bus.h ****   * @rmtoll AHB1SMENR    DMA1SMEN      LL_AHB1_GRP1_EnableClockSleep\n
 462:Drivers/STM32WBxx_HAL_Driver/Inc/stm32wbxx_ll_bus.h ****   *         AHB1SMENR    DMA2SMEN      LL_AHB1_GRP1_EnableClockSleep\n
 463:Drivers/STM32WBxx_HAL_Driver/Inc/stm32wbxx_ll_bus.h ****   *         AHB1SMENR    DMAMUX1SMEN    LL_AHB1_GRP1_EnableClockSleep\n
 464:Drivers/STM32WBxx_HAL_Driver/Inc/stm32wbxx_ll_bus.h ****   *         AHB1SMENR    SRAM1SMEN     LL_AHB1_GRP1_EnableClockSleep\n
 465:Drivers/STM32WBxx_HAL_Driver/Inc/stm32wbxx_ll_bus.h ****   *         AHB1SMENR    CRCSMEN       LL_AHB1_GRP1_EnableClockSleep\n
 466:Drivers/STM32WBxx_HAL_Driver/Inc/stm32wbxx_ll_bus.h ****   *         AHB1SMENR    TSCSMEN       LL_AHB1_GRP1_EnableClockSleep
 467:Drivers/STM32WBxx_HAL_Driver/Inc/stm32wbxx_ll_bus.h ****   * @param  Periphs This parameter can be a combination of the following values:
 468:Drivers/STM32WBxx_HAL_Driver/Inc/stm32wbxx_ll_bus.h ****   *         @arg @ref LL_AHB1_GRP1_PERIPH_DMA1
 469:Drivers/STM32WBxx_HAL_Driver/Inc/stm32wbxx_ll_bus.h ****   *         @arg @ref LL_AHB1_GRP1_PERIPH_DMA2 (*)
 470:Drivers/STM32WBxx_HAL_Driver/Inc/stm32wbxx_ll_bus.h ****   *         @arg @ref LL_AHB1_GRP1_PERIPH_DMAMUX1
 471:Drivers/STM32WBxx_HAL_Driver/Inc/stm32wbxx_ll_bus.h ****   *         @arg @ref LL_AHB1_GRP1_PERIPH_SRAM1
 472:Drivers/STM32WBxx_HAL_Driver/Inc/stm32wbxx_ll_bus.h ****   *         @arg @ref LL_AHB1_GRP1_PERIPH_CRC
 473:Drivers/STM32WBxx_HAL_Driver/Inc/stm32wbxx_ll_bus.h ****   *         @arg @ref LL_AHB1_GRP1_PERIPH_TSC
 474:Drivers/STM32WBxx_HAL_Driver/Inc/stm32wbxx_ll_bus.h ****   * @note  (*) Not supported by all the devices
 475:Drivers/STM32WBxx_HAL_Driver/Inc/stm32wbxx_ll_bus.h ****   * @retval None
ARM GAS  C:\Users\843E~1\AppData\Local\Temp\ccJpJOBl.s 			page 33


 476:Drivers/STM32WBxx_HAL_Driver/Inc/stm32wbxx_ll_bus.h ****   */
 477:Drivers/STM32WBxx_HAL_Driver/Inc/stm32wbxx_ll_bus.h **** __STATIC_INLINE void LL_AHB1_GRP1_EnableClockSleep(uint32_t Periphs)
 478:Drivers/STM32WBxx_HAL_Driver/Inc/stm32wbxx_ll_bus.h **** {
 479:Drivers/STM32WBxx_HAL_Driver/Inc/stm32wbxx_ll_bus.h ****   __IO uint32_t tmpreg;
 480:Drivers/STM32WBxx_HAL_Driver/Inc/stm32wbxx_ll_bus.h ****   SET_BIT(RCC->AHB1SMENR, Periphs);
 481:Drivers/STM32WBxx_HAL_Driver/Inc/stm32wbxx_ll_bus.h ****   /* Delay after an RCC peripheral clock enabling */
 482:Drivers/STM32WBxx_HAL_Driver/Inc/stm32wbxx_ll_bus.h ****   tmpreg = READ_BIT(RCC->AHB1SMENR, Periphs);
 483:Drivers/STM32WBxx_HAL_Driver/Inc/stm32wbxx_ll_bus.h ****   (void)tmpreg;
 484:Drivers/STM32WBxx_HAL_Driver/Inc/stm32wbxx_ll_bus.h **** }
 485:Drivers/STM32WBxx_HAL_Driver/Inc/stm32wbxx_ll_bus.h **** 
 486:Drivers/STM32WBxx_HAL_Driver/Inc/stm32wbxx_ll_bus.h **** /**
 487:Drivers/STM32WBxx_HAL_Driver/Inc/stm32wbxx_ll_bus.h ****   * @brief  Disable AHB1 peripherals clock during Low Power (Sleep) mode.
 488:Drivers/STM32WBxx_HAL_Driver/Inc/stm32wbxx_ll_bus.h ****   * @rmtoll AHB1SMENR    DMA1SMEN      LL_AHB1_GRP1_DisableClockSleep\n
 489:Drivers/STM32WBxx_HAL_Driver/Inc/stm32wbxx_ll_bus.h ****   *         AHB1SMENR    DMA2SMEN      LL_AHB1_GRP1_DisableClockSleep\n
 490:Drivers/STM32WBxx_HAL_Driver/Inc/stm32wbxx_ll_bus.h ****   *         AHB1SMENR    DMAMUX1SMEN    LL_AHB1_GRP1_DisableClockSleep\n
 491:Drivers/STM32WBxx_HAL_Driver/Inc/stm32wbxx_ll_bus.h ****   *         AHB1SMENR    SRAM1SMEN     LL_AHB1_GRP1_DisableClockSleep\n
 492:Drivers/STM32WBxx_HAL_Driver/Inc/stm32wbxx_ll_bus.h ****   *         AHB1SMENR    CRCSMEN       LL_AHB1_GRP1_DisableClockSleep\n
 493:Drivers/STM32WBxx_HAL_Driver/Inc/stm32wbxx_ll_bus.h ****   *         AHB1SMENR    TSCSMEN       LL_AHB1_GRP1_DisableClockSleep
 494:Drivers/STM32WBxx_HAL_Driver/Inc/stm32wbxx_ll_bus.h ****   * @param  Periphs This parameter can be a combination of the following values:
 495:Drivers/STM32WBxx_HAL_Driver/Inc/stm32wbxx_ll_bus.h ****   *         @arg @ref LL_AHB1_GRP1_PERIPH_DMA1
 496:Drivers/STM32WBxx_HAL_Driver/Inc/stm32wbxx_ll_bus.h ****   *         @arg @ref LL_AHB1_GRP1_PERIPH_DMA2 (*)
 497:Drivers/STM32WBxx_HAL_Driver/Inc/stm32wbxx_ll_bus.h ****   *         @arg @ref LL_AHB1_GRP1_PERIPH_DMAMUX1
 498:Drivers/STM32WBxx_HAL_Driver/Inc/stm32wbxx_ll_bus.h ****   *         @arg @ref LL_AHB1_GRP1_PERIPH_SRAM1
 499:Drivers/STM32WBxx_HAL_Driver/Inc/stm32wbxx_ll_bus.h ****   *         @arg @ref LL_AHB1_GRP1_PERIPH_CRC
 500:Drivers/STM32WBxx_HAL_Driver/Inc/stm32wbxx_ll_bus.h ****   *         @arg @ref LL_AHB1_GRP1_PERIPH_TSC
 501:Drivers/STM32WBxx_HAL_Driver/Inc/stm32wbxx_ll_bus.h ****   * @note  (*) Not supported by all the devices
 502:Drivers/STM32WBxx_HAL_Driver/Inc/stm32wbxx_ll_bus.h ****   * @retval None
 503:Drivers/STM32WBxx_HAL_Driver/Inc/stm32wbxx_ll_bus.h ****   */
 504:Drivers/STM32WBxx_HAL_Driver/Inc/stm32wbxx_ll_bus.h **** __STATIC_INLINE void LL_AHB1_GRP1_DisableClockSleep(uint32_t Periphs)
 505:Drivers/STM32WBxx_HAL_Driver/Inc/stm32wbxx_ll_bus.h **** {
 506:Drivers/STM32WBxx_HAL_Driver/Inc/stm32wbxx_ll_bus.h ****   CLEAR_BIT(RCC->AHB1SMENR, Periphs);
 507:Drivers/STM32WBxx_HAL_Driver/Inc/stm32wbxx_ll_bus.h **** }
 508:Drivers/STM32WBxx_HAL_Driver/Inc/stm32wbxx_ll_bus.h **** 
 509:Drivers/STM32WBxx_HAL_Driver/Inc/stm32wbxx_ll_bus.h **** /**
 510:Drivers/STM32WBxx_HAL_Driver/Inc/stm32wbxx_ll_bus.h ****   * @}
 511:Drivers/STM32WBxx_HAL_Driver/Inc/stm32wbxx_ll_bus.h ****   */
 512:Drivers/STM32WBxx_HAL_Driver/Inc/stm32wbxx_ll_bus.h **** 
 513:Drivers/STM32WBxx_HAL_Driver/Inc/stm32wbxx_ll_bus.h **** /** @defgroup BUS_LL_EF_AHB2 AHB2
 514:Drivers/STM32WBxx_HAL_Driver/Inc/stm32wbxx_ll_bus.h ****   * @{
 515:Drivers/STM32WBxx_HAL_Driver/Inc/stm32wbxx_ll_bus.h ****   */
 516:Drivers/STM32WBxx_HAL_Driver/Inc/stm32wbxx_ll_bus.h **** 
 517:Drivers/STM32WBxx_HAL_Driver/Inc/stm32wbxx_ll_bus.h **** /**
 518:Drivers/STM32WBxx_HAL_Driver/Inc/stm32wbxx_ll_bus.h ****   * @brief  Enable AHB2 peripherals clock.
 519:Drivers/STM32WBxx_HAL_Driver/Inc/stm32wbxx_ll_bus.h ****   * @rmtoll AHB2ENR      GPIOAEN       LL_AHB2_GRP1_EnableClock\n
 520:Drivers/STM32WBxx_HAL_Driver/Inc/stm32wbxx_ll_bus.h ****   *         AHB2ENR      GPIOBEN       LL_AHB2_GRP1_EnableClock\n
 521:Drivers/STM32WBxx_HAL_Driver/Inc/stm32wbxx_ll_bus.h ****   *         AHB2ENR      GPIOCEN       LL_AHB2_GRP1_EnableClock\n
 522:Drivers/STM32WBxx_HAL_Driver/Inc/stm32wbxx_ll_bus.h ****   *         AHB2ENR      GPIODEN       LL_AHB2_GRP1_EnableClock\n
 523:Drivers/STM32WBxx_HAL_Driver/Inc/stm32wbxx_ll_bus.h ****   *         AHB2ENR      GPIOEEN       LL_AHB2_GRP1_EnableClock\n
 524:Drivers/STM32WBxx_HAL_Driver/Inc/stm32wbxx_ll_bus.h ****   *         AHB2ENR      GPIOHEN       LL_AHB2_GRP1_EnableClock\n
 525:Drivers/STM32WBxx_HAL_Driver/Inc/stm32wbxx_ll_bus.h ****   *         AHB2ENR      ADCEN         LL_AHB2_GRP1_EnableClock\n
 526:Drivers/STM32WBxx_HAL_Driver/Inc/stm32wbxx_ll_bus.h ****   *         AHB2ENR      AES1EN        LL_AHB2_GRP1_EnableClock
 527:Drivers/STM32WBxx_HAL_Driver/Inc/stm32wbxx_ll_bus.h ****   * @param  Periphs This parameter can be a combination of the following values:
 528:Drivers/STM32WBxx_HAL_Driver/Inc/stm32wbxx_ll_bus.h ****   *         @arg @ref LL_AHB2_GRP1_PERIPH_GPIOA
 529:Drivers/STM32WBxx_HAL_Driver/Inc/stm32wbxx_ll_bus.h ****   *         @arg @ref LL_AHB2_GRP1_PERIPH_GPIOB
 530:Drivers/STM32WBxx_HAL_Driver/Inc/stm32wbxx_ll_bus.h ****   *         @arg @ref LL_AHB2_GRP1_PERIPH_GPIOC
 531:Drivers/STM32WBxx_HAL_Driver/Inc/stm32wbxx_ll_bus.h ****   *         @arg @ref LL_AHB2_GRP1_PERIPH_GPIOD (*)
 532:Drivers/STM32WBxx_HAL_Driver/Inc/stm32wbxx_ll_bus.h ****   *         @arg @ref LL_AHB2_GRP1_PERIPH_GPIOE
ARM GAS  C:\Users\843E~1\AppData\Local\Temp\ccJpJOBl.s 			page 34


 533:Drivers/STM32WBxx_HAL_Driver/Inc/stm32wbxx_ll_bus.h ****   *         @arg @ref LL_AHB2_GRP1_PERIPH_GPIOH
 534:Drivers/STM32WBxx_HAL_Driver/Inc/stm32wbxx_ll_bus.h ****   *         @arg @ref LL_AHB2_GRP1_PERIPH_ADC (*)
 535:Drivers/STM32WBxx_HAL_Driver/Inc/stm32wbxx_ll_bus.h ****   *         @arg @ref LL_AHB2_GRP1_PERIPH_AES1 (*)
 536:Drivers/STM32WBxx_HAL_Driver/Inc/stm32wbxx_ll_bus.h ****   * @note  (*) Not supported by all the devices
 537:Drivers/STM32WBxx_HAL_Driver/Inc/stm32wbxx_ll_bus.h ****   * @retval None
 538:Drivers/STM32WBxx_HAL_Driver/Inc/stm32wbxx_ll_bus.h ****   */
 539:Drivers/STM32WBxx_HAL_Driver/Inc/stm32wbxx_ll_bus.h **** __STATIC_INLINE void LL_AHB2_GRP1_EnableClock(uint32_t Periphs)
 540:Drivers/STM32WBxx_HAL_Driver/Inc/stm32wbxx_ll_bus.h **** {
 541:Drivers/STM32WBxx_HAL_Driver/Inc/stm32wbxx_ll_bus.h ****   __IO uint32_t tmpreg;
 542:Drivers/STM32WBxx_HAL_Driver/Inc/stm32wbxx_ll_bus.h ****   SET_BIT(RCC->AHB2ENR, Periphs);
 543:Drivers/STM32WBxx_HAL_Driver/Inc/stm32wbxx_ll_bus.h ****   /* Delay after an RCC peripheral clock enabling */
 544:Drivers/STM32WBxx_HAL_Driver/Inc/stm32wbxx_ll_bus.h ****   tmpreg = READ_BIT(RCC->AHB2ENR, Periphs);
 545:Drivers/STM32WBxx_HAL_Driver/Inc/stm32wbxx_ll_bus.h ****   (void)tmpreg;
 546:Drivers/STM32WBxx_HAL_Driver/Inc/stm32wbxx_ll_bus.h **** }
 547:Drivers/STM32WBxx_HAL_Driver/Inc/stm32wbxx_ll_bus.h **** 
 548:Drivers/STM32WBxx_HAL_Driver/Inc/stm32wbxx_ll_bus.h **** /**
 549:Drivers/STM32WBxx_HAL_Driver/Inc/stm32wbxx_ll_bus.h ****   * @brief  Check if AHB2 peripheral clock is enabled or not
 550:Drivers/STM32WBxx_HAL_Driver/Inc/stm32wbxx_ll_bus.h ****   * @rmtoll AHB2ENR      GPIOAEN       LL_AHB2_GRP1_IsEnabledClock\n
 551:Drivers/STM32WBxx_HAL_Driver/Inc/stm32wbxx_ll_bus.h ****   *         AHB2ENR      GPIOBEN       LL_AHB2_GRP1_IsEnabledClock\n
 552:Drivers/STM32WBxx_HAL_Driver/Inc/stm32wbxx_ll_bus.h ****   *         AHB2ENR      GPIOCEN       LL_AHB2_GRP1_IsEnabledClock\n
 553:Drivers/STM32WBxx_HAL_Driver/Inc/stm32wbxx_ll_bus.h ****   *         AHB2ENR      GPIODEN       LL_AHB2_GRP1_IsEnabledClock\n
 554:Drivers/STM32WBxx_HAL_Driver/Inc/stm32wbxx_ll_bus.h ****   *         AHB2ENR      GPIOEEN       LL_AHB2_GRP1_IsEnabledClock\n
 555:Drivers/STM32WBxx_HAL_Driver/Inc/stm32wbxx_ll_bus.h ****   *         AHB2ENR      GPIOHEN       LL_AHB2_GRP1_IsEnabledClock\n
 556:Drivers/STM32WBxx_HAL_Driver/Inc/stm32wbxx_ll_bus.h ****   *         AHB2ENR      ADCEN         LL_AHB2_GRP1_IsEnabledClock\n
 557:Drivers/STM32WBxx_HAL_Driver/Inc/stm32wbxx_ll_bus.h ****   *         AHB2ENR      AES1EN        LL_AHB2_GRP1_IsEnabledClock
 558:Drivers/STM32WBxx_HAL_Driver/Inc/stm32wbxx_ll_bus.h ****   * @param  Periphs This parameter can be a combination of the following values:
 559:Drivers/STM32WBxx_HAL_Driver/Inc/stm32wbxx_ll_bus.h ****   *         @arg @ref LL_AHB2_GRP1_PERIPH_GPIOA
 560:Drivers/STM32WBxx_HAL_Driver/Inc/stm32wbxx_ll_bus.h ****   *         @arg @ref LL_AHB2_GRP1_PERIPH_GPIOB
 561:Drivers/STM32WBxx_HAL_Driver/Inc/stm32wbxx_ll_bus.h ****   *         @arg @ref LL_AHB2_GRP1_PERIPH_GPIOC
 562:Drivers/STM32WBxx_HAL_Driver/Inc/stm32wbxx_ll_bus.h ****   *         @arg @ref LL_AHB2_GRP1_PERIPH_GPIOD (*)
 563:Drivers/STM32WBxx_HAL_Driver/Inc/stm32wbxx_ll_bus.h ****   *         @arg @ref LL_AHB2_GRP1_PERIPH_GPIOE
 564:Drivers/STM32WBxx_HAL_Driver/Inc/stm32wbxx_ll_bus.h ****   *         @arg @ref LL_AHB2_GRP1_PERIPH_GPIOH
 565:Drivers/STM32WBxx_HAL_Driver/Inc/stm32wbxx_ll_bus.h ****   *         @arg @ref LL_AHB2_GRP1_PERIPH_ADC (*)
 566:Drivers/STM32WBxx_HAL_Driver/Inc/stm32wbxx_ll_bus.h ****   *         @arg @ref LL_AHB2_GRP1_PERIPH_AES1 (*)
 567:Drivers/STM32WBxx_HAL_Driver/Inc/stm32wbxx_ll_bus.h ****   * @note  (*) Not supported by all the devices
 568:Drivers/STM32WBxx_HAL_Driver/Inc/stm32wbxx_ll_bus.h ****   * @retval uint32_t
 569:Drivers/STM32WBxx_HAL_Driver/Inc/stm32wbxx_ll_bus.h ****   */
 570:Drivers/STM32WBxx_HAL_Driver/Inc/stm32wbxx_ll_bus.h **** __STATIC_INLINE uint32_t LL_AHB2_GRP1_IsEnabledClock(uint32_t Periphs)
 571:Drivers/STM32WBxx_HAL_Driver/Inc/stm32wbxx_ll_bus.h **** {
 572:Drivers/STM32WBxx_HAL_Driver/Inc/stm32wbxx_ll_bus.h ****   return ((READ_BIT(RCC->AHB2ENR, Periphs) == (Periphs)) ? 1UL : 0UL);
 573:Drivers/STM32WBxx_HAL_Driver/Inc/stm32wbxx_ll_bus.h **** }
 574:Drivers/STM32WBxx_HAL_Driver/Inc/stm32wbxx_ll_bus.h **** 
 575:Drivers/STM32WBxx_HAL_Driver/Inc/stm32wbxx_ll_bus.h **** /**
 576:Drivers/STM32WBxx_HAL_Driver/Inc/stm32wbxx_ll_bus.h ****   * @brief  Disable AHB2 peripherals clock.
 577:Drivers/STM32WBxx_HAL_Driver/Inc/stm32wbxx_ll_bus.h ****   * @rmtoll AHB2ENR      GPIOAEN       LL_AHB2_GRP1_DisableClock\n
 578:Drivers/STM32WBxx_HAL_Driver/Inc/stm32wbxx_ll_bus.h ****   *         AHB2ENR      GPIOBEN       LL_AHB2_GRP1_DisableClock\n
 579:Drivers/STM32WBxx_HAL_Driver/Inc/stm32wbxx_ll_bus.h ****   *         AHB2ENR      GPIOCEN       LL_AHB2_GRP1_DisableClock\n
 580:Drivers/STM32WBxx_HAL_Driver/Inc/stm32wbxx_ll_bus.h ****   *         AHB2ENR      GPIODEN       LL_AHB2_GRP1_DisableClock\n
 581:Drivers/STM32WBxx_HAL_Driver/Inc/stm32wbxx_ll_bus.h ****   *         AHB2ENR      GPIOEEN       LL_AHB2_GRP1_DisableClock\n
 582:Drivers/STM32WBxx_HAL_Driver/Inc/stm32wbxx_ll_bus.h ****   *         AHB2ENR      GPIOHEN       LL_AHB2_GRP1_DisableClock\n
 583:Drivers/STM32WBxx_HAL_Driver/Inc/stm32wbxx_ll_bus.h ****   *         AHB2ENR      ADCEN         LL_AHB2_GRP1_DisableClock\n
 584:Drivers/STM32WBxx_HAL_Driver/Inc/stm32wbxx_ll_bus.h ****   *         AHB2ENR      AES1EN        LL_AHB2_GRP1_DisableClock
 585:Drivers/STM32WBxx_HAL_Driver/Inc/stm32wbxx_ll_bus.h ****   * @param  Periphs This parameter can be a combination of the following values:
 586:Drivers/STM32WBxx_HAL_Driver/Inc/stm32wbxx_ll_bus.h ****   *         @arg @ref LL_AHB2_GRP1_PERIPH_GPIOA
 587:Drivers/STM32WBxx_HAL_Driver/Inc/stm32wbxx_ll_bus.h ****   *         @arg @ref LL_AHB2_GRP1_PERIPH_GPIOB
 588:Drivers/STM32WBxx_HAL_Driver/Inc/stm32wbxx_ll_bus.h ****   *         @arg @ref LL_AHB2_GRP1_PERIPH_GPIOC
 589:Drivers/STM32WBxx_HAL_Driver/Inc/stm32wbxx_ll_bus.h ****   *         @arg @ref LL_AHB2_GRP1_PERIPH_GPIOD (*)
ARM GAS  C:\Users\843E~1\AppData\Local\Temp\ccJpJOBl.s 			page 35


 590:Drivers/STM32WBxx_HAL_Driver/Inc/stm32wbxx_ll_bus.h ****   *         @arg @ref LL_AHB2_GRP1_PERIPH_GPIOE
 591:Drivers/STM32WBxx_HAL_Driver/Inc/stm32wbxx_ll_bus.h ****   *         @arg @ref LL_AHB2_GRP1_PERIPH_GPIOH
 592:Drivers/STM32WBxx_HAL_Driver/Inc/stm32wbxx_ll_bus.h ****   *         @arg @ref LL_AHB2_GRP1_PERIPH_ADC (*)
 593:Drivers/STM32WBxx_HAL_Driver/Inc/stm32wbxx_ll_bus.h ****   *         @arg @ref LL_AHB2_GRP1_PERIPH_AES1 (*)
 594:Drivers/STM32WBxx_HAL_Driver/Inc/stm32wbxx_ll_bus.h ****   * @note  (*) Not supported by all the devices
 595:Drivers/STM32WBxx_HAL_Driver/Inc/stm32wbxx_ll_bus.h ****   * @retval None
 596:Drivers/STM32WBxx_HAL_Driver/Inc/stm32wbxx_ll_bus.h ****   */
 597:Drivers/STM32WBxx_HAL_Driver/Inc/stm32wbxx_ll_bus.h **** __STATIC_INLINE void LL_AHB2_GRP1_DisableClock(uint32_t Periphs)
 598:Drivers/STM32WBxx_HAL_Driver/Inc/stm32wbxx_ll_bus.h **** {
 599:Drivers/STM32WBxx_HAL_Driver/Inc/stm32wbxx_ll_bus.h ****   CLEAR_BIT(RCC->AHB2ENR, Periphs);
 600:Drivers/STM32WBxx_HAL_Driver/Inc/stm32wbxx_ll_bus.h **** }
 601:Drivers/STM32WBxx_HAL_Driver/Inc/stm32wbxx_ll_bus.h **** 
 602:Drivers/STM32WBxx_HAL_Driver/Inc/stm32wbxx_ll_bus.h **** /**
 603:Drivers/STM32WBxx_HAL_Driver/Inc/stm32wbxx_ll_bus.h ****   * @brief  Force AHB2 peripherals reset.
 604:Drivers/STM32WBxx_HAL_Driver/Inc/stm32wbxx_ll_bus.h ****   * @rmtoll AHB2RSTR     GPIOARST      LL_AHB2_GRP1_ForceReset\n
 605:Drivers/STM32WBxx_HAL_Driver/Inc/stm32wbxx_ll_bus.h ****   *         AHB2RSTR     GPIOBRST      LL_AHB2_GRP1_ForceReset\n
 606:Drivers/STM32WBxx_HAL_Driver/Inc/stm32wbxx_ll_bus.h ****   *         AHB2RSTR     GPIOCRST      LL_AHB2_GRP1_ForceReset\n
 607:Drivers/STM32WBxx_HAL_Driver/Inc/stm32wbxx_ll_bus.h ****   *         AHB2RSTR     GPIODRST      LL_AHB2_GRP1_ForceReset\n
 608:Drivers/STM32WBxx_HAL_Driver/Inc/stm32wbxx_ll_bus.h ****   *         AHB2RSTR     GPIOERST      LL_AHB2_GRP1_ForceReset\n
 609:Drivers/STM32WBxx_HAL_Driver/Inc/stm32wbxx_ll_bus.h ****   *         AHB2RSTR     GPIOHRST      LL_AHB2_GRP1_ForceReset\n
 610:Drivers/STM32WBxx_HAL_Driver/Inc/stm32wbxx_ll_bus.h ****   *         AHB2RSTR     ADCRST        LL_AHB2_GRP1_ForceReset\n
 611:Drivers/STM32WBxx_HAL_Driver/Inc/stm32wbxx_ll_bus.h ****   *         AHB2RSTR     AES1RST       LL_AHB2_GRP1_ForceReset
 612:Drivers/STM32WBxx_HAL_Driver/Inc/stm32wbxx_ll_bus.h ****   * @param  Periphs This parameter can be a combination of the following values:
 613:Drivers/STM32WBxx_HAL_Driver/Inc/stm32wbxx_ll_bus.h ****   *         @arg @ref LL_AHB2_GRP1_PERIPH_ALL
 614:Drivers/STM32WBxx_HAL_Driver/Inc/stm32wbxx_ll_bus.h ****   *         @arg @ref LL_AHB2_GRP1_PERIPH_GPIOA
 615:Drivers/STM32WBxx_HAL_Driver/Inc/stm32wbxx_ll_bus.h ****   *         @arg @ref LL_AHB2_GRP1_PERIPH_GPIOB
 616:Drivers/STM32WBxx_HAL_Driver/Inc/stm32wbxx_ll_bus.h ****   *         @arg @ref LL_AHB2_GRP1_PERIPH_GPIOC
 617:Drivers/STM32WBxx_HAL_Driver/Inc/stm32wbxx_ll_bus.h ****   *         @arg @ref LL_AHB2_GRP1_PERIPH_GPIOD (*)
 618:Drivers/STM32WBxx_HAL_Driver/Inc/stm32wbxx_ll_bus.h ****   *         @arg @ref LL_AHB2_GRP1_PERIPH_GPIOE
 619:Drivers/STM32WBxx_HAL_Driver/Inc/stm32wbxx_ll_bus.h ****   *         @arg @ref LL_AHB2_GRP1_PERIPH_GPIOH
 620:Drivers/STM32WBxx_HAL_Driver/Inc/stm32wbxx_ll_bus.h ****   *         @arg @ref LL_AHB2_GRP1_PERIPH_ADC (*)
 621:Drivers/STM32WBxx_HAL_Driver/Inc/stm32wbxx_ll_bus.h ****   *         @arg @ref LL_AHB2_GRP1_PERIPH_AES1 (*)
 622:Drivers/STM32WBxx_HAL_Driver/Inc/stm32wbxx_ll_bus.h ****   * @note  (*) Not supported by all the devices
 623:Drivers/STM32WBxx_HAL_Driver/Inc/stm32wbxx_ll_bus.h ****   * @retval None
 624:Drivers/STM32WBxx_HAL_Driver/Inc/stm32wbxx_ll_bus.h ****   */
 625:Drivers/STM32WBxx_HAL_Driver/Inc/stm32wbxx_ll_bus.h **** __STATIC_INLINE void LL_AHB2_GRP1_ForceReset(uint32_t Periphs)
 626:Drivers/STM32WBxx_HAL_Driver/Inc/stm32wbxx_ll_bus.h **** {
 627:Drivers/STM32WBxx_HAL_Driver/Inc/stm32wbxx_ll_bus.h ****   SET_BIT(RCC->AHB2RSTR, Periphs);
 628:Drivers/STM32WBxx_HAL_Driver/Inc/stm32wbxx_ll_bus.h **** }
 629:Drivers/STM32WBxx_HAL_Driver/Inc/stm32wbxx_ll_bus.h **** 
 630:Drivers/STM32WBxx_HAL_Driver/Inc/stm32wbxx_ll_bus.h **** /**
 631:Drivers/STM32WBxx_HAL_Driver/Inc/stm32wbxx_ll_bus.h ****   * @brief  Release AHB2 peripherals reset.
 632:Drivers/STM32WBxx_HAL_Driver/Inc/stm32wbxx_ll_bus.h ****   * @rmtoll AHB2RSTR     GPIOARST      LL_AHB2_GRP1_ReleaseReset\n
 633:Drivers/STM32WBxx_HAL_Driver/Inc/stm32wbxx_ll_bus.h ****   *         AHB2RSTR     GPIOBRST      LL_AHB2_GRP1_ReleaseReset\n
 634:Drivers/STM32WBxx_HAL_Driver/Inc/stm32wbxx_ll_bus.h ****   *         AHB2RSTR     GPIOCRST      LL_AHB2_GRP1_ReleaseReset\n
 635:Drivers/STM32WBxx_HAL_Driver/Inc/stm32wbxx_ll_bus.h ****   *         AHB2RSTR     GPIODRST      LL_AHB2_GRP1_ReleaseReset\n
 636:Drivers/STM32WBxx_HAL_Driver/Inc/stm32wbxx_ll_bus.h ****   *         AHB2RSTR     GPIOERST      LL_AHB2_GRP1_ReleaseReset\n
 637:Drivers/STM32WBxx_HAL_Driver/Inc/stm32wbxx_ll_bus.h ****   *         AHB2RSTR     GPIOHRST      LL_AHB2_GRP1_ReleaseReset\n
 638:Drivers/STM32WBxx_HAL_Driver/Inc/stm32wbxx_ll_bus.h ****   *         AHB2RSTR     ADCRST        LL_AHB2_GRP1_ReleaseReset\n
 639:Drivers/STM32WBxx_HAL_Driver/Inc/stm32wbxx_ll_bus.h ****   *         AHB2RSTR     AES1RST       LL_AHB2_GRP1_ReleaseReset
 640:Drivers/STM32WBxx_HAL_Driver/Inc/stm32wbxx_ll_bus.h ****   * @param  Periphs This parameter can be a combination of the following values:
 641:Drivers/STM32WBxx_HAL_Driver/Inc/stm32wbxx_ll_bus.h ****   *         @arg @ref LL_AHB2_GRP1_PERIPH_ALL
 642:Drivers/STM32WBxx_HAL_Driver/Inc/stm32wbxx_ll_bus.h ****   *         @arg @ref LL_AHB2_GRP1_PERIPH_GPIOA
 643:Drivers/STM32WBxx_HAL_Driver/Inc/stm32wbxx_ll_bus.h ****   *         @arg @ref LL_AHB2_GRP1_PERIPH_GPIOB
 644:Drivers/STM32WBxx_HAL_Driver/Inc/stm32wbxx_ll_bus.h ****   *         @arg @ref LL_AHB2_GRP1_PERIPH_GPIOC
 645:Drivers/STM32WBxx_HAL_Driver/Inc/stm32wbxx_ll_bus.h ****   *         @arg @ref LL_AHB2_GRP1_PERIPH_GPIOD (*)
 646:Drivers/STM32WBxx_HAL_Driver/Inc/stm32wbxx_ll_bus.h ****   *         @arg @ref LL_AHB2_GRP1_PERIPH_GPIOE
ARM GAS  C:\Users\843E~1\AppData\Local\Temp\ccJpJOBl.s 			page 36


 647:Drivers/STM32WBxx_HAL_Driver/Inc/stm32wbxx_ll_bus.h ****   *         @arg @ref LL_AHB2_GRP1_PERIPH_GPIOH
 648:Drivers/STM32WBxx_HAL_Driver/Inc/stm32wbxx_ll_bus.h ****   *         @arg @ref LL_AHB2_GRP1_PERIPH_ADC (*)
 649:Drivers/STM32WBxx_HAL_Driver/Inc/stm32wbxx_ll_bus.h ****   *         @arg @ref LL_AHB2_GRP1_PERIPH_AES1 (*)
 650:Drivers/STM32WBxx_HAL_Driver/Inc/stm32wbxx_ll_bus.h ****   * @note  (*) Not supported by all the devices
 651:Drivers/STM32WBxx_HAL_Driver/Inc/stm32wbxx_ll_bus.h ****   * @retval None
 652:Drivers/STM32WBxx_HAL_Driver/Inc/stm32wbxx_ll_bus.h ****   */
 653:Drivers/STM32WBxx_HAL_Driver/Inc/stm32wbxx_ll_bus.h **** __STATIC_INLINE void LL_AHB2_GRP1_ReleaseReset(uint32_t Periphs)
 654:Drivers/STM32WBxx_HAL_Driver/Inc/stm32wbxx_ll_bus.h **** {
 655:Drivers/STM32WBxx_HAL_Driver/Inc/stm32wbxx_ll_bus.h ****   CLEAR_BIT(RCC->AHB2RSTR, Periphs);
 656:Drivers/STM32WBxx_HAL_Driver/Inc/stm32wbxx_ll_bus.h **** }
 657:Drivers/STM32WBxx_HAL_Driver/Inc/stm32wbxx_ll_bus.h **** 
 658:Drivers/STM32WBxx_HAL_Driver/Inc/stm32wbxx_ll_bus.h **** /**
 659:Drivers/STM32WBxx_HAL_Driver/Inc/stm32wbxx_ll_bus.h ****   * @brief  Enable AHB2 peripherals clock during Low Power (Sleep) mode.
 660:Drivers/STM32WBxx_HAL_Driver/Inc/stm32wbxx_ll_bus.h ****   * @rmtoll AHB2SMENR    GPIOASMEN     LL_AHB2_GRP1_EnableClockSleep\n
 661:Drivers/STM32WBxx_HAL_Driver/Inc/stm32wbxx_ll_bus.h ****   *         AHB2SMENR    GPIOBSMEN     LL_AHB2_GRP1_EnableClockSleep\n
 662:Drivers/STM32WBxx_HAL_Driver/Inc/stm32wbxx_ll_bus.h ****   *         AHB2SMENR    GPIOCSMEN     LL_AHB2_GRP1_EnableClockSleep\n
 663:Drivers/STM32WBxx_HAL_Driver/Inc/stm32wbxx_ll_bus.h ****   *         AHB2SMENR    GPIODSMEN     LL_AHB2_GRP1_EnableClockSleep\n
 664:Drivers/STM32WBxx_HAL_Driver/Inc/stm32wbxx_ll_bus.h ****   *         AHB2SMENR    GPIOESMEN     LL_AHB2_GRP1_EnableClockSleep\n
 665:Drivers/STM32WBxx_HAL_Driver/Inc/stm32wbxx_ll_bus.h ****   *         AHB2SMENR    GPIOHSMEN     LL_AHB2_GRP1_EnableClockSleep\n
 666:Drivers/STM32WBxx_HAL_Driver/Inc/stm32wbxx_ll_bus.h ****   *         AHB2SMENR    ADCSMEN       LL_AHB2_GRP1_EnableClockSleep\n
 667:Drivers/STM32WBxx_HAL_Driver/Inc/stm32wbxx_ll_bus.h ****   *         AHB2SMENR    AES1SMEN      LL_AHB2_GRP1_EnableClockSleep
 668:Drivers/STM32WBxx_HAL_Driver/Inc/stm32wbxx_ll_bus.h ****   * @param  Periphs This parameter can be a combination of the following values:
 669:Drivers/STM32WBxx_HAL_Driver/Inc/stm32wbxx_ll_bus.h ****   *         @arg @ref LL_AHB2_GRP1_PERIPH_GPIOA
 670:Drivers/STM32WBxx_HAL_Driver/Inc/stm32wbxx_ll_bus.h ****   *         @arg @ref LL_AHB2_GRP1_PERIPH_GPIOB
 671:Drivers/STM32WBxx_HAL_Driver/Inc/stm32wbxx_ll_bus.h ****   *         @arg @ref LL_AHB2_GRP1_PERIPH_GPIOC
 672:Drivers/STM32WBxx_HAL_Driver/Inc/stm32wbxx_ll_bus.h ****   *         @arg @ref LL_AHB2_GRP1_PERIPH_GPIOD (*)
 673:Drivers/STM32WBxx_HAL_Driver/Inc/stm32wbxx_ll_bus.h ****   *         @arg @ref LL_AHB2_GRP1_PERIPH_GPIOE
 674:Drivers/STM32WBxx_HAL_Driver/Inc/stm32wbxx_ll_bus.h ****   *         @arg @ref LL_AHB2_GRP1_PERIPH_GPIOH
 675:Drivers/STM32WBxx_HAL_Driver/Inc/stm32wbxx_ll_bus.h ****   *         @arg @ref LL_AHB2_GRP1_PERIPH_ADC (*)
 676:Drivers/STM32WBxx_HAL_Driver/Inc/stm32wbxx_ll_bus.h ****   *         @arg @ref LL_AHB2_GRP1_PERIPH_AES1 (*)
 677:Drivers/STM32WBxx_HAL_Driver/Inc/stm32wbxx_ll_bus.h ****   * @note  (*) Not supported by all the devices
 678:Drivers/STM32WBxx_HAL_Driver/Inc/stm32wbxx_ll_bus.h ****   * @retval None
 679:Drivers/STM32WBxx_HAL_Driver/Inc/stm32wbxx_ll_bus.h ****   */
 680:Drivers/STM32WBxx_HAL_Driver/Inc/stm32wbxx_ll_bus.h **** __STATIC_INLINE void LL_AHB2_GRP1_EnableClockSleep(uint32_t Periphs)
 681:Drivers/STM32WBxx_HAL_Driver/Inc/stm32wbxx_ll_bus.h **** {
 682:Drivers/STM32WBxx_HAL_Driver/Inc/stm32wbxx_ll_bus.h ****   __IO uint32_t tmpreg;
 683:Drivers/STM32WBxx_HAL_Driver/Inc/stm32wbxx_ll_bus.h ****   SET_BIT(RCC->AHB2SMENR, Periphs);
 684:Drivers/STM32WBxx_HAL_Driver/Inc/stm32wbxx_ll_bus.h ****   /* Delay after an RCC peripheral clock enabling */
 685:Drivers/STM32WBxx_HAL_Driver/Inc/stm32wbxx_ll_bus.h ****   tmpreg = READ_BIT(RCC->AHB2SMENR, Periphs);
 686:Drivers/STM32WBxx_HAL_Driver/Inc/stm32wbxx_ll_bus.h ****   (void)tmpreg;
 687:Drivers/STM32WBxx_HAL_Driver/Inc/stm32wbxx_ll_bus.h **** }
 688:Drivers/STM32WBxx_HAL_Driver/Inc/stm32wbxx_ll_bus.h **** 
 689:Drivers/STM32WBxx_HAL_Driver/Inc/stm32wbxx_ll_bus.h **** /**
 690:Drivers/STM32WBxx_HAL_Driver/Inc/stm32wbxx_ll_bus.h ****   * @brief  Disable AHB2 peripherals clock during Low Power (Sleep) mode.
 691:Drivers/STM32WBxx_HAL_Driver/Inc/stm32wbxx_ll_bus.h ****   * @rmtoll AHB2SMENR    GPIOASMEN     LL_AHB2_GRP1_DisableClockSleep\n
 692:Drivers/STM32WBxx_HAL_Driver/Inc/stm32wbxx_ll_bus.h ****   *         AHB2SMENR    GPIOBSMEN     LL_AHB2_GRP1_DisableClockSleep\n
 693:Drivers/STM32WBxx_HAL_Driver/Inc/stm32wbxx_ll_bus.h ****   *         AHB2SMENR    GPIOCSMEN     LL_AHB2_GRP1_DisableClockSleep\n
 694:Drivers/STM32WBxx_HAL_Driver/Inc/stm32wbxx_ll_bus.h ****   *         AHB2SMENR    GPIODSMEN     LL_AHB2_GRP1_DisableClockSleep\n
 695:Drivers/STM32WBxx_HAL_Driver/Inc/stm32wbxx_ll_bus.h ****   *         AHB2SMENR    GPIOESMEN     LL_AHB2_GRP1_DisableClockSleep\n
 696:Drivers/STM32WBxx_HAL_Driver/Inc/stm32wbxx_ll_bus.h ****   *         AHB2SMENR    GPIOHSMEN     LL_AHB2_GRP1_DisableClockSleep\n
 697:Drivers/STM32WBxx_HAL_Driver/Inc/stm32wbxx_ll_bus.h ****   *         AHB2SMENR    ADCSMEN       LL_AHB2_GRP1_DisableClockSleep\n
 698:Drivers/STM32WBxx_HAL_Driver/Inc/stm32wbxx_ll_bus.h ****   *         AHB2SMENR    AES1SMEN      LL_AHB2_GRP1_DisableClockSleep
 699:Drivers/STM32WBxx_HAL_Driver/Inc/stm32wbxx_ll_bus.h ****   * @param  Periphs This parameter can be a combination of the following values:
 700:Drivers/STM32WBxx_HAL_Driver/Inc/stm32wbxx_ll_bus.h ****   *         @arg @ref LL_AHB2_GRP1_PERIPH_GPIOA
 701:Drivers/STM32WBxx_HAL_Driver/Inc/stm32wbxx_ll_bus.h ****   *         @arg @ref LL_AHB2_GRP1_PERIPH_GPIOB
 702:Drivers/STM32WBxx_HAL_Driver/Inc/stm32wbxx_ll_bus.h ****   *         @arg @ref LL_AHB2_GRP1_PERIPH_GPIOC
 703:Drivers/STM32WBxx_HAL_Driver/Inc/stm32wbxx_ll_bus.h ****   *         @arg @ref LL_AHB2_GRP1_PERIPH_GPIOD (*)
ARM GAS  C:\Users\843E~1\AppData\Local\Temp\ccJpJOBl.s 			page 37


 704:Drivers/STM32WBxx_HAL_Driver/Inc/stm32wbxx_ll_bus.h ****   *         @arg @ref LL_AHB2_GRP1_PERIPH_GPIOE
 705:Drivers/STM32WBxx_HAL_Driver/Inc/stm32wbxx_ll_bus.h ****   *         @arg @ref LL_AHB2_GRP1_PERIPH_GPIOH
 706:Drivers/STM32WBxx_HAL_Driver/Inc/stm32wbxx_ll_bus.h ****   *         @arg @ref LL_AHB2_GRP1_PERIPH_ADC (*)
 707:Drivers/STM32WBxx_HAL_Driver/Inc/stm32wbxx_ll_bus.h ****   *         @arg @ref LL_AHB2_GRP1_PERIPH_AES1 (*)
 708:Drivers/STM32WBxx_HAL_Driver/Inc/stm32wbxx_ll_bus.h ****   * @note  (*) Not supported by all the devices
 709:Drivers/STM32WBxx_HAL_Driver/Inc/stm32wbxx_ll_bus.h ****   * @retval None
 710:Drivers/STM32WBxx_HAL_Driver/Inc/stm32wbxx_ll_bus.h ****   */
 711:Drivers/STM32WBxx_HAL_Driver/Inc/stm32wbxx_ll_bus.h **** __STATIC_INLINE void LL_AHB2_GRP1_DisableClockSleep(uint32_t Periphs)
 712:Drivers/STM32WBxx_HAL_Driver/Inc/stm32wbxx_ll_bus.h **** {
 713:Drivers/STM32WBxx_HAL_Driver/Inc/stm32wbxx_ll_bus.h ****   CLEAR_BIT(RCC->AHB2SMENR, Periphs);
 714:Drivers/STM32WBxx_HAL_Driver/Inc/stm32wbxx_ll_bus.h **** }
 715:Drivers/STM32WBxx_HAL_Driver/Inc/stm32wbxx_ll_bus.h **** 
 716:Drivers/STM32WBxx_HAL_Driver/Inc/stm32wbxx_ll_bus.h **** /**
 717:Drivers/STM32WBxx_HAL_Driver/Inc/stm32wbxx_ll_bus.h ****   * @}
 718:Drivers/STM32WBxx_HAL_Driver/Inc/stm32wbxx_ll_bus.h ****   */
 719:Drivers/STM32WBxx_HAL_Driver/Inc/stm32wbxx_ll_bus.h **** 
 720:Drivers/STM32WBxx_HAL_Driver/Inc/stm32wbxx_ll_bus.h **** /** @defgroup BUS_LL_EF_AHB3 AHB3
 721:Drivers/STM32WBxx_HAL_Driver/Inc/stm32wbxx_ll_bus.h ****   * @{
 722:Drivers/STM32WBxx_HAL_Driver/Inc/stm32wbxx_ll_bus.h ****   */
 723:Drivers/STM32WBxx_HAL_Driver/Inc/stm32wbxx_ll_bus.h **** 
 724:Drivers/STM32WBxx_HAL_Driver/Inc/stm32wbxx_ll_bus.h **** /**
 725:Drivers/STM32WBxx_HAL_Driver/Inc/stm32wbxx_ll_bus.h ****   * @brief  Enable AHB3 peripherals clock.
 726:Drivers/STM32WBxx_HAL_Driver/Inc/stm32wbxx_ll_bus.h ****   * @rmtoll AHB3ENR      QUADSPIEN     LL_AHB3_GRP1_EnableClock\n
 727:Drivers/STM32WBxx_HAL_Driver/Inc/stm32wbxx_ll_bus.h ****   *         AHB3ENR      PKAEN         LL_AHB3_GRP1_EnableClock\n
 728:Drivers/STM32WBxx_HAL_Driver/Inc/stm32wbxx_ll_bus.h ****   *         AHB3ENR      AES2EN        LL_AHB3_GRP1_EnableClock\n
 729:Drivers/STM32WBxx_HAL_Driver/Inc/stm32wbxx_ll_bus.h ****   *         AHB3ENR      RNGEN         LL_AHB3_GRP1_EnableClock\n
 730:Drivers/STM32WBxx_HAL_Driver/Inc/stm32wbxx_ll_bus.h ****   *         AHB3ENR      HSEMEN        LL_AHB3_GRP1_EnableClock\n
 731:Drivers/STM32WBxx_HAL_Driver/Inc/stm32wbxx_ll_bus.h ****   *         AHB3ENR      IPCCEN        LL_AHB3_GRP1_EnableClock\n
 732:Drivers/STM32WBxx_HAL_Driver/Inc/stm32wbxx_ll_bus.h ****   *         AHB3ENR      FLASHEN       LL_AHB3_GRP1_EnableClock
 733:Drivers/STM32WBxx_HAL_Driver/Inc/stm32wbxx_ll_bus.h ****   * @param  Periphs This parameter can be a combination of the following values:
 734:Drivers/STM32WBxx_HAL_Driver/Inc/stm32wbxx_ll_bus.h ****   *         @arg @ref LL_AHB3_GRP1_PERIPH_QUADSPI (*)
 735:Drivers/STM32WBxx_HAL_Driver/Inc/stm32wbxx_ll_bus.h ****   *         @arg @ref LL_AHB3_GRP1_PERIPH_PKA
 736:Drivers/STM32WBxx_HAL_Driver/Inc/stm32wbxx_ll_bus.h ****   *         @arg @ref LL_AHB3_GRP1_PERIPH_AES2
 737:Drivers/STM32WBxx_HAL_Driver/Inc/stm32wbxx_ll_bus.h ****   *         @arg @ref LL_AHB3_GRP1_PERIPH_RNG
 738:Drivers/STM32WBxx_HAL_Driver/Inc/stm32wbxx_ll_bus.h ****   *         @arg @ref LL_AHB3_GRP1_PERIPH_HSEM
 739:Drivers/STM32WBxx_HAL_Driver/Inc/stm32wbxx_ll_bus.h ****   *         @arg @ref LL_AHB3_GRP1_PERIPH_IPCC
 740:Drivers/STM32WBxx_HAL_Driver/Inc/stm32wbxx_ll_bus.h ****   *         @arg @ref LL_AHB3_GRP1_PERIPH_FLASH
 741:Drivers/STM32WBxx_HAL_Driver/Inc/stm32wbxx_ll_bus.h ****   * @note  (*) Not supported by all the devices
 742:Drivers/STM32WBxx_HAL_Driver/Inc/stm32wbxx_ll_bus.h ****   * @retval None
 743:Drivers/STM32WBxx_HAL_Driver/Inc/stm32wbxx_ll_bus.h ****   */
 744:Drivers/STM32WBxx_HAL_Driver/Inc/stm32wbxx_ll_bus.h **** __STATIC_INLINE void LL_AHB3_GRP1_EnableClock(uint32_t Periphs)
 745:Drivers/STM32WBxx_HAL_Driver/Inc/stm32wbxx_ll_bus.h **** {
 746:Drivers/STM32WBxx_HAL_Driver/Inc/stm32wbxx_ll_bus.h ****   __IO uint32_t tmpreg;
 747:Drivers/STM32WBxx_HAL_Driver/Inc/stm32wbxx_ll_bus.h ****   SET_BIT(RCC->AHB3ENR, Periphs);
 748:Drivers/STM32WBxx_HAL_Driver/Inc/stm32wbxx_ll_bus.h ****   /* Delay after an RCC peripheral clock enabling */
 749:Drivers/STM32WBxx_HAL_Driver/Inc/stm32wbxx_ll_bus.h ****   tmpreg = READ_BIT(RCC->AHB3ENR, Periphs);
 750:Drivers/STM32WBxx_HAL_Driver/Inc/stm32wbxx_ll_bus.h ****   (void)tmpreg;
 751:Drivers/STM32WBxx_HAL_Driver/Inc/stm32wbxx_ll_bus.h **** }
 752:Drivers/STM32WBxx_HAL_Driver/Inc/stm32wbxx_ll_bus.h **** 
 753:Drivers/STM32WBxx_HAL_Driver/Inc/stm32wbxx_ll_bus.h **** /**
 754:Drivers/STM32WBxx_HAL_Driver/Inc/stm32wbxx_ll_bus.h ****   * @brief  Check if AHB3 peripheral clock is enabled or not
 755:Drivers/STM32WBxx_HAL_Driver/Inc/stm32wbxx_ll_bus.h ****   * @rmtoll AHB3ENR      QUADSPIEN     LL_AHB3_GRP1_IsEnabledClock\n
 756:Drivers/STM32WBxx_HAL_Driver/Inc/stm32wbxx_ll_bus.h ****   *         AHB3ENR      PKAEN         LL_AHB3_GRP1_IsEnabledClock\n
 757:Drivers/STM32WBxx_HAL_Driver/Inc/stm32wbxx_ll_bus.h ****   *         AHB3ENR      AES2EN        LL_AHB3_GRP1_IsEnabledClock\n
 758:Drivers/STM32WBxx_HAL_Driver/Inc/stm32wbxx_ll_bus.h ****   *         AHB3ENR      RNGEN         LL_AHB3_GRP1_IsEnabledClock\n
 759:Drivers/STM32WBxx_HAL_Driver/Inc/stm32wbxx_ll_bus.h ****   *         AHB3ENR      HSEMEN        LL_AHB3_GRP1_IsEnabledClock\n
 760:Drivers/STM32WBxx_HAL_Driver/Inc/stm32wbxx_ll_bus.h ****   *         AHB3ENR      IPCCEN        LL_AHB3_GRP1_IsEnabledClock\n
ARM GAS  C:\Users\843E~1\AppData\Local\Temp\ccJpJOBl.s 			page 38


 761:Drivers/STM32WBxx_HAL_Driver/Inc/stm32wbxx_ll_bus.h ****   *         AHB3ENR      FLASHEN       LL_AHB3_GRP1_IsEnabledClock
 762:Drivers/STM32WBxx_HAL_Driver/Inc/stm32wbxx_ll_bus.h ****   * @param  Periphs This parameter can be a combination of the following values:
 763:Drivers/STM32WBxx_HAL_Driver/Inc/stm32wbxx_ll_bus.h ****   *         @arg @ref LL_AHB3_GRP1_PERIPH_QUADSPI (*)
 764:Drivers/STM32WBxx_HAL_Driver/Inc/stm32wbxx_ll_bus.h ****   *         @arg @ref LL_AHB3_GRP1_PERIPH_PKA
 765:Drivers/STM32WBxx_HAL_Driver/Inc/stm32wbxx_ll_bus.h ****   *         @arg @ref LL_AHB3_GRP1_PERIPH_AES2
 766:Drivers/STM32WBxx_HAL_Driver/Inc/stm32wbxx_ll_bus.h ****   *         @arg @ref LL_AHB3_GRP1_PERIPH_RNG
 767:Drivers/STM32WBxx_HAL_Driver/Inc/stm32wbxx_ll_bus.h ****   *         @arg @ref LL_AHB3_GRP1_PERIPH_HSEM
 768:Drivers/STM32WBxx_HAL_Driver/Inc/stm32wbxx_ll_bus.h ****   *         @arg @ref LL_AHB3_GRP1_PERIPH_IPCC
 769:Drivers/STM32WBxx_HAL_Driver/Inc/stm32wbxx_ll_bus.h ****   *         @arg @ref LL_AHB3_GRP1_PERIPH_FLASH
 770:Drivers/STM32WBxx_HAL_Driver/Inc/stm32wbxx_ll_bus.h ****   * @note  (*) Not supported by all the devices
 771:Drivers/STM32WBxx_HAL_Driver/Inc/stm32wbxx_ll_bus.h ****   * @retval uint32_t
 772:Drivers/STM32WBxx_HAL_Driver/Inc/stm32wbxx_ll_bus.h ****   */
 773:Drivers/STM32WBxx_HAL_Driver/Inc/stm32wbxx_ll_bus.h **** __STATIC_INLINE uint32_t LL_AHB3_GRP1_IsEnabledClock(uint32_t Periphs)
 774:Drivers/STM32WBxx_HAL_Driver/Inc/stm32wbxx_ll_bus.h **** {
 775:Drivers/STM32WBxx_HAL_Driver/Inc/stm32wbxx_ll_bus.h ****   return ((READ_BIT(RCC->AHB3ENR, Periphs) == (Periphs)) ? 1UL : 0UL);
 776:Drivers/STM32WBxx_HAL_Driver/Inc/stm32wbxx_ll_bus.h **** }
 777:Drivers/STM32WBxx_HAL_Driver/Inc/stm32wbxx_ll_bus.h **** 
 778:Drivers/STM32WBxx_HAL_Driver/Inc/stm32wbxx_ll_bus.h **** /**
 779:Drivers/STM32WBxx_HAL_Driver/Inc/stm32wbxx_ll_bus.h ****   * @brief  Disable AHB3 peripherals clock.
 780:Drivers/STM32WBxx_HAL_Driver/Inc/stm32wbxx_ll_bus.h ****   * @rmtoll AHB3ENR      QUADSPIEN     LL_AHB3_GRP1_DisableClock\n
 781:Drivers/STM32WBxx_HAL_Driver/Inc/stm32wbxx_ll_bus.h ****   *         AHB3ENR      PKAEN         LL_AHB3_GRP1_DisableClock\n
 782:Drivers/STM32WBxx_HAL_Driver/Inc/stm32wbxx_ll_bus.h ****   *         AHB3ENR      AES2EN        LL_AHB3_GRP1_DisableClock\n
 783:Drivers/STM32WBxx_HAL_Driver/Inc/stm32wbxx_ll_bus.h ****   *         AHB3ENR      RNGEN         LL_AHB3_GRP1_DisableClock\n
 784:Drivers/STM32WBxx_HAL_Driver/Inc/stm32wbxx_ll_bus.h ****   *         AHB3ENR      HSEMEN        LL_AHB3_GRP1_DisableClock\n
 785:Drivers/STM32WBxx_HAL_Driver/Inc/stm32wbxx_ll_bus.h ****   *         AHB3ENR      IPCCEN        LL_AHB3_GRP1_DisableClock\n
 786:Drivers/STM32WBxx_HAL_Driver/Inc/stm32wbxx_ll_bus.h ****   *         AHB3ENR      FLASHEN       LL_AHB3_GRP1_DisableClock
 787:Drivers/STM32WBxx_HAL_Driver/Inc/stm32wbxx_ll_bus.h ****   * @param  Periphs This parameter can be a combination of the following values:
 788:Drivers/STM32WBxx_HAL_Driver/Inc/stm32wbxx_ll_bus.h ****   *         @arg @ref LL_AHB3_GRP1_PERIPH_QUADSPI (*)
 789:Drivers/STM32WBxx_HAL_Driver/Inc/stm32wbxx_ll_bus.h ****   *         @arg @ref LL_AHB3_GRP1_PERIPH_PKA
 790:Drivers/STM32WBxx_HAL_Driver/Inc/stm32wbxx_ll_bus.h ****   *         @arg @ref LL_AHB3_GRP1_PERIPH_AES2
 791:Drivers/STM32WBxx_HAL_Driver/Inc/stm32wbxx_ll_bus.h ****   *         @arg @ref LL_AHB3_GRP1_PERIPH_RNG
 792:Drivers/STM32WBxx_HAL_Driver/Inc/stm32wbxx_ll_bus.h ****   *         @arg @ref LL_AHB3_GRP1_PERIPH_HSEM
 793:Drivers/STM32WBxx_HAL_Driver/Inc/stm32wbxx_ll_bus.h ****   *         @arg @ref LL_AHB3_GRP1_PERIPH_IPCC
 794:Drivers/STM32WBxx_HAL_Driver/Inc/stm32wbxx_ll_bus.h ****   *         @arg @ref LL_AHB3_GRP1_PERIPH_FLASH
 795:Drivers/STM32WBxx_HAL_Driver/Inc/stm32wbxx_ll_bus.h ****   * @note  (*) Not supported by all the devices
 796:Drivers/STM32WBxx_HAL_Driver/Inc/stm32wbxx_ll_bus.h ****   * @retval None
 797:Drivers/STM32WBxx_HAL_Driver/Inc/stm32wbxx_ll_bus.h ****   */
 798:Drivers/STM32WBxx_HAL_Driver/Inc/stm32wbxx_ll_bus.h **** __STATIC_INLINE void LL_AHB3_GRP1_DisableClock(uint32_t Periphs)
 799:Drivers/STM32WBxx_HAL_Driver/Inc/stm32wbxx_ll_bus.h **** {
 800:Drivers/STM32WBxx_HAL_Driver/Inc/stm32wbxx_ll_bus.h ****   CLEAR_BIT(RCC->AHB3ENR, Periphs);
 801:Drivers/STM32WBxx_HAL_Driver/Inc/stm32wbxx_ll_bus.h **** }
 802:Drivers/STM32WBxx_HAL_Driver/Inc/stm32wbxx_ll_bus.h **** 
 803:Drivers/STM32WBxx_HAL_Driver/Inc/stm32wbxx_ll_bus.h **** /**
 804:Drivers/STM32WBxx_HAL_Driver/Inc/stm32wbxx_ll_bus.h ****   * @brief  Force AHB3 peripherals reset.
 805:Drivers/STM32WBxx_HAL_Driver/Inc/stm32wbxx_ll_bus.h ****   * @rmtoll AHB3RSTR     QUADSPIRST       LL_AHB3_GRP1_ForceReset\n
 806:Drivers/STM32WBxx_HAL_Driver/Inc/stm32wbxx_ll_bus.h ****   *         AHB3RSTR     PKARST        LL_AHB3_GRP1_ForceReset\n
 807:Drivers/STM32WBxx_HAL_Driver/Inc/stm32wbxx_ll_bus.h ****   *         AHB3RSTR     AES2RST       LL_AHB3_GRP1_ForceReset\n
 808:Drivers/STM32WBxx_HAL_Driver/Inc/stm32wbxx_ll_bus.h ****   *         AHB3RSTR     RNGRST        LL_AHB3_GRP1_ForceReset\n
 809:Drivers/STM32WBxx_HAL_Driver/Inc/stm32wbxx_ll_bus.h ****   *         AHB3RSTR     HSEMRST       LL_AHB3_GRP1_ForceReset\n
 810:Drivers/STM32WBxx_HAL_Driver/Inc/stm32wbxx_ll_bus.h ****   *         AHB3RSTR     IPCCRST       LL_AHB3_GRP1_ForceReset\n
 811:Drivers/STM32WBxx_HAL_Driver/Inc/stm32wbxx_ll_bus.h ****   *         AHB3RSTR     FLASHRST      LL_AHB3_GRP1_ForceReset
 812:Drivers/STM32WBxx_HAL_Driver/Inc/stm32wbxx_ll_bus.h ****   * @param  Periphs This parameter can be a combination of the following values:
 813:Drivers/STM32WBxx_HAL_Driver/Inc/stm32wbxx_ll_bus.h ****   *         @arg @ref LL_AHB3_GRP1_PERIPH_ALL
 814:Drivers/STM32WBxx_HAL_Driver/Inc/stm32wbxx_ll_bus.h ****   *         @arg @ref LL_AHB3_GRP1_PERIPH_QUADSPI (*)
 815:Drivers/STM32WBxx_HAL_Driver/Inc/stm32wbxx_ll_bus.h ****   *         @arg @ref LL_AHB3_GRP1_PERIPH_PKA
 816:Drivers/STM32WBxx_HAL_Driver/Inc/stm32wbxx_ll_bus.h ****   *         @arg @ref LL_AHB3_GRP1_PERIPH_AES2
 817:Drivers/STM32WBxx_HAL_Driver/Inc/stm32wbxx_ll_bus.h ****   *         @arg @ref LL_AHB3_GRP1_PERIPH_RNG
ARM GAS  C:\Users\843E~1\AppData\Local\Temp\ccJpJOBl.s 			page 39


 818:Drivers/STM32WBxx_HAL_Driver/Inc/stm32wbxx_ll_bus.h ****   *         @arg @ref LL_AHB3_GRP1_PERIPH_HSEM
 819:Drivers/STM32WBxx_HAL_Driver/Inc/stm32wbxx_ll_bus.h ****   *         @arg @ref LL_AHB3_GRP1_PERIPH_IPCC
 820:Drivers/STM32WBxx_HAL_Driver/Inc/stm32wbxx_ll_bus.h ****   *         @arg @ref LL_AHB3_GRP1_PERIPH_FLASH
 821:Drivers/STM32WBxx_HAL_Driver/Inc/stm32wbxx_ll_bus.h ****   * @note  (*) Not supported by all the devices
 822:Drivers/STM32WBxx_HAL_Driver/Inc/stm32wbxx_ll_bus.h ****   * @retval None
 823:Drivers/STM32WBxx_HAL_Driver/Inc/stm32wbxx_ll_bus.h ****   */
 824:Drivers/STM32WBxx_HAL_Driver/Inc/stm32wbxx_ll_bus.h **** __STATIC_INLINE void LL_AHB3_GRP1_ForceReset(uint32_t Periphs)
 825:Drivers/STM32WBxx_HAL_Driver/Inc/stm32wbxx_ll_bus.h **** {
 826:Drivers/STM32WBxx_HAL_Driver/Inc/stm32wbxx_ll_bus.h ****   SET_BIT(RCC->AHB3RSTR, Periphs);
 827:Drivers/STM32WBxx_HAL_Driver/Inc/stm32wbxx_ll_bus.h **** }
 828:Drivers/STM32WBxx_HAL_Driver/Inc/stm32wbxx_ll_bus.h **** 
 829:Drivers/STM32WBxx_HAL_Driver/Inc/stm32wbxx_ll_bus.h **** /**
 830:Drivers/STM32WBxx_HAL_Driver/Inc/stm32wbxx_ll_bus.h ****   * @brief  Release AHB3 peripherals reset.
 831:Drivers/STM32WBxx_HAL_Driver/Inc/stm32wbxx_ll_bus.h ****   * @rmtoll AHB3RSTR     QUADSPIRST    LL_AHB3_GRP1_ReleaseReset\n
 832:Drivers/STM32WBxx_HAL_Driver/Inc/stm32wbxx_ll_bus.h ****   *         AHB3RSTR     PKARST        LL_AHB3_GRP1_ReleaseReset\n
 833:Drivers/STM32WBxx_HAL_Driver/Inc/stm32wbxx_ll_bus.h ****   *         AHB3RSTR     AES2RST       LL_AHB3_GRP1_ReleaseReset\n
 834:Drivers/STM32WBxx_HAL_Driver/Inc/stm32wbxx_ll_bus.h ****   *         AHB3RSTR     RNGRST        LL_AHB3_GRP1_ReleaseReset\n
 835:Drivers/STM32WBxx_HAL_Driver/Inc/stm32wbxx_ll_bus.h ****   *         AHB3RSTR     HSEMRST       LL_AHB3_GRP1_ReleaseReset\n
 836:Drivers/STM32WBxx_HAL_Driver/Inc/stm32wbxx_ll_bus.h ****   *         AHB3RSTR     IPCCRST       LL_AHB3_GRP1_ReleaseReset\n
 837:Drivers/STM32WBxx_HAL_Driver/Inc/stm32wbxx_ll_bus.h ****   *         AHB3RSTR     FLASHRST      LL_AHB3_GRP1_ReleaseReset
 838:Drivers/STM32WBxx_HAL_Driver/Inc/stm32wbxx_ll_bus.h ****   * @param  Periphs This parameter can be a combination of the following values:
 839:Drivers/STM32WBxx_HAL_Driver/Inc/stm32wbxx_ll_bus.h ****   *         @arg @ref LL_AHB2_GRP1_PERIPH_ALL
 840:Drivers/STM32WBxx_HAL_Driver/Inc/stm32wbxx_ll_bus.h ****   *         @arg @ref LL_AHB3_GRP1_PERIPH_QUADSPI (*)
 841:Drivers/STM32WBxx_HAL_Driver/Inc/stm32wbxx_ll_bus.h ****   *         @arg @ref LL_AHB3_GRP1_PERIPH_PKA
 842:Drivers/STM32WBxx_HAL_Driver/Inc/stm32wbxx_ll_bus.h ****   *         @arg @ref LL_AHB3_GRP1_PERIPH_AES2
 843:Drivers/STM32WBxx_HAL_Driver/Inc/stm32wbxx_ll_bus.h ****   *         @arg @ref LL_AHB3_GRP1_PERIPH_RNG
 844:Drivers/STM32WBxx_HAL_Driver/Inc/stm32wbxx_ll_bus.h ****   *         @arg @ref LL_AHB3_GRP1_PERIPH_HSEM
 845:Drivers/STM32WBxx_HAL_Driver/Inc/stm32wbxx_ll_bus.h ****   *         @arg @ref LL_AHB3_GRP1_PERIPH_IPCC
 846:Drivers/STM32WBxx_HAL_Driver/Inc/stm32wbxx_ll_bus.h ****   *         @arg @ref LL_AHB3_GRP1_PERIPH_FLASH
 847:Drivers/STM32WBxx_HAL_Driver/Inc/stm32wbxx_ll_bus.h ****   * @note  (*) Not supported by all the devices
 848:Drivers/STM32WBxx_HAL_Driver/Inc/stm32wbxx_ll_bus.h ****   * @retval None
 849:Drivers/STM32WBxx_HAL_Driver/Inc/stm32wbxx_ll_bus.h ****   */
 850:Drivers/STM32WBxx_HAL_Driver/Inc/stm32wbxx_ll_bus.h **** __STATIC_INLINE void LL_AHB3_GRP1_ReleaseReset(uint32_t Periphs)
 851:Drivers/STM32WBxx_HAL_Driver/Inc/stm32wbxx_ll_bus.h **** {
 852:Drivers/STM32WBxx_HAL_Driver/Inc/stm32wbxx_ll_bus.h ****   CLEAR_BIT(RCC->AHB3RSTR, Periphs);
 853:Drivers/STM32WBxx_HAL_Driver/Inc/stm32wbxx_ll_bus.h **** }
 854:Drivers/STM32WBxx_HAL_Driver/Inc/stm32wbxx_ll_bus.h **** 
 855:Drivers/STM32WBxx_HAL_Driver/Inc/stm32wbxx_ll_bus.h **** /**
 856:Drivers/STM32WBxx_HAL_Driver/Inc/stm32wbxx_ll_bus.h ****   * @brief  Enable AHB3 peripherals clock during Low Power (Sleep) mode.
 857:Drivers/STM32WBxx_HAL_Driver/Inc/stm32wbxx_ll_bus.h ****   * @rmtoll AHB3SMENR    QUADSPISMEN   LL_AHB3_GRP1_EnableClockSleep\n
 858:Drivers/STM32WBxx_HAL_Driver/Inc/stm32wbxx_ll_bus.h ****   *         AHB3SMENR    PKASMEN       LL_AHB3_GRP1_EnableClockSleep\n
 859:Drivers/STM32WBxx_HAL_Driver/Inc/stm32wbxx_ll_bus.h ****   *         AHB3SMENR    AES2SMEN      LL_AHB3_GRP1_EnableClockSleep\n
 860:Drivers/STM32WBxx_HAL_Driver/Inc/stm32wbxx_ll_bus.h ****   *         AHB3SMENR    RNGSMEN       LL_AHB3_GRP1_EnableClockSleep\n
 861:Drivers/STM32WBxx_HAL_Driver/Inc/stm32wbxx_ll_bus.h ****   *         AHB3SMENR    SRAM2SMEN     LL_AHB3_GRP1_EnableClockSleep\n
 862:Drivers/STM32WBxx_HAL_Driver/Inc/stm32wbxx_ll_bus.h ****   *         AHB3SMENR    FLASHSMEN     LL_AHB3_GRP1_EnableClockSleep
 863:Drivers/STM32WBxx_HAL_Driver/Inc/stm32wbxx_ll_bus.h ****   * @param  Periphs This parameter can be a combination of the following values:
 864:Drivers/STM32WBxx_HAL_Driver/Inc/stm32wbxx_ll_bus.h ****   *         @arg @ref LL_AHB3_GRP1_PERIPH_QUADSPI (*)
 865:Drivers/STM32WBxx_HAL_Driver/Inc/stm32wbxx_ll_bus.h ****   *         @arg @ref LL_AHB3_GRP1_PERIPH_PKA
 866:Drivers/STM32WBxx_HAL_Driver/Inc/stm32wbxx_ll_bus.h ****   *         @arg @ref LL_AHB3_GRP1_PERIPH_AES2
 867:Drivers/STM32WBxx_HAL_Driver/Inc/stm32wbxx_ll_bus.h ****   *         @arg @ref LL_AHB3_GRP1_PERIPH_RNG
 868:Drivers/STM32WBxx_HAL_Driver/Inc/stm32wbxx_ll_bus.h ****   *         @arg @ref LL_AHB3_GRP1_PERIPH_SRAM2
 869:Drivers/STM32WBxx_HAL_Driver/Inc/stm32wbxx_ll_bus.h ****   * @note  (*) Not supported by all the devices
 870:Drivers/STM32WBxx_HAL_Driver/Inc/stm32wbxx_ll_bus.h ****   *         @arg @ref LL_AHB3_GRP1_PERIPH_FLASH
 871:Drivers/STM32WBxx_HAL_Driver/Inc/stm32wbxx_ll_bus.h ****   * @retval None
 872:Drivers/STM32WBxx_HAL_Driver/Inc/stm32wbxx_ll_bus.h ****   */
 873:Drivers/STM32WBxx_HAL_Driver/Inc/stm32wbxx_ll_bus.h **** __STATIC_INLINE void LL_AHB3_GRP1_EnableClockSleep(uint32_t Periphs)
 874:Drivers/STM32WBxx_HAL_Driver/Inc/stm32wbxx_ll_bus.h **** {
ARM GAS  C:\Users\843E~1\AppData\Local\Temp\ccJpJOBl.s 			page 40


 875:Drivers/STM32WBxx_HAL_Driver/Inc/stm32wbxx_ll_bus.h ****   __IO uint32_t tmpreg;
 876:Drivers/STM32WBxx_HAL_Driver/Inc/stm32wbxx_ll_bus.h ****   SET_BIT(RCC->AHB3SMENR, Periphs);
 877:Drivers/STM32WBxx_HAL_Driver/Inc/stm32wbxx_ll_bus.h ****   /* Delay after an RCC peripheral clock enabling */
 878:Drivers/STM32WBxx_HAL_Driver/Inc/stm32wbxx_ll_bus.h ****   tmpreg = READ_BIT(RCC->AHB3SMENR, Periphs);
 879:Drivers/STM32WBxx_HAL_Driver/Inc/stm32wbxx_ll_bus.h ****   (void)tmpreg;
 880:Drivers/STM32WBxx_HAL_Driver/Inc/stm32wbxx_ll_bus.h **** }
 881:Drivers/STM32WBxx_HAL_Driver/Inc/stm32wbxx_ll_bus.h **** 
 882:Drivers/STM32WBxx_HAL_Driver/Inc/stm32wbxx_ll_bus.h **** /**
 883:Drivers/STM32WBxx_HAL_Driver/Inc/stm32wbxx_ll_bus.h ****   * @brief  Disable AHB3 peripherals clock during Low Power (Sleep) mode.
 884:Drivers/STM32WBxx_HAL_Driver/Inc/stm32wbxx_ll_bus.h ****   * @rmtoll AHB3SMENR    QUADSPISMEN   LL_AHB3_GRP1_DisableClockSleep\n
 885:Drivers/STM32WBxx_HAL_Driver/Inc/stm32wbxx_ll_bus.h ****   *         AHB3SMENR    PKASMEN       LL_AHB3_GRP1_DisableClockSleep\n
 886:Drivers/STM32WBxx_HAL_Driver/Inc/stm32wbxx_ll_bus.h ****   *         AHB3SMENR    AES2SMEN      LL_AHB3_GRP1_DisableClockSleep\n
 887:Drivers/STM32WBxx_HAL_Driver/Inc/stm32wbxx_ll_bus.h ****   *         AHB3SMENR    RNGSMEN       LL_AHB3_GRP1_DisableClockSleep\n
 888:Drivers/STM32WBxx_HAL_Driver/Inc/stm32wbxx_ll_bus.h ****   *         AHB3SMENR    SRAM2SMEN     LL_AHB3_GRP1_DisableClockSleep\n
 889:Drivers/STM32WBxx_HAL_Driver/Inc/stm32wbxx_ll_bus.h ****   *         AHB3SMENR    FLASHSMEN     LL_AHB3_GRP1_DisableClockSleep
 890:Drivers/STM32WBxx_HAL_Driver/Inc/stm32wbxx_ll_bus.h ****   * @param  Periphs This parameter can be a combination of the following values:
 891:Drivers/STM32WBxx_HAL_Driver/Inc/stm32wbxx_ll_bus.h ****   *         @arg @ref LL_AHB3_GRP1_PERIPH_QUADSPI (*)
 892:Drivers/STM32WBxx_HAL_Driver/Inc/stm32wbxx_ll_bus.h ****   *         @arg @ref LL_AHB3_GRP1_PERIPH_PKA
 893:Drivers/STM32WBxx_HAL_Driver/Inc/stm32wbxx_ll_bus.h ****   *         @arg @ref LL_AHB3_GRP1_PERIPH_AES2
 894:Drivers/STM32WBxx_HAL_Driver/Inc/stm32wbxx_ll_bus.h ****   *         @arg @ref LL_AHB3_GRP1_PERIPH_RNG
 895:Drivers/STM32WBxx_HAL_Driver/Inc/stm32wbxx_ll_bus.h ****   *         @arg @ref LL_AHB3_GRP1_PERIPH_SRAM2
 896:Drivers/STM32WBxx_HAL_Driver/Inc/stm32wbxx_ll_bus.h ****   *         @arg @ref LL_AHB3_GRP1_PERIPH_FLASH
 897:Drivers/STM32WBxx_HAL_Driver/Inc/stm32wbxx_ll_bus.h ****   * @note  (*) Not supported by all the devices
 898:Drivers/STM32WBxx_HAL_Driver/Inc/stm32wbxx_ll_bus.h ****   * @retval None
 899:Drivers/STM32WBxx_HAL_Driver/Inc/stm32wbxx_ll_bus.h ****   */
 900:Drivers/STM32WBxx_HAL_Driver/Inc/stm32wbxx_ll_bus.h **** __STATIC_INLINE void LL_AHB3_GRP1_DisableClockSleep(uint32_t Periphs)
 901:Drivers/STM32WBxx_HAL_Driver/Inc/stm32wbxx_ll_bus.h **** {
 902:Drivers/STM32WBxx_HAL_Driver/Inc/stm32wbxx_ll_bus.h ****   CLEAR_BIT(RCC->AHB3SMENR, Periphs);
 903:Drivers/STM32WBxx_HAL_Driver/Inc/stm32wbxx_ll_bus.h **** }
 904:Drivers/STM32WBxx_HAL_Driver/Inc/stm32wbxx_ll_bus.h **** 
 905:Drivers/STM32WBxx_HAL_Driver/Inc/stm32wbxx_ll_bus.h **** /**
 906:Drivers/STM32WBxx_HAL_Driver/Inc/stm32wbxx_ll_bus.h ****   * @}
 907:Drivers/STM32WBxx_HAL_Driver/Inc/stm32wbxx_ll_bus.h ****   */
 908:Drivers/STM32WBxx_HAL_Driver/Inc/stm32wbxx_ll_bus.h **** 
 909:Drivers/STM32WBxx_HAL_Driver/Inc/stm32wbxx_ll_bus.h **** /** @defgroup BUS_LL_EF_APB1 APB1
 910:Drivers/STM32WBxx_HAL_Driver/Inc/stm32wbxx_ll_bus.h ****   * @{
 911:Drivers/STM32WBxx_HAL_Driver/Inc/stm32wbxx_ll_bus.h ****   */
 912:Drivers/STM32WBxx_HAL_Driver/Inc/stm32wbxx_ll_bus.h **** 
 913:Drivers/STM32WBxx_HAL_Driver/Inc/stm32wbxx_ll_bus.h **** /**
 914:Drivers/STM32WBxx_HAL_Driver/Inc/stm32wbxx_ll_bus.h ****   * @brief  Enable APB1 peripherals clock.
 915:Drivers/STM32WBxx_HAL_Driver/Inc/stm32wbxx_ll_bus.h ****   * @rmtoll APB1ENR1     TIM2EN        LL_APB1_GRP1_EnableClock\n
 916:Drivers/STM32WBxx_HAL_Driver/Inc/stm32wbxx_ll_bus.h ****   *         APB1ENR1     LCDEN         LL_APB1_GRP1_EnableClock\n
 917:Drivers/STM32WBxx_HAL_Driver/Inc/stm32wbxx_ll_bus.h ****   *         APB1ENR1     RTCAPBEN      LL_APB1_GRP1_EnableClock\n
 918:Drivers/STM32WBxx_HAL_Driver/Inc/stm32wbxx_ll_bus.h ****   *         APB1ENR1     WWDGEN        LL_APB1_GRP1_EnableClock\n
 919:Drivers/STM32WBxx_HAL_Driver/Inc/stm32wbxx_ll_bus.h ****   *         APB1ENR1     SPI2EN        LL_APB1_GRP1_EnableClock\n
 920:Drivers/STM32WBxx_HAL_Driver/Inc/stm32wbxx_ll_bus.h ****   *         APB1ENR1     I2C1EN        LL_APB1_GRP1_EnableClock\n
 921:Drivers/STM32WBxx_HAL_Driver/Inc/stm32wbxx_ll_bus.h ****   *         APB1ENR1     I2C3EN        LL_APB1_GRP1_EnableClock\n
 922:Drivers/STM32WBxx_HAL_Driver/Inc/stm32wbxx_ll_bus.h ****   *         APB1ENR1     CRSEN         LL_APB1_GRP1_EnableClock\n
 923:Drivers/STM32WBxx_HAL_Driver/Inc/stm32wbxx_ll_bus.h ****   *         APB1ENR1     USBEN         LL_APB1_GRP1_EnableClock\n
 924:Drivers/STM32WBxx_HAL_Driver/Inc/stm32wbxx_ll_bus.h ****   *         APB1ENR1     LPTIM1EN      LL_APB1_GRP1_EnableClock
 925:Drivers/STM32WBxx_HAL_Driver/Inc/stm32wbxx_ll_bus.h ****   * @param  Periphs This parameter can be a combination of the following values:
 926:Drivers/STM32WBxx_HAL_Driver/Inc/stm32wbxx_ll_bus.h ****   *         @arg @ref LL_APB1_GRP1_PERIPH_TIM2
 927:Drivers/STM32WBxx_HAL_Driver/Inc/stm32wbxx_ll_bus.h ****   *         @arg @ref LL_APB1_GRP1_PERIPH_LCD (*)
 928:Drivers/STM32WBxx_HAL_Driver/Inc/stm32wbxx_ll_bus.h ****   *         @arg @ref LL_APB1_GRP1_PERIPH_RTCAPB
 929:Drivers/STM32WBxx_HAL_Driver/Inc/stm32wbxx_ll_bus.h ****   *         @arg @ref LL_APB1_GRP1_PERIPH_WWDG
 930:Drivers/STM32WBxx_HAL_Driver/Inc/stm32wbxx_ll_bus.h ****   *         @arg @ref LL_APB1_GRP1_PERIPH_SPI2 (*)
 931:Drivers/STM32WBxx_HAL_Driver/Inc/stm32wbxx_ll_bus.h ****   *         @arg @ref LL_APB1_GRP1_PERIPH_I2C1
ARM GAS  C:\Users\843E~1\AppData\Local\Temp\ccJpJOBl.s 			page 41


 932:Drivers/STM32WBxx_HAL_Driver/Inc/stm32wbxx_ll_bus.h ****   *         @arg @ref LL_APB1_GRP1_PERIPH_I2C3 (*)
 933:Drivers/STM32WBxx_HAL_Driver/Inc/stm32wbxx_ll_bus.h ****   *         @arg @ref LL_APB1_GRP1_PERIPH_CRS (*)
 934:Drivers/STM32WBxx_HAL_Driver/Inc/stm32wbxx_ll_bus.h ****   *         @arg @ref LL_APB1_GRP1_PERIPH_USB (*)
 935:Drivers/STM32WBxx_HAL_Driver/Inc/stm32wbxx_ll_bus.h ****   *         @arg @ref LL_APB1_GRP1_PERIPH_LPTIM1
 936:Drivers/STM32WBxx_HAL_Driver/Inc/stm32wbxx_ll_bus.h ****   * @note  (*) Not supported by all the devices
 937:Drivers/STM32WBxx_HAL_Driver/Inc/stm32wbxx_ll_bus.h ****   * @retval None
 938:Drivers/STM32WBxx_HAL_Driver/Inc/stm32wbxx_ll_bus.h ****   */
 939:Drivers/STM32WBxx_HAL_Driver/Inc/stm32wbxx_ll_bus.h **** __STATIC_INLINE void LL_APB1_GRP1_EnableClock(uint32_t Periphs)
 940:Drivers/STM32WBxx_HAL_Driver/Inc/stm32wbxx_ll_bus.h **** {
 941:Drivers/STM32WBxx_HAL_Driver/Inc/stm32wbxx_ll_bus.h ****   __IO uint32_t tmpreg;
 942:Drivers/STM32WBxx_HAL_Driver/Inc/stm32wbxx_ll_bus.h ****   SET_BIT(RCC->APB1ENR1, Periphs);
 943:Drivers/STM32WBxx_HAL_Driver/Inc/stm32wbxx_ll_bus.h ****   /* Delay after an RCC peripheral clock enabling */
 944:Drivers/STM32WBxx_HAL_Driver/Inc/stm32wbxx_ll_bus.h ****   tmpreg = READ_BIT(RCC->APB1ENR1, Periphs);
 945:Drivers/STM32WBxx_HAL_Driver/Inc/stm32wbxx_ll_bus.h ****   (void)tmpreg;
 946:Drivers/STM32WBxx_HAL_Driver/Inc/stm32wbxx_ll_bus.h **** }
 947:Drivers/STM32WBxx_HAL_Driver/Inc/stm32wbxx_ll_bus.h **** 
 948:Drivers/STM32WBxx_HAL_Driver/Inc/stm32wbxx_ll_bus.h **** /**
 949:Drivers/STM32WBxx_HAL_Driver/Inc/stm32wbxx_ll_bus.h ****   * @brief  Enable APB1 peripherals clock.
 950:Drivers/STM32WBxx_HAL_Driver/Inc/stm32wbxx_ll_bus.h ****   * @rmtoll APB1ENR2     LPUART1EN     LL_APB1_GRP2_EnableClock\n
 951:Drivers/STM32WBxx_HAL_Driver/Inc/stm32wbxx_ll_bus.h ****   *         APB1ENR2     LPTIM2EN      LL_APB1_GRP2_EnableClock
 952:Drivers/STM32WBxx_HAL_Driver/Inc/stm32wbxx_ll_bus.h ****   * @param  Periphs This parameter can be a combination of the following values:
 953:Drivers/STM32WBxx_HAL_Driver/Inc/stm32wbxx_ll_bus.h ****   *         @arg @ref LL_APB1_GRP2_PERIPH_LPUART1 (*)
 954:Drivers/STM32WBxx_HAL_Driver/Inc/stm32wbxx_ll_bus.h ****   *         @arg @ref LL_APB1_GRP2_PERIPH_LPTIM2
 955:Drivers/STM32WBxx_HAL_Driver/Inc/stm32wbxx_ll_bus.h ****   * @note  (*) Not supported by all the devices
 956:Drivers/STM32WBxx_HAL_Driver/Inc/stm32wbxx_ll_bus.h ****   * @retval None
 957:Drivers/STM32WBxx_HAL_Driver/Inc/stm32wbxx_ll_bus.h ****   */
 958:Drivers/STM32WBxx_HAL_Driver/Inc/stm32wbxx_ll_bus.h **** __STATIC_INLINE void LL_APB1_GRP2_EnableClock(uint32_t Periphs)
 959:Drivers/STM32WBxx_HAL_Driver/Inc/stm32wbxx_ll_bus.h **** {
 960:Drivers/STM32WBxx_HAL_Driver/Inc/stm32wbxx_ll_bus.h ****   __IO uint32_t tmpreg;
 961:Drivers/STM32WBxx_HAL_Driver/Inc/stm32wbxx_ll_bus.h ****   SET_BIT(RCC->APB1ENR2, Periphs);
 962:Drivers/STM32WBxx_HAL_Driver/Inc/stm32wbxx_ll_bus.h ****   /* Delay after an RCC peripheral clock enabling */
 963:Drivers/STM32WBxx_HAL_Driver/Inc/stm32wbxx_ll_bus.h ****   tmpreg = READ_BIT(RCC->APB1ENR2, Periphs);
 964:Drivers/STM32WBxx_HAL_Driver/Inc/stm32wbxx_ll_bus.h ****   (void)tmpreg;
 965:Drivers/STM32WBxx_HAL_Driver/Inc/stm32wbxx_ll_bus.h **** }
 966:Drivers/STM32WBxx_HAL_Driver/Inc/stm32wbxx_ll_bus.h **** 
 967:Drivers/STM32WBxx_HAL_Driver/Inc/stm32wbxx_ll_bus.h **** /**
 968:Drivers/STM32WBxx_HAL_Driver/Inc/stm32wbxx_ll_bus.h ****   * @brief  Check if APB1 peripheral clock is enabled or not
 969:Drivers/STM32WBxx_HAL_Driver/Inc/stm32wbxx_ll_bus.h ****   * @rmtoll APB1ENR1     TIM2EN        LL_APB1_GRP1_IsEnabledClock\n
 970:Drivers/STM32WBxx_HAL_Driver/Inc/stm32wbxx_ll_bus.h ****   *         APB1ENR1     LCDEN         LL_APB1_GRP1_IsEnabledClock\n
 971:Drivers/STM32WBxx_HAL_Driver/Inc/stm32wbxx_ll_bus.h ****   *         APB1ENR1     RTCAPBEN      LL_APB1_GRP1_IsEnabledClock\n
 972:Drivers/STM32WBxx_HAL_Driver/Inc/stm32wbxx_ll_bus.h ****   *         APB1ENR1     WWDGEN        LL_APB1_GRP1_IsEnabledClock\n
 973:Drivers/STM32WBxx_HAL_Driver/Inc/stm32wbxx_ll_bus.h ****   *         APB1ENR1     SPI2EN        LL_APB1_GRP1_IsEnabledClock\n
 974:Drivers/STM32WBxx_HAL_Driver/Inc/stm32wbxx_ll_bus.h ****   *         APB1ENR1     I2C1EN        LL_APB1_GRP1_IsEnabledClock\n
 975:Drivers/STM32WBxx_HAL_Driver/Inc/stm32wbxx_ll_bus.h ****   *         APB1ENR1     I2C3EN        LL_APB1_GRP1_IsEnabledClock\n
 976:Drivers/STM32WBxx_HAL_Driver/Inc/stm32wbxx_ll_bus.h ****   *         APB1ENR1     CRSEN         LL_APB1_GRP1_IsEnabledClock\n
 977:Drivers/STM32WBxx_HAL_Driver/Inc/stm32wbxx_ll_bus.h ****   *         APB1ENR1     USBEN         LL_APB1_GRP1_IsEnabledClock\n
 978:Drivers/STM32WBxx_HAL_Driver/Inc/stm32wbxx_ll_bus.h ****   *         APB1ENR1     LPTIM1EN      LL_APB1_GRP1_IsEnabledClock
 979:Drivers/STM32WBxx_HAL_Driver/Inc/stm32wbxx_ll_bus.h ****   * @param  Periphs This parameter can be a combination of the following values:
 980:Drivers/STM32WBxx_HAL_Driver/Inc/stm32wbxx_ll_bus.h ****   *         @arg @ref LL_APB1_GRP1_PERIPH_TIM2
 981:Drivers/STM32WBxx_HAL_Driver/Inc/stm32wbxx_ll_bus.h ****   *         @arg @ref LL_APB1_GRP1_PERIPH_LCD (*)
 982:Drivers/STM32WBxx_HAL_Driver/Inc/stm32wbxx_ll_bus.h ****   *         @arg @ref LL_APB1_GRP1_PERIPH_RTCAPB
 983:Drivers/STM32WBxx_HAL_Driver/Inc/stm32wbxx_ll_bus.h ****   *         @arg @ref LL_APB1_GRP1_PERIPH_WWDG
 984:Drivers/STM32WBxx_HAL_Driver/Inc/stm32wbxx_ll_bus.h ****   *         @arg @ref LL_APB1_GRP1_PERIPH_SPI2 (*)
 985:Drivers/STM32WBxx_HAL_Driver/Inc/stm32wbxx_ll_bus.h ****   *         @arg @ref LL_APB1_GRP1_PERIPH_I2C1
 986:Drivers/STM32WBxx_HAL_Driver/Inc/stm32wbxx_ll_bus.h ****   *         @arg @ref LL_APB1_GRP1_PERIPH_I2C3 (*)
 987:Drivers/STM32WBxx_HAL_Driver/Inc/stm32wbxx_ll_bus.h ****   *         @arg @ref LL_APB1_GRP1_PERIPH_CRS (*)
 988:Drivers/STM32WBxx_HAL_Driver/Inc/stm32wbxx_ll_bus.h ****   *         @arg @ref LL_APB1_GRP1_PERIPH_USB (*)
ARM GAS  C:\Users\843E~1\AppData\Local\Temp\ccJpJOBl.s 			page 42


 989:Drivers/STM32WBxx_HAL_Driver/Inc/stm32wbxx_ll_bus.h ****   *         @arg @ref LL_APB1_GRP1_PERIPH_LPTIM1
 990:Drivers/STM32WBxx_HAL_Driver/Inc/stm32wbxx_ll_bus.h ****   * @note  (*) Not supported by all the devices
 991:Drivers/STM32WBxx_HAL_Driver/Inc/stm32wbxx_ll_bus.h ****   * @retval uint32_t
 992:Drivers/STM32WBxx_HAL_Driver/Inc/stm32wbxx_ll_bus.h ****   */
 993:Drivers/STM32WBxx_HAL_Driver/Inc/stm32wbxx_ll_bus.h **** __STATIC_INLINE uint32_t LL_APB1_GRP1_IsEnabledClock(uint32_t Periphs)
 994:Drivers/STM32WBxx_HAL_Driver/Inc/stm32wbxx_ll_bus.h **** {
 995:Drivers/STM32WBxx_HAL_Driver/Inc/stm32wbxx_ll_bus.h ****   return ((READ_BIT(RCC->APB1ENR1, Periphs) == (Periphs)) ? 1UL : 0UL);
 996:Drivers/STM32WBxx_HAL_Driver/Inc/stm32wbxx_ll_bus.h **** }
 997:Drivers/STM32WBxx_HAL_Driver/Inc/stm32wbxx_ll_bus.h **** 
 998:Drivers/STM32WBxx_HAL_Driver/Inc/stm32wbxx_ll_bus.h **** /**
 999:Drivers/STM32WBxx_HAL_Driver/Inc/stm32wbxx_ll_bus.h ****   * @brief  Check if APB1 peripheral clock is enabled or not
1000:Drivers/STM32WBxx_HAL_Driver/Inc/stm32wbxx_ll_bus.h ****   * @rmtoll APB1ENR2     LPUART1EN     LL_APB1_GRP2_IsEnabledClock\n
1001:Drivers/STM32WBxx_HAL_Driver/Inc/stm32wbxx_ll_bus.h ****   *         APB1ENR2     LPTIM2EN      LL_APB1_GRP2_IsEnabledClock
1002:Drivers/STM32WBxx_HAL_Driver/Inc/stm32wbxx_ll_bus.h ****   * @param  Periphs This parameter can be a combination of the following values:
1003:Drivers/STM32WBxx_HAL_Driver/Inc/stm32wbxx_ll_bus.h ****   *         @arg @ref LL_APB1_GRP2_PERIPH_LPUART1 (*)
1004:Drivers/STM32WBxx_HAL_Driver/Inc/stm32wbxx_ll_bus.h ****   *         @arg @ref LL_APB1_GRP2_PERIPH_LPTIM2
1005:Drivers/STM32WBxx_HAL_Driver/Inc/stm32wbxx_ll_bus.h ****   * @note  (*) Not supported by all the devices
1006:Drivers/STM32WBxx_HAL_Driver/Inc/stm32wbxx_ll_bus.h ****   * @retval uint32_t
1007:Drivers/STM32WBxx_HAL_Driver/Inc/stm32wbxx_ll_bus.h ****   */
1008:Drivers/STM32WBxx_HAL_Driver/Inc/stm32wbxx_ll_bus.h **** __STATIC_INLINE uint32_t LL_APB1_GRP2_IsEnabledClock(uint32_t Periphs)
1009:Drivers/STM32WBxx_HAL_Driver/Inc/stm32wbxx_ll_bus.h **** {
1010:Drivers/STM32WBxx_HAL_Driver/Inc/stm32wbxx_ll_bus.h ****   return ((READ_BIT(RCC->APB1ENR2, Periphs) == (Periphs)) ? 1UL : 0UL);
1011:Drivers/STM32WBxx_HAL_Driver/Inc/stm32wbxx_ll_bus.h **** }
1012:Drivers/STM32WBxx_HAL_Driver/Inc/stm32wbxx_ll_bus.h **** 
1013:Drivers/STM32WBxx_HAL_Driver/Inc/stm32wbxx_ll_bus.h **** /**
1014:Drivers/STM32WBxx_HAL_Driver/Inc/stm32wbxx_ll_bus.h ****   * @brief  Disable APB1 peripherals clock.
1015:Drivers/STM32WBxx_HAL_Driver/Inc/stm32wbxx_ll_bus.h ****   * @rmtoll APB1ENR1     TIM2EN        LL_APB1_GRP1_DisableClock\n
1016:Drivers/STM32WBxx_HAL_Driver/Inc/stm32wbxx_ll_bus.h ****   *         APB1ENR1     LCDEN         LL_APB1_GRP1_DisableClock\n
1017:Drivers/STM32WBxx_HAL_Driver/Inc/stm32wbxx_ll_bus.h ****   *         APB1ENR1     RTCAPBEN      LL_APB1_GRP1_DisableClock\n
1018:Drivers/STM32WBxx_HAL_Driver/Inc/stm32wbxx_ll_bus.h ****   *         APB1ENR1     SPI2EN        LL_APB1_GRP1_DisableClock\n
1019:Drivers/STM32WBxx_HAL_Driver/Inc/stm32wbxx_ll_bus.h ****   *         APB1ENR1     I2C1EN        LL_APB1_GRP1_DisableClock\n
1020:Drivers/STM32WBxx_HAL_Driver/Inc/stm32wbxx_ll_bus.h ****   *         APB1ENR1     I2C3EN        LL_APB1_GRP1_DisableClock\n
1021:Drivers/STM32WBxx_HAL_Driver/Inc/stm32wbxx_ll_bus.h ****   *         APB1ENR1     CRSEN         LL_APB1_GRP1_DisableClock\n
1022:Drivers/STM32WBxx_HAL_Driver/Inc/stm32wbxx_ll_bus.h ****   *         APB1ENR1     USBEN         LL_APB1_GRP1_DisableClock\n
1023:Drivers/STM32WBxx_HAL_Driver/Inc/stm32wbxx_ll_bus.h ****   *         APB1ENR1     LPTIM1EN      LL_APB1_GRP1_DisableClock
1024:Drivers/STM32WBxx_HAL_Driver/Inc/stm32wbxx_ll_bus.h ****   * @param  Periphs This parameter can be a combination of the following values:
1025:Drivers/STM32WBxx_HAL_Driver/Inc/stm32wbxx_ll_bus.h ****   *         @arg @ref LL_APB1_GRP1_PERIPH_TIM2
1026:Drivers/STM32WBxx_HAL_Driver/Inc/stm32wbxx_ll_bus.h ****   *         @arg @ref LL_APB1_GRP1_PERIPH_LCD (*)
1027:Drivers/STM32WBxx_HAL_Driver/Inc/stm32wbxx_ll_bus.h ****   *         @arg @ref LL_APB1_GRP1_PERIPH_RTCAPB
1028:Drivers/STM32WBxx_HAL_Driver/Inc/stm32wbxx_ll_bus.h ****   *         @arg @ref LL_APB1_GRP1_PERIPH_WWDG
1029:Drivers/STM32WBxx_HAL_Driver/Inc/stm32wbxx_ll_bus.h ****   *         @arg @ref LL_APB1_GRP1_PERIPH_SPI2 (*)
1030:Drivers/STM32WBxx_HAL_Driver/Inc/stm32wbxx_ll_bus.h ****   *         @arg @ref LL_APB1_GRP1_PERIPH_I2C1
1031:Drivers/STM32WBxx_HAL_Driver/Inc/stm32wbxx_ll_bus.h ****   *         @arg @ref LL_APB1_GRP1_PERIPH_I2C3 (*)
1032:Drivers/STM32WBxx_HAL_Driver/Inc/stm32wbxx_ll_bus.h ****   *         @arg @ref LL_APB1_GRP1_PERIPH_ (*)
1033:Drivers/STM32WBxx_HAL_Driver/Inc/stm32wbxx_ll_bus.h ****   *         @arg @ref LL_APB1_GRP1_PERIPH_USB (*)
1034:Drivers/STM32WBxx_HAL_Driver/Inc/stm32wbxx_ll_bus.h ****   *         @arg @ref LL_APB1_GRP1_PERIPH_LPTIM1
1035:Drivers/STM32WBxx_HAL_Driver/Inc/stm32wbxx_ll_bus.h ****   * @note  (*) Not supported by all the devices
1036:Drivers/STM32WBxx_HAL_Driver/Inc/stm32wbxx_ll_bus.h ****   * @retval None
1037:Drivers/STM32WBxx_HAL_Driver/Inc/stm32wbxx_ll_bus.h ****   */
1038:Drivers/STM32WBxx_HAL_Driver/Inc/stm32wbxx_ll_bus.h **** __STATIC_INLINE void LL_APB1_GRP1_DisableClock(uint32_t Periphs)
1039:Drivers/STM32WBxx_HAL_Driver/Inc/stm32wbxx_ll_bus.h **** {
1040:Drivers/STM32WBxx_HAL_Driver/Inc/stm32wbxx_ll_bus.h ****   CLEAR_BIT(RCC->APB1ENR1, Periphs);
1041:Drivers/STM32WBxx_HAL_Driver/Inc/stm32wbxx_ll_bus.h **** }
1042:Drivers/STM32WBxx_HAL_Driver/Inc/stm32wbxx_ll_bus.h **** 
1043:Drivers/STM32WBxx_HAL_Driver/Inc/stm32wbxx_ll_bus.h **** /**
1044:Drivers/STM32WBxx_HAL_Driver/Inc/stm32wbxx_ll_bus.h ****   * @brief  Disable APB1 peripherals clock.
1045:Drivers/STM32WBxx_HAL_Driver/Inc/stm32wbxx_ll_bus.h ****   * @rmtoll APB1ENR2     LPUART1EN     LL_APB1_GRP2_DisableClock\n
ARM GAS  C:\Users\843E~1\AppData\Local\Temp\ccJpJOBl.s 			page 43


1046:Drivers/STM32WBxx_HAL_Driver/Inc/stm32wbxx_ll_bus.h ****   *         APB1ENR2     LPTIM2EN      LL_APB1_GRP2_DisableClock
1047:Drivers/STM32WBxx_HAL_Driver/Inc/stm32wbxx_ll_bus.h ****   * @param  Periphs This parameter can be a combination of the following values:
1048:Drivers/STM32WBxx_HAL_Driver/Inc/stm32wbxx_ll_bus.h ****   *         @arg @ref LL_APB1_GRP2_PERIPH_LPUART1 (*)
1049:Drivers/STM32WBxx_HAL_Driver/Inc/stm32wbxx_ll_bus.h ****   *         @arg @ref LL_APB1_GRP2_PERIPH_LPTIM2
1050:Drivers/STM32WBxx_HAL_Driver/Inc/stm32wbxx_ll_bus.h ****   * @note  (*) Not supported by all the devices
1051:Drivers/STM32WBxx_HAL_Driver/Inc/stm32wbxx_ll_bus.h ****   * @retval None
1052:Drivers/STM32WBxx_HAL_Driver/Inc/stm32wbxx_ll_bus.h ****   */
1053:Drivers/STM32WBxx_HAL_Driver/Inc/stm32wbxx_ll_bus.h **** __STATIC_INLINE void LL_APB1_GRP2_DisableClock(uint32_t Periphs)
1054:Drivers/STM32WBxx_HAL_Driver/Inc/stm32wbxx_ll_bus.h **** {
1055:Drivers/STM32WBxx_HAL_Driver/Inc/stm32wbxx_ll_bus.h ****   CLEAR_BIT(RCC->APB1ENR2, Periphs);
1056:Drivers/STM32WBxx_HAL_Driver/Inc/stm32wbxx_ll_bus.h **** }
1057:Drivers/STM32WBxx_HAL_Driver/Inc/stm32wbxx_ll_bus.h **** 
1058:Drivers/STM32WBxx_HAL_Driver/Inc/stm32wbxx_ll_bus.h **** /**
1059:Drivers/STM32WBxx_HAL_Driver/Inc/stm32wbxx_ll_bus.h ****   * @brief  Force APB1 peripherals reset.
1060:Drivers/STM32WBxx_HAL_Driver/Inc/stm32wbxx_ll_bus.h ****   * @rmtoll APB1RSTR1    TIM2RST       LL_APB1_GRP1_ForceReset\n
1061:Drivers/STM32WBxx_HAL_Driver/Inc/stm32wbxx_ll_bus.h ****   *         APB1RSTR1    LCDRST        LL_APB1_GRP1_ForceReset\n
1062:Drivers/STM32WBxx_HAL_Driver/Inc/stm32wbxx_ll_bus.h ****   *         APB1RSTR1    SPI2RST       LL_APB1_GRP1_ForceReset\n
1063:Drivers/STM32WBxx_HAL_Driver/Inc/stm32wbxx_ll_bus.h ****   *         APB1RSTR1    I2C1RST       LL_APB1_GRP1_ForceReset\n
1064:Drivers/STM32WBxx_HAL_Driver/Inc/stm32wbxx_ll_bus.h ****   *         APB1RSTR1    I2C3RST       LL_APB1_GRP1_ForceReset\n
1065:Drivers/STM32WBxx_HAL_Driver/Inc/stm32wbxx_ll_bus.h ****   *         APB1RSTR1    CRSRST        LL_APB1_GRP1_ForceReset\n
1066:Drivers/STM32WBxx_HAL_Driver/Inc/stm32wbxx_ll_bus.h ****   *         APB1RSTR1    USBRST        LL_APB1_GRP1_ForceReset\n
1067:Drivers/STM32WBxx_HAL_Driver/Inc/stm32wbxx_ll_bus.h ****   *         APB1RSTR1    LPTIM1RST     LL_APB1_GRP1_ForceReset
1068:Drivers/STM32WBxx_HAL_Driver/Inc/stm32wbxx_ll_bus.h ****   * @param  Periphs This parameter can be a combination of the following values:
1069:Drivers/STM32WBxx_HAL_Driver/Inc/stm32wbxx_ll_bus.h ****   *         @arg @ref LL_APB1_GRP1_PERIPH_ALL
1070:Drivers/STM32WBxx_HAL_Driver/Inc/stm32wbxx_ll_bus.h ****   *         @arg @ref LL_APB1_GRP1_PERIPH_TIM2
1071:Drivers/STM32WBxx_HAL_Driver/Inc/stm32wbxx_ll_bus.h ****   *         @arg @ref LL_APB1_GRP1_PERIPH_LCD (*)
1072:Drivers/STM32WBxx_HAL_Driver/Inc/stm32wbxx_ll_bus.h ****   *         @arg @ref LL_APB1_GRP1_PERIPH_SPI2 (*)
1073:Drivers/STM32WBxx_HAL_Driver/Inc/stm32wbxx_ll_bus.h ****   *         @arg @ref LL_APB1_GRP1_PERIPH_I2C1
1074:Drivers/STM32WBxx_HAL_Driver/Inc/stm32wbxx_ll_bus.h ****   *         @arg @ref LL_APB1_GRP1_PERIPH_I2C3 (*)
1075:Drivers/STM32WBxx_HAL_Driver/Inc/stm32wbxx_ll_bus.h ****   *         @arg @ref LL_APB1_GRP1_PERIPH_CRS (*)
1076:Drivers/STM32WBxx_HAL_Driver/Inc/stm32wbxx_ll_bus.h ****   *         @arg @ref LL_APB1_GRP1_PERIPH_USB (*)
1077:Drivers/STM32WBxx_HAL_Driver/Inc/stm32wbxx_ll_bus.h ****   *         @arg @ref LL_APB1_GRP1_PERIPH_LPTIM1
1078:Drivers/STM32WBxx_HAL_Driver/Inc/stm32wbxx_ll_bus.h ****   * @note  (*) Not supported by all the devices
1079:Drivers/STM32WBxx_HAL_Driver/Inc/stm32wbxx_ll_bus.h ****   * @retval None
1080:Drivers/STM32WBxx_HAL_Driver/Inc/stm32wbxx_ll_bus.h ****   */
1081:Drivers/STM32WBxx_HAL_Driver/Inc/stm32wbxx_ll_bus.h **** __STATIC_INLINE void LL_APB1_GRP1_ForceReset(uint32_t Periphs)
1082:Drivers/STM32WBxx_HAL_Driver/Inc/stm32wbxx_ll_bus.h **** {
1083:Drivers/STM32WBxx_HAL_Driver/Inc/stm32wbxx_ll_bus.h ****   SET_BIT(RCC->APB1RSTR1, Periphs);
1084:Drivers/STM32WBxx_HAL_Driver/Inc/stm32wbxx_ll_bus.h **** }
1085:Drivers/STM32WBxx_HAL_Driver/Inc/stm32wbxx_ll_bus.h **** 
1086:Drivers/STM32WBxx_HAL_Driver/Inc/stm32wbxx_ll_bus.h **** /**
1087:Drivers/STM32WBxx_HAL_Driver/Inc/stm32wbxx_ll_bus.h ****   * @brief  Force APB1 peripherals reset.
1088:Drivers/STM32WBxx_HAL_Driver/Inc/stm32wbxx_ll_bus.h ****   * @rmtoll APB1RSTR2    LPUART1RST    LL_APB1_GRP2_ForceReset\n
1089:Drivers/STM32WBxx_HAL_Driver/Inc/stm32wbxx_ll_bus.h ****   *         APB1RSTR2    LPTIM2RST     LL_APB1_GRP2_ForceReset
1090:Drivers/STM32WBxx_HAL_Driver/Inc/stm32wbxx_ll_bus.h ****   * @param  Periphs This parameter can be a combination of the following values:
1091:Drivers/STM32WBxx_HAL_Driver/Inc/stm32wbxx_ll_bus.h ****   *         @arg @ref LL_APB1_GRP2_PERIPH_ALL
1092:Drivers/STM32WBxx_HAL_Driver/Inc/stm32wbxx_ll_bus.h ****   *         @arg @ref LL_APB1_GRP2_PERIPH_LPUART1 (*)
1093:Drivers/STM32WBxx_HAL_Driver/Inc/stm32wbxx_ll_bus.h ****   *         @arg @ref LL_APB1_GRP2_PERIPH_LPTIM2
1094:Drivers/STM32WBxx_HAL_Driver/Inc/stm32wbxx_ll_bus.h ****   * @note  (*) Not supported by all the devices
1095:Drivers/STM32WBxx_HAL_Driver/Inc/stm32wbxx_ll_bus.h ****   * @retval None
1096:Drivers/STM32WBxx_HAL_Driver/Inc/stm32wbxx_ll_bus.h ****   */
1097:Drivers/STM32WBxx_HAL_Driver/Inc/stm32wbxx_ll_bus.h **** __STATIC_INLINE void LL_APB1_GRP2_ForceReset(uint32_t Periphs)
1098:Drivers/STM32WBxx_HAL_Driver/Inc/stm32wbxx_ll_bus.h **** {
1099:Drivers/STM32WBxx_HAL_Driver/Inc/stm32wbxx_ll_bus.h ****   SET_BIT(RCC->APB1RSTR2, Periphs);
1100:Drivers/STM32WBxx_HAL_Driver/Inc/stm32wbxx_ll_bus.h **** }
1101:Drivers/STM32WBxx_HAL_Driver/Inc/stm32wbxx_ll_bus.h **** 
1102:Drivers/STM32WBxx_HAL_Driver/Inc/stm32wbxx_ll_bus.h **** /**
ARM GAS  C:\Users\843E~1\AppData\Local\Temp\ccJpJOBl.s 			page 44


1103:Drivers/STM32WBxx_HAL_Driver/Inc/stm32wbxx_ll_bus.h ****   * @brief  Release APB1 peripherals reset.
1104:Drivers/STM32WBxx_HAL_Driver/Inc/stm32wbxx_ll_bus.h ****   * @rmtoll APB1RSTR1    TIM2RST       LL_APB1_GRP1_ReleaseReset\n
1105:Drivers/STM32WBxx_HAL_Driver/Inc/stm32wbxx_ll_bus.h ****   *         APB1RSTR1    LCDRST        LL_APB1_GRP1_ReleaseReset\n
1106:Drivers/STM32WBxx_HAL_Driver/Inc/stm32wbxx_ll_bus.h ****   *         APB1RSTR1    SPI2RST       LL_APB1_GRP1_ReleaseReset\n
1107:Drivers/STM32WBxx_HAL_Driver/Inc/stm32wbxx_ll_bus.h ****   *         APB1RSTR1    I2C1RST       LL_APB1_GRP1_ReleaseReset\n
1108:Drivers/STM32WBxx_HAL_Driver/Inc/stm32wbxx_ll_bus.h ****   *         APB1RSTR1    I2C3RST       LL_APB1_GRP1_ReleaseReset\n
1109:Drivers/STM32WBxx_HAL_Driver/Inc/stm32wbxx_ll_bus.h ****   *         APB1RSTR1    CRSRST        LL_APB1_GRP1_ReleaseReset\n
1110:Drivers/STM32WBxx_HAL_Driver/Inc/stm32wbxx_ll_bus.h ****   *         APB1RSTR1    USBRST        LL_APB1_GRP1_ReleaseReset\n
1111:Drivers/STM32WBxx_HAL_Driver/Inc/stm32wbxx_ll_bus.h ****   *         APB1RSTR1    LPTIM1RST     LL_APB1_GRP1_ReleaseReset
1112:Drivers/STM32WBxx_HAL_Driver/Inc/stm32wbxx_ll_bus.h ****   * @param  Periphs This parameter can be a combination of the following values:
1113:Drivers/STM32WBxx_HAL_Driver/Inc/stm32wbxx_ll_bus.h ****   *         @arg @ref LL_APB1_GRP1_PERIPH_ALL
1114:Drivers/STM32WBxx_HAL_Driver/Inc/stm32wbxx_ll_bus.h ****   *         @arg @ref LL_APB1_GRP1_PERIPH_TIM2
1115:Drivers/STM32WBxx_HAL_Driver/Inc/stm32wbxx_ll_bus.h ****   *         @arg @ref LL_APB1_GRP1_PERIPH_LCD (*)
1116:Drivers/STM32WBxx_HAL_Driver/Inc/stm32wbxx_ll_bus.h ****   *         @arg @ref LL_APB1_GRP1_PERIPH_SPI2 (*)
1117:Drivers/STM32WBxx_HAL_Driver/Inc/stm32wbxx_ll_bus.h ****   *         @arg @ref LL_APB1_GRP1_PERIPH_I2C1
1118:Drivers/STM32WBxx_HAL_Driver/Inc/stm32wbxx_ll_bus.h ****   *         @arg @ref LL_APB1_GRP1_PERIPH_I2C3 (*)
1119:Drivers/STM32WBxx_HAL_Driver/Inc/stm32wbxx_ll_bus.h ****   *         @arg @ref LL_APB1_GRP1_PERIPH_CRS (*)
1120:Drivers/STM32WBxx_HAL_Driver/Inc/stm32wbxx_ll_bus.h ****   *         @arg @ref LL_APB1_GRP1_PERIPH_USB (*)
1121:Drivers/STM32WBxx_HAL_Driver/Inc/stm32wbxx_ll_bus.h ****   *         @arg @ref LL_APB1_GRP1_PERIPH_LPTIM1
1122:Drivers/STM32WBxx_HAL_Driver/Inc/stm32wbxx_ll_bus.h ****   * @note  (*) Not supported by all the devices
1123:Drivers/STM32WBxx_HAL_Driver/Inc/stm32wbxx_ll_bus.h ****   * @retval None
1124:Drivers/STM32WBxx_HAL_Driver/Inc/stm32wbxx_ll_bus.h ****   */
1125:Drivers/STM32WBxx_HAL_Driver/Inc/stm32wbxx_ll_bus.h **** __STATIC_INLINE void LL_APB1_GRP1_ReleaseReset(uint32_t Periphs)
1126:Drivers/STM32WBxx_HAL_Driver/Inc/stm32wbxx_ll_bus.h **** {
1127:Drivers/STM32WBxx_HAL_Driver/Inc/stm32wbxx_ll_bus.h ****   CLEAR_BIT(RCC->APB1RSTR1, Periphs);
1128:Drivers/STM32WBxx_HAL_Driver/Inc/stm32wbxx_ll_bus.h **** }
1129:Drivers/STM32WBxx_HAL_Driver/Inc/stm32wbxx_ll_bus.h **** 
1130:Drivers/STM32WBxx_HAL_Driver/Inc/stm32wbxx_ll_bus.h **** /**
1131:Drivers/STM32WBxx_HAL_Driver/Inc/stm32wbxx_ll_bus.h ****   * @brief  Release APB1 peripherals reset.
1132:Drivers/STM32WBxx_HAL_Driver/Inc/stm32wbxx_ll_bus.h ****   * @rmtoll APB1RSTR2    LPUART1RST    LL_APB1_GRP2_ReleaseReset\n
1133:Drivers/STM32WBxx_HAL_Driver/Inc/stm32wbxx_ll_bus.h ****   *         APB1RSTR2    LPTIM2RST     LL_APB1_GRP2_ReleaseReset
1134:Drivers/STM32WBxx_HAL_Driver/Inc/stm32wbxx_ll_bus.h ****   * @param  Periphs This parameter can be a combination of the following values:
1135:Drivers/STM32WBxx_HAL_Driver/Inc/stm32wbxx_ll_bus.h ****   *         @arg @ref LL_APB1_GRP2_PERIPH_ALL
1136:Drivers/STM32WBxx_HAL_Driver/Inc/stm32wbxx_ll_bus.h ****   *         @arg @ref LL_APB1_GRP2_PERIPH_LPUART1 (*)
1137:Drivers/STM32WBxx_HAL_Driver/Inc/stm32wbxx_ll_bus.h ****   *         @arg @ref LL_APB1_GRP2_PERIPH_LPTIM2
1138:Drivers/STM32WBxx_HAL_Driver/Inc/stm32wbxx_ll_bus.h ****   * @note  (*) Not supported by all the devices
1139:Drivers/STM32WBxx_HAL_Driver/Inc/stm32wbxx_ll_bus.h ****   * @retval None
1140:Drivers/STM32WBxx_HAL_Driver/Inc/stm32wbxx_ll_bus.h ****   */
1141:Drivers/STM32WBxx_HAL_Driver/Inc/stm32wbxx_ll_bus.h **** __STATIC_INLINE void LL_APB1_GRP2_ReleaseReset(uint32_t Periphs)
1142:Drivers/STM32WBxx_HAL_Driver/Inc/stm32wbxx_ll_bus.h **** {
1143:Drivers/STM32WBxx_HAL_Driver/Inc/stm32wbxx_ll_bus.h ****   CLEAR_BIT(RCC->APB1RSTR2, Periphs);
1144:Drivers/STM32WBxx_HAL_Driver/Inc/stm32wbxx_ll_bus.h **** }
1145:Drivers/STM32WBxx_HAL_Driver/Inc/stm32wbxx_ll_bus.h **** 
1146:Drivers/STM32WBxx_HAL_Driver/Inc/stm32wbxx_ll_bus.h **** /**
1147:Drivers/STM32WBxx_HAL_Driver/Inc/stm32wbxx_ll_bus.h ****   * @brief  Enable APB1 peripherals clock during Low Power (Sleep) mode.
1148:Drivers/STM32WBxx_HAL_Driver/Inc/stm32wbxx_ll_bus.h ****   * @rmtoll APB1SMENR1   TIM2SMEN      LL_APB1_GRP1_EnableClockSleep\n
1149:Drivers/STM32WBxx_HAL_Driver/Inc/stm32wbxx_ll_bus.h ****   *         APB1SMENR1   LCDSMEN       LL_APB1_GRP1_EnableClockSleep\n
1150:Drivers/STM32WBxx_HAL_Driver/Inc/stm32wbxx_ll_bus.h ****   *         APB1SMENR1   RTCAPBSMEN    LL_APB1_GRP1_EnableClockSleep\n
1151:Drivers/STM32WBxx_HAL_Driver/Inc/stm32wbxx_ll_bus.h ****   *         APB1SMENR1   WWDGSMEN      LL_APB1_GRP1_EnableClockSleep\n
1152:Drivers/STM32WBxx_HAL_Driver/Inc/stm32wbxx_ll_bus.h ****   *         APB1SMENR1   SPI2SMEN      LL_APB1_GRP1_EnableClockSleep\n
1153:Drivers/STM32WBxx_HAL_Driver/Inc/stm32wbxx_ll_bus.h ****   *         APB1SMENR1   I2C1SMEN      LL_APB1_GRP1_EnableClockSleep\n
1154:Drivers/STM32WBxx_HAL_Driver/Inc/stm32wbxx_ll_bus.h ****   *         APB1SMENR1   I2C3SMEN      LL_APB1_GRP1_EnableClockSleep\n
1155:Drivers/STM32WBxx_HAL_Driver/Inc/stm32wbxx_ll_bus.h ****   *         APB1SMENR1   CRSSMEN       LL_APB1_GRP1_EnableClockSleep\n
1156:Drivers/STM32WBxx_HAL_Driver/Inc/stm32wbxx_ll_bus.h ****   *         APB1SMENR1   USBSMEN       LL_APB1_GRP1_EnableClockSleep\n
1157:Drivers/STM32WBxx_HAL_Driver/Inc/stm32wbxx_ll_bus.h ****   *         APB1SMENR1   LPTIM1SMEN    LL_APB1_GRP1_EnableClockSleep
1158:Drivers/STM32WBxx_HAL_Driver/Inc/stm32wbxx_ll_bus.h ****   * @param  Periphs This parameter can be a combination of the following values:
1159:Drivers/STM32WBxx_HAL_Driver/Inc/stm32wbxx_ll_bus.h ****   *         @arg @ref LL_APB1_GRP1_PERIPH_TIM2
ARM GAS  C:\Users\843E~1\AppData\Local\Temp\ccJpJOBl.s 			page 45


1160:Drivers/STM32WBxx_HAL_Driver/Inc/stm32wbxx_ll_bus.h ****   *         @arg @ref LL_APB1_GRP1_PERIPH_LCD (*)
1161:Drivers/STM32WBxx_HAL_Driver/Inc/stm32wbxx_ll_bus.h ****   *         @arg @ref LL_APB1_GRP1_PERIPH_RTCAPB
1162:Drivers/STM32WBxx_HAL_Driver/Inc/stm32wbxx_ll_bus.h ****   *         @arg @ref LL_APB1_GRP1_PERIPH_WWDG
1163:Drivers/STM32WBxx_HAL_Driver/Inc/stm32wbxx_ll_bus.h ****   *         @arg @ref LL_APB1_GRP1_PERIPH_SPI2 (*)
1164:Drivers/STM32WBxx_HAL_Driver/Inc/stm32wbxx_ll_bus.h ****   *         @arg @ref LL_APB1_GRP1_PERIPH_I2C1
1165:Drivers/STM32WBxx_HAL_Driver/Inc/stm32wbxx_ll_bus.h ****   *         @arg @ref LL_APB1_GRP1_PERIPH_I2C3 (*)
1166:Drivers/STM32WBxx_HAL_Driver/Inc/stm32wbxx_ll_bus.h ****   *         @arg @ref LL_APB1_GRP1_PERIPH_CRS (*)
1167:Drivers/STM32WBxx_HAL_Driver/Inc/stm32wbxx_ll_bus.h ****   *         @arg @ref LL_APB1_GRP1_PERIPH_USB (*)
1168:Drivers/STM32WBxx_HAL_Driver/Inc/stm32wbxx_ll_bus.h ****   *         @arg @ref LL_APB1_GRP1_PERIPH_LPTIM1
1169:Drivers/STM32WBxx_HAL_Driver/Inc/stm32wbxx_ll_bus.h ****   * @note  (*) Not supported by all the devices
1170:Drivers/STM32WBxx_HAL_Driver/Inc/stm32wbxx_ll_bus.h ****   * @retval None
1171:Drivers/STM32WBxx_HAL_Driver/Inc/stm32wbxx_ll_bus.h ****   */
1172:Drivers/STM32WBxx_HAL_Driver/Inc/stm32wbxx_ll_bus.h **** __STATIC_INLINE void LL_APB1_GRP1_EnableClockSleep(uint32_t Periphs)
1173:Drivers/STM32WBxx_HAL_Driver/Inc/stm32wbxx_ll_bus.h **** {
1174:Drivers/STM32WBxx_HAL_Driver/Inc/stm32wbxx_ll_bus.h ****   __IO uint32_t tmpreg;
1175:Drivers/STM32WBxx_HAL_Driver/Inc/stm32wbxx_ll_bus.h ****   SET_BIT(RCC->APB1SMENR1, Periphs);
1176:Drivers/STM32WBxx_HAL_Driver/Inc/stm32wbxx_ll_bus.h ****   /* Delay after an RCC peripheral clock enabling */
1177:Drivers/STM32WBxx_HAL_Driver/Inc/stm32wbxx_ll_bus.h ****   tmpreg = READ_BIT(RCC->APB1SMENR1, Periphs);
1178:Drivers/STM32WBxx_HAL_Driver/Inc/stm32wbxx_ll_bus.h ****   (void)tmpreg;
1179:Drivers/STM32WBxx_HAL_Driver/Inc/stm32wbxx_ll_bus.h **** }
1180:Drivers/STM32WBxx_HAL_Driver/Inc/stm32wbxx_ll_bus.h **** 
1181:Drivers/STM32WBxx_HAL_Driver/Inc/stm32wbxx_ll_bus.h **** /**
1182:Drivers/STM32WBxx_HAL_Driver/Inc/stm32wbxx_ll_bus.h ****   * @brief  Enable APB1 peripherals clock during Low Power (Sleep) mode.
1183:Drivers/STM32WBxx_HAL_Driver/Inc/stm32wbxx_ll_bus.h ****   * @rmtoll APB1SMENR2   LPUART1SMEN   LL_APB1_GRP2_EnableClockSleep\n
1184:Drivers/STM32WBxx_HAL_Driver/Inc/stm32wbxx_ll_bus.h ****   *         APB1SMENR2   LPTIM2SMEN    LL_APB1_GRP2_EnableClockSleep
1185:Drivers/STM32WBxx_HAL_Driver/Inc/stm32wbxx_ll_bus.h ****   * @param  Periphs This parameter can be a combination of the following values:
1186:Drivers/STM32WBxx_HAL_Driver/Inc/stm32wbxx_ll_bus.h ****   *         @arg @ref LL_APB1_GRP2_PERIPH_LPUART1 (*)
1187:Drivers/STM32WBxx_HAL_Driver/Inc/stm32wbxx_ll_bus.h ****   *         @arg @ref LL_APB1_GRP2_PERIPH_LPTIM2
1188:Drivers/STM32WBxx_HAL_Driver/Inc/stm32wbxx_ll_bus.h ****   * @note  (*) Not supported by all the devices
1189:Drivers/STM32WBxx_HAL_Driver/Inc/stm32wbxx_ll_bus.h ****   * @retval None
1190:Drivers/STM32WBxx_HAL_Driver/Inc/stm32wbxx_ll_bus.h ****   */
1191:Drivers/STM32WBxx_HAL_Driver/Inc/stm32wbxx_ll_bus.h **** __STATIC_INLINE void LL_APB1_GRP2_EnableClockSleep(uint32_t Periphs)
1192:Drivers/STM32WBxx_HAL_Driver/Inc/stm32wbxx_ll_bus.h **** {
1193:Drivers/STM32WBxx_HAL_Driver/Inc/stm32wbxx_ll_bus.h ****   __IO uint32_t tmpreg;
1194:Drivers/STM32WBxx_HAL_Driver/Inc/stm32wbxx_ll_bus.h ****   SET_BIT(RCC->APB1SMENR2, Periphs);
1195:Drivers/STM32WBxx_HAL_Driver/Inc/stm32wbxx_ll_bus.h ****   /* Delay after an RCC peripheral clock enabling */
1196:Drivers/STM32WBxx_HAL_Driver/Inc/stm32wbxx_ll_bus.h ****   tmpreg = READ_BIT(RCC->APB1SMENR2, Periphs);
1197:Drivers/STM32WBxx_HAL_Driver/Inc/stm32wbxx_ll_bus.h ****   (void)tmpreg;
1198:Drivers/STM32WBxx_HAL_Driver/Inc/stm32wbxx_ll_bus.h **** }
1199:Drivers/STM32WBxx_HAL_Driver/Inc/stm32wbxx_ll_bus.h **** 
1200:Drivers/STM32WBxx_HAL_Driver/Inc/stm32wbxx_ll_bus.h **** /**
1201:Drivers/STM32WBxx_HAL_Driver/Inc/stm32wbxx_ll_bus.h ****   * @brief  Disable APB1 peripherals clock during Low Power (Sleep) mode.
1202:Drivers/STM32WBxx_HAL_Driver/Inc/stm32wbxx_ll_bus.h ****   * @rmtoll APB1SMENR1   TIM2SMEN      LL_APB1_GRP1_DisableClockSleep\n
1203:Drivers/STM32WBxx_HAL_Driver/Inc/stm32wbxx_ll_bus.h ****   *         APB1SMENR1   LCDSMEN       LL_APB1_GRP1_DisableClockSleep\n
1204:Drivers/STM32WBxx_HAL_Driver/Inc/stm32wbxx_ll_bus.h ****   *         APB1SMENR1   RTCAPBSMEN    LL_APB1_GRP1_DisableClockSleep\n
1205:Drivers/STM32WBxx_HAL_Driver/Inc/stm32wbxx_ll_bus.h ****   *         APB1SMENR1   WWDGSMEN      LL_APB1_GRP1_DisableClockSleep\n
1206:Drivers/STM32WBxx_HAL_Driver/Inc/stm32wbxx_ll_bus.h ****   *         APB1SMENR1   SPI2SMEN      LL_APB1_GRP1_DisableClockSleep\n
1207:Drivers/STM32WBxx_HAL_Driver/Inc/stm32wbxx_ll_bus.h ****   *         APB1SMENR1   I2C1SMEN      LL_APB1_GRP1_DisableClockSleep\n
1208:Drivers/STM32WBxx_HAL_Driver/Inc/stm32wbxx_ll_bus.h ****   *         APB1SMENR1   I2C3SMEN      LL_APB1_GRP1_DisableClockSleep\n
1209:Drivers/STM32WBxx_HAL_Driver/Inc/stm32wbxx_ll_bus.h ****   *         APB1SMENR1   CRSSMEN       LL_APB1_GRP1_DisableClockSleep\n
1210:Drivers/STM32WBxx_HAL_Driver/Inc/stm32wbxx_ll_bus.h ****   *         APB1SMENR1   USBSMEN       LL_APB1_GRP1_DisableClockSleep\n
1211:Drivers/STM32WBxx_HAL_Driver/Inc/stm32wbxx_ll_bus.h ****   *         APB1SMENR1   LPTIM1SMEN    LL_APB1_GRP1_DisableClockSleep
1212:Drivers/STM32WBxx_HAL_Driver/Inc/stm32wbxx_ll_bus.h ****   * @param  Periphs This parameter can be a combination of the following values:
1213:Drivers/STM32WBxx_HAL_Driver/Inc/stm32wbxx_ll_bus.h ****   *         @arg @ref LL_APB1_GRP1_PERIPH_TIM2
1214:Drivers/STM32WBxx_HAL_Driver/Inc/stm32wbxx_ll_bus.h ****   *         @arg @ref LL_APB1_GRP1_PERIPH_LCD (*)
1215:Drivers/STM32WBxx_HAL_Driver/Inc/stm32wbxx_ll_bus.h ****   *         @arg @ref LL_APB1_GRP1_PERIPH_RTCAPB
1216:Drivers/STM32WBxx_HAL_Driver/Inc/stm32wbxx_ll_bus.h ****   *         @arg @ref LL_APB1_GRP1_PERIPH_WWDG
ARM GAS  C:\Users\843E~1\AppData\Local\Temp\ccJpJOBl.s 			page 46


1217:Drivers/STM32WBxx_HAL_Driver/Inc/stm32wbxx_ll_bus.h ****   *         @arg @ref LL_APB1_GRP1_PERIPH_SPI2 (*)
1218:Drivers/STM32WBxx_HAL_Driver/Inc/stm32wbxx_ll_bus.h ****   *         @arg @ref LL_APB1_GRP1_PERIPH_I2C1
1219:Drivers/STM32WBxx_HAL_Driver/Inc/stm32wbxx_ll_bus.h ****   *         @arg @ref LL_APB1_GRP1_PERIPH_I2C3 (*)
1220:Drivers/STM32WBxx_HAL_Driver/Inc/stm32wbxx_ll_bus.h ****   *         @arg @ref LL_APB1_GRP1_PERIPH_CRS (*)
1221:Drivers/STM32WBxx_HAL_Driver/Inc/stm32wbxx_ll_bus.h ****   *         @arg @ref LL_APB1_GRP1_PERIPH_USB (*)
1222:Drivers/STM32WBxx_HAL_Driver/Inc/stm32wbxx_ll_bus.h ****   *         @arg @ref LL_APB1_GRP1_PERIPH_LPTIM1
1223:Drivers/STM32WBxx_HAL_Driver/Inc/stm32wbxx_ll_bus.h ****   * @note  (*) Not supported by all the devices
1224:Drivers/STM32WBxx_HAL_Driver/Inc/stm32wbxx_ll_bus.h ****   * @retval None
1225:Drivers/STM32WBxx_HAL_Driver/Inc/stm32wbxx_ll_bus.h ****   */
1226:Drivers/STM32WBxx_HAL_Driver/Inc/stm32wbxx_ll_bus.h **** __STATIC_INLINE void LL_APB1_GRP1_DisableClockSleep(uint32_t Periphs)
1227:Drivers/STM32WBxx_HAL_Driver/Inc/stm32wbxx_ll_bus.h **** {
1228:Drivers/STM32WBxx_HAL_Driver/Inc/stm32wbxx_ll_bus.h ****   CLEAR_BIT(RCC->APB1SMENR1, Periphs);
1229:Drivers/STM32WBxx_HAL_Driver/Inc/stm32wbxx_ll_bus.h **** }
1230:Drivers/STM32WBxx_HAL_Driver/Inc/stm32wbxx_ll_bus.h **** 
1231:Drivers/STM32WBxx_HAL_Driver/Inc/stm32wbxx_ll_bus.h **** /**
1232:Drivers/STM32WBxx_HAL_Driver/Inc/stm32wbxx_ll_bus.h ****   * @brief  Disable APB1 peripherals clock during Low Power (Sleep) mode.
1233:Drivers/STM32WBxx_HAL_Driver/Inc/stm32wbxx_ll_bus.h ****   * @rmtoll APB1SMENR2   LPUART1SMEN   LL_APB1_GRP2_DisableClockSleep\n
1234:Drivers/STM32WBxx_HAL_Driver/Inc/stm32wbxx_ll_bus.h ****   *         APB1SMENR2   LPTIM2SMEN    LL_APB1_GRP2_DisableClockSleep
1235:Drivers/STM32WBxx_HAL_Driver/Inc/stm32wbxx_ll_bus.h ****   * @param  Periphs This parameter can be a combination of the following values:
1236:Drivers/STM32WBxx_HAL_Driver/Inc/stm32wbxx_ll_bus.h ****   *         @arg @ref LL_APB1_GRP2_PERIPH_LPUART1 (*)
1237:Drivers/STM32WBxx_HAL_Driver/Inc/stm32wbxx_ll_bus.h ****   *         @arg @ref LL_APB1_GRP2_PERIPH_LPTIM2
1238:Drivers/STM32WBxx_HAL_Driver/Inc/stm32wbxx_ll_bus.h ****   * @note  (*) Not supported by all the devices
1239:Drivers/STM32WBxx_HAL_Driver/Inc/stm32wbxx_ll_bus.h ****   * @retval None
1240:Drivers/STM32WBxx_HAL_Driver/Inc/stm32wbxx_ll_bus.h ****   */
1241:Drivers/STM32WBxx_HAL_Driver/Inc/stm32wbxx_ll_bus.h **** __STATIC_INLINE void LL_APB1_GRP2_DisableClockSleep(uint32_t Periphs)
1242:Drivers/STM32WBxx_HAL_Driver/Inc/stm32wbxx_ll_bus.h **** {
1243:Drivers/STM32WBxx_HAL_Driver/Inc/stm32wbxx_ll_bus.h ****   CLEAR_BIT(RCC->APB1SMENR2, Periphs);
1244:Drivers/STM32WBxx_HAL_Driver/Inc/stm32wbxx_ll_bus.h **** }
1245:Drivers/STM32WBxx_HAL_Driver/Inc/stm32wbxx_ll_bus.h **** 
1246:Drivers/STM32WBxx_HAL_Driver/Inc/stm32wbxx_ll_bus.h **** /**
1247:Drivers/STM32WBxx_HAL_Driver/Inc/stm32wbxx_ll_bus.h ****   * @}
1248:Drivers/STM32WBxx_HAL_Driver/Inc/stm32wbxx_ll_bus.h ****   */
1249:Drivers/STM32WBxx_HAL_Driver/Inc/stm32wbxx_ll_bus.h **** 
1250:Drivers/STM32WBxx_HAL_Driver/Inc/stm32wbxx_ll_bus.h **** /** @defgroup BUS_LL_EF_APB2 APB2
1251:Drivers/STM32WBxx_HAL_Driver/Inc/stm32wbxx_ll_bus.h ****   * @{
1252:Drivers/STM32WBxx_HAL_Driver/Inc/stm32wbxx_ll_bus.h ****   */
1253:Drivers/STM32WBxx_HAL_Driver/Inc/stm32wbxx_ll_bus.h **** 
1254:Drivers/STM32WBxx_HAL_Driver/Inc/stm32wbxx_ll_bus.h **** /**
1255:Drivers/STM32WBxx_HAL_Driver/Inc/stm32wbxx_ll_bus.h ****   * @brief  Enable APB2 peripherals clock.
1256:Drivers/STM32WBxx_HAL_Driver/Inc/stm32wbxx_ll_bus.h ****   * @rmtoll APB2ENR      ADCEN         LL_APB2_GRP1_EnableClock\n
1257:Drivers/STM32WBxx_HAL_Driver/Inc/stm32wbxx_ll_bus.h ****   *         APB2ENR      TIM1EN        LL_APB2_GRP1_EnableClock\n
1258:Drivers/STM32WBxx_HAL_Driver/Inc/stm32wbxx_ll_bus.h ****   *         APB2ENR      SPI1EN        LL_APB2_GRP1_EnableClock\n
1259:Drivers/STM32WBxx_HAL_Driver/Inc/stm32wbxx_ll_bus.h ****   *         APB2ENR      USART1EN      LL_APB2_GRP1_EnableClock\n
1260:Drivers/STM32WBxx_HAL_Driver/Inc/stm32wbxx_ll_bus.h ****   *         APB2ENR      TIM16EN       LL_APB2_GRP1_EnableClock\n
1261:Drivers/STM32WBxx_HAL_Driver/Inc/stm32wbxx_ll_bus.h ****   *         APB2ENR      TIM17EN       LL_APB2_GRP1_EnableClock\n
1262:Drivers/STM32WBxx_HAL_Driver/Inc/stm32wbxx_ll_bus.h ****   *         APB2ENR      SAI1EN        LL_APB2_GRP1_EnableClock
1263:Drivers/STM32WBxx_HAL_Driver/Inc/stm32wbxx_ll_bus.h ****   * @param  Periphs This parameter can be a combination of the following values:
1264:Drivers/STM32WBxx_HAL_Driver/Inc/stm32wbxx_ll_bus.h ****   *         @arg @ref LL_APB2_GRP1_PERIPH_ADC (*)
1265:Drivers/STM32WBxx_HAL_Driver/Inc/stm32wbxx_ll_bus.h ****   *         @arg @ref LL_APB2_GRP1_PERIPH_TIM1
1266:Drivers/STM32WBxx_HAL_Driver/Inc/stm32wbxx_ll_bus.h ****   *         @arg @ref LL_APB2_GRP1_PERIPH_SPI1
1267:Drivers/STM32WBxx_HAL_Driver/Inc/stm32wbxx_ll_bus.h ****   *         @arg @ref LL_APB2_GRP1_PERIPH_USART1
1268:Drivers/STM32WBxx_HAL_Driver/Inc/stm32wbxx_ll_bus.h ****   *         @arg @ref LL_APB2_GRP1_PERIPH_TIM16 (*)
1269:Drivers/STM32WBxx_HAL_Driver/Inc/stm32wbxx_ll_bus.h ****   *         @arg @ref LL_APB2_GRP1_PERIPH_TIM17 (*)
1270:Drivers/STM32WBxx_HAL_Driver/Inc/stm32wbxx_ll_bus.h ****   *         @arg @ref LL_APB2_GRP1_PERIPH_SAI1 (*)
1271:Drivers/STM32WBxx_HAL_Driver/Inc/stm32wbxx_ll_bus.h ****   * @note  (*) Not supported by all the devices
1272:Drivers/STM32WBxx_HAL_Driver/Inc/stm32wbxx_ll_bus.h ****   * @retval None
1273:Drivers/STM32WBxx_HAL_Driver/Inc/stm32wbxx_ll_bus.h ****   */
ARM GAS  C:\Users\843E~1\AppData\Local\Temp\ccJpJOBl.s 			page 47


1274:Drivers/STM32WBxx_HAL_Driver/Inc/stm32wbxx_ll_bus.h **** __STATIC_INLINE void LL_APB2_GRP1_EnableClock(uint32_t Periphs)
1275:Drivers/STM32WBxx_HAL_Driver/Inc/stm32wbxx_ll_bus.h **** {
1276:Drivers/STM32WBxx_HAL_Driver/Inc/stm32wbxx_ll_bus.h ****   __IO uint32_t tmpreg;
1277:Drivers/STM32WBxx_HAL_Driver/Inc/stm32wbxx_ll_bus.h ****   SET_BIT(RCC->APB2ENR, Periphs);
1278:Drivers/STM32WBxx_HAL_Driver/Inc/stm32wbxx_ll_bus.h ****   /* Delay after an RCC peripheral clock enabling */
1279:Drivers/STM32WBxx_HAL_Driver/Inc/stm32wbxx_ll_bus.h ****   tmpreg = READ_BIT(RCC->APB2ENR, Periphs);
1280:Drivers/STM32WBxx_HAL_Driver/Inc/stm32wbxx_ll_bus.h ****   (void)tmpreg;
1281:Drivers/STM32WBxx_HAL_Driver/Inc/stm32wbxx_ll_bus.h **** }
1282:Drivers/STM32WBxx_HAL_Driver/Inc/stm32wbxx_ll_bus.h **** 
1283:Drivers/STM32WBxx_HAL_Driver/Inc/stm32wbxx_ll_bus.h **** /**
1284:Drivers/STM32WBxx_HAL_Driver/Inc/stm32wbxx_ll_bus.h ****   * @brief  Check if APB2 peripheral clock is enabled or not
1285:Drivers/STM32WBxx_HAL_Driver/Inc/stm32wbxx_ll_bus.h ****   * @rmtoll APB2ENR      ADCEN         LL_APB2_GRP1_IsEnabledClock\n
1286:Drivers/STM32WBxx_HAL_Driver/Inc/stm32wbxx_ll_bus.h ****   *         APB2ENR      TIM1EN        LL_APB2_GRP1_IsEnabledClock\n
1287:Drivers/STM32WBxx_HAL_Driver/Inc/stm32wbxx_ll_bus.h ****   *         APB2ENR      SPI1EN        LL_APB2_GRP1_IsEnabledClock\n
1288:Drivers/STM32WBxx_HAL_Driver/Inc/stm32wbxx_ll_bus.h ****   *         APB2ENR      USART1EN      LL_APB2_GRP1_IsEnabledClock\n
1289:Drivers/STM32WBxx_HAL_Driver/Inc/stm32wbxx_ll_bus.h ****   *         APB2ENR      TIM16EN       LL_APB2_GRP1_IsEnabledClock\n
1290:Drivers/STM32WBxx_HAL_Driver/Inc/stm32wbxx_ll_bus.h ****   *         APB2ENR      TIM17EN       LL_APB2_GRP1_IsEnabledClock\n
1291:Drivers/STM32WBxx_HAL_Driver/Inc/stm32wbxx_ll_bus.h ****   *         APB2ENR      SAI1EN        LL_APB2_GRP1_IsEnabledClock
1292:Drivers/STM32WBxx_HAL_Driver/Inc/stm32wbxx_ll_bus.h ****   * @param  Periphs This parameter can be a combination of the following values:
1293:Drivers/STM32WBxx_HAL_Driver/Inc/stm32wbxx_ll_bus.h ****   *         @arg @ref LL_APB2_GRP1_PERIPH_ADC (*)
1294:Drivers/STM32WBxx_HAL_Driver/Inc/stm32wbxx_ll_bus.h ****   *         @arg @ref LL_APB2_GRP1_PERIPH_TIM1
1295:Drivers/STM32WBxx_HAL_Driver/Inc/stm32wbxx_ll_bus.h ****   *         @arg @ref LL_APB2_GRP1_PERIPH_SPI1
1296:Drivers/STM32WBxx_HAL_Driver/Inc/stm32wbxx_ll_bus.h ****   *         @arg @ref LL_APB2_GRP1_PERIPH_USART1
1297:Drivers/STM32WBxx_HAL_Driver/Inc/stm32wbxx_ll_bus.h ****   *         @arg @ref LL_APB2_GRP1_PERIPH_TIM16 (*)
1298:Drivers/STM32WBxx_HAL_Driver/Inc/stm32wbxx_ll_bus.h ****   *         @arg @ref LL_APB2_GRP1_PERIPH_TIM17 (*)
1299:Drivers/STM32WBxx_HAL_Driver/Inc/stm32wbxx_ll_bus.h ****   *         @arg @ref LL_APB2_GRP1_PERIPH_SAI1 (*)
1300:Drivers/STM32WBxx_HAL_Driver/Inc/stm32wbxx_ll_bus.h ****   * @note  (*) Not supported by all the devices
1301:Drivers/STM32WBxx_HAL_Driver/Inc/stm32wbxx_ll_bus.h ****   * @retval uint32_t
1302:Drivers/STM32WBxx_HAL_Driver/Inc/stm32wbxx_ll_bus.h ****   */
1303:Drivers/STM32WBxx_HAL_Driver/Inc/stm32wbxx_ll_bus.h **** __STATIC_INLINE uint32_t LL_APB2_GRP1_IsEnabledClock(uint32_t Periphs)
1304:Drivers/STM32WBxx_HAL_Driver/Inc/stm32wbxx_ll_bus.h **** {
1305:Drivers/STM32WBxx_HAL_Driver/Inc/stm32wbxx_ll_bus.h ****   return ((READ_BIT(RCC->APB2ENR, Periphs) == (Periphs)) ? 1UL : 0UL);
1306:Drivers/STM32WBxx_HAL_Driver/Inc/stm32wbxx_ll_bus.h **** }
1307:Drivers/STM32WBxx_HAL_Driver/Inc/stm32wbxx_ll_bus.h **** 
1308:Drivers/STM32WBxx_HAL_Driver/Inc/stm32wbxx_ll_bus.h **** /**
1309:Drivers/STM32WBxx_HAL_Driver/Inc/stm32wbxx_ll_bus.h ****   * @brief  Disable APB2 peripherals clock.
1310:Drivers/STM32WBxx_HAL_Driver/Inc/stm32wbxx_ll_bus.h ****   * @rmtoll APB2ENR      ADCEN         LL_APB2_GRP1_DisableClock\n
1311:Drivers/STM32WBxx_HAL_Driver/Inc/stm32wbxx_ll_bus.h ****   *         APB2ENR      TIM1EN        LL_APB2_GRP1_DisableClock\n
1312:Drivers/STM32WBxx_HAL_Driver/Inc/stm32wbxx_ll_bus.h ****   *         APB2ENR      SPI1EN        LL_APB2_GRP1_DisableClock\n
1313:Drivers/STM32WBxx_HAL_Driver/Inc/stm32wbxx_ll_bus.h ****   *         APB2ENR      USART1EN      LL_APB2_GRP1_DisableClock\n
1314:Drivers/STM32WBxx_HAL_Driver/Inc/stm32wbxx_ll_bus.h ****   *         APB2ENR      TIM16EN       LL_APB2_GRP1_DisableClock\n
1315:Drivers/STM32WBxx_HAL_Driver/Inc/stm32wbxx_ll_bus.h ****   *         APB2ENR      TIM17EN       LL_APB2_GRP1_DisableClock\n
1316:Drivers/STM32WBxx_HAL_Driver/Inc/stm32wbxx_ll_bus.h ****   *         APB2ENR      SAI1EN        LL_APB2_GRP1_DisableClock
1317:Drivers/STM32WBxx_HAL_Driver/Inc/stm32wbxx_ll_bus.h ****   * @param  Periphs This parameter can be a combination of the following values:
1318:Drivers/STM32WBxx_HAL_Driver/Inc/stm32wbxx_ll_bus.h ****   *         @arg @ref LL_APB2_GRP1_PERIPH_ADC (*)
1319:Drivers/STM32WBxx_HAL_Driver/Inc/stm32wbxx_ll_bus.h ****   *         @arg @ref LL_APB2_GRP1_PERIPH_TIM1
1320:Drivers/STM32WBxx_HAL_Driver/Inc/stm32wbxx_ll_bus.h ****   *         @arg @ref LL_APB2_GRP1_PERIPH_SPI1
1321:Drivers/STM32WBxx_HAL_Driver/Inc/stm32wbxx_ll_bus.h ****   *         @arg @ref LL_APB2_GRP1_PERIPH_USART1
1322:Drivers/STM32WBxx_HAL_Driver/Inc/stm32wbxx_ll_bus.h ****   *         @arg @ref LL_APB2_GRP1_PERIPH_TIM16 (*)
1323:Drivers/STM32WBxx_HAL_Driver/Inc/stm32wbxx_ll_bus.h ****   *         @arg @ref LL_APB2_GRP1_PERIPH_TIM17 (*)
1324:Drivers/STM32WBxx_HAL_Driver/Inc/stm32wbxx_ll_bus.h ****   *         @arg @ref LL_APB2_GRP1_PERIPH_SAI1 (*)
1325:Drivers/STM32WBxx_HAL_Driver/Inc/stm32wbxx_ll_bus.h ****   * @note  (*) Not supported by all the devices
1326:Drivers/STM32WBxx_HAL_Driver/Inc/stm32wbxx_ll_bus.h ****   * @retval None
1327:Drivers/STM32WBxx_HAL_Driver/Inc/stm32wbxx_ll_bus.h ****   */
1328:Drivers/STM32WBxx_HAL_Driver/Inc/stm32wbxx_ll_bus.h **** __STATIC_INLINE void LL_APB2_GRP1_DisableClock(uint32_t Periphs)
1329:Drivers/STM32WBxx_HAL_Driver/Inc/stm32wbxx_ll_bus.h **** {
1330:Drivers/STM32WBxx_HAL_Driver/Inc/stm32wbxx_ll_bus.h ****   CLEAR_BIT(RCC->APB2ENR, Periphs);
ARM GAS  C:\Users\843E~1\AppData\Local\Temp\ccJpJOBl.s 			page 48


1331:Drivers/STM32WBxx_HAL_Driver/Inc/stm32wbxx_ll_bus.h **** }
1332:Drivers/STM32WBxx_HAL_Driver/Inc/stm32wbxx_ll_bus.h **** 
1333:Drivers/STM32WBxx_HAL_Driver/Inc/stm32wbxx_ll_bus.h **** /**
1334:Drivers/STM32WBxx_HAL_Driver/Inc/stm32wbxx_ll_bus.h ****   * @brief  Force APB2 peripherals reset.
1335:Drivers/STM32WBxx_HAL_Driver/Inc/stm32wbxx_ll_bus.h ****   * @rmtoll APB2RSTR     ADCRST        LL_APB2_GRP1_ForceReset\n
1336:Drivers/STM32WBxx_HAL_Driver/Inc/stm32wbxx_ll_bus.h ****   *         APB2RSTR     TIM1RST       LL_APB2_GRP1_ForceReset\n
1337:Drivers/STM32WBxx_HAL_Driver/Inc/stm32wbxx_ll_bus.h ****   *         APB2RSTR     SPI1RST       LL_APB2_GRP1_ForceReset\n
1338:Drivers/STM32WBxx_HAL_Driver/Inc/stm32wbxx_ll_bus.h ****   *         APB2RSTR     USART1RST     LL_APB2_GRP1_ForceReset\n
1339:Drivers/STM32WBxx_HAL_Driver/Inc/stm32wbxx_ll_bus.h ****   *         APB2RSTR     TIM16RST      LL_APB2_GRP1_ForceReset\n
1340:Drivers/STM32WBxx_HAL_Driver/Inc/stm32wbxx_ll_bus.h ****   *         APB2RSTR     TIM17RST      LL_APB2_GRP1_ForceReset\n
1341:Drivers/STM32WBxx_HAL_Driver/Inc/stm32wbxx_ll_bus.h ****   *         APB2RSTR     SAI1RST       LL_APB2_GRP1_ForceReset
1342:Drivers/STM32WBxx_HAL_Driver/Inc/stm32wbxx_ll_bus.h ****   * @param  Periphs This parameter can be a combination of the following values:
1343:Drivers/STM32WBxx_HAL_Driver/Inc/stm32wbxx_ll_bus.h ****   *         @arg @ref LL_APB2_GRP1_PERIPH_ALL
1344:Drivers/STM32WBxx_HAL_Driver/Inc/stm32wbxx_ll_bus.h ****   *         @arg @ref LL_APB2_GRP1_PERIPH_ADC (*)
1345:Drivers/STM32WBxx_HAL_Driver/Inc/stm32wbxx_ll_bus.h ****   *         @arg @ref LL_APB2_GRP1_PERIPH_TIM1
1346:Drivers/STM32WBxx_HAL_Driver/Inc/stm32wbxx_ll_bus.h ****   *         @arg @ref LL_APB2_GRP1_PERIPH_SPI1
1347:Drivers/STM32WBxx_HAL_Driver/Inc/stm32wbxx_ll_bus.h ****   *         @arg @ref LL_APB2_GRP1_PERIPH_USART1
1348:Drivers/STM32WBxx_HAL_Driver/Inc/stm32wbxx_ll_bus.h ****   *         @arg @ref LL_APB2_GRP1_PERIPH_TIM16 (*)
1349:Drivers/STM32WBxx_HAL_Driver/Inc/stm32wbxx_ll_bus.h ****   *         @arg @ref LL_APB2_GRP1_PERIPH_TIM17 (*)
1350:Drivers/STM32WBxx_HAL_Driver/Inc/stm32wbxx_ll_bus.h ****   *         @arg @ref LL_APB2_GRP1_PERIPH_SAI1 (*)
1351:Drivers/STM32WBxx_HAL_Driver/Inc/stm32wbxx_ll_bus.h ****   * @note  (*) Not supported by all the devices
1352:Drivers/STM32WBxx_HAL_Driver/Inc/stm32wbxx_ll_bus.h ****   * @retval None
1353:Drivers/STM32WBxx_HAL_Driver/Inc/stm32wbxx_ll_bus.h ****   */
1354:Drivers/STM32WBxx_HAL_Driver/Inc/stm32wbxx_ll_bus.h **** __STATIC_INLINE void LL_APB2_GRP1_ForceReset(uint32_t Periphs)
1355:Drivers/STM32WBxx_HAL_Driver/Inc/stm32wbxx_ll_bus.h **** {
1356:Drivers/STM32WBxx_HAL_Driver/Inc/stm32wbxx_ll_bus.h ****   SET_BIT(RCC->APB2RSTR, Periphs);
1357:Drivers/STM32WBxx_HAL_Driver/Inc/stm32wbxx_ll_bus.h **** }
1358:Drivers/STM32WBxx_HAL_Driver/Inc/stm32wbxx_ll_bus.h **** 
1359:Drivers/STM32WBxx_HAL_Driver/Inc/stm32wbxx_ll_bus.h **** /**
1360:Drivers/STM32WBxx_HAL_Driver/Inc/stm32wbxx_ll_bus.h ****   * @brief  Release APB2 peripherals reset.
1361:Drivers/STM32WBxx_HAL_Driver/Inc/stm32wbxx_ll_bus.h ****   * @rmtoll APB2RSTR     ADCRST        LL_APB2_GRP1_ReleaseReset\n
1362:Drivers/STM32WBxx_HAL_Driver/Inc/stm32wbxx_ll_bus.h ****   *         APB2RSTR     TIM1RST       LL_APB2_GRP1_ReleaseReset\n
1363:Drivers/STM32WBxx_HAL_Driver/Inc/stm32wbxx_ll_bus.h ****   *         APB2RSTR     SPI1RST       LL_APB2_GRP1_ReleaseReset\n
1364:Drivers/STM32WBxx_HAL_Driver/Inc/stm32wbxx_ll_bus.h ****   *         APB2RSTR     USART1RST     LL_APB2_GRP1_ReleaseReset\n
1365:Drivers/STM32WBxx_HAL_Driver/Inc/stm32wbxx_ll_bus.h ****   *         APB2RSTR     TIM16RST      LL_APB2_GRP1_ReleaseReset\n
1366:Drivers/STM32WBxx_HAL_Driver/Inc/stm32wbxx_ll_bus.h ****   *         APB2RSTR     TIM17RST      LL_APB2_GRP1_ReleaseReset\n
1367:Drivers/STM32WBxx_HAL_Driver/Inc/stm32wbxx_ll_bus.h ****   *         APB2RSTR     SAI1RST       LL_APB2_GRP1_ReleaseReset
1368:Drivers/STM32WBxx_HAL_Driver/Inc/stm32wbxx_ll_bus.h ****   * @param  Periphs This parameter can be a combination of the following values:
1369:Drivers/STM32WBxx_HAL_Driver/Inc/stm32wbxx_ll_bus.h ****   *         @arg @ref LL_APB2_GRP1_PERIPH_ALL
1370:Drivers/STM32WBxx_HAL_Driver/Inc/stm32wbxx_ll_bus.h ****   *         @arg @ref LL_APB2_GRP1_PERIPH_ADC (*)
1371:Drivers/STM32WBxx_HAL_Driver/Inc/stm32wbxx_ll_bus.h ****   *         @arg @ref LL_APB2_GRP1_PERIPH_TIM1
1372:Drivers/STM32WBxx_HAL_Driver/Inc/stm32wbxx_ll_bus.h ****   *         @arg @ref LL_APB2_GRP1_PERIPH_SPI1
1373:Drivers/STM32WBxx_HAL_Driver/Inc/stm32wbxx_ll_bus.h ****   *         @arg @ref LL_APB2_GRP1_PERIPH_USART1
1374:Drivers/STM32WBxx_HAL_Driver/Inc/stm32wbxx_ll_bus.h ****   *         @arg @ref LL_APB2_GRP1_PERIPH_TIM16 (*)
1375:Drivers/STM32WBxx_HAL_Driver/Inc/stm32wbxx_ll_bus.h ****   *         @arg @ref LL_APB2_GRP1_PERIPH_TIM17 (*)
1376:Drivers/STM32WBxx_HAL_Driver/Inc/stm32wbxx_ll_bus.h ****   *         @arg @ref LL_APB2_GRP1_PERIPH_SAI1 (*)
1377:Drivers/STM32WBxx_HAL_Driver/Inc/stm32wbxx_ll_bus.h ****   * @note  (*) Not supported by all the devices
1378:Drivers/STM32WBxx_HAL_Driver/Inc/stm32wbxx_ll_bus.h ****   * @retval None
1379:Drivers/STM32WBxx_HAL_Driver/Inc/stm32wbxx_ll_bus.h ****   */
1380:Drivers/STM32WBxx_HAL_Driver/Inc/stm32wbxx_ll_bus.h **** __STATIC_INLINE void LL_APB2_GRP1_ReleaseReset(uint32_t Periphs)
1381:Drivers/STM32WBxx_HAL_Driver/Inc/stm32wbxx_ll_bus.h **** {
1382:Drivers/STM32WBxx_HAL_Driver/Inc/stm32wbxx_ll_bus.h ****   CLEAR_BIT(RCC->APB2RSTR, Periphs);
1383:Drivers/STM32WBxx_HAL_Driver/Inc/stm32wbxx_ll_bus.h **** }
1384:Drivers/STM32WBxx_HAL_Driver/Inc/stm32wbxx_ll_bus.h **** 
1385:Drivers/STM32WBxx_HAL_Driver/Inc/stm32wbxx_ll_bus.h **** /**
1386:Drivers/STM32WBxx_HAL_Driver/Inc/stm32wbxx_ll_bus.h ****   * @brief  Enable APB2 peripherals clock during Low Power (Sleep) mode.
1387:Drivers/STM32WBxx_HAL_Driver/Inc/stm32wbxx_ll_bus.h ****   * @rmtoll APB2SMENR    ADCSMEN       LL_APB2_GRP1_EnableClockSleep\n
ARM GAS  C:\Users\843E~1\AppData\Local\Temp\ccJpJOBl.s 			page 49


1388:Drivers/STM32WBxx_HAL_Driver/Inc/stm32wbxx_ll_bus.h ****   *         APB2SMENR    TIM1SMEN      LL_APB2_GRP1_EnableClockSleep\n
1389:Drivers/STM32WBxx_HAL_Driver/Inc/stm32wbxx_ll_bus.h ****   *         APB2SMENR    SPI1SMEN      LL_APB2_GRP1_EnableClockSleep\n
1390:Drivers/STM32WBxx_HAL_Driver/Inc/stm32wbxx_ll_bus.h ****   *         APB2SMENR    USART1SMEN    LL_APB2_GRP1_EnableClockSleep\n
1391:Drivers/STM32WBxx_HAL_Driver/Inc/stm32wbxx_ll_bus.h ****   *         APB2SMENR    TIM16SMEN     LL_APB2_GRP1_EnableClockSleep\n
1392:Drivers/STM32WBxx_HAL_Driver/Inc/stm32wbxx_ll_bus.h ****   *         APB2SMENR    TIM17SMEN     LL_APB2_GRP1_EnableClockSleep\n
1393:Drivers/STM32WBxx_HAL_Driver/Inc/stm32wbxx_ll_bus.h ****   *         APB2SMENR    SAI1SMEN      LL_APB2_GRP1_EnableClockSleep
1394:Drivers/STM32WBxx_HAL_Driver/Inc/stm32wbxx_ll_bus.h ****   * @param  Periphs This parameter can be a combination of the following values:
1395:Drivers/STM32WBxx_HAL_Driver/Inc/stm32wbxx_ll_bus.h ****   *         @arg @ref LL_APB2_GRP1_PERIPH_ADC (*)
1396:Drivers/STM32WBxx_HAL_Driver/Inc/stm32wbxx_ll_bus.h ****   *         @arg @ref LL_APB2_GRP1_PERIPH_TIM1
1397:Drivers/STM32WBxx_HAL_Driver/Inc/stm32wbxx_ll_bus.h ****   *         @arg @ref LL_APB2_GRP1_PERIPH_SPI1
1398:Drivers/STM32WBxx_HAL_Driver/Inc/stm32wbxx_ll_bus.h ****   *         @arg @ref LL_APB2_GRP1_PERIPH_USART1
1399:Drivers/STM32WBxx_HAL_Driver/Inc/stm32wbxx_ll_bus.h ****   *         @arg @ref LL_APB2_GRP1_PERIPH_TIM16 (*)
1400:Drivers/STM32WBxx_HAL_Driver/Inc/stm32wbxx_ll_bus.h ****   *         @arg @ref LL_APB2_GRP1_PERIPH_TIM17 (*)
1401:Drivers/STM32WBxx_HAL_Driver/Inc/stm32wbxx_ll_bus.h ****   *         @arg @ref LL_APB2_GRP1_PERIPH_SAI1 (*)
1402:Drivers/STM32WBxx_HAL_Driver/Inc/stm32wbxx_ll_bus.h ****   * @note  (*) Not supported by all the devices
1403:Drivers/STM32WBxx_HAL_Driver/Inc/stm32wbxx_ll_bus.h ****   * @retval None
1404:Drivers/STM32WBxx_HAL_Driver/Inc/stm32wbxx_ll_bus.h ****   */
1405:Drivers/STM32WBxx_HAL_Driver/Inc/stm32wbxx_ll_bus.h **** __STATIC_INLINE void LL_APB2_GRP1_EnableClockSleep(uint32_t Periphs)
1406:Drivers/STM32WBxx_HAL_Driver/Inc/stm32wbxx_ll_bus.h **** {
1407:Drivers/STM32WBxx_HAL_Driver/Inc/stm32wbxx_ll_bus.h ****   __IO uint32_t tmpreg;
1408:Drivers/STM32WBxx_HAL_Driver/Inc/stm32wbxx_ll_bus.h ****   SET_BIT(RCC->APB2SMENR, Periphs);
1409:Drivers/STM32WBxx_HAL_Driver/Inc/stm32wbxx_ll_bus.h ****   /* Delay after an RCC peripheral clock enabling */
1410:Drivers/STM32WBxx_HAL_Driver/Inc/stm32wbxx_ll_bus.h ****   tmpreg = READ_BIT(RCC->APB2SMENR, Periphs);
1411:Drivers/STM32WBxx_HAL_Driver/Inc/stm32wbxx_ll_bus.h ****   (void)tmpreg;
1412:Drivers/STM32WBxx_HAL_Driver/Inc/stm32wbxx_ll_bus.h **** }
1413:Drivers/STM32WBxx_HAL_Driver/Inc/stm32wbxx_ll_bus.h **** 
1414:Drivers/STM32WBxx_HAL_Driver/Inc/stm32wbxx_ll_bus.h **** /**
1415:Drivers/STM32WBxx_HAL_Driver/Inc/stm32wbxx_ll_bus.h ****   * @brief  Disable APB2 peripherals clock during Low Power (Sleep) mode.
1416:Drivers/STM32WBxx_HAL_Driver/Inc/stm32wbxx_ll_bus.h ****   * @rmtoll APB2SMENR    ADCSMEN       LL_APB2_GRP1_DisableClockSleep\n
1417:Drivers/STM32WBxx_HAL_Driver/Inc/stm32wbxx_ll_bus.h ****   *         APB2SMENR    TIM1SMEN      LL_APB2_GRP1_DisableClockSleep\n
1418:Drivers/STM32WBxx_HAL_Driver/Inc/stm32wbxx_ll_bus.h ****   *         APB2SMENR    SPI1SMEN      LL_APB2_GRP1_DisableClockSleep\n
1419:Drivers/STM32WBxx_HAL_Driver/Inc/stm32wbxx_ll_bus.h ****   *         APB2SMENR    USART1SMEN    LL_APB2_GRP1_DisableClockSleep\n
1420:Drivers/STM32WBxx_HAL_Driver/Inc/stm32wbxx_ll_bus.h ****   *         APB2SMENR    TIM16SMEN     LL_APB2_GRP1_DisableClockSleep\n
1421:Drivers/STM32WBxx_HAL_Driver/Inc/stm32wbxx_ll_bus.h ****   *         APB2SMENR    TIM17SMEN     LL_APB2_GRP1_DisableClockSleep\n
1422:Drivers/STM32WBxx_HAL_Driver/Inc/stm32wbxx_ll_bus.h ****   *         APB2SMENR    SAI1SMEN      LL_APB2_GRP1_DisableClockSleep
1423:Drivers/STM32WBxx_HAL_Driver/Inc/stm32wbxx_ll_bus.h ****   * @param  Periphs This parameter can be a combination of the following values:
1424:Drivers/STM32WBxx_HAL_Driver/Inc/stm32wbxx_ll_bus.h ****   *         @arg @ref LL_APB2_GRP1_PERIPH_ADC (*)
1425:Drivers/STM32WBxx_HAL_Driver/Inc/stm32wbxx_ll_bus.h ****   *         @arg @ref LL_APB2_GRP1_PERIPH_TIM1
1426:Drivers/STM32WBxx_HAL_Driver/Inc/stm32wbxx_ll_bus.h ****   *         @arg @ref LL_APB2_GRP1_PERIPH_SPI1
1427:Drivers/STM32WBxx_HAL_Driver/Inc/stm32wbxx_ll_bus.h ****   *         @arg @ref LL_APB2_GRP1_PERIPH_USART1
1428:Drivers/STM32WBxx_HAL_Driver/Inc/stm32wbxx_ll_bus.h ****   *         @arg @ref LL_APB2_GRP1_PERIPH_TIM16 (*)
1429:Drivers/STM32WBxx_HAL_Driver/Inc/stm32wbxx_ll_bus.h ****   *         @arg @ref LL_APB2_GRP1_PERIPH_TIM17 (*)
1430:Drivers/STM32WBxx_HAL_Driver/Inc/stm32wbxx_ll_bus.h ****   *         @arg @ref LL_APB2_GRP1_PERIPH_SAI1 (*)
1431:Drivers/STM32WBxx_HAL_Driver/Inc/stm32wbxx_ll_bus.h ****   * @note  (*) Not supported by all the devices
1432:Drivers/STM32WBxx_HAL_Driver/Inc/stm32wbxx_ll_bus.h ****   * @retval None
1433:Drivers/STM32WBxx_HAL_Driver/Inc/stm32wbxx_ll_bus.h ****   */
1434:Drivers/STM32WBxx_HAL_Driver/Inc/stm32wbxx_ll_bus.h **** __STATIC_INLINE void LL_APB2_GRP1_DisableClockSleep(uint32_t Periphs)
1435:Drivers/STM32WBxx_HAL_Driver/Inc/stm32wbxx_ll_bus.h **** {
1436:Drivers/STM32WBxx_HAL_Driver/Inc/stm32wbxx_ll_bus.h ****   CLEAR_BIT(RCC->APB2SMENR, Periphs);
1437:Drivers/STM32WBxx_HAL_Driver/Inc/stm32wbxx_ll_bus.h **** }
1438:Drivers/STM32WBxx_HAL_Driver/Inc/stm32wbxx_ll_bus.h **** 
1439:Drivers/STM32WBxx_HAL_Driver/Inc/stm32wbxx_ll_bus.h **** /**
1440:Drivers/STM32WBxx_HAL_Driver/Inc/stm32wbxx_ll_bus.h ****   * @}
1441:Drivers/STM32WBxx_HAL_Driver/Inc/stm32wbxx_ll_bus.h ****   */
1442:Drivers/STM32WBxx_HAL_Driver/Inc/stm32wbxx_ll_bus.h **** 
1443:Drivers/STM32WBxx_HAL_Driver/Inc/stm32wbxx_ll_bus.h **** /** @defgroup BUS_LL_EF_APB3 APB3
1444:Drivers/STM32WBxx_HAL_Driver/Inc/stm32wbxx_ll_bus.h ****   * @{
ARM GAS  C:\Users\843E~1\AppData\Local\Temp\ccJpJOBl.s 			page 50


1445:Drivers/STM32WBxx_HAL_Driver/Inc/stm32wbxx_ll_bus.h ****   */
1446:Drivers/STM32WBxx_HAL_Driver/Inc/stm32wbxx_ll_bus.h **** 
1447:Drivers/STM32WBxx_HAL_Driver/Inc/stm32wbxx_ll_bus.h **** /**
1448:Drivers/STM32WBxx_HAL_Driver/Inc/stm32wbxx_ll_bus.h ****   * @brief  Force APB3 peripherals reset.
1449:Drivers/STM32WBxx_HAL_Driver/Inc/stm32wbxx_ll_bus.h ****   * @rmtoll APB3RSTR     RFRST        LL_APB3_GRP1_ForceReset
1450:Drivers/STM32WBxx_HAL_Driver/Inc/stm32wbxx_ll_bus.h ****   * @param  Periphs This parameter can be a combination of the following values:
1451:Drivers/STM32WBxx_HAL_Driver/Inc/stm32wbxx_ll_bus.h ****   *         @arg @ref LL_APB3_GRP1_PERIPH_RF
1452:Drivers/STM32WBxx_HAL_Driver/Inc/stm32wbxx_ll_bus.h ****   * @retval None
1453:Drivers/STM32WBxx_HAL_Driver/Inc/stm32wbxx_ll_bus.h ****   */
1454:Drivers/STM32WBxx_HAL_Driver/Inc/stm32wbxx_ll_bus.h **** __STATIC_INLINE void LL_APB3_GRP1_ForceReset(uint32_t Periphs)
1455:Drivers/STM32WBxx_HAL_Driver/Inc/stm32wbxx_ll_bus.h **** {
1456:Drivers/STM32WBxx_HAL_Driver/Inc/stm32wbxx_ll_bus.h ****   SET_BIT(RCC->APB3RSTR, Periphs);
1457:Drivers/STM32WBxx_HAL_Driver/Inc/stm32wbxx_ll_bus.h **** }
1458:Drivers/STM32WBxx_HAL_Driver/Inc/stm32wbxx_ll_bus.h **** 
1459:Drivers/STM32WBxx_HAL_Driver/Inc/stm32wbxx_ll_bus.h **** /**
1460:Drivers/STM32WBxx_HAL_Driver/Inc/stm32wbxx_ll_bus.h ****   * @brief  Release APB3 peripherals reset.
1461:Drivers/STM32WBxx_HAL_Driver/Inc/stm32wbxx_ll_bus.h ****   * @rmtoll APB3RSTR     RFRST        LL_APB3_GRP1_ReleaseReset
1462:Drivers/STM32WBxx_HAL_Driver/Inc/stm32wbxx_ll_bus.h ****   * @param  Periphs This parameter can be a combination of the following values:
1463:Drivers/STM32WBxx_HAL_Driver/Inc/stm32wbxx_ll_bus.h ****   *         @arg @ref LL_APB3_GRP1_PERIPH_RF
1464:Drivers/STM32WBxx_HAL_Driver/Inc/stm32wbxx_ll_bus.h ****   * @retval None
1465:Drivers/STM32WBxx_HAL_Driver/Inc/stm32wbxx_ll_bus.h ****   */
1466:Drivers/STM32WBxx_HAL_Driver/Inc/stm32wbxx_ll_bus.h **** __STATIC_INLINE void LL_APB3_GRP1_ReleaseReset(uint32_t Periphs)
1467:Drivers/STM32WBxx_HAL_Driver/Inc/stm32wbxx_ll_bus.h **** {
1468:Drivers/STM32WBxx_HAL_Driver/Inc/stm32wbxx_ll_bus.h ****   CLEAR_BIT(RCC->APB3RSTR, Periphs);
1469:Drivers/STM32WBxx_HAL_Driver/Inc/stm32wbxx_ll_bus.h **** }
1470:Drivers/STM32WBxx_HAL_Driver/Inc/stm32wbxx_ll_bus.h **** 
1471:Drivers/STM32WBxx_HAL_Driver/Inc/stm32wbxx_ll_bus.h **** /**
1472:Drivers/STM32WBxx_HAL_Driver/Inc/stm32wbxx_ll_bus.h ****   * @}
1473:Drivers/STM32WBxx_HAL_Driver/Inc/stm32wbxx_ll_bus.h ****   */
1474:Drivers/STM32WBxx_HAL_Driver/Inc/stm32wbxx_ll_bus.h **** 
1475:Drivers/STM32WBxx_HAL_Driver/Inc/stm32wbxx_ll_bus.h **** /** @defgroup BUS_LL_EF_C2_AHB1 C2 AHB1
1476:Drivers/STM32WBxx_HAL_Driver/Inc/stm32wbxx_ll_bus.h ****   * @{
1477:Drivers/STM32WBxx_HAL_Driver/Inc/stm32wbxx_ll_bus.h ****   */
1478:Drivers/STM32WBxx_HAL_Driver/Inc/stm32wbxx_ll_bus.h **** /**
1479:Drivers/STM32WBxx_HAL_Driver/Inc/stm32wbxx_ll_bus.h ****   * @brief  Enable C2AHB1 peripherals clock.
1480:Drivers/STM32WBxx_HAL_Driver/Inc/stm32wbxx_ll_bus.h ****   * @rmtoll C2AHB1ENR    DMA1EN        LL_C2_AHB1_GRP1_EnableClock\n
1481:Drivers/STM32WBxx_HAL_Driver/Inc/stm32wbxx_ll_bus.h ****   *         C2AHB1ENR    DMA2EN        LL_C2_AHB1_GRP1_EnableClock\n
1482:Drivers/STM32WBxx_HAL_Driver/Inc/stm32wbxx_ll_bus.h ****   *         C2AHB1ENR    DMAMUX1EN     LL_C2_AHB1_GRP1_EnableClock\n
1483:Drivers/STM32WBxx_HAL_Driver/Inc/stm32wbxx_ll_bus.h ****   *         C2AHB1ENR    SRAM1EN       LL_C2_AHB1_GRP1_EnableClock\n
1484:Drivers/STM32WBxx_HAL_Driver/Inc/stm32wbxx_ll_bus.h ****   *         C2AHB1ENR    CRCEN         LL_C2_AHB1_GRP1_EnableClock\n
1485:Drivers/STM32WBxx_HAL_Driver/Inc/stm32wbxx_ll_bus.h ****   *         C2AHB1ENR    TSCEN         LL_C2_AHB1_GRP1_EnableClock
1486:Drivers/STM32WBxx_HAL_Driver/Inc/stm32wbxx_ll_bus.h ****   * @param  Periphs This parameter can be a combination of the following values:
1487:Drivers/STM32WBxx_HAL_Driver/Inc/stm32wbxx_ll_bus.h ****   *         @arg @ref LL_C2_AHB1_GRP1_PERIPH_DMA1
1488:Drivers/STM32WBxx_HAL_Driver/Inc/stm32wbxx_ll_bus.h ****   *         @arg @ref LL_C2_AHB1_GRP1_PERIPH_DMA2 (*)
1489:Drivers/STM32WBxx_HAL_Driver/Inc/stm32wbxx_ll_bus.h ****   *         @arg @ref LL_C2_AHB1_GRP1_PERIPH_DMAMUX1
1490:Drivers/STM32WBxx_HAL_Driver/Inc/stm32wbxx_ll_bus.h ****   *         @arg @ref LL_C2_AHB1_GRP1_PERIPH_SRAM1
1491:Drivers/STM32WBxx_HAL_Driver/Inc/stm32wbxx_ll_bus.h ****   *         @arg @ref LL_C2_AHB1_GRP1_PERIPH_CRC
1492:Drivers/STM32WBxx_HAL_Driver/Inc/stm32wbxx_ll_bus.h ****   *         @arg @ref LL_C2_AHB1_GRP1_PERIPH_TSC
1493:Drivers/STM32WBxx_HAL_Driver/Inc/stm32wbxx_ll_bus.h ****   * @note  (*) Not supported by all the devices
1494:Drivers/STM32WBxx_HAL_Driver/Inc/stm32wbxx_ll_bus.h ****   * @retval None
1495:Drivers/STM32WBxx_HAL_Driver/Inc/stm32wbxx_ll_bus.h ****   */
1496:Drivers/STM32WBxx_HAL_Driver/Inc/stm32wbxx_ll_bus.h **** 
1497:Drivers/STM32WBxx_HAL_Driver/Inc/stm32wbxx_ll_bus.h **** __STATIC_INLINE void LL_C2_AHB1_GRP1_EnableClock(uint32_t Periphs)
1498:Drivers/STM32WBxx_HAL_Driver/Inc/stm32wbxx_ll_bus.h **** {
1499:Drivers/STM32WBxx_HAL_Driver/Inc/stm32wbxx_ll_bus.h ****   __IO uint32_t tmpreg;
1500:Drivers/STM32WBxx_HAL_Driver/Inc/stm32wbxx_ll_bus.h ****   SET_BIT(RCC->C2AHB1ENR, Periphs);
1501:Drivers/STM32WBxx_HAL_Driver/Inc/stm32wbxx_ll_bus.h ****   /* Delay after an RCC peripheral clock enabling */
ARM GAS  C:\Users\843E~1\AppData\Local\Temp\ccJpJOBl.s 			page 51


1502:Drivers/STM32WBxx_HAL_Driver/Inc/stm32wbxx_ll_bus.h ****   tmpreg = READ_BIT(RCC->C2AHB1ENR, Periphs);
1503:Drivers/STM32WBxx_HAL_Driver/Inc/stm32wbxx_ll_bus.h ****   (void)tmpreg;
1504:Drivers/STM32WBxx_HAL_Driver/Inc/stm32wbxx_ll_bus.h **** }
1505:Drivers/STM32WBxx_HAL_Driver/Inc/stm32wbxx_ll_bus.h **** 
1506:Drivers/STM32WBxx_HAL_Driver/Inc/stm32wbxx_ll_bus.h **** /**
1507:Drivers/STM32WBxx_HAL_Driver/Inc/stm32wbxx_ll_bus.h ****   * @brief  Check if C2AHB1 peripheral clock is enabled or not
1508:Drivers/STM32WBxx_HAL_Driver/Inc/stm32wbxx_ll_bus.h ****   * @rmtoll C2AHB1ENR    DMA1EN        LL_C2_AHB1_GRP1_IsEnabledClock\n
1509:Drivers/STM32WBxx_HAL_Driver/Inc/stm32wbxx_ll_bus.h ****   *         C2AHB1ENR    DMA2EN        LL_C2_AHB1_GRP1_IsEnabledClock\n
1510:Drivers/STM32WBxx_HAL_Driver/Inc/stm32wbxx_ll_bus.h ****   *         C2AHB1ENR    DMAMUX1EN     LL_C2_AHB1_GRP1_IsEnabledClock\n
1511:Drivers/STM32WBxx_HAL_Driver/Inc/stm32wbxx_ll_bus.h ****   *         C2AHB1ENR    SRAM1EN       LL_C2_AHB1_GRP1_IsEnabledClock\n
1512:Drivers/STM32WBxx_HAL_Driver/Inc/stm32wbxx_ll_bus.h ****   *         C2AHB1ENR    CRCEN         LL_C2_AHB1_GRP1_IsEnabledClock\n
1513:Drivers/STM32WBxx_HAL_Driver/Inc/stm32wbxx_ll_bus.h ****   *         C2AHB1ENR    TSCEN         LL_C2_AHB1_GRP1_IsEnabledClock
1514:Drivers/STM32WBxx_HAL_Driver/Inc/stm32wbxx_ll_bus.h ****   * @param  Periphs This parameter can be a combination of the following values:
1515:Drivers/STM32WBxx_HAL_Driver/Inc/stm32wbxx_ll_bus.h ****   *         @arg @ref LL_C2_AHB1_GRP1_PERIPH_DMA1
1516:Drivers/STM32WBxx_HAL_Driver/Inc/stm32wbxx_ll_bus.h ****   *         @arg @ref LL_C2_AHB1_GRP1_PERIPH_DMA2 (*)
1517:Drivers/STM32WBxx_HAL_Driver/Inc/stm32wbxx_ll_bus.h ****   *         @arg @ref LL_C2_AHB1_GRP1_PERIPH_DMAMUX1
1518:Drivers/STM32WBxx_HAL_Driver/Inc/stm32wbxx_ll_bus.h ****   *         @arg @ref LL_C2_AHB1_GRP1_PERIPH_SRAM1
1519:Drivers/STM32WBxx_HAL_Driver/Inc/stm32wbxx_ll_bus.h ****   *         @arg @ref LL_C2_AHB1_GRP1_PERIPH_CRC
1520:Drivers/STM32WBxx_HAL_Driver/Inc/stm32wbxx_ll_bus.h ****   *         @arg @ref LL_C2_AHB1_GRP1_PERIPH_TSC
1521:Drivers/STM32WBxx_HAL_Driver/Inc/stm32wbxx_ll_bus.h ****   * @note  (*) Not supported by all the devices
1522:Drivers/STM32WBxx_HAL_Driver/Inc/stm32wbxx_ll_bus.h ****   * @retval uint32_t
1523:Drivers/STM32WBxx_HAL_Driver/Inc/stm32wbxx_ll_bus.h ****   */
1524:Drivers/STM32WBxx_HAL_Driver/Inc/stm32wbxx_ll_bus.h **** 
1525:Drivers/STM32WBxx_HAL_Driver/Inc/stm32wbxx_ll_bus.h **** __STATIC_INLINE uint32_t LL_C2_AHB1_GRP1_IsEnabledClock(uint32_t Periphs)
1526:Drivers/STM32WBxx_HAL_Driver/Inc/stm32wbxx_ll_bus.h **** {
1527:Drivers/STM32WBxx_HAL_Driver/Inc/stm32wbxx_ll_bus.h ****   return ((READ_BIT(RCC->C2AHB1ENR, Periphs) == (Periphs)) ? 1UL : 0UL);
1528:Drivers/STM32WBxx_HAL_Driver/Inc/stm32wbxx_ll_bus.h **** }
1529:Drivers/STM32WBxx_HAL_Driver/Inc/stm32wbxx_ll_bus.h **** 
1530:Drivers/STM32WBxx_HAL_Driver/Inc/stm32wbxx_ll_bus.h **** /**
1531:Drivers/STM32WBxx_HAL_Driver/Inc/stm32wbxx_ll_bus.h ****   * @brief  Disable C2AHB1 peripherals clock.
1532:Drivers/STM32WBxx_HAL_Driver/Inc/stm32wbxx_ll_bus.h ****   * @rmtoll C2AHB1ENR    DMA1EN        LL_C2_AHB1_GRP1_DisableClock\n
1533:Drivers/STM32WBxx_HAL_Driver/Inc/stm32wbxx_ll_bus.h ****   *         C2AHB1ENR    DMA2EN        LL_C2_AHB1_GRP1_DisableClock\n
1534:Drivers/STM32WBxx_HAL_Driver/Inc/stm32wbxx_ll_bus.h ****   *         C2AHB1ENR    DMAMUX1EN     LL_C2_AHB1_GRP1_DisableClock\n
1535:Drivers/STM32WBxx_HAL_Driver/Inc/stm32wbxx_ll_bus.h ****   *         C2AHB1ENR    SRAM1EN       LL_C2_AHB1_GRP1_DisableClock\n
1536:Drivers/STM32WBxx_HAL_Driver/Inc/stm32wbxx_ll_bus.h ****   *         C2AHB1ENR    CRCEN         LL_C2_AHB1_GRP1_DisableClock\n
1537:Drivers/STM32WBxx_HAL_Driver/Inc/stm32wbxx_ll_bus.h ****   *         C2AHB1ENR    TSCEN         LL_C2_AHB1_GRP1_DisableClock
1538:Drivers/STM32WBxx_HAL_Driver/Inc/stm32wbxx_ll_bus.h ****   * @param  Periphs This parameter can be a combination of the following values:
1539:Drivers/STM32WBxx_HAL_Driver/Inc/stm32wbxx_ll_bus.h ****   *         @arg @ref LL_C2_AHB1_GRP1_PERIPH_DMA1
1540:Drivers/STM32WBxx_HAL_Driver/Inc/stm32wbxx_ll_bus.h ****   *         @arg @ref LL_C2_AHB1_GRP1_PERIPH_DMA2 (*)
1541:Drivers/STM32WBxx_HAL_Driver/Inc/stm32wbxx_ll_bus.h ****   *         @arg @ref LL_C2_AHB1_GRP1_PERIPH_DMAMUX1
1542:Drivers/STM32WBxx_HAL_Driver/Inc/stm32wbxx_ll_bus.h ****   *         @arg @ref LL_C2_AHB1_GRP1_PERIPH_SRAM1
1543:Drivers/STM32WBxx_HAL_Driver/Inc/stm32wbxx_ll_bus.h ****   *         @arg @ref LL_C2_AHB1_GRP1_PERIPH_CRC
1544:Drivers/STM32WBxx_HAL_Driver/Inc/stm32wbxx_ll_bus.h ****   *         @arg @ref LL_C2_AHB1_GRP1_PERIPH_TSC
1545:Drivers/STM32WBxx_HAL_Driver/Inc/stm32wbxx_ll_bus.h ****   * @note  (*) Not supported by all the devices
1546:Drivers/STM32WBxx_HAL_Driver/Inc/stm32wbxx_ll_bus.h ****   * @retval None
1547:Drivers/STM32WBxx_HAL_Driver/Inc/stm32wbxx_ll_bus.h ****   */
1548:Drivers/STM32WBxx_HAL_Driver/Inc/stm32wbxx_ll_bus.h **** 
1549:Drivers/STM32WBxx_HAL_Driver/Inc/stm32wbxx_ll_bus.h **** __STATIC_INLINE void LL_C2_AHB1_GRP1_DisableClock(uint32_t Periphs)
1550:Drivers/STM32WBxx_HAL_Driver/Inc/stm32wbxx_ll_bus.h **** {
1551:Drivers/STM32WBxx_HAL_Driver/Inc/stm32wbxx_ll_bus.h ****   CLEAR_BIT(RCC->C2AHB1ENR, Periphs);
1552:Drivers/STM32WBxx_HAL_Driver/Inc/stm32wbxx_ll_bus.h **** }
1553:Drivers/STM32WBxx_HAL_Driver/Inc/stm32wbxx_ll_bus.h **** 
1554:Drivers/STM32WBxx_HAL_Driver/Inc/stm32wbxx_ll_bus.h **** /**
1555:Drivers/STM32WBxx_HAL_Driver/Inc/stm32wbxx_ll_bus.h ****   * @brief  Enable C2AHB1 peripherals clock during Low Power (Sleep) mode.
1556:Drivers/STM32WBxx_HAL_Driver/Inc/stm32wbxx_ll_bus.h ****   * @rmtoll C2AHB1SMENR  DMA1SMEN      LL_C2_AHB1_GRP1_EnableClockSleep\n
1557:Drivers/STM32WBxx_HAL_Driver/Inc/stm32wbxx_ll_bus.h ****   *         C2AHB1SMENR  DMA2SMEN      LL_C2_AHB1_GRP1_EnableClockSleep\n
1558:Drivers/STM32WBxx_HAL_Driver/Inc/stm32wbxx_ll_bus.h ****   *         C2AHB1SMENR  DMAMUX1SMEN   LL_C2_AHB1_GRP1_EnableClockSleep\n
ARM GAS  C:\Users\843E~1\AppData\Local\Temp\ccJpJOBl.s 			page 52


1559:Drivers/STM32WBxx_HAL_Driver/Inc/stm32wbxx_ll_bus.h ****   *         C2AHB1ENR    SRAM1SMEN     LL_C2_AHB1_GRP1_EnableClockSleep\n
1560:Drivers/STM32WBxx_HAL_Driver/Inc/stm32wbxx_ll_bus.h ****   *         C2AHB1SMENR  CRCSMEN       LL_C2_AHB1_GRP1_EnableClockSleep\n
1561:Drivers/STM32WBxx_HAL_Driver/Inc/stm32wbxx_ll_bus.h ****   *         C2AHB1SMENR  TSCSMEN       LL_C2_AHB1_GRP1_EnableClockSleep
1562:Drivers/STM32WBxx_HAL_Driver/Inc/stm32wbxx_ll_bus.h ****   * @param  Periphs This parameter can be a combination of the following values:
1563:Drivers/STM32WBxx_HAL_Driver/Inc/stm32wbxx_ll_bus.h ****   *         @arg @ref LL_C2_AHB1_GRP1_PERIPH_DMA1
1564:Drivers/STM32WBxx_HAL_Driver/Inc/stm32wbxx_ll_bus.h ****   *         @arg @ref LL_C2_AHB1_GRP1_PERIPH_DMA2 (*)
1565:Drivers/STM32WBxx_HAL_Driver/Inc/stm32wbxx_ll_bus.h ****   *         @arg @ref LL_C2_AHB1_GRP1_PERIPH_DMAMUX1
1566:Drivers/STM32WBxx_HAL_Driver/Inc/stm32wbxx_ll_bus.h ****   *         @arg @ref LL_C2_AHB1_GRP1_PERIPH_SRAM1
1567:Drivers/STM32WBxx_HAL_Driver/Inc/stm32wbxx_ll_bus.h ****   *         @arg @ref LL_C2_AHB1_GRP1_PERIPH_CRC
1568:Drivers/STM32WBxx_HAL_Driver/Inc/stm32wbxx_ll_bus.h ****   *         @arg @ref LL_C2_AHB1_GRP1_PERIPH_TSC
1569:Drivers/STM32WBxx_HAL_Driver/Inc/stm32wbxx_ll_bus.h ****   * @note  (*) Not supported by all the devices
1570:Drivers/STM32WBxx_HAL_Driver/Inc/stm32wbxx_ll_bus.h ****   * @retval None
1571:Drivers/STM32WBxx_HAL_Driver/Inc/stm32wbxx_ll_bus.h ****   */
1572:Drivers/STM32WBxx_HAL_Driver/Inc/stm32wbxx_ll_bus.h **** 
1573:Drivers/STM32WBxx_HAL_Driver/Inc/stm32wbxx_ll_bus.h **** __STATIC_INLINE void LL_C2_AHB1_GRP1_EnableClockSleep(uint32_t Periphs)
1574:Drivers/STM32WBxx_HAL_Driver/Inc/stm32wbxx_ll_bus.h **** {
1575:Drivers/STM32WBxx_HAL_Driver/Inc/stm32wbxx_ll_bus.h ****   __IO uint32_t tmpreg;
1576:Drivers/STM32WBxx_HAL_Driver/Inc/stm32wbxx_ll_bus.h ****   SET_BIT(RCC->C2AHB1SMENR, Periphs);
1577:Drivers/STM32WBxx_HAL_Driver/Inc/stm32wbxx_ll_bus.h ****   /* Delay after an RCC peripheral clock enabling */
1578:Drivers/STM32WBxx_HAL_Driver/Inc/stm32wbxx_ll_bus.h ****   tmpreg = READ_BIT(RCC->C2AHB1SMENR, Periphs);
1579:Drivers/STM32WBxx_HAL_Driver/Inc/stm32wbxx_ll_bus.h ****   (void)tmpreg;
1580:Drivers/STM32WBxx_HAL_Driver/Inc/stm32wbxx_ll_bus.h **** }
1581:Drivers/STM32WBxx_HAL_Driver/Inc/stm32wbxx_ll_bus.h **** 
1582:Drivers/STM32WBxx_HAL_Driver/Inc/stm32wbxx_ll_bus.h **** /**
1583:Drivers/STM32WBxx_HAL_Driver/Inc/stm32wbxx_ll_bus.h ****   * @brief  Disable C2AHB1 peripherals clock during Low Power (Sleep) mode.
1584:Drivers/STM32WBxx_HAL_Driver/Inc/stm32wbxx_ll_bus.h ****   * @rmtoll C2AHB1SMENR  DMA1SMEN      LL_C2_AHB1_GRP1_DisableClockSleep\n
1585:Drivers/STM32WBxx_HAL_Driver/Inc/stm32wbxx_ll_bus.h ****   *         C2AHB1SMENR  DMA2SMEN      LL_C2_AHB1_GRP1_DisableClockSleep\n
1586:Drivers/STM32WBxx_HAL_Driver/Inc/stm32wbxx_ll_bus.h ****   *         C2AHB1SMENR  DMAMUX1SMEN    LL_C2_AHB1_GRP1_DisableClockSleep\n
1587:Drivers/STM32WBxx_HAL_Driver/Inc/stm32wbxx_ll_bus.h ****   *         C2AHB1ENR    SRAM1SMEN     LL_C2_AHB1_GRP1_DisableClockSleep\n
1588:Drivers/STM32WBxx_HAL_Driver/Inc/stm32wbxx_ll_bus.h ****   *         C2AHB1SMENR  CRCSMEN       LL_C2_AHB1_GRP1_DisableClockSleep\n
1589:Drivers/STM32WBxx_HAL_Driver/Inc/stm32wbxx_ll_bus.h ****   *         C2AHB1SMENR  TSCSMEN       LL_C2_AHB1_GRP1_DisableClockSleep
1590:Drivers/STM32WBxx_HAL_Driver/Inc/stm32wbxx_ll_bus.h ****   * @param  Periphs This parameter can be a combination of the following values:
1591:Drivers/STM32WBxx_HAL_Driver/Inc/stm32wbxx_ll_bus.h ****   *         @arg @ref LL_C2_AHB1_GRP1_PERIPH_DMA1
1592:Drivers/STM32WBxx_HAL_Driver/Inc/stm32wbxx_ll_bus.h ****   *         @arg @ref LL_C2_AHB1_GRP1_PERIPH_DMA2 (*)
1593:Drivers/STM32WBxx_HAL_Driver/Inc/stm32wbxx_ll_bus.h ****   *         @arg @ref LL_C2_AHB1_GRP1_PERIPH_DMAMUX1
1594:Drivers/STM32WBxx_HAL_Driver/Inc/stm32wbxx_ll_bus.h ****   *         @arg @ref LL_C2_AHB1_GRP1_PERIPH_SRAM1
1595:Drivers/STM32WBxx_HAL_Driver/Inc/stm32wbxx_ll_bus.h ****   *         @arg @ref LL_C2_AHB1_GRP1_PERIPH_CRC
1596:Drivers/STM32WBxx_HAL_Driver/Inc/stm32wbxx_ll_bus.h ****   *         @arg @ref LL_C2_AHB1_GRP1_PERIPH_TSC
1597:Drivers/STM32WBxx_HAL_Driver/Inc/stm32wbxx_ll_bus.h ****   * @note  (*) Not supported by all the devices
1598:Drivers/STM32WBxx_HAL_Driver/Inc/stm32wbxx_ll_bus.h ****   * @retval None
1599:Drivers/STM32WBxx_HAL_Driver/Inc/stm32wbxx_ll_bus.h ****   */
1600:Drivers/STM32WBxx_HAL_Driver/Inc/stm32wbxx_ll_bus.h **** 
1601:Drivers/STM32WBxx_HAL_Driver/Inc/stm32wbxx_ll_bus.h **** __STATIC_INLINE void LL_C2_AHB1_GRP1_DisableClockSleep(uint32_t Periphs)
1602:Drivers/STM32WBxx_HAL_Driver/Inc/stm32wbxx_ll_bus.h **** {
1603:Drivers/STM32WBxx_HAL_Driver/Inc/stm32wbxx_ll_bus.h ****   CLEAR_BIT(RCC->C2AHB1SMENR, Periphs);
1604:Drivers/STM32WBxx_HAL_Driver/Inc/stm32wbxx_ll_bus.h **** }
1605:Drivers/STM32WBxx_HAL_Driver/Inc/stm32wbxx_ll_bus.h **** 
1606:Drivers/STM32WBxx_HAL_Driver/Inc/stm32wbxx_ll_bus.h **** /**
1607:Drivers/STM32WBxx_HAL_Driver/Inc/stm32wbxx_ll_bus.h ****   * @}
1608:Drivers/STM32WBxx_HAL_Driver/Inc/stm32wbxx_ll_bus.h ****   */
1609:Drivers/STM32WBxx_HAL_Driver/Inc/stm32wbxx_ll_bus.h **** 
1610:Drivers/STM32WBxx_HAL_Driver/Inc/stm32wbxx_ll_bus.h **** /** @defgroup BUS_LL_EF_C2_AHB2 C2 AHB2
1611:Drivers/STM32WBxx_HAL_Driver/Inc/stm32wbxx_ll_bus.h ****   * @{
1612:Drivers/STM32WBxx_HAL_Driver/Inc/stm32wbxx_ll_bus.h ****   */
1613:Drivers/STM32WBxx_HAL_Driver/Inc/stm32wbxx_ll_bus.h **** 
1614:Drivers/STM32WBxx_HAL_Driver/Inc/stm32wbxx_ll_bus.h **** /**
1615:Drivers/STM32WBxx_HAL_Driver/Inc/stm32wbxx_ll_bus.h ****   * @brief  Enable C2AHB2 peripherals clock.
ARM GAS  C:\Users\843E~1\AppData\Local\Temp\ccJpJOBl.s 			page 53


1616:Drivers/STM32WBxx_HAL_Driver/Inc/stm32wbxx_ll_bus.h ****   * @rmtoll C2AHB2ENR    GPIOAEN       LL_C2_AHB2_GRP1_EnableClock\n
1617:Drivers/STM32WBxx_HAL_Driver/Inc/stm32wbxx_ll_bus.h ****   *         C2AHB2ENR    GPIOBEN       LL_C2_AHB2_GRP1_EnableClock\n
1618:Drivers/STM32WBxx_HAL_Driver/Inc/stm32wbxx_ll_bus.h ****   *         C2AHB2ENR    GPIOCEN       LL_C2_AHB2_GRP1_EnableClock\n
1619:Drivers/STM32WBxx_HAL_Driver/Inc/stm32wbxx_ll_bus.h ****   *         C2AHB2ENR    GPIODEN       LL_C2_AHB2_GRP1_EnableClock\n
1620:Drivers/STM32WBxx_HAL_Driver/Inc/stm32wbxx_ll_bus.h ****   *         C2AHB2ENR    GPIOEEN       LL_C2_AHB2_GRP1_EnableClock\n
1621:Drivers/STM32WBxx_HAL_Driver/Inc/stm32wbxx_ll_bus.h ****   *         C2AHB2ENR    GPIOHEN       LL_C2_AHB2_GRP1_EnableClock\n
1622:Drivers/STM32WBxx_HAL_Driver/Inc/stm32wbxx_ll_bus.h ****   *         C2AHB2ENR    ADCEN         LL_C2_AHB2_GRP1_EnableClock\n
1623:Drivers/STM32WBxx_HAL_Driver/Inc/stm32wbxx_ll_bus.h ****   *         C2AHB2ENR    AES1EN        LL_C2_AHB2_GRP1_EnableClock
1624:Drivers/STM32WBxx_HAL_Driver/Inc/stm32wbxx_ll_bus.h ****   * @param  Periphs This parameter can be a combination of the following values:
1625:Drivers/STM32WBxx_HAL_Driver/Inc/stm32wbxx_ll_bus.h ****   *         @arg @ref LL_C2_AHB2_GRP1_PERIPH_GPIOA
1626:Drivers/STM32WBxx_HAL_Driver/Inc/stm32wbxx_ll_bus.h ****   *         @arg @ref LL_C2_AHB2_GRP1_PERIPH_GPIOB
1627:Drivers/STM32WBxx_HAL_Driver/Inc/stm32wbxx_ll_bus.h ****   *         @arg @ref LL_C2_AHB2_GRP1_PERIPH_GPIOC
1628:Drivers/STM32WBxx_HAL_Driver/Inc/stm32wbxx_ll_bus.h ****   *         @arg @ref LL_C2_AHB2_GRP1_PERIPH_GPIOD (*)
1629:Drivers/STM32WBxx_HAL_Driver/Inc/stm32wbxx_ll_bus.h ****   *         @arg @ref LL_C2_AHB2_GRP1_PERIPH_GPIOE
1630:Drivers/STM32WBxx_HAL_Driver/Inc/stm32wbxx_ll_bus.h ****   *         @arg @ref LL_C2_AHB2_GRP1_PERIPH_GPIOH
1631:Drivers/STM32WBxx_HAL_Driver/Inc/stm32wbxx_ll_bus.h ****   *         @arg @ref LL_C2_AHB2_GRP1_PERIPH_ADC (*)
1632:Drivers/STM32WBxx_HAL_Driver/Inc/stm32wbxx_ll_bus.h ****   *         @arg @ref LL_C2_AHB2_GRP1_PERIPH_AES1 (*)
1633:Drivers/STM32WBxx_HAL_Driver/Inc/stm32wbxx_ll_bus.h ****   * @note  (*) Not supported by all the devices
1634:Drivers/STM32WBxx_HAL_Driver/Inc/stm32wbxx_ll_bus.h ****   * @retval None
1635:Drivers/STM32WBxx_HAL_Driver/Inc/stm32wbxx_ll_bus.h ****   */
1636:Drivers/STM32WBxx_HAL_Driver/Inc/stm32wbxx_ll_bus.h **** __STATIC_INLINE void LL_C2_AHB2_GRP1_EnableClock(uint32_t Periphs)
1637:Drivers/STM32WBxx_HAL_Driver/Inc/stm32wbxx_ll_bus.h **** {
1638:Drivers/STM32WBxx_HAL_Driver/Inc/stm32wbxx_ll_bus.h ****   __IO uint32_t tmpreg;
1639:Drivers/STM32WBxx_HAL_Driver/Inc/stm32wbxx_ll_bus.h ****   SET_BIT(RCC->C2AHB2ENR, Periphs);
1640:Drivers/STM32WBxx_HAL_Driver/Inc/stm32wbxx_ll_bus.h ****   /* Delay after an RCC peripheral clock enabling */
1641:Drivers/STM32WBxx_HAL_Driver/Inc/stm32wbxx_ll_bus.h ****   tmpreg = READ_BIT(RCC->C2AHB2ENR, Periphs);
1642:Drivers/STM32WBxx_HAL_Driver/Inc/stm32wbxx_ll_bus.h ****   (void)tmpreg;
1643:Drivers/STM32WBxx_HAL_Driver/Inc/stm32wbxx_ll_bus.h **** }
1644:Drivers/STM32WBxx_HAL_Driver/Inc/stm32wbxx_ll_bus.h **** 
1645:Drivers/STM32WBxx_HAL_Driver/Inc/stm32wbxx_ll_bus.h **** /**
1646:Drivers/STM32WBxx_HAL_Driver/Inc/stm32wbxx_ll_bus.h ****   * @brief  Check if C2AHB2 peripheral clock is enabled or not
1647:Drivers/STM32WBxx_HAL_Driver/Inc/stm32wbxx_ll_bus.h ****   * @rmtoll C2AHB2ENR    GPIOAEN       LL_C2_AHB2_GRP1_IsEnabledClock\n
1648:Drivers/STM32WBxx_HAL_Driver/Inc/stm32wbxx_ll_bus.h ****   *         C2AHB2ENR    GPIOBEN       LL_C2_AHB2_GRP1_IsEnabledClock\n
1649:Drivers/STM32WBxx_HAL_Driver/Inc/stm32wbxx_ll_bus.h ****   *         C2AHB2ENR    GPIOCEN       LL_C2_AHB2_GRP1_IsEnabledClock\n
1650:Drivers/STM32WBxx_HAL_Driver/Inc/stm32wbxx_ll_bus.h ****   *         C2AHB2ENR    GPIODEN       LL_C2_AHB2_GRP1_IsEnabledClock\n
1651:Drivers/STM32WBxx_HAL_Driver/Inc/stm32wbxx_ll_bus.h ****   *         C2AHB2ENR    GPIOEEN       LL_C2_AHB2_GRP1_IsEnabledClock\n
1652:Drivers/STM32WBxx_HAL_Driver/Inc/stm32wbxx_ll_bus.h ****   *         C2AHB2ENR    GPIOHEN       LL_C2_AHB2_GRP1_IsEnabledClock\n
1653:Drivers/STM32WBxx_HAL_Driver/Inc/stm32wbxx_ll_bus.h ****   *         C2AHB2ENR    ADCEN         LL_C2_AHB2_GRP1_IsEnabledClock\n
1654:Drivers/STM32WBxx_HAL_Driver/Inc/stm32wbxx_ll_bus.h ****   *         C2AHB2ENR    AES1EN        LL_C2_AHB2_GRP1_IsEnabledClock
1655:Drivers/STM32WBxx_HAL_Driver/Inc/stm32wbxx_ll_bus.h ****   * @param  Periphs This parameter can be a combination of the following values:
1656:Drivers/STM32WBxx_HAL_Driver/Inc/stm32wbxx_ll_bus.h ****   *         @arg @ref LL_C2_AHB2_GRP1_PERIPH_GPIOA
1657:Drivers/STM32WBxx_HAL_Driver/Inc/stm32wbxx_ll_bus.h ****   *         @arg @ref LL_C2_AHB2_GRP1_PERIPH_GPIOB
1658:Drivers/STM32WBxx_HAL_Driver/Inc/stm32wbxx_ll_bus.h ****   *         @arg @ref LL_C2_AHB2_GRP1_PERIPH_GPIOC
1659:Drivers/STM32WBxx_HAL_Driver/Inc/stm32wbxx_ll_bus.h ****   *         @arg @ref LL_C2_AHB2_GRP1_PERIPH_GPIOD (*)
1660:Drivers/STM32WBxx_HAL_Driver/Inc/stm32wbxx_ll_bus.h ****   *         @arg @ref LL_C2_AHB2_GRP1_PERIPH_GPIOE
1661:Drivers/STM32WBxx_HAL_Driver/Inc/stm32wbxx_ll_bus.h ****   *         @arg @ref LL_C2_AHB2_GRP1_PERIPH_GPIOH
1662:Drivers/STM32WBxx_HAL_Driver/Inc/stm32wbxx_ll_bus.h ****   *         @arg @ref LL_C2_AHB2_GRP1_PERIPH_ADC (*)
1663:Drivers/STM32WBxx_HAL_Driver/Inc/stm32wbxx_ll_bus.h ****   *         @arg @ref LL_C2_AHB2_GRP1_PERIPH_AES1 (*)
1664:Drivers/STM32WBxx_HAL_Driver/Inc/stm32wbxx_ll_bus.h ****   * @note  (*) Not supported by all the devices
1665:Drivers/STM32WBxx_HAL_Driver/Inc/stm32wbxx_ll_bus.h ****   * @retval uint32_t
1666:Drivers/STM32WBxx_HAL_Driver/Inc/stm32wbxx_ll_bus.h ****   */
1667:Drivers/STM32WBxx_HAL_Driver/Inc/stm32wbxx_ll_bus.h **** __STATIC_INLINE uint32_t LL_C2_AHB2_GRP1_IsEnabledClock(uint32_t Periphs)
1668:Drivers/STM32WBxx_HAL_Driver/Inc/stm32wbxx_ll_bus.h **** {
1669:Drivers/STM32WBxx_HAL_Driver/Inc/stm32wbxx_ll_bus.h ****   return ((READ_BIT(RCC->C2AHB2ENR, Periphs) == (Periphs)) ? 1UL : 0UL);
1670:Drivers/STM32WBxx_HAL_Driver/Inc/stm32wbxx_ll_bus.h **** }
1671:Drivers/STM32WBxx_HAL_Driver/Inc/stm32wbxx_ll_bus.h **** 
1672:Drivers/STM32WBxx_HAL_Driver/Inc/stm32wbxx_ll_bus.h **** /**
ARM GAS  C:\Users\843E~1\AppData\Local\Temp\ccJpJOBl.s 			page 54


1673:Drivers/STM32WBxx_HAL_Driver/Inc/stm32wbxx_ll_bus.h ****   * @brief  Disable C2AHB2 peripherals clock.
1674:Drivers/STM32WBxx_HAL_Driver/Inc/stm32wbxx_ll_bus.h ****   * @rmtoll C2AHB2ENR    GPIOAEN       LL_C2_AHB2_GRP1_DisableClock\n
1675:Drivers/STM32WBxx_HAL_Driver/Inc/stm32wbxx_ll_bus.h ****   *         C2AHB2ENR    GPIOBEN       LL_C2_AHB2_GRP1_DisableClock\n
1676:Drivers/STM32WBxx_HAL_Driver/Inc/stm32wbxx_ll_bus.h ****   *         C2AHB2ENR    GPIOCEN       LL_C2_AHB2_GRP1_DisableClock\n
1677:Drivers/STM32WBxx_HAL_Driver/Inc/stm32wbxx_ll_bus.h ****   *         C2AHB2ENR    GPIODEN       LL_C2_AHB2_GRP1_DisableClock\n
1678:Drivers/STM32WBxx_HAL_Driver/Inc/stm32wbxx_ll_bus.h ****   *         C2AHB2ENR    GPIOEEN       LL_C2_AHB2_GRP1_DisableClock\n
1679:Drivers/STM32WBxx_HAL_Driver/Inc/stm32wbxx_ll_bus.h ****   *         C2AHB2ENR    GPIOHEN       LL_C2_AHB2_GRP1_DisableClock\n
1680:Drivers/STM32WBxx_HAL_Driver/Inc/stm32wbxx_ll_bus.h ****   *         C2AHB2ENR    ADCEN         LL_C2_AHB2_GRP1_DisableClock\n
1681:Drivers/STM32WBxx_HAL_Driver/Inc/stm32wbxx_ll_bus.h ****   *         C2AHB2ENR    AES1EN        LL_C2_AHB2_GRP1_DisableClock
1682:Drivers/STM32WBxx_HAL_Driver/Inc/stm32wbxx_ll_bus.h ****   * @param  Periphs This parameter can be a combination of the following values:
1683:Drivers/STM32WBxx_HAL_Driver/Inc/stm32wbxx_ll_bus.h ****   *         @arg @ref LL_C2_AHB2_GRP1_PERIPH_GPIOA
1684:Drivers/STM32WBxx_HAL_Driver/Inc/stm32wbxx_ll_bus.h ****   *         @arg @ref LL_C2_AHB2_GRP1_PERIPH_GPIOB
1685:Drivers/STM32WBxx_HAL_Driver/Inc/stm32wbxx_ll_bus.h ****   *         @arg @ref LL_C2_AHB2_GRP1_PERIPH_GPIOC
1686:Drivers/STM32WBxx_HAL_Driver/Inc/stm32wbxx_ll_bus.h ****   *         @arg @ref LL_C2_AHB2_GRP1_PERIPH_GPIOD (*)
1687:Drivers/STM32WBxx_HAL_Driver/Inc/stm32wbxx_ll_bus.h ****   *         @arg @ref LL_C2_AHB2_GRP1_PERIPH_GPIOE
1688:Drivers/STM32WBxx_HAL_Driver/Inc/stm32wbxx_ll_bus.h ****   *         @arg @ref LL_C2_AHB2_GRP1_PERIPH_GPIOH
1689:Drivers/STM32WBxx_HAL_Driver/Inc/stm32wbxx_ll_bus.h ****   *         @arg @ref LL_C2_AHB2_GRP1_PERIPH_ADC (*)
1690:Drivers/STM32WBxx_HAL_Driver/Inc/stm32wbxx_ll_bus.h ****   *         @arg @ref LL_C2_AHB2_GRP1_PERIPH_AES1 (*)
1691:Drivers/STM32WBxx_HAL_Driver/Inc/stm32wbxx_ll_bus.h ****   * @note  (*) Not supported by all the devices
1692:Drivers/STM32WBxx_HAL_Driver/Inc/stm32wbxx_ll_bus.h ****   * @retval None
1693:Drivers/STM32WBxx_HAL_Driver/Inc/stm32wbxx_ll_bus.h ****   */
1694:Drivers/STM32WBxx_HAL_Driver/Inc/stm32wbxx_ll_bus.h **** __STATIC_INLINE void LL_C2_AHB2_GRP1_DisableClock(uint32_t Periphs)
1695:Drivers/STM32WBxx_HAL_Driver/Inc/stm32wbxx_ll_bus.h **** {
1696:Drivers/STM32WBxx_HAL_Driver/Inc/stm32wbxx_ll_bus.h ****   CLEAR_BIT(RCC->C2AHB2ENR, Periphs);
1697:Drivers/STM32WBxx_HAL_Driver/Inc/stm32wbxx_ll_bus.h **** }
1698:Drivers/STM32WBxx_HAL_Driver/Inc/stm32wbxx_ll_bus.h **** 
1699:Drivers/STM32WBxx_HAL_Driver/Inc/stm32wbxx_ll_bus.h **** /**
1700:Drivers/STM32WBxx_HAL_Driver/Inc/stm32wbxx_ll_bus.h ****   * @brief  Enable C2AHB2 peripherals clock during Low Power (Sleep) mode.
1701:Drivers/STM32WBxx_HAL_Driver/Inc/stm32wbxx_ll_bus.h ****   * @rmtoll C2AHB2SMENR  GPIOASMEN     LL_C2_AHB2_GRP1_EnableClockSleep\n
1702:Drivers/STM32WBxx_HAL_Driver/Inc/stm32wbxx_ll_bus.h ****   *         C2AHB2SMENR  GPIOBSMEN     LL_C2_AHB2_GRP1_EnableClockSleep\n
1703:Drivers/STM32WBxx_HAL_Driver/Inc/stm32wbxx_ll_bus.h ****   *         C2AHB2SMENR  GPIOCSMEN     LL_C2_AHB2_GRP1_EnableClockSleep\n
1704:Drivers/STM32WBxx_HAL_Driver/Inc/stm32wbxx_ll_bus.h ****   *         C2AHB2SMENR  GPIODSMEN     LL_C2_AHB2_GRP1_EnableClockSleep\n
1705:Drivers/STM32WBxx_HAL_Driver/Inc/stm32wbxx_ll_bus.h ****   *         C2AHB2SMENR  GPIOESMEN     LL_C2_AHB2_GRP1_EnableClockSleep\n
1706:Drivers/STM32WBxx_HAL_Driver/Inc/stm32wbxx_ll_bus.h ****   *         C2AHB2SMENR  GPIOHSMEN     LL_C2_AHB2_GRP1_EnableClockSleep\n
1707:Drivers/STM32WBxx_HAL_Driver/Inc/stm32wbxx_ll_bus.h ****   *         C2AHB2SMENR  ADCSMEN       LL_C2_AHB2_GRP1_EnableClockSleep\n
1708:Drivers/STM32WBxx_HAL_Driver/Inc/stm32wbxx_ll_bus.h ****   *         C2AHB2SMENR  AES1SMEN      LL_C2_AHB2_GRP1_EnableClockSleep
1709:Drivers/STM32WBxx_HAL_Driver/Inc/stm32wbxx_ll_bus.h ****   * @param  Periphs This parameter can be a combination of the following values:
1710:Drivers/STM32WBxx_HAL_Driver/Inc/stm32wbxx_ll_bus.h ****   *         @arg @ref LL_C2_AHB2_GRP1_PERIPH_GPIOA
1711:Drivers/STM32WBxx_HAL_Driver/Inc/stm32wbxx_ll_bus.h ****   *         @arg @ref LL_C2_AHB2_GRP1_PERIPH_GPIOB
1712:Drivers/STM32WBxx_HAL_Driver/Inc/stm32wbxx_ll_bus.h ****   *         @arg @ref LL_C2_AHB2_GRP1_PERIPH_GPIOC
1713:Drivers/STM32WBxx_HAL_Driver/Inc/stm32wbxx_ll_bus.h ****   *         @arg @ref LL_C2_AHB2_GRP1_PERIPH_GPIOD (*)
1714:Drivers/STM32WBxx_HAL_Driver/Inc/stm32wbxx_ll_bus.h ****   *         @arg @ref LL_C2_AHB2_GRP1_PERIPH_GPIOE
1715:Drivers/STM32WBxx_HAL_Driver/Inc/stm32wbxx_ll_bus.h ****   *         @arg @ref LL_C2_AHB2_GRP1_PERIPH_GPIOH
1716:Drivers/STM32WBxx_HAL_Driver/Inc/stm32wbxx_ll_bus.h ****   *         @arg @ref LL_C2_AHB2_GRP1_PERIPH_ADC (*)
1717:Drivers/STM32WBxx_HAL_Driver/Inc/stm32wbxx_ll_bus.h ****   *         @arg @ref LL_C2_AHB2_GRP1_PERIPH_AES1 (*)
1718:Drivers/STM32WBxx_HAL_Driver/Inc/stm32wbxx_ll_bus.h ****   * @note  (*) Not supported by all the devices
1719:Drivers/STM32WBxx_HAL_Driver/Inc/stm32wbxx_ll_bus.h ****   * @retval None
1720:Drivers/STM32WBxx_HAL_Driver/Inc/stm32wbxx_ll_bus.h ****   */
1721:Drivers/STM32WBxx_HAL_Driver/Inc/stm32wbxx_ll_bus.h **** __STATIC_INLINE void LL_C2_AHB2_GRP1_EnableClockSleep(uint32_t Periphs)
1722:Drivers/STM32WBxx_HAL_Driver/Inc/stm32wbxx_ll_bus.h **** {
1723:Drivers/STM32WBxx_HAL_Driver/Inc/stm32wbxx_ll_bus.h ****   __IO uint32_t tmpreg;
1724:Drivers/STM32WBxx_HAL_Driver/Inc/stm32wbxx_ll_bus.h ****   SET_BIT(RCC->C2AHB2SMENR, Periphs);
1725:Drivers/STM32WBxx_HAL_Driver/Inc/stm32wbxx_ll_bus.h ****   /* Delay after an RCC peripheral clock enabling */
1726:Drivers/STM32WBxx_HAL_Driver/Inc/stm32wbxx_ll_bus.h ****   tmpreg = READ_BIT(RCC->C2AHB2SMENR, Periphs);
1727:Drivers/STM32WBxx_HAL_Driver/Inc/stm32wbxx_ll_bus.h ****   (void)tmpreg;
1728:Drivers/STM32WBxx_HAL_Driver/Inc/stm32wbxx_ll_bus.h **** }
1729:Drivers/STM32WBxx_HAL_Driver/Inc/stm32wbxx_ll_bus.h **** 
ARM GAS  C:\Users\843E~1\AppData\Local\Temp\ccJpJOBl.s 			page 55


1730:Drivers/STM32WBxx_HAL_Driver/Inc/stm32wbxx_ll_bus.h **** /**
1731:Drivers/STM32WBxx_HAL_Driver/Inc/stm32wbxx_ll_bus.h ****   * @brief  Disable C2AHB2 peripherals clock during Low Power (Sleep) mode.
1732:Drivers/STM32WBxx_HAL_Driver/Inc/stm32wbxx_ll_bus.h ****   * @rmtoll C2AHB2SMENR  GPIOASMEN     LL_C2_AHB2_GRP1_DisableClockSleep\n
1733:Drivers/STM32WBxx_HAL_Driver/Inc/stm32wbxx_ll_bus.h ****   *         C2AHB2SMENR  GPIOBSMEN     LL_C2_AHB2_GRP1_DisableClockSleep\n
1734:Drivers/STM32WBxx_HAL_Driver/Inc/stm32wbxx_ll_bus.h ****   *         C2AHB2SMENR  GPIOCSMEN     LL_C2_AHB2_GRP1_DisableClockSleep\n
1735:Drivers/STM32WBxx_HAL_Driver/Inc/stm32wbxx_ll_bus.h ****   *         C2AHB2SMENR  GPIODSMEN     LL_C2_AHB2_GRP1_DisableClockSleep\n
1736:Drivers/STM32WBxx_HAL_Driver/Inc/stm32wbxx_ll_bus.h ****   *         C2AHB2SMENR  GPIOESMEN     LL_C2_AHB2_GRP1_DisableClockSleep\n
1737:Drivers/STM32WBxx_HAL_Driver/Inc/stm32wbxx_ll_bus.h ****   *         C2AHB2SMENR  GPIOHSMEN     LL_C2_AHB2_GRP1_DisableClockSleep\n
1738:Drivers/STM32WBxx_HAL_Driver/Inc/stm32wbxx_ll_bus.h ****   *         C2AHB2SMENR  ADCSMEN       LL_C2_AHB2_GRP1_DisableClockSleep\n
1739:Drivers/STM32WBxx_HAL_Driver/Inc/stm32wbxx_ll_bus.h ****   *         C2AHB2SMENR  AES1SMEN      LL_C2_AHB2_GRP1_DisableClockSleep
1740:Drivers/STM32WBxx_HAL_Driver/Inc/stm32wbxx_ll_bus.h ****   * @param  Periphs This parameter can be a combination of the following values:
1741:Drivers/STM32WBxx_HAL_Driver/Inc/stm32wbxx_ll_bus.h ****   *         @arg @ref LL_C2_AHB2_GRP1_PERIPH_GPIOA
1742:Drivers/STM32WBxx_HAL_Driver/Inc/stm32wbxx_ll_bus.h ****   *         @arg @ref LL_C2_AHB2_GRP1_PERIPH_GPIOB
1743:Drivers/STM32WBxx_HAL_Driver/Inc/stm32wbxx_ll_bus.h ****   *         @arg @ref LL_C2_AHB2_GRP1_PERIPH_GPIOC
1744:Drivers/STM32WBxx_HAL_Driver/Inc/stm32wbxx_ll_bus.h ****   *         @arg @ref LL_C2_AHB2_GRP1_PERIPH_GPIOD (*)
1745:Drivers/STM32WBxx_HAL_Driver/Inc/stm32wbxx_ll_bus.h ****   *         @arg @ref LL_C2_AHB2_GRP1_PERIPH_GPIOE
1746:Drivers/STM32WBxx_HAL_Driver/Inc/stm32wbxx_ll_bus.h ****   *         @arg @ref LL_C2_AHB2_GRP1_PERIPH_GPIOH
1747:Drivers/STM32WBxx_HAL_Driver/Inc/stm32wbxx_ll_bus.h ****   *         @arg @ref LL_C2_AHB2_GRP1_PERIPH_ADC (*)
1748:Drivers/STM32WBxx_HAL_Driver/Inc/stm32wbxx_ll_bus.h ****   *         @arg @ref LL_C2_AHB2_GRP1_PERIPH_AES1 (*)
1749:Drivers/STM32WBxx_HAL_Driver/Inc/stm32wbxx_ll_bus.h ****   * @note  (*) Not supported by all the devices
1750:Drivers/STM32WBxx_HAL_Driver/Inc/stm32wbxx_ll_bus.h ****   * @retval None
1751:Drivers/STM32WBxx_HAL_Driver/Inc/stm32wbxx_ll_bus.h ****   */
1752:Drivers/STM32WBxx_HAL_Driver/Inc/stm32wbxx_ll_bus.h **** __STATIC_INLINE void LL_C2_AHB2_GRP1_DisableClockSleep(uint32_t Periphs)
1753:Drivers/STM32WBxx_HAL_Driver/Inc/stm32wbxx_ll_bus.h **** {
1754:Drivers/STM32WBxx_HAL_Driver/Inc/stm32wbxx_ll_bus.h ****   CLEAR_BIT(RCC->C2AHB2SMENR, Periphs);
1755:Drivers/STM32WBxx_HAL_Driver/Inc/stm32wbxx_ll_bus.h **** }
1756:Drivers/STM32WBxx_HAL_Driver/Inc/stm32wbxx_ll_bus.h **** 
1757:Drivers/STM32WBxx_HAL_Driver/Inc/stm32wbxx_ll_bus.h **** /**
1758:Drivers/STM32WBxx_HAL_Driver/Inc/stm32wbxx_ll_bus.h ****   * @}
1759:Drivers/STM32WBxx_HAL_Driver/Inc/stm32wbxx_ll_bus.h ****   */
1760:Drivers/STM32WBxx_HAL_Driver/Inc/stm32wbxx_ll_bus.h **** 
1761:Drivers/STM32WBxx_HAL_Driver/Inc/stm32wbxx_ll_bus.h **** /** @defgroup BUS_LL_EF_C2_AHB3 C2 AHB3
1762:Drivers/STM32WBxx_HAL_Driver/Inc/stm32wbxx_ll_bus.h ****   * @{
1763:Drivers/STM32WBxx_HAL_Driver/Inc/stm32wbxx_ll_bus.h ****   */
1764:Drivers/STM32WBxx_HAL_Driver/Inc/stm32wbxx_ll_bus.h **** 
1765:Drivers/STM32WBxx_HAL_Driver/Inc/stm32wbxx_ll_bus.h **** /**
1766:Drivers/STM32WBxx_HAL_Driver/Inc/stm32wbxx_ll_bus.h ****   * @brief  Enable C2AHB3 peripherals clock.
1767:Drivers/STM32WBxx_HAL_Driver/Inc/stm32wbxx_ll_bus.h ****   * @rmtoll C2AHB3ENR    PKAEN         LL_C2_AHB3_GRP1_EnableClock\n
1768:Drivers/STM32WBxx_HAL_Driver/Inc/stm32wbxx_ll_bus.h ****   *         C2AHB3ENR    AES2EN        LL_C2_AHB3_GRP1_EnableClock\n
1769:Drivers/STM32WBxx_HAL_Driver/Inc/stm32wbxx_ll_bus.h ****   *         C2AHB3ENR    RNGEN         LL_C2_AHB3_GRP1_EnableClock\n
1770:Drivers/STM32WBxx_HAL_Driver/Inc/stm32wbxx_ll_bus.h ****   *         C2AHB3ENR    HSEMEN        LL_C2_AHB3_GRP1_EnableClock\n
1771:Drivers/STM32WBxx_HAL_Driver/Inc/stm32wbxx_ll_bus.h ****   *         C2AHB3ENR    IPCCEN        LL_C2_AHB3_GRP1_EnableClock\n
1772:Drivers/STM32WBxx_HAL_Driver/Inc/stm32wbxx_ll_bus.h ****   *         C2AHB3ENR    FLASHEN       LL_C2_AHB3_GRP1_EnableClock
1773:Drivers/STM32WBxx_HAL_Driver/Inc/stm32wbxx_ll_bus.h ****   * @param  Periphs This parameter can be a combination of the following values:
1774:Drivers/STM32WBxx_HAL_Driver/Inc/stm32wbxx_ll_bus.h ****   *         @arg @ref LL_C2_AHB3_GRP1_PERIPH_PKA
1775:Drivers/STM32WBxx_HAL_Driver/Inc/stm32wbxx_ll_bus.h ****   *         @arg @ref LL_C2_AHB3_GRP1_PERIPH_AES2
1776:Drivers/STM32WBxx_HAL_Driver/Inc/stm32wbxx_ll_bus.h ****   *         @arg @ref LL_C2_AHB3_GRP1_PERIPH_RNG
1777:Drivers/STM32WBxx_HAL_Driver/Inc/stm32wbxx_ll_bus.h ****   *         @arg @ref LL_C2_AHB3_GRP1_PERIPH_HSEM
1778:Drivers/STM32WBxx_HAL_Driver/Inc/stm32wbxx_ll_bus.h ****   *         @arg @ref LL_C2_AHB3_GRP1_PERIPH_IPCC
1779:Drivers/STM32WBxx_HAL_Driver/Inc/stm32wbxx_ll_bus.h ****   *         @arg @ref LL_C2_AHB3_GRP1_PERIPH_FLASH
1780:Drivers/STM32WBxx_HAL_Driver/Inc/stm32wbxx_ll_bus.h ****   * @retval None
1781:Drivers/STM32WBxx_HAL_Driver/Inc/stm32wbxx_ll_bus.h ****   */
1782:Drivers/STM32WBxx_HAL_Driver/Inc/stm32wbxx_ll_bus.h **** __STATIC_INLINE void LL_C2_AHB3_GRP1_EnableClock(uint32_t Periphs)
 103              		.loc 3 1782 22 view .LVU14
 104              	.LBB69:
1783:Drivers/STM32WBxx_HAL_Driver/Inc/stm32wbxx_ll_bus.h **** {
1784:Drivers/STM32WBxx_HAL_Driver/Inc/stm32wbxx_ll_bus.h ****   __IO uint32_t tmpreg;
ARM GAS  C:\Users\843E~1\AppData\Local\Temp\ccJpJOBl.s 			page 56


 105              		.loc 3 1784 3 view .LVU15
1785:Drivers/STM32WBxx_HAL_Driver/Inc/stm32wbxx_ll_bus.h ****   SET_BIT(RCC->C2AHB3ENR, Periphs);
 106              		.loc 3 1785 3 view .LVU16
 107 0002 4FF0B043 		mov	r3, #1476395008
 108 0006 D3F85021 		ldr	r2, [r3, #336]
 109 000a 42F48012 		orr	r2, r2, #1048576
 110 000e C3F85021 		str	r2, [r3, #336]
1786:Drivers/STM32WBxx_HAL_Driver/Inc/stm32wbxx_ll_bus.h ****   /* Delay after an RCC peripheral clock enabling */
1787:Drivers/STM32WBxx_HAL_Driver/Inc/stm32wbxx_ll_bus.h ****   tmpreg = READ_BIT(RCC->C2AHB3ENR, Periphs);
 111              		.loc 3 1787 3 view .LVU17
 112              		.loc 3 1787 12 is_stmt 0 view .LVU18
 113 0012 D3F85031 		ldr	r3, [r3, #336]
 114 0016 03F48013 		and	r3, r3, #1048576
 115              		.loc 3 1787 10 view .LVU19
 116 001a 0193     		str	r3, [sp, #4]
1788:Drivers/STM32WBxx_HAL_Driver/Inc/stm32wbxx_ll_bus.h ****   (void)tmpreg;
 117              		.loc 3 1788 3 is_stmt 1 view .LVU20
 118 001c 019B     		ldr	r3, [sp, #4]
 119              	.LVL5:
 120              		.loc 3 1788 3 is_stmt 0 view .LVU21
 121              	.LBE69:
 122              	.LBE68:
 191:STM32_WPAN/Target/hw_ipcc.c ****   /* It is required to have at least a system clock cycle before a SEV after LL_EXTI_EnableRisingTr
 123              		.loc 1 191 3 is_stmt 1 view .LVU22
 124              	.LBB70:
 125              	.LBI70:
 126              		.file 4 "Drivers/STM32WBxx_HAL_Driver/Inc/stm32wbxx_ll_exti.h"
   1:Drivers/STM32WBxx_HAL_Driver/Inc/stm32wbxx_ll_exti.h **** /**
   2:Drivers/STM32WBxx_HAL_Driver/Inc/stm32wbxx_ll_exti.h ****   ******************************************************************************
   3:Drivers/STM32WBxx_HAL_Driver/Inc/stm32wbxx_ll_exti.h ****   * @file    stm32wbxx_ll_exti.h
   4:Drivers/STM32WBxx_HAL_Driver/Inc/stm32wbxx_ll_exti.h ****   * @author  MCD Application Team
   5:Drivers/STM32WBxx_HAL_Driver/Inc/stm32wbxx_ll_exti.h ****   * @brief   Header file of EXTI LL module.
   6:Drivers/STM32WBxx_HAL_Driver/Inc/stm32wbxx_ll_exti.h ****   ******************************************************************************
   7:Drivers/STM32WBxx_HAL_Driver/Inc/stm32wbxx_ll_exti.h ****   * @attention
   8:Drivers/STM32WBxx_HAL_Driver/Inc/stm32wbxx_ll_exti.h ****   *
   9:Drivers/STM32WBxx_HAL_Driver/Inc/stm32wbxx_ll_exti.h ****   * Copyright (c) 2019 STMicroelectronics.
  10:Drivers/STM32WBxx_HAL_Driver/Inc/stm32wbxx_ll_exti.h ****   * All rights reserved.
  11:Drivers/STM32WBxx_HAL_Driver/Inc/stm32wbxx_ll_exti.h ****   *
  12:Drivers/STM32WBxx_HAL_Driver/Inc/stm32wbxx_ll_exti.h ****   * This software is licensed under terms that can be found in the LICENSE file
  13:Drivers/STM32WBxx_HAL_Driver/Inc/stm32wbxx_ll_exti.h ****   * in the root directory of this software component.
  14:Drivers/STM32WBxx_HAL_Driver/Inc/stm32wbxx_ll_exti.h ****   * If no LICENSE file comes with this software, it is provided AS-IS.
  15:Drivers/STM32WBxx_HAL_Driver/Inc/stm32wbxx_ll_exti.h ****   *
  16:Drivers/STM32WBxx_HAL_Driver/Inc/stm32wbxx_ll_exti.h ****   ******************************************************************************
  17:Drivers/STM32WBxx_HAL_Driver/Inc/stm32wbxx_ll_exti.h ****   */
  18:Drivers/STM32WBxx_HAL_Driver/Inc/stm32wbxx_ll_exti.h **** 
  19:Drivers/STM32WBxx_HAL_Driver/Inc/stm32wbxx_ll_exti.h **** /* Define to prevent recursive inclusion -------------------------------------*/
  20:Drivers/STM32WBxx_HAL_Driver/Inc/stm32wbxx_ll_exti.h **** #ifndef STM32WBxx_LL_EXTI_H
  21:Drivers/STM32WBxx_HAL_Driver/Inc/stm32wbxx_ll_exti.h **** #define STM32WBxx_LL_EXTI_H
  22:Drivers/STM32WBxx_HAL_Driver/Inc/stm32wbxx_ll_exti.h **** 
  23:Drivers/STM32WBxx_HAL_Driver/Inc/stm32wbxx_ll_exti.h **** #ifdef __cplusplus
  24:Drivers/STM32WBxx_HAL_Driver/Inc/stm32wbxx_ll_exti.h **** extern "C" {
  25:Drivers/STM32WBxx_HAL_Driver/Inc/stm32wbxx_ll_exti.h **** #endif
  26:Drivers/STM32WBxx_HAL_Driver/Inc/stm32wbxx_ll_exti.h **** 
  27:Drivers/STM32WBxx_HAL_Driver/Inc/stm32wbxx_ll_exti.h **** /* Includes ------------------------------------------------------------------*/
  28:Drivers/STM32WBxx_HAL_Driver/Inc/stm32wbxx_ll_exti.h **** #include "stm32wbxx.h"
  29:Drivers/STM32WBxx_HAL_Driver/Inc/stm32wbxx_ll_exti.h **** 
  30:Drivers/STM32WBxx_HAL_Driver/Inc/stm32wbxx_ll_exti.h **** /** @addtogroup STM32WBxx_LL_Driver
ARM GAS  C:\Users\843E~1\AppData\Local\Temp\ccJpJOBl.s 			page 57


  31:Drivers/STM32WBxx_HAL_Driver/Inc/stm32wbxx_ll_exti.h ****   * @{
  32:Drivers/STM32WBxx_HAL_Driver/Inc/stm32wbxx_ll_exti.h ****   */
  33:Drivers/STM32WBxx_HAL_Driver/Inc/stm32wbxx_ll_exti.h **** 
  34:Drivers/STM32WBxx_HAL_Driver/Inc/stm32wbxx_ll_exti.h **** #if defined (EXTI)
  35:Drivers/STM32WBxx_HAL_Driver/Inc/stm32wbxx_ll_exti.h **** 
  36:Drivers/STM32WBxx_HAL_Driver/Inc/stm32wbxx_ll_exti.h **** /** @defgroup EXTI_LL EXTI
  37:Drivers/STM32WBxx_HAL_Driver/Inc/stm32wbxx_ll_exti.h ****   * @{
  38:Drivers/STM32WBxx_HAL_Driver/Inc/stm32wbxx_ll_exti.h ****   */
  39:Drivers/STM32WBxx_HAL_Driver/Inc/stm32wbxx_ll_exti.h **** 
  40:Drivers/STM32WBxx_HAL_Driver/Inc/stm32wbxx_ll_exti.h **** /* Private types -------------------------------------------------------------*/
  41:Drivers/STM32WBxx_HAL_Driver/Inc/stm32wbxx_ll_exti.h **** /* Private variables ---------------------------------------------------------*/
  42:Drivers/STM32WBxx_HAL_Driver/Inc/stm32wbxx_ll_exti.h **** /* Private constants ---------------------------------------------------------*/
  43:Drivers/STM32WBxx_HAL_Driver/Inc/stm32wbxx_ll_exti.h **** /* Private Macros ------------------------------------------------------------*/
  44:Drivers/STM32WBxx_HAL_Driver/Inc/stm32wbxx_ll_exti.h **** #if defined(USE_FULL_LL_DRIVER)
  45:Drivers/STM32WBxx_HAL_Driver/Inc/stm32wbxx_ll_exti.h **** /** @defgroup EXTI_LL_Private_Macros EXTI Private Macros
  46:Drivers/STM32WBxx_HAL_Driver/Inc/stm32wbxx_ll_exti.h ****   * @{
  47:Drivers/STM32WBxx_HAL_Driver/Inc/stm32wbxx_ll_exti.h ****   */
  48:Drivers/STM32WBxx_HAL_Driver/Inc/stm32wbxx_ll_exti.h **** /**
  49:Drivers/STM32WBxx_HAL_Driver/Inc/stm32wbxx_ll_exti.h ****   * @}
  50:Drivers/STM32WBxx_HAL_Driver/Inc/stm32wbxx_ll_exti.h ****   */
  51:Drivers/STM32WBxx_HAL_Driver/Inc/stm32wbxx_ll_exti.h **** #endif /*USE_FULL_LL_DRIVER*/
  52:Drivers/STM32WBxx_HAL_Driver/Inc/stm32wbxx_ll_exti.h **** /* Exported types ------------------------------------------------------------*/
  53:Drivers/STM32WBxx_HAL_Driver/Inc/stm32wbxx_ll_exti.h **** #if defined(USE_FULL_LL_DRIVER)
  54:Drivers/STM32WBxx_HAL_Driver/Inc/stm32wbxx_ll_exti.h **** /** @defgroup EXTI_LL_ES_INIT EXTI Exported Init structure
  55:Drivers/STM32WBxx_HAL_Driver/Inc/stm32wbxx_ll_exti.h ****   * @{
  56:Drivers/STM32WBxx_HAL_Driver/Inc/stm32wbxx_ll_exti.h ****   */
  57:Drivers/STM32WBxx_HAL_Driver/Inc/stm32wbxx_ll_exti.h **** typedef struct
  58:Drivers/STM32WBxx_HAL_Driver/Inc/stm32wbxx_ll_exti.h **** {
  59:Drivers/STM32WBxx_HAL_Driver/Inc/stm32wbxx_ll_exti.h **** 
  60:Drivers/STM32WBxx_HAL_Driver/Inc/stm32wbxx_ll_exti.h ****   uint32_t Line_0_31;           /*!< Specifies the EXTI lines to be enabled or disabled for Lines i
  61:Drivers/STM32WBxx_HAL_Driver/Inc/stm32wbxx_ll_exti.h ****                                      This parameter can be any combination of @ref EXTI_LL_EC_LINE 
  62:Drivers/STM32WBxx_HAL_Driver/Inc/stm32wbxx_ll_exti.h **** 
  63:Drivers/STM32WBxx_HAL_Driver/Inc/stm32wbxx_ll_exti.h ****   uint32_t Line_32_63;          /*!< Specifies the EXTI lines to be enabled or disabled for Lines i
  64:Drivers/STM32WBxx_HAL_Driver/Inc/stm32wbxx_ll_exti.h ****                                      This parameter can be any combination of @ref EXTI_LL_EC_LINE 
  65:Drivers/STM32WBxx_HAL_Driver/Inc/stm32wbxx_ll_exti.h **** 
  66:Drivers/STM32WBxx_HAL_Driver/Inc/stm32wbxx_ll_exti.h ****   FunctionalState LineCommand;  /*!< Specifies the new state of the selected EXTI lines.
  67:Drivers/STM32WBxx_HAL_Driver/Inc/stm32wbxx_ll_exti.h ****                                      This parameter can be set either to ENABLE or DISABLE */
  68:Drivers/STM32WBxx_HAL_Driver/Inc/stm32wbxx_ll_exti.h **** 
  69:Drivers/STM32WBxx_HAL_Driver/Inc/stm32wbxx_ll_exti.h ****   uint8_t Mode;                 /*!< Specifies the mode for the EXTI lines.
  70:Drivers/STM32WBxx_HAL_Driver/Inc/stm32wbxx_ll_exti.h ****                                      This parameter can be a value of @ref EXTI_LL_EC_MODE. */
  71:Drivers/STM32WBxx_HAL_Driver/Inc/stm32wbxx_ll_exti.h **** 
  72:Drivers/STM32WBxx_HAL_Driver/Inc/stm32wbxx_ll_exti.h ****   uint8_t Trigger;              /*!< Specifies the trigger signal active edge for the EXTI lines.
  73:Drivers/STM32WBxx_HAL_Driver/Inc/stm32wbxx_ll_exti.h ****                                      This parameter can be a value of @ref EXTI_LL_EC_TRIGGER. */
  74:Drivers/STM32WBxx_HAL_Driver/Inc/stm32wbxx_ll_exti.h **** } LL_EXTI_InitTypeDef;
  75:Drivers/STM32WBxx_HAL_Driver/Inc/stm32wbxx_ll_exti.h **** 
  76:Drivers/STM32WBxx_HAL_Driver/Inc/stm32wbxx_ll_exti.h **** /**
  77:Drivers/STM32WBxx_HAL_Driver/Inc/stm32wbxx_ll_exti.h ****   * @}
  78:Drivers/STM32WBxx_HAL_Driver/Inc/stm32wbxx_ll_exti.h ****   */
  79:Drivers/STM32WBxx_HAL_Driver/Inc/stm32wbxx_ll_exti.h **** #endif /*USE_FULL_LL_DRIVER*/
  80:Drivers/STM32WBxx_HAL_Driver/Inc/stm32wbxx_ll_exti.h **** 
  81:Drivers/STM32WBxx_HAL_Driver/Inc/stm32wbxx_ll_exti.h **** /* Exported constants --------------------------------------------------------*/
  82:Drivers/STM32WBxx_HAL_Driver/Inc/stm32wbxx_ll_exti.h **** /** @defgroup EXTI_LL_Exported_Constants EXTI Exported Constants
  83:Drivers/STM32WBxx_HAL_Driver/Inc/stm32wbxx_ll_exti.h ****   * @{
  84:Drivers/STM32WBxx_HAL_Driver/Inc/stm32wbxx_ll_exti.h ****   */
  85:Drivers/STM32WBxx_HAL_Driver/Inc/stm32wbxx_ll_exti.h **** 
  86:Drivers/STM32WBxx_HAL_Driver/Inc/stm32wbxx_ll_exti.h **** /** @defgroup EXTI_LL_EC_LINE LINE
  87:Drivers/STM32WBxx_HAL_Driver/Inc/stm32wbxx_ll_exti.h ****   * @{
ARM GAS  C:\Users\843E~1\AppData\Local\Temp\ccJpJOBl.s 			page 58


  88:Drivers/STM32WBxx_HAL_Driver/Inc/stm32wbxx_ll_exti.h ****   */
  89:Drivers/STM32WBxx_HAL_Driver/Inc/stm32wbxx_ll_exti.h **** #define LL_EXTI_LINE_0                 EXTI_IMR1_IM0           /*!< Extended line 0 */
  90:Drivers/STM32WBxx_HAL_Driver/Inc/stm32wbxx_ll_exti.h **** #define LL_EXTI_LINE_1                 EXTI_IMR1_IM1           /*!< Extended line 1 */
  91:Drivers/STM32WBxx_HAL_Driver/Inc/stm32wbxx_ll_exti.h **** #define LL_EXTI_LINE_2                 EXTI_IMR1_IM2           /*!< Extended line 2 */
  92:Drivers/STM32WBxx_HAL_Driver/Inc/stm32wbxx_ll_exti.h **** #define LL_EXTI_LINE_3                 EXTI_IMR1_IM3           /*!< Extended line 3 */
  93:Drivers/STM32WBxx_HAL_Driver/Inc/stm32wbxx_ll_exti.h **** #define LL_EXTI_LINE_4                 EXTI_IMR1_IM4           /*!< Extended line 4 */
  94:Drivers/STM32WBxx_HAL_Driver/Inc/stm32wbxx_ll_exti.h **** #define LL_EXTI_LINE_5                 EXTI_IMR1_IM5           /*!< Extended line 5 */
  95:Drivers/STM32WBxx_HAL_Driver/Inc/stm32wbxx_ll_exti.h **** #define LL_EXTI_LINE_6                 EXTI_IMR1_IM6           /*!< Extended line 6 */
  96:Drivers/STM32WBxx_HAL_Driver/Inc/stm32wbxx_ll_exti.h **** #define LL_EXTI_LINE_7                 EXTI_IMR1_IM7           /*!< Extended line 7 */
  97:Drivers/STM32WBxx_HAL_Driver/Inc/stm32wbxx_ll_exti.h **** #define LL_EXTI_LINE_8                 EXTI_IMR1_IM8           /*!< Extended line 8 */
  98:Drivers/STM32WBxx_HAL_Driver/Inc/stm32wbxx_ll_exti.h **** #define LL_EXTI_LINE_9                 EXTI_IMR1_IM9           /*!< Extended line 9 */
  99:Drivers/STM32WBxx_HAL_Driver/Inc/stm32wbxx_ll_exti.h **** #define LL_EXTI_LINE_10                EXTI_IMR1_IM10          /*!< Extended line 10 */
 100:Drivers/STM32WBxx_HAL_Driver/Inc/stm32wbxx_ll_exti.h **** #define LL_EXTI_LINE_11                EXTI_IMR1_IM11          /*!< Extended line 11 */
 101:Drivers/STM32WBxx_HAL_Driver/Inc/stm32wbxx_ll_exti.h **** #define LL_EXTI_LINE_12                EXTI_IMR1_IM12          /*!< Extended line 12 */
 102:Drivers/STM32WBxx_HAL_Driver/Inc/stm32wbxx_ll_exti.h **** #define LL_EXTI_LINE_13                EXTI_IMR1_IM13          /*!< Extended line 13 */
 103:Drivers/STM32WBxx_HAL_Driver/Inc/stm32wbxx_ll_exti.h **** #define LL_EXTI_LINE_14                EXTI_IMR1_IM14          /*!< Extended line 14 */
 104:Drivers/STM32WBxx_HAL_Driver/Inc/stm32wbxx_ll_exti.h **** #define LL_EXTI_LINE_15                EXTI_IMR1_IM15          /*!< Extended line 15 */
 105:Drivers/STM32WBxx_HAL_Driver/Inc/stm32wbxx_ll_exti.h **** #define LL_EXTI_LINE_16                EXTI_IMR1_IM16          /*!< Extended line 16 */
 106:Drivers/STM32WBxx_HAL_Driver/Inc/stm32wbxx_ll_exti.h **** #define LL_EXTI_LINE_17                EXTI_IMR1_IM17          /*!< Extended line 17 */
 107:Drivers/STM32WBxx_HAL_Driver/Inc/stm32wbxx_ll_exti.h **** #define LL_EXTI_LINE_18                EXTI_IMR1_IM18          /*!< Extended line 18 */
 108:Drivers/STM32WBxx_HAL_Driver/Inc/stm32wbxx_ll_exti.h **** #define LL_EXTI_LINE_19                EXTI_IMR1_IM19          /*!< Extended line 19 */
 109:Drivers/STM32WBxx_HAL_Driver/Inc/stm32wbxx_ll_exti.h **** #if defined (STM32WB55xx) || defined (STM32WB5Mxx) || defined (STM32WB35xx) || defined (STM32WB15xx
 110:Drivers/STM32WBxx_HAL_Driver/Inc/stm32wbxx_ll_exti.h **** #define LL_EXTI_LINE_20                EXTI_IMR1_IM20          /*!< Extended line 20 */
 111:Drivers/STM32WBxx_HAL_Driver/Inc/stm32wbxx_ll_exti.h **** #endif /* STM32WB55xx || STM32WB5Mxx || ... */
 112:Drivers/STM32WBxx_HAL_Driver/Inc/stm32wbxx_ll_exti.h **** #if defined (STM32WB55xx) || defined (STM32WB5Mxx) || defined (STM32WB35xx)
 113:Drivers/STM32WBxx_HAL_Driver/Inc/stm32wbxx_ll_exti.h **** #define LL_EXTI_LINE_21                EXTI_IMR1_IM21          /*!< Extended line 21 */
 114:Drivers/STM32WBxx_HAL_Driver/Inc/stm32wbxx_ll_exti.h **** #endif /* STM32WB55xx || STM32WB5Mxx || STM32WB35xx */
 115:Drivers/STM32WBxx_HAL_Driver/Inc/stm32wbxx_ll_exti.h **** #define LL_EXTI_LINE_22                EXTI_IMR1_IM22          /*!< Extended line 22 */
 116:Drivers/STM32WBxx_HAL_Driver/Inc/stm32wbxx_ll_exti.h **** #if defined (STM32WB55xx) || defined (STM32WB5Mxx) || defined (STM32WB35xx)
 117:Drivers/STM32WBxx_HAL_Driver/Inc/stm32wbxx_ll_exti.h **** #define LL_EXTI_LINE_23                EXTI_IMR1_IM23          /*!< Extended line 23 */
 118:Drivers/STM32WBxx_HAL_Driver/Inc/stm32wbxx_ll_exti.h **** #endif /* STM32WB55xx || STM32WB5Mxx || STM32WB35xx */
 119:Drivers/STM32WBxx_HAL_Driver/Inc/stm32wbxx_ll_exti.h **** #define LL_EXTI_LINE_24                EXTI_IMR1_IM24          /*!< Extended line 24 */
 120:Drivers/STM32WBxx_HAL_Driver/Inc/stm32wbxx_ll_exti.h **** #if defined (STM32WB55xx) || defined (STM32WB5Mxx) || defined (STM32WB35xx) || defined (STM32WB15xx
 121:Drivers/STM32WBxx_HAL_Driver/Inc/stm32wbxx_ll_exti.h **** #define LL_EXTI_LINE_25                EXTI_IMR1_IM25          /*!< Extended line 25 */
 122:Drivers/STM32WBxx_HAL_Driver/Inc/stm32wbxx_ll_exti.h **** #endif /* STM32WB55xx || STM32WB5Mxx || ... */
 123:Drivers/STM32WBxx_HAL_Driver/Inc/stm32wbxx_ll_exti.h **** #if defined (STM32WB55xx) || defined (STM32WB5Mxx) || defined (STM32WB35xx)
 124:Drivers/STM32WBxx_HAL_Driver/Inc/stm32wbxx_ll_exti.h **** #define LL_EXTI_LINE_28                EXTI_IMR1_IM28          /*!< Extended line 28 */
 125:Drivers/STM32WBxx_HAL_Driver/Inc/stm32wbxx_ll_exti.h **** #endif /* STM32WB55xx || STM32WB5Mxx || STM32WB35xx */
 126:Drivers/STM32WBxx_HAL_Driver/Inc/stm32wbxx_ll_exti.h **** #define LL_EXTI_LINE_29                EXTI_IMR1_IM29          /*!< Extended line 29 */
 127:Drivers/STM32WBxx_HAL_Driver/Inc/stm32wbxx_ll_exti.h **** #define LL_EXTI_LINE_30                EXTI_IMR1_IM30          /*!< Extended line 30 */
 128:Drivers/STM32WBxx_HAL_Driver/Inc/stm32wbxx_ll_exti.h **** #if defined (STM32WB55xx) || defined (STM32WB5Mxx) || defined (STM32WB35xx) || defined (STM32WB15xx
 129:Drivers/STM32WBxx_HAL_Driver/Inc/stm32wbxx_ll_exti.h **** #define LL_EXTI_LINE_31                EXTI_IMR1_IM31          /*!< Extended line 31 */
 130:Drivers/STM32WBxx_HAL_Driver/Inc/stm32wbxx_ll_exti.h **** #endif /* STM32WB55xx || STM32WB5Mxx || ... */
 131:Drivers/STM32WBxx_HAL_Driver/Inc/stm32wbxx_ll_exti.h **** 
 132:Drivers/STM32WBxx_HAL_Driver/Inc/stm32wbxx_ll_exti.h **** #if defined (STM32WB55xx) || defined (STM32WB5Mxx) || defined (STM32WB35xx)
 133:Drivers/STM32WBxx_HAL_Driver/Inc/stm32wbxx_ll_exti.h **** #define LL_EXTI_LINE_ALL_0_31          (LL_EXTI_LINE_0 | LL_EXTI_LINE_1 | LL_EXTI_LINE_2 | \
 134:Drivers/STM32WBxx_HAL_Driver/Inc/stm32wbxx_ll_exti.h ****                                         LL_EXTI_LINE_3 | LL_EXTI_LINE_4 | LL_EXTI_LINE_5 | \
 135:Drivers/STM32WBxx_HAL_Driver/Inc/stm32wbxx_ll_exti.h ****                                         LL_EXTI_LINE_6 | LL_EXTI_LINE_7 | LL_EXTI_LINE_8 | \
 136:Drivers/STM32WBxx_HAL_Driver/Inc/stm32wbxx_ll_exti.h ****                                         LL_EXTI_LINE_9 | LL_EXTI_LINE_10 | LL_EXTI_LINE_11 | \
 137:Drivers/STM32WBxx_HAL_Driver/Inc/stm32wbxx_ll_exti.h ****                                         LL_EXTI_LINE_12 | LL_EXTI_LINE_13 | LL_EXTI_LINE_14 | \
 138:Drivers/STM32WBxx_HAL_Driver/Inc/stm32wbxx_ll_exti.h ****                                         LL_EXTI_LINE_15 | LL_EXTI_LINE_16 | LL_EXTI_LINE_17 | \
 139:Drivers/STM32WBxx_HAL_Driver/Inc/stm32wbxx_ll_exti.h ****                                         LL_EXTI_LINE_18 | LL_EXTI_LINE_19 | LL_EXTI_LINE_20 | \
 140:Drivers/STM32WBxx_HAL_Driver/Inc/stm32wbxx_ll_exti.h ****                                         LL_EXTI_LINE_21 | LL_EXTI_LINE_22 | LL_EXTI_LINE_23 | \
 141:Drivers/STM32WBxx_HAL_Driver/Inc/stm32wbxx_ll_exti.h ****                                         LL_EXTI_LINE_24 | LL_EXTI_LINE_25 | LL_EXTI_LINE_28 | \
 142:Drivers/STM32WBxx_HAL_Driver/Inc/stm32wbxx_ll_exti.h ****                                         LL_EXTI_LINE_29 | LL_EXTI_LINE_30 | LL_EXTI_LINE_31) /*!< A
 143:Drivers/STM32WBxx_HAL_Driver/Inc/stm32wbxx_ll_exti.h **** #elif defined (STM32WB15xx) || defined(STM32WB1Mxx)
 144:Drivers/STM32WBxx_HAL_Driver/Inc/stm32wbxx_ll_exti.h **** #define LL_EXTI_LINE_ALL_0_31          (LL_EXTI_LINE_0 | LL_EXTI_LINE_1 | LL_EXTI_LINE_2 | \
ARM GAS  C:\Users\843E~1\AppData\Local\Temp\ccJpJOBl.s 			page 59


 145:Drivers/STM32WBxx_HAL_Driver/Inc/stm32wbxx_ll_exti.h ****                                         LL_EXTI_LINE_3 | LL_EXTI_LINE_4 | LL_EXTI_LINE_5 | \
 146:Drivers/STM32WBxx_HAL_Driver/Inc/stm32wbxx_ll_exti.h ****                                         LL_EXTI_LINE_6 | LL_EXTI_LINE_7 | LL_EXTI_LINE_8 | \
 147:Drivers/STM32WBxx_HAL_Driver/Inc/stm32wbxx_ll_exti.h ****                                         LL_EXTI_LINE_9 | LL_EXTI_LINE_10 | LL_EXTI_LINE_11 | \
 148:Drivers/STM32WBxx_HAL_Driver/Inc/stm32wbxx_ll_exti.h ****                                         LL_EXTI_LINE_12 | LL_EXTI_LINE_13 | LL_EXTI_LINE_14 | \
 149:Drivers/STM32WBxx_HAL_Driver/Inc/stm32wbxx_ll_exti.h ****                                         LL_EXTI_LINE_15 | LL_EXTI_LINE_16 | LL_EXTI_LINE_17 | \
 150:Drivers/STM32WBxx_HAL_Driver/Inc/stm32wbxx_ll_exti.h ****                                         LL_EXTI_LINE_18 | LL_EXTI_LINE_19 | LL_EXTI_LINE_20 | \
 151:Drivers/STM32WBxx_HAL_Driver/Inc/stm32wbxx_ll_exti.h ****                                         LL_EXTI_LINE_22 | LL_EXTI_LINE_24 | LL_EXTI_LINE_25 | \
 152:Drivers/STM32WBxx_HAL_Driver/Inc/stm32wbxx_ll_exti.h ****                                         LL_EXTI_LINE_29 | LL_EXTI_LINE_30 | LL_EXTI_LINE_31) /*!< A
 153:Drivers/STM32WBxx_HAL_Driver/Inc/stm32wbxx_ll_exti.h **** #else
 154:Drivers/STM32WBxx_HAL_Driver/Inc/stm32wbxx_ll_exti.h **** #define LL_EXTI_LINE_ALL_0_31          (LL_EXTI_LINE_0 | LL_EXTI_LINE_1 | LL_EXTI_LINE_2 | \
 155:Drivers/STM32WBxx_HAL_Driver/Inc/stm32wbxx_ll_exti.h ****                                         LL_EXTI_LINE_3 | LL_EXTI_LINE_4 | LL_EXTI_LINE_5 | \
 156:Drivers/STM32WBxx_HAL_Driver/Inc/stm32wbxx_ll_exti.h ****                                         LL_EXTI_LINE_6 | LL_EXTI_LINE_7 | LL_EXTI_LINE_8 | \
 157:Drivers/STM32WBxx_HAL_Driver/Inc/stm32wbxx_ll_exti.h ****                                         LL_EXTI_LINE_9 | LL_EXTI_LINE_10 | LL_EXTI_LINE_11 | \
 158:Drivers/STM32WBxx_HAL_Driver/Inc/stm32wbxx_ll_exti.h ****                                         LL_EXTI_LINE_12 | LL_EXTI_LINE_13 | LL_EXTI_LINE_14 | \
 159:Drivers/STM32WBxx_HAL_Driver/Inc/stm32wbxx_ll_exti.h ****                                         LL_EXTI_LINE_15 | LL_EXTI_LINE_16 | LL_EXTI_LINE_17 | \
 160:Drivers/STM32WBxx_HAL_Driver/Inc/stm32wbxx_ll_exti.h ****                                         LL_EXTI_LINE_18 | LL_EXTI_LINE_19 | LL_EXTI_LINE_22 | \
 161:Drivers/STM32WBxx_HAL_Driver/Inc/stm32wbxx_ll_exti.h ****                                         LL_EXTI_LINE_24 | LL_EXTI_LINE_29 | LL_EXTI_LINE_30) /*!< A
 162:Drivers/STM32WBxx_HAL_Driver/Inc/stm32wbxx_ll_exti.h **** #endif /* STM32WB55xx || STM32WB5Mxx || STM32WB35xx */
 163:Drivers/STM32WBxx_HAL_Driver/Inc/stm32wbxx_ll_exti.h **** 
 164:Drivers/STM32WBxx_HAL_Driver/Inc/stm32wbxx_ll_exti.h **** #define LL_EXTI_LINE_33                EXTI_IMR2_IM33          /*!< Extended line 33 */
 165:Drivers/STM32WBxx_HAL_Driver/Inc/stm32wbxx_ll_exti.h **** #define LL_EXTI_LINE_36                EXTI_IMR2_IM36          /*!< Extended line 36 */
 166:Drivers/STM32WBxx_HAL_Driver/Inc/stm32wbxx_ll_exti.h **** #define LL_EXTI_LINE_37                EXTI_IMR2_IM37          /*!< Extended line 37 */
 167:Drivers/STM32WBxx_HAL_Driver/Inc/stm32wbxx_ll_exti.h **** #define LL_EXTI_LINE_38                EXTI_IMR2_IM38          /*!< Extended line 38 */
 168:Drivers/STM32WBxx_HAL_Driver/Inc/stm32wbxx_ll_exti.h **** #define LL_EXTI_LINE_39                EXTI_IMR2_IM39          /*!< Extended line 39 */
 169:Drivers/STM32WBxx_HAL_Driver/Inc/stm32wbxx_ll_exti.h **** #define LL_EXTI_LINE_40                EXTI_IMR2_IM40          /*!< Extended line 40 */
 170:Drivers/STM32WBxx_HAL_Driver/Inc/stm32wbxx_ll_exti.h **** #define LL_EXTI_LINE_41                EXTI_IMR2_IM41          /*!< Extended line 41 */
 171:Drivers/STM32WBxx_HAL_Driver/Inc/stm32wbxx_ll_exti.h **** #define LL_EXTI_LINE_42                EXTI_IMR2_IM42          /*!< Extended line 42 */
 172:Drivers/STM32WBxx_HAL_Driver/Inc/stm32wbxx_ll_exti.h **** #if defined (STM32WB55xx) || defined (STM32WB5Mxx)
 173:Drivers/STM32WBxx_HAL_Driver/Inc/stm32wbxx_ll_exti.h **** #define LL_EXTI_LINE_43                EXTI_IMR2_IM43          /*!< Extended line 43 */
 174:Drivers/STM32WBxx_HAL_Driver/Inc/stm32wbxx_ll_exti.h **** #endif /* STM32WB55xx || STM32WB5Mxx */
 175:Drivers/STM32WBxx_HAL_Driver/Inc/stm32wbxx_ll_exti.h **** #define LL_EXTI_LINE_44                EXTI_IMR2_IM44          /*!< Extended line 44 */
 176:Drivers/STM32WBxx_HAL_Driver/Inc/stm32wbxx_ll_exti.h **** #define LL_EXTI_LINE_45                EXTI_IMR2_IM45          /*!< Extended line 45 */
 177:Drivers/STM32WBxx_HAL_Driver/Inc/stm32wbxx_ll_exti.h **** #if defined (STM32WB55xx) || defined (STM32WB5Mxx) || defined (STM32WB50xx) || defined (STM32WB35xx
 178:Drivers/STM32WBxx_HAL_Driver/Inc/stm32wbxx_ll_exti.h **** #define LL_EXTI_LINE_46                EXTI_IMR2_IM46          /*!< Extended line 46 */
 179:Drivers/STM32WBxx_HAL_Driver/Inc/stm32wbxx_ll_exti.h **** #endif /* STM32WB55xx || STM32WB5Mxx || ... */
 180:Drivers/STM32WBxx_HAL_Driver/Inc/stm32wbxx_ll_exti.h **** #define LL_EXTI_LINE_48                EXTI_IMR2_IM48          /*!< Extended line 48 */
 181:Drivers/STM32WBxx_HAL_Driver/Inc/stm32wbxx_ll_exti.h **** 
 182:Drivers/STM32WBxx_HAL_Driver/Inc/stm32wbxx_ll_exti.h **** #if defined (STM32WB55xx) || defined (STM32WB5Mxx)
 183:Drivers/STM32WBxx_HAL_Driver/Inc/stm32wbxx_ll_exti.h **** #define LL_EXTI_LINE_ALL_32_63         (LL_EXTI_LINE_33 | LL_EXTI_LINE_36 | LL_EXTI_LINE_37 | \
 184:Drivers/STM32WBxx_HAL_Driver/Inc/stm32wbxx_ll_exti.h ****                                         LL_EXTI_LINE_38 | LL_EXTI_LINE_39 | LL_EXTI_LINE_40 | \
 185:Drivers/STM32WBxx_HAL_Driver/Inc/stm32wbxx_ll_exti.h ****                                         LL_EXTI_LINE_41 | LL_EXTI_LINE_42 | LL_EXTI_LINE_43 | \
 186:Drivers/STM32WBxx_HAL_Driver/Inc/stm32wbxx_ll_exti.h ****                                         LL_EXTI_LINE_44 | LL_EXTI_LINE_45 | LL_EXTI_LINE_46 | \
 187:Drivers/STM32WBxx_HAL_Driver/Inc/stm32wbxx_ll_exti.h ****                                         LL_EXTI_LINE_48)                    /*!< All Extended line 
 188:Drivers/STM32WBxx_HAL_Driver/Inc/stm32wbxx_ll_exti.h **** #elif defined (STM32WB50xx) || defined (STM32WB35xx) || defined (STM32WB30xx)
 189:Drivers/STM32WBxx_HAL_Driver/Inc/stm32wbxx_ll_exti.h **** #define LL_EXTI_LINE_ALL_32_63         (LL_EXTI_LINE_33 | LL_EXTI_LINE_36 | LL_EXTI_LINE_37 | \
 190:Drivers/STM32WBxx_HAL_Driver/Inc/stm32wbxx_ll_exti.h ****                                         LL_EXTI_LINE_38 | LL_EXTI_LINE_39 | LL_EXTI_LINE_40 | \
 191:Drivers/STM32WBxx_HAL_Driver/Inc/stm32wbxx_ll_exti.h ****                                         LL_EXTI_LINE_41 | LL_EXTI_LINE_42 | LL_EXTI_LINE_44 | \
 192:Drivers/STM32WBxx_HAL_Driver/Inc/stm32wbxx_ll_exti.h ****                                         LL_EXTI_LINE_45 | LL_EXTI_LINE_46 | LL_EXTI_LINE_48)  /*!< 
 193:Drivers/STM32WBxx_HAL_Driver/Inc/stm32wbxx_ll_exti.h **** #else
 194:Drivers/STM32WBxx_HAL_Driver/Inc/stm32wbxx_ll_exti.h **** #define LL_EXTI_LINE_ALL_32_63         (LL_EXTI_LINE_33 | LL_EXTI_LINE_36 | LL_EXTI_LINE_37 | \
 195:Drivers/STM32WBxx_HAL_Driver/Inc/stm32wbxx_ll_exti.h ****                                         LL_EXTI_LINE_38 | LL_EXTI_LINE_39 | LL_EXTI_LINE_40 | \
 196:Drivers/STM32WBxx_HAL_Driver/Inc/stm32wbxx_ll_exti.h ****                                         LL_EXTI_LINE_41 | LL_EXTI_LINE_42 | LL_EXTI_LINE_44 | \
 197:Drivers/STM32WBxx_HAL_Driver/Inc/stm32wbxx_ll_exti.h ****                                         LL_EXTI_LINE_45 | LL_EXTI_LINE_48)  /*!< All Extended line 
 198:Drivers/STM32WBxx_HAL_Driver/Inc/stm32wbxx_ll_exti.h **** #endif /* STM32WB55xx || STM32WB5Mxx */
 199:Drivers/STM32WBxx_HAL_Driver/Inc/stm32wbxx_ll_exti.h **** 
 200:Drivers/STM32WBxx_HAL_Driver/Inc/stm32wbxx_ll_exti.h **** 
 201:Drivers/STM32WBxx_HAL_Driver/Inc/stm32wbxx_ll_exti.h **** #define LL_EXTI_LINE_ALL               (0xFFFFFFFFU)  /*!< All Extended line */
ARM GAS  C:\Users\843E~1\AppData\Local\Temp\ccJpJOBl.s 			page 60


 202:Drivers/STM32WBxx_HAL_Driver/Inc/stm32wbxx_ll_exti.h **** 
 203:Drivers/STM32WBxx_HAL_Driver/Inc/stm32wbxx_ll_exti.h **** #if defined(USE_FULL_LL_DRIVER)
 204:Drivers/STM32WBxx_HAL_Driver/Inc/stm32wbxx_ll_exti.h **** #define LL_EXTI_LINE_NONE              (0x00000000U)  /*!< None Extended line */
 205:Drivers/STM32WBxx_HAL_Driver/Inc/stm32wbxx_ll_exti.h **** #endif /*USE_FULL_LL_DRIVER*/
 206:Drivers/STM32WBxx_HAL_Driver/Inc/stm32wbxx_ll_exti.h **** 
 207:Drivers/STM32WBxx_HAL_Driver/Inc/stm32wbxx_ll_exti.h **** /**
 208:Drivers/STM32WBxx_HAL_Driver/Inc/stm32wbxx_ll_exti.h ****   * @}
 209:Drivers/STM32WBxx_HAL_Driver/Inc/stm32wbxx_ll_exti.h ****   */
 210:Drivers/STM32WBxx_HAL_Driver/Inc/stm32wbxx_ll_exti.h **** #if defined(USE_FULL_LL_DRIVER)
 211:Drivers/STM32WBxx_HAL_Driver/Inc/stm32wbxx_ll_exti.h **** 
 212:Drivers/STM32WBxx_HAL_Driver/Inc/stm32wbxx_ll_exti.h **** /** @defgroup EXTI_LL_EC_MODE Mode
 213:Drivers/STM32WBxx_HAL_Driver/Inc/stm32wbxx_ll_exti.h ****   * @{
 214:Drivers/STM32WBxx_HAL_Driver/Inc/stm32wbxx_ll_exti.h ****   */
 215:Drivers/STM32WBxx_HAL_Driver/Inc/stm32wbxx_ll_exti.h **** #define LL_EXTI_MODE_IT                 ((uint8_t)0x00U) /*!< Interrupt Mode */
 216:Drivers/STM32WBxx_HAL_Driver/Inc/stm32wbxx_ll_exti.h **** #define LL_EXTI_MODE_EVENT              ((uint8_t)0x01U) /*!< Event Mode */
 217:Drivers/STM32WBxx_HAL_Driver/Inc/stm32wbxx_ll_exti.h **** #define LL_EXTI_MODE_IT_EVENT           ((uint8_t)0x02U) /*!< Interrupt & Event Mode */
 218:Drivers/STM32WBxx_HAL_Driver/Inc/stm32wbxx_ll_exti.h **** /**
 219:Drivers/STM32WBxx_HAL_Driver/Inc/stm32wbxx_ll_exti.h ****   * @}
 220:Drivers/STM32WBxx_HAL_Driver/Inc/stm32wbxx_ll_exti.h ****   */
 221:Drivers/STM32WBxx_HAL_Driver/Inc/stm32wbxx_ll_exti.h **** 
 222:Drivers/STM32WBxx_HAL_Driver/Inc/stm32wbxx_ll_exti.h **** /** @defgroup EXTI_LL_EC_TRIGGER Edge Trigger
 223:Drivers/STM32WBxx_HAL_Driver/Inc/stm32wbxx_ll_exti.h ****   * @{
 224:Drivers/STM32WBxx_HAL_Driver/Inc/stm32wbxx_ll_exti.h ****   */
 225:Drivers/STM32WBxx_HAL_Driver/Inc/stm32wbxx_ll_exti.h **** #define LL_EXTI_TRIGGER_NONE            ((uint8_t)0x00U) /*!< No Trigger Mode */
 226:Drivers/STM32WBxx_HAL_Driver/Inc/stm32wbxx_ll_exti.h **** #define LL_EXTI_TRIGGER_RISING          ((uint8_t)0x01U) /*!< Trigger Rising Mode */
 227:Drivers/STM32WBxx_HAL_Driver/Inc/stm32wbxx_ll_exti.h **** #define LL_EXTI_TRIGGER_FALLING         ((uint8_t)0x02U) /*!< Trigger Falling Mode */
 228:Drivers/STM32WBxx_HAL_Driver/Inc/stm32wbxx_ll_exti.h **** #define LL_EXTI_TRIGGER_RISING_FALLING  ((uint8_t)0x03U) /*!< Trigger Rising & Falling Mode */
 229:Drivers/STM32WBxx_HAL_Driver/Inc/stm32wbxx_ll_exti.h **** 
 230:Drivers/STM32WBxx_HAL_Driver/Inc/stm32wbxx_ll_exti.h **** /**
 231:Drivers/STM32WBxx_HAL_Driver/Inc/stm32wbxx_ll_exti.h ****   * @}
 232:Drivers/STM32WBxx_HAL_Driver/Inc/stm32wbxx_ll_exti.h ****   */
 233:Drivers/STM32WBxx_HAL_Driver/Inc/stm32wbxx_ll_exti.h **** 
 234:Drivers/STM32WBxx_HAL_Driver/Inc/stm32wbxx_ll_exti.h **** 
 235:Drivers/STM32WBxx_HAL_Driver/Inc/stm32wbxx_ll_exti.h **** #endif /*USE_FULL_LL_DRIVER*/
 236:Drivers/STM32WBxx_HAL_Driver/Inc/stm32wbxx_ll_exti.h **** 
 237:Drivers/STM32WBxx_HAL_Driver/Inc/stm32wbxx_ll_exti.h **** 
 238:Drivers/STM32WBxx_HAL_Driver/Inc/stm32wbxx_ll_exti.h **** /**
 239:Drivers/STM32WBxx_HAL_Driver/Inc/stm32wbxx_ll_exti.h ****   * @}
 240:Drivers/STM32WBxx_HAL_Driver/Inc/stm32wbxx_ll_exti.h ****   */
 241:Drivers/STM32WBxx_HAL_Driver/Inc/stm32wbxx_ll_exti.h **** 
 242:Drivers/STM32WBxx_HAL_Driver/Inc/stm32wbxx_ll_exti.h **** /* Exported macro ------------------------------------------------------------*/
 243:Drivers/STM32WBxx_HAL_Driver/Inc/stm32wbxx_ll_exti.h **** /** @defgroup EXTI_LL_Exported_Macros EXTI Exported Macros
 244:Drivers/STM32WBxx_HAL_Driver/Inc/stm32wbxx_ll_exti.h ****   * @{
 245:Drivers/STM32WBxx_HAL_Driver/Inc/stm32wbxx_ll_exti.h ****   */
 246:Drivers/STM32WBxx_HAL_Driver/Inc/stm32wbxx_ll_exti.h **** 
 247:Drivers/STM32WBxx_HAL_Driver/Inc/stm32wbxx_ll_exti.h **** /** @defgroup EXTI_LL_EM_WRITE_READ Common Write and read registers Macros
 248:Drivers/STM32WBxx_HAL_Driver/Inc/stm32wbxx_ll_exti.h ****   * @{
 249:Drivers/STM32WBxx_HAL_Driver/Inc/stm32wbxx_ll_exti.h ****   */
 250:Drivers/STM32WBxx_HAL_Driver/Inc/stm32wbxx_ll_exti.h **** 
 251:Drivers/STM32WBxx_HAL_Driver/Inc/stm32wbxx_ll_exti.h **** /**
 252:Drivers/STM32WBxx_HAL_Driver/Inc/stm32wbxx_ll_exti.h ****   * @brief  Write a value in EXTI register
 253:Drivers/STM32WBxx_HAL_Driver/Inc/stm32wbxx_ll_exti.h ****   * @param  __REG__ Register to be written
 254:Drivers/STM32WBxx_HAL_Driver/Inc/stm32wbxx_ll_exti.h ****   * @param  __VALUE__ Value to be written in the register
 255:Drivers/STM32WBxx_HAL_Driver/Inc/stm32wbxx_ll_exti.h ****   * @retval None
 256:Drivers/STM32WBxx_HAL_Driver/Inc/stm32wbxx_ll_exti.h ****   */
 257:Drivers/STM32WBxx_HAL_Driver/Inc/stm32wbxx_ll_exti.h **** #define LL_EXTI_WriteReg(__REG__, __VALUE__) WRITE_REG(EXTI->__REG__, (__VALUE__))
 258:Drivers/STM32WBxx_HAL_Driver/Inc/stm32wbxx_ll_exti.h **** 
ARM GAS  C:\Users\843E~1\AppData\Local\Temp\ccJpJOBl.s 			page 61


 259:Drivers/STM32WBxx_HAL_Driver/Inc/stm32wbxx_ll_exti.h **** /**
 260:Drivers/STM32WBxx_HAL_Driver/Inc/stm32wbxx_ll_exti.h ****   * @brief  Read a value in EXTI register
 261:Drivers/STM32WBxx_HAL_Driver/Inc/stm32wbxx_ll_exti.h ****   * @param  __REG__ Register to be read
 262:Drivers/STM32WBxx_HAL_Driver/Inc/stm32wbxx_ll_exti.h ****   * @retval Register value
 263:Drivers/STM32WBxx_HAL_Driver/Inc/stm32wbxx_ll_exti.h ****   */
 264:Drivers/STM32WBxx_HAL_Driver/Inc/stm32wbxx_ll_exti.h **** #define LL_EXTI_ReadReg(__REG__) READ_REG(EXTI->__REG__)
 265:Drivers/STM32WBxx_HAL_Driver/Inc/stm32wbxx_ll_exti.h **** /**
 266:Drivers/STM32WBxx_HAL_Driver/Inc/stm32wbxx_ll_exti.h ****   * @}
 267:Drivers/STM32WBxx_HAL_Driver/Inc/stm32wbxx_ll_exti.h ****   */
 268:Drivers/STM32WBxx_HAL_Driver/Inc/stm32wbxx_ll_exti.h **** 
 269:Drivers/STM32WBxx_HAL_Driver/Inc/stm32wbxx_ll_exti.h **** 
 270:Drivers/STM32WBxx_HAL_Driver/Inc/stm32wbxx_ll_exti.h **** /**
 271:Drivers/STM32WBxx_HAL_Driver/Inc/stm32wbxx_ll_exti.h ****   * @}
 272:Drivers/STM32WBxx_HAL_Driver/Inc/stm32wbxx_ll_exti.h ****   */
 273:Drivers/STM32WBxx_HAL_Driver/Inc/stm32wbxx_ll_exti.h **** 
 274:Drivers/STM32WBxx_HAL_Driver/Inc/stm32wbxx_ll_exti.h **** 
 275:Drivers/STM32WBxx_HAL_Driver/Inc/stm32wbxx_ll_exti.h **** 
 276:Drivers/STM32WBxx_HAL_Driver/Inc/stm32wbxx_ll_exti.h **** /* Exported functions --------------------------------------------------------*/
 277:Drivers/STM32WBxx_HAL_Driver/Inc/stm32wbxx_ll_exti.h **** /** @defgroup EXTI_LL_Exported_Functions EXTI Exported Functions
 278:Drivers/STM32WBxx_HAL_Driver/Inc/stm32wbxx_ll_exti.h ****   * @{
 279:Drivers/STM32WBxx_HAL_Driver/Inc/stm32wbxx_ll_exti.h ****   */
 280:Drivers/STM32WBxx_HAL_Driver/Inc/stm32wbxx_ll_exti.h **** /** @defgroup EXTI_LL_EF_IT_Management IT_Management
 281:Drivers/STM32WBxx_HAL_Driver/Inc/stm32wbxx_ll_exti.h ****   * @{
 282:Drivers/STM32WBxx_HAL_Driver/Inc/stm32wbxx_ll_exti.h ****   */
 283:Drivers/STM32WBxx_HAL_Driver/Inc/stm32wbxx_ll_exti.h **** 
 284:Drivers/STM32WBxx_HAL_Driver/Inc/stm32wbxx_ll_exti.h **** /**
 285:Drivers/STM32WBxx_HAL_Driver/Inc/stm32wbxx_ll_exti.h ****   * @brief  Enable ExtiLine Interrupt request for Lines in range 0 to 31
 286:Drivers/STM32WBxx_HAL_Driver/Inc/stm32wbxx_ll_exti.h ****   * @rmtoll IMR1         IMx           LL_EXTI_EnableIT_0_31
 287:Drivers/STM32WBxx_HAL_Driver/Inc/stm32wbxx_ll_exti.h ****   * @param  ExtiLine This parameter can be a combination of the following values:
 288:Drivers/STM32WBxx_HAL_Driver/Inc/stm32wbxx_ll_exti.h ****   *         @arg @ref LL_EXTI_LINE_0
 289:Drivers/STM32WBxx_HAL_Driver/Inc/stm32wbxx_ll_exti.h ****   *         @arg @ref LL_EXTI_LINE_1
 290:Drivers/STM32WBxx_HAL_Driver/Inc/stm32wbxx_ll_exti.h ****   *         @arg @ref LL_EXTI_LINE_2
 291:Drivers/STM32WBxx_HAL_Driver/Inc/stm32wbxx_ll_exti.h ****   *         @arg @ref LL_EXTI_LINE_3
 292:Drivers/STM32WBxx_HAL_Driver/Inc/stm32wbxx_ll_exti.h ****   *         @arg @ref LL_EXTI_LINE_4
 293:Drivers/STM32WBxx_HAL_Driver/Inc/stm32wbxx_ll_exti.h ****   *         @arg @ref LL_EXTI_LINE_5
 294:Drivers/STM32WBxx_HAL_Driver/Inc/stm32wbxx_ll_exti.h ****   *         @arg @ref LL_EXTI_LINE_6
 295:Drivers/STM32WBxx_HAL_Driver/Inc/stm32wbxx_ll_exti.h ****   *         @arg @ref LL_EXTI_LINE_7
 296:Drivers/STM32WBxx_HAL_Driver/Inc/stm32wbxx_ll_exti.h ****   *         @arg @ref LL_EXTI_LINE_8
 297:Drivers/STM32WBxx_HAL_Driver/Inc/stm32wbxx_ll_exti.h ****   *         @arg @ref LL_EXTI_LINE_9
 298:Drivers/STM32WBxx_HAL_Driver/Inc/stm32wbxx_ll_exti.h ****   *         @arg @ref LL_EXTI_LINE_10
 299:Drivers/STM32WBxx_HAL_Driver/Inc/stm32wbxx_ll_exti.h ****   *         @arg @ref LL_EXTI_LINE_11
 300:Drivers/STM32WBxx_HAL_Driver/Inc/stm32wbxx_ll_exti.h ****   *         @arg @ref LL_EXTI_LINE_12
 301:Drivers/STM32WBxx_HAL_Driver/Inc/stm32wbxx_ll_exti.h ****   *         @arg @ref LL_EXTI_LINE_13
 302:Drivers/STM32WBxx_HAL_Driver/Inc/stm32wbxx_ll_exti.h ****   *         @arg @ref LL_EXTI_LINE_14
 303:Drivers/STM32WBxx_HAL_Driver/Inc/stm32wbxx_ll_exti.h ****   *         @arg @ref LL_EXTI_LINE_15
 304:Drivers/STM32WBxx_HAL_Driver/Inc/stm32wbxx_ll_exti.h ****   *         @arg @ref LL_EXTI_LINE_16
 305:Drivers/STM32WBxx_HAL_Driver/Inc/stm32wbxx_ll_exti.h ****   *         @arg @ref LL_EXTI_LINE_17
 306:Drivers/STM32WBxx_HAL_Driver/Inc/stm32wbxx_ll_exti.h ****   *         @arg @ref LL_EXTI_LINE_18
 307:Drivers/STM32WBxx_HAL_Driver/Inc/stm32wbxx_ll_exti.h ****   *         @arg @ref LL_EXTI_LINE_19
 308:Drivers/STM32WBxx_HAL_Driver/Inc/stm32wbxx_ll_exti.h ****   *         @arg @ref LL_EXTI_LINE_20 (*)
 309:Drivers/STM32WBxx_HAL_Driver/Inc/stm32wbxx_ll_exti.h ****   *         @arg @ref LL_EXTI_LINE_21 (*)
 310:Drivers/STM32WBxx_HAL_Driver/Inc/stm32wbxx_ll_exti.h ****   *         @arg @ref LL_EXTI_LINE_22
 311:Drivers/STM32WBxx_HAL_Driver/Inc/stm32wbxx_ll_exti.h ****   *         @arg @ref LL_EXTI_LINE_23 (*)
 312:Drivers/STM32WBxx_HAL_Driver/Inc/stm32wbxx_ll_exti.h ****   *         @arg @ref LL_EXTI_LINE_24
 313:Drivers/STM32WBxx_HAL_Driver/Inc/stm32wbxx_ll_exti.h ****   *         @arg @ref LL_EXTI_LINE_25 (*)
 314:Drivers/STM32WBxx_HAL_Driver/Inc/stm32wbxx_ll_exti.h ****   *         @arg @ref LL_EXTI_LINE_28 (*)
 315:Drivers/STM32WBxx_HAL_Driver/Inc/stm32wbxx_ll_exti.h ****   *         @arg @ref LL_EXTI_LINE_29
ARM GAS  C:\Users\843E~1\AppData\Local\Temp\ccJpJOBl.s 			page 62


 316:Drivers/STM32WBxx_HAL_Driver/Inc/stm32wbxx_ll_exti.h ****   *         @arg @ref LL_EXTI_LINE_30
 317:Drivers/STM32WBxx_HAL_Driver/Inc/stm32wbxx_ll_exti.h ****   *         @arg @ref LL_EXTI_LINE_31 (*)
 318:Drivers/STM32WBxx_HAL_Driver/Inc/stm32wbxx_ll_exti.h ****   *         @arg @ref LL_EXTI_LINE_ALL_0_31
 319:Drivers/STM32WBxx_HAL_Driver/Inc/stm32wbxx_ll_exti.h ****   *         (*) value not defined in all devices
 320:Drivers/STM32WBxx_HAL_Driver/Inc/stm32wbxx_ll_exti.h ****   * @retval None
 321:Drivers/STM32WBxx_HAL_Driver/Inc/stm32wbxx_ll_exti.h ****   */
 322:Drivers/STM32WBxx_HAL_Driver/Inc/stm32wbxx_ll_exti.h **** __STATIC_INLINE void LL_EXTI_EnableIT_0_31(uint32_t ExtiLine)
 323:Drivers/STM32WBxx_HAL_Driver/Inc/stm32wbxx_ll_exti.h **** {
 324:Drivers/STM32WBxx_HAL_Driver/Inc/stm32wbxx_ll_exti.h ****   SET_BIT(EXTI->IMR1, ExtiLine);
 325:Drivers/STM32WBxx_HAL_Driver/Inc/stm32wbxx_ll_exti.h **** }
 326:Drivers/STM32WBxx_HAL_Driver/Inc/stm32wbxx_ll_exti.h **** 
 327:Drivers/STM32WBxx_HAL_Driver/Inc/stm32wbxx_ll_exti.h **** /**
 328:Drivers/STM32WBxx_HAL_Driver/Inc/stm32wbxx_ll_exti.h ****   * @brief  Enable ExtiLine Interrupt request for Lines in range 0 to 31 for cpu2
 329:Drivers/STM32WBxx_HAL_Driver/Inc/stm32wbxx_ll_exti.h ****   * @rmtoll C2IMR1         IMx           LL_C2_EXTI_EnableIT_0_31
 330:Drivers/STM32WBxx_HAL_Driver/Inc/stm32wbxx_ll_exti.h ****   * @param  ExtiLine This parameter can be a combination of the following values:
 331:Drivers/STM32WBxx_HAL_Driver/Inc/stm32wbxx_ll_exti.h ****   *         @arg @ref LL_EXTI_LINE_0
 332:Drivers/STM32WBxx_HAL_Driver/Inc/stm32wbxx_ll_exti.h ****   *         @arg @ref LL_EXTI_LINE_1
 333:Drivers/STM32WBxx_HAL_Driver/Inc/stm32wbxx_ll_exti.h ****   *         @arg @ref LL_EXTI_LINE_2
 334:Drivers/STM32WBxx_HAL_Driver/Inc/stm32wbxx_ll_exti.h ****   *         @arg @ref LL_EXTI_LINE_3
 335:Drivers/STM32WBxx_HAL_Driver/Inc/stm32wbxx_ll_exti.h ****   *         @arg @ref LL_EXTI_LINE_4
 336:Drivers/STM32WBxx_HAL_Driver/Inc/stm32wbxx_ll_exti.h ****   *         @arg @ref LL_EXTI_LINE_5
 337:Drivers/STM32WBxx_HAL_Driver/Inc/stm32wbxx_ll_exti.h ****   *         @arg @ref LL_EXTI_LINE_6
 338:Drivers/STM32WBxx_HAL_Driver/Inc/stm32wbxx_ll_exti.h ****   *         @arg @ref LL_EXTI_LINE_7
 339:Drivers/STM32WBxx_HAL_Driver/Inc/stm32wbxx_ll_exti.h ****   *         @arg @ref LL_EXTI_LINE_8
 340:Drivers/STM32WBxx_HAL_Driver/Inc/stm32wbxx_ll_exti.h ****   *         @arg @ref LL_EXTI_LINE_9
 341:Drivers/STM32WBxx_HAL_Driver/Inc/stm32wbxx_ll_exti.h ****   *         @arg @ref LL_EXTI_LINE_10
 342:Drivers/STM32WBxx_HAL_Driver/Inc/stm32wbxx_ll_exti.h ****   *         @arg @ref LL_EXTI_LINE_11
 343:Drivers/STM32WBxx_HAL_Driver/Inc/stm32wbxx_ll_exti.h ****   *         @arg @ref LL_EXTI_LINE_12
 344:Drivers/STM32WBxx_HAL_Driver/Inc/stm32wbxx_ll_exti.h ****   *         @arg @ref LL_EXTI_LINE_13
 345:Drivers/STM32WBxx_HAL_Driver/Inc/stm32wbxx_ll_exti.h ****   *         @arg @ref LL_EXTI_LINE_14
 346:Drivers/STM32WBxx_HAL_Driver/Inc/stm32wbxx_ll_exti.h ****   *         @arg @ref LL_EXTI_LINE_15
 347:Drivers/STM32WBxx_HAL_Driver/Inc/stm32wbxx_ll_exti.h ****   *         @arg @ref LL_EXTI_LINE_16
 348:Drivers/STM32WBxx_HAL_Driver/Inc/stm32wbxx_ll_exti.h ****   *         @arg @ref LL_EXTI_LINE_17
 349:Drivers/STM32WBxx_HAL_Driver/Inc/stm32wbxx_ll_exti.h ****   *         @arg @ref LL_EXTI_LINE_18
 350:Drivers/STM32WBxx_HAL_Driver/Inc/stm32wbxx_ll_exti.h ****   *         @arg @ref LL_EXTI_LINE_19
 351:Drivers/STM32WBxx_HAL_Driver/Inc/stm32wbxx_ll_exti.h ****   *         @arg @ref LL_EXTI_LINE_20 (*)
 352:Drivers/STM32WBxx_HAL_Driver/Inc/stm32wbxx_ll_exti.h ****   *         @arg @ref LL_EXTI_LINE_21 (*)
 353:Drivers/STM32WBxx_HAL_Driver/Inc/stm32wbxx_ll_exti.h ****   *         @arg @ref LL_EXTI_LINE_22
 354:Drivers/STM32WBxx_HAL_Driver/Inc/stm32wbxx_ll_exti.h ****   *         @arg @ref LL_EXTI_LINE_23 (*)
 355:Drivers/STM32WBxx_HAL_Driver/Inc/stm32wbxx_ll_exti.h ****   *         @arg @ref LL_EXTI_LINE_24
 356:Drivers/STM32WBxx_HAL_Driver/Inc/stm32wbxx_ll_exti.h ****   *         @arg @ref LL_EXTI_LINE_25 (*)
 357:Drivers/STM32WBxx_HAL_Driver/Inc/stm32wbxx_ll_exti.h ****   *         @arg @ref LL_EXTI_LINE_28 (*)
 358:Drivers/STM32WBxx_HAL_Driver/Inc/stm32wbxx_ll_exti.h ****   *         @arg @ref LL_EXTI_LINE_29
 359:Drivers/STM32WBxx_HAL_Driver/Inc/stm32wbxx_ll_exti.h ****   *         @arg @ref LL_EXTI_LINE_30
 360:Drivers/STM32WBxx_HAL_Driver/Inc/stm32wbxx_ll_exti.h ****   *         @arg @ref LL_EXTI_LINE_31 (*)
 361:Drivers/STM32WBxx_HAL_Driver/Inc/stm32wbxx_ll_exti.h ****   *         @arg @ref LL_EXTI_LINE_ALL_0_31
 362:Drivers/STM32WBxx_HAL_Driver/Inc/stm32wbxx_ll_exti.h ****   *         (*) value not defined in all devices
 363:Drivers/STM32WBxx_HAL_Driver/Inc/stm32wbxx_ll_exti.h ****   * @retval None
 364:Drivers/STM32WBxx_HAL_Driver/Inc/stm32wbxx_ll_exti.h ****   */
 365:Drivers/STM32WBxx_HAL_Driver/Inc/stm32wbxx_ll_exti.h **** __STATIC_INLINE void LL_C2_EXTI_EnableIT_0_31(uint32_t ExtiLine)
 366:Drivers/STM32WBxx_HAL_Driver/Inc/stm32wbxx_ll_exti.h **** {
 367:Drivers/STM32WBxx_HAL_Driver/Inc/stm32wbxx_ll_exti.h ****   SET_BIT(EXTI->C2IMR1, ExtiLine);
 368:Drivers/STM32WBxx_HAL_Driver/Inc/stm32wbxx_ll_exti.h **** }
 369:Drivers/STM32WBxx_HAL_Driver/Inc/stm32wbxx_ll_exti.h **** 
 370:Drivers/STM32WBxx_HAL_Driver/Inc/stm32wbxx_ll_exti.h **** /**
 371:Drivers/STM32WBxx_HAL_Driver/Inc/stm32wbxx_ll_exti.h ****   * @brief  Enable ExtiLine Interrupt request for Lines in range 32 to 63
 372:Drivers/STM32WBxx_HAL_Driver/Inc/stm32wbxx_ll_exti.h ****   * @rmtoll IMR2         IMx           LL_EXTI_EnableIT_32_63
ARM GAS  C:\Users\843E~1\AppData\Local\Temp\ccJpJOBl.s 			page 63


 373:Drivers/STM32WBxx_HAL_Driver/Inc/stm32wbxx_ll_exti.h ****   * @param  ExtiLine This parameter can be a combination of the following values:
 374:Drivers/STM32WBxx_HAL_Driver/Inc/stm32wbxx_ll_exti.h ****   *         @arg @ref LL_EXTI_LINE_33
 375:Drivers/STM32WBxx_HAL_Driver/Inc/stm32wbxx_ll_exti.h ****   *         @arg @ref LL_EXTI_LINE_36
 376:Drivers/STM32WBxx_HAL_Driver/Inc/stm32wbxx_ll_exti.h ****   *         @arg @ref LL_EXTI_LINE_37
 377:Drivers/STM32WBxx_HAL_Driver/Inc/stm32wbxx_ll_exti.h ****   *         @arg @ref LL_EXTI_LINE_38
 378:Drivers/STM32WBxx_HAL_Driver/Inc/stm32wbxx_ll_exti.h ****   *         @arg @ref LL_EXTI_LINE_39
 379:Drivers/STM32WBxx_HAL_Driver/Inc/stm32wbxx_ll_exti.h ****   *         @arg @ref LL_EXTI_LINE_40
 380:Drivers/STM32WBxx_HAL_Driver/Inc/stm32wbxx_ll_exti.h ****   *         @arg @ref LL_EXTI_LINE_41
 381:Drivers/STM32WBxx_HAL_Driver/Inc/stm32wbxx_ll_exti.h ****   *         @arg @ref LL_EXTI_LINE_42
 382:Drivers/STM32WBxx_HAL_Driver/Inc/stm32wbxx_ll_exti.h ****   *         @arg @ref LL_EXTI_LINE_43 (*)
 383:Drivers/STM32WBxx_HAL_Driver/Inc/stm32wbxx_ll_exti.h ****   *         @arg @ref LL_EXTI_LINE_44
 384:Drivers/STM32WBxx_HAL_Driver/Inc/stm32wbxx_ll_exti.h ****   *         @arg @ref LL_EXTI_LINE_45
 385:Drivers/STM32WBxx_HAL_Driver/Inc/stm32wbxx_ll_exti.h ****   *         @arg @ref LL_EXTI_LINE_46 (*)
 386:Drivers/STM32WBxx_HAL_Driver/Inc/stm32wbxx_ll_exti.h ****   *         @arg @ref LL_EXTI_LINE_48
 387:Drivers/STM32WBxx_HAL_Driver/Inc/stm32wbxx_ll_exti.h ****   *         @arg @ref LL_EXTI_LINE_ALL_32_63
 388:Drivers/STM32WBxx_HAL_Driver/Inc/stm32wbxx_ll_exti.h ****   *         (*) value not defined in all devices
 389:Drivers/STM32WBxx_HAL_Driver/Inc/stm32wbxx_ll_exti.h ****   * @retval None
 390:Drivers/STM32WBxx_HAL_Driver/Inc/stm32wbxx_ll_exti.h ****   */
 391:Drivers/STM32WBxx_HAL_Driver/Inc/stm32wbxx_ll_exti.h **** __STATIC_INLINE void LL_EXTI_EnableIT_32_63(uint32_t ExtiLine)
 392:Drivers/STM32WBxx_HAL_Driver/Inc/stm32wbxx_ll_exti.h **** {
 393:Drivers/STM32WBxx_HAL_Driver/Inc/stm32wbxx_ll_exti.h ****   SET_BIT(EXTI->IMR2, ExtiLine);
 394:Drivers/STM32WBxx_HAL_Driver/Inc/stm32wbxx_ll_exti.h **** }
 395:Drivers/STM32WBxx_HAL_Driver/Inc/stm32wbxx_ll_exti.h **** 
 396:Drivers/STM32WBxx_HAL_Driver/Inc/stm32wbxx_ll_exti.h **** /**
 397:Drivers/STM32WBxx_HAL_Driver/Inc/stm32wbxx_ll_exti.h ****   * @brief  Enable ExtiLine Interrupt request for Lines in range 32 to 63 for cpu2
 398:Drivers/STM32WBxx_HAL_Driver/Inc/stm32wbxx_ll_exti.h ****   * @rmtoll C2IMR2         IMx           LL_C2_EXTI_EnableIT_32_63
 399:Drivers/STM32WBxx_HAL_Driver/Inc/stm32wbxx_ll_exti.h ****   * @param  ExtiLine This parameter can be a combination of the following values:
 400:Drivers/STM32WBxx_HAL_Driver/Inc/stm32wbxx_ll_exti.h ****   *         @arg @ref LL_EXTI_LINE_33
 401:Drivers/STM32WBxx_HAL_Driver/Inc/stm32wbxx_ll_exti.h ****   *         @arg @ref LL_EXTI_LINE_36
 402:Drivers/STM32WBxx_HAL_Driver/Inc/stm32wbxx_ll_exti.h ****   *         @arg @ref LL_EXTI_LINE_37
 403:Drivers/STM32WBxx_HAL_Driver/Inc/stm32wbxx_ll_exti.h ****   *         @arg @ref LL_EXTI_LINE_38
 404:Drivers/STM32WBxx_HAL_Driver/Inc/stm32wbxx_ll_exti.h ****   *         @arg @ref LL_EXTI_LINE_39
 405:Drivers/STM32WBxx_HAL_Driver/Inc/stm32wbxx_ll_exti.h ****   *         @arg @ref LL_EXTI_LINE_40
 406:Drivers/STM32WBxx_HAL_Driver/Inc/stm32wbxx_ll_exti.h ****   *         @arg @ref LL_EXTI_LINE_41
 407:Drivers/STM32WBxx_HAL_Driver/Inc/stm32wbxx_ll_exti.h ****   *         @arg @ref LL_EXTI_LINE_42
 408:Drivers/STM32WBxx_HAL_Driver/Inc/stm32wbxx_ll_exti.h ****   *         @arg @ref LL_EXTI_LINE_43 (*)
 409:Drivers/STM32WBxx_HAL_Driver/Inc/stm32wbxx_ll_exti.h ****   *         @arg @ref LL_EXTI_LINE_44
 410:Drivers/STM32WBxx_HAL_Driver/Inc/stm32wbxx_ll_exti.h ****   *         @arg @ref LL_EXTI_LINE_45
 411:Drivers/STM32WBxx_HAL_Driver/Inc/stm32wbxx_ll_exti.h ****   *         @arg @ref LL_EXTI_LINE_46 (*)
 412:Drivers/STM32WBxx_HAL_Driver/Inc/stm32wbxx_ll_exti.h ****   *         @arg @ref LL_EXTI_LINE_48
 413:Drivers/STM32WBxx_HAL_Driver/Inc/stm32wbxx_ll_exti.h ****   *         @arg @ref LL_EXTI_LINE_ALL_32_63
 414:Drivers/STM32WBxx_HAL_Driver/Inc/stm32wbxx_ll_exti.h ****   *         (*) value not defined in all devices
 415:Drivers/STM32WBxx_HAL_Driver/Inc/stm32wbxx_ll_exti.h ****   * @retval None
 416:Drivers/STM32WBxx_HAL_Driver/Inc/stm32wbxx_ll_exti.h ****   */
 417:Drivers/STM32WBxx_HAL_Driver/Inc/stm32wbxx_ll_exti.h **** __STATIC_INLINE void LL_C2_EXTI_EnableIT_32_63(uint32_t ExtiLine)
 418:Drivers/STM32WBxx_HAL_Driver/Inc/stm32wbxx_ll_exti.h **** {
 419:Drivers/STM32WBxx_HAL_Driver/Inc/stm32wbxx_ll_exti.h ****   SET_BIT(EXTI->C2IMR2, ExtiLine);
 420:Drivers/STM32WBxx_HAL_Driver/Inc/stm32wbxx_ll_exti.h **** }
 421:Drivers/STM32WBxx_HAL_Driver/Inc/stm32wbxx_ll_exti.h **** 
 422:Drivers/STM32WBxx_HAL_Driver/Inc/stm32wbxx_ll_exti.h **** /**
 423:Drivers/STM32WBxx_HAL_Driver/Inc/stm32wbxx_ll_exti.h ****   * @brief  Disable ExtiLine Interrupt request for Lines in range 0 to 31
 424:Drivers/STM32WBxx_HAL_Driver/Inc/stm32wbxx_ll_exti.h ****   * @rmtoll IMR1         IMx           LL_EXTI_DisableIT_0_31
 425:Drivers/STM32WBxx_HAL_Driver/Inc/stm32wbxx_ll_exti.h ****   * @param  ExtiLine This parameter can be a combination of the following values:
 426:Drivers/STM32WBxx_HAL_Driver/Inc/stm32wbxx_ll_exti.h ****   *         @arg @ref LL_EXTI_LINE_0
 427:Drivers/STM32WBxx_HAL_Driver/Inc/stm32wbxx_ll_exti.h ****   *         @arg @ref LL_EXTI_LINE_1
 428:Drivers/STM32WBxx_HAL_Driver/Inc/stm32wbxx_ll_exti.h ****   *         @arg @ref LL_EXTI_LINE_2
 429:Drivers/STM32WBxx_HAL_Driver/Inc/stm32wbxx_ll_exti.h ****   *         @arg @ref LL_EXTI_LINE_3
ARM GAS  C:\Users\843E~1\AppData\Local\Temp\ccJpJOBl.s 			page 64


 430:Drivers/STM32WBxx_HAL_Driver/Inc/stm32wbxx_ll_exti.h ****   *         @arg @ref LL_EXTI_LINE_4
 431:Drivers/STM32WBxx_HAL_Driver/Inc/stm32wbxx_ll_exti.h ****   *         @arg @ref LL_EXTI_LINE_5
 432:Drivers/STM32WBxx_HAL_Driver/Inc/stm32wbxx_ll_exti.h ****   *         @arg @ref LL_EXTI_LINE_6
 433:Drivers/STM32WBxx_HAL_Driver/Inc/stm32wbxx_ll_exti.h ****   *         @arg @ref LL_EXTI_LINE_7
 434:Drivers/STM32WBxx_HAL_Driver/Inc/stm32wbxx_ll_exti.h ****   *         @arg @ref LL_EXTI_LINE_8
 435:Drivers/STM32WBxx_HAL_Driver/Inc/stm32wbxx_ll_exti.h ****   *         @arg @ref LL_EXTI_LINE_9
 436:Drivers/STM32WBxx_HAL_Driver/Inc/stm32wbxx_ll_exti.h ****   *         @arg @ref LL_EXTI_LINE_10
 437:Drivers/STM32WBxx_HAL_Driver/Inc/stm32wbxx_ll_exti.h ****   *         @arg @ref LL_EXTI_LINE_11
 438:Drivers/STM32WBxx_HAL_Driver/Inc/stm32wbxx_ll_exti.h ****   *         @arg @ref LL_EXTI_LINE_12
 439:Drivers/STM32WBxx_HAL_Driver/Inc/stm32wbxx_ll_exti.h ****   *         @arg @ref LL_EXTI_LINE_13
 440:Drivers/STM32WBxx_HAL_Driver/Inc/stm32wbxx_ll_exti.h ****   *         @arg @ref LL_EXTI_LINE_14
 441:Drivers/STM32WBxx_HAL_Driver/Inc/stm32wbxx_ll_exti.h ****   *         @arg @ref LL_EXTI_LINE_15
 442:Drivers/STM32WBxx_HAL_Driver/Inc/stm32wbxx_ll_exti.h ****   *         @arg @ref LL_EXTI_LINE_16
 443:Drivers/STM32WBxx_HAL_Driver/Inc/stm32wbxx_ll_exti.h ****   *         @arg @ref LL_EXTI_LINE_17
 444:Drivers/STM32WBxx_HAL_Driver/Inc/stm32wbxx_ll_exti.h ****   *         @arg @ref LL_EXTI_LINE_18
 445:Drivers/STM32WBxx_HAL_Driver/Inc/stm32wbxx_ll_exti.h ****   *         @arg @ref LL_EXTI_LINE_19
 446:Drivers/STM32WBxx_HAL_Driver/Inc/stm32wbxx_ll_exti.h ****   *         @arg @ref LL_EXTI_LINE_20 (*)
 447:Drivers/STM32WBxx_HAL_Driver/Inc/stm32wbxx_ll_exti.h ****   *         @arg @ref LL_EXTI_LINE_21 (*)
 448:Drivers/STM32WBxx_HAL_Driver/Inc/stm32wbxx_ll_exti.h ****   *         @arg @ref LL_EXTI_LINE_22
 449:Drivers/STM32WBxx_HAL_Driver/Inc/stm32wbxx_ll_exti.h ****   *         @arg @ref LL_EXTI_LINE_23 (*)
 450:Drivers/STM32WBxx_HAL_Driver/Inc/stm32wbxx_ll_exti.h ****   *         @arg @ref LL_EXTI_LINE_24
 451:Drivers/STM32WBxx_HAL_Driver/Inc/stm32wbxx_ll_exti.h ****   *         @arg @ref LL_EXTI_LINE_25 (*)
 452:Drivers/STM32WBxx_HAL_Driver/Inc/stm32wbxx_ll_exti.h ****   *         @arg @ref LL_EXTI_LINE_28 (*)
 453:Drivers/STM32WBxx_HAL_Driver/Inc/stm32wbxx_ll_exti.h ****   *         @arg @ref LL_EXTI_LINE_29
 454:Drivers/STM32WBxx_HAL_Driver/Inc/stm32wbxx_ll_exti.h ****   *         @arg @ref LL_EXTI_LINE_30
 455:Drivers/STM32WBxx_HAL_Driver/Inc/stm32wbxx_ll_exti.h ****   *         @arg @ref LL_EXTI_LINE_31 (*)
 456:Drivers/STM32WBxx_HAL_Driver/Inc/stm32wbxx_ll_exti.h ****   *         @arg @ref LL_EXTI_LINE_ALL_0_31
 457:Drivers/STM32WBxx_HAL_Driver/Inc/stm32wbxx_ll_exti.h ****   *         (*) value not defined in all devices
 458:Drivers/STM32WBxx_HAL_Driver/Inc/stm32wbxx_ll_exti.h ****   * @retval None
 459:Drivers/STM32WBxx_HAL_Driver/Inc/stm32wbxx_ll_exti.h ****   */
 460:Drivers/STM32WBxx_HAL_Driver/Inc/stm32wbxx_ll_exti.h **** __STATIC_INLINE void LL_EXTI_DisableIT_0_31(uint32_t ExtiLine)
 461:Drivers/STM32WBxx_HAL_Driver/Inc/stm32wbxx_ll_exti.h **** {
 462:Drivers/STM32WBxx_HAL_Driver/Inc/stm32wbxx_ll_exti.h ****   CLEAR_BIT(EXTI->IMR1, ExtiLine);
 463:Drivers/STM32WBxx_HAL_Driver/Inc/stm32wbxx_ll_exti.h **** }
 464:Drivers/STM32WBxx_HAL_Driver/Inc/stm32wbxx_ll_exti.h **** 
 465:Drivers/STM32WBxx_HAL_Driver/Inc/stm32wbxx_ll_exti.h **** /**
 466:Drivers/STM32WBxx_HAL_Driver/Inc/stm32wbxx_ll_exti.h ****   * @brief  Disable ExtiLine Interrupt request for Lines in range 0 to 31 for cpu2
 467:Drivers/STM32WBxx_HAL_Driver/Inc/stm32wbxx_ll_exti.h ****   * @rmtoll C2IMR1         IMx           LL_C2_EXTI_DisableIT_0_31
 468:Drivers/STM32WBxx_HAL_Driver/Inc/stm32wbxx_ll_exti.h ****   * @param  ExtiLine This parameter can be a combination of the following values:
 469:Drivers/STM32WBxx_HAL_Driver/Inc/stm32wbxx_ll_exti.h ****   *         @arg @ref LL_EXTI_LINE_0
 470:Drivers/STM32WBxx_HAL_Driver/Inc/stm32wbxx_ll_exti.h ****   *         @arg @ref LL_EXTI_LINE_1
 471:Drivers/STM32WBxx_HAL_Driver/Inc/stm32wbxx_ll_exti.h ****   *         @arg @ref LL_EXTI_LINE_2
 472:Drivers/STM32WBxx_HAL_Driver/Inc/stm32wbxx_ll_exti.h ****   *         @arg @ref LL_EXTI_LINE_3
 473:Drivers/STM32WBxx_HAL_Driver/Inc/stm32wbxx_ll_exti.h ****   *         @arg @ref LL_EXTI_LINE_4
 474:Drivers/STM32WBxx_HAL_Driver/Inc/stm32wbxx_ll_exti.h ****   *         @arg @ref LL_EXTI_LINE_5
 475:Drivers/STM32WBxx_HAL_Driver/Inc/stm32wbxx_ll_exti.h ****   *         @arg @ref LL_EXTI_LINE_6
 476:Drivers/STM32WBxx_HAL_Driver/Inc/stm32wbxx_ll_exti.h ****   *         @arg @ref LL_EXTI_LINE_7
 477:Drivers/STM32WBxx_HAL_Driver/Inc/stm32wbxx_ll_exti.h ****   *         @arg @ref LL_EXTI_LINE_8
 478:Drivers/STM32WBxx_HAL_Driver/Inc/stm32wbxx_ll_exti.h ****   *         @arg @ref LL_EXTI_LINE_9
 479:Drivers/STM32WBxx_HAL_Driver/Inc/stm32wbxx_ll_exti.h ****   *         @arg @ref LL_EXTI_LINE_10
 480:Drivers/STM32WBxx_HAL_Driver/Inc/stm32wbxx_ll_exti.h ****   *         @arg @ref LL_EXTI_LINE_11
 481:Drivers/STM32WBxx_HAL_Driver/Inc/stm32wbxx_ll_exti.h ****   *         @arg @ref LL_EXTI_LINE_12
 482:Drivers/STM32WBxx_HAL_Driver/Inc/stm32wbxx_ll_exti.h ****   *         @arg @ref LL_EXTI_LINE_13
 483:Drivers/STM32WBxx_HAL_Driver/Inc/stm32wbxx_ll_exti.h ****   *         @arg @ref LL_EXTI_LINE_14
 484:Drivers/STM32WBxx_HAL_Driver/Inc/stm32wbxx_ll_exti.h ****   *         @arg @ref LL_EXTI_LINE_15
 485:Drivers/STM32WBxx_HAL_Driver/Inc/stm32wbxx_ll_exti.h ****   *         @arg @ref LL_EXTI_LINE_16
 486:Drivers/STM32WBxx_HAL_Driver/Inc/stm32wbxx_ll_exti.h ****   *         @arg @ref LL_EXTI_LINE_17
ARM GAS  C:\Users\843E~1\AppData\Local\Temp\ccJpJOBl.s 			page 65


 487:Drivers/STM32WBxx_HAL_Driver/Inc/stm32wbxx_ll_exti.h ****   *         @arg @ref LL_EXTI_LINE_18
 488:Drivers/STM32WBxx_HAL_Driver/Inc/stm32wbxx_ll_exti.h ****   *         @arg @ref LL_EXTI_LINE_19
 489:Drivers/STM32WBxx_HAL_Driver/Inc/stm32wbxx_ll_exti.h ****   *         @arg @ref LL_EXTI_LINE_20 (*)
 490:Drivers/STM32WBxx_HAL_Driver/Inc/stm32wbxx_ll_exti.h ****   *         @arg @ref LL_EXTI_LINE_21 (*)
 491:Drivers/STM32WBxx_HAL_Driver/Inc/stm32wbxx_ll_exti.h ****   *         @arg @ref LL_EXTI_LINE_22
 492:Drivers/STM32WBxx_HAL_Driver/Inc/stm32wbxx_ll_exti.h ****   *         @arg @ref LL_EXTI_LINE_23 (*)
 493:Drivers/STM32WBxx_HAL_Driver/Inc/stm32wbxx_ll_exti.h ****   *         @arg @ref LL_EXTI_LINE_24
 494:Drivers/STM32WBxx_HAL_Driver/Inc/stm32wbxx_ll_exti.h ****   *         @arg @ref LL_EXTI_LINE_25 (*)
 495:Drivers/STM32WBxx_HAL_Driver/Inc/stm32wbxx_ll_exti.h ****   *         @arg @ref LL_EXTI_LINE_28 (*)
 496:Drivers/STM32WBxx_HAL_Driver/Inc/stm32wbxx_ll_exti.h ****   *         @arg @ref LL_EXTI_LINE_29
 497:Drivers/STM32WBxx_HAL_Driver/Inc/stm32wbxx_ll_exti.h ****   *         @arg @ref LL_EXTI_LINE_30
 498:Drivers/STM32WBxx_HAL_Driver/Inc/stm32wbxx_ll_exti.h ****   *         @arg @ref LL_EXTI_LINE_31 (*)
 499:Drivers/STM32WBxx_HAL_Driver/Inc/stm32wbxx_ll_exti.h ****   *         @arg @ref LL_EXTI_LINE_ALL_0_31
 500:Drivers/STM32WBxx_HAL_Driver/Inc/stm32wbxx_ll_exti.h ****   *         (*) value not defined in all devices
 501:Drivers/STM32WBxx_HAL_Driver/Inc/stm32wbxx_ll_exti.h ****   * @retval None
 502:Drivers/STM32WBxx_HAL_Driver/Inc/stm32wbxx_ll_exti.h ****   */
 503:Drivers/STM32WBxx_HAL_Driver/Inc/stm32wbxx_ll_exti.h **** __STATIC_INLINE void LL_C2_EXTI_DisableIT_0_31(uint32_t ExtiLine)
 504:Drivers/STM32WBxx_HAL_Driver/Inc/stm32wbxx_ll_exti.h **** {
 505:Drivers/STM32WBxx_HAL_Driver/Inc/stm32wbxx_ll_exti.h ****   CLEAR_BIT(EXTI->C2IMR1, ExtiLine);
 506:Drivers/STM32WBxx_HAL_Driver/Inc/stm32wbxx_ll_exti.h **** }
 507:Drivers/STM32WBxx_HAL_Driver/Inc/stm32wbxx_ll_exti.h **** 
 508:Drivers/STM32WBxx_HAL_Driver/Inc/stm32wbxx_ll_exti.h **** /**
 509:Drivers/STM32WBxx_HAL_Driver/Inc/stm32wbxx_ll_exti.h ****   * @brief  Disable ExtiLine Interrupt request for Lines in range 32 to 63
 510:Drivers/STM32WBxx_HAL_Driver/Inc/stm32wbxx_ll_exti.h ****   * @rmtoll IMR2         IMx           LL_EXTI_DisableIT_32_63
 511:Drivers/STM32WBxx_HAL_Driver/Inc/stm32wbxx_ll_exti.h ****   * @param  ExtiLine This parameter can be a combination of the following values:
 512:Drivers/STM32WBxx_HAL_Driver/Inc/stm32wbxx_ll_exti.h ****   *         @arg @ref LL_EXTI_LINE_33
 513:Drivers/STM32WBxx_HAL_Driver/Inc/stm32wbxx_ll_exti.h ****   *         @arg @ref LL_EXTI_LINE_36
 514:Drivers/STM32WBxx_HAL_Driver/Inc/stm32wbxx_ll_exti.h ****   *         @arg @ref LL_EXTI_LINE_37
 515:Drivers/STM32WBxx_HAL_Driver/Inc/stm32wbxx_ll_exti.h ****   *         @arg @ref LL_EXTI_LINE_38
 516:Drivers/STM32WBxx_HAL_Driver/Inc/stm32wbxx_ll_exti.h ****   *         @arg @ref LL_EXTI_LINE_39
 517:Drivers/STM32WBxx_HAL_Driver/Inc/stm32wbxx_ll_exti.h ****   *         @arg @ref LL_EXTI_LINE_40
 518:Drivers/STM32WBxx_HAL_Driver/Inc/stm32wbxx_ll_exti.h ****   *         @arg @ref LL_EXTI_LINE_41
 519:Drivers/STM32WBxx_HAL_Driver/Inc/stm32wbxx_ll_exti.h ****   *         @arg @ref LL_EXTI_LINE_42
 520:Drivers/STM32WBxx_HAL_Driver/Inc/stm32wbxx_ll_exti.h ****   *         @arg @ref LL_EXTI_LINE_43 (*)
 521:Drivers/STM32WBxx_HAL_Driver/Inc/stm32wbxx_ll_exti.h ****   *         @arg @ref LL_EXTI_LINE_44
 522:Drivers/STM32WBxx_HAL_Driver/Inc/stm32wbxx_ll_exti.h ****   *         @arg @ref LL_EXTI_LINE_45
 523:Drivers/STM32WBxx_HAL_Driver/Inc/stm32wbxx_ll_exti.h ****   *         @arg @ref LL_EXTI_LINE_46 (*)
 524:Drivers/STM32WBxx_HAL_Driver/Inc/stm32wbxx_ll_exti.h ****   *         @arg @ref LL_EXTI_LINE_48
 525:Drivers/STM32WBxx_HAL_Driver/Inc/stm32wbxx_ll_exti.h ****   *         @arg @ref LL_EXTI_LINE_ALL_32_63
 526:Drivers/STM32WBxx_HAL_Driver/Inc/stm32wbxx_ll_exti.h ****   *         (*) value not defined in all devices
 527:Drivers/STM32WBxx_HAL_Driver/Inc/stm32wbxx_ll_exti.h ****   * @retval None
 528:Drivers/STM32WBxx_HAL_Driver/Inc/stm32wbxx_ll_exti.h ****   */
 529:Drivers/STM32WBxx_HAL_Driver/Inc/stm32wbxx_ll_exti.h **** __STATIC_INLINE void LL_EXTI_DisableIT_32_63(uint32_t ExtiLine)
 530:Drivers/STM32WBxx_HAL_Driver/Inc/stm32wbxx_ll_exti.h **** {
 531:Drivers/STM32WBxx_HAL_Driver/Inc/stm32wbxx_ll_exti.h ****   CLEAR_BIT(EXTI->IMR2, ExtiLine);
 532:Drivers/STM32WBxx_HAL_Driver/Inc/stm32wbxx_ll_exti.h **** }
 533:Drivers/STM32WBxx_HAL_Driver/Inc/stm32wbxx_ll_exti.h **** 
 534:Drivers/STM32WBxx_HAL_Driver/Inc/stm32wbxx_ll_exti.h **** /**
 535:Drivers/STM32WBxx_HAL_Driver/Inc/stm32wbxx_ll_exti.h ****   * @brief  Disable ExtiLine Interrupt request for Lines in range 32 to 63 for cpu2
 536:Drivers/STM32WBxx_HAL_Driver/Inc/stm32wbxx_ll_exti.h ****   * @rmtoll C2IMR2         IMx           LL_C2_EXTI_DisableIT_32_63
 537:Drivers/STM32WBxx_HAL_Driver/Inc/stm32wbxx_ll_exti.h ****   * @param  ExtiLine This parameter can be a combination of the following values:
 538:Drivers/STM32WBxx_HAL_Driver/Inc/stm32wbxx_ll_exti.h ****   *         @arg @ref LL_EXTI_LINE_33
 539:Drivers/STM32WBxx_HAL_Driver/Inc/stm32wbxx_ll_exti.h ****   *         @arg @ref LL_EXTI_LINE_36
 540:Drivers/STM32WBxx_HAL_Driver/Inc/stm32wbxx_ll_exti.h ****   *         @arg @ref LL_EXTI_LINE_37
 541:Drivers/STM32WBxx_HAL_Driver/Inc/stm32wbxx_ll_exti.h ****   *         @arg @ref LL_EXTI_LINE_38
 542:Drivers/STM32WBxx_HAL_Driver/Inc/stm32wbxx_ll_exti.h ****   *         @arg @ref LL_EXTI_LINE_39
 543:Drivers/STM32WBxx_HAL_Driver/Inc/stm32wbxx_ll_exti.h ****   *         @arg @ref LL_EXTI_LINE_40
ARM GAS  C:\Users\843E~1\AppData\Local\Temp\ccJpJOBl.s 			page 66


 544:Drivers/STM32WBxx_HAL_Driver/Inc/stm32wbxx_ll_exti.h ****   *         @arg @ref LL_EXTI_LINE_41
 545:Drivers/STM32WBxx_HAL_Driver/Inc/stm32wbxx_ll_exti.h ****   *         @arg @ref LL_EXTI_LINE_42
 546:Drivers/STM32WBxx_HAL_Driver/Inc/stm32wbxx_ll_exti.h ****   *         @arg @ref LL_EXTI_LINE_43 (*)
 547:Drivers/STM32WBxx_HAL_Driver/Inc/stm32wbxx_ll_exti.h ****   *         @arg @ref LL_EXTI_LINE_44
 548:Drivers/STM32WBxx_HAL_Driver/Inc/stm32wbxx_ll_exti.h ****   *         @arg @ref LL_EXTI_LINE_45
 549:Drivers/STM32WBxx_HAL_Driver/Inc/stm32wbxx_ll_exti.h ****   *         @arg @ref LL_EXTI_LINE_46 (*)
 550:Drivers/STM32WBxx_HAL_Driver/Inc/stm32wbxx_ll_exti.h ****   *         @arg @ref LL_EXTI_LINE_48
 551:Drivers/STM32WBxx_HAL_Driver/Inc/stm32wbxx_ll_exti.h ****   *         @arg @ref LL_EXTI_LINE_ALL_32_63
 552:Drivers/STM32WBxx_HAL_Driver/Inc/stm32wbxx_ll_exti.h ****   *         (*) value not defined in all devices
 553:Drivers/STM32WBxx_HAL_Driver/Inc/stm32wbxx_ll_exti.h ****   * @retval None
 554:Drivers/STM32WBxx_HAL_Driver/Inc/stm32wbxx_ll_exti.h ****   */
 555:Drivers/STM32WBxx_HAL_Driver/Inc/stm32wbxx_ll_exti.h **** __STATIC_INLINE void LL_C2_EXTI_DisableIT_32_63(uint32_t ExtiLine)
 556:Drivers/STM32WBxx_HAL_Driver/Inc/stm32wbxx_ll_exti.h **** {
 557:Drivers/STM32WBxx_HAL_Driver/Inc/stm32wbxx_ll_exti.h ****   CLEAR_BIT(EXTI->C2IMR2, ExtiLine);
 558:Drivers/STM32WBxx_HAL_Driver/Inc/stm32wbxx_ll_exti.h **** }
 559:Drivers/STM32WBxx_HAL_Driver/Inc/stm32wbxx_ll_exti.h **** 
 560:Drivers/STM32WBxx_HAL_Driver/Inc/stm32wbxx_ll_exti.h **** /**
 561:Drivers/STM32WBxx_HAL_Driver/Inc/stm32wbxx_ll_exti.h ****   * @brief  Indicate if ExtiLine Interrupt request is enabled for Lines in range 0 to 31
 562:Drivers/STM32WBxx_HAL_Driver/Inc/stm32wbxx_ll_exti.h ****   * @rmtoll IMR1         IMx           LL_EXTI_IsEnabledIT_0_31
 563:Drivers/STM32WBxx_HAL_Driver/Inc/stm32wbxx_ll_exti.h ****   * @param  ExtiLine This parameter can be a combination of the following values:
 564:Drivers/STM32WBxx_HAL_Driver/Inc/stm32wbxx_ll_exti.h ****   *         @arg @ref LL_EXTI_LINE_0
 565:Drivers/STM32WBxx_HAL_Driver/Inc/stm32wbxx_ll_exti.h ****   *         @arg @ref LL_EXTI_LINE_1
 566:Drivers/STM32WBxx_HAL_Driver/Inc/stm32wbxx_ll_exti.h ****   *         @arg @ref LL_EXTI_LINE_2
 567:Drivers/STM32WBxx_HAL_Driver/Inc/stm32wbxx_ll_exti.h ****   *         @arg @ref LL_EXTI_LINE_3
 568:Drivers/STM32WBxx_HAL_Driver/Inc/stm32wbxx_ll_exti.h ****   *         @arg @ref LL_EXTI_LINE_4
 569:Drivers/STM32WBxx_HAL_Driver/Inc/stm32wbxx_ll_exti.h ****   *         @arg @ref LL_EXTI_LINE_5
 570:Drivers/STM32WBxx_HAL_Driver/Inc/stm32wbxx_ll_exti.h ****   *         @arg @ref LL_EXTI_LINE_6
 571:Drivers/STM32WBxx_HAL_Driver/Inc/stm32wbxx_ll_exti.h ****   *         @arg @ref LL_EXTI_LINE_7
 572:Drivers/STM32WBxx_HAL_Driver/Inc/stm32wbxx_ll_exti.h ****   *         @arg @ref LL_EXTI_LINE_8
 573:Drivers/STM32WBxx_HAL_Driver/Inc/stm32wbxx_ll_exti.h ****   *         @arg @ref LL_EXTI_LINE_9
 574:Drivers/STM32WBxx_HAL_Driver/Inc/stm32wbxx_ll_exti.h ****   *         @arg @ref LL_EXTI_LINE_10
 575:Drivers/STM32WBxx_HAL_Driver/Inc/stm32wbxx_ll_exti.h ****   *         @arg @ref LL_EXTI_LINE_11
 576:Drivers/STM32WBxx_HAL_Driver/Inc/stm32wbxx_ll_exti.h ****   *         @arg @ref LL_EXTI_LINE_12
 577:Drivers/STM32WBxx_HAL_Driver/Inc/stm32wbxx_ll_exti.h ****   *         @arg @ref LL_EXTI_LINE_13
 578:Drivers/STM32WBxx_HAL_Driver/Inc/stm32wbxx_ll_exti.h ****   *         @arg @ref LL_EXTI_LINE_14
 579:Drivers/STM32WBxx_HAL_Driver/Inc/stm32wbxx_ll_exti.h ****   *         @arg @ref LL_EXTI_LINE_15
 580:Drivers/STM32WBxx_HAL_Driver/Inc/stm32wbxx_ll_exti.h ****   *         @arg @ref LL_EXTI_LINE_16
 581:Drivers/STM32WBxx_HAL_Driver/Inc/stm32wbxx_ll_exti.h ****   *         @arg @ref LL_EXTI_LINE_17
 582:Drivers/STM32WBxx_HAL_Driver/Inc/stm32wbxx_ll_exti.h ****   *         @arg @ref LL_EXTI_LINE_18
 583:Drivers/STM32WBxx_HAL_Driver/Inc/stm32wbxx_ll_exti.h ****   *         @arg @ref LL_EXTI_LINE_19
 584:Drivers/STM32WBxx_HAL_Driver/Inc/stm32wbxx_ll_exti.h ****   *         @arg @ref LL_EXTI_LINE_20 (*)
 585:Drivers/STM32WBxx_HAL_Driver/Inc/stm32wbxx_ll_exti.h ****   *         @arg @ref LL_EXTI_LINE_21 (*)
 586:Drivers/STM32WBxx_HAL_Driver/Inc/stm32wbxx_ll_exti.h ****   *         @arg @ref LL_EXTI_LINE_22
 587:Drivers/STM32WBxx_HAL_Driver/Inc/stm32wbxx_ll_exti.h ****   *         @arg @ref LL_EXTI_LINE_23 (*)
 588:Drivers/STM32WBxx_HAL_Driver/Inc/stm32wbxx_ll_exti.h ****   *         @arg @ref LL_EXTI_LINE_24
 589:Drivers/STM32WBxx_HAL_Driver/Inc/stm32wbxx_ll_exti.h ****   *         @arg @ref LL_EXTI_LINE_25 (*)
 590:Drivers/STM32WBxx_HAL_Driver/Inc/stm32wbxx_ll_exti.h ****   *         @arg @ref LL_EXTI_LINE_28 (*)
 591:Drivers/STM32WBxx_HAL_Driver/Inc/stm32wbxx_ll_exti.h ****   *         @arg @ref LL_EXTI_LINE_29
 592:Drivers/STM32WBxx_HAL_Driver/Inc/stm32wbxx_ll_exti.h ****   *         @arg @ref LL_EXTI_LINE_30
 593:Drivers/STM32WBxx_HAL_Driver/Inc/stm32wbxx_ll_exti.h ****   *         @arg @ref LL_EXTI_LINE_31 (*)
 594:Drivers/STM32WBxx_HAL_Driver/Inc/stm32wbxx_ll_exti.h ****   *         @arg @ref LL_EXTI_LINE_ALL_0_31
 595:Drivers/STM32WBxx_HAL_Driver/Inc/stm32wbxx_ll_exti.h ****   *         (*) value not defined in all devices
 596:Drivers/STM32WBxx_HAL_Driver/Inc/stm32wbxx_ll_exti.h ****   * @retval State of bit (1 or 0).
 597:Drivers/STM32WBxx_HAL_Driver/Inc/stm32wbxx_ll_exti.h ****   */
 598:Drivers/STM32WBxx_HAL_Driver/Inc/stm32wbxx_ll_exti.h **** __STATIC_INLINE uint32_t LL_EXTI_IsEnabledIT_0_31(uint32_t ExtiLine)
 599:Drivers/STM32WBxx_HAL_Driver/Inc/stm32wbxx_ll_exti.h **** {
 600:Drivers/STM32WBxx_HAL_Driver/Inc/stm32wbxx_ll_exti.h ****   return ((READ_BIT(EXTI->IMR1, ExtiLine) == (ExtiLine)) ? 1UL : 0UL);
ARM GAS  C:\Users\843E~1\AppData\Local\Temp\ccJpJOBl.s 			page 67


 601:Drivers/STM32WBxx_HAL_Driver/Inc/stm32wbxx_ll_exti.h **** }
 602:Drivers/STM32WBxx_HAL_Driver/Inc/stm32wbxx_ll_exti.h **** 
 603:Drivers/STM32WBxx_HAL_Driver/Inc/stm32wbxx_ll_exti.h **** /**
 604:Drivers/STM32WBxx_HAL_Driver/Inc/stm32wbxx_ll_exti.h ****   * @brief  Indicate if ExtiLine Interrupt request is enabled for Lines in range 0 to 31 for cpu2
 605:Drivers/STM32WBxx_HAL_Driver/Inc/stm32wbxx_ll_exti.h ****   * @rmtoll C2IMR1         IMx           LL_C2_EXTI_IsEnabledIT_0_31
 606:Drivers/STM32WBxx_HAL_Driver/Inc/stm32wbxx_ll_exti.h ****   * @param  ExtiLine This parameter can be a combination of the following values:
 607:Drivers/STM32WBxx_HAL_Driver/Inc/stm32wbxx_ll_exti.h ****   *         @arg @ref LL_EXTI_LINE_0
 608:Drivers/STM32WBxx_HAL_Driver/Inc/stm32wbxx_ll_exti.h ****   *         @arg @ref LL_EXTI_LINE_1
 609:Drivers/STM32WBxx_HAL_Driver/Inc/stm32wbxx_ll_exti.h ****   *         @arg @ref LL_EXTI_LINE_2
 610:Drivers/STM32WBxx_HAL_Driver/Inc/stm32wbxx_ll_exti.h ****   *         @arg @ref LL_EXTI_LINE_3
 611:Drivers/STM32WBxx_HAL_Driver/Inc/stm32wbxx_ll_exti.h ****   *         @arg @ref LL_EXTI_LINE_4
 612:Drivers/STM32WBxx_HAL_Driver/Inc/stm32wbxx_ll_exti.h ****   *         @arg @ref LL_EXTI_LINE_5
 613:Drivers/STM32WBxx_HAL_Driver/Inc/stm32wbxx_ll_exti.h ****   *         @arg @ref LL_EXTI_LINE_6
 614:Drivers/STM32WBxx_HAL_Driver/Inc/stm32wbxx_ll_exti.h ****   *         @arg @ref LL_EXTI_LINE_7
 615:Drivers/STM32WBxx_HAL_Driver/Inc/stm32wbxx_ll_exti.h ****   *         @arg @ref LL_EXTI_LINE_8
 616:Drivers/STM32WBxx_HAL_Driver/Inc/stm32wbxx_ll_exti.h ****   *         @arg @ref LL_EXTI_LINE_9
 617:Drivers/STM32WBxx_HAL_Driver/Inc/stm32wbxx_ll_exti.h ****   *         @arg @ref LL_EXTI_LINE_10
 618:Drivers/STM32WBxx_HAL_Driver/Inc/stm32wbxx_ll_exti.h ****   *         @arg @ref LL_EXTI_LINE_11
 619:Drivers/STM32WBxx_HAL_Driver/Inc/stm32wbxx_ll_exti.h ****   *         @arg @ref LL_EXTI_LINE_12
 620:Drivers/STM32WBxx_HAL_Driver/Inc/stm32wbxx_ll_exti.h ****   *         @arg @ref LL_EXTI_LINE_13
 621:Drivers/STM32WBxx_HAL_Driver/Inc/stm32wbxx_ll_exti.h ****   *         @arg @ref LL_EXTI_LINE_14
 622:Drivers/STM32WBxx_HAL_Driver/Inc/stm32wbxx_ll_exti.h ****   *         @arg @ref LL_EXTI_LINE_15
 623:Drivers/STM32WBxx_HAL_Driver/Inc/stm32wbxx_ll_exti.h ****   *         @arg @ref LL_EXTI_LINE_16
 624:Drivers/STM32WBxx_HAL_Driver/Inc/stm32wbxx_ll_exti.h ****   *         @arg @ref LL_EXTI_LINE_17
 625:Drivers/STM32WBxx_HAL_Driver/Inc/stm32wbxx_ll_exti.h ****   *         @arg @ref LL_EXTI_LINE_18
 626:Drivers/STM32WBxx_HAL_Driver/Inc/stm32wbxx_ll_exti.h ****   *         @arg @ref LL_EXTI_LINE_19
 627:Drivers/STM32WBxx_HAL_Driver/Inc/stm32wbxx_ll_exti.h ****   *         @arg @ref LL_EXTI_LINE_20 (*)
 628:Drivers/STM32WBxx_HAL_Driver/Inc/stm32wbxx_ll_exti.h ****   *         @arg @ref LL_EXTI_LINE_21 (*)
 629:Drivers/STM32WBxx_HAL_Driver/Inc/stm32wbxx_ll_exti.h ****   *         @arg @ref LL_EXTI_LINE_22
 630:Drivers/STM32WBxx_HAL_Driver/Inc/stm32wbxx_ll_exti.h ****   *         @arg @ref LL_EXTI_LINE_23 (*)
 631:Drivers/STM32WBxx_HAL_Driver/Inc/stm32wbxx_ll_exti.h ****   *         @arg @ref LL_EXTI_LINE_24
 632:Drivers/STM32WBxx_HAL_Driver/Inc/stm32wbxx_ll_exti.h ****   *         @arg @ref LL_EXTI_LINE_25 (*)
 633:Drivers/STM32WBxx_HAL_Driver/Inc/stm32wbxx_ll_exti.h ****   *         @arg @ref LL_EXTI_LINE_28 (*)
 634:Drivers/STM32WBxx_HAL_Driver/Inc/stm32wbxx_ll_exti.h ****   *         @arg @ref LL_EXTI_LINE_29
 635:Drivers/STM32WBxx_HAL_Driver/Inc/stm32wbxx_ll_exti.h ****   *         @arg @ref LL_EXTI_LINE_30
 636:Drivers/STM32WBxx_HAL_Driver/Inc/stm32wbxx_ll_exti.h ****   *         @arg @ref LL_EXTI_LINE_31 (*)
 637:Drivers/STM32WBxx_HAL_Driver/Inc/stm32wbxx_ll_exti.h ****   *         @arg @ref LL_EXTI_LINE_ALL_0_31
 638:Drivers/STM32WBxx_HAL_Driver/Inc/stm32wbxx_ll_exti.h ****   *         (*) value not defined in all devices
 639:Drivers/STM32WBxx_HAL_Driver/Inc/stm32wbxx_ll_exti.h ****   * @retval State of bit (1 or 0).
 640:Drivers/STM32WBxx_HAL_Driver/Inc/stm32wbxx_ll_exti.h ****   */
 641:Drivers/STM32WBxx_HAL_Driver/Inc/stm32wbxx_ll_exti.h **** __STATIC_INLINE uint32_t LL_C2_EXTI_IsEnabledIT_0_31(uint32_t ExtiLine)
 642:Drivers/STM32WBxx_HAL_Driver/Inc/stm32wbxx_ll_exti.h **** {
 643:Drivers/STM32WBxx_HAL_Driver/Inc/stm32wbxx_ll_exti.h ****   return ((READ_BIT(EXTI->C2IMR1, ExtiLine) == (ExtiLine)) ? 1UL : 0UL);
 644:Drivers/STM32WBxx_HAL_Driver/Inc/stm32wbxx_ll_exti.h **** }
 645:Drivers/STM32WBxx_HAL_Driver/Inc/stm32wbxx_ll_exti.h **** 
 646:Drivers/STM32WBxx_HAL_Driver/Inc/stm32wbxx_ll_exti.h **** /**
 647:Drivers/STM32WBxx_HAL_Driver/Inc/stm32wbxx_ll_exti.h ****   * @brief  Indicate if ExtiLine Interrupt request is enabled for Lines in range 32 to 63
 648:Drivers/STM32WBxx_HAL_Driver/Inc/stm32wbxx_ll_exti.h ****   * @rmtoll IMR2         IMx           LL_EXTI_IsEnabledIT_32_63
 649:Drivers/STM32WBxx_HAL_Driver/Inc/stm32wbxx_ll_exti.h ****   * @param  ExtiLine This parameter can be a combination of the following values:
 650:Drivers/STM32WBxx_HAL_Driver/Inc/stm32wbxx_ll_exti.h ****   *         @arg @ref LL_EXTI_LINE_33
 651:Drivers/STM32WBxx_HAL_Driver/Inc/stm32wbxx_ll_exti.h ****   *         @arg @ref LL_EXTI_LINE_36
 652:Drivers/STM32WBxx_HAL_Driver/Inc/stm32wbxx_ll_exti.h ****   *         @arg @ref LL_EXTI_LINE_37
 653:Drivers/STM32WBxx_HAL_Driver/Inc/stm32wbxx_ll_exti.h ****   *         @arg @ref LL_EXTI_LINE_38
 654:Drivers/STM32WBxx_HAL_Driver/Inc/stm32wbxx_ll_exti.h ****   *         @arg @ref LL_EXTI_LINE_39
 655:Drivers/STM32WBxx_HAL_Driver/Inc/stm32wbxx_ll_exti.h ****   *         @arg @ref LL_EXTI_LINE_40
 656:Drivers/STM32WBxx_HAL_Driver/Inc/stm32wbxx_ll_exti.h ****   *         @arg @ref LL_EXTI_LINE_41
 657:Drivers/STM32WBxx_HAL_Driver/Inc/stm32wbxx_ll_exti.h ****   *         @arg @ref LL_EXTI_LINE_42
ARM GAS  C:\Users\843E~1\AppData\Local\Temp\ccJpJOBl.s 			page 68


 658:Drivers/STM32WBxx_HAL_Driver/Inc/stm32wbxx_ll_exti.h ****   *         @arg @ref LL_EXTI_LINE_43 (*)
 659:Drivers/STM32WBxx_HAL_Driver/Inc/stm32wbxx_ll_exti.h ****   *         @arg @ref LL_EXTI_LINE_44
 660:Drivers/STM32WBxx_HAL_Driver/Inc/stm32wbxx_ll_exti.h ****   *         @arg @ref LL_EXTI_LINE_45
 661:Drivers/STM32WBxx_HAL_Driver/Inc/stm32wbxx_ll_exti.h ****   *         @arg @ref LL_EXTI_LINE_46 (*)
 662:Drivers/STM32WBxx_HAL_Driver/Inc/stm32wbxx_ll_exti.h ****   *         @arg @ref LL_EXTI_LINE_48
 663:Drivers/STM32WBxx_HAL_Driver/Inc/stm32wbxx_ll_exti.h ****   *         @arg @ref LL_EXTI_LINE_ALL_32_63
 664:Drivers/STM32WBxx_HAL_Driver/Inc/stm32wbxx_ll_exti.h ****   *         (*) value not defined in all devices
 665:Drivers/STM32WBxx_HAL_Driver/Inc/stm32wbxx_ll_exti.h ****   * @retval State of bit (1 or 0).
 666:Drivers/STM32WBxx_HAL_Driver/Inc/stm32wbxx_ll_exti.h ****   */
 667:Drivers/STM32WBxx_HAL_Driver/Inc/stm32wbxx_ll_exti.h **** __STATIC_INLINE uint32_t LL_EXTI_IsEnabledIT_32_63(uint32_t ExtiLine)
 668:Drivers/STM32WBxx_HAL_Driver/Inc/stm32wbxx_ll_exti.h **** {
 669:Drivers/STM32WBxx_HAL_Driver/Inc/stm32wbxx_ll_exti.h ****   return ((READ_BIT(EXTI->IMR2, ExtiLine) == (ExtiLine)) ? 1UL : 0UL);
 670:Drivers/STM32WBxx_HAL_Driver/Inc/stm32wbxx_ll_exti.h **** }
 671:Drivers/STM32WBxx_HAL_Driver/Inc/stm32wbxx_ll_exti.h **** 
 672:Drivers/STM32WBxx_HAL_Driver/Inc/stm32wbxx_ll_exti.h **** /**
 673:Drivers/STM32WBxx_HAL_Driver/Inc/stm32wbxx_ll_exti.h ****   * @brief  Indicate if ExtiLine Interrupt request is enabled for Lines in range 32 to 63 for cpu2
 674:Drivers/STM32WBxx_HAL_Driver/Inc/stm32wbxx_ll_exti.h ****   * @rmtoll C2IMR2         IMx           LL_C2_EXTI_IsEnabledIT_32_63
 675:Drivers/STM32WBxx_HAL_Driver/Inc/stm32wbxx_ll_exti.h ****   * @param  ExtiLine This parameter can be a combination of the following values:
 676:Drivers/STM32WBxx_HAL_Driver/Inc/stm32wbxx_ll_exti.h ****   *         @arg @ref LL_EXTI_LINE_33
 677:Drivers/STM32WBxx_HAL_Driver/Inc/stm32wbxx_ll_exti.h ****   *         @arg @ref LL_EXTI_LINE_36
 678:Drivers/STM32WBxx_HAL_Driver/Inc/stm32wbxx_ll_exti.h ****   *         @arg @ref LL_EXTI_LINE_37
 679:Drivers/STM32WBxx_HAL_Driver/Inc/stm32wbxx_ll_exti.h ****   *         @arg @ref LL_EXTI_LINE_38
 680:Drivers/STM32WBxx_HAL_Driver/Inc/stm32wbxx_ll_exti.h ****   *         @arg @ref LL_EXTI_LINE_39
 681:Drivers/STM32WBxx_HAL_Driver/Inc/stm32wbxx_ll_exti.h ****   *         @arg @ref LL_EXTI_LINE_40
 682:Drivers/STM32WBxx_HAL_Driver/Inc/stm32wbxx_ll_exti.h ****   *         @arg @ref LL_EXTI_LINE_41
 683:Drivers/STM32WBxx_HAL_Driver/Inc/stm32wbxx_ll_exti.h ****   *         @arg @ref LL_EXTI_LINE_42
 684:Drivers/STM32WBxx_HAL_Driver/Inc/stm32wbxx_ll_exti.h ****   *         @arg @ref LL_EXTI_LINE_43 (*)
 685:Drivers/STM32WBxx_HAL_Driver/Inc/stm32wbxx_ll_exti.h ****   *         @arg @ref LL_EXTI_LINE_44
 686:Drivers/STM32WBxx_HAL_Driver/Inc/stm32wbxx_ll_exti.h ****   *         @arg @ref LL_EXTI_LINE_45
 687:Drivers/STM32WBxx_HAL_Driver/Inc/stm32wbxx_ll_exti.h ****   *         @arg @ref LL_EXTI_LINE_46 (*)
 688:Drivers/STM32WBxx_HAL_Driver/Inc/stm32wbxx_ll_exti.h ****   *         @arg @ref LL_EXTI_LINE_48
 689:Drivers/STM32WBxx_HAL_Driver/Inc/stm32wbxx_ll_exti.h ****   *         @arg @ref LL_EXTI_LINE_ALL_32_63
 690:Drivers/STM32WBxx_HAL_Driver/Inc/stm32wbxx_ll_exti.h ****   *         (*) value not defined in all devices
 691:Drivers/STM32WBxx_HAL_Driver/Inc/stm32wbxx_ll_exti.h ****   * @retval State of bit (1 or 0).
 692:Drivers/STM32WBxx_HAL_Driver/Inc/stm32wbxx_ll_exti.h ****   */
 693:Drivers/STM32WBxx_HAL_Driver/Inc/stm32wbxx_ll_exti.h **** __STATIC_INLINE uint32_t LL_C2_EXTI_IsEnabledIT_32_63(uint32_t ExtiLine)
 694:Drivers/STM32WBxx_HAL_Driver/Inc/stm32wbxx_ll_exti.h **** {
 695:Drivers/STM32WBxx_HAL_Driver/Inc/stm32wbxx_ll_exti.h ****   return ((READ_BIT(EXTI->C2IMR2, ExtiLine) == (ExtiLine)) ? 1UL : 0UL);
 696:Drivers/STM32WBxx_HAL_Driver/Inc/stm32wbxx_ll_exti.h **** }
 697:Drivers/STM32WBxx_HAL_Driver/Inc/stm32wbxx_ll_exti.h **** 
 698:Drivers/STM32WBxx_HAL_Driver/Inc/stm32wbxx_ll_exti.h **** /**
 699:Drivers/STM32WBxx_HAL_Driver/Inc/stm32wbxx_ll_exti.h ****   * @}
 700:Drivers/STM32WBxx_HAL_Driver/Inc/stm32wbxx_ll_exti.h ****   */
 701:Drivers/STM32WBxx_HAL_Driver/Inc/stm32wbxx_ll_exti.h **** 
 702:Drivers/STM32WBxx_HAL_Driver/Inc/stm32wbxx_ll_exti.h **** /** @defgroup EXTI_LL_EF_Event_Management Event_Management
 703:Drivers/STM32WBxx_HAL_Driver/Inc/stm32wbxx_ll_exti.h ****   * @{
 704:Drivers/STM32WBxx_HAL_Driver/Inc/stm32wbxx_ll_exti.h ****   */
 705:Drivers/STM32WBxx_HAL_Driver/Inc/stm32wbxx_ll_exti.h **** 
 706:Drivers/STM32WBxx_HAL_Driver/Inc/stm32wbxx_ll_exti.h **** /**
 707:Drivers/STM32WBxx_HAL_Driver/Inc/stm32wbxx_ll_exti.h ****   * @brief  Enable ExtiLine Event request for Lines in range 0 to 31
 708:Drivers/STM32WBxx_HAL_Driver/Inc/stm32wbxx_ll_exti.h ****   * @rmtoll EMR1         EMx           LL_EXTI_EnableEvent_0_31
 709:Drivers/STM32WBxx_HAL_Driver/Inc/stm32wbxx_ll_exti.h ****   * @param  ExtiLine This parameter can be a combination of the following values:
 710:Drivers/STM32WBxx_HAL_Driver/Inc/stm32wbxx_ll_exti.h ****   *         @arg @ref LL_EXTI_LINE_0
 711:Drivers/STM32WBxx_HAL_Driver/Inc/stm32wbxx_ll_exti.h ****   *         @arg @ref LL_EXTI_LINE_1
 712:Drivers/STM32WBxx_HAL_Driver/Inc/stm32wbxx_ll_exti.h ****   *         @arg @ref LL_EXTI_LINE_2
 713:Drivers/STM32WBxx_HAL_Driver/Inc/stm32wbxx_ll_exti.h ****   *         @arg @ref LL_EXTI_LINE_3
 714:Drivers/STM32WBxx_HAL_Driver/Inc/stm32wbxx_ll_exti.h ****   *         @arg @ref LL_EXTI_LINE_4
ARM GAS  C:\Users\843E~1\AppData\Local\Temp\ccJpJOBl.s 			page 69


 715:Drivers/STM32WBxx_HAL_Driver/Inc/stm32wbxx_ll_exti.h ****   *         @arg @ref LL_EXTI_LINE_5
 716:Drivers/STM32WBxx_HAL_Driver/Inc/stm32wbxx_ll_exti.h ****   *         @arg @ref LL_EXTI_LINE_6
 717:Drivers/STM32WBxx_HAL_Driver/Inc/stm32wbxx_ll_exti.h ****   *         @arg @ref LL_EXTI_LINE_7
 718:Drivers/STM32WBxx_HAL_Driver/Inc/stm32wbxx_ll_exti.h ****   *         @arg @ref LL_EXTI_LINE_8
 719:Drivers/STM32WBxx_HAL_Driver/Inc/stm32wbxx_ll_exti.h ****   *         @arg @ref LL_EXTI_LINE_9
 720:Drivers/STM32WBxx_HAL_Driver/Inc/stm32wbxx_ll_exti.h ****   *         @arg @ref LL_EXTI_LINE_10
 721:Drivers/STM32WBxx_HAL_Driver/Inc/stm32wbxx_ll_exti.h ****   *         @arg @ref LL_EXTI_LINE_11
 722:Drivers/STM32WBxx_HAL_Driver/Inc/stm32wbxx_ll_exti.h ****   *         @arg @ref LL_EXTI_LINE_12
 723:Drivers/STM32WBxx_HAL_Driver/Inc/stm32wbxx_ll_exti.h ****   *         @arg @ref LL_EXTI_LINE_13
 724:Drivers/STM32WBxx_HAL_Driver/Inc/stm32wbxx_ll_exti.h ****   *         @arg @ref LL_EXTI_LINE_14
 725:Drivers/STM32WBxx_HAL_Driver/Inc/stm32wbxx_ll_exti.h ****   *         @arg @ref LL_EXTI_LINE_15
 726:Drivers/STM32WBxx_HAL_Driver/Inc/stm32wbxx_ll_exti.h ****   *         @arg @ref LL_EXTI_LINE_17
 727:Drivers/STM32WBxx_HAL_Driver/Inc/stm32wbxx_ll_exti.h ****   *         @arg @ref LL_EXTI_LINE_18
 728:Drivers/STM32WBxx_HAL_Driver/Inc/stm32wbxx_ll_exti.h ****   *         @arg @ref LL_EXTI_LINE_19
 729:Drivers/STM32WBxx_HAL_Driver/Inc/stm32wbxx_ll_exti.h ****   *         @arg @ref LL_EXTI_LINE_20 (*)
 730:Drivers/STM32WBxx_HAL_Driver/Inc/stm32wbxx_ll_exti.h ****   *         @arg @ref LL_EXTI_LINE_21 (*)
 731:Drivers/STM32WBxx_HAL_Driver/Inc/stm32wbxx_ll_exti.h ****   *         (*) value not defined in all devices
 732:Drivers/STM32WBxx_HAL_Driver/Inc/stm32wbxx_ll_exti.h ****   * @retval None
 733:Drivers/STM32WBxx_HAL_Driver/Inc/stm32wbxx_ll_exti.h ****   */
 734:Drivers/STM32WBxx_HAL_Driver/Inc/stm32wbxx_ll_exti.h **** __STATIC_INLINE void LL_EXTI_EnableEvent_0_31(uint32_t ExtiLine)
 735:Drivers/STM32WBxx_HAL_Driver/Inc/stm32wbxx_ll_exti.h **** {
 736:Drivers/STM32WBxx_HAL_Driver/Inc/stm32wbxx_ll_exti.h ****   SET_BIT(EXTI->EMR1, ExtiLine);
 737:Drivers/STM32WBxx_HAL_Driver/Inc/stm32wbxx_ll_exti.h **** }
 738:Drivers/STM32WBxx_HAL_Driver/Inc/stm32wbxx_ll_exti.h **** 
 739:Drivers/STM32WBxx_HAL_Driver/Inc/stm32wbxx_ll_exti.h **** /**
 740:Drivers/STM32WBxx_HAL_Driver/Inc/stm32wbxx_ll_exti.h ****   * @brief  Enable ExtiLine Event request for Lines in range 0 to 31 for cpu2
 741:Drivers/STM32WBxx_HAL_Driver/Inc/stm32wbxx_ll_exti.h ****   * @rmtoll C2EMR1         EMx           LL_C2_EXTI_EnableEvent_0_31
 742:Drivers/STM32WBxx_HAL_Driver/Inc/stm32wbxx_ll_exti.h ****   * @param  ExtiLine This parameter can be a combination of the following values:
 743:Drivers/STM32WBxx_HAL_Driver/Inc/stm32wbxx_ll_exti.h ****   *         @arg @ref LL_EXTI_LINE_0
 744:Drivers/STM32WBxx_HAL_Driver/Inc/stm32wbxx_ll_exti.h ****   *         @arg @ref LL_EXTI_LINE_1
 745:Drivers/STM32WBxx_HAL_Driver/Inc/stm32wbxx_ll_exti.h ****   *         @arg @ref LL_EXTI_LINE_2
 746:Drivers/STM32WBxx_HAL_Driver/Inc/stm32wbxx_ll_exti.h ****   *         @arg @ref LL_EXTI_LINE_3
 747:Drivers/STM32WBxx_HAL_Driver/Inc/stm32wbxx_ll_exti.h ****   *         @arg @ref LL_EXTI_LINE_4
 748:Drivers/STM32WBxx_HAL_Driver/Inc/stm32wbxx_ll_exti.h ****   *         @arg @ref LL_EXTI_LINE_5
 749:Drivers/STM32WBxx_HAL_Driver/Inc/stm32wbxx_ll_exti.h ****   *         @arg @ref LL_EXTI_LINE_6
 750:Drivers/STM32WBxx_HAL_Driver/Inc/stm32wbxx_ll_exti.h ****   *         @arg @ref LL_EXTI_LINE_7
 751:Drivers/STM32WBxx_HAL_Driver/Inc/stm32wbxx_ll_exti.h ****   *         @arg @ref LL_EXTI_LINE_8
 752:Drivers/STM32WBxx_HAL_Driver/Inc/stm32wbxx_ll_exti.h ****   *         @arg @ref LL_EXTI_LINE_9
 753:Drivers/STM32WBxx_HAL_Driver/Inc/stm32wbxx_ll_exti.h ****   *         @arg @ref LL_EXTI_LINE_10
 754:Drivers/STM32WBxx_HAL_Driver/Inc/stm32wbxx_ll_exti.h ****   *         @arg @ref LL_EXTI_LINE_11
 755:Drivers/STM32WBxx_HAL_Driver/Inc/stm32wbxx_ll_exti.h ****   *         @arg @ref LL_EXTI_LINE_12
 756:Drivers/STM32WBxx_HAL_Driver/Inc/stm32wbxx_ll_exti.h ****   *         @arg @ref LL_EXTI_LINE_13
 757:Drivers/STM32WBxx_HAL_Driver/Inc/stm32wbxx_ll_exti.h ****   *         @arg @ref LL_EXTI_LINE_14
 758:Drivers/STM32WBxx_HAL_Driver/Inc/stm32wbxx_ll_exti.h ****   *         @arg @ref LL_EXTI_LINE_15
 759:Drivers/STM32WBxx_HAL_Driver/Inc/stm32wbxx_ll_exti.h ****   *         @arg @ref LL_EXTI_LINE_17
 760:Drivers/STM32WBxx_HAL_Driver/Inc/stm32wbxx_ll_exti.h ****   *         @arg @ref LL_EXTI_LINE_18
 761:Drivers/STM32WBxx_HAL_Driver/Inc/stm32wbxx_ll_exti.h ****   *         @arg @ref LL_EXTI_LINE_19
 762:Drivers/STM32WBxx_HAL_Driver/Inc/stm32wbxx_ll_exti.h ****   *         @arg @ref LL_EXTI_LINE_20 (*)
 763:Drivers/STM32WBxx_HAL_Driver/Inc/stm32wbxx_ll_exti.h ****   *         @arg @ref LL_EXTI_LINE_21 (*)
 764:Drivers/STM32WBxx_HAL_Driver/Inc/stm32wbxx_ll_exti.h ****   *         (*) value not defined in all devices
 765:Drivers/STM32WBxx_HAL_Driver/Inc/stm32wbxx_ll_exti.h ****   * @retval None
 766:Drivers/STM32WBxx_HAL_Driver/Inc/stm32wbxx_ll_exti.h ****   */
 767:Drivers/STM32WBxx_HAL_Driver/Inc/stm32wbxx_ll_exti.h **** __STATIC_INLINE void LL_C2_EXTI_EnableEvent_0_31(uint32_t ExtiLine)
 768:Drivers/STM32WBxx_HAL_Driver/Inc/stm32wbxx_ll_exti.h **** {
 769:Drivers/STM32WBxx_HAL_Driver/Inc/stm32wbxx_ll_exti.h ****   SET_BIT(EXTI->C2EMR1, ExtiLine);
 770:Drivers/STM32WBxx_HAL_Driver/Inc/stm32wbxx_ll_exti.h **** }
 771:Drivers/STM32WBxx_HAL_Driver/Inc/stm32wbxx_ll_exti.h **** 
ARM GAS  C:\Users\843E~1\AppData\Local\Temp\ccJpJOBl.s 			page 70


 772:Drivers/STM32WBxx_HAL_Driver/Inc/stm32wbxx_ll_exti.h **** /**
 773:Drivers/STM32WBxx_HAL_Driver/Inc/stm32wbxx_ll_exti.h ****   * @brief  Enable ExtiLine Event request for Lines in range 32 to 63
 774:Drivers/STM32WBxx_HAL_Driver/Inc/stm32wbxx_ll_exti.h ****   * @rmtoll EMR2         EMx           LL_EXTI_EnableEvent_32_63
 775:Drivers/STM32WBxx_HAL_Driver/Inc/stm32wbxx_ll_exti.h ****   * @param  ExtiLine This parameter can be a combination of the following values:
 776:Drivers/STM32WBxx_HAL_Driver/Inc/stm32wbxx_ll_exti.h ****   *         @arg @ref LL_EXTI_LINE_40
 777:Drivers/STM32WBxx_HAL_Driver/Inc/stm32wbxx_ll_exti.h ****   *         @arg @ref LL_EXTI_LINE_41
 778:Drivers/STM32WBxx_HAL_Driver/Inc/stm32wbxx_ll_exti.h ****   * @retval None
 779:Drivers/STM32WBxx_HAL_Driver/Inc/stm32wbxx_ll_exti.h ****   */
 780:Drivers/STM32WBxx_HAL_Driver/Inc/stm32wbxx_ll_exti.h **** __STATIC_INLINE void LL_EXTI_EnableEvent_32_63(uint32_t ExtiLine)
 781:Drivers/STM32WBxx_HAL_Driver/Inc/stm32wbxx_ll_exti.h **** {
 782:Drivers/STM32WBxx_HAL_Driver/Inc/stm32wbxx_ll_exti.h ****   SET_BIT(EXTI->EMR2, ExtiLine);
 783:Drivers/STM32WBxx_HAL_Driver/Inc/stm32wbxx_ll_exti.h **** }
 784:Drivers/STM32WBxx_HAL_Driver/Inc/stm32wbxx_ll_exti.h **** 
 785:Drivers/STM32WBxx_HAL_Driver/Inc/stm32wbxx_ll_exti.h **** /**
 786:Drivers/STM32WBxx_HAL_Driver/Inc/stm32wbxx_ll_exti.h ****   * @brief  Enable ExtiLine Event request for Lines in range 32 to 63 for cpu2
 787:Drivers/STM32WBxx_HAL_Driver/Inc/stm32wbxx_ll_exti.h ****   * @rmtoll C2EMR2         EMx           LL_C2_EXTI_EnableEvent_32_63
 788:Drivers/STM32WBxx_HAL_Driver/Inc/stm32wbxx_ll_exti.h ****   * @param  ExtiLine This parameter can be a combination of the following values:
 789:Drivers/STM32WBxx_HAL_Driver/Inc/stm32wbxx_ll_exti.h ****   *         @arg @ref LL_EXTI_LINE_40
 790:Drivers/STM32WBxx_HAL_Driver/Inc/stm32wbxx_ll_exti.h ****   *         @arg @ref LL_EXTI_LINE_41
 791:Drivers/STM32WBxx_HAL_Driver/Inc/stm32wbxx_ll_exti.h ****   * @retval None
 792:Drivers/STM32WBxx_HAL_Driver/Inc/stm32wbxx_ll_exti.h ****   */
 793:Drivers/STM32WBxx_HAL_Driver/Inc/stm32wbxx_ll_exti.h **** __STATIC_INLINE void LL_C2_EXTI_EnableEvent_32_63(uint32_t ExtiLine)
 794:Drivers/STM32WBxx_HAL_Driver/Inc/stm32wbxx_ll_exti.h **** {
 795:Drivers/STM32WBxx_HAL_Driver/Inc/stm32wbxx_ll_exti.h ****   SET_BIT(EXTI->C2EMR2, ExtiLine);
 796:Drivers/STM32WBxx_HAL_Driver/Inc/stm32wbxx_ll_exti.h **** }
 797:Drivers/STM32WBxx_HAL_Driver/Inc/stm32wbxx_ll_exti.h **** 
 798:Drivers/STM32WBxx_HAL_Driver/Inc/stm32wbxx_ll_exti.h **** /**
 799:Drivers/STM32WBxx_HAL_Driver/Inc/stm32wbxx_ll_exti.h ****   * @brief  Disable ExtiLine Event request for Lines in range 0 to 31
 800:Drivers/STM32WBxx_HAL_Driver/Inc/stm32wbxx_ll_exti.h ****   * @rmtoll EMR1         EMx           LL_EXTI_DisableEvent_0_31
 801:Drivers/STM32WBxx_HAL_Driver/Inc/stm32wbxx_ll_exti.h ****   * @param  ExtiLine This parameter can be a combination of the following values:
 802:Drivers/STM32WBxx_HAL_Driver/Inc/stm32wbxx_ll_exti.h ****   *         @arg @ref LL_EXTI_LINE_0
 803:Drivers/STM32WBxx_HAL_Driver/Inc/stm32wbxx_ll_exti.h ****   *         @arg @ref LL_EXTI_LINE_1
 804:Drivers/STM32WBxx_HAL_Driver/Inc/stm32wbxx_ll_exti.h ****   *         @arg @ref LL_EXTI_LINE_2
 805:Drivers/STM32WBxx_HAL_Driver/Inc/stm32wbxx_ll_exti.h ****   *         @arg @ref LL_EXTI_LINE_3
 806:Drivers/STM32WBxx_HAL_Driver/Inc/stm32wbxx_ll_exti.h ****   *         @arg @ref LL_EXTI_LINE_4
 807:Drivers/STM32WBxx_HAL_Driver/Inc/stm32wbxx_ll_exti.h ****   *         @arg @ref LL_EXTI_LINE_5
 808:Drivers/STM32WBxx_HAL_Driver/Inc/stm32wbxx_ll_exti.h ****   *         @arg @ref LL_EXTI_LINE_6
 809:Drivers/STM32WBxx_HAL_Driver/Inc/stm32wbxx_ll_exti.h ****   *         @arg @ref LL_EXTI_LINE_7
 810:Drivers/STM32WBxx_HAL_Driver/Inc/stm32wbxx_ll_exti.h ****   *         @arg @ref LL_EXTI_LINE_8
 811:Drivers/STM32WBxx_HAL_Driver/Inc/stm32wbxx_ll_exti.h ****   *         @arg @ref LL_EXTI_LINE_9
 812:Drivers/STM32WBxx_HAL_Driver/Inc/stm32wbxx_ll_exti.h ****   *         @arg @ref LL_EXTI_LINE_10
 813:Drivers/STM32WBxx_HAL_Driver/Inc/stm32wbxx_ll_exti.h ****   *         @arg @ref LL_EXTI_LINE_11
 814:Drivers/STM32WBxx_HAL_Driver/Inc/stm32wbxx_ll_exti.h ****   *         @arg @ref LL_EXTI_LINE_12
 815:Drivers/STM32WBxx_HAL_Driver/Inc/stm32wbxx_ll_exti.h ****   *         @arg @ref LL_EXTI_LINE_13
 816:Drivers/STM32WBxx_HAL_Driver/Inc/stm32wbxx_ll_exti.h ****   *         @arg @ref LL_EXTI_LINE_14
 817:Drivers/STM32WBxx_HAL_Driver/Inc/stm32wbxx_ll_exti.h ****   *         @arg @ref LL_EXTI_LINE_15
 818:Drivers/STM32WBxx_HAL_Driver/Inc/stm32wbxx_ll_exti.h ****   *         @arg @ref LL_EXTI_LINE_17
 819:Drivers/STM32WBxx_HAL_Driver/Inc/stm32wbxx_ll_exti.h ****   *         @arg @ref LL_EXTI_LINE_18
 820:Drivers/STM32WBxx_HAL_Driver/Inc/stm32wbxx_ll_exti.h ****   *         @arg @ref LL_EXTI_LINE_19
 821:Drivers/STM32WBxx_HAL_Driver/Inc/stm32wbxx_ll_exti.h ****   *         @arg @ref LL_EXTI_LINE_20 (*)
 822:Drivers/STM32WBxx_HAL_Driver/Inc/stm32wbxx_ll_exti.h ****   *         @arg @ref LL_EXTI_LINE_21 (*)
 823:Drivers/STM32WBxx_HAL_Driver/Inc/stm32wbxx_ll_exti.h ****   * @retval None
 824:Drivers/STM32WBxx_HAL_Driver/Inc/stm32wbxx_ll_exti.h ****   */
 825:Drivers/STM32WBxx_HAL_Driver/Inc/stm32wbxx_ll_exti.h **** __STATIC_INLINE void LL_EXTI_DisableEvent_0_31(uint32_t ExtiLine)
 826:Drivers/STM32WBxx_HAL_Driver/Inc/stm32wbxx_ll_exti.h **** {
 827:Drivers/STM32WBxx_HAL_Driver/Inc/stm32wbxx_ll_exti.h ****   CLEAR_BIT(EXTI->EMR1, ExtiLine);
 828:Drivers/STM32WBxx_HAL_Driver/Inc/stm32wbxx_ll_exti.h **** }
ARM GAS  C:\Users\843E~1\AppData\Local\Temp\ccJpJOBl.s 			page 71


 829:Drivers/STM32WBxx_HAL_Driver/Inc/stm32wbxx_ll_exti.h **** 
 830:Drivers/STM32WBxx_HAL_Driver/Inc/stm32wbxx_ll_exti.h **** /**
 831:Drivers/STM32WBxx_HAL_Driver/Inc/stm32wbxx_ll_exti.h ****   * @brief  Disable ExtiLine Event request for Lines in range 0 to 31 for cpu2
 832:Drivers/STM32WBxx_HAL_Driver/Inc/stm32wbxx_ll_exti.h ****   * @rmtoll C2EMR1         EMx           LL_C2_EXTI_DisableEvent_0_31
 833:Drivers/STM32WBxx_HAL_Driver/Inc/stm32wbxx_ll_exti.h ****   * @param  ExtiLine This parameter can be a combination of the following values:
 834:Drivers/STM32WBxx_HAL_Driver/Inc/stm32wbxx_ll_exti.h ****   *         @arg @ref LL_EXTI_LINE_0
 835:Drivers/STM32WBxx_HAL_Driver/Inc/stm32wbxx_ll_exti.h ****   *         @arg @ref LL_EXTI_LINE_1
 836:Drivers/STM32WBxx_HAL_Driver/Inc/stm32wbxx_ll_exti.h ****   *         @arg @ref LL_EXTI_LINE_2
 837:Drivers/STM32WBxx_HAL_Driver/Inc/stm32wbxx_ll_exti.h ****   *         @arg @ref LL_EXTI_LINE_3
 838:Drivers/STM32WBxx_HAL_Driver/Inc/stm32wbxx_ll_exti.h ****   *         @arg @ref LL_EXTI_LINE_4
 839:Drivers/STM32WBxx_HAL_Driver/Inc/stm32wbxx_ll_exti.h ****   *         @arg @ref LL_EXTI_LINE_5
 840:Drivers/STM32WBxx_HAL_Driver/Inc/stm32wbxx_ll_exti.h ****   *         @arg @ref LL_EXTI_LINE_6
 841:Drivers/STM32WBxx_HAL_Driver/Inc/stm32wbxx_ll_exti.h ****   *         @arg @ref LL_EXTI_LINE_7
 842:Drivers/STM32WBxx_HAL_Driver/Inc/stm32wbxx_ll_exti.h ****   *         @arg @ref LL_EXTI_LINE_8
 843:Drivers/STM32WBxx_HAL_Driver/Inc/stm32wbxx_ll_exti.h ****   *         @arg @ref LL_EXTI_LINE_9
 844:Drivers/STM32WBxx_HAL_Driver/Inc/stm32wbxx_ll_exti.h ****   *         @arg @ref LL_EXTI_LINE_10
 845:Drivers/STM32WBxx_HAL_Driver/Inc/stm32wbxx_ll_exti.h ****   *         @arg @ref LL_EXTI_LINE_11
 846:Drivers/STM32WBxx_HAL_Driver/Inc/stm32wbxx_ll_exti.h ****   *         @arg @ref LL_EXTI_LINE_12
 847:Drivers/STM32WBxx_HAL_Driver/Inc/stm32wbxx_ll_exti.h ****   *         @arg @ref LL_EXTI_LINE_13
 848:Drivers/STM32WBxx_HAL_Driver/Inc/stm32wbxx_ll_exti.h ****   *         @arg @ref LL_EXTI_LINE_14
 849:Drivers/STM32WBxx_HAL_Driver/Inc/stm32wbxx_ll_exti.h ****   *         @arg @ref LL_EXTI_LINE_15
 850:Drivers/STM32WBxx_HAL_Driver/Inc/stm32wbxx_ll_exti.h ****   *         @arg @ref LL_EXTI_LINE_17
 851:Drivers/STM32WBxx_HAL_Driver/Inc/stm32wbxx_ll_exti.h ****   *         @arg @ref LL_EXTI_LINE_18
 852:Drivers/STM32WBxx_HAL_Driver/Inc/stm32wbxx_ll_exti.h ****   *         @arg @ref LL_EXTI_LINE_19
 853:Drivers/STM32WBxx_HAL_Driver/Inc/stm32wbxx_ll_exti.h ****   *         @arg @ref LL_EXTI_LINE_20 (*)
 854:Drivers/STM32WBxx_HAL_Driver/Inc/stm32wbxx_ll_exti.h ****   *         @arg @ref LL_EXTI_LINE_21 (*)
 855:Drivers/STM32WBxx_HAL_Driver/Inc/stm32wbxx_ll_exti.h ****   *         (*) value not defined in all devices
 856:Drivers/STM32WBxx_HAL_Driver/Inc/stm32wbxx_ll_exti.h ****   * @retval None
 857:Drivers/STM32WBxx_HAL_Driver/Inc/stm32wbxx_ll_exti.h ****   */
 858:Drivers/STM32WBxx_HAL_Driver/Inc/stm32wbxx_ll_exti.h **** __STATIC_INLINE void LL_C2_EXTI_DisableEvent_0_31(uint32_t ExtiLine)
 859:Drivers/STM32WBxx_HAL_Driver/Inc/stm32wbxx_ll_exti.h **** {
 860:Drivers/STM32WBxx_HAL_Driver/Inc/stm32wbxx_ll_exti.h ****   CLEAR_BIT(EXTI->C2EMR1, ExtiLine);
 861:Drivers/STM32WBxx_HAL_Driver/Inc/stm32wbxx_ll_exti.h **** }
 862:Drivers/STM32WBxx_HAL_Driver/Inc/stm32wbxx_ll_exti.h **** 
 863:Drivers/STM32WBxx_HAL_Driver/Inc/stm32wbxx_ll_exti.h **** /**
 864:Drivers/STM32WBxx_HAL_Driver/Inc/stm32wbxx_ll_exti.h ****   * @brief  Disable ExtiLine Event request for Lines in range 32 to 63
 865:Drivers/STM32WBxx_HAL_Driver/Inc/stm32wbxx_ll_exti.h ****   * @rmtoll EMR2         EMx           LL_EXTI_DisableEvent_32_63
 866:Drivers/STM32WBxx_HAL_Driver/Inc/stm32wbxx_ll_exti.h ****   * @param  ExtiLine This parameter can be a combination of the following values:
 867:Drivers/STM32WBxx_HAL_Driver/Inc/stm32wbxx_ll_exti.h ****   *         @arg @ref LL_EXTI_LINE_40
 868:Drivers/STM32WBxx_HAL_Driver/Inc/stm32wbxx_ll_exti.h ****   *         @arg @ref LL_EXTI_LINE_41
 869:Drivers/STM32WBxx_HAL_Driver/Inc/stm32wbxx_ll_exti.h ****   *         (*) value not defined in all devices
 870:Drivers/STM32WBxx_HAL_Driver/Inc/stm32wbxx_ll_exti.h ****   * @retval None
 871:Drivers/STM32WBxx_HAL_Driver/Inc/stm32wbxx_ll_exti.h ****   */
 872:Drivers/STM32WBxx_HAL_Driver/Inc/stm32wbxx_ll_exti.h **** __STATIC_INLINE void LL_EXTI_DisableEvent_32_63(uint32_t ExtiLine)
 873:Drivers/STM32WBxx_HAL_Driver/Inc/stm32wbxx_ll_exti.h **** {
 874:Drivers/STM32WBxx_HAL_Driver/Inc/stm32wbxx_ll_exti.h ****   CLEAR_BIT(EXTI->EMR2, ExtiLine);
 875:Drivers/STM32WBxx_HAL_Driver/Inc/stm32wbxx_ll_exti.h **** }
 876:Drivers/STM32WBxx_HAL_Driver/Inc/stm32wbxx_ll_exti.h **** 
 877:Drivers/STM32WBxx_HAL_Driver/Inc/stm32wbxx_ll_exti.h **** /**
 878:Drivers/STM32WBxx_HAL_Driver/Inc/stm32wbxx_ll_exti.h ****   * @brief  Disable ExtiLine Event request for Lines in range 32 to 63 for cpu2
 879:Drivers/STM32WBxx_HAL_Driver/Inc/stm32wbxx_ll_exti.h ****   * @rmtoll C2EMR2         EMx           LL_C2_EXTI_DisableEvent_32_63
 880:Drivers/STM32WBxx_HAL_Driver/Inc/stm32wbxx_ll_exti.h ****   * @param  ExtiLine This parameter can be a combination of the following values:
 881:Drivers/STM32WBxx_HAL_Driver/Inc/stm32wbxx_ll_exti.h ****   *         @arg @ref LL_EXTI_LINE_40
 882:Drivers/STM32WBxx_HAL_Driver/Inc/stm32wbxx_ll_exti.h ****   *         @arg @ref LL_EXTI_LINE_41
 883:Drivers/STM32WBxx_HAL_Driver/Inc/stm32wbxx_ll_exti.h ****   * @retval None
 884:Drivers/STM32WBxx_HAL_Driver/Inc/stm32wbxx_ll_exti.h ****   */
 885:Drivers/STM32WBxx_HAL_Driver/Inc/stm32wbxx_ll_exti.h **** __STATIC_INLINE void LL_C2_EXTI_DisableEvent_32_63(uint32_t ExtiLine)
ARM GAS  C:\Users\843E~1\AppData\Local\Temp\ccJpJOBl.s 			page 72


 886:Drivers/STM32WBxx_HAL_Driver/Inc/stm32wbxx_ll_exti.h **** {
 887:Drivers/STM32WBxx_HAL_Driver/Inc/stm32wbxx_ll_exti.h ****   CLEAR_BIT(EXTI->C2EMR2, ExtiLine);
 888:Drivers/STM32WBxx_HAL_Driver/Inc/stm32wbxx_ll_exti.h **** }
 889:Drivers/STM32WBxx_HAL_Driver/Inc/stm32wbxx_ll_exti.h **** 
 890:Drivers/STM32WBxx_HAL_Driver/Inc/stm32wbxx_ll_exti.h **** /**
 891:Drivers/STM32WBxx_HAL_Driver/Inc/stm32wbxx_ll_exti.h ****   * @brief  Indicate if ExtiLine Event request is enabled for Lines in range 0 to 31
 892:Drivers/STM32WBxx_HAL_Driver/Inc/stm32wbxx_ll_exti.h ****   * @rmtoll EMR1         EMx           LL_EXTI_IsEnabledEvent_0_31
 893:Drivers/STM32WBxx_HAL_Driver/Inc/stm32wbxx_ll_exti.h ****   * @param  ExtiLine This parameter can be a combination of the following values:
 894:Drivers/STM32WBxx_HAL_Driver/Inc/stm32wbxx_ll_exti.h ****   *         @arg @ref LL_EXTI_LINE_0
 895:Drivers/STM32WBxx_HAL_Driver/Inc/stm32wbxx_ll_exti.h ****   *         @arg @ref LL_EXTI_LINE_1
 896:Drivers/STM32WBxx_HAL_Driver/Inc/stm32wbxx_ll_exti.h ****   *         @arg @ref LL_EXTI_LINE_2
 897:Drivers/STM32WBxx_HAL_Driver/Inc/stm32wbxx_ll_exti.h ****   *         @arg @ref LL_EXTI_LINE_3
 898:Drivers/STM32WBxx_HAL_Driver/Inc/stm32wbxx_ll_exti.h ****   *         @arg @ref LL_EXTI_LINE_4
 899:Drivers/STM32WBxx_HAL_Driver/Inc/stm32wbxx_ll_exti.h ****   *         @arg @ref LL_EXTI_LINE_5
 900:Drivers/STM32WBxx_HAL_Driver/Inc/stm32wbxx_ll_exti.h ****   *         @arg @ref LL_EXTI_LINE_6
 901:Drivers/STM32WBxx_HAL_Driver/Inc/stm32wbxx_ll_exti.h ****   *         @arg @ref LL_EXTI_LINE_7
 902:Drivers/STM32WBxx_HAL_Driver/Inc/stm32wbxx_ll_exti.h ****   *         @arg @ref LL_EXTI_LINE_8
 903:Drivers/STM32WBxx_HAL_Driver/Inc/stm32wbxx_ll_exti.h ****   *         @arg @ref LL_EXTI_LINE_9
 904:Drivers/STM32WBxx_HAL_Driver/Inc/stm32wbxx_ll_exti.h ****   *         @arg @ref LL_EXTI_LINE_10
 905:Drivers/STM32WBxx_HAL_Driver/Inc/stm32wbxx_ll_exti.h ****   *         @arg @ref LL_EXTI_LINE_11
 906:Drivers/STM32WBxx_HAL_Driver/Inc/stm32wbxx_ll_exti.h ****   *         @arg @ref LL_EXTI_LINE_12
 907:Drivers/STM32WBxx_HAL_Driver/Inc/stm32wbxx_ll_exti.h ****   *         @arg @ref LL_EXTI_LINE_13
 908:Drivers/STM32WBxx_HAL_Driver/Inc/stm32wbxx_ll_exti.h ****   *         @arg @ref LL_EXTI_LINE_14
 909:Drivers/STM32WBxx_HAL_Driver/Inc/stm32wbxx_ll_exti.h ****   *         @arg @ref LL_EXTI_LINE_15
 910:Drivers/STM32WBxx_HAL_Driver/Inc/stm32wbxx_ll_exti.h ****   *         @arg @ref LL_EXTI_LINE_17
 911:Drivers/STM32WBxx_HAL_Driver/Inc/stm32wbxx_ll_exti.h ****   *         @arg @ref LL_EXTI_LINE_18
 912:Drivers/STM32WBxx_HAL_Driver/Inc/stm32wbxx_ll_exti.h ****   *         @arg @ref LL_EXTI_LINE_19
 913:Drivers/STM32WBxx_HAL_Driver/Inc/stm32wbxx_ll_exti.h ****   *         @arg @ref LL_EXTI_LINE_20 (*)
 914:Drivers/STM32WBxx_HAL_Driver/Inc/stm32wbxx_ll_exti.h ****   *         @arg @ref LL_EXTI_LINE_21 (*)
 915:Drivers/STM32WBxx_HAL_Driver/Inc/stm32wbxx_ll_exti.h ****   *         (*) value not defined in all devices
 916:Drivers/STM32WBxx_HAL_Driver/Inc/stm32wbxx_ll_exti.h ****   * @note   Please check each device line mapping for EXTI Line availability
 917:Drivers/STM32WBxx_HAL_Driver/Inc/stm32wbxx_ll_exti.h ****   * @retval State of bit (1 or 0).
 918:Drivers/STM32WBxx_HAL_Driver/Inc/stm32wbxx_ll_exti.h ****   */
 919:Drivers/STM32WBxx_HAL_Driver/Inc/stm32wbxx_ll_exti.h **** __STATIC_INLINE uint32_t LL_EXTI_IsEnabledEvent_0_31(uint32_t ExtiLine)
 920:Drivers/STM32WBxx_HAL_Driver/Inc/stm32wbxx_ll_exti.h **** {
 921:Drivers/STM32WBxx_HAL_Driver/Inc/stm32wbxx_ll_exti.h ****   return ((READ_BIT(EXTI->EMR1, ExtiLine) == (ExtiLine)) ? 1UL : 0UL);
 922:Drivers/STM32WBxx_HAL_Driver/Inc/stm32wbxx_ll_exti.h **** }
 923:Drivers/STM32WBxx_HAL_Driver/Inc/stm32wbxx_ll_exti.h **** 
 924:Drivers/STM32WBxx_HAL_Driver/Inc/stm32wbxx_ll_exti.h **** /**
 925:Drivers/STM32WBxx_HAL_Driver/Inc/stm32wbxx_ll_exti.h ****   * @brief  Indicate if ExtiLine Event request is enabled for Lines in range 0 to 31 for cpu2
 926:Drivers/STM32WBxx_HAL_Driver/Inc/stm32wbxx_ll_exti.h ****   * @rmtoll C2EMR1         EMx           LL_C2_EXTI_IsEnabledEvent_0_31
 927:Drivers/STM32WBxx_HAL_Driver/Inc/stm32wbxx_ll_exti.h ****   * @param  ExtiLine This parameter can be a combination of the following values:
 928:Drivers/STM32WBxx_HAL_Driver/Inc/stm32wbxx_ll_exti.h ****   *         @arg @ref LL_EXTI_LINE_0
 929:Drivers/STM32WBxx_HAL_Driver/Inc/stm32wbxx_ll_exti.h ****   *         @arg @ref LL_EXTI_LINE_1
 930:Drivers/STM32WBxx_HAL_Driver/Inc/stm32wbxx_ll_exti.h ****   *         @arg @ref LL_EXTI_LINE_2
 931:Drivers/STM32WBxx_HAL_Driver/Inc/stm32wbxx_ll_exti.h ****   *         @arg @ref LL_EXTI_LINE_3
 932:Drivers/STM32WBxx_HAL_Driver/Inc/stm32wbxx_ll_exti.h ****   *         @arg @ref LL_EXTI_LINE_4
 933:Drivers/STM32WBxx_HAL_Driver/Inc/stm32wbxx_ll_exti.h ****   *         @arg @ref LL_EXTI_LINE_5
 934:Drivers/STM32WBxx_HAL_Driver/Inc/stm32wbxx_ll_exti.h ****   *         @arg @ref LL_EXTI_LINE_6
 935:Drivers/STM32WBxx_HAL_Driver/Inc/stm32wbxx_ll_exti.h ****   *         @arg @ref LL_EXTI_LINE_7
 936:Drivers/STM32WBxx_HAL_Driver/Inc/stm32wbxx_ll_exti.h ****   *         @arg @ref LL_EXTI_LINE_8
 937:Drivers/STM32WBxx_HAL_Driver/Inc/stm32wbxx_ll_exti.h ****   *         @arg @ref LL_EXTI_LINE_9
 938:Drivers/STM32WBxx_HAL_Driver/Inc/stm32wbxx_ll_exti.h ****   *         @arg @ref LL_EXTI_LINE_10
 939:Drivers/STM32WBxx_HAL_Driver/Inc/stm32wbxx_ll_exti.h ****   *         @arg @ref LL_EXTI_LINE_11
 940:Drivers/STM32WBxx_HAL_Driver/Inc/stm32wbxx_ll_exti.h ****   *         @arg @ref LL_EXTI_LINE_12
 941:Drivers/STM32WBxx_HAL_Driver/Inc/stm32wbxx_ll_exti.h ****   *         @arg @ref LL_EXTI_LINE_13
 942:Drivers/STM32WBxx_HAL_Driver/Inc/stm32wbxx_ll_exti.h ****   *         @arg @ref LL_EXTI_LINE_14
ARM GAS  C:\Users\843E~1\AppData\Local\Temp\ccJpJOBl.s 			page 73


 943:Drivers/STM32WBxx_HAL_Driver/Inc/stm32wbxx_ll_exti.h ****   *         @arg @ref LL_EXTI_LINE_15
 944:Drivers/STM32WBxx_HAL_Driver/Inc/stm32wbxx_ll_exti.h ****   *         @arg @ref LL_EXTI_LINE_17
 945:Drivers/STM32WBxx_HAL_Driver/Inc/stm32wbxx_ll_exti.h ****   *         @arg @ref LL_EXTI_LINE_18
 946:Drivers/STM32WBxx_HAL_Driver/Inc/stm32wbxx_ll_exti.h ****   *         @arg @ref LL_EXTI_LINE_19
 947:Drivers/STM32WBxx_HAL_Driver/Inc/stm32wbxx_ll_exti.h ****   *         @arg @ref LL_EXTI_LINE_20 (*)
 948:Drivers/STM32WBxx_HAL_Driver/Inc/stm32wbxx_ll_exti.h ****   *         @arg @ref LL_EXTI_LINE_21 (*)
 949:Drivers/STM32WBxx_HAL_Driver/Inc/stm32wbxx_ll_exti.h ****   *         (*) value not defined in all devices
 950:Drivers/STM32WBxx_HAL_Driver/Inc/stm32wbxx_ll_exti.h ****   * @note   Please check each device line mapping for EXTI Line availability
 951:Drivers/STM32WBxx_HAL_Driver/Inc/stm32wbxx_ll_exti.h ****   * @retval State of bit (1 or 0).
 952:Drivers/STM32WBxx_HAL_Driver/Inc/stm32wbxx_ll_exti.h ****   */
 953:Drivers/STM32WBxx_HAL_Driver/Inc/stm32wbxx_ll_exti.h **** __STATIC_INLINE uint32_t LL_C2_EXTI_IsEnabledEvent_0_31(uint32_t ExtiLine)
 954:Drivers/STM32WBxx_HAL_Driver/Inc/stm32wbxx_ll_exti.h **** {
 955:Drivers/STM32WBxx_HAL_Driver/Inc/stm32wbxx_ll_exti.h ****   return ((READ_BIT(EXTI->C2EMR1, ExtiLine) == (ExtiLine)) ? 1UL : 0UL);
 956:Drivers/STM32WBxx_HAL_Driver/Inc/stm32wbxx_ll_exti.h **** }
 957:Drivers/STM32WBxx_HAL_Driver/Inc/stm32wbxx_ll_exti.h **** 
 958:Drivers/STM32WBxx_HAL_Driver/Inc/stm32wbxx_ll_exti.h **** /**
 959:Drivers/STM32WBxx_HAL_Driver/Inc/stm32wbxx_ll_exti.h ****   * @brief  Indicate if ExtiLine Event request is enabled for Lines in range 32 to 63
 960:Drivers/STM32WBxx_HAL_Driver/Inc/stm32wbxx_ll_exti.h ****   * @rmtoll EMR2         EMx           LL_EXTI_IsEnabledEvent_32_63
 961:Drivers/STM32WBxx_HAL_Driver/Inc/stm32wbxx_ll_exti.h ****   * @param  ExtiLine This parameter can be a combination of the following values:
 962:Drivers/STM32WBxx_HAL_Driver/Inc/stm32wbxx_ll_exti.h ****   *         @arg @ref LL_EXTI_LINE_40
 963:Drivers/STM32WBxx_HAL_Driver/Inc/stm32wbxx_ll_exti.h ****   *         @arg @ref LL_EXTI_LINE_41
 964:Drivers/STM32WBxx_HAL_Driver/Inc/stm32wbxx_ll_exti.h ****   * @retval State of bit (1 or 0).
 965:Drivers/STM32WBxx_HAL_Driver/Inc/stm32wbxx_ll_exti.h ****   */
 966:Drivers/STM32WBxx_HAL_Driver/Inc/stm32wbxx_ll_exti.h **** __STATIC_INLINE uint32_t LL_EXTI_IsEnabledEvent_32_63(uint32_t ExtiLine)
 967:Drivers/STM32WBxx_HAL_Driver/Inc/stm32wbxx_ll_exti.h **** {
 968:Drivers/STM32WBxx_HAL_Driver/Inc/stm32wbxx_ll_exti.h ****   return ((READ_BIT(EXTI->EMR2, ExtiLine) == (ExtiLine)) ? 1UL : 0UL);
 969:Drivers/STM32WBxx_HAL_Driver/Inc/stm32wbxx_ll_exti.h **** }
 970:Drivers/STM32WBxx_HAL_Driver/Inc/stm32wbxx_ll_exti.h **** 
 971:Drivers/STM32WBxx_HAL_Driver/Inc/stm32wbxx_ll_exti.h **** /**
 972:Drivers/STM32WBxx_HAL_Driver/Inc/stm32wbxx_ll_exti.h ****   * @brief  Indicate if ExtiLine Event request is enabled for Lines in range 32 to 63 for cpu2
 973:Drivers/STM32WBxx_HAL_Driver/Inc/stm32wbxx_ll_exti.h ****   * @rmtoll EMR2         EMx           LL_C2_EXTI_IsEnabledEvent_32_63
 974:Drivers/STM32WBxx_HAL_Driver/Inc/stm32wbxx_ll_exti.h ****   * @param  ExtiLine This parameter can be a combination of the following values:
 975:Drivers/STM32WBxx_HAL_Driver/Inc/stm32wbxx_ll_exti.h ****   *         @arg @ref LL_EXTI_LINE_40
 976:Drivers/STM32WBxx_HAL_Driver/Inc/stm32wbxx_ll_exti.h ****   *         @arg @ref LL_EXTI_LINE_41
 977:Drivers/STM32WBxx_HAL_Driver/Inc/stm32wbxx_ll_exti.h ****   * @retval State of bit (1 or 0).
 978:Drivers/STM32WBxx_HAL_Driver/Inc/stm32wbxx_ll_exti.h ****   */
 979:Drivers/STM32WBxx_HAL_Driver/Inc/stm32wbxx_ll_exti.h **** __STATIC_INLINE uint32_t LL_C2_EXTI_IsEnabledEvent_32_63(uint32_t ExtiLine)
 980:Drivers/STM32WBxx_HAL_Driver/Inc/stm32wbxx_ll_exti.h **** {
 981:Drivers/STM32WBxx_HAL_Driver/Inc/stm32wbxx_ll_exti.h ****   return ((READ_BIT(EXTI->C2EMR2, ExtiLine) == (ExtiLine)) ? 1UL : 0UL);
 982:Drivers/STM32WBxx_HAL_Driver/Inc/stm32wbxx_ll_exti.h **** }
 983:Drivers/STM32WBxx_HAL_Driver/Inc/stm32wbxx_ll_exti.h **** 
 984:Drivers/STM32WBxx_HAL_Driver/Inc/stm32wbxx_ll_exti.h **** /**
 985:Drivers/STM32WBxx_HAL_Driver/Inc/stm32wbxx_ll_exti.h ****   * @}
 986:Drivers/STM32WBxx_HAL_Driver/Inc/stm32wbxx_ll_exti.h ****   */
 987:Drivers/STM32WBxx_HAL_Driver/Inc/stm32wbxx_ll_exti.h **** 
 988:Drivers/STM32WBxx_HAL_Driver/Inc/stm32wbxx_ll_exti.h **** /** @defgroup EXTI_LL_EF_Rising_Trigger_Management Rising_Trigger_Management
 989:Drivers/STM32WBxx_HAL_Driver/Inc/stm32wbxx_ll_exti.h ****   * @{
 990:Drivers/STM32WBxx_HAL_Driver/Inc/stm32wbxx_ll_exti.h ****   */
 991:Drivers/STM32WBxx_HAL_Driver/Inc/stm32wbxx_ll_exti.h **** 
 992:Drivers/STM32WBxx_HAL_Driver/Inc/stm32wbxx_ll_exti.h **** /**
 993:Drivers/STM32WBxx_HAL_Driver/Inc/stm32wbxx_ll_exti.h ****   * @brief  Enable ExtiLine Rising Edge Trigger for Lines in range 0 to 31
 994:Drivers/STM32WBxx_HAL_Driver/Inc/stm32wbxx_ll_exti.h ****   * @note The configurable wakeup lines are edge-triggered. No glitch must be
 995:Drivers/STM32WBxx_HAL_Driver/Inc/stm32wbxx_ll_exti.h ****   *       generated on these lines. If a rising edge on a configurable interrupt
 996:Drivers/STM32WBxx_HAL_Driver/Inc/stm32wbxx_ll_exti.h ****   *       line occurs during a write operation in the EXTI_RTSR register, the
 997:Drivers/STM32WBxx_HAL_Driver/Inc/stm32wbxx_ll_exti.h ****   *       pending bit is not set.
 998:Drivers/STM32WBxx_HAL_Driver/Inc/stm32wbxx_ll_exti.h ****   *       Rising and falling edge triggers can be set for
 999:Drivers/STM32WBxx_HAL_Driver/Inc/stm32wbxx_ll_exti.h ****   *       the same interrupt line. In this case, both generate a trigger
ARM GAS  C:\Users\843E~1\AppData\Local\Temp\ccJpJOBl.s 			page 74


1000:Drivers/STM32WBxx_HAL_Driver/Inc/stm32wbxx_ll_exti.h ****   *       condition.
1001:Drivers/STM32WBxx_HAL_Driver/Inc/stm32wbxx_ll_exti.h ****   * @rmtoll RTSR1        RTx           LL_EXTI_EnableRisingTrig_0_31
1002:Drivers/STM32WBxx_HAL_Driver/Inc/stm32wbxx_ll_exti.h ****   * @param  ExtiLine This parameter can be a combination of the following values:
1003:Drivers/STM32WBxx_HAL_Driver/Inc/stm32wbxx_ll_exti.h ****   *         @arg @ref LL_EXTI_LINE_0
1004:Drivers/STM32WBxx_HAL_Driver/Inc/stm32wbxx_ll_exti.h ****   *         @arg @ref LL_EXTI_LINE_1
1005:Drivers/STM32WBxx_HAL_Driver/Inc/stm32wbxx_ll_exti.h ****   *         @arg @ref LL_EXTI_LINE_2
1006:Drivers/STM32WBxx_HAL_Driver/Inc/stm32wbxx_ll_exti.h ****   *         @arg @ref LL_EXTI_LINE_3
1007:Drivers/STM32WBxx_HAL_Driver/Inc/stm32wbxx_ll_exti.h ****   *         @arg @ref LL_EXTI_LINE_4
1008:Drivers/STM32WBxx_HAL_Driver/Inc/stm32wbxx_ll_exti.h ****   *         @arg @ref LL_EXTI_LINE_5
1009:Drivers/STM32WBxx_HAL_Driver/Inc/stm32wbxx_ll_exti.h ****   *         @arg @ref LL_EXTI_LINE_6
1010:Drivers/STM32WBxx_HAL_Driver/Inc/stm32wbxx_ll_exti.h ****   *         @arg @ref LL_EXTI_LINE_7
1011:Drivers/STM32WBxx_HAL_Driver/Inc/stm32wbxx_ll_exti.h ****   *         @arg @ref LL_EXTI_LINE_8
1012:Drivers/STM32WBxx_HAL_Driver/Inc/stm32wbxx_ll_exti.h ****   *         @arg @ref LL_EXTI_LINE_9
1013:Drivers/STM32WBxx_HAL_Driver/Inc/stm32wbxx_ll_exti.h ****   *         @arg @ref LL_EXTI_LINE_10
1014:Drivers/STM32WBxx_HAL_Driver/Inc/stm32wbxx_ll_exti.h ****   *         @arg @ref LL_EXTI_LINE_11
1015:Drivers/STM32WBxx_HAL_Driver/Inc/stm32wbxx_ll_exti.h ****   *         @arg @ref LL_EXTI_LINE_12
1016:Drivers/STM32WBxx_HAL_Driver/Inc/stm32wbxx_ll_exti.h ****   *         @arg @ref LL_EXTI_LINE_13
1017:Drivers/STM32WBxx_HAL_Driver/Inc/stm32wbxx_ll_exti.h ****   *         @arg @ref LL_EXTI_LINE_14
1018:Drivers/STM32WBxx_HAL_Driver/Inc/stm32wbxx_ll_exti.h ****   *         @arg @ref LL_EXTI_LINE_15
1019:Drivers/STM32WBxx_HAL_Driver/Inc/stm32wbxx_ll_exti.h ****   *         @arg @ref LL_EXTI_LINE_16
1020:Drivers/STM32WBxx_HAL_Driver/Inc/stm32wbxx_ll_exti.h ****   *         @arg @ref LL_EXTI_LINE_17
1021:Drivers/STM32WBxx_HAL_Driver/Inc/stm32wbxx_ll_exti.h ****   *         @arg @ref LL_EXTI_LINE_18
1022:Drivers/STM32WBxx_HAL_Driver/Inc/stm32wbxx_ll_exti.h ****   *         @arg @ref LL_EXTI_LINE_19
1023:Drivers/STM32WBxx_HAL_Driver/Inc/stm32wbxx_ll_exti.h ****   *         @arg @ref LL_EXTI_LINE_20 (*)
1024:Drivers/STM32WBxx_HAL_Driver/Inc/stm32wbxx_ll_exti.h ****   *         @arg @ref LL_EXTI_LINE_21 (*)
1025:Drivers/STM32WBxx_HAL_Driver/Inc/stm32wbxx_ll_exti.h ****   *         @arg @ref LL_EXTI_LINE_31 (*)
1026:Drivers/STM32WBxx_HAL_Driver/Inc/stm32wbxx_ll_exti.h ****   *         (*) value not defined in all devices
1027:Drivers/STM32WBxx_HAL_Driver/Inc/stm32wbxx_ll_exti.h ****   * @retval None
1028:Drivers/STM32WBxx_HAL_Driver/Inc/stm32wbxx_ll_exti.h ****   */
1029:Drivers/STM32WBxx_HAL_Driver/Inc/stm32wbxx_ll_exti.h **** __STATIC_INLINE void LL_EXTI_EnableRisingTrig_0_31(uint32_t ExtiLine)
1030:Drivers/STM32WBxx_HAL_Driver/Inc/stm32wbxx_ll_exti.h **** {
1031:Drivers/STM32WBxx_HAL_Driver/Inc/stm32wbxx_ll_exti.h ****   SET_BIT(EXTI->RTSR1, ExtiLine);
1032:Drivers/STM32WBxx_HAL_Driver/Inc/stm32wbxx_ll_exti.h **** 
1033:Drivers/STM32WBxx_HAL_Driver/Inc/stm32wbxx_ll_exti.h **** }
1034:Drivers/STM32WBxx_HAL_Driver/Inc/stm32wbxx_ll_exti.h **** 
1035:Drivers/STM32WBxx_HAL_Driver/Inc/stm32wbxx_ll_exti.h **** /**
1036:Drivers/STM32WBxx_HAL_Driver/Inc/stm32wbxx_ll_exti.h ****   * @brief  Enable ExtiLine Rising Edge Trigger for Lines in range 32 to 63
1037:Drivers/STM32WBxx_HAL_Driver/Inc/stm32wbxx_ll_exti.h ****   * @note The configurable wakeup lines are edge-triggered. No glitch must be
1038:Drivers/STM32WBxx_HAL_Driver/Inc/stm32wbxx_ll_exti.h ****   *       generated on these lines. If a rising edge on a configurable interrupt
1039:Drivers/STM32WBxx_HAL_Driver/Inc/stm32wbxx_ll_exti.h ****   *       line occurs during a write operation in the EXTI_RTSR register, the
1040:Drivers/STM32WBxx_HAL_Driver/Inc/stm32wbxx_ll_exti.h ****   *       pending bit is not set.Rising and falling edge triggers can be set for
1041:Drivers/STM32WBxx_HAL_Driver/Inc/stm32wbxx_ll_exti.h ****   *       the same interrupt line. In this case, both generate a trigger
1042:Drivers/STM32WBxx_HAL_Driver/Inc/stm32wbxx_ll_exti.h ****   *       condition.
1043:Drivers/STM32WBxx_HAL_Driver/Inc/stm32wbxx_ll_exti.h ****   * @rmtoll RTSR2        RTx           LL_EXTI_EnableRisingTrig_32_63
1044:Drivers/STM32WBxx_HAL_Driver/Inc/stm32wbxx_ll_exti.h ****   * @param  ExtiLine This parameter can be a combination of the following values:
1045:Drivers/STM32WBxx_HAL_Driver/Inc/stm32wbxx_ll_exti.h ****   *         @arg @ref LL_EXTI_LINE_33 (*)
1046:Drivers/STM32WBxx_HAL_Driver/Inc/stm32wbxx_ll_exti.h ****   *         @arg @ref LL_EXTI_LINE_40
1047:Drivers/STM32WBxx_HAL_Driver/Inc/stm32wbxx_ll_exti.h ****   *         @arg @ref LL_EXTI_LINE_41
1048:Drivers/STM32WBxx_HAL_Driver/Inc/stm32wbxx_ll_exti.h ****   *         (*) value not defined in all devices
1049:Drivers/STM32WBxx_HAL_Driver/Inc/stm32wbxx_ll_exti.h ****   * @retval None
1050:Drivers/STM32WBxx_HAL_Driver/Inc/stm32wbxx_ll_exti.h ****   */
1051:Drivers/STM32WBxx_HAL_Driver/Inc/stm32wbxx_ll_exti.h **** __STATIC_INLINE void LL_EXTI_EnableRisingTrig_32_63(uint32_t ExtiLine)
 127              		.loc 4 1051 22 view .LVU23
 128              	.LBB71:
1052:Drivers/STM32WBxx_HAL_Driver/Inc/stm32wbxx_ll_exti.h **** {
1053:Drivers/STM32WBxx_HAL_Driver/Inc/stm32wbxx_ll_exti.h ****   SET_BIT(EXTI->RTSR2, ExtiLine);
 129              		.loc 4 1053 3 view .LVU24
ARM GAS  C:\Users\843E~1\AppData\Local\Temp\ccJpJOBl.s 			page 75


 130 001e 0A4B     		ldr	r3, .L7
 131 0020 1A6A     		ldr	r2, [r3, #32]
 132 0022 42F40072 		orr	r2, r2, #512
 133 0026 1A62     		str	r2, [r3, #32]
 134              	.LVL6:
 135              		.loc 4 1053 3 is_stmt 0 view .LVU25
 136              	.LBE71:
 137              	.LBE70:
 193:STM32_WPAN/Target/hw_ipcc.c **** 
 138              		.loc 1 193 3 is_stmt 1 view .LVU26
 139              	.LBB72:
 140              	.LBI72:
 793:Drivers/STM32WBxx_HAL_Driver/Inc/stm32wbxx_ll_exti.h **** {
 141              		.loc 4 793 22 view .LVU27
 142              	.LBB73:
 795:Drivers/STM32WBxx_HAL_Driver/Inc/stm32wbxx_ll_exti.h **** }
 143              		.loc 4 795 3 view .LVU28
 144 0028 D3F8D420 		ldr	r2, [r3, #212]
 145 002c 42F40072 		orr	r2, r2, #512
 146 0030 C3F8D420 		str	r2, [r3, #212]
 147              	.LVL7:
 795:Drivers/STM32WBxx_HAL_Driver/Inc/stm32wbxx_ll_exti.h **** }
 148              		.loc 4 795 3 is_stmt 0 view .LVU29
 149              	.LBE73:
 150              	.LBE72:
 204:STM32_WPAN/Target/hw_ipcc.c ****   __WFE( );       /* Clear the internal event flag */
 151              		.loc 1 204 3 is_stmt 1 view .LVU30
 152              		.syntax unified
 153              	@ 204 "STM32_WPAN/Target/hw_ipcc.c" 1
 154 0034 40BF     		sev
 155              	@ 0 "" 2
 205:STM32_WPAN/Target/hw_ipcc.c ****   LL_PWR_EnableBootC2( );
 156              		.loc 1 205 3 view .LVU31
 157              	@ 205 "STM32_WPAN/Target/hw_ipcc.c" 1
 158 0036 20BF     		wfe
 159              	@ 0 "" 2
 206:STM32_WPAN/Target/hw_ipcc.c **** 
 160              		.loc 1 206 3 view .LVU32
 161              		.thumb
 162              		.syntax unified
 163              	.LBB74:
 164              	.LBI74:
 165              		.file 5 "Drivers/STM32WBxx_HAL_Driver/Inc/stm32wbxx_ll_pwr.h"
   1:Drivers/STM32WBxx_HAL_Driver/Inc/stm32wbxx_ll_pwr.h **** /**
   2:Drivers/STM32WBxx_HAL_Driver/Inc/stm32wbxx_ll_pwr.h ****   ******************************************************************************
   3:Drivers/STM32WBxx_HAL_Driver/Inc/stm32wbxx_ll_pwr.h ****   * @file    stm32wbxx_ll_pwr.h
   4:Drivers/STM32WBxx_HAL_Driver/Inc/stm32wbxx_ll_pwr.h ****   * @author  MCD Application Team
   5:Drivers/STM32WBxx_HAL_Driver/Inc/stm32wbxx_ll_pwr.h ****   * @brief   Header file of PWR LL module.
   6:Drivers/STM32WBxx_HAL_Driver/Inc/stm32wbxx_ll_pwr.h ****   ******************************************************************************
   7:Drivers/STM32WBxx_HAL_Driver/Inc/stm32wbxx_ll_pwr.h ****   * @attention
   8:Drivers/STM32WBxx_HAL_Driver/Inc/stm32wbxx_ll_pwr.h ****   *
   9:Drivers/STM32WBxx_HAL_Driver/Inc/stm32wbxx_ll_pwr.h ****   * Copyright (c) 2019 STMicroelectronics.
  10:Drivers/STM32WBxx_HAL_Driver/Inc/stm32wbxx_ll_pwr.h ****   * All rights reserved.
  11:Drivers/STM32WBxx_HAL_Driver/Inc/stm32wbxx_ll_pwr.h ****   *
  12:Drivers/STM32WBxx_HAL_Driver/Inc/stm32wbxx_ll_pwr.h ****   * This software is licensed under terms that can be found in the LICENSE file
  13:Drivers/STM32WBxx_HAL_Driver/Inc/stm32wbxx_ll_pwr.h ****   * in the root directory of this software component.
  14:Drivers/STM32WBxx_HAL_Driver/Inc/stm32wbxx_ll_pwr.h ****   * If no LICENSE file comes with this software, it is provided AS-IS.
ARM GAS  C:\Users\843E~1\AppData\Local\Temp\ccJpJOBl.s 			page 76


  15:Drivers/STM32WBxx_HAL_Driver/Inc/stm32wbxx_ll_pwr.h ****   *
  16:Drivers/STM32WBxx_HAL_Driver/Inc/stm32wbxx_ll_pwr.h ****   ******************************************************************************
  17:Drivers/STM32WBxx_HAL_Driver/Inc/stm32wbxx_ll_pwr.h ****   */
  18:Drivers/STM32WBxx_HAL_Driver/Inc/stm32wbxx_ll_pwr.h **** 
  19:Drivers/STM32WBxx_HAL_Driver/Inc/stm32wbxx_ll_pwr.h **** /* Define to prevent recursive inclusion -------------------------------------*/
  20:Drivers/STM32WBxx_HAL_Driver/Inc/stm32wbxx_ll_pwr.h **** #ifndef STM32WBxx_LL_PWR_H
  21:Drivers/STM32WBxx_HAL_Driver/Inc/stm32wbxx_ll_pwr.h **** #define STM32WBxx_LL_PWR_H
  22:Drivers/STM32WBxx_HAL_Driver/Inc/stm32wbxx_ll_pwr.h **** 
  23:Drivers/STM32WBxx_HAL_Driver/Inc/stm32wbxx_ll_pwr.h **** #ifdef __cplusplus
  24:Drivers/STM32WBxx_HAL_Driver/Inc/stm32wbxx_ll_pwr.h **** extern "C" {
  25:Drivers/STM32WBxx_HAL_Driver/Inc/stm32wbxx_ll_pwr.h **** #endif
  26:Drivers/STM32WBxx_HAL_Driver/Inc/stm32wbxx_ll_pwr.h **** 
  27:Drivers/STM32WBxx_HAL_Driver/Inc/stm32wbxx_ll_pwr.h **** /* Includes ------------------------------------------------------------------*/
  28:Drivers/STM32WBxx_HAL_Driver/Inc/stm32wbxx_ll_pwr.h **** #include "stm32wbxx.h"
  29:Drivers/STM32WBxx_HAL_Driver/Inc/stm32wbxx_ll_pwr.h **** 
  30:Drivers/STM32WBxx_HAL_Driver/Inc/stm32wbxx_ll_pwr.h **** /** @addtogroup STM32WBxx_LL_Driver
  31:Drivers/STM32WBxx_HAL_Driver/Inc/stm32wbxx_ll_pwr.h ****   * @{
  32:Drivers/STM32WBxx_HAL_Driver/Inc/stm32wbxx_ll_pwr.h ****   */
  33:Drivers/STM32WBxx_HAL_Driver/Inc/stm32wbxx_ll_pwr.h **** 
  34:Drivers/STM32WBxx_HAL_Driver/Inc/stm32wbxx_ll_pwr.h **** #if defined(PWR)
  35:Drivers/STM32WBxx_HAL_Driver/Inc/stm32wbxx_ll_pwr.h **** 
  36:Drivers/STM32WBxx_HAL_Driver/Inc/stm32wbxx_ll_pwr.h **** /** @defgroup PWR_LL PWR
  37:Drivers/STM32WBxx_HAL_Driver/Inc/stm32wbxx_ll_pwr.h ****   * @{
  38:Drivers/STM32WBxx_HAL_Driver/Inc/stm32wbxx_ll_pwr.h ****   */
  39:Drivers/STM32WBxx_HAL_Driver/Inc/stm32wbxx_ll_pwr.h **** 
  40:Drivers/STM32WBxx_HAL_Driver/Inc/stm32wbxx_ll_pwr.h **** /* Private types -------------------------------------------------------------*/
  41:Drivers/STM32WBxx_HAL_Driver/Inc/stm32wbxx_ll_pwr.h **** /* Private variables ---------------------------------------------------------*/
  42:Drivers/STM32WBxx_HAL_Driver/Inc/stm32wbxx_ll_pwr.h **** 
  43:Drivers/STM32WBxx_HAL_Driver/Inc/stm32wbxx_ll_pwr.h **** /* Private constants ---------------------------------------------------------*/
  44:Drivers/STM32WBxx_HAL_Driver/Inc/stm32wbxx_ll_pwr.h **** /** @defgroup PWR_LL_Private_Constants PWR Private Constants
  45:Drivers/STM32WBxx_HAL_Driver/Inc/stm32wbxx_ll_pwr.h ****   * @{
  46:Drivers/STM32WBxx_HAL_Driver/Inc/stm32wbxx_ll_pwr.h ****   */
  47:Drivers/STM32WBxx_HAL_Driver/Inc/stm32wbxx_ll_pwr.h **** 
  48:Drivers/STM32WBxx_HAL_Driver/Inc/stm32wbxx_ll_pwr.h **** #if defined(PWR_CR5_SMPSEN)
  49:Drivers/STM32WBxx_HAL_Driver/Inc/stm32wbxx_ll_pwr.h **** /** @defgroup PWR_SMPS_Calibration PWR SMPS calibration
  50:Drivers/STM32WBxx_HAL_Driver/Inc/stm32wbxx_ll_pwr.h ****   * @{
  51:Drivers/STM32WBxx_HAL_Driver/Inc/stm32wbxx_ll_pwr.h ****   */
  52:Drivers/STM32WBxx_HAL_Driver/Inc/stm32wbxx_ll_pwr.h **** #define SMPS_VOLTAGE_CAL_ADDR              ((uint32_t*) (0x1FFF7558UL))         /* SMPS output volt
  53:Drivers/STM32WBxx_HAL_Driver/Inc/stm32wbxx_ll_pwr.h **** #define SMPS_VOLTAGE_CAL_POS               (8UL)                                /* SMPS output volt
  54:Drivers/STM32WBxx_HAL_Driver/Inc/stm32wbxx_ll_pwr.h **** #define SMPS_VOLTAGE_CAL                   (0xFUL << SMPS_VOLTAGE_CAL_POS)      /* SMPS output volt
  55:Drivers/STM32WBxx_HAL_Driver/Inc/stm32wbxx_ll_pwr.h **** #define SMPS_VOLTAGE_CAL_VOLTAGE_MV        (1500UL)                             /* SMPS output volt
  56:Drivers/STM32WBxx_HAL_Driver/Inc/stm32wbxx_ll_pwr.h **** #define SMPS_VOLTAGE_BASE_MV               (1200UL)                             /* SMPS output volt
  57:Drivers/STM32WBxx_HAL_Driver/Inc/stm32wbxx_ll_pwr.h **** #define SMPS_VOLTAGE_STEP_MV               (  50UL)                             /* SMPS output volt
  58:Drivers/STM32WBxx_HAL_Driver/Inc/stm32wbxx_ll_pwr.h **** /**
  59:Drivers/STM32WBxx_HAL_Driver/Inc/stm32wbxx_ll_pwr.h ****   * @}
  60:Drivers/STM32WBxx_HAL_Driver/Inc/stm32wbxx_ll_pwr.h ****   */
  61:Drivers/STM32WBxx_HAL_Driver/Inc/stm32wbxx_ll_pwr.h **** #endif /* PWR_CR5_SMPSEN */
  62:Drivers/STM32WBxx_HAL_Driver/Inc/stm32wbxx_ll_pwr.h **** 
  63:Drivers/STM32WBxx_HAL_Driver/Inc/stm32wbxx_ll_pwr.h **** /**
  64:Drivers/STM32WBxx_HAL_Driver/Inc/stm32wbxx_ll_pwr.h ****   * @}
  65:Drivers/STM32WBxx_HAL_Driver/Inc/stm32wbxx_ll_pwr.h ****   */
  66:Drivers/STM32WBxx_HAL_Driver/Inc/stm32wbxx_ll_pwr.h **** 
  67:Drivers/STM32WBxx_HAL_Driver/Inc/stm32wbxx_ll_pwr.h **** /* Private macros ------------------------------------------------------------*/
  68:Drivers/STM32WBxx_HAL_Driver/Inc/stm32wbxx_ll_pwr.h **** 
  69:Drivers/STM32WBxx_HAL_Driver/Inc/stm32wbxx_ll_pwr.h **** /* Exported types ------------------------------------------------------------*/
  70:Drivers/STM32WBxx_HAL_Driver/Inc/stm32wbxx_ll_pwr.h **** /* Exported constants --------------------------------------------------------*/
  71:Drivers/STM32WBxx_HAL_Driver/Inc/stm32wbxx_ll_pwr.h **** /** @defgroup PWR_LL_Exported_Constants PWR Exported Constants
ARM GAS  C:\Users\843E~1\AppData\Local\Temp\ccJpJOBl.s 			page 77


  72:Drivers/STM32WBxx_HAL_Driver/Inc/stm32wbxx_ll_pwr.h ****   * @{
  73:Drivers/STM32WBxx_HAL_Driver/Inc/stm32wbxx_ll_pwr.h ****   */
  74:Drivers/STM32WBxx_HAL_Driver/Inc/stm32wbxx_ll_pwr.h **** 
  75:Drivers/STM32WBxx_HAL_Driver/Inc/stm32wbxx_ll_pwr.h **** /** @defgroup PWR_LL_EC_CLEAR_FLAG Clear Flags Defines
  76:Drivers/STM32WBxx_HAL_Driver/Inc/stm32wbxx_ll_pwr.h ****   * @brief    Flags defines which can be used with LL_PWR_WriteReg function
  77:Drivers/STM32WBxx_HAL_Driver/Inc/stm32wbxx_ll_pwr.h ****   * @{
  78:Drivers/STM32WBxx_HAL_Driver/Inc/stm32wbxx_ll_pwr.h ****   */
  79:Drivers/STM32WBxx_HAL_Driver/Inc/stm32wbxx_ll_pwr.h **** #define LL_PWR_SCR_CWUF                    PWR_SCR_CWUF
  80:Drivers/STM32WBxx_HAL_Driver/Inc/stm32wbxx_ll_pwr.h **** #if defined(PWR_CR3_EWUP2)
  81:Drivers/STM32WBxx_HAL_Driver/Inc/stm32wbxx_ll_pwr.h **** #define LL_PWR_SCR_CWUF5                   PWR_SCR_CWUF5
  82:Drivers/STM32WBxx_HAL_Driver/Inc/stm32wbxx_ll_pwr.h **** #endif /* PWR_CR3_EWUP2 */
  83:Drivers/STM32WBxx_HAL_Driver/Inc/stm32wbxx_ll_pwr.h **** #define LL_PWR_SCR_CWUF4                   PWR_SCR_CWUF4
  84:Drivers/STM32WBxx_HAL_Driver/Inc/stm32wbxx_ll_pwr.h **** #if defined(PWR_CR3_EWUP3)
  85:Drivers/STM32WBxx_HAL_Driver/Inc/stm32wbxx_ll_pwr.h **** #define LL_PWR_SCR_CWUF3                   PWR_SCR_CWUF3
  86:Drivers/STM32WBxx_HAL_Driver/Inc/stm32wbxx_ll_pwr.h **** #endif /* PWR_CR3_EWUP3 */
  87:Drivers/STM32WBxx_HAL_Driver/Inc/stm32wbxx_ll_pwr.h **** #if defined(PWR_CR3_EWUP2)
  88:Drivers/STM32WBxx_HAL_Driver/Inc/stm32wbxx_ll_pwr.h **** #define LL_PWR_SCR_CWUF2                   PWR_SCR_CWUF2
  89:Drivers/STM32WBxx_HAL_Driver/Inc/stm32wbxx_ll_pwr.h **** #endif /* PWR_CR3_EWUP2 */
  90:Drivers/STM32WBxx_HAL_Driver/Inc/stm32wbxx_ll_pwr.h **** #define LL_PWR_SCR_CWUF1                   PWR_SCR_CWUF1
  91:Drivers/STM32WBxx_HAL_Driver/Inc/stm32wbxx_ll_pwr.h **** #define LL_PWR_SCR_CC2HF                   PWR_SCR_CC2HF
  92:Drivers/STM32WBxx_HAL_Driver/Inc/stm32wbxx_ll_pwr.h **** #define LL_PWR_SCR_CBLEAF                  PWR_SCR_CBLEAF
  93:Drivers/STM32WBxx_HAL_Driver/Inc/stm32wbxx_ll_pwr.h **** #define LL_PWR_SCR_CCRPEF                  PWR_SCR_CCRPEF
  94:Drivers/STM32WBxx_HAL_Driver/Inc/stm32wbxx_ll_pwr.h **** #if defined(PWR_CR3_E802A)
  95:Drivers/STM32WBxx_HAL_Driver/Inc/stm32wbxx_ll_pwr.h **** #define LL_PWR_SCR_C802AF                  PWR_SCR_C802AF
  96:Drivers/STM32WBxx_HAL_Driver/Inc/stm32wbxx_ll_pwr.h **** #define LL_PWR_SCR_C802WUF                 PWR_SCR_C802WUF
  97:Drivers/STM32WBxx_HAL_Driver/Inc/stm32wbxx_ll_pwr.h **** #endif /* PWR_CR3_E802A */
  98:Drivers/STM32WBxx_HAL_Driver/Inc/stm32wbxx_ll_pwr.h **** #define LL_PWR_SCR_CBLEWUF                 PWR_SCR_CBLEWUF
  99:Drivers/STM32WBxx_HAL_Driver/Inc/stm32wbxx_ll_pwr.h **** #if defined(PWR_CR5_SMPSEN)
 100:Drivers/STM32WBxx_HAL_Driver/Inc/stm32wbxx_ll_pwr.h **** #define LL_PWR_SCR_CBORHF                  PWR_SCR_CBORHF
 101:Drivers/STM32WBxx_HAL_Driver/Inc/stm32wbxx_ll_pwr.h **** #define LL_PWR_SCR_CSMPSFBF                PWR_SCR_CSMPSFBF
 102:Drivers/STM32WBxx_HAL_Driver/Inc/stm32wbxx_ll_pwr.h **** #endif /* PWR_CR5_SMPSEN */
 103:Drivers/STM32WBxx_HAL_Driver/Inc/stm32wbxx_ll_pwr.h **** #define LL_PWR_EXTSCR_CCRPF                PWR_EXTSCR_CCRPF
 104:Drivers/STM32WBxx_HAL_Driver/Inc/stm32wbxx_ll_pwr.h **** #define LL_PWR_EXTSCR_C2CSSF               PWR_EXTSCR_C2CSSF
 105:Drivers/STM32WBxx_HAL_Driver/Inc/stm32wbxx_ll_pwr.h **** #define LL_PWR_EXTSCR_C1CSSF               PWR_EXTSCR_C1CSSF
 106:Drivers/STM32WBxx_HAL_Driver/Inc/stm32wbxx_ll_pwr.h **** /**
 107:Drivers/STM32WBxx_HAL_Driver/Inc/stm32wbxx_ll_pwr.h ****   * @}
 108:Drivers/STM32WBxx_HAL_Driver/Inc/stm32wbxx_ll_pwr.h ****   */
 109:Drivers/STM32WBxx_HAL_Driver/Inc/stm32wbxx_ll_pwr.h **** 
 110:Drivers/STM32WBxx_HAL_Driver/Inc/stm32wbxx_ll_pwr.h **** /** @defgroup PWR_LL_EC_GET_FLAG Get Flags Defines
 111:Drivers/STM32WBxx_HAL_Driver/Inc/stm32wbxx_ll_pwr.h ****   * @brief    Flags defines which can be used with LL_PWR_ReadReg function
 112:Drivers/STM32WBxx_HAL_Driver/Inc/stm32wbxx_ll_pwr.h ****   * @{
 113:Drivers/STM32WBxx_HAL_Driver/Inc/stm32wbxx_ll_pwr.h ****   */
 114:Drivers/STM32WBxx_HAL_Driver/Inc/stm32wbxx_ll_pwr.h **** #define LL_PWR_SR1_WUFI                    PWR_SR1_WUFI
 115:Drivers/STM32WBxx_HAL_Driver/Inc/stm32wbxx_ll_pwr.h **** #if defined(PWR_CR3_EWUP5)
 116:Drivers/STM32WBxx_HAL_Driver/Inc/stm32wbxx_ll_pwr.h **** #define LL_PWR_SR1_WUF5                    PWR_SR1_WUF5
 117:Drivers/STM32WBxx_HAL_Driver/Inc/stm32wbxx_ll_pwr.h **** #endif /* PWR_CR3_EWUP5 */
 118:Drivers/STM32WBxx_HAL_Driver/Inc/stm32wbxx_ll_pwr.h **** #define LL_PWR_SR1_WUF4                    PWR_SR1_WUF4
 119:Drivers/STM32WBxx_HAL_Driver/Inc/stm32wbxx_ll_pwr.h **** #if defined(PWR_CR3_EWUP3)
 120:Drivers/STM32WBxx_HAL_Driver/Inc/stm32wbxx_ll_pwr.h **** #define LL_PWR_SR1_WUF3                    PWR_SR1_WUF3
 121:Drivers/STM32WBxx_HAL_Driver/Inc/stm32wbxx_ll_pwr.h **** #endif /* PWR_CR3_EWUP3 */
 122:Drivers/STM32WBxx_HAL_Driver/Inc/stm32wbxx_ll_pwr.h **** #if defined(PWR_CR3_EWUP2)
 123:Drivers/STM32WBxx_HAL_Driver/Inc/stm32wbxx_ll_pwr.h **** #define LL_PWR_SR1_WUF2                    PWR_SR1_WUF2
 124:Drivers/STM32WBxx_HAL_Driver/Inc/stm32wbxx_ll_pwr.h **** #endif /* PWR_CR3_EWUP2 */
 125:Drivers/STM32WBxx_HAL_Driver/Inc/stm32wbxx_ll_pwr.h **** #define LL_PWR_SR1_WUF1                    PWR_SR1_WUF1
 126:Drivers/STM32WBxx_HAL_Driver/Inc/stm32wbxx_ll_pwr.h **** #define LL_PWR_SR2_PVMO3                   PWR_SR2_PVMO3
 127:Drivers/STM32WBxx_HAL_Driver/Inc/stm32wbxx_ll_pwr.h **** #if defined(PWR_CR2_PVME1)
 128:Drivers/STM32WBxx_HAL_Driver/Inc/stm32wbxx_ll_pwr.h **** #define LL_PWR_SR2_PVMO1                   PWR_SR2_PVMO1
ARM GAS  C:\Users\843E~1\AppData\Local\Temp\ccJpJOBl.s 			page 78


 129:Drivers/STM32WBxx_HAL_Driver/Inc/stm32wbxx_ll_pwr.h **** #endif /* PWR_CR2_PVME1 */
 130:Drivers/STM32WBxx_HAL_Driver/Inc/stm32wbxx_ll_pwr.h **** #define LL_PWR_SR2_PVDO                    PWR_SR2_PVDO
 131:Drivers/STM32WBxx_HAL_Driver/Inc/stm32wbxx_ll_pwr.h **** #if defined(PWR_CR1_VOS)
 132:Drivers/STM32WBxx_HAL_Driver/Inc/stm32wbxx_ll_pwr.h **** #define LL_PWR_SR2_VOSF                    PWR_SR2_VOSF
 133:Drivers/STM32WBxx_HAL_Driver/Inc/stm32wbxx_ll_pwr.h **** #endif /* PWR_CR1_VOS */
 134:Drivers/STM32WBxx_HAL_Driver/Inc/stm32wbxx_ll_pwr.h **** #define LL_PWR_SR2_REGLPF                  PWR_SR2_REGLPF
 135:Drivers/STM32WBxx_HAL_Driver/Inc/stm32wbxx_ll_pwr.h **** #define LL_PWR_SR2_REGLPS                  PWR_SR2_REGLPS
 136:Drivers/STM32WBxx_HAL_Driver/Inc/stm32wbxx_ll_pwr.h **** 
 137:Drivers/STM32WBxx_HAL_Driver/Inc/stm32wbxx_ll_pwr.h **** /* BOR flags */
 138:Drivers/STM32WBxx_HAL_Driver/Inc/stm32wbxx_ll_pwr.h **** #define LL_PWR_FLAG_BORH                   PWR_SR1_BORHF  /* BORH interrupt flag */
 139:Drivers/STM32WBxx_HAL_Driver/Inc/stm32wbxx_ll_pwr.h **** 
 140:Drivers/STM32WBxx_HAL_Driver/Inc/stm32wbxx_ll_pwr.h **** #if defined(PWR_CR5_SMPSEN)
 141:Drivers/STM32WBxx_HAL_Driver/Inc/stm32wbxx_ll_pwr.h **** /* SMPS flags */
 142:Drivers/STM32WBxx_HAL_Driver/Inc/stm32wbxx_ll_pwr.h **** #define LL_PWR_FLAG_SMPS                   PWR_SR2_SMPSF  /* SMPS step down converter ready flag */
 143:Drivers/STM32WBxx_HAL_Driver/Inc/stm32wbxx_ll_pwr.h **** #define LL_PWR_FLAG_SMPSB                  PWR_SR2_SMPSBF /* SMPS step down converter in bypass mod
 144:Drivers/STM32WBxx_HAL_Driver/Inc/stm32wbxx_ll_pwr.h **** #define LL_PWR_FLAG_SMPSFB                 PWR_SR1_SMPSFB /* SMPS step down converter forced in byp
 145:Drivers/STM32WBxx_HAL_Driver/Inc/stm32wbxx_ll_pwr.h **** #endif /* PWR_CR5_SMPSEN */
 146:Drivers/STM32WBxx_HAL_Driver/Inc/stm32wbxx_ll_pwr.h **** 
 147:Drivers/STM32WBxx_HAL_Driver/Inc/stm32wbxx_ll_pwr.h **** /* Radio (BLE or 802.15.4) flags */
 148:Drivers/STM32WBxx_HAL_Driver/Inc/stm32wbxx_ll_pwr.h **** #define LL_PWR_FLAG_BLEWU                  PWR_SR1_BLEWUF  /* BLE wakeup interrupt flag */
 149:Drivers/STM32WBxx_HAL_Driver/Inc/stm32wbxx_ll_pwr.h **** 
 150:Drivers/STM32WBxx_HAL_Driver/Inc/stm32wbxx_ll_pwr.h **** #define LL_PWR_FLAG_BLEA                   PWR_SR1_BLEAF   /* BLE end of activity interrupt flag */
 151:Drivers/STM32WBxx_HAL_Driver/Inc/stm32wbxx_ll_pwr.h **** #if defined(PWR_CR3_E802A)
 152:Drivers/STM32WBxx_HAL_Driver/Inc/stm32wbxx_ll_pwr.h **** #define LL_PWR_FLAG_802WU                  PWR_SR1_802WUF  /* 802.15.4 wakeup interrupt flag */
 153:Drivers/STM32WBxx_HAL_Driver/Inc/stm32wbxx_ll_pwr.h **** #define LL_PWR_FLAG_802A                   PWR_SR1_802AF   /* 802.15.4 end of activity interrupt fl
 154:Drivers/STM32WBxx_HAL_Driver/Inc/stm32wbxx_ll_pwr.h **** #endif /* PWR_CR3_E802A */
 155:Drivers/STM32WBxx_HAL_Driver/Inc/stm32wbxx_ll_pwr.h **** #define LL_PWR_FLAG_CRPE                   PWR_SR1_CRPEF   /* Critical radio phase end of activity 
 156:Drivers/STM32WBxx_HAL_Driver/Inc/stm32wbxx_ll_pwr.h **** #define LL_PWR_FLAG_CRP                    PWR_EXTSCR_CRPF /* Critical radio system phase */
 157:Drivers/STM32WBxx_HAL_Driver/Inc/stm32wbxx_ll_pwr.h **** 
 158:Drivers/STM32WBxx_HAL_Driver/Inc/stm32wbxx_ll_pwr.h **** /* Multicore flags */
 159:Drivers/STM32WBxx_HAL_Driver/Inc/stm32wbxx_ll_pwr.h **** #define LL_PWR_EXTSCR_C1SBF                PWR_EXTSCR_C1SBF   /* System standby flag for CPU1 */
 160:Drivers/STM32WBxx_HAL_Driver/Inc/stm32wbxx_ll_pwr.h **** #define LL_PWR_EXTSCR_C1STOPF              PWR_EXTSCR_C1STOPF /* System stop flag for CPU1 */
 161:Drivers/STM32WBxx_HAL_Driver/Inc/stm32wbxx_ll_pwr.h **** #define LL_PWR_EXTSCR_C1DS                 PWR_EXTSCR_C1DS    /* CPU1 deepsleep mode */
 162:Drivers/STM32WBxx_HAL_Driver/Inc/stm32wbxx_ll_pwr.h **** #define LL_PWR_EXTSCR_C2SBF                PWR_EXTSCR_C2SBF   /* System standby flag for CPU2 */
 163:Drivers/STM32WBxx_HAL_Driver/Inc/stm32wbxx_ll_pwr.h **** #define LL_PWR_EXTSCR_C2STOPF              PWR_EXTSCR_C2STOPF /* System stop flag for CPU2 */
 164:Drivers/STM32WBxx_HAL_Driver/Inc/stm32wbxx_ll_pwr.h **** #define LL_PWR_EXTSCR_C2DS                 PWR_EXTSCR_C2DS    /* CPU2 deepsleep mode */
 165:Drivers/STM32WBxx_HAL_Driver/Inc/stm32wbxx_ll_pwr.h **** #define LL_PWR_SR1_C2HF                    PWR_SR1_C2HF       /* CPU2 hold interrupt flag */
 166:Drivers/STM32WBxx_HAL_Driver/Inc/stm32wbxx_ll_pwr.h **** /**
 167:Drivers/STM32WBxx_HAL_Driver/Inc/stm32wbxx_ll_pwr.h ****   * @}
 168:Drivers/STM32WBxx_HAL_Driver/Inc/stm32wbxx_ll_pwr.h ****   */
 169:Drivers/STM32WBxx_HAL_Driver/Inc/stm32wbxx_ll_pwr.h **** 
 170:Drivers/STM32WBxx_HAL_Driver/Inc/stm32wbxx_ll_pwr.h **** #if defined(PWR_CR1_VOS)
 171:Drivers/STM32WBxx_HAL_Driver/Inc/stm32wbxx_ll_pwr.h **** /** @defgroup PWR_LL_EC_REGU_VOLTAGE REGU VOLTAGE
 172:Drivers/STM32WBxx_HAL_Driver/Inc/stm32wbxx_ll_pwr.h ****   * @{
 173:Drivers/STM32WBxx_HAL_Driver/Inc/stm32wbxx_ll_pwr.h ****   */
 174:Drivers/STM32WBxx_HAL_Driver/Inc/stm32wbxx_ll_pwr.h **** #define LL_PWR_REGU_VOLTAGE_SCALE1         (PWR_CR1_VOS_0) /* Regulator voltage output range 1 mode
 175:Drivers/STM32WBxx_HAL_Driver/Inc/stm32wbxx_ll_pwr.h **** #define LL_PWR_REGU_VOLTAGE_SCALE2         (PWR_CR1_VOS_1) /* Regulator voltage output range 2 mode
 176:Drivers/STM32WBxx_HAL_Driver/Inc/stm32wbxx_ll_pwr.h **** /**
 177:Drivers/STM32WBxx_HAL_Driver/Inc/stm32wbxx_ll_pwr.h ****   * @}
 178:Drivers/STM32WBxx_HAL_Driver/Inc/stm32wbxx_ll_pwr.h ****   */
 179:Drivers/STM32WBxx_HAL_Driver/Inc/stm32wbxx_ll_pwr.h **** #endif /* PWR_CR1_VOS */
 180:Drivers/STM32WBxx_HAL_Driver/Inc/stm32wbxx_ll_pwr.h **** 
 181:Drivers/STM32WBxx_HAL_Driver/Inc/stm32wbxx_ll_pwr.h **** /** @defgroup PWR_LL_EC_MODE_PWR MODE PWR
 182:Drivers/STM32WBxx_HAL_Driver/Inc/stm32wbxx_ll_pwr.h ****   * @{
 183:Drivers/STM32WBxx_HAL_Driver/Inc/stm32wbxx_ll_pwr.h ****   */
 184:Drivers/STM32WBxx_HAL_Driver/Inc/stm32wbxx_ll_pwr.h **** #define LL_PWR_MODE_STOP0                  (0x000000000U)
 185:Drivers/STM32WBxx_HAL_Driver/Inc/stm32wbxx_ll_pwr.h **** #define LL_PWR_MODE_STOP1                  (PWR_CR1_LPMS_0)
ARM GAS  C:\Users\843E~1\AppData\Local\Temp\ccJpJOBl.s 			page 79


 186:Drivers/STM32WBxx_HAL_Driver/Inc/stm32wbxx_ll_pwr.h **** #if defined(PWR_SUPPORT_STOP2)
 187:Drivers/STM32WBxx_HAL_Driver/Inc/stm32wbxx_ll_pwr.h **** #define LL_PWR_MODE_STOP2                  (PWR_CR1_LPMS_1)
 188:Drivers/STM32WBxx_HAL_Driver/Inc/stm32wbxx_ll_pwr.h **** #endif /* PWR_SUPPORT_STOP2 */
 189:Drivers/STM32WBxx_HAL_Driver/Inc/stm32wbxx_ll_pwr.h **** #define LL_PWR_MODE_STANDBY                (PWR_CR1_LPMS_1 | PWR_CR1_LPMS_0)
 190:Drivers/STM32WBxx_HAL_Driver/Inc/stm32wbxx_ll_pwr.h **** #define LL_PWR_MODE_SHUTDOWN               (PWR_CR1_LPMS_2)
 191:Drivers/STM32WBxx_HAL_Driver/Inc/stm32wbxx_ll_pwr.h **** /**
 192:Drivers/STM32WBxx_HAL_Driver/Inc/stm32wbxx_ll_pwr.h ****   * @}
 193:Drivers/STM32WBxx_HAL_Driver/Inc/stm32wbxx_ll_pwr.h ****   */
 194:Drivers/STM32WBxx_HAL_Driver/Inc/stm32wbxx_ll_pwr.h **** 
 195:Drivers/STM32WBxx_HAL_Driver/Inc/stm32wbxx_ll_pwr.h **** /** @defgroup PWR_LL_EC_FLASH_LPRUN_POWER_DOWN_MODE Flash power-down mode during low-power run mode
 196:Drivers/STM32WBxx_HAL_Driver/Inc/stm32wbxx_ll_pwr.h ****   * @{
 197:Drivers/STM32WBxx_HAL_Driver/Inc/stm32wbxx_ll_pwr.h ****   */
 198:Drivers/STM32WBxx_HAL_Driver/Inc/stm32wbxx_ll_pwr.h **** #define LL_PWR_FLASH_LPRUN_MODE_IDLE       (0x000000000U)
 199:Drivers/STM32WBxx_HAL_Driver/Inc/stm32wbxx_ll_pwr.h **** #define LL_PWR_FLASH_LPRUN_MODE_POWER_DOWN (PWR_CR1_FPDR)
 200:Drivers/STM32WBxx_HAL_Driver/Inc/stm32wbxx_ll_pwr.h **** /**
 201:Drivers/STM32WBxx_HAL_Driver/Inc/stm32wbxx_ll_pwr.h ****   * @}
 202:Drivers/STM32WBxx_HAL_Driver/Inc/stm32wbxx_ll_pwr.h ****   */
 203:Drivers/STM32WBxx_HAL_Driver/Inc/stm32wbxx_ll_pwr.h **** 
 204:Drivers/STM32WBxx_HAL_Driver/Inc/stm32wbxx_ll_pwr.h **** /** @defgroup PWR_LL_EC_FLASH_SLEEP_POWER_DOWN_MODE Flash power-down mode during sleep mode
 205:Drivers/STM32WBxx_HAL_Driver/Inc/stm32wbxx_ll_pwr.h ****   * @{
 206:Drivers/STM32WBxx_HAL_Driver/Inc/stm32wbxx_ll_pwr.h ****   */
 207:Drivers/STM32WBxx_HAL_Driver/Inc/stm32wbxx_ll_pwr.h **** #define LL_PWR_FLASH_SLEEP_MODE_IDLE       (0x000000000U)
 208:Drivers/STM32WBxx_HAL_Driver/Inc/stm32wbxx_ll_pwr.h **** #define LL_PWR_FLASH_SLEEP_MODE_POWER_DOWN (PWR_CR1_FPDS)
 209:Drivers/STM32WBxx_HAL_Driver/Inc/stm32wbxx_ll_pwr.h **** /**
 210:Drivers/STM32WBxx_HAL_Driver/Inc/stm32wbxx_ll_pwr.h ****   * @}
 211:Drivers/STM32WBxx_HAL_Driver/Inc/stm32wbxx_ll_pwr.h ****   */
 212:Drivers/STM32WBxx_HAL_Driver/Inc/stm32wbxx_ll_pwr.h **** 
 213:Drivers/STM32WBxx_HAL_Driver/Inc/stm32wbxx_ll_pwr.h **** /** @defgroup PWR_LL_EC_PVM Peripheral voltage monitoring
 214:Drivers/STM32WBxx_HAL_Driver/Inc/stm32wbxx_ll_pwr.h ****   * @{
 215:Drivers/STM32WBxx_HAL_Driver/Inc/stm32wbxx_ll_pwr.h ****   */
 216:Drivers/STM32WBxx_HAL_Driver/Inc/stm32wbxx_ll_pwr.h **** #if defined(PWR_CR2_PVME1)
 217:Drivers/STM32WBxx_HAL_Driver/Inc/stm32wbxx_ll_pwr.h **** #define LL_PWR_PVM_VDDUSB_1_2V             (PWR_CR2_PVME1)     /* Monitoring VDDUSB vs. 1.2V */
 218:Drivers/STM32WBxx_HAL_Driver/Inc/stm32wbxx_ll_pwr.h **** #endif /* PWR_CR2_PVME1 */
 219:Drivers/STM32WBxx_HAL_Driver/Inc/stm32wbxx_ll_pwr.h **** #define LL_PWR_PVM_VDDA_1_62V              (PWR_CR2_PVME3)     /* Monitoring VDDA vs. 1.62V  */
 220:Drivers/STM32WBxx_HAL_Driver/Inc/stm32wbxx_ll_pwr.h **** /**
 221:Drivers/STM32WBxx_HAL_Driver/Inc/stm32wbxx_ll_pwr.h ****   * @}
 222:Drivers/STM32WBxx_HAL_Driver/Inc/stm32wbxx_ll_pwr.h ****   */
 223:Drivers/STM32WBxx_HAL_Driver/Inc/stm32wbxx_ll_pwr.h **** 
 224:Drivers/STM32WBxx_HAL_Driver/Inc/stm32wbxx_ll_pwr.h **** /** @defgroup PWR_LL_EC_PVDLEVEL PVDLEVEL
 225:Drivers/STM32WBxx_HAL_Driver/Inc/stm32wbxx_ll_pwr.h ****   * @{
 226:Drivers/STM32WBxx_HAL_Driver/Inc/stm32wbxx_ll_pwr.h ****   */
 227:Drivers/STM32WBxx_HAL_Driver/Inc/stm32wbxx_ll_pwr.h **** #define LL_PWR_PVDLEVEL_0                  (0x00000000U)                                   /* VPVD0
 228:Drivers/STM32WBxx_HAL_Driver/Inc/stm32wbxx_ll_pwr.h **** #define LL_PWR_PVDLEVEL_1                  (PWR_CR2_PLS_0)                                 /* VPVD1
 229:Drivers/STM32WBxx_HAL_Driver/Inc/stm32wbxx_ll_pwr.h **** #define LL_PWR_PVDLEVEL_2                  (PWR_CR2_PLS_1)                                 /* VPVD2
 230:Drivers/STM32WBxx_HAL_Driver/Inc/stm32wbxx_ll_pwr.h **** #define LL_PWR_PVDLEVEL_3                  (PWR_CR2_PLS_1 | PWR_CR2_PLS_0)                 /* VPVD3
 231:Drivers/STM32WBxx_HAL_Driver/Inc/stm32wbxx_ll_pwr.h **** #define LL_PWR_PVDLEVEL_4                  (PWR_CR2_PLS_2)                                 /* VPVD4
 232:Drivers/STM32WBxx_HAL_Driver/Inc/stm32wbxx_ll_pwr.h **** #define LL_PWR_PVDLEVEL_5                  (PWR_CR2_PLS_2 | PWR_CR2_PLS_0)                 /* VPVD5
 233:Drivers/STM32WBxx_HAL_Driver/Inc/stm32wbxx_ll_pwr.h **** #define LL_PWR_PVDLEVEL_6                  (PWR_CR2_PLS_2 | PWR_CR2_PLS_1)                 /* VPVD6
 234:Drivers/STM32WBxx_HAL_Driver/Inc/stm32wbxx_ll_pwr.h **** #define LL_PWR_PVDLEVEL_7                  (PWR_CR2_PLS_2 | PWR_CR2_PLS_1 | PWR_CR2_PLS_0) /* Exter
 235:Drivers/STM32WBxx_HAL_Driver/Inc/stm32wbxx_ll_pwr.h **** /**
 236:Drivers/STM32WBxx_HAL_Driver/Inc/stm32wbxx_ll_pwr.h ****   * @}
 237:Drivers/STM32WBxx_HAL_Driver/Inc/stm32wbxx_ll_pwr.h ****   */
 238:Drivers/STM32WBxx_HAL_Driver/Inc/stm32wbxx_ll_pwr.h **** 
 239:Drivers/STM32WBxx_HAL_Driver/Inc/stm32wbxx_ll_pwr.h **** /** @defgroup PWR_LL_EC_WAKEUP WAKEUP
 240:Drivers/STM32WBxx_HAL_Driver/Inc/stm32wbxx_ll_pwr.h ****   * @{
 241:Drivers/STM32WBxx_HAL_Driver/Inc/stm32wbxx_ll_pwr.h ****   */
 242:Drivers/STM32WBxx_HAL_Driver/Inc/stm32wbxx_ll_pwr.h **** #define LL_PWR_WAKEUP_PIN1                 (PWR_CR3_EWUP1)
ARM GAS  C:\Users\843E~1\AppData\Local\Temp\ccJpJOBl.s 			page 80


 243:Drivers/STM32WBxx_HAL_Driver/Inc/stm32wbxx_ll_pwr.h **** #if defined(PWR_CR3_EWUP2)
 244:Drivers/STM32WBxx_HAL_Driver/Inc/stm32wbxx_ll_pwr.h **** #define LL_PWR_WAKEUP_PIN2                 (PWR_CR3_EWUP2)
 245:Drivers/STM32WBxx_HAL_Driver/Inc/stm32wbxx_ll_pwr.h **** #endif /* PWR_CR3_EWUP2 */
 246:Drivers/STM32WBxx_HAL_Driver/Inc/stm32wbxx_ll_pwr.h **** #if defined(PWR_CR3_EWUP3)
 247:Drivers/STM32WBxx_HAL_Driver/Inc/stm32wbxx_ll_pwr.h **** #define LL_PWR_WAKEUP_PIN3                 (PWR_CR3_EWUP3)
 248:Drivers/STM32WBxx_HAL_Driver/Inc/stm32wbxx_ll_pwr.h **** #endif /* PWR_CR3_EWUP3 */
 249:Drivers/STM32WBxx_HAL_Driver/Inc/stm32wbxx_ll_pwr.h **** #define LL_PWR_WAKEUP_PIN4                 (PWR_CR3_EWUP4)
 250:Drivers/STM32WBxx_HAL_Driver/Inc/stm32wbxx_ll_pwr.h **** #if defined(PWR_CR3_EWUP5)
 251:Drivers/STM32WBxx_HAL_Driver/Inc/stm32wbxx_ll_pwr.h **** #define LL_PWR_WAKEUP_PIN5                 (PWR_CR3_EWUP5)
 252:Drivers/STM32WBxx_HAL_Driver/Inc/stm32wbxx_ll_pwr.h **** #endif /* PWR_CR3_EWUP5 */
 253:Drivers/STM32WBxx_HAL_Driver/Inc/stm32wbxx_ll_pwr.h **** /**
 254:Drivers/STM32WBxx_HAL_Driver/Inc/stm32wbxx_ll_pwr.h ****   * @}
 255:Drivers/STM32WBxx_HAL_Driver/Inc/stm32wbxx_ll_pwr.h ****   */
 256:Drivers/STM32WBxx_HAL_Driver/Inc/stm32wbxx_ll_pwr.h **** 
 257:Drivers/STM32WBxx_HAL_Driver/Inc/stm32wbxx_ll_pwr.h **** /** @defgroup PWR_LL_EC_BATT_CHARG_RESISTOR BATT CHARG RESISTOR
 258:Drivers/STM32WBxx_HAL_Driver/Inc/stm32wbxx_ll_pwr.h ****   * @{
 259:Drivers/STM32WBxx_HAL_Driver/Inc/stm32wbxx_ll_pwr.h ****   */
 260:Drivers/STM32WBxx_HAL_Driver/Inc/stm32wbxx_ll_pwr.h **** #define LL_PWR_BATT_CHARG_RESISTOR_5K      (0x00000000U)
 261:Drivers/STM32WBxx_HAL_Driver/Inc/stm32wbxx_ll_pwr.h **** #define LL_PWR_BATT_CHARGRESISTOR_1_5K     (PWR_CR4_VBRS)
 262:Drivers/STM32WBxx_HAL_Driver/Inc/stm32wbxx_ll_pwr.h **** /**
 263:Drivers/STM32WBxx_HAL_Driver/Inc/stm32wbxx_ll_pwr.h ****   * @}
 264:Drivers/STM32WBxx_HAL_Driver/Inc/stm32wbxx_ll_pwr.h ****   */
 265:Drivers/STM32WBxx_HAL_Driver/Inc/stm32wbxx_ll_pwr.h **** 
 266:Drivers/STM32WBxx_HAL_Driver/Inc/stm32wbxx_ll_pwr.h **** /** @defgroup PWR_LL_EC_GPIO GPIO
 267:Drivers/STM32WBxx_HAL_Driver/Inc/stm32wbxx_ll_pwr.h ****   * @{
 268:Drivers/STM32WBxx_HAL_Driver/Inc/stm32wbxx_ll_pwr.h ****   */
 269:Drivers/STM32WBxx_HAL_Driver/Inc/stm32wbxx_ll_pwr.h **** #define LL_PWR_GPIO_A                      ((uint32_t)(&(PWR->PUCRA)))
 270:Drivers/STM32WBxx_HAL_Driver/Inc/stm32wbxx_ll_pwr.h **** #define LL_PWR_GPIO_B                      ((uint32_t)(&(PWR->PUCRB)))
 271:Drivers/STM32WBxx_HAL_Driver/Inc/stm32wbxx_ll_pwr.h **** #define LL_PWR_GPIO_C                      ((uint32_t)(&(PWR->PUCRC)))
 272:Drivers/STM32WBxx_HAL_Driver/Inc/stm32wbxx_ll_pwr.h **** #define LL_PWR_GPIO_D                      ((uint32_t)(&(PWR->PUCRD)))
 273:Drivers/STM32WBxx_HAL_Driver/Inc/stm32wbxx_ll_pwr.h **** #define LL_PWR_GPIO_E                      ((uint32_t)(&(PWR->PUCRE)))
 274:Drivers/STM32WBxx_HAL_Driver/Inc/stm32wbxx_ll_pwr.h **** #define LL_PWR_GPIO_H                      ((uint32_t)(&(PWR->PUCRH)))
 275:Drivers/STM32WBxx_HAL_Driver/Inc/stm32wbxx_ll_pwr.h **** /**
 276:Drivers/STM32WBxx_HAL_Driver/Inc/stm32wbxx_ll_pwr.h ****   * @}
 277:Drivers/STM32WBxx_HAL_Driver/Inc/stm32wbxx_ll_pwr.h ****   */
 278:Drivers/STM32WBxx_HAL_Driver/Inc/stm32wbxx_ll_pwr.h **** 
 279:Drivers/STM32WBxx_HAL_Driver/Inc/stm32wbxx_ll_pwr.h **** /** @defgroup PWR_LL_EC_GPIO_BIT GPIO BIT
 280:Drivers/STM32WBxx_HAL_Driver/Inc/stm32wbxx_ll_pwr.h ****   * @{
 281:Drivers/STM32WBxx_HAL_Driver/Inc/stm32wbxx_ll_pwr.h ****   */
 282:Drivers/STM32WBxx_HAL_Driver/Inc/stm32wbxx_ll_pwr.h **** #if defined(PWR_PUCRC_PC0)
 283:Drivers/STM32WBxx_HAL_Driver/Inc/stm32wbxx_ll_pwr.h **** /* Note: LL_PWR_GPIO_BIT_x defined from port C because all pins are available */
 284:Drivers/STM32WBxx_HAL_Driver/Inc/stm32wbxx_ll_pwr.h **** /*       for PWR pull-up and pull-down.                                       */
 285:Drivers/STM32WBxx_HAL_Driver/Inc/stm32wbxx_ll_pwr.h **** #define LL_PWR_GPIO_BIT_0                  (PWR_PUCRC_PC0)
 286:Drivers/STM32WBxx_HAL_Driver/Inc/stm32wbxx_ll_pwr.h **** #define LL_PWR_GPIO_BIT_1                  (PWR_PUCRC_PC1)
 287:Drivers/STM32WBxx_HAL_Driver/Inc/stm32wbxx_ll_pwr.h **** #define LL_PWR_GPIO_BIT_2                  (PWR_PUCRC_PC2)
 288:Drivers/STM32WBxx_HAL_Driver/Inc/stm32wbxx_ll_pwr.h **** #define LL_PWR_GPIO_BIT_3                  (PWR_PUCRC_PC3)
 289:Drivers/STM32WBxx_HAL_Driver/Inc/stm32wbxx_ll_pwr.h **** #define LL_PWR_GPIO_BIT_4                  (PWR_PUCRC_PC4)
 290:Drivers/STM32WBxx_HAL_Driver/Inc/stm32wbxx_ll_pwr.h **** #define LL_PWR_GPIO_BIT_5                  (PWR_PUCRC_PC5)
 291:Drivers/STM32WBxx_HAL_Driver/Inc/stm32wbxx_ll_pwr.h **** #define LL_PWR_GPIO_BIT_6                  (PWR_PUCRC_PC6)
 292:Drivers/STM32WBxx_HAL_Driver/Inc/stm32wbxx_ll_pwr.h **** #define LL_PWR_GPIO_BIT_7                  (PWR_PUCRC_PC7)
 293:Drivers/STM32WBxx_HAL_Driver/Inc/stm32wbxx_ll_pwr.h **** #define LL_PWR_GPIO_BIT_8                  (PWR_PUCRC_PC8)
 294:Drivers/STM32WBxx_HAL_Driver/Inc/stm32wbxx_ll_pwr.h **** #define LL_PWR_GPIO_BIT_9                  (PWR_PUCRC_PC9)
 295:Drivers/STM32WBxx_HAL_Driver/Inc/stm32wbxx_ll_pwr.h **** #define LL_PWR_GPIO_BIT_10                 (PWR_PUCRC_PC10)
 296:Drivers/STM32WBxx_HAL_Driver/Inc/stm32wbxx_ll_pwr.h **** #define LL_PWR_GPIO_BIT_11                 (PWR_PUCRC_PC11)
 297:Drivers/STM32WBxx_HAL_Driver/Inc/stm32wbxx_ll_pwr.h **** #define LL_PWR_GPIO_BIT_12                 (PWR_PUCRC_PC12)
 298:Drivers/STM32WBxx_HAL_Driver/Inc/stm32wbxx_ll_pwr.h **** #define LL_PWR_GPIO_BIT_13                 (PWR_PUCRC_PC13)
 299:Drivers/STM32WBxx_HAL_Driver/Inc/stm32wbxx_ll_pwr.h **** #define LL_PWR_GPIO_BIT_14                 (PWR_PUCRC_PC14)
ARM GAS  C:\Users\843E~1\AppData\Local\Temp\ccJpJOBl.s 			page 81


 300:Drivers/STM32WBxx_HAL_Driver/Inc/stm32wbxx_ll_pwr.h **** #define LL_PWR_GPIO_BIT_15                 (PWR_PUCRC_PC15)
 301:Drivers/STM32WBxx_HAL_Driver/Inc/stm32wbxx_ll_pwr.h **** #else
 302:Drivers/STM32WBxx_HAL_Driver/Inc/stm32wbxx_ll_pwr.h **** #define LL_PWR_GPIO_BIT_0                  (PWR_PUCRA_PA0)
 303:Drivers/STM32WBxx_HAL_Driver/Inc/stm32wbxx_ll_pwr.h **** #define LL_PWR_GPIO_BIT_1                  (PWR_PUCRA_PA1)
 304:Drivers/STM32WBxx_HAL_Driver/Inc/stm32wbxx_ll_pwr.h **** #define LL_PWR_GPIO_BIT_2                  (PWR_PUCRA_PA2)
 305:Drivers/STM32WBxx_HAL_Driver/Inc/stm32wbxx_ll_pwr.h **** #define LL_PWR_GPIO_BIT_3                  (PWR_PUCRA_PA3)
 306:Drivers/STM32WBxx_HAL_Driver/Inc/stm32wbxx_ll_pwr.h **** #define LL_PWR_GPIO_BIT_4                  (PWR_PUCRA_PA4)
 307:Drivers/STM32WBxx_HAL_Driver/Inc/stm32wbxx_ll_pwr.h **** #define LL_PWR_GPIO_BIT_5                  (PWR_PUCRA_PA5)
 308:Drivers/STM32WBxx_HAL_Driver/Inc/stm32wbxx_ll_pwr.h **** #define LL_PWR_GPIO_BIT_6                  (PWR_PUCRA_PA6)
 309:Drivers/STM32WBxx_HAL_Driver/Inc/stm32wbxx_ll_pwr.h **** #define LL_PWR_GPIO_BIT_7                  (PWR_PUCRA_PA7)
 310:Drivers/STM32WBxx_HAL_Driver/Inc/stm32wbxx_ll_pwr.h **** #define LL_PWR_GPIO_BIT_8                  (PWR_PUCRA_PA8)
 311:Drivers/STM32WBxx_HAL_Driver/Inc/stm32wbxx_ll_pwr.h **** #define LL_PWR_GPIO_BIT_9                  (PWR_PUCRA_PA9)
 312:Drivers/STM32WBxx_HAL_Driver/Inc/stm32wbxx_ll_pwr.h **** #define LL_PWR_GPIO_BIT_10                 (PWR_PUCRA_PA10)
 313:Drivers/STM32WBxx_HAL_Driver/Inc/stm32wbxx_ll_pwr.h **** #define LL_PWR_GPIO_BIT_11                 (PWR_PUCRA_PA11)
 314:Drivers/STM32WBxx_HAL_Driver/Inc/stm32wbxx_ll_pwr.h **** #define LL_PWR_GPIO_BIT_12                 (PWR_PUCRA_PA12)
 315:Drivers/STM32WBxx_HAL_Driver/Inc/stm32wbxx_ll_pwr.h **** #define LL_PWR_GPIO_BIT_13                 (PWR_PUCRA_PA13)
 316:Drivers/STM32WBxx_HAL_Driver/Inc/stm32wbxx_ll_pwr.h **** #define LL_PWR_GPIO_BIT_14                 (PWR_PUCRC_PC14)
 317:Drivers/STM32WBxx_HAL_Driver/Inc/stm32wbxx_ll_pwr.h **** #define LL_PWR_GPIO_BIT_15                 (PWR_PUCRC_PC15)
 318:Drivers/STM32WBxx_HAL_Driver/Inc/stm32wbxx_ll_pwr.h **** #endif /* PWR_PUCRC_PC0 */
 319:Drivers/STM32WBxx_HAL_Driver/Inc/stm32wbxx_ll_pwr.h **** /**
 320:Drivers/STM32WBxx_HAL_Driver/Inc/stm32wbxx_ll_pwr.h ****   * @}
 321:Drivers/STM32WBxx_HAL_Driver/Inc/stm32wbxx_ll_pwr.h ****   */
 322:Drivers/STM32WBxx_HAL_Driver/Inc/stm32wbxx_ll_pwr.h **** 
 323:Drivers/STM32WBxx_HAL_Driver/Inc/stm32wbxx_ll_pwr.h **** #if defined(PWR_CR5_SMPSEN)
 324:Drivers/STM32WBxx_HAL_Driver/Inc/stm32wbxx_ll_pwr.h **** /** @defgroup PWR_LL_EC_BOR_CONFIGURATION BOR configuration
 325:Drivers/STM32WBxx_HAL_Driver/Inc/stm32wbxx_ll_pwr.h ****   * @{
 326:Drivers/STM32WBxx_HAL_Driver/Inc/stm32wbxx_ll_pwr.h ****   */
 327:Drivers/STM32WBxx_HAL_Driver/Inc/stm32wbxx_ll_pwr.h **** #define LL_PWR_BOR_SYSTEM_RESET            (0x00000000U)     /*!< BOR will generate a system reset 
 328:Drivers/STM32WBxx_HAL_Driver/Inc/stm32wbxx_ll_pwr.h **** #define LL_PWR_BOR_SMPS_FORCE_BYPASS       (PWR_CR5_BORHC)   /*!< BOR will for SMPS step down conve
 329:Drivers/STM32WBxx_HAL_Driver/Inc/stm32wbxx_ll_pwr.h **** /**
 330:Drivers/STM32WBxx_HAL_Driver/Inc/stm32wbxx_ll_pwr.h ****   * @}
 331:Drivers/STM32WBxx_HAL_Driver/Inc/stm32wbxx_ll_pwr.h ****   */
 332:Drivers/STM32WBxx_HAL_Driver/Inc/stm32wbxx_ll_pwr.h **** 
 333:Drivers/STM32WBxx_HAL_Driver/Inc/stm32wbxx_ll_pwr.h **** /** @defgroup PWR_LL_EC_SMPS_OPERATING_MODES SMPS step down converter operating modes
 334:Drivers/STM32WBxx_HAL_Driver/Inc/stm32wbxx_ll_pwr.h ****   * @{
 335:Drivers/STM32WBxx_HAL_Driver/Inc/stm32wbxx_ll_pwr.h ****   */
 336:Drivers/STM32WBxx_HAL_Driver/Inc/stm32wbxx_ll_pwr.h **** /* Note: Literals values are defined from register SR2 bits SMPSF and SMPSBF  */
 337:Drivers/STM32WBxx_HAL_Driver/Inc/stm32wbxx_ll_pwr.h **** /*       but they are also used as register CR5 bits SMPSEN and SMPSBEN,      */
 338:Drivers/STM32WBxx_HAL_Driver/Inc/stm32wbxx_ll_pwr.h **** /*       as used by all SMPS operating mode functions targeting different    */
 339:Drivers/STM32WBxx_HAL_Driver/Inc/stm32wbxx_ll_pwr.h **** /*       registers:                                                           */
 340:Drivers/STM32WBxx_HAL_Driver/Inc/stm32wbxx_ll_pwr.h **** /*       "LL_PWR_SMPS_SetMode()", "LL_PWR_SMPS_GetMode()"                     */
 341:Drivers/STM32WBxx_HAL_Driver/Inc/stm32wbxx_ll_pwr.h **** /*       and "LL_PWR_SMPS_GetEffectiveMode()".                                */
 342:Drivers/STM32WBxx_HAL_Driver/Inc/stm32wbxx_ll_pwr.h **** #define LL_PWR_SMPS_BYPASS                 (PWR_SR2_SMPSBF) /*!< SMPS step down in bypass mode. */
 343:Drivers/STM32WBxx_HAL_Driver/Inc/stm32wbxx_ll_pwr.h **** #define LL_PWR_SMPS_STEP_DOWN              (PWR_SR2_SMPSF)  /*!< SMPS step down in step down mode i
 344:Drivers/STM32WBxx_HAL_Driver/Inc/stm32wbxx_ll_pwr.h **** /**
 345:Drivers/STM32WBxx_HAL_Driver/Inc/stm32wbxx_ll_pwr.h ****   * @}
 346:Drivers/STM32WBxx_HAL_Driver/Inc/stm32wbxx_ll_pwr.h ****   */
 347:Drivers/STM32WBxx_HAL_Driver/Inc/stm32wbxx_ll_pwr.h **** 
 348:Drivers/STM32WBxx_HAL_Driver/Inc/stm32wbxx_ll_pwr.h **** /** @defgroup PWR_LL_EC_SMPS_STARTUP_CURRENT SMPS step down converter supply startup current select
 349:Drivers/STM32WBxx_HAL_Driver/Inc/stm32wbxx_ll_pwr.h ****   * @{
 350:Drivers/STM32WBxx_HAL_Driver/Inc/stm32wbxx_ll_pwr.h ****   */
 351:Drivers/STM32WBxx_HAL_Driver/Inc/stm32wbxx_ll_pwr.h **** #define LL_PWR_SMPS_STARTUP_CURRENT_80MA   (0x00000000U)                                           
 352:Drivers/STM32WBxx_HAL_Driver/Inc/stm32wbxx_ll_pwr.h **** #define LL_PWR_SMPS_STARTUP_CURRENT_100MA  (                                      PWR_CR5_SMPSSC_0)
 353:Drivers/STM32WBxx_HAL_Driver/Inc/stm32wbxx_ll_pwr.h **** #define LL_PWR_SMPS_STARTUP_CURRENT_120MA  (                   PWR_CR5_SMPSSC_1                   )
 354:Drivers/STM32WBxx_HAL_Driver/Inc/stm32wbxx_ll_pwr.h **** #define LL_PWR_SMPS_STARTUP_CURRENT_140MA  (                   PWR_CR5_SMPSSC_1 | PWR_CR5_SMPSSC_0)
 355:Drivers/STM32WBxx_HAL_Driver/Inc/stm32wbxx_ll_pwr.h **** #define LL_PWR_SMPS_STARTUP_CURRENT_160MA  (PWR_CR5_SMPSSC_2                                      )
 356:Drivers/STM32WBxx_HAL_Driver/Inc/stm32wbxx_ll_pwr.h **** #define LL_PWR_SMPS_STARTUP_CURRENT_180MA  (PWR_CR5_SMPSSC_2 |                    PWR_CR5_SMPSSC_0)
ARM GAS  C:\Users\843E~1\AppData\Local\Temp\ccJpJOBl.s 			page 82


 357:Drivers/STM32WBxx_HAL_Driver/Inc/stm32wbxx_ll_pwr.h **** #define LL_PWR_SMPS_STARTUP_CURRENT_200MA  (PWR_CR5_SMPSSC_2 | PWR_CR5_SMPSSC_1                   )
 358:Drivers/STM32WBxx_HAL_Driver/Inc/stm32wbxx_ll_pwr.h **** #define LL_PWR_SMPS_STARTUP_CURRENT_220MA  (PWR_CR5_SMPSSC_2 | PWR_CR5_SMPSSC_1 | PWR_CR5_SMPSSC_0)
 359:Drivers/STM32WBxx_HAL_Driver/Inc/stm32wbxx_ll_pwr.h **** /**
 360:Drivers/STM32WBxx_HAL_Driver/Inc/stm32wbxx_ll_pwr.h ****   * @}
 361:Drivers/STM32WBxx_HAL_Driver/Inc/stm32wbxx_ll_pwr.h ****   */
 362:Drivers/STM32WBxx_HAL_Driver/Inc/stm32wbxx_ll_pwr.h **** 
 363:Drivers/STM32WBxx_HAL_Driver/Inc/stm32wbxx_ll_pwr.h **** /** @defgroup PWR_LL_EC_SMPS_OUTPUT_VOLTAGE_LEVEL SMPS step down converter output voltage scaling v
 364:Drivers/STM32WBxx_HAL_Driver/Inc/stm32wbxx_ll_pwr.h ****   * @{
 365:Drivers/STM32WBxx_HAL_Driver/Inc/stm32wbxx_ll_pwr.h ****   */
 366:Drivers/STM32WBxx_HAL_Driver/Inc/stm32wbxx_ll_pwr.h **** /* Note: SMPS voltage is trimmed during device production to control
 367:Drivers/STM32WBxx_HAL_Driver/Inc/stm32wbxx_ll_pwr.h ****          the actual voltage level variation from device to device. */
 368:Drivers/STM32WBxx_HAL_Driver/Inc/stm32wbxx_ll_pwr.h **** #define LL_PWR_SMPS_OUTPUT_VOLTAGE_1V20  (0x00000000U)                                             
 369:Drivers/STM32WBxx_HAL_Driver/Inc/stm32wbxx_ll_pwr.h **** #define LL_PWR_SMPS_OUTPUT_VOLTAGE_1V25  (                                                         
 370:Drivers/STM32WBxx_HAL_Driver/Inc/stm32wbxx_ll_pwr.h **** #define LL_PWR_SMPS_OUTPUT_VOLTAGE_1V30  (                                        PWR_CR5_SMPSVOS_1
 371:Drivers/STM32WBxx_HAL_Driver/Inc/stm32wbxx_ll_pwr.h **** #define LL_PWR_SMPS_OUTPUT_VOLTAGE_1V35  (                                        PWR_CR5_SMPSVOS_1
 372:Drivers/STM32WBxx_HAL_Driver/Inc/stm32wbxx_ll_pwr.h **** #define LL_PWR_SMPS_OUTPUT_VOLTAGE_1V40  (                    PWR_CR5_SMPSVOS_2                    
 373:Drivers/STM32WBxx_HAL_Driver/Inc/stm32wbxx_ll_pwr.h **** #define LL_PWR_SMPS_OUTPUT_VOLTAGE_1V45  (                    PWR_CR5_SMPSVOS_2 |                  
 374:Drivers/STM32WBxx_HAL_Driver/Inc/stm32wbxx_ll_pwr.h **** #define LL_PWR_SMPS_OUTPUT_VOLTAGE_1V50  (                    PWR_CR5_SMPSVOS_2 | PWR_CR5_SMPSVOS_1
 375:Drivers/STM32WBxx_HAL_Driver/Inc/stm32wbxx_ll_pwr.h **** #define LL_PWR_SMPS_OUTPUT_VOLTAGE_1V55  (                    PWR_CR5_SMPSVOS_2 | PWR_CR5_SMPSVOS_1
 376:Drivers/STM32WBxx_HAL_Driver/Inc/stm32wbxx_ll_pwr.h **** #define LL_PWR_SMPS_OUTPUT_VOLTAGE_1V60  (PWR_CR5_SMPSVOS_3                                        
 377:Drivers/STM32WBxx_HAL_Driver/Inc/stm32wbxx_ll_pwr.h **** #define LL_PWR_SMPS_OUTPUT_VOLTAGE_1V65  (PWR_CR5_SMPSVOS_3 |                                      
 378:Drivers/STM32WBxx_HAL_Driver/Inc/stm32wbxx_ll_pwr.h **** #define LL_PWR_SMPS_OUTPUT_VOLTAGE_1V70  (PWR_CR5_SMPSVOS_3 |                     PWR_CR5_SMPSVOS_1
 379:Drivers/STM32WBxx_HAL_Driver/Inc/stm32wbxx_ll_pwr.h **** #define LL_PWR_SMPS_OUTPUT_VOLTAGE_1V75  (PWR_CR5_SMPSVOS_3 |                     PWR_CR5_SMPSVOS_1
 380:Drivers/STM32WBxx_HAL_Driver/Inc/stm32wbxx_ll_pwr.h **** #define LL_PWR_SMPS_OUTPUT_VOLTAGE_1V80  (PWR_CR5_SMPSVOS_3 | PWR_CR5_SMPSVOS_2                    
 381:Drivers/STM32WBxx_HAL_Driver/Inc/stm32wbxx_ll_pwr.h **** #define LL_PWR_SMPS_OUTPUT_VOLTAGE_1V85  (PWR_CR5_SMPSVOS_3 | PWR_CR5_SMPSVOS_2 |                  
 382:Drivers/STM32WBxx_HAL_Driver/Inc/stm32wbxx_ll_pwr.h **** #define LL_PWR_SMPS_OUTPUT_VOLTAGE_1V90  (PWR_CR5_SMPSVOS_3 | PWR_CR5_SMPSVOS_2 | PWR_CR5_SMPSVOS_1
 383:Drivers/STM32WBxx_HAL_Driver/Inc/stm32wbxx_ll_pwr.h **** /**
 384:Drivers/STM32WBxx_HAL_Driver/Inc/stm32wbxx_ll_pwr.h ****   * @}
 385:Drivers/STM32WBxx_HAL_Driver/Inc/stm32wbxx_ll_pwr.h ****   */
 386:Drivers/STM32WBxx_HAL_Driver/Inc/stm32wbxx_ll_pwr.h **** #endif /* PWR_CR5_SMPSEN */
 387:Drivers/STM32WBxx_HAL_Driver/Inc/stm32wbxx_ll_pwr.h **** 
 388:Drivers/STM32WBxx_HAL_Driver/Inc/stm32wbxx_ll_pwr.h **** /**
 389:Drivers/STM32WBxx_HAL_Driver/Inc/stm32wbxx_ll_pwr.h ****   * @}
 390:Drivers/STM32WBxx_HAL_Driver/Inc/stm32wbxx_ll_pwr.h ****   */
 391:Drivers/STM32WBxx_HAL_Driver/Inc/stm32wbxx_ll_pwr.h **** 
 392:Drivers/STM32WBxx_HAL_Driver/Inc/stm32wbxx_ll_pwr.h **** /* Exported macro ------------------------------------------------------------*/
 393:Drivers/STM32WBxx_HAL_Driver/Inc/stm32wbxx_ll_pwr.h **** /** @defgroup PWR_LL_Exported_Macros PWR Exported Macros
 394:Drivers/STM32WBxx_HAL_Driver/Inc/stm32wbxx_ll_pwr.h ****   * @{
 395:Drivers/STM32WBxx_HAL_Driver/Inc/stm32wbxx_ll_pwr.h ****   */
 396:Drivers/STM32WBxx_HAL_Driver/Inc/stm32wbxx_ll_pwr.h **** 
 397:Drivers/STM32WBxx_HAL_Driver/Inc/stm32wbxx_ll_pwr.h **** /** @defgroup PWR_LL_EM_WRITE_READ Common Write and read registers Macros
 398:Drivers/STM32WBxx_HAL_Driver/Inc/stm32wbxx_ll_pwr.h ****   * @{
 399:Drivers/STM32WBxx_HAL_Driver/Inc/stm32wbxx_ll_pwr.h ****   */
 400:Drivers/STM32WBxx_HAL_Driver/Inc/stm32wbxx_ll_pwr.h **** 
 401:Drivers/STM32WBxx_HAL_Driver/Inc/stm32wbxx_ll_pwr.h **** /**
 402:Drivers/STM32WBxx_HAL_Driver/Inc/stm32wbxx_ll_pwr.h ****   * @brief  Write a value in PWR register
 403:Drivers/STM32WBxx_HAL_Driver/Inc/stm32wbxx_ll_pwr.h ****   * @param  __REG__ Register to be written
 404:Drivers/STM32WBxx_HAL_Driver/Inc/stm32wbxx_ll_pwr.h ****   * @param  __VALUE__ Value to be written in the register
 405:Drivers/STM32WBxx_HAL_Driver/Inc/stm32wbxx_ll_pwr.h ****   * @retval None
 406:Drivers/STM32WBxx_HAL_Driver/Inc/stm32wbxx_ll_pwr.h ****   */
 407:Drivers/STM32WBxx_HAL_Driver/Inc/stm32wbxx_ll_pwr.h **** #define LL_PWR_WriteReg(__REG__, __VALUE__) WRITE_REG(PWR->__REG__, (__VALUE__))
 408:Drivers/STM32WBxx_HAL_Driver/Inc/stm32wbxx_ll_pwr.h **** 
 409:Drivers/STM32WBxx_HAL_Driver/Inc/stm32wbxx_ll_pwr.h **** /**
 410:Drivers/STM32WBxx_HAL_Driver/Inc/stm32wbxx_ll_pwr.h ****   * @brief  Read a value in PWR register
 411:Drivers/STM32WBxx_HAL_Driver/Inc/stm32wbxx_ll_pwr.h ****   * @param  __REG__ Register to be read
 412:Drivers/STM32WBxx_HAL_Driver/Inc/stm32wbxx_ll_pwr.h ****   * @retval Register value
 413:Drivers/STM32WBxx_HAL_Driver/Inc/stm32wbxx_ll_pwr.h ****   */
ARM GAS  C:\Users\843E~1\AppData\Local\Temp\ccJpJOBl.s 			page 83


 414:Drivers/STM32WBxx_HAL_Driver/Inc/stm32wbxx_ll_pwr.h **** #define LL_PWR_ReadReg(__REG__) READ_REG(PWR->__REG__)
 415:Drivers/STM32WBxx_HAL_Driver/Inc/stm32wbxx_ll_pwr.h **** /**
 416:Drivers/STM32WBxx_HAL_Driver/Inc/stm32wbxx_ll_pwr.h ****   * @}
 417:Drivers/STM32WBxx_HAL_Driver/Inc/stm32wbxx_ll_pwr.h ****   */
 418:Drivers/STM32WBxx_HAL_Driver/Inc/stm32wbxx_ll_pwr.h **** 
 419:Drivers/STM32WBxx_HAL_Driver/Inc/stm32wbxx_ll_pwr.h **** /**
 420:Drivers/STM32WBxx_HAL_Driver/Inc/stm32wbxx_ll_pwr.h ****   * @}
 421:Drivers/STM32WBxx_HAL_Driver/Inc/stm32wbxx_ll_pwr.h ****   */
 422:Drivers/STM32WBxx_HAL_Driver/Inc/stm32wbxx_ll_pwr.h **** 
 423:Drivers/STM32WBxx_HAL_Driver/Inc/stm32wbxx_ll_pwr.h **** 
 424:Drivers/STM32WBxx_HAL_Driver/Inc/stm32wbxx_ll_pwr.h **** /* Exported functions --------------------------------------------------------*/
 425:Drivers/STM32WBxx_HAL_Driver/Inc/stm32wbxx_ll_pwr.h **** /** @defgroup PWR_LL_Exported_Functions PWR Exported Functions
 426:Drivers/STM32WBxx_HAL_Driver/Inc/stm32wbxx_ll_pwr.h ****   * @{
 427:Drivers/STM32WBxx_HAL_Driver/Inc/stm32wbxx_ll_pwr.h ****   */
 428:Drivers/STM32WBxx_HAL_Driver/Inc/stm32wbxx_ll_pwr.h **** 
 429:Drivers/STM32WBxx_HAL_Driver/Inc/stm32wbxx_ll_pwr.h **** /** @defgroup PWR_LL_EF_Configuration Configuration
 430:Drivers/STM32WBxx_HAL_Driver/Inc/stm32wbxx_ll_pwr.h ****   * @{
 431:Drivers/STM32WBxx_HAL_Driver/Inc/stm32wbxx_ll_pwr.h ****   */
 432:Drivers/STM32WBxx_HAL_Driver/Inc/stm32wbxx_ll_pwr.h **** 
 433:Drivers/STM32WBxx_HAL_Driver/Inc/stm32wbxx_ll_pwr.h **** /**
 434:Drivers/STM32WBxx_HAL_Driver/Inc/stm32wbxx_ll_pwr.h ****   * @brief  Switch from run main mode to run low-power mode.
 435:Drivers/STM32WBxx_HAL_Driver/Inc/stm32wbxx_ll_pwr.h ****   * @rmtoll CR1          LPR           LL_PWR_EnterLowPowerRunMode
 436:Drivers/STM32WBxx_HAL_Driver/Inc/stm32wbxx_ll_pwr.h ****   * @retval None
 437:Drivers/STM32WBxx_HAL_Driver/Inc/stm32wbxx_ll_pwr.h ****   */
 438:Drivers/STM32WBxx_HAL_Driver/Inc/stm32wbxx_ll_pwr.h **** __STATIC_INLINE void LL_PWR_EnterLowPowerRunMode(void)
 439:Drivers/STM32WBxx_HAL_Driver/Inc/stm32wbxx_ll_pwr.h **** {
 440:Drivers/STM32WBxx_HAL_Driver/Inc/stm32wbxx_ll_pwr.h ****   SET_BIT(PWR->CR1, PWR_CR1_LPR);
 441:Drivers/STM32WBxx_HAL_Driver/Inc/stm32wbxx_ll_pwr.h **** }
 442:Drivers/STM32WBxx_HAL_Driver/Inc/stm32wbxx_ll_pwr.h **** 
 443:Drivers/STM32WBxx_HAL_Driver/Inc/stm32wbxx_ll_pwr.h **** /**
 444:Drivers/STM32WBxx_HAL_Driver/Inc/stm32wbxx_ll_pwr.h ****   * @brief  Switch from run main mode to low-power mode.
 445:Drivers/STM32WBxx_HAL_Driver/Inc/stm32wbxx_ll_pwr.h ****   * @rmtoll CR1          LPR           LL_PWR_ExitLowPowerRunMode
 446:Drivers/STM32WBxx_HAL_Driver/Inc/stm32wbxx_ll_pwr.h ****   * @retval None
 447:Drivers/STM32WBxx_HAL_Driver/Inc/stm32wbxx_ll_pwr.h ****   */
 448:Drivers/STM32WBxx_HAL_Driver/Inc/stm32wbxx_ll_pwr.h **** __STATIC_INLINE void LL_PWR_ExitLowPowerRunMode(void)
 449:Drivers/STM32WBxx_HAL_Driver/Inc/stm32wbxx_ll_pwr.h **** {
 450:Drivers/STM32WBxx_HAL_Driver/Inc/stm32wbxx_ll_pwr.h ****   CLEAR_BIT(PWR->CR1, PWR_CR1_LPR);
 451:Drivers/STM32WBxx_HAL_Driver/Inc/stm32wbxx_ll_pwr.h **** }
 452:Drivers/STM32WBxx_HAL_Driver/Inc/stm32wbxx_ll_pwr.h **** 
 453:Drivers/STM32WBxx_HAL_Driver/Inc/stm32wbxx_ll_pwr.h **** /**
 454:Drivers/STM32WBxx_HAL_Driver/Inc/stm32wbxx_ll_pwr.h ****   * @brief  Check if the regulator is in low-power mode
 455:Drivers/STM32WBxx_HAL_Driver/Inc/stm32wbxx_ll_pwr.h ****   * @rmtoll CR1          LPR           LL_PWR_IsEnabledLowPowerRunMode
 456:Drivers/STM32WBxx_HAL_Driver/Inc/stm32wbxx_ll_pwr.h ****   * @retval State of bit (1 or 0).
 457:Drivers/STM32WBxx_HAL_Driver/Inc/stm32wbxx_ll_pwr.h ****   */
 458:Drivers/STM32WBxx_HAL_Driver/Inc/stm32wbxx_ll_pwr.h **** __STATIC_INLINE uint32_t LL_PWR_IsEnabledLowPowerRunMode(void)
 459:Drivers/STM32WBxx_HAL_Driver/Inc/stm32wbxx_ll_pwr.h **** {
 460:Drivers/STM32WBxx_HAL_Driver/Inc/stm32wbxx_ll_pwr.h ****   return ((READ_BIT(PWR->CR1, PWR_CR1_LPR) == (PWR_CR1_LPR)) ? 1UL : 0UL);
 461:Drivers/STM32WBxx_HAL_Driver/Inc/stm32wbxx_ll_pwr.h **** }
 462:Drivers/STM32WBxx_HAL_Driver/Inc/stm32wbxx_ll_pwr.h **** 
 463:Drivers/STM32WBxx_HAL_Driver/Inc/stm32wbxx_ll_pwr.h **** #if defined(PWR_CR1_VOS)
 464:Drivers/STM32WBxx_HAL_Driver/Inc/stm32wbxx_ll_pwr.h **** /**
 465:Drivers/STM32WBxx_HAL_Driver/Inc/stm32wbxx_ll_pwr.h ****   * @brief  Set the main internal regulator output voltage
 466:Drivers/STM32WBxx_HAL_Driver/Inc/stm32wbxx_ll_pwr.h ****   * @note   A delay is required for the internal regulator to be ready
 467:Drivers/STM32WBxx_HAL_Driver/Inc/stm32wbxx_ll_pwr.h ****   *         after the voltage scaling has been changed.
 468:Drivers/STM32WBxx_HAL_Driver/Inc/stm32wbxx_ll_pwr.h ****   *         Check whether regulator reached the selected voltage level
 469:Drivers/STM32WBxx_HAL_Driver/Inc/stm32wbxx_ll_pwr.h ****   *         can be done using function @ref LL_PWR_IsActiveFlag_VOS().
 470:Drivers/STM32WBxx_HAL_Driver/Inc/stm32wbxx_ll_pwr.h ****   * @rmtoll CR1          VOS           LL_PWR_SetRegulVoltageScaling
ARM GAS  C:\Users\843E~1\AppData\Local\Temp\ccJpJOBl.s 			page 84


 471:Drivers/STM32WBxx_HAL_Driver/Inc/stm32wbxx_ll_pwr.h ****   * @param  VoltageScaling This parameter can be one of the following values:
 472:Drivers/STM32WBxx_HAL_Driver/Inc/stm32wbxx_ll_pwr.h ****   *         @arg @ref LL_PWR_REGU_VOLTAGE_SCALE1
 473:Drivers/STM32WBxx_HAL_Driver/Inc/stm32wbxx_ll_pwr.h ****   *         @arg @ref LL_PWR_REGU_VOLTAGE_SCALE2
 474:Drivers/STM32WBxx_HAL_Driver/Inc/stm32wbxx_ll_pwr.h ****   * @retval None
 475:Drivers/STM32WBxx_HAL_Driver/Inc/stm32wbxx_ll_pwr.h ****   */
 476:Drivers/STM32WBxx_HAL_Driver/Inc/stm32wbxx_ll_pwr.h **** __STATIC_INLINE void LL_PWR_SetRegulVoltageScaling(uint32_t VoltageScaling)
 477:Drivers/STM32WBxx_HAL_Driver/Inc/stm32wbxx_ll_pwr.h **** {
 478:Drivers/STM32WBxx_HAL_Driver/Inc/stm32wbxx_ll_pwr.h ****   MODIFY_REG(PWR->CR1, PWR_CR1_VOS, VoltageScaling);
 479:Drivers/STM32WBxx_HAL_Driver/Inc/stm32wbxx_ll_pwr.h **** }
 480:Drivers/STM32WBxx_HAL_Driver/Inc/stm32wbxx_ll_pwr.h **** 
 481:Drivers/STM32WBxx_HAL_Driver/Inc/stm32wbxx_ll_pwr.h **** /**
 482:Drivers/STM32WBxx_HAL_Driver/Inc/stm32wbxx_ll_pwr.h ****   * @brief  Get the main internal regulator output voltage
 483:Drivers/STM32WBxx_HAL_Driver/Inc/stm32wbxx_ll_pwr.h ****   * @rmtoll CR1          VOS           LL_PWR_GetRegulVoltageScaling
 484:Drivers/STM32WBxx_HAL_Driver/Inc/stm32wbxx_ll_pwr.h ****   * @retval Returned value can be one of the following values:
 485:Drivers/STM32WBxx_HAL_Driver/Inc/stm32wbxx_ll_pwr.h ****   *         @arg @ref LL_PWR_REGU_VOLTAGE_SCALE1
 486:Drivers/STM32WBxx_HAL_Driver/Inc/stm32wbxx_ll_pwr.h ****   *         @arg @ref LL_PWR_REGU_VOLTAGE_SCALE2
 487:Drivers/STM32WBxx_HAL_Driver/Inc/stm32wbxx_ll_pwr.h ****   */
 488:Drivers/STM32WBxx_HAL_Driver/Inc/stm32wbxx_ll_pwr.h **** __STATIC_INLINE uint32_t LL_PWR_GetRegulVoltageScaling(void)
 489:Drivers/STM32WBxx_HAL_Driver/Inc/stm32wbxx_ll_pwr.h **** {
 490:Drivers/STM32WBxx_HAL_Driver/Inc/stm32wbxx_ll_pwr.h ****   return (uint32_t)(READ_BIT(PWR->CR1, PWR_CR1_VOS));
 491:Drivers/STM32WBxx_HAL_Driver/Inc/stm32wbxx_ll_pwr.h **** }
 492:Drivers/STM32WBxx_HAL_Driver/Inc/stm32wbxx_ll_pwr.h **** #endif /* PWR_CR1_VOS */
 493:Drivers/STM32WBxx_HAL_Driver/Inc/stm32wbxx_ll_pwr.h **** 
 494:Drivers/STM32WBxx_HAL_Driver/Inc/stm32wbxx_ll_pwr.h **** /**
 495:Drivers/STM32WBxx_HAL_Driver/Inc/stm32wbxx_ll_pwr.h ****   * @brief  Enable access to the backup domain
 496:Drivers/STM32WBxx_HAL_Driver/Inc/stm32wbxx_ll_pwr.h ****   * @rmtoll CR1          DBP           LL_PWR_EnableBkUpAccess
 497:Drivers/STM32WBxx_HAL_Driver/Inc/stm32wbxx_ll_pwr.h ****   * @retval None
 498:Drivers/STM32WBxx_HAL_Driver/Inc/stm32wbxx_ll_pwr.h ****   */
 499:Drivers/STM32WBxx_HAL_Driver/Inc/stm32wbxx_ll_pwr.h **** __STATIC_INLINE void LL_PWR_EnableBkUpAccess(void)
 500:Drivers/STM32WBxx_HAL_Driver/Inc/stm32wbxx_ll_pwr.h **** {
 501:Drivers/STM32WBxx_HAL_Driver/Inc/stm32wbxx_ll_pwr.h ****   SET_BIT(PWR->CR1, PWR_CR1_DBP);
 502:Drivers/STM32WBxx_HAL_Driver/Inc/stm32wbxx_ll_pwr.h **** }
 503:Drivers/STM32WBxx_HAL_Driver/Inc/stm32wbxx_ll_pwr.h **** 
 504:Drivers/STM32WBxx_HAL_Driver/Inc/stm32wbxx_ll_pwr.h **** /**
 505:Drivers/STM32WBxx_HAL_Driver/Inc/stm32wbxx_ll_pwr.h ****   * @brief  Disable access to the backup domain
 506:Drivers/STM32WBxx_HAL_Driver/Inc/stm32wbxx_ll_pwr.h ****   * @rmtoll CR1          DBP           LL_PWR_DisableBkUpAccess
 507:Drivers/STM32WBxx_HAL_Driver/Inc/stm32wbxx_ll_pwr.h ****   * @retval None
 508:Drivers/STM32WBxx_HAL_Driver/Inc/stm32wbxx_ll_pwr.h ****   */
 509:Drivers/STM32WBxx_HAL_Driver/Inc/stm32wbxx_ll_pwr.h **** __STATIC_INLINE void LL_PWR_DisableBkUpAccess(void)
 510:Drivers/STM32WBxx_HAL_Driver/Inc/stm32wbxx_ll_pwr.h **** {
 511:Drivers/STM32WBxx_HAL_Driver/Inc/stm32wbxx_ll_pwr.h ****   CLEAR_BIT(PWR->CR1, PWR_CR1_DBP);
 512:Drivers/STM32WBxx_HAL_Driver/Inc/stm32wbxx_ll_pwr.h **** }
 513:Drivers/STM32WBxx_HAL_Driver/Inc/stm32wbxx_ll_pwr.h **** 
 514:Drivers/STM32WBxx_HAL_Driver/Inc/stm32wbxx_ll_pwr.h **** /**
 515:Drivers/STM32WBxx_HAL_Driver/Inc/stm32wbxx_ll_pwr.h ****   * @brief  Check if the backup domain is enabled
 516:Drivers/STM32WBxx_HAL_Driver/Inc/stm32wbxx_ll_pwr.h ****   * @rmtoll CR1          DBP           LL_PWR_IsEnabledBkUpAccess
 517:Drivers/STM32WBxx_HAL_Driver/Inc/stm32wbxx_ll_pwr.h ****   * @retval State of bit (1 or 0).
 518:Drivers/STM32WBxx_HAL_Driver/Inc/stm32wbxx_ll_pwr.h ****   */
 519:Drivers/STM32WBxx_HAL_Driver/Inc/stm32wbxx_ll_pwr.h **** __STATIC_INLINE uint32_t LL_PWR_IsEnabledBkUpAccess(void)
 520:Drivers/STM32WBxx_HAL_Driver/Inc/stm32wbxx_ll_pwr.h **** {
 521:Drivers/STM32WBxx_HAL_Driver/Inc/stm32wbxx_ll_pwr.h ****   return ((READ_BIT(PWR->CR1, PWR_CR1_DBP) == (PWR_CR1_DBP)) ? 1UL : 0UL);
 522:Drivers/STM32WBxx_HAL_Driver/Inc/stm32wbxx_ll_pwr.h **** }
 523:Drivers/STM32WBxx_HAL_Driver/Inc/stm32wbxx_ll_pwr.h **** 
 524:Drivers/STM32WBxx_HAL_Driver/Inc/stm32wbxx_ll_pwr.h **** /**
 525:Drivers/STM32WBxx_HAL_Driver/Inc/stm32wbxx_ll_pwr.h ****   * @brief  Set Low-Power mode
 526:Drivers/STM32WBxx_HAL_Driver/Inc/stm32wbxx_ll_pwr.h ****   * @rmtoll CR1          LPMS          LL_PWR_SetPowerMode
 527:Drivers/STM32WBxx_HAL_Driver/Inc/stm32wbxx_ll_pwr.h ****   * @param  LowPowerMode This parameter can be one of the following values:
ARM GAS  C:\Users\843E~1\AppData\Local\Temp\ccJpJOBl.s 			page 85


 528:Drivers/STM32WBxx_HAL_Driver/Inc/stm32wbxx_ll_pwr.h ****   *         @arg @ref LL_PWR_MODE_STOP0
 529:Drivers/STM32WBxx_HAL_Driver/Inc/stm32wbxx_ll_pwr.h ****   *         @arg @ref LL_PWR_MODE_STOP1
 530:Drivers/STM32WBxx_HAL_Driver/Inc/stm32wbxx_ll_pwr.h ****   *         @arg @ref LL_PWR_MODE_STOP2 (*)
 531:Drivers/STM32WBxx_HAL_Driver/Inc/stm32wbxx_ll_pwr.h ****   *         @arg @ref LL_PWR_MODE_STANDBY
 532:Drivers/STM32WBxx_HAL_Driver/Inc/stm32wbxx_ll_pwr.h ****   *         @arg @ref LL_PWR_MODE_SHUTDOWN
 533:Drivers/STM32WBxx_HAL_Driver/Inc/stm32wbxx_ll_pwr.h ****   *
 534:Drivers/STM32WBxx_HAL_Driver/Inc/stm32wbxx_ll_pwr.h ****   *         (*) Not available on devices STM32WB15xx, STM32WB10xx, STM32WB1Mxx
 535:Drivers/STM32WBxx_HAL_Driver/Inc/stm32wbxx_ll_pwr.h ****   * @retval None
 536:Drivers/STM32WBxx_HAL_Driver/Inc/stm32wbxx_ll_pwr.h ****   */
 537:Drivers/STM32WBxx_HAL_Driver/Inc/stm32wbxx_ll_pwr.h **** __STATIC_INLINE void LL_PWR_SetPowerMode(uint32_t LowPowerMode)
 538:Drivers/STM32WBxx_HAL_Driver/Inc/stm32wbxx_ll_pwr.h **** {
 539:Drivers/STM32WBxx_HAL_Driver/Inc/stm32wbxx_ll_pwr.h ****   MODIFY_REG(PWR->CR1, PWR_CR1_LPMS, LowPowerMode);
 540:Drivers/STM32WBxx_HAL_Driver/Inc/stm32wbxx_ll_pwr.h **** }
 541:Drivers/STM32WBxx_HAL_Driver/Inc/stm32wbxx_ll_pwr.h **** 
 542:Drivers/STM32WBxx_HAL_Driver/Inc/stm32wbxx_ll_pwr.h **** /**
 543:Drivers/STM32WBxx_HAL_Driver/Inc/stm32wbxx_ll_pwr.h ****   * @brief  Get Low-Power mode
 544:Drivers/STM32WBxx_HAL_Driver/Inc/stm32wbxx_ll_pwr.h ****   * @rmtoll CR1          LPMS          LL_PWR_GetPowerMode
 545:Drivers/STM32WBxx_HAL_Driver/Inc/stm32wbxx_ll_pwr.h ****   * @retval Returned value can be one of the following values:
 546:Drivers/STM32WBxx_HAL_Driver/Inc/stm32wbxx_ll_pwr.h ****   *         @arg @ref LL_PWR_MODE_STOP0
 547:Drivers/STM32WBxx_HAL_Driver/Inc/stm32wbxx_ll_pwr.h ****   *         @arg @ref LL_PWR_MODE_STOP1
 548:Drivers/STM32WBxx_HAL_Driver/Inc/stm32wbxx_ll_pwr.h ****   *         @arg @ref LL_PWR_MODE_STOP2 (*)
 549:Drivers/STM32WBxx_HAL_Driver/Inc/stm32wbxx_ll_pwr.h ****   *         @arg @ref LL_PWR_MODE_STANDBY
 550:Drivers/STM32WBxx_HAL_Driver/Inc/stm32wbxx_ll_pwr.h ****   *         @arg @ref LL_PWR_MODE_SHUTDOWN
 551:Drivers/STM32WBxx_HAL_Driver/Inc/stm32wbxx_ll_pwr.h ****   *
 552:Drivers/STM32WBxx_HAL_Driver/Inc/stm32wbxx_ll_pwr.h ****   *         (*) Not available on devices STM32WB15xx, STM32WB10xx, STM32WB1Mxx
 553:Drivers/STM32WBxx_HAL_Driver/Inc/stm32wbxx_ll_pwr.h ****   */
 554:Drivers/STM32WBxx_HAL_Driver/Inc/stm32wbxx_ll_pwr.h **** __STATIC_INLINE uint32_t LL_PWR_GetPowerMode(void)
 555:Drivers/STM32WBxx_HAL_Driver/Inc/stm32wbxx_ll_pwr.h **** {
 556:Drivers/STM32WBxx_HAL_Driver/Inc/stm32wbxx_ll_pwr.h ****   return (uint32_t)(READ_BIT(PWR->CR1, PWR_CR1_LPMS));
 557:Drivers/STM32WBxx_HAL_Driver/Inc/stm32wbxx_ll_pwr.h **** }
 558:Drivers/STM32WBxx_HAL_Driver/Inc/stm32wbxx_ll_pwr.h **** 
 559:Drivers/STM32WBxx_HAL_Driver/Inc/stm32wbxx_ll_pwr.h **** /**
 560:Drivers/STM32WBxx_HAL_Driver/Inc/stm32wbxx_ll_pwr.h ****   * @brief  Set flash power-down mode during low-power run mode
 561:Drivers/STM32WBxx_HAL_Driver/Inc/stm32wbxx_ll_pwr.h ****   * @rmtoll CR1          FPDR          LL_PWR_SetFlashPowerModeLPRun
 562:Drivers/STM32WBxx_HAL_Driver/Inc/stm32wbxx_ll_pwr.h ****   * @param  FlashLowPowerMode This parameter can be one of the following values:
 563:Drivers/STM32WBxx_HAL_Driver/Inc/stm32wbxx_ll_pwr.h ****   *         @arg @ref LL_PWR_FLASH_LPRUN_MODE_IDLE
 564:Drivers/STM32WBxx_HAL_Driver/Inc/stm32wbxx_ll_pwr.h ****   *         @arg @ref LL_PWR_FLASH_LPRUN_MODE_POWER_DOWN
 565:Drivers/STM32WBxx_HAL_Driver/Inc/stm32wbxx_ll_pwr.h ****   * @retval None
 566:Drivers/STM32WBxx_HAL_Driver/Inc/stm32wbxx_ll_pwr.h ****   */
 567:Drivers/STM32WBxx_HAL_Driver/Inc/stm32wbxx_ll_pwr.h **** __STATIC_INLINE void LL_PWR_SetFlashPowerModeLPRun(uint32_t FlashLowPowerMode)
 568:Drivers/STM32WBxx_HAL_Driver/Inc/stm32wbxx_ll_pwr.h **** {
 569:Drivers/STM32WBxx_HAL_Driver/Inc/stm32wbxx_ll_pwr.h ****   /* Unlock bit FPDR */
 570:Drivers/STM32WBxx_HAL_Driver/Inc/stm32wbxx_ll_pwr.h ****   WRITE_REG(PWR->CR1, 0x0000C1B0UL);
 571:Drivers/STM32WBxx_HAL_Driver/Inc/stm32wbxx_ll_pwr.h **** 
 572:Drivers/STM32WBxx_HAL_Driver/Inc/stm32wbxx_ll_pwr.h ****   /* Update bit FPDR */
 573:Drivers/STM32WBxx_HAL_Driver/Inc/stm32wbxx_ll_pwr.h ****   MODIFY_REG(PWR->CR1, PWR_CR1_FPDR, FlashLowPowerMode);
 574:Drivers/STM32WBxx_HAL_Driver/Inc/stm32wbxx_ll_pwr.h **** }
 575:Drivers/STM32WBxx_HAL_Driver/Inc/stm32wbxx_ll_pwr.h **** 
 576:Drivers/STM32WBxx_HAL_Driver/Inc/stm32wbxx_ll_pwr.h **** /**
 577:Drivers/STM32WBxx_HAL_Driver/Inc/stm32wbxx_ll_pwr.h ****   * @brief  Get flash power-down mode during low-power run mode
 578:Drivers/STM32WBxx_HAL_Driver/Inc/stm32wbxx_ll_pwr.h ****   * @rmtoll CR1          FPDR          LL_PWR_GetFlashPowerModeLPRun
 579:Drivers/STM32WBxx_HAL_Driver/Inc/stm32wbxx_ll_pwr.h ****   * @retval Returned value can be one of the following values:
 580:Drivers/STM32WBxx_HAL_Driver/Inc/stm32wbxx_ll_pwr.h ****   *         @arg @ref LL_PWR_FLASH_LPRUN_MODE_IDLE
 581:Drivers/STM32WBxx_HAL_Driver/Inc/stm32wbxx_ll_pwr.h ****   *         @arg @ref LL_PWR_FLASH_LPRUN_MODE_POWER_DOWN
 582:Drivers/STM32WBxx_HAL_Driver/Inc/stm32wbxx_ll_pwr.h ****   */
 583:Drivers/STM32WBxx_HAL_Driver/Inc/stm32wbxx_ll_pwr.h **** __STATIC_INLINE uint32_t LL_PWR_GetFlashPowerModeLPRun(void)
 584:Drivers/STM32WBxx_HAL_Driver/Inc/stm32wbxx_ll_pwr.h **** {
ARM GAS  C:\Users\843E~1\AppData\Local\Temp\ccJpJOBl.s 			page 86


 585:Drivers/STM32WBxx_HAL_Driver/Inc/stm32wbxx_ll_pwr.h ****   return (uint32_t)(READ_BIT(PWR->CR1, PWR_CR1_FPDR));
 586:Drivers/STM32WBxx_HAL_Driver/Inc/stm32wbxx_ll_pwr.h **** }
 587:Drivers/STM32WBxx_HAL_Driver/Inc/stm32wbxx_ll_pwr.h **** 
 588:Drivers/STM32WBxx_HAL_Driver/Inc/stm32wbxx_ll_pwr.h **** /**
 589:Drivers/STM32WBxx_HAL_Driver/Inc/stm32wbxx_ll_pwr.h ****   * @brief  Set flash power-down mode during sleep mode
 590:Drivers/STM32WBxx_HAL_Driver/Inc/stm32wbxx_ll_pwr.h ****   * @rmtoll CR1          FPDS          LL_PWR_SetFlashPowerModeSleep
 591:Drivers/STM32WBxx_HAL_Driver/Inc/stm32wbxx_ll_pwr.h ****   * @param  FlashLowPowerMode This parameter can be one of the following values:
 592:Drivers/STM32WBxx_HAL_Driver/Inc/stm32wbxx_ll_pwr.h ****   *         @arg @ref LL_PWR_FLASH_SLEEP_MODE_IDLE
 593:Drivers/STM32WBxx_HAL_Driver/Inc/stm32wbxx_ll_pwr.h ****   *         @arg @ref LL_PWR_FLASH_SLEEP_MODE_POWER_DOWN
 594:Drivers/STM32WBxx_HAL_Driver/Inc/stm32wbxx_ll_pwr.h ****   * @retval None
 595:Drivers/STM32WBxx_HAL_Driver/Inc/stm32wbxx_ll_pwr.h ****   */
 596:Drivers/STM32WBxx_HAL_Driver/Inc/stm32wbxx_ll_pwr.h **** __STATIC_INLINE void LL_PWR_SetFlashPowerModeSleep(uint32_t FlashLowPowerMode)
 597:Drivers/STM32WBxx_HAL_Driver/Inc/stm32wbxx_ll_pwr.h **** {
 598:Drivers/STM32WBxx_HAL_Driver/Inc/stm32wbxx_ll_pwr.h ****   MODIFY_REG(PWR->CR1, PWR_CR1_FPDS, FlashLowPowerMode);
 599:Drivers/STM32WBxx_HAL_Driver/Inc/stm32wbxx_ll_pwr.h **** }
 600:Drivers/STM32WBxx_HAL_Driver/Inc/stm32wbxx_ll_pwr.h **** 
 601:Drivers/STM32WBxx_HAL_Driver/Inc/stm32wbxx_ll_pwr.h **** /**
 602:Drivers/STM32WBxx_HAL_Driver/Inc/stm32wbxx_ll_pwr.h ****   * @brief  Get flash power-down mode during sleep mode
 603:Drivers/STM32WBxx_HAL_Driver/Inc/stm32wbxx_ll_pwr.h ****   * @rmtoll CR1          FPDS          LL_PWR_GetFlashPowerModeSleep
 604:Drivers/STM32WBxx_HAL_Driver/Inc/stm32wbxx_ll_pwr.h ****   * @retval Returned value can be one of the following values:
 605:Drivers/STM32WBxx_HAL_Driver/Inc/stm32wbxx_ll_pwr.h ****   *         @arg @ref LL_PWR_FLASH_SLEEP_MODE_IDLE
 606:Drivers/STM32WBxx_HAL_Driver/Inc/stm32wbxx_ll_pwr.h ****   *         @arg @ref LL_PWR_FLASH_SLEEP_MODE_POWER_DOWN
 607:Drivers/STM32WBxx_HAL_Driver/Inc/stm32wbxx_ll_pwr.h ****   */
 608:Drivers/STM32WBxx_HAL_Driver/Inc/stm32wbxx_ll_pwr.h **** __STATIC_INLINE uint32_t LL_PWR_GetFlashPowerModeSleep(void)
 609:Drivers/STM32WBxx_HAL_Driver/Inc/stm32wbxx_ll_pwr.h **** {
 610:Drivers/STM32WBxx_HAL_Driver/Inc/stm32wbxx_ll_pwr.h ****   return (uint32_t)(READ_BIT(PWR->CR1, PWR_CR1_FPDS));
 611:Drivers/STM32WBxx_HAL_Driver/Inc/stm32wbxx_ll_pwr.h **** }
 612:Drivers/STM32WBxx_HAL_Driver/Inc/stm32wbxx_ll_pwr.h **** 
 613:Drivers/STM32WBxx_HAL_Driver/Inc/stm32wbxx_ll_pwr.h **** #if defined(PWR_CR2_PVME1)
 614:Drivers/STM32WBxx_HAL_Driver/Inc/stm32wbxx_ll_pwr.h **** /**
 615:Drivers/STM32WBxx_HAL_Driver/Inc/stm32wbxx_ll_pwr.h ****   * @brief  Enable VDDUSB supply
 616:Drivers/STM32WBxx_HAL_Driver/Inc/stm32wbxx_ll_pwr.h ****   * @rmtoll CR2          USV           LL_PWR_EnableVddUSB
 617:Drivers/STM32WBxx_HAL_Driver/Inc/stm32wbxx_ll_pwr.h ****   * @retval None
 618:Drivers/STM32WBxx_HAL_Driver/Inc/stm32wbxx_ll_pwr.h ****   */
 619:Drivers/STM32WBxx_HAL_Driver/Inc/stm32wbxx_ll_pwr.h **** __STATIC_INLINE void LL_PWR_EnableVddUSB(void)
 620:Drivers/STM32WBxx_HAL_Driver/Inc/stm32wbxx_ll_pwr.h **** {
 621:Drivers/STM32WBxx_HAL_Driver/Inc/stm32wbxx_ll_pwr.h ****   SET_BIT(PWR->CR2, PWR_CR2_USV);
 622:Drivers/STM32WBxx_HAL_Driver/Inc/stm32wbxx_ll_pwr.h **** }
 623:Drivers/STM32WBxx_HAL_Driver/Inc/stm32wbxx_ll_pwr.h **** 
 624:Drivers/STM32WBxx_HAL_Driver/Inc/stm32wbxx_ll_pwr.h **** /**
 625:Drivers/STM32WBxx_HAL_Driver/Inc/stm32wbxx_ll_pwr.h ****   * @brief  Disable VDDUSB supply
 626:Drivers/STM32WBxx_HAL_Driver/Inc/stm32wbxx_ll_pwr.h ****   * @rmtoll CR2          USV           LL_PWR_DisableVddUSB
 627:Drivers/STM32WBxx_HAL_Driver/Inc/stm32wbxx_ll_pwr.h ****   * @retval None
 628:Drivers/STM32WBxx_HAL_Driver/Inc/stm32wbxx_ll_pwr.h ****   */
 629:Drivers/STM32WBxx_HAL_Driver/Inc/stm32wbxx_ll_pwr.h **** __STATIC_INLINE void LL_PWR_DisableVddUSB(void)
 630:Drivers/STM32WBxx_HAL_Driver/Inc/stm32wbxx_ll_pwr.h **** {
 631:Drivers/STM32WBxx_HAL_Driver/Inc/stm32wbxx_ll_pwr.h ****   CLEAR_BIT(PWR->CR2, PWR_CR2_USV);
 632:Drivers/STM32WBxx_HAL_Driver/Inc/stm32wbxx_ll_pwr.h **** }
 633:Drivers/STM32WBxx_HAL_Driver/Inc/stm32wbxx_ll_pwr.h **** 
 634:Drivers/STM32WBxx_HAL_Driver/Inc/stm32wbxx_ll_pwr.h **** /**
 635:Drivers/STM32WBxx_HAL_Driver/Inc/stm32wbxx_ll_pwr.h ****   * @brief  Check if VDDUSB supply is enabled
 636:Drivers/STM32WBxx_HAL_Driver/Inc/stm32wbxx_ll_pwr.h ****   * @rmtoll CR2          USV           LL_PWR_IsEnabledVddUSB
 637:Drivers/STM32WBxx_HAL_Driver/Inc/stm32wbxx_ll_pwr.h ****   * @retval State of bit (1 or 0).
 638:Drivers/STM32WBxx_HAL_Driver/Inc/stm32wbxx_ll_pwr.h ****   */
 639:Drivers/STM32WBxx_HAL_Driver/Inc/stm32wbxx_ll_pwr.h **** __STATIC_INLINE uint32_t LL_PWR_IsEnabledVddUSB(void)
 640:Drivers/STM32WBxx_HAL_Driver/Inc/stm32wbxx_ll_pwr.h **** {
 641:Drivers/STM32WBxx_HAL_Driver/Inc/stm32wbxx_ll_pwr.h ****   return ((READ_BIT(PWR->CR2, PWR_CR2_USV) == (PWR_CR2_USV)) ? 1UL : 0UL);
ARM GAS  C:\Users\843E~1\AppData\Local\Temp\ccJpJOBl.s 			page 87


 642:Drivers/STM32WBxx_HAL_Driver/Inc/stm32wbxx_ll_pwr.h **** }
 643:Drivers/STM32WBxx_HAL_Driver/Inc/stm32wbxx_ll_pwr.h **** #endif
 644:Drivers/STM32WBxx_HAL_Driver/Inc/stm32wbxx_ll_pwr.h **** 
 645:Drivers/STM32WBxx_HAL_Driver/Inc/stm32wbxx_ll_pwr.h **** /**
 646:Drivers/STM32WBxx_HAL_Driver/Inc/stm32wbxx_ll_pwr.h ****   * @brief  Enable the Power Voltage Monitoring on a peripheral
 647:Drivers/STM32WBxx_HAL_Driver/Inc/stm32wbxx_ll_pwr.h ****   * @rmtoll CR2          PVME1         LL_PWR_EnablePVM\n
 648:Drivers/STM32WBxx_HAL_Driver/Inc/stm32wbxx_ll_pwr.h ****   *         CR2          PVME3         LL_PWR_EnablePVM
 649:Drivers/STM32WBxx_HAL_Driver/Inc/stm32wbxx_ll_pwr.h ****   * @param  PeriphVoltage This parameter can be one of the following values:
 650:Drivers/STM32WBxx_HAL_Driver/Inc/stm32wbxx_ll_pwr.h ****   *         @arg @ref LL_PWR_PVM_VDDUSB_1_2V (*)
 651:Drivers/STM32WBxx_HAL_Driver/Inc/stm32wbxx_ll_pwr.h ****   *         @arg @ref LL_PWR_PVM_VDDA_1_62V
 652:Drivers/STM32WBxx_HAL_Driver/Inc/stm32wbxx_ll_pwr.h ****   *
 653:Drivers/STM32WBxx_HAL_Driver/Inc/stm32wbxx_ll_pwr.h ****   *         (*) Not available on devices STM32WB50xx, STM32WB30xx, STM32WB15xx, STM32WB10xx, STM32W
 654:Drivers/STM32WBxx_HAL_Driver/Inc/stm32wbxx_ll_pwr.h ****   * @retval None
 655:Drivers/STM32WBxx_HAL_Driver/Inc/stm32wbxx_ll_pwr.h ****   */
 656:Drivers/STM32WBxx_HAL_Driver/Inc/stm32wbxx_ll_pwr.h **** __STATIC_INLINE void LL_PWR_EnablePVM(uint32_t PeriphVoltage)
 657:Drivers/STM32WBxx_HAL_Driver/Inc/stm32wbxx_ll_pwr.h **** {
 658:Drivers/STM32WBxx_HAL_Driver/Inc/stm32wbxx_ll_pwr.h ****   SET_BIT(PWR->CR2, PeriphVoltage);
 659:Drivers/STM32WBxx_HAL_Driver/Inc/stm32wbxx_ll_pwr.h **** }
 660:Drivers/STM32WBxx_HAL_Driver/Inc/stm32wbxx_ll_pwr.h **** 
 661:Drivers/STM32WBxx_HAL_Driver/Inc/stm32wbxx_ll_pwr.h **** /**
 662:Drivers/STM32WBxx_HAL_Driver/Inc/stm32wbxx_ll_pwr.h ****   * @brief  Disable the Power Voltage Monitoring on a peripheral
 663:Drivers/STM32WBxx_HAL_Driver/Inc/stm32wbxx_ll_pwr.h ****   * @rmtoll CR2          PVME1         LL_PWR_DisablePVM\n
 664:Drivers/STM32WBxx_HAL_Driver/Inc/stm32wbxx_ll_pwr.h ****   *         CR2          PVME3         LL_PWR_DisablePVM
 665:Drivers/STM32WBxx_HAL_Driver/Inc/stm32wbxx_ll_pwr.h ****   * @param  PeriphVoltage This parameter can be one of the following values:
 666:Drivers/STM32WBxx_HAL_Driver/Inc/stm32wbxx_ll_pwr.h ****   *         @arg @ref LL_PWR_PVM_VDDUSB_1_2V (*)
 667:Drivers/STM32WBxx_HAL_Driver/Inc/stm32wbxx_ll_pwr.h ****   *         @arg @ref LL_PWR_PVM_VDDA_1_62V
 668:Drivers/STM32WBxx_HAL_Driver/Inc/stm32wbxx_ll_pwr.h ****   *
 669:Drivers/STM32WBxx_HAL_Driver/Inc/stm32wbxx_ll_pwr.h ****   *         (*) Not available on devices STM32WB50xx, STM32WB30xx, STM32WB15xx, STM32WB10xx, STM32W
 670:Drivers/STM32WBxx_HAL_Driver/Inc/stm32wbxx_ll_pwr.h ****   * @retval None
 671:Drivers/STM32WBxx_HAL_Driver/Inc/stm32wbxx_ll_pwr.h ****   */
 672:Drivers/STM32WBxx_HAL_Driver/Inc/stm32wbxx_ll_pwr.h **** __STATIC_INLINE void LL_PWR_DisablePVM(uint32_t PeriphVoltage)
 673:Drivers/STM32WBxx_HAL_Driver/Inc/stm32wbxx_ll_pwr.h **** {
 674:Drivers/STM32WBxx_HAL_Driver/Inc/stm32wbxx_ll_pwr.h ****   CLEAR_BIT(PWR->CR2, PeriphVoltage);
 675:Drivers/STM32WBxx_HAL_Driver/Inc/stm32wbxx_ll_pwr.h **** }
 676:Drivers/STM32WBxx_HAL_Driver/Inc/stm32wbxx_ll_pwr.h **** 
 677:Drivers/STM32WBxx_HAL_Driver/Inc/stm32wbxx_ll_pwr.h **** /**
 678:Drivers/STM32WBxx_HAL_Driver/Inc/stm32wbxx_ll_pwr.h ****   * @brief  Check if Power Voltage Monitoring is enabled on a peripheral
 679:Drivers/STM32WBxx_HAL_Driver/Inc/stm32wbxx_ll_pwr.h ****   * @rmtoll CR2          PVME1         LL_PWR_IsEnabledPVM\n
 680:Drivers/STM32WBxx_HAL_Driver/Inc/stm32wbxx_ll_pwr.h ****   *         CR2          PVME3         LL_PWR_IsEnabledPVM
 681:Drivers/STM32WBxx_HAL_Driver/Inc/stm32wbxx_ll_pwr.h ****   * @param  PeriphVoltage This parameter can be one of the following values:
 682:Drivers/STM32WBxx_HAL_Driver/Inc/stm32wbxx_ll_pwr.h ****   *         @arg @ref LL_PWR_PVM_VDDUSB_1_2V (*)
 683:Drivers/STM32WBxx_HAL_Driver/Inc/stm32wbxx_ll_pwr.h ****   *         @arg @ref LL_PWR_PVM_VDDA_1_62V
 684:Drivers/STM32WBxx_HAL_Driver/Inc/stm32wbxx_ll_pwr.h ****   *
 685:Drivers/STM32WBxx_HAL_Driver/Inc/stm32wbxx_ll_pwr.h ****   *         (*) Not available on devices STM32WB50xx, STM32WB30xx, STM32WB15xx, STM32WB10xx, STM32W
 686:Drivers/STM32WBxx_HAL_Driver/Inc/stm32wbxx_ll_pwr.h ****   * @retval State of bit (1 or 0).
 687:Drivers/STM32WBxx_HAL_Driver/Inc/stm32wbxx_ll_pwr.h ****   */
 688:Drivers/STM32WBxx_HAL_Driver/Inc/stm32wbxx_ll_pwr.h **** __STATIC_INLINE uint32_t LL_PWR_IsEnabledPVM(uint32_t PeriphVoltage)
 689:Drivers/STM32WBxx_HAL_Driver/Inc/stm32wbxx_ll_pwr.h **** {
 690:Drivers/STM32WBxx_HAL_Driver/Inc/stm32wbxx_ll_pwr.h ****   return ((READ_BIT(PWR->CR2, PeriphVoltage) == (PeriphVoltage)) ? 1UL : 0UL);
 691:Drivers/STM32WBxx_HAL_Driver/Inc/stm32wbxx_ll_pwr.h **** }
 692:Drivers/STM32WBxx_HAL_Driver/Inc/stm32wbxx_ll_pwr.h **** 
 693:Drivers/STM32WBxx_HAL_Driver/Inc/stm32wbxx_ll_pwr.h **** /**
 694:Drivers/STM32WBxx_HAL_Driver/Inc/stm32wbxx_ll_pwr.h ****   * @brief  Configure the voltage threshold detected by the Power Voltage Detector
 695:Drivers/STM32WBxx_HAL_Driver/Inc/stm32wbxx_ll_pwr.h ****   * @rmtoll CR2          PLS           LL_PWR_SetPVDLevel
 696:Drivers/STM32WBxx_HAL_Driver/Inc/stm32wbxx_ll_pwr.h ****   * @param  PVDLevel This parameter can be one of the following values:
 697:Drivers/STM32WBxx_HAL_Driver/Inc/stm32wbxx_ll_pwr.h ****   *         @arg @ref LL_PWR_PVDLEVEL_0
 698:Drivers/STM32WBxx_HAL_Driver/Inc/stm32wbxx_ll_pwr.h ****   *         @arg @ref LL_PWR_PVDLEVEL_1
ARM GAS  C:\Users\843E~1\AppData\Local\Temp\ccJpJOBl.s 			page 88


 699:Drivers/STM32WBxx_HAL_Driver/Inc/stm32wbxx_ll_pwr.h ****   *         @arg @ref LL_PWR_PVDLEVEL_2
 700:Drivers/STM32WBxx_HAL_Driver/Inc/stm32wbxx_ll_pwr.h ****   *         @arg @ref LL_PWR_PVDLEVEL_3
 701:Drivers/STM32WBxx_HAL_Driver/Inc/stm32wbxx_ll_pwr.h ****   *         @arg @ref LL_PWR_PVDLEVEL_4
 702:Drivers/STM32WBxx_HAL_Driver/Inc/stm32wbxx_ll_pwr.h ****   *         @arg @ref LL_PWR_PVDLEVEL_5
 703:Drivers/STM32WBxx_HAL_Driver/Inc/stm32wbxx_ll_pwr.h ****   *         @arg @ref LL_PWR_PVDLEVEL_6
 704:Drivers/STM32WBxx_HAL_Driver/Inc/stm32wbxx_ll_pwr.h ****   *         @arg @ref LL_PWR_PVDLEVEL_7
 705:Drivers/STM32WBxx_HAL_Driver/Inc/stm32wbxx_ll_pwr.h ****   * @retval None
 706:Drivers/STM32WBxx_HAL_Driver/Inc/stm32wbxx_ll_pwr.h ****   */
 707:Drivers/STM32WBxx_HAL_Driver/Inc/stm32wbxx_ll_pwr.h **** __STATIC_INLINE void LL_PWR_SetPVDLevel(uint32_t PVDLevel)
 708:Drivers/STM32WBxx_HAL_Driver/Inc/stm32wbxx_ll_pwr.h **** {
 709:Drivers/STM32WBxx_HAL_Driver/Inc/stm32wbxx_ll_pwr.h ****   MODIFY_REG(PWR->CR2, PWR_CR2_PLS, PVDLevel);
 710:Drivers/STM32WBxx_HAL_Driver/Inc/stm32wbxx_ll_pwr.h **** }
 711:Drivers/STM32WBxx_HAL_Driver/Inc/stm32wbxx_ll_pwr.h **** 
 712:Drivers/STM32WBxx_HAL_Driver/Inc/stm32wbxx_ll_pwr.h **** /**
 713:Drivers/STM32WBxx_HAL_Driver/Inc/stm32wbxx_ll_pwr.h ****   * @brief  Get the voltage threshold detection
 714:Drivers/STM32WBxx_HAL_Driver/Inc/stm32wbxx_ll_pwr.h ****   * @rmtoll CR2          PLS           LL_PWR_GetPVDLevel
 715:Drivers/STM32WBxx_HAL_Driver/Inc/stm32wbxx_ll_pwr.h ****   * @retval Returned value can be one of the following values:
 716:Drivers/STM32WBxx_HAL_Driver/Inc/stm32wbxx_ll_pwr.h ****   *         @arg @ref LL_PWR_PVDLEVEL_0
 717:Drivers/STM32WBxx_HAL_Driver/Inc/stm32wbxx_ll_pwr.h ****   *         @arg @ref LL_PWR_PVDLEVEL_1
 718:Drivers/STM32WBxx_HAL_Driver/Inc/stm32wbxx_ll_pwr.h ****   *         @arg @ref LL_PWR_PVDLEVEL_2
 719:Drivers/STM32WBxx_HAL_Driver/Inc/stm32wbxx_ll_pwr.h ****   *         @arg @ref LL_PWR_PVDLEVEL_3
 720:Drivers/STM32WBxx_HAL_Driver/Inc/stm32wbxx_ll_pwr.h ****   *         @arg @ref LL_PWR_PVDLEVEL_4
 721:Drivers/STM32WBxx_HAL_Driver/Inc/stm32wbxx_ll_pwr.h ****   *         @arg @ref LL_PWR_PVDLEVEL_5
 722:Drivers/STM32WBxx_HAL_Driver/Inc/stm32wbxx_ll_pwr.h ****   *         @arg @ref LL_PWR_PVDLEVEL_6
 723:Drivers/STM32WBxx_HAL_Driver/Inc/stm32wbxx_ll_pwr.h ****   *         @arg @ref LL_PWR_PVDLEVEL_7
 724:Drivers/STM32WBxx_HAL_Driver/Inc/stm32wbxx_ll_pwr.h ****   */
 725:Drivers/STM32WBxx_HAL_Driver/Inc/stm32wbxx_ll_pwr.h **** __STATIC_INLINE uint32_t LL_PWR_GetPVDLevel(void)
 726:Drivers/STM32WBxx_HAL_Driver/Inc/stm32wbxx_ll_pwr.h **** {
 727:Drivers/STM32WBxx_HAL_Driver/Inc/stm32wbxx_ll_pwr.h ****   return (uint32_t)(READ_BIT(PWR->CR2, PWR_CR2_PLS));
 728:Drivers/STM32WBxx_HAL_Driver/Inc/stm32wbxx_ll_pwr.h **** }
 729:Drivers/STM32WBxx_HAL_Driver/Inc/stm32wbxx_ll_pwr.h **** 
 730:Drivers/STM32WBxx_HAL_Driver/Inc/stm32wbxx_ll_pwr.h **** /**
 731:Drivers/STM32WBxx_HAL_Driver/Inc/stm32wbxx_ll_pwr.h ****   * @brief  Enable Power Voltage Detector
 732:Drivers/STM32WBxx_HAL_Driver/Inc/stm32wbxx_ll_pwr.h ****   * @rmtoll CR2          PVDE          LL_PWR_EnablePVD
 733:Drivers/STM32WBxx_HAL_Driver/Inc/stm32wbxx_ll_pwr.h ****   * @retval None
 734:Drivers/STM32WBxx_HAL_Driver/Inc/stm32wbxx_ll_pwr.h ****   */
 735:Drivers/STM32WBxx_HAL_Driver/Inc/stm32wbxx_ll_pwr.h **** __STATIC_INLINE void LL_PWR_EnablePVD(void)
 736:Drivers/STM32WBxx_HAL_Driver/Inc/stm32wbxx_ll_pwr.h **** {
 737:Drivers/STM32WBxx_HAL_Driver/Inc/stm32wbxx_ll_pwr.h ****   SET_BIT(PWR->CR2, PWR_CR2_PVDE);
 738:Drivers/STM32WBxx_HAL_Driver/Inc/stm32wbxx_ll_pwr.h **** }
 739:Drivers/STM32WBxx_HAL_Driver/Inc/stm32wbxx_ll_pwr.h **** 
 740:Drivers/STM32WBxx_HAL_Driver/Inc/stm32wbxx_ll_pwr.h **** /**
 741:Drivers/STM32WBxx_HAL_Driver/Inc/stm32wbxx_ll_pwr.h ****   * @brief  Disable Power Voltage Detector
 742:Drivers/STM32WBxx_HAL_Driver/Inc/stm32wbxx_ll_pwr.h ****   * @rmtoll CR2          PVDE          LL_PWR_DisablePVD
 743:Drivers/STM32WBxx_HAL_Driver/Inc/stm32wbxx_ll_pwr.h ****   * @retval None
 744:Drivers/STM32WBxx_HAL_Driver/Inc/stm32wbxx_ll_pwr.h ****   */
 745:Drivers/STM32WBxx_HAL_Driver/Inc/stm32wbxx_ll_pwr.h **** __STATIC_INLINE void LL_PWR_DisablePVD(void)
 746:Drivers/STM32WBxx_HAL_Driver/Inc/stm32wbxx_ll_pwr.h **** {
 747:Drivers/STM32WBxx_HAL_Driver/Inc/stm32wbxx_ll_pwr.h ****   CLEAR_BIT(PWR->CR2, PWR_CR2_PVDE);
 748:Drivers/STM32WBxx_HAL_Driver/Inc/stm32wbxx_ll_pwr.h **** }
 749:Drivers/STM32WBxx_HAL_Driver/Inc/stm32wbxx_ll_pwr.h **** 
 750:Drivers/STM32WBxx_HAL_Driver/Inc/stm32wbxx_ll_pwr.h **** /**
 751:Drivers/STM32WBxx_HAL_Driver/Inc/stm32wbxx_ll_pwr.h ****   * @brief  Check if Power Voltage Detector is enabled
 752:Drivers/STM32WBxx_HAL_Driver/Inc/stm32wbxx_ll_pwr.h ****   * @rmtoll CR2          PVDE          LL_PWR_IsEnabledPVD
 753:Drivers/STM32WBxx_HAL_Driver/Inc/stm32wbxx_ll_pwr.h ****   * @retval State of bit (1 or 0).
 754:Drivers/STM32WBxx_HAL_Driver/Inc/stm32wbxx_ll_pwr.h ****   */
 755:Drivers/STM32WBxx_HAL_Driver/Inc/stm32wbxx_ll_pwr.h **** __STATIC_INLINE uint32_t LL_PWR_IsEnabledPVD(void)
ARM GAS  C:\Users\843E~1\AppData\Local\Temp\ccJpJOBl.s 			page 89


 756:Drivers/STM32WBxx_HAL_Driver/Inc/stm32wbxx_ll_pwr.h **** {
 757:Drivers/STM32WBxx_HAL_Driver/Inc/stm32wbxx_ll_pwr.h ****   return ((READ_BIT(PWR->CR2, PWR_CR2_PVDE) == (PWR_CR2_PVDE)) ? 1UL : 0UL);
 758:Drivers/STM32WBxx_HAL_Driver/Inc/stm32wbxx_ll_pwr.h **** }
 759:Drivers/STM32WBxx_HAL_Driver/Inc/stm32wbxx_ll_pwr.h **** 
 760:Drivers/STM32WBxx_HAL_Driver/Inc/stm32wbxx_ll_pwr.h **** /**
 761:Drivers/STM32WBxx_HAL_Driver/Inc/stm32wbxx_ll_pwr.h ****   * @brief  Enable Internal Wake-up line
 762:Drivers/STM32WBxx_HAL_Driver/Inc/stm32wbxx_ll_pwr.h ****   * @rmtoll CR3          EIWF          LL_PWR_EnableInternWU
 763:Drivers/STM32WBxx_HAL_Driver/Inc/stm32wbxx_ll_pwr.h ****   * @retval None
 764:Drivers/STM32WBxx_HAL_Driver/Inc/stm32wbxx_ll_pwr.h ****   */
 765:Drivers/STM32WBxx_HAL_Driver/Inc/stm32wbxx_ll_pwr.h **** __STATIC_INLINE void LL_PWR_EnableInternWU(void)
 766:Drivers/STM32WBxx_HAL_Driver/Inc/stm32wbxx_ll_pwr.h **** {
 767:Drivers/STM32WBxx_HAL_Driver/Inc/stm32wbxx_ll_pwr.h ****   SET_BIT(PWR->CR3, PWR_CR3_EIWUL);
 768:Drivers/STM32WBxx_HAL_Driver/Inc/stm32wbxx_ll_pwr.h **** }
 769:Drivers/STM32WBxx_HAL_Driver/Inc/stm32wbxx_ll_pwr.h **** 
 770:Drivers/STM32WBxx_HAL_Driver/Inc/stm32wbxx_ll_pwr.h **** /**
 771:Drivers/STM32WBxx_HAL_Driver/Inc/stm32wbxx_ll_pwr.h ****   * @brief  Disable Internal Wake-up line
 772:Drivers/STM32WBxx_HAL_Driver/Inc/stm32wbxx_ll_pwr.h ****   * @rmtoll CR3          EIWF          LL_PWR_DisableInternWU
 773:Drivers/STM32WBxx_HAL_Driver/Inc/stm32wbxx_ll_pwr.h ****   * @retval None
 774:Drivers/STM32WBxx_HAL_Driver/Inc/stm32wbxx_ll_pwr.h ****   */
 775:Drivers/STM32WBxx_HAL_Driver/Inc/stm32wbxx_ll_pwr.h **** __STATIC_INLINE void LL_PWR_DisableInternWU(void)
 776:Drivers/STM32WBxx_HAL_Driver/Inc/stm32wbxx_ll_pwr.h **** {
 777:Drivers/STM32WBxx_HAL_Driver/Inc/stm32wbxx_ll_pwr.h ****   CLEAR_BIT(PWR->CR3, PWR_CR3_EIWUL);
 778:Drivers/STM32WBxx_HAL_Driver/Inc/stm32wbxx_ll_pwr.h **** }
 779:Drivers/STM32WBxx_HAL_Driver/Inc/stm32wbxx_ll_pwr.h **** 
 780:Drivers/STM32WBxx_HAL_Driver/Inc/stm32wbxx_ll_pwr.h **** /**
 781:Drivers/STM32WBxx_HAL_Driver/Inc/stm32wbxx_ll_pwr.h ****   * @brief  Check if Internal Wake-up line is enabled
 782:Drivers/STM32WBxx_HAL_Driver/Inc/stm32wbxx_ll_pwr.h ****   * @rmtoll CR3          EIWF          LL_PWR_IsEnabledInternWU
 783:Drivers/STM32WBxx_HAL_Driver/Inc/stm32wbxx_ll_pwr.h ****   * @retval State of bit (1 or 0).
 784:Drivers/STM32WBxx_HAL_Driver/Inc/stm32wbxx_ll_pwr.h ****   */
 785:Drivers/STM32WBxx_HAL_Driver/Inc/stm32wbxx_ll_pwr.h **** __STATIC_INLINE uint32_t LL_PWR_IsEnabledInternWU(void)
 786:Drivers/STM32WBxx_HAL_Driver/Inc/stm32wbxx_ll_pwr.h **** {
 787:Drivers/STM32WBxx_HAL_Driver/Inc/stm32wbxx_ll_pwr.h ****   return ((READ_BIT(PWR->CR3, PWR_CR3_EIWUL) == (PWR_CR3_EIWUL)) ? 1UL : 0UL);
 788:Drivers/STM32WBxx_HAL_Driver/Inc/stm32wbxx_ll_pwr.h **** }
 789:Drivers/STM32WBxx_HAL_Driver/Inc/stm32wbxx_ll_pwr.h **** 
 790:Drivers/STM32WBxx_HAL_Driver/Inc/stm32wbxx_ll_pwr.h **** /**
 791:Drivers/STM32WBxx_HAL_Driver/Inc/stm32wbxx_ll_pwr.h ****   * @brief  Enable pull-up and pull-down configuration
 792:Drivers/STM32WBxx_HAL_Driver/Inc/stm32wbxx_ll_pwr.h ****   * @rmtoll CR3          APC           LL_PWR_EnablePUPDCfg
 793:Drivers/STM32WBxx_HAL_Driver/Inc/stm32wbxx_ll_pwr.h ****   * @retval None
 794:Drivers/STM32WBxx_HAL_Driver/Inc/stm32wbxx_ll_pwr.h ****   */
 795:Drivers/STM32WBxx_HAL_Driver/Inc/stm32wbxx_ll_pwr.h **** __STATIC_INLINE void LL_PWR_EnablePUPDCfg(void)
 796:Drivers/STM32WBxx_HAL_Driver/Inc/stm32wbxx_ll_pwr.h **** {
 797:Drivers/STM32WBxx_HAL_Driver/Inc/stm32wbxx_ll_pwr.h ****   SET_BIT(PWR->CR3, PWR_CR3_APC);
 798:Drivers/STM32WBxx_HAL_Driver/Inc/stm32wbxx_ll_pwr.h **** }
 799:Drivers/STM32WBxx_HAL_Driver/Inc/stm32wbxx_ll_pwr.h **** 
 800:Drivers/STM32WBxx_HAL_Driver/Inc/stm32wbxx_ll_pwr.h **** /**
 801:Drivers/STM32WBxx_HAL_Driver/Inc/stm32wbxx_ll_pwr.h ****   * @brief  Disable pull-up and pull-down configuration
 802:Drivers/STM32WBxx_HAL_Driver/Inc/stm32wbxx_ll_pwr.h ****   * @rmtoll CR3          APC           LL_PWR_DisablePUPDCfg
 803:Drivers/STM32WBxx_HAL_Driver/Inc/stm32wbxx_ll_pwr.h ****   * @retval None
 804:Drivers/STM32WBxx_HAL_Driver/Inc/stm32wbxx_ll_pwr.h ****   */
 805:Drivers/STM32WBxx_HAL_Driver/Inc/stm32wbxx_ll_pwr.h **** __STATIC_INLINE void LL_PWR_DisablePUPDCfg(void)
 806:Drivers/STM32WBxx_HAL_Driver/Inc/stm32wbxx_ll_pwr.h **** {
 807:Drivers/STM32WBxx_HAL_Driver/Inc/stm32wbxx_ll_pwr.h ****   CLEAR_BIT(PWR->CR3, PWR_CR3_APC);
 808:Drivers/STM32WBxx_HAL_Driver/Inc/stm32wbxx_ll_pwr.h **** }
 809:Drivers/STM32WBxx_HAL_Driver/Inc/stm32wbxx_ll_pwr.h **** 
 810:Drivers/STM32WBxx_HAL_Driver/Inc/stm32wbxx_ll_pwr.h **** /**
 811:Drivers/STM32WBxx_HAL_Driver/Inc/stm32wbxx_ll_pwr.h ****   * @brief  Check if pull-up and pull-down configuration is enabled
 812:Drivers/STM32WBxx_HAL_Driver/Inc/stm32wbxx_ll_pwr.h ****   * @rmtoll CR3          APC           LL_PWR_IsEnabledPUPDCfg
ARM GAS  C:\Users\843E~1\AppData\Local\Temp\ccJpJOBl.s 			page 90


 813:Drivers/STM32WBxx_HAL_Driver/Inc/stm32wbxx_ll_pwr.h ****   * @retval State of bit (1 or 0).
 814:Drivers/STM32WBxx_HAL_Driver/Inc/stm32wbxx_ll_pwr.h ****   */
 815:Drivers/STM32WBxx_HAL_Driver/Inc/stm32wbxx_ll_pwr.h **** __STATIC_INLINE uint32_t LL_PWR_IsEnabledPUPDCfg(void)
 816:Drivers/STM32WBxx_HAL_Driver/Inc/stm32wbxx_ll_pwr.h **** {
 817:Drivers/STM32WBxx_HAL_Driver/Inc/stm32wbxx_ll_pwr.h ****   return ((READ_BIT(PWR->CR3, PWR_CR3_APC) == (PWR_CR3_APC)) ? 1UL : 0UL);
 818:Drivers/STM32WBxx_HAL_Driver/Inc/stm32wbxx_ll_pwr.h **** }
 819:Drivers/STM32WBxx_HAL_Driver/Inc/stm32wbxx_ll_pwr.h **** 
 820:Drivers/STM32WBxx_HAL_Driver/Inc/stm32wbxx_ll_pwr.h **** /**
 821:Drivers/STM32WBxx_HAL_Driver/Inc/stm32wbxx_ll_pwr.h ****   * @brief  Enable SRAM2a content retention in Standby mode
 822:Drivers/STM32WBxx_HAL_Driver/Inc/stm32wbxx_ll_pwr.h ****   * @note   On devices STM32WB15xx, STM32WB10xx, STM32WB1Mxx, retention is extended
 823:Drivers/STM32WBxx_HAL_Driver/Inc/stm32wbxx_ll_pwr.h ****   *         to SRAM1, SRAM2a and SRAM2b.
 824:Drivers/STM32WBxx_HAL_Driver/Inc/stm32wbxx_ll_pwr.h ****   * @rmtoll CR3          RRS           LL_PWR_EnableSRAM2Retention
 825:Drivers/STM32WBxx_HAL_Driver/Inc/stm32wbxx_ll_pwr.h ****   * @retval None
 826:Drivers/STM32WBxx_HAL_Driver/Inc/stm32wbxx_ll_pwr.h ****   */
 827:Drivers/STM32WBxx_HAL_Driver/Inc/stm32wbxx_ll_pwr.h **** __STATIC_INLINE void LL_PWR_EnableSRAM2Retention(void)
 828:Drivers/STM32WBxx_HAL_Driver/Inc/stm32wbxx_ll_pwr.h **** {
 829:Drivers/STM32WBxx_HAL_Driver/Inc/stm32wbxx_ll_pwr.h ****   SET_BIT(PWR->CR3, PWR_CR3_RRS);
 830:Drivers/STM32WBxx_HAL_Driver/Inc/stm32wbxx_ll_pwr.h **** }
 831:Drivers/STM32WBxx_HAL_Driver/Inc/stm32wbxx_ll_pwr.h **** 
 832:Drivers/STM32WBxx_HAL_Driver/Inc/stm32wbxx_ll_pwr.h **** /**
 833:Drivers/STM32WBxx_HAL_Driver/Inc/stm32wbxx_ll_pwr.h ****   * @brief  Disable SRAM2a content retention in Standby mode
 834:Drivers/STM32WBxx_HAL_Driver/Inc/stm32wbxx_ll_pwr.h ****   * @note   On devices STM32WB15xx, STM32WB10xx, STM32WB1Mxx, retention is extended
 835:Drivers/STM32WBxx_HAL_Driver/Inc/stm32wbxx_ll_pwr.h ****   *         to SRAM1, SRAM2a and SRAM2b.
 836:Drivers/STM32WBxx_HAL_Driver/Inc/stm32wbxx_ll_pwr.h ****   * @rmtoll CR3          RRS           LL_PWR_DisableSRAM2Retention
 837:Drivers/STM32WBxx_HAL_Driver/Inc/stm32wbxx_ll_pwr.h ****   * @retval None
 838:Drivers/STM32WBxx_HAL_Driver/Inc/stm32wbxx_ll_pwr.h ****   */
 839:Drivers/STM32WBxx_HAL_Driver/Inc/stm32wbxx_ll_pwr.h **** __STATIC_INLINE void LL_PWR_DisableSRAM2Retention(void)
 840:Drivers/STM32WBxx_HAL_Driver/Inc/stm32wbxx_ll_pwr.h **** {
 841:Drivers/STM32WBxx_HAL_Driver/Inc/stm32wbxx_ll_pwr.h ****   CLEAR_BIT(PWR->CR3, PWR_CR3_RRS);
 842:Drivers/STM32WBxx_HAL_Driver/Inc/stm32wbxx_ll_pwr.h **** }
 843:Drivers/STM32WBxx_HAL_Driver/Inc/stm32wbxx_ll_pwr.h **** 
 844:Drivers/STM32WBxx_HAL_Driver/Inc/stm32wbxx_ll_pwr.h **** /**
 845:Drivers/STM32WBxx_HAL_Driver/Inc/stm32wbxx_ll_pwr.h ****   * @brief  Check if SRAM2 content retention in Standby mode  is enabled
 846:Drivers/STM32WBxx_HAL_Driver/Inc/stm32wbxx_ll_pwr.h ****   * @note   On devices STM32WB15xx, STM32WB10xx, STM32WB1Mxx, retention is extended
 847:Drivers/STM32WBxx_HAL_Driver/Inc/stm32wbxx_ll_pwr.h ****   *         to SRAM1, SRAM2a and SRAM2b.
 848:Drivers/STM32WBxx_HAL_Driver/Inc/stm32wbxx_ll_pwr.h ****   * @rmtoll CR3          RRS           LL_PWR_IsEnabledSRAM2Retention
 849:Drivers/STM32WBxx_HAL_Driver/Inc/stm32wbxx_ll_pwr.h ****   * @retval State of bit (1 or 0).
 850:Drivers/STM32WBxx_HAL_Driver/Inc/stm32wbxx_ll_pwr.h ****   */
 851:Drivers/STM32WBxx_HAL_Driver/Inc/stm32wbxx_ll_pwr.h **** __STATIC_INLINE uint32_t LL_PWR_IsEnabledSRAM2Retention(void)
 852:Drivers/STM32WBxx_HAL_Driver/Inc/stm32wbxx_ll_pwr.h **** {
 853:Drivers/STM32WBxx_HAL_Driver/Inc/stm32wbxx_ll_pwr.h ****   return ((READ_BIT(PWR->CR3, PWR_CR3_RRS) == (PWR_CR3_RRS)) ? 1UL : 0UL);
 854:Drivers/STM32WBxx_HAL_Driver/Inc/stm32wbxx_ll_pwr.h **** }
 855:Drivers/STM32WBxx_HAL_Driver/Inc/stm32wbxx_ll_pwr.h **** 
 856:Drivers/STM32WBxx_HAL_Driver/Inc/stm32wbxx_ll_pwr.h **** /**
 857:Drivers/STM32WBxx_HAL_Driver/Inc/stm32wbxx_ll_pwr.h ****   * @brief  Enable the WakeUp PINx functionality
 858:Drivers/STM32WBxx_HAL_Driver/Inc/stm32wbxx_ll_pwr.h ****   * @rmtoll CR3          EWUP1         LL_PWR_EnableWakeUpPin\n
 859:Drivers/STM32WBxx_HAL_Driver/Inc/stm32wbxx_ll_pwr.h ****   *         CR3          EWUP2         LL_PWR_EnableWakeUpPin\n
 860:Drivers/STM32WBxx_HAL_Driver/Inc/stm32wbxx_ll_pwr.h ****   *         CR3          EWUP3         LL_PWR_EnableWakeUpPin\n
 861:Drivers/STM32WBxx_HAL_Driver/Inc/stm32wbxx_ll_pwr.h ****   *         CR3          EWUP4         LL_PWR_EnableWakeUpPin\n
 862:Drivers/STM32WBxx_HAL_Driver/Inc/stm32wbxx_ll_pwr.h ****   *         CR3          EWUP5         LL_PWR_EnableWakeUpPin\n
 863:Drivers/STM32WBxx_HAL_Driver/Inc/stm32wbxx_ll_pwr.h ****   * @param  WakeUpPin This parameter can be one of the following values:
 864:Drivers/STM32WBxx_HAL_Driver/Inc/stm32wbxx_ll_pwr.h ****   *         @arg @ref LL_PWR_WAKEUP_PIN1
 865:Drivers/STM32WBxx_HAL_Driver/Inc/stm32wbxx_ll_pwr.h ****   *         @arg @ref LL_PWR_WAKEUP_PIN2 (*)
 866:Drivers/STM32WBxx_HAL_Driver/Inc/stm32wbxx_ll_pwr.h ****   *         @arg @ref LL_PWR_WAKEUP_PIN3 (*)
 867:Drivers/STM32WBxx_HAL_Driver/Inc/stm32wbxx_ll_pwr.h ****   *         @arg @ref LL_PWR_WAKEUP_PIN4
 868:Drivers/STM32WBxx_HAL_Driver/Inc/stm32wbxx_ll_pwr.h ****   *         @arg @ref LL_PWR_WAKEUP_PIN5 (*)
 869:Drivers/STM32WBxx_HAL_Driver/Inc/stm32wbxx_ll_pwr.h ****   *
ARM GAS  C:\Users\843E~1\AppData\Local\Temp\ccJpJOBl.s 			page 91


 870:Drivers/STM32WBxx_HAL_Driver/Inc/stm32wbxx_ll_pwr.h ****   *         (*) Not available on devices STM32WB50xx, STM32WB35xx, STM32WB30xx, STM32WB15xx, STM32W
 871:Drivers/STM32WBxx_HAL_Driver/Inc/stm32wbxx_ll_pwr.h ****   * @retval None
 872:Drivers/STM32WBxx_HAL_Driver/Inc/stm32wbxx_ll_pwr.h ****   */
 873:Drivers/STM32WBxx_HAL_Driver/Inc/stm32wbxx_ll_pwr.h **** __STATIC_INLINE void LL_PWR_EnableWakeUpPin(uint32_t WakeUpPin)
 874:Drivers/STM32WBxx_HAL_Driver/Inc/stm32wbxx_ll_pwr.h **** {
 875:Drivers/STM32WBxx_HAL_Driver/Inc/stm32wbxx_ll_pwr.h ****   SET_BIT(PWR->CR3, WakeUpPin);
 876:Drivers/STM32WBxx_HAL_Driver/Inc/stm32wbxx_ll_pwr.h **** }
 877:Drivers/STM32WBxx_HAL_Driver/Inc/stm32wbxx_ll_pwr.h **** 
 878:Drivers/STM32WBxx_HAL_Driver/Inc/stm32wbxx_ll_pwr.h **** /**
 879:Drivers/STM32WBxx_HAL_Driver/Inc/stm32wbxx_ll_pwr.h ****   * @brief  Disable the WakeUp PINx functionality
 880:Drivers/STM32WBxx_HAL_Driver/Inc/stm32wbxx_ll_pwr.h ****   * @rmtoll CR3          EWUP1         LL_PWR_DisableWakeUpPin\n
 881:Drivers/STM32WBxx_HAL_Driver/Inc/stm32wbxx_ll_pwr.h ****   *         CR3          EWUP2         LL_PWR_DisableWakeUpPin\n
 882:Drivers/STM32WBxx_HAL_Driver/Inc/stm32wbxx_ll_pwr.h ****   *         CR3          EWUP3         LL_PWR_DisableWakeUpPin\n
 883:Drivers/STM32WBxx_HAL_Driver/Inc/stm32wbxx_ll_pwr.h ****   *         CR3          EWUP4         LL_PWR_DisableWakeUpPin\n
 884:Drivers/STM32WBxx_HAL_Driver/Inc/stm32wbxx_ll_pwr.h ****   *         CR3          EWUP5         LL_PWR_DisableWakeUpPin\n
 885:Drivers/STM32WBxx_HAL_Driver/Inc/stm32wbxx_ll_pwr.h ****   * @param  WakeUpPin This parameter can be one of the following values:
 886:Drivers/STM32WBxx_HAL_Driver/Inc/stm32wbxx_ll_pwr.h ****   *         @arg @ref LL_PWR_WAKEUP_PIN1
 887:Drivers/STM32WBxx_HAL_Driver/Inc/stm32wbxx_ll_pwr.h ****   *         @arg @ref LL_PWR_WAKEUP_PIN2 (*)
 888:Drivers/STM32WBxx_HAL_Driver/Inc/stm32wbxx_ll_pwr.h ****   *         @arg @ref LL_PWR_WAKEUP_PIN3 (*)
 889:Drivers/STM32WBxx_HAL_Driver/Inc/stm32wbxx_ll_pwr.h ****   *         @arg @ref LL_PWR_WAKEUP_PIN4
 890:Drivers/STM32WBxx_HAL_Driver/Inc/stm32wbxx_ll_pwr.h ****   *         @arg @ref LL_PWR_WAKEUP_PIN5 (*)
 891:Drivers/STM32WBxx_HAL_Driver/Inc/stm32wbxx_ll_pwr.h ****   *
 892:Drivers/STM32WBxx_HAL_Driver/Inc/stm32wbxx_ll_pwr.h ****   *         (*) Not available on devices STM32WB50xx, STM32WB35xx, STM32WB30xx, STM32WB15xx, STM32W
 893:Drivers/STM32WBxx_HAL_Driver/Inc/stm32wbxx_ll_pwr.h ****   * @retval None
 894:Drivers/STM32WBxx_HAL_Driver/Inc/stm32wbxx_ll_pwr.h ****   */
 895:Drivers/STM32WBxx_HAL_Driver/Inc/stm32wbxx_ll_pwr.h **** __STATIC_INLINE void LL_PWR_DisableWakeUpPin(uint32_t WakeUpPin)
 896:Drivers/STM32WBxx_HAL_Driver/Inc/stm32wbxx_ll_pwr.h **** {
 897:Drivers/STM32WBxx_HAL_Driver/Inc/stm32wbxx_ll_pwr.h ****   CLEAR_BIT(PWR->CR3, WakeUpPin);
 898:Drivers/STM32WBxx_HAL_Driver/Inc/stm32wbxx_ll_pwr.h **** }
 899:Drivers/STM32WBxx_HAL_Driver/Inc/stm32wbxx_ll_pwr.h **** 
 900:Drivers/STM32WBxx_HAL_Driver/Inc/stm32wbxx_ll_pwr.h **** /**
 901:Drivers/STM32WBxx_HAL_Driver/Inc/stm32wbxx_ll_pwr.h ****   * @brief  Check if the WakeUp PINx functionality is enabled
 902:Drivers/STM32WBxx_HAL_Driver/Inc/stm32wbxx_ll_pwr.h ****   * @rmtoll CR3          EWUP1         LL_PWR_IsEnabledWakeUpPin\n
 903:Drivers/STM32WBxx_HAL_Driver/Inc/stm32wbxx_ll_pwr.h ****   *         CR3          EWUP2         LL_PWR_IsEnabledWakeUpPin\n
 904:Drivers/STM32WBxx_HAL_Driver/Inc/stm32wbxx_ll_pwr.h ****   *         CR3          EWUP3         LL_PWR_IsEnabledWakeUpPin\n
 905:Drivers/STM32WBxx_HAL_Driver/Inc/stm32wbxx_ll_pwr.h ****   *         CR3          EWUP4         LL_PWR_IsEnabledWakeUpPin\n
 906:Drivers/STM32WBxx_HAL_Driver/Inc/stm32wbxx_ll_pwr.h ****   *         CR3          EWUP5         LL_PWR_IsEnabledWakeUpPin\n
 907:Drivers/STM32WBxx_HAL_Driver/Inc/stm32wbxx_ll_pwr.h ****   * @param  WakeUpPin This parameter can be one of the following values:
 908:Drivers/STM32WBxx_HAL_Driver/Inc/stm32wbxx_ll_pwr.h ****   *         @arg @ref LL_PWR_WAKEUP_PIN1
 909:Drivers/STM32WBxx_HAL_Driver/Inc/stm32wbxx_ll_pwr.h ****   *         @arg @ref LL_PWR_WAKEUP_PIN2 (*)
 910:Drivers/STM32WBxx_HAL_Driver/Inc/stm32wbxx_ll_pwr.h ****   *         @arg @ref LL_PWR_WAKEUP_PIN3 (*)
 911:Drivers/STM32WBxx_HAL_Driver/Inc/stm32wbxx_ll_pwr.h ****   *         @arg @ref LL_PWR_WAKEUP_PIN4
 912:Drivers/STM32WBxx_HAL_Driver/Inc/stm32wbxx_ll_pwr.h ****   *         @arg @ref LL_PWR_WAKEUP_PIN5 (*)
 913:Drivers/STM32WBxx_HAL_Driver/Inc/stm32wbxx_ll_pwr.h ****   *
 914:Drivers/STM32WBxx_HAL_Driver/Inc/stm32wbxx_ll_pwr.h ****   *         (*) Not available on devices STM32WB50xx, STM32WB35xx, STM32WB30xx, STM32WB15xx, STM32W
 915:Drivers/STM32WBxx_HAL_Driver/Inc/stm32wbxx_ll_pwr.h ****   * @retval State of bit (1 or 0).
 916:Drivers/STM32WBxx_HAL_Driver/Inc/stm32wbxx_ll_pwr.h ****   */
 917:Drivers/STM32WBxx_HAL_Driver/Inc/stm32wbxx_ll_pwr.h **** __STATIC_INLINE uint32_t LL_PWR_IsEnabledWakeUpPin(uint32_t WakeUpPin)
 918:Drivers/STM32WBxx_HAL_Driver/Inc/stm32wbxx_ll_pwr.h **** {
 919:Drivers/STM32WBxx_HAL_Driver/Inc/stm32wbxx_ll_pwr.h ****   return ((READ_BIT(PWR->CR3, WakeUpPin) == (WakeUpPin)) ? 1UL : 0UL);
 920:Drivers/STM32WBxx_HAL_Driver/Inc/stm32wbxx_ll_pwr.h **** }
 921:Drivers/STM32WBxx_HAL_Driver/Inc/stm32wbxx_ll_pwr.h **** 
 922:Drivers/STM32WBxx_HAL_Driver/Inc/stm32wbxx_ll_pwr.h **** /**
 923:Drivers/STM32WBxx_HAL_Driver/Inc/stm32wbxx_ll_pwr.h ****   * @brief  Set the resistor impedance
 924:Drivers/STM32WBxx_HAL_Driver/Inc/stm32wbxx_ll_pwr.h ****   * @rmtoll CR4          VBRS          LL_PWR_SetBattChargResistor
 925:Drivers/STM32WBxx_HAL_Driver/Inc/stm32wbxx_ll_pwr.h ****   * @param  Resistor This parameter can be one of the following values:
 926:Drivers/STM32WBxx_HAL_Driver/Inc/stm32wbxx_ll_pwr.h ****   *         @arg @ref LL_PWR_BATT_CHARG_RESISTOR_5K
ARM GAS  C:\Users\843E~1\AppData\Local\Temp\ccJpJOBl.s 			page 92


 927:Drivers/STM32WBxx_HAL_Driver/Inc/stm32wbxx_ll_pwr.h ****   *         @arg @ref LL_PWR_BATT_CHARGRESISTOR_1_5K
 928:Drivers/STM32WBxx_HAL_Driver/Inc/stm32wbxx_ll_pwr.h ****   * @retval None
 929:Drivers/STM32WBxx_HAL_Driver/Inc/stm32wbxx_ll_pwr.h ****   */
 930:Drivers/STM32WBxx_HAL_Driver/Inc/stm32wbxx_ll_pwr.h **** __STATIC_INLINE void LL_PWR_SetBattChargResistor(uint32_t Resistor)
 931:Drivers/STM32WBxx_HAL_Driver/Inc/stm32wbxx_ll_pwr.h **** {
 932:Drivers/STM32WBxx_HAL_Driver/Inc/stm32wbxx_ll_pwr.h ****   MODIFY_REG(PWR->CR4, PWR_CR4_VBRS, Resistor);
 933:Drivers/STM32WBxx_HAL_Driver/Inc/stm32wbxx_ll_pwr.h **** }
 934:Drivers/STM32WBxx_HAL_Driver/Inc/stm32wbxx_ll_pwr.h **** 
 935:Drivers/STM32WBxx_HAL_Driver/Inc/stm32wbxx_ll_pwr.h **** /**
 936:Drivers/STM32WBxx_HAL_Driver/Inc/stm32wbxx_ll_pwr.h ****   * @brief  Get the resistor impedance
 937:Drivers/STM32WBxx_HAL_Driver/Inc/stm32wbxx_ll_pwr.h ****   * @rmtoll CR4          VBRS          LL_PWR_GetBattChargResistor
 938:Drivers/STM32WBxx_HAL_Driver/Inc/stm32wbxx_ll_pwr.h ****   * @retval Returned value can be one of the following values:
 939:Drivers/STM32WBxx_HAL_Driver/Inc/stm32wbxx_ll_pwr.h ****   *         @arg @ref LL_PWR_BATT_CHARG_RESISTOR_5K
 940:Drivers/STM32WBxx_HAL_Driver/Inc/stm32wbxx_ll_pwr.h ****   *         @arg @ref LL_PWR_BATT_CHARGRESISTOR_1_5K
 941:Drivers/STM32WBxx_HAL_Driver/Inc/stm32wbxx_ll_pwr.h ****   */
 942:Drivers/STM32WBxx_HAL_Driver/Inc/stm32wbxx_ll_pwr.h **** __STATIC_INLINE uint32_t LL_PWR_GetBattChargResistor(void)
 943:Drivers/STM32WBxx_HAL_Driver/Inc/stm32wbxx_ll_pwr.h **** {
 944:Drivers/STM32WBxx_HAL_Driver/Inc/stm32wbxx_ll_pwr.h ****   return (uint32_t)(READ_BIT(PWR->CR4, PWR_CR4_VBRS));
 945:Drivers/STM32WBxx_HAL_Driver/Inc/stm32wbxx_ll_pwr.h **** }
 946:Drivers/STM32WBxx_HAL_Driver/Inc/stm32wbxx_ll_pwr.h **** 
 947:Drivers/STM32WBxx_HAL_Driver/Inc/stm32wbxx_ll_pwr.h **** /**
 948:Drivers/STM32WBxx_HAL_Driver/Inc/stm32wbxx_ll_pwr.h ****   * @brief  Enable battery charging
 949:Drivers/STM32WBxx_HAL_Driver/Inc/stm32wbxx_ll_pwr.h ****   * @rmtoll CR4          VBE           LL_PWR_EnableBatteryCharging
 950:Drivers/STM32WBxx_HAL_Driver/Inc/stm32wbxx_ll_pwr.h ****   * @retval None
 951:Drivers/STM32WBxx_HAL_Driver/Inc/stm32wbxx_ll_pwr.h ****   */
 952:Drivers/STM32WBxx_HAL_Driver/Inc/stm32wbxx_ll_pwr.h **** __STATIC_INLINE void LL_PWR_EnableBatteryCharging(void)
 953:Drivers/STM32WBxx_HAL_Driver/Inc/stm32wbxx_ll_pwr.h **** {
 954:Drivers/STM32WBxx_HAL_Driver/Inc/stm32wbxx_ll_pwr.h ****   SET_BIT(PWR->CR4, PWR_CR4_VBE);
 955:Drivers/STM32WBxx_HAL_Driver/Inc/stm32wbxx_ll_pwr.h **** }
 956:Drivers/STM32WBxx_HAL_Driver/Inc/stm32wbxx_ll_pwr.h **** 
 957:Drivers/STM32WBxx_HAL_Driver/Inc/stm32wbxx_ll_pwr.h **** /**
 958:Drivers/STM32WBxx_HAL_Driver/Inc/stm32wbxx_ll_pwr.h ****   * @brief  Disable battery charging
 959:Drivers/STM32WBxx_HAL_Driver/Inc/stm32wbxx_ll_pwr.h ****   * @rmtoll CR4          VBE           LL_PWR_DisableBatteryCharging
 960:Drivers/STM32WBxx_HAL_Driver/Inc/stm32wbxx_ll_pwr.h ****   * @retval None
 961:Drivers/STM32WBxx_HAL_Driver/Inc/stm32wbxx_ll_pwr.h ****   */
 962:Drivers/STM32WBxx_HAL_Driver/Inc/stm32wbxx_ll_pwr.h **** __STATIC_INLINE void LL_PWR_DisableBatteryCharging(void)
 963:Drivers/STM32WBxx_HAL_Driver/Inc/stm32wbxx_ll_pwr.h **** {
 964:Drivers/STM32WBxx_HAL_Driver/Inc/stm32wbxx_ll_pwr.h ****   CLEAR_BIT(PWR->CR4, PWR_CR4_VBE);
 965:Drivers/STM32WBxx_HAL_Driver/Inc/stm32wbxx_ll_pwr.h **** }
 966:Drivers/STM32WBxx_HAL_Driver/Inc/stm32wbxx_ll_pwr.h **** 
 967:Drivers/STM32WBxx_HAL_Driver/Inc/stm32wbxx_ll_pwr.h **** /**
 968:Drivers/STM32WBxx_HAL_Driver/Inc/stm32wbxx_ll_pwr.h ****   * @brief  Check if battery charging is enabled
 969:Drivers/STM32WBxx_HAL_Driver/Inc/stm32wbxx_ll_pwr.h ****   * @rmtoll CR4          VBE           LL_PWR_IsEnabledBatteryCharging
 970:Drivers/STM32WBxx_HAL_Driver/Inc/stm32wbxx_ll_pwr.h ****   * @retval State of bit (1 or 0).
 971:Drivers/STM32WBxx_HAL_Driver/Inc/stm32wbxx_ll_pwr.h ****   */
 972:Drivers/STM32WBxx_HAL_Driver/Inc/stm32wbxx_ll_pwr.h **** __STATIC_INLINE uint32_t LL_PWR_IsEnabledBatteryCharging(void)
 973:Drivers/STM32WBxx_HAL_Driver/Inc/stm32wbxx_ll_pwr.h **** {
 974:Drivers/STM32WBxx_HAL_Driver/Inc/stm32wbxx_ll_pwr.h ****   return ((READ_BIT(PWR->CR4, PWR_CR4_VBE) == (PWR_CR4_VBE)) ? 1UL : 0UL);
 975:Drivers/STM32WBxx_HAL_Driver/Inc/stm32wbxx_ll_pwr.h **** }
 976:Drivers/STM32WBxx_HAL_Driver/Inc/stm32wbxx_ll_pwr.h **** 
 977:Drivers/STM32WBxx_HAL_Driver/Inc/stm32wbxx_ll_pwr.h **** /**
 978:Drivers/STM32WBxx_HAL_Driver/Inc/stm32wbxx_ll_pwr.h ****   * @brief  Set the Wake-Up pin polarity low for the event detection
 979:Drivers/STM32WBxx_HAL_Driver/Inc/stm32wbxx_ll_pwr.h ****   * @rmtoll CR4          WP1           LL_PWR_SetWakeUpPinPolarityLow\n
 980:Drivers/STM32WBxx_HAL_Driver/Inc/stm32wbxx_ll_pwr.h ****   *         CR4          WP2           LL_PWR_SetWakeUpPinPolarityLow\n
 981:Drivers/STM32WBxx_HAL_Driver/Inc/stm32wbxx_ll_pwr.h ****   *         CR4          WP3           LL_PWR_SetWakeUpPinPolarityLow\n
 982:Drivers/STM32WBxx_HAL_Driver/Inc/stm32wbxx_ll_pwr.h ****   *         CR4          WP4           LL_PWR_SetWakeUpPinPolarityLow\n
 983:Drivers/STM32WBxx_HAL_Driver/Inc/stm32wbxx_ll_pwr.h ****   *         CR4          WP5           LL_PWR_SetWakeUpPinPolarityLow
ARM GAS  C:\Users\843E~1\AppData\Local\Temp\ccJpJOBl.s 			page 93


 984:Drivers/STM32WBxx_HAL_Driver/Inc/stm32wbxx_ll_pwr.h ****   * @param  WakeUpPin This parameter can be one of the following values:
 985:Drivers/STM32WBxx_HAL_Driver/Inc/stm32wbxx_ll_pwr.h ****   *         @arg @ref LL_PWR_WAKEUP_PIN1
 986:Drivers/STM32WBxx_HAL_Driver/Inc/stm32wbxx_ll_pwr.h ****   *         @arg @ref LL_PWR_WAKEUP_PIN2 (*)
 987:Drivers/STM32WBxx_HAL_Driver/Inc/stm32wbxx_ll_pwr.h ****   *         @arg @ref LL_PWR_WAKEUP_PIN3 (*)
 988:Drivers/STM32WBxx_HAL_Driver/Inc/stm32wbxx_ll_pwr.h ****   *         @arg @ref LL_PWR_WAKEUP_PIN4
 989:Drivers/STM32WBxx_HAL_Driver/Inc/stm32wbxx_ll_pwr.h ****   *         @arg @ref LL_PWR_WAKEUP_PIN5 (*)
 990:Drivers/STM32WBxx_HAL_Driver/Inc/stm32wbxx_ll_pwr.h ****   *
 991:Drivers/STM32WBxx_HAL_Driver/Inc/stm32wbxx_ll_pwr.h ****   *         (*) Not available on devices STM32WB50xx, STM32WB35xx, STM32WB30xx, STM32WB15xx, STM32W
 992:Drivers/STM32WBxx_HAL_Driver/Inc/stm32wbxx_ll_pwr.h ****   * @retval None
 993:Drivers/STM32WBxx_HAL_Driver/Inc/stm32wbxx_ll_pwr.h ****   */
 994:Drivers/STM32WBxx_HAL_Driver/Inc/stm32wbxx_ll_pwr.h **** __STATIC_INLINE void LL_PWR_SetWakeUpPinPolarityLow(uint32_t WakeUpPin)
 995:Drivers/STM32WBxx_HAL_Driver/Inc/stm32wbxx_ll_pwr.h **** {
 996:Drivers/STM32WBxx_HAL_Driver/Inc/stm32wbxx_ll_pwr.h ****   SET_BIT(PWR->CR4, WakeUpPin);
 997:Drivers/STM32WBxx_HAL_Driver/Inc/stm32wbxx_ll_pwr.h **** }
 998:Drivers/STM32WBxx_HAL_Driver/Inc/stm32wbxx_ll_pwr.h **** 
 999:Drivers/STM32WBxx_HAL_Driver/Inc/stm32wbxx_ll_pwr.h **** /**
1000:Drivers/STM32WBxx_HAL_Driver/Inc/stm32wbxx_ll_pwr.h ****   * @brief  Set the Wake-Up pin polarity high for the event detection
1001:Drivers/STM32WBxx_HAL_Driver/Inc/stm32wbxx_ll_pwr.h ****   * @rmtoll CR4          WP1           LL_PWR_SetWakeUpPinPolarityHigh\n
1002:Drivers/STM32WBxx_HAL_Driver/Inc/stm32wbxx_ll_pwr.h ****   *         CR4          WP2           LL_PWR_SetWakeUpPinPolarityHigh\n
1003:Drivers/STM32WBxx_HAL_Driver/Inc/stm32wbxx_ll_pwr.h ****   *         CR4          WP3           LL_PWR_SetWakeUpPinPolarityHigh\n
1004:Drivers/STM32WBxx_HAL_Driver/Inc/stm32wbxx_ll_pwr.h ****   *         CR4          WP4           LL_PWR_SetWakeUpPinPolarityHigh\n
1005:Drivers/STM32WBxx_HAL_Driver/Inc/stm32wbxx_ll_pwr.h ****   *         CR4          WP5           LL_PWR_SetWakeUpPinPolarityHigh
1006:Drivers/STM32WBxx_HAL_Driver/Inc/stm32wbxx_ll_pwr.h ****   * @param  WakeUpPin This parameter can be one of the following values:
1007:Drivers/STM32WBxx_HAL_Driver/Inc/stm32wbxx_ll_pwr.h ****   *         @arg @ref LL_PWR_WAKEUP_PIN1
1008:Drivers/STM32WBxx_HAL_Driver/Inc/stm32wbxx_ll_pwr.h ****   *         @arg @ref LL_PWR_WAKEUP_PIN2 (*)
1009:Drivers/STM32WBxx_HAL_Driver/Inc/stm32wbxx_ll_pwr.h ****   *         @arg @ref LL_PWR_WAKEUP_PIN3 (*)
1010:Drivers/STM32WBxx_HAL_Driver/Inc/stm32wbxx_ll_pwr.h ****   *         @arg @ref LL_PWR_WAKEUP_PIN4
1011:Drivers/STM32WBxx_HAL_Driver/Inc/stm32wbxx_ll_pwr.h ****   *         @arg @ref LL_PWR_WAKEUP_PIN5 (*)
1012:Drivers/STM32WBxx_HAL_Driver/Inc/stm32wbxx_ll_pwr.h ****   *
1013:Drivers/STM32WBxx_HAL_Driver/Inc/stm32wbxx_ll_pwr.h ****   *         (*) Not available on devices STM32WB50xx, STM32WB35xx, STM32WB30xx, STM32WB15xx, STM32W
1014:Drivers/STM32WBxx_HAL_Driver/Inc/stm32wbxx_ll_pwr.h ****   * @retval None
1015:Drivers/STM32WBxx_HAL_Driver/Inc/stm32wbxx_ll_pwr.h ****   */
1016:Drivers/STM32WBxx_HAL_Driver/Inc/stm32wbxx_ll_pwr.h **** __STATIC_INLINE void LL_PWR_SetWakeUpPinPolarityHigh(uint32_t WakeUpPin)
1017:Drivers/STM32WBxx_HAL_Driver/Inc/stm32wbxx_ll_pwr.h **** {
1018:Drivers/STM32WBxx_HAL_Driver/Inc/stm32wbxx_ll_pwr.h ****   CLEAR_BIT(PWR->CR4, WakeUpPin);
1019:Drivers/STM32WBxx_HAL_Driver/Inc/stm32wbxx_ll_pwr.h **** }
1020:Drivers/STM32WBxx_HAL_Driver/Inc/stm32wbxx_ll_pwr.h **** 
1021:Drivers/STM32WBxx_HAL_Driver/Inc/stm32wbxx_ll_pwr.h **** /**
1022:Drivers/STM32WBxx_HAL_Driver/Inc/stm32wbxx_ll_pwr.h ****   * @brief  Get the Wake-Up pin polarity for the event detection
1023:Drivers/STM32WBxx_HAL_Driver/Inc/stm32wbxx_ll_pwr.h ****   * @rmtoll CR4          WP1           LL_PWR_IsWakeUpPinPolarityLow\n
1024:Drivers/STM32WBxx_HAL_Driver/Inc/stm32wbxx_ll_pwr.h ****   *         CR4          WP2           LL_PWR_IsWakeUpPinPolarityLow\n
1025:Drivers/STM32WBxx_HAL_Driver/Inc/stm32wbxx_ll_pwr.h ****   *         CR4          WP3           LL_PWR_IsWakeUpPinPolarityLow\n
1026:Drivers/STM32WBxx_HAL_Driver/Inc/stm32wbxx_ll_pwr.h ****   *         CR4          WP4           LL_PWR_IsWakeUpPinPolarityLow\n
1027:Drivers/STM32WBxx_HAL_Driver/Inc/stm32wbxx_ll_pwr.h ****   *         CR4          WP5           LL_PWR_IsWakeUpPinPolarityLow
1028:Drivers/STM32WBxx_HAL_Driver/Inc/stm32wbxx_ll_pwr.h ****   * @param  WakeUpPin This parameter can be one of the following values:
1029:Drivers/STM32WBxx_HAL_Driver/Inc/stm32wbxx_ll_pwr.h ****   *         @arg @ref LL_PWR_WAKEUP_PIN1
1030:Drivers/STM32WBxx_HAL_Driver/Inc/stm32wbxx_ll_pwr.h ****   *         @arg @ref LL_PWR_WAKEUP_PIN2 (*)
1031:Drivers/STM32WBxx_HAL_Driver/Inc/stm32wbxx_ll_pwr.h ****   *         @arg @ref LL_PWR_WAKEUP_PIN3 (*)
1032:Drivers/STM32WBxx_HAL_Driver/Inc/stm32wbxx_ll_pwr.h ****   *         @arg @ref LL_PWR_WAKEUP_PIN4
1033:Drivers/STM32WBxx_HAL_Driver/Inc/stm32wbxx_ll_pwr.h ****   *         @arg @ref LL_PWR_WAKEUP_PIN5 (*)
1034:Drivers/STM32WBxx_HAL_Driver/Inc/stm32wbxx_ll_pwr.h ****   *
1035:Drivers/STM32WBxx_HAL_Driver/Inc/stm32wbxx_ll_pwr.h ****   *         (*) Not available on devices STM32WB50xx, STM32WB35xx, STM32WB30xx, STM32WB15xx, STM32W
1036:Drivers/STM32WBxx_HAL_Driver/Inc/stm32wbxx_ll_pwr.h ****   * @retval State of bit (1 or 0).
1037:Drivers/STM32WBxx_HAL_Driver/Inc/stm32wbxx_ll_pwr.h ****   */
1038:Drivers/STM32WBxx_HAL_Driver/Inc/stm32wbxx_ll_pwr.h **** __STATIC_INLINE uint32_t LL_PWR_IsWakeUpPinPolarityLow(uint32_t WakeUpPin)
1039:Drivers/STM32WBxx_HAL_Driver/Inc/stm32wbxx_ll_pwr.h **** {
1040:Drivers/STM32WBxx_HAL_Driver/Inc/stm32wbxx_ll_pwr.h ****   return ((READ_BIT(PWR->CR4, WakeUpPin) == (WakeUpPin)) ? 1UL : 0UL);
ARM GAS  C:\Users\843E~1\AppData\Local\Temp\ccJpJOBl.s 			page 94


1041:Drivers/STM32WBxx_HAL_Driver/Inc/stm32wbxx_ll_pwr.h **** }
1042:Drivers/STM32WBxx_HAL_Driver/Inc/stm32wbxx_ll_pwr.h **** 
1043:Drivers/STM32WBxx_HAL_Driver/Inc/stm32wbxx_ll_pwr.h **** /**
1044:Drivers/STM32WBxx_HAL_Driver/Inc/stm32wbxx_ll_pwr.h ****   * @brief  Enable GPIO pull-up state in Standby and Shutdown modes
1045:Drivers/STM32WBxx_HAL_Driver/Inc/stm32wbxx_ll_pwr.h ****   * @note   Some pins are not configurable for pulling in Standby and Shutdown
1046:Drivers/STM32WBxx_HAL_Driver/Inc/stm32wbxx_ll_pwr.h ****   *         modes. Refer to reference manual for available pins and ports.
1047:Drivers/STM32WBxx_HAL_Driver/Inc/stm32wbxx_ll_pwr.h ****   * @rmtoll PUCRA        PU0-15        LL_PWR_EnableGPIOPullUp\n
1048:Drivers/STM32WBxx_HAL_Driver/Inc/stm32wbxx_ll_pwr.h ****   *         PUCRB        PU0-15        LL_PWR_EnableGPIOPullUp\n
1049:Drivers/STM32WBxx_HAL_Driver/Inc/stm32wbxx_ll_pwr.h ****   *         PUCRC        PU0-15        LL_PWR_EnableGPIOPullUp\n
1050:Drivers/STM32WBxx_HAL_Driver/Inc/stm32wbxx_ll_pwr.h ****   *         PUCRD        PU0-15        LL_PWR_EnableGPIOPullUp\n
1051:Drivers/STM32WBxx_HAL_Driver/Inc/stm32wbxx_ll_pwr.h ****   *         PUCRE        PU0-15        LL_PWR_EnableGPIOPullUp\n
1052:Drivers/STM32WBxx_HAL_Driver/Inc/stm32wbxx_ll_pwr.h ****   *         PUCRH        PU0-15        LL_PWR_EnableGPIOPullUp
1053:Drivers/STM32WBxx_HAL_Driver/Inc/stm32wbxx_ll_pwr.h ****   * @param  GPIO This parameter can be one of the following values:
1054:Drivers/STM32WBxx_HAL_Driver/Inc/stm32wbxx_ll_pwr.h ****   *         @arg @ref LL_PWR_GPIO_A
1055:Drivers/STM32WBxx_HAL_Driver/Inc/stm32wbxx_ll_pwr.h ****   *         @arg @ref LL_PWR_GPIO_B
1056:Drivers/STM32WBxx_HAL_Driver/Inc/stm32wbxx_ll_pwr.h ****   *         @arg @ref LL_PWR_GPIO_C
1057:Drivers/STM32WBxx_HAL_Driver/Inc/stm32wbxx_ll_pwr.h ****   *         @arg @ref LL_PWR_GPIO_D
1058:Drivers/STM32WBxx_HAL_Driver/Inc/stm32wbxx_ll_pwr.h ****   *         @arg @ref LL_PWR_GPIO_E
1059:Drivers/STM32WBxx_HAL_Driver/Inc/stm32wbxx_ll_pwr.h ****   *         @arg @ref LL_PWR_GPIO_H
1060:Drivers/STM32WBxx_HAL_Driver/Inc/stm32wbxx_ll_pwr.h ****   * @param  GPIONumber This parameter can be one of the following values:
1061:Drivers/STM32WBxx_HAL_Driver/Inc/stm32wbxx_ll_pwr.h ****   *         @arg @ref LL_PWR_GPIO_BIT_0
1062:Drivers/STM32WBxx_HAL_Driver/Inc/stm32wbxx_ll_pwr.h ****   *         @arg @ref LL_PWR_GPIO_BIT_1
1063:Drivers/STM32WBxx_HAL_Driver/Inc/stm32wbxx_ll_pwr.h ****   *         @arg @ref LL_PWR_GPIO_BIT_2
1064:Drivers/STM32WBxx_HAL_Driver/Inc/stm32wbxx_ll_pwr.h ****   *         @arg @ref LL_PWR_GPIO_BIT_3
1065:Drivers/STM32WBxx_HAL_Driver/Inc/stm32wbxx_ll_pwr.h ****   *         @arg @ref LL_PWR_GPIO_BIT_4
1066:Drivers/STM32WBxx_HAL_Driver/Inc/stm32wbxx_ll_pwr.h ****   *         @arg @ref LL_PWR_GPIO_BIT_5
1067:Drivers/STM32WBxx_HAL_Driver/Inc/stm32wbxx_ll_pwr.h ****   *         @arg @ref LL_PWR_GPIO_BIT_6
1068:Drivers/STM32WBxx_HAL_Driver/Inc/stm32wbxx_ll_pwr.h ****   *         @arg @ref LL_PWR_GPIO_BIT_7
1069:Drivers/STM32WBxx_HAL_Driver/Inc/stm32wbxx_ll_pwr.h ****   *         @arg @ref LL_PWR_GPIO_BIT_8
1070:Drivers/STM32WBxx_HAL_Driver/Inc/stm32wbxx_ll_pwr.h ****   *         @arg @ref LL_PWR_GPIO_BIT_9
1071:Drivers/STM32WBxx_HAL_Driver/Inc/stm32wbxx_ll_pwr.h ****   *         @arg @ref LL_PWR_GPIO_BIT_10
1072:Drivers/STM32WBxx_HAL_Driver/Inc/stm32wbxx_ll_pwr.h ****   *         @arg @ref LL_PWR_GPIO_BIT_11
1073:Drivers/STM32WBxx_HAL_Driver/Inc/stm32wbxx_ll_pwr.h ****   *         @arg @ref LL_PWR_GPIO_BIT_12
1074:Drivers/STM32WBxx_HAL_Driver/Inc/stm32wbxx_ll_pwr.h ****   *         @arg @ref LL_PWR_GPIO_BIT_13
1075:Drivers/STM32WBxx_HAL_Driver/Inc/stm32wbxx_ll_pwr.h ****   *         @arg @ref LL_PWR_GPIO_BIT_14
1076:Drivers/STM32WBxx_HAL_Driver/Inc/stm32wbxx_ll_pwr.h ****   *         @arg @ref LL_PWR_GPIO_BIT_15
1077:Drivers/STM32WBxx_HAL_Driver/Inc/stm32wbxx_ll_pwr.h ****   * @retval None
1078:Drivers/STM32WBxx_HAL_Driver/Inc/stm32wbxx_ll_pwr.h ****   */
1079:Drivers/STM32WBxx_HAL_Driver/Inc/stm32wbxx_ll_pwr.h **** __STATIC_INLINE void LL_PWR_EnableGPIOPullUp(uint32_t GPIO, uint32_t GPIONumber)
1080:Drivers/STM32WBxx_HAL_Driver/Inc/stm32wbxx_ll_pwr.h **** {
1081:Drivers/STM32WBxx_HAL_Driver/Inc/stm32wbxx_ll_pwr.h ****   SET_BIT(*((__IO uint32_t *)GPIO), GPIONumber);
1082:Drivers/STM32WBxx_HAL_Driver/Inc/stm32wbxx_ll_pwr.h **** }
1083:Drivers/STM32WBxx_HAL_Driver/Inc/stm32wbxx_ll_pwr.h **** 
1084:Drivers/STM32WBxx_HAL_Driver/Inc/stm32wbxx_ll_pwr.h **** /**
1085:Drivers/STM32WBxx_HAL_Driver/Inc/stm32wbxx_ll_pwr.h ****   * @brief  Disable GPIO pull-up state in Standby and Shutdown modes
1086:Drivers/STM32WBxx_HAL_Driver/Inc/stm32wbxx_ll_pwr.h ****   * @note   Some pins are not configurable for pulling in Standby and Shutdown
1087:Drivers/STM32WBxx_HAL_Driver/Inc/stm32wbxx_ll_pwr.h ****   *         modes. Refer to reference manual for available pins and ports.
1088:Drivers/STM32WBxx_HAL_Driver/Inc/stm32wbxx_ll_pwr.h ****   * @rmtoll PUCRA        PU0-15        LL_PWR_DisableGPIOPullUp\n
1089:Drivers/STM32WBxx_HAL_Driver/Inc/stm32wbxx_ll_pwr.h ****   *         PUCRB        PU0-15        LL_PWR_DisableGPIOPullUp\n
1090:Drivers/STM32WBxx_HAL_Driver/Inc/stm32wbxx_ll_pwr.h ****   *         PUCRC        PU0-15        LL_PWR_DisableGPIOPullUp\n
1091:Drivers/STM32WBxx_HAL_Driver/Inc/stm32wbxx_ll_pwr.h ****   *         PUCRD        PU0-15        LL_PWR_DisableGPIOPullUp\n
1092:Drivers/STM32WBxx_HAL_Driver/Inc/stm32wbxx_ll_pwr.h ****   *         PUCRE        PU0-15        LL_PWR_DisableGPIOPullUp\n
1093:Drivers/STM32WBxx_HAL_Driver/Inc/stm32wbxx_ll_pwr.h ****   *         PUCRH        PU0-15        LL_PWR_DisableGPIOPullUp
1094:Drivers/STM32WBxx_HAL_Driver/Inc/stm32wbxx_ll_pwr.h ****   * @param  GPIO This parameter can be one of the following values:
1095:Drivers/STM32WBxx_HAL_Driver/Inc/stm32wbxx_ll_pwr.h ****   *         @arg @ref LL_PWR_GPIO_A
1096:Drivers/STM32WBxx_HAL_Driver/Inc/stm32wbxx_ll_pwr.h ****   *         @arg @ref LL_PWR_GPIO_B
1097:Drivers/STM32WBxx_HAL_Driver/Inc/stm32wbxx_ll_pwr.h ****   *         @arg @ref LL_PWR_GPIO_C
ARM GAS  C:\Users\843E~1\AppData\Local\Temp\ccJpJOBl.s 			page 95


1098:Drivers/STM32WBxx_HAL_Driver/Inc/stm32wbxx_ll_pwr.h ****   *         @arg @ref LL_PWR_GPIO_D
1099:Drivers/STM32WBxx_HAL_Driver/Inc/stm32wbxx_ll_pwr.h ****   *         @arg @ref LL_PWR_GPIO_E
1100:Drivers/STM32WBxx_HAL_Driver/Inc/stm32wbxx_ll_pwr.h ****   *         @arg @ref LL_PWR_GPIO_H
1101:Drivers/STM32WBxx_HAL_Driver/Inc/stm32wbxx_ll_pwr.h ****   * @param  GPIONumber This parameter can be one of the following values:
1102:Drivers/STM32WBxx_HAL_Driver/Inc/stm32wbxx_ll_pwr.h ****   *         @arg @ref LL_PWR_GPIO_BIT_0
1103:Drivers/STM32WBxx_HAL_Driver/Inc/stm32wbxx_ll_pwr.h ****   *         @arg @ref LL_PWR_GPIO_BIT_1
1104:Drivers/STM32WBxx_HAL_Driver/Inc/stm32wbxx_ll_pwr.h ****   *         @arg @ref LL_PWR_GPIO_BIT_2
1105:Drivers/STM32WBxx_HAL_Driver/Inc/stm32wbxx_ll_pwr.h ****   *         @arg @ref LL_PWR_GPIO_BIT_3
1106:Drivers/STM32WBxx_HAL_Driver/Inc/stm32wbxx_ll_pwr.h ****   *         @arg @ref LL_PWR_GPIO_BIT_4
1107:Drivers/STM32WBxx_HAL_Driver/Inc/stm32wbxx_ll_pwr.h ****   *         @arg @ref LL_PWR_GPIO_BIT_5
1108:Drivers/STM32WBxx_HAL_Driver/Inc/stm32wbxx_ll_pwr.h ****   *         @arg @ref LL_PWR_GPIO_BIT_6
1109:Drivers/STM32WBxx_HAL_Driver/Inc/stm32wbxx_ll_pwr.h ****   *         @arg @ref LL_PWR_GPIO_BIT_7
1110:Drivers/STM32WBxx_HAL_Driver/Inc/stm32wbxx_ll_pwr.h ****   *         @arg @ref LL_PWR_GPIO_BIT_8
1111:Drivers/STM32WBxx_HAL_Driver/Inc/stm32wbxx_ll_pwr.h ****   *         @arg @ref LL_PWR_GPIO_BIT_9
1112:Drivers/STM32WBxx_HAL_Driver/Inc/stm32wbxx_ll_pwr.h ****   *         @arg @ref LL_PWR_GPIO_BIT_10
1113:Drivers/STM32WBxx_HAL_Driver/Inc/stm32wbxx_ll_pwr.h ****   *         @arg @ref LL_PWR_GPIO_BIT_11
1114:Drivers/STM32WBxx_HAL_Driver/Inc/stm32wbxx_ll_pwr.h ****   *         @arg @ref LL_PWR_GPIO_BIT_12
1115:Drivers/STM32WBxx_HAL_Driver/Inc/stm32wbxx_ll_pwr.h ****   *         @arg @ref LL_PWR_GPIO_BIT_13
1116:Drivers/STM32WBxx_HAL_Driver/Inc/stm32wbxx_ll_pwr.h ****   *         @arg @ref LL_PWR_GPIO_BIT_14
1117:Drivers/STM32WBxx_HAL_Driver/Inc/stm32wbxx_ll_pwr.h ****   *         @arg @ref LL_PWR_GPIO_BIT_15
1118:Drivers/STM32WBxx_HAL_Driver/Inc/stm32wbxx_ll_pwr.h ****   * @retval None
1119:Drivers/STM32WBxx_HAL_Driver/Inc/stm32wbxx_ll_pwr.h ****   */
1120:Drivers/STM32WBxx_HAL_Driver/Inc/stm32wbxx_ll_pwr.h **** __STATIC_INLINE void LL_PWR_DisableGPIOPullUp(uint32_t GPIO, uint32_t GPIONumber)
1121:Drivers/STM32WBxx_HAL_Driver/Inc/stm32wbxx_ll_pwr.h **** {
1122:Drivers/STM32WBxx_HAL_Driver/Inc/stm32wbxx_ll_pwr.h ****   CLEAR_BIT(*((__IO uint32_t *)GPIO), GPIONumber);
1123:Drivers/STM32WBxx_HAL_Driver/Inc/stm32wbxx_ll_pwr.h **** }
1124:Drivers/STM32WBxx_HAL_Driver/Inc/stm32wbxx_ll_pwr.h **** 
1125:Drivers/STM32WBxx_HAL_Driver/Inc/stm32wbxx_ll_pwr.h **** /**
1126:Drivers/STM32WBxx_HAL_Driver/Inc/stm32wbxx_ll_pwr.h ****   * @brief  Check if GPIO pull-up state is enabled
1127:Drivers/STM32WBxx_HAL_Driver/Inc/stm32wbxx_ll_pwr.h ****   * @rmtoll PUCRA        PU0-15        LL_PWR_IsEnabledGPIOPullUp\n
1128:Drivers/STM32WBxx_HAL_Driver/Inc/stm32wbxx_ll_pwr.h ****   *         PUCRB        PU0-15        LL_PWR_IsEnabledGPIOPullUp\n
1129:Drivers/STM32WBxx_HAL_Driver/Inc/stm32wbxx_ll_pwr.h ****   *         PUCRC        PU0-15        LL_PWR_IsEnabledGPIOPullUp\n
1130:Drivers/STM32WBxx_HAL_Driver/Inc/stm32wbxx_ll_pwr.h ****   *         PUCRD        PU0-15        LL_PWR_IsEnabledGPIOPullUp\n
1131:Drivers/STM32WBxx_HAL_Driver/Inc/stm32wbxx_ll_pwr.h ****   *         PUCRE        PU0-15        LL_PWR_IsEnabledGPIOPullUp\n
1132:Drivers/STM32WBxx_HAL_Driver/Inc/stm32wbxx_ll_pwr.h ****   *         PUCRH        PU0-15        LL_PWR_IsEnabledGPIOPullUp
1133:Drivers/STM32WBxx_HAL_Driver/Inc/stm32wbxx_ll_pwr.h ****   * @param  GPIO This parameter can be one of the following values:
1134:Drivers/STM32WBxx_HAL_Driver/Inc/stm32wbxx_ll_pwr.h ****   *         @arg @ref LL_PWR_GPIO_A
1135:Drivers/STM32WBxx_HAL_Driver/Inc/stm32wbxx_ll_pwr.h ****   *         @arg @ref LL_PWR_GPIO_B
1136:Drivers/STM32WBxx_HAL_Driver/Inc/stm32wbxx_ll_pwr.h ****   *         @arg @ref LL_PWR_GPIO_C
1137:Drivers/STM32WBxx_HAL_Driver/Inc/stm32wbxx_ll_pwr.h ****   *         @arg @ref LL_PWR_GPIO_D
1138:Drivers/STM32WBxx_HAL_Driver/Inc/stm32wbxx_ll_pwr.h ****   *         @arg @ref LL_PWR_GPIO_E
1139:Drivers/STM32WBxx_HAL_Driver/Inc/stm32wbxx_ll_pwr.h ****   *         @arg @ref LL_PWR_GPIO_H
1140:Drivers/STM32WBxx_HAL_Driver/Inc/stm32wbxx_ll_pwr.h ****   * @param  GPIONumber This parameter can be one of the following values:
1141:Drivers/STM32WBxx_HAL_Driver/Inc/stm32wbxx_ll_pwr.h ****   *         @arg @ref LL_PWR_GPIO_BIT_0
1142:Drivers/STM32WBxx_HAL_Driver/Inc/stm32wbxx_ll_pwr.h ****   *         @arg @ref LL_PWR_GPIO_BIT_1
1143:Drivers/STM32WBxx_HAL_Driver/Inc/stm32wbxx_ll_pwr.h ****   *         @arg @ref LL_PWR_GPIO_BIT_2
1144:Drivers/STM32WBxx_HAL_Driver/Inc/stm32wbxx_ll_pwr.h ****   *         @arg @ref LL_PWR_GPIO_BIT_3
1145:Drivers/STM32WBxx_HAL_Driver/Inc/stm32wbxx_ll_pwr.h ****   *         @arg @ref LL_PWR_GPIO_BIT_4
1146:Drivers/STM32WBxx_HAL_Driver/Inc/stm32wbxx_ll_pwr.h ****   *         @arg @ref LL_PWR_GPIO_BIT_5
1147:Drivers/STM32WBxx_HAL_Driver/Inc/stm32wbxx_ll_pwr.h ****   *         @arg @ref LL_PWR_GPIO_BIT_6
1148:Drivers/STM32WBxx_HAL_Driver/Inc/stm32wbxx_ll_pwr.h ****   *         @arg @ref LL_PWR_GPIO_BIT_7
1149:Drivers/STM32WBxx_HAL_Driver/Inc/stm32wbxx_ll_pwr.h ****   *         @arg @ref LL_PWR_GPIO_BIT_8
1150:Drivers/STM32WBxx_HAL_Driver/Inc/stm32wbxx_ll_pwr.h ****   *         @arg @ref LL_PWR_GPIO_BIT_9
1151:Drivers/STM32WBxx_HAL_Driver/Inc/stm32wbxx_ll_pwr.h ****   *         @arg @ref LL_PWR_GPIO_BIT_10
1152:Drivers/STM32WBxx_HAL_Driver/Inc/stm32wbxx_ll_pwr.h ****   *         @arg @ref LL_PWR_GPIO_BIT_11
1153:Drivers/STM32WBxx_HAL_Driver/Inc/stm32wbxx_ll_pwr.h ****   *         @arg @ref LL_PWR_GPIO_BIT_12
1154:Drivers/STM32WBxx_HAL_Driver/Inc/stm32wbxx_ll_pwr.h ****   *         @arg @ref LL_PWR_GPIO_BIT_13
ARM GAS  C:\Users\843E~1\AppData\Local\Temp\ccJpJOBl.s 			page 96


1155:Drivers/STM32WBxx_HAL_Driver/Inc/stm32wbxx_ll_pwr.h ****   *         @arg @ref LL_PWR_GPIO_BIT_14
1156:Drivers/STM32WBxx_HAL_Driver/Inc/stm32wbxx_ll_pwr.h ****   *         @arg @ref LL_PWR_GPIO_BIT_15
1157:Drivers/STM32WBxx_HAL_Driver/Inc/stm32wbxx_ll_pwr.h ****   * @retval State of bit (1 or 0).
1158:Drivers/STM32WBxx_HAL_Driver/Inc/stm32wbxx_ll_pwr.h ****   */
1159:Drivers/STM32WBxx_HAL_Driver/Inc/stm32wbxx_ll_pwr.h **** __STATIC_INLINE uint32_t LL_PWR_IsEnabledGPIOPullUp(uint32_t GPIO, uint32_t GPIONumber)
1160:Drivers/STM32WBxx_HAL_Driver/Inc/stm32wbxx_ll_pwr.h **** {
1161:Drivers/STM32WBxx_HAL_Driver/Inc/stm32wbxx_ll_pwr.h ****   return ((READ_BIT(*((__IO uint32_t *)GPIO), GPIONumber) == (GPIONumber)) ? 1UL : 0UL);
1162:Drivers/STM32WBxx_HAL_Driver/Inc/stm32wbxx_ll_pwr.h **** }
1163:Drivers/STM32WBxx_HAL_Driver/Inc/stm32wbxx_ll_pwr.h **** 
1164:Drivers/STM32WBxx_HAL_Driver/Inc/stm32wbxx_ll_pwr.h **** /**
1165:Drivers/STM32WBxx_HAL_Driver/Inc/stm32wbxx_ll_pwr.h ****   * @brief  Enable GPIO pull-down state in Standby and Shutdown modes
1166:Drivers/STM32WBxx_HAL_Driver/Inc/stm32wbxx_ll_pwr.h ****   * @note   Some pins are not configurable for pulling in Standby and Shutdown
1167:Drivers/STM32WBxx_HAL_Driver/Inc/stm32wbxx_ll_pwr.h ****   *         modes. Refer to reference manual for available pins and ports.
1168:Drivers/STM32WBxx_HAL_Driver/Inc/stm32wbxx_ll_pwr.h ****   * @rmtoll PDCRA        PD0-15        LL_PWR_EnableGPIOPullDown\n
1169:Drivers/STM32WBxx_HAL_Driver/Inc/stm32wbxx_ll_pwr.h ****   *         PDCRB        PD0-15        LL_PWR_EnableGPIOPullDown\n
1170:Drivers/STM32WBxx_HAL_Driver/Inc/stm32wbxx_ll_pwr.h ****   *         PDCRC        PD0-15        LL_PWR_EnableGPIOPullDown\n
1171:Drivers/STM32WBxx_HAL_Driver/Inc/stm32wbxx_ll_pwr.h ****   *         PDCRD        PD0-15        LL_PWR_EnableGPIOPullDown\n
1172:Drivers/STM32WBxx_HAL_Driver/Inc/stm32wbxx_ll_pwr.h ****   *         PDCRE        PD0-15        LL_PWR_EnableGPIOPullDown\n
1173:Drivers/STM32WBxx_HAL_Driver/Inc/stm32wbxx_ll_pwr.h ****   *         PDCRH        PD0-15        LL_PWR_EnableGPIOPullDown
1174:Drivers/STM32WBxx_HAL_Driver/Inc/stm32wbxx_ll_pwr.h ****   * @param  GPIO This parameter can be one of the following values:
1175:Drivers/STM32WBxx_HAL_Driver/Inc/stm32wbxx_ll_pwr.h ****   *         @arg @ref LL_PWR_GPIO_A
1176:Drivers/STM32WBxx_HAL_Driver/Inc/stm32wbxx_ll_pwr.h ****   *         @arg @ref LL_PWR_GPIO_B
1177:Drivers/STM32WBxx_HAL_Driver/Inc/stm32wbxx_ll_pwr.h ****   *         @arg @ref LL_PWR_GPIO_C
1178:Drivers/STM32WBxx_HAL_Driver/Inc/stm32wbxx_ll_pwr.h ****   *         @arg @ref LL_PWR_GPIO_D
1179:Drivers/STM32WBxx_HAL_Driver/Inc/stm32wbxx_ll_pwr.h ****   *         @arg @ref LL_PWR_GPIO_E
1180:Drivers/STM32WBxx_HAL_Driver/Inc/stm32wbxx_ll_pwr.h ****   *         @arg @ref LL_PWR_GPIO_H
1181:Drivers/STM32WBxx_HAL_Driver/Inc/stm32wbxx_ll_pwr.h ****   * @param  GPIONumber This parameter can be one of the following values:
1182:Drivers/STM32WBxx_HAL_Driver/Inc/stm32wbxx_ll_pwr.h ****   *         @arg @ref LL_PWR_GPIO_BIT_0
1183:Drivers/STM32WBxx_HAL_Driver/Inc/stm32wbxx_ll_pwr.h ****   *         @arg @ref LL_PWR_GPIO_BIT_1
1184:Drivers/STM32WBxx_HAL_Driver/Inc/stm32wbxx_ll_pwr.h ****   *         @arg @ref LL_PWR_GPIO_BIT_2
1185:Drivers/STM32WBxx_HAL_Driver/Inc/stm32wbxx_ll_pwr.h ****   *         @arg @ref LL_PWR_GPIO_BIT_3
1186:Drivers/STM32WBxx_HAL_Driver/Inc/stm32wbxx_ll_pwr.h ****   *         @arg @ref LL_PWR_GPIO_BIT_4
1187:Drivers/STM32WBxx_HAL_Driver/Inc/stm32wbxx_ll_pwr.h ****   *         @arg @ref LL_PWR_GPIO_BIT_5
1188:Drivers/STM32WBxx_HAL_Driver/Inc/stm32wbxx_ll_pwr.h ****   *         @arg @ref LL_PWR_GPIO_BIT_6
1189:Drivers/STM32WBxx_HAL_Driver/Inc/stm32wbxx_ll_pwr.h ****   *         @arg @ref LL_PWR_GPIO_BIT_7
1190:Drivers/STM32WBxx_HAL_Driver/Inc/stm32wbxx_ll_pwr.h ****   *         @arg @ref LL_PWR_GPIO_BIT_8
1191:Drivers/STM32WBxx_HAL_Driver/Inc/stm32wbxx_ll_pwr.h ****   *         @arg @ref LL_PWR_GPIO_BIT_9
1192:Drivers/STM32WBxx_HAL_Driver/Inc/stm32wbxx_ll_pwr.h ****   *         @arg @ref LL_PWR_GPIO_BIT_10
1193:Drivers/STM32WBxx_HAL_Driver/Inc/stm32wbxx_ll_pwr.h ****   *         @arg @ref LL_PWR_GPIO_BIT_11
1194:Drivers/STM32WBxx_HAL_Driver/Inc/stm32wbxx_ll_pwr.h ****   *         @arg @ref LL_PWR_GPIO_BIT_12
1195:Drivers/STM32WBxx_HAL_Driver/Inc/stm32wbxx_ll_pwr.h ****   *         @arg @ref LL_PWR_GPIO_BIT_13
1196:Drivers/STM32WBxx_HAL_Driver/Inc/stm32wbxx_ll_pwr.h ****   *         @arg @ref LL_PWR_GPIO_BIT_14
1197:Drivers/STM32WBxx_HAL_Driver/Inc/stm32wbxx_ll_pwr.h ****   *         @arg @ref LL_PWR_GPIO_BIT_15
1198:Drivers/STM32WBxx_HAL_Driver/Inc/stm32wbxx_ll_pwr.h ****   * @retval None
1199:Drivers/STM32WBxx_HAL_Driver/Inc/stm32wbxx_ll_pwr.h ****   */
1200:Drivers/STM32WBxx_HAL_Driver/Inc/stm32wbxx_ll_pwr.h **** __STATIC_INLINE void LL_PWR_EnableGPIOPullDown(uint32_t GPIO, uint32_t GPIONumber)
1201:Drivers/STM32WBxx_HAL_Driver/Inc/stm32wbxx_ll_pwr.h **** {
1202:Drivers/STM32WBxx_HAL_Driver/Inc/stm32wbxx_ll_pwr.h ****   SET_BIT(*((__IO uint32_t *)(GPIO + 4UL)), GPIONumber);
1203:Drivers/STM32WBxx_HAL_Driver/Inc/stm32wbxx_ll_pwr.h **** }
1204:Drivers/STM32WBxx_HAL_Driver/Inc/stm32wbxx_ll_pwr.h **** 
1205:Drivers/STM32WBxx_HAL_Driver/Inc/stm32wbxx_ll_pwr.h **** /**
1206:Drivers/STM32WBxx_HAL_Driver/Inc/stm32wbxx_ll_pwr.h ****   * @brief  Disable GPIO pull-down state in Standby and Shutdown modes
1207:Drivers/STM32WBxx_HAL_Driver/Inc/stm32wbxx_ll_pwr.h ****   * @note   Some pins are not configurable for pulling in Standby and Shutdown
1208:Drivers/STM32WBxx_HAL_Driver/Inc/stm32wbxx_ll_pwr.h ****   *         modes. Refer to reference manual for available pins and ports.
1209:Drivers/STM32WBxx_HAL_Driver/Inc/stm32wbxx_ll_pwr.h ****   * @rmtoll PDCRA        PD0-15        LL_PWR_DisableGPIOPullDown\n
1210:Drivers/STM32WBxx_HAL_Driver/Inc/stm32wbxx_ll_pwr.h ****   *         PDCRB        PD0-15        LL_PWR_DisableGPIOPullDown\n
1211:Drivers/STM32WBxx_HAL_Driver/Inc/stm32wbxx_ll_pwr.h ****   *         PDCRC        PD0-15        LL_PWR_DisableGPIOPullDown\n
ARM GAS  C:\Users\843E~1\AppData\Local\Temp\ccJpJOBl.s 			page 97


1212:Drivers/STM32WBxx_HAL_Driver/Inc/stm32wbxx_ll_pwr.h ****   *         PDCRD        PD0-15        LL_PWR_DisableGPIOPullDown\n
1213:Drivers/STM32WBxx_HAL_Driver/Inc/stm32wbxx_ll_pwr.h ****   *         PDCRE        PD0-15        LL_PWR_DisableGPIOPullDown\n
1214:Drivers/STM32WBxx_HAL_Driver/Inc/stm32wbxx_ll_pwr.h ****   *         PDCRH        PD0-15        LL_PWR_DisableGPIOPullDown
1215:Drivers/STM32WBxx_HAL_Driver/Inc/stm32wbxx_ll_pwr.h ****   * @param  GPIO This parameter can be one of the following values:
1216:Drivers/STM32WBxx_HAL_Driver/Inc/stm32wbxx_ll_pwr.h ****   *         @arg @ref LL_PWR_GPIO_A
1217:Drivers/STM32WBxx_HAL_Driver/Inc/stm32wbxx_ll_pwr.h ****   *         @arg @ref LL_PWR_GPIO_B
1218:Drivers/STM32WBxx_HAL_Driver/Inc/stm32wbxx_ll_pwr.h ****   *         @arg @ref LL_PWR_GPIO_C
1219:Drivers/STM32WBxx_HAL_Driver/Inc/stm32wbxx_ll_pwr.h ****   *         @arg @ref LL_PWR_GPIO_D
1220:Drivers/STM32WBxx_HAL_Driver/Inc/stm32wbxx_ll_pwr.h ****   *         @arg @ref LL_PWR_GPIO_E
1221:Drivers/STM32WBxx_HAL_Driver/Inc/stm32wbxx_ll_pwr.h ****   *         @arg @ref LL_PWR_GPIO_H
1222:Drivers/STM32WBxx_HAL_Driver/Inc/stm32wbxx_ll_pwr.h ****   * @param  GPIONumber This parameter can be one of the following values:
1223:Drivers/STM32WBxx_HAL_Driver/Inc/stm32wbxx_ll_pwr.h ****   *         @arg @ref LL_PWR_GPIO_BIT_0
1224:Drivers/STM32WBxx_HAL_Driver/Inc/stm32wbxx_ll_pwr.h ****   *         @arg @ref LL_PWR_GPIO_BIT_1
1225:Drivers/STM32WBxx_HAL_Driver/Inc/stm32wbxx_ll_pwr.h ****   *         @arg @ref LL_PWR_GPIO_BIT_2
1226:Drivers/STM32WBxx_HAL_Driver/Inc/stm32wbxx_ll_pwr.h ****   *         @arg @ref LL_PWR_GPIO_BIT_3
1227:Drivers/STM32WBxx_HAL_Driver/Inc/stm32wbxx_ll_pwr.h ****   *         @arg @ref LL_PWR_GPIO_BIT_4
1228:Drivers/STM32WBxx_HAL_Driver/Inc/stm32wbxx_ll_pwr.h ****   *         @arg @ref LL_PWR_GPIO_BIT_5
1229:Drivers/STM32WBxx_HAL_Driver/Inc/stm32wbxx_ll_pwr.h ****   *         @arg @ref LL_PWR_GPIO_BIT_6
1230:Drivers/STM32WBxx_HAL_Driver/Inc/stm32wbxx_ll_pwr.h ****   *         @arg @ref LL_PWR_GPIO_BIT_7
1231:Drivers/STM32WBxx_HAL_Driver/Inc/stm32wbxx_ll_pwr.h ****   *         @arg @ref LL_PWR_GPIO_BIT_8
1232:Drivers/STM32WBxx_HAL_Driver/Inc/stm32wbxx_ll_pwr.h ****   *         @arg @ref LL_PWR_GPIO_BIT_9
1233:Drivers/STM32WBxx_HAL_Driver/Inc/stm32wbxx_ll_pwr.h ****   *         @arg @ref LL_PWR_GPIO_BIT_10
1234:Drivers/STM32WBxx_HAL_Driver/Inc/stm32wbxx_ll_pwr.h ****   *         @arg @ref LL_PWR_GPIO_BIT_11
1235:Drivers/STM32WBxx_HAL_Driver/Inc/stm32wbxx_ll_pwr.h ****   *         @arg @ref LL_PWR_GPIO_BIT_12
1236:Drivers/STM32WBxx_HAL_Driver/Inc/stm32wbxx_ll_pwr.h ****   *         @arg @ref LL_PWR_GPIO_BIT_13
1237:Drivers/STM32WBxx_HAL_Driver/Inc/stm32wbxx_ll_pwr.h ****   *         @arg @ref LL_PWR_GPIO_BIT_14
1238:Drivers/STM32WBxx_HAL_Driver/Inc/stm32wbxx_ll_pwr.h ****   *         @arg @ref LL_PWR_GPIO_BIT_15
1239:Drivers/STM32WBxx_HAL_Driver/Inc/stm32wbxx_ll_pwr.h ****   * @retval None
1240:Drivers/STM32WBxx_HAL_Driver/Inc/stm32wbxx_ll_pwr.h ****   */
1241:Drivers/STM32WBxx_HAL_Driver/Inc/stm32wbxx_ll_pwr.h **** __STATIC_INLINE void LL_PWR_DisableGPIOPullDown(uint32_t GPIO, uint32_t GPIONumber)
1242:Drivers/STM32WBxx_HAL_Driver/Inc/stm32wbxx_ll_pwr.h **** {
1243:Drivers/STM32WBxx_HAL_Driver/Inc/stm32wbxx_ll_pwr.h ****   CLEAR_BIT(*((__IO uint32_t *)(GPIO + 4UL)), GPIONumber);
1244:Drivers/STM32WBxx_HAL_Driver/Inc/stm32wbxx_ll_pwr.h **** }
1245:Drivers/STM32WBxx_HAL_Driver/Inc/stm32wbxx_ll_pwr.h **** 
1246:Drivers/STM32WBxx_HAL_Driver/Inc/stm32wbxx_ll_pwr.h **** /**
1247:Drivers/STM32WBxx_HAL_Driver/Inc/stm32wbxx_ll_pwr.h ****   * @brief  Check if GPIO pull-down state is enabled
1248:Drivers/STM32WBxx_HAL_Driver/Inc/stm32wbxx_ll_pwr.h ****   * @rmtoll PDCRA        PD0-15        LL_PWR_IsEnabledGPIOPullDown\n
1249:Drivers/STM32WBxx_HAL_Driver/Inc/stm32wbxx_ll_pwr.h ****   *         PDCRB        PD0-15        LL_PWR_IsEnabledGPIOPullDown\n
1250:Drivers/STM32WBxx_HAL_Driver/Inc/stm32wbxx_ll_pwr.h ****   *         PDCRC        PD0-15        LL_PWR_IsEnabledGPIOPullDown\n
1251:Drivers/STM32WBxx_HAL_Driver/Inc/stm32wbxx_ll_pwr.h ****   *         PDCRD        PD0-15        LL_PWR_IsEnabledGPIOPullDown\n
1252:Drivers/STM32WBxx_HAL_Driver/Inc/stm32wbxx_ll_pwr.h ****   *         PDCRE        PD0-15        LL_PWR_IsEnabledGPIOPullDown\n
1253:Drivers/STM32WBxx_HAL_Driver/Inc/stm32wbxx_ll_pwr.h ****   *         PDCRH        PD0-15        LL_PWR_IsEnabledGPIOPullDown
1254:Drivers/STM32WBxx_HAL_Driver/Inc/stm32wbxx_ll_pwr.h ****   * @param  GPIO This parameter can be one of the following values:
1255:Drivers/STM32WBxx_HAL_Driver/Inc/stm32wbxx_ll_pwr.h ****   *         @arg @ref LL_PWR_GPIO_A
1256:Drivers/STM32WBxx_HAL_Driver/Inc/stm32wbxx_ll_pwr.h ****   *         @arg @ref LL_PWR_GPIO_B
1257:Drivers/STM32WBxx_HAL_Driver/Inc/stm32wbxx_ll_pwr.h ****   *         @arg @ref LL_PWR_GPIO_C
1258:Drivers/STM32WBxx_HAL_Driver/Inc/stm32wbxx_ll_pwr.h ****   *         @arg @ref LL_PWR_GPIO_D
1259:Drivers/STM32WBxx_HAL_Driver/Inc/stm32wbxx_ll_pwr.h ****   *         @arg @ref LL_PWR_GPIO_E
1260:Drivers/STM32WBxx_HAL_Driver/Inc/stm32wbxx_ll_pwr.h ****   *         @arg @ref LL_PWR_GPIO_H
1261:Drivers/STM32WBxx_HAL_Driver/Inc/stm32wbxx_ll_pwr.h ****   * @param  GPIONumber This parameter can be one of the following values:
1262:Drivers/STM32WBxx_HAL_Driver/Inc/stm32wbxx_ll_pwr.h ****   *         @arg @ref LL_PWR_GPIO_BIT_0
1263:Drivers/STM32WBxx_HAL_Driver/Inc/stm32wbxx_ll_pwr.h ****   *         @arg @ref LL_PWR_GPIO_BIT_1
1264:Drivers/STM32WBxx_HAL_Driver/Inc/stm32wbxx_ll_pwr.h ****   *         @arg @ref LL_PWR_GPIO_BIT_2
1265:Drivers/STM32WBxx_HAL_Driver/Inc/stm32wbxx_ll_pwr.h ****   *         @arg @ref LL_PWR_GPIO_BIT_3
1266:Drivers/STM32WBxx_HAL_Driver/Inc/stm32wbxx_ll_pwr.h ****   *         @arg @ref LL_PWR_GPIO_BIT_4
1267:Drivers/STM32WBxx_HAL_Driver/Inc/stm32wbxx_ll_pwr.h ****   *         @arg @ref LL_PWR_GPIO_BIT_5
1268:Drivers/STM32WBxx_HAL_Driver/Inc/stm32wbxx_ll_pwr.h ****   *         @arg @ref LL_PWR_GPIO_BIT_6
ARM GAS  C:\Users\843E~1\AppData\Local\Temp\ccJpJOBl.s 			page 98


1269:Drivers/STM32WBxx_HAL_Driver/Inc/stm32wbxx_ll_pwr.h ****   *         @arg @ref LL_PWR_GPIO_BIT_7
1270:Drivers/STM32WBxx_HAL_Driver/Inc/stm32wbxx_ll_pwr.h ****   *         @arg @ref LL_PWR_GPIO_BIT_8
1271:Drivers/STM32WBxx_HAL_Driver/Inc/stm32wbxx_ll_pwr.h ****   *         @arg @ref LL_PWR_GPIO_BIT_9
1272:Drivers/STM32WBxx_HAL_Driver/Inc/stm32wbxx_ll_pwr.h ****   *         @arg @ref LL_PWR_GPIO_BIT_10
1273:Drivers/STM32WBxx_HAL_Driver/Inc/stm32wbxx_ll_pwr.h ****   *         @arg @ref LL_PWR_GPIO_BIT_11
1274:Drivers/STM32WBxx_HAL_Driver/Inc/stm32wbxx_ll_pwr.h ****   *         @arg @ref LL_PWR_GPIO_BIT_12
1275:Drivers/STM32WBxx_HAL_Driver/Inc/stm32wbxx_ll_pwr.h ****   *         @arg @ref LL_PWR_GPIO_BIT_13
1276:Drivers/STM32WBxx_HAL_Driver/Inc/stm32wbxx_ll_pwr.h ****   *         @arg @ref LL_PWR_GPIO_BIT_14
1277:Drivers/STM32WBxx_HAL_Driver/Inc/stm32wbxx_ll_pwr.h ****   *         @arg @ref LL_PWR_GPIO_BIT_15
1278:Drivers/STM32WBxx_HAL_Driver/Inc/stm32wbxx_ll_pwr.h ****   * @retval State of bit (1 or 0).
1279:Drivers/STM32WBxx_HAL_Driver/Inc/stm32wbxx_ll_pwr.h ****   */
1280:Drivers/STM32WBxx_HAL_Driver/Inc/stm32wbxx_ll_pwr.h **** __STATIC_INLINE uint32_t LL_PWR_IsEnabledGPIOPullDown(uint32_t GPIO, uint32_t GPIONumber)
1281:Drivers/STM32WBxx_HAL_Driver/Inc/stm32wbxx_ll_pwr.h **** {
1282:Drivers/STM32WBxx_HAL_Driver/Inc/stm32wbxx_ll_pwr.h ****   return ((READ_BIT(*((__IO uint32_t *)(GPIO + 4UL)), GPIONumber) == (GPIONumber)) ? 1UL : 0UL);
1283:Drivers/STM32WBxx_HAL_Driver/Inc/stm32wbxx_ll_pwr.h **** }
1284:Drivers/STM32WBxx_HAL_Driver/Inc/stm32wbxx_ll_pwr.h **** 
1285:Drivers/STM32WBxx_HAL_Driver/Inc/stm32wbxx_ll_pwr.h **** #if defined(PWR_CR5_SMPSEN)
1286:Drivers/STM32WBxx_HAL_Driver/Inc/stm32wbxx_ll_pwr.h **** /**
1287:Drivers/STM32WBxx_HAL_Driver/Inc/stm32wbxx_ll_pwr.h ****   * @brief  Set BOR configuration
1288:Drivers/STM32WBxx_HAL_Driver/Inc/stm32wbxx_ll_pwr.h ****   * @rmtoll CR5          BORHC         LL_PWR_SetBORConfig
1289:Drivers/STM32WBxx_HAL_Driver/Inc/stm32wbxx_ll_pwr.h ****   * @param  BORConfiguration This parameter can be one of the following values:
1290:Drivers/STM32WBxx_HAL_Driver/Inc/stm32wbxx_ll_pwr.h ****   *         @arg @ref LL_PWR_BOR_SYSTEM_RESET
1291:Drivers/STM32WBxx_HAL_Driver/Inc/stm32wbxx_ll_pwr.h ****   *         @arg @ref LL_PWR_BOR_SMPS_FORCE_BYPASS
1292:Drivers/STM32WBxx_HAL_Driver/Inc/stm32wbxx_ll_pwr.h ****   */
1293:Drivers/STM32WBxx_HAL_Driver/Inc/stm32wbxx_ll_pwr.h **** __STATIC_INLINE void LL_PWR_SetBORConfig(uint32_t BORConfiguration)
1294:Drivers/STM32WBxx_HAL_Driver/Inc/stm32wbxx_ll_pwr.h **** {
1295:Drivers/STM32WBxx_HAL_Driver/Inc/stm32wbxx_ll_pwr.h ****   MODIFY_REG(PWR->CR5, PWR_CR5_BORHC, BORConfiguration);
1296:Drivers/STM32WBxx_HAL_Driver/Inc/stm32wbxx_ll_pwr.h **** }
1297:Drivers/STM32WBxx_HAL_Driver/Inc/stm32wbxx_ll_pwr.h **** 
1298:Drivers/STM32WBxx_HAL_Driver/Inc/stm32wbxx_ll_pwr.h **** /**
1299:Drivers/STM32WBxx_HAL_Driver/Inc/stm32wbxx_ll_pwr.h ****   * @brief  Get BOR configuration
1300:Drivers/STM32WBxx_HAL_Driver/Inc/stm32wbxx_ll_pwr.h ****   * @rmtoll CR5          BORHC         LL_PWR_GetBORConfig
1301:Drivers/STM32WBxx_HAL_Driver/Inc/stm32wbxx_ll_pwr.h ****   * @retval Returned value can be one of the following values:
1302:Drivers/STM32WBxx_HAL_Driver/Inc/stm32wbxx_ll_pwr.h ****   *         @arg @ref LL_PWR_BOR_SYSTEM_RESET
1303:Drivers/STM32WBxx_HAL_Driver/Inc/stm32wbxx_ll_pwr.h ****   *         @arg @ref LL_PWR_BOR_SMPS_FORCE_BYPASS
1304:Drivers/STM32WBxx_HAL_Driver/Inc/stm32wbxx_ll_pwr.h ****   */
1305:Drivers/STM32WBxx_HAL_Driver/Inc/stm32wbxx_ll_pwr.h **** __STATIC_INLINE uint32_t LL_PWR_GetBORConfig(void)
1306:Drivers/STM32WBxx_HAL_Driver/Inc/stm32wbxx_ll_pwr.h **** {
1307:Drivers/STM32WBxx_HAL_Driver/Inc/stm32wbxx_ll_pwr.h ****   return (uint32_t)(READ_BIT(PWR->CR5, PWR_CR5_BORHC));
1308:Drivers/STM32WBxx_HAL_Driver/Inc/stm32wbxx_ll_pwr.h **** }
1309:Drivers/STM32WBxx_HAL_Driver/Inc/stm32wbxx_ll_pwr.h **** #endif /* PWR_CR5_SMPSEN */
1310:Drivers/STM32WBxx_HAL_Driver/Inc/stm32wbxx_ll_pwr.h **** 
1311:Drivers/STM32WBxx_HAL_Driver/Inc/stm32wbxx_ll_pwr.h **** /**
1312:Drivers/STM32WBxx_HAL_Driver/Inc/stm32wbxx_ll_pwr.h ****   * @}
1313:Drivers/STM32WBxx_HAL_Driver/Inc/stm32wbxx_ll_pwr.h ****   */
1314:Drivers/STM32WBxx_HAL_Driver/Inc/stm32wbxx_ll_pwr.h **** 
1315:Drivers/STM32WBxx_HAL_Driver/Inc/stm32wbxx_ll_pwr.h **** #if defined(PWR_CR5_SMPSEN)
1316:Drivers/STM32WBxx_HAL_Driver/Inc/stm32wbxx_ll_pwr.h **** /** @defgroup PWR_LL_EF_Configuration_SMPS Configuration of SMPS
1317:Drivers/STM32WBxx_HAL_Driver/Inc/stm32wbxx_ll_pwr.h ****   * @{
1318:Drivers/STM32WBxx_HAL_Driver/Inc/stm32wbxx_ll_pwr.h ****   */
1319:Drivers/STM32WBxx_HAL_Driver/Inc/stm32wbxx_ll_pwr.h **** 
1320:Drivers/STM32WBxx_HAL_Driver/Inc/stm32wbxx_ll_pwr.h **** /**
1321:Drivers/STM32WBxx_HAL_Driver/Inc/stm32wbxx_ll_pwr.h ****   * @brief  Set SMPS operating mode
1322:Drivers/STM32WBxx_HAL_Driver/Inc/stm32wbxx_ll_pwr.h ****   * @note   When SMPS step down converter SMPS mode is enabled,
1323:Drivers/STM32WBxx_HAL_Driver/Inc/stm32wbxx_ll_pwr.h ****   *         it is good practice to enable the BORH to monitor the supply:
1324:Drivers/STM32WBxx_HAL_Driver/Inc/stm32wbxx_ll_pwr.h ****   *         in this case, when the supply drops below the SMPS step down
1325:Drivers/STM32WBxx_HAL_Driver/Inc/stm32wbxx_ll_pwr.h ****   *         converter SMPS mode operating supply level,
ARM GAS  C:\Users\843E~1\AppData\Local\Temp\ccJpJOBl.s 			page 99


1326:Drivers/STM32WBxx_HAL_Driver/Inc/stm32wbxx_ll_pwr.h ****   *         switching on the fly is performed automaticcaly
1327:Drivers/STM32WBxx_HAL_Driver/Inc/stm32wbxx_ll_pwr.h ****   *         and interruption is generated.
1328:Drivers/STM32WBxx_HAL_Driver/Inc/stm32wbxx_ll_pwr.h ****   *         Refer to function @ref LL_PWR_SetBORConfig().
1329:Drivers/STM32WBxx_HAL_Driver/Inc/stm32wbxx_ll_pwr.h ****   * @note   Occurrence of SMPS step down converter forced in bypass mode
1330:Drivers/STM32WBxx_HAL_Driver/Inc/stm32wbxx_ll_pwr.h ****   *         can be monitored by flag and interruption.
1331:Drivers/STM32WBxx_HAL_Driver/Inc/stm32wbxx_ll_pwr.h ****   *         Refer to functions
1332:Drivers/STM32WBxx_HAL_Driver/Inc/stm32wbxx_ll_pwr.h ****   *         @ref LL_PWR_IsActiveFlag_SMPSFB(), @ref LL_PWR_ClearFlag_SMPSFB(),
1333:Drivers/STM32WBxx_HAL_Driver/Inc/stm32wbxx_ll_pwr.h ****   *         @ref LL_PWR_EnableIT_BORH_SMPSFB().
1334:Drivers/STM32WBxx_HAL_Driver/Inc/stm32wbxx_ll_pwr.h ****   * @rmtoll CR5          SMPSEN        LL_PWR_SMPS_SetMode \n
1335:Drivers/STM32WBxx_HAL_Driver/Inc/stm32wbxx_ll_pwr.h ****   *         CR5          SMPSBEN       LL_PWR_SMPS_SetMode
1336:Drivers/STM32WBxx_HAL_Driver/Inc/stm32wbxx_ll_pwr.h ****   * @param  OperatingMode This parameter can be one of the following values:
1337:Drivers/STM32WBxx_HAL_Driver/Inc/stm32wbxx_ll_pwr.h ****   *         @arg @ref LL_PWR_SMPS_BYPASS
1338:Drivers/STM32WBxx_HAL_Driver/Inc/stm32wbxx_ll_pwr.h ****   *         @arg @ref LL_PWR_SMPS_STEP_DOWN (1)
1339:Drivers/STM32WBxx_HAL_Driver/Inc/stm32wbxx_ll_pwr.h ****   *
1340:Drivers/STM32WBxx_HAL_Driver/Inc/stm32wbxx_ll_pwr.h ****   *         (1) SMPS operating mode step down or open depends on system low-power mode:
1341:Drivers/STM32WBxx_HAL_Driver/Inc/stm32wbxx_ll_pwr.h ****   *              - step down mode if system low power mode is run, LP run or stop0,
1342:Drivers/STM32WBxx_HAL_Driver/Inc/stm32wbxx_ll_pwr.h ****   *              - open mode if system low power mode is Stop1, Stop2, Standby or Shutdown
1343:Drivers/STM32WBxx_HAL_Driver/Inc/stm32wbxx_ll_pwr.h ****   * @retval None
1344:Drivers/STM32WBxx_HAL_Driver/Inc/stm32wbxx_ll_pwr.h ****   */
1345:Drivers/STM32WBxx_HAL_Driver/Inc/stm32wbxx_ll_pwr.h **** __STATIC_INLINE void LL_PWR_SMPS_SetMode(uint32_t OperatingMode)
1346:Drivers/STM32WBxx_HAL_Driver/Inc/stm32wbxx_ll_pwr.h **** {
1347:Drivers/STM32WBxx_HAL_Driver/Inc/stm32wbxx_ll_pwr.h ****   /* Note: Operation on bits performed to keep compatibility of literals      */
1348:Drivers/STM32WBxx_HAL_Driver/Inc/stm32wbxx_ll_pwr.h ****   /*       for all SMPS operating mode functions:                             */
1349:Drivers/STM32WBxx_HAL_Driver/Inc/stm32wbxx_ll_pwr.h ****   /*       "LL_PWR_SMPS_SetMode()", "LL_PWR_SMPS_GetMode()"                   */
1350:Drivers/STM32WBxx_HAL_Driver/Inc/stm32wbxx_ll_pwr.h ****   /*       and "LL_PWR_SMPS_GetEffectiveMode()".                              */
1351:Drivers/STM32WBxx_HAL_Driver/Inc/stm32wbxx_ll_pwr.h ****   MODIFY_REG(PWR->CR5, PWR_CR5_SMPSEN, (OperatingMode & PWR_SR2_SMPSF) << (PWR_CR5_SMPSEN_Pos - PWR
1352:Drivers/STM32WBxx_HAL_Driver/Inc/stm32wbxx_ll_pwr.h **** }
1353:Drivers/STM32WBxx_HAL_Driver/Inc/stm32wbxx_ll_pwr.h **** 
1354:Drivers/STM32WBxx_HAL_Driver/Inc/stm32wbxx_ll_pwr.h **** /**
1355:Drivers/STM32WBxx_HAL_Driver/Inc/stm32wbxx_ll_pwr.h ****   * @brief  Get SMPS operating mode
1356:Drivers/STM32WBxx_HAL_Driver/Inc/stm32wbxx_ll_pwr.h ****   * @rmtoll CR5          SMPSEN        LL_PWR_SMPS_GetMode \n
1357:Drivers/STM32WBxx_HAL_Driver/Inc/stm32wbxx_ll_pwr.h ****   *         CR5          SMPSBEN       LL_PWR_SMPS_GetMode
1358:Drivers/STM32WBxx_HAL_Driver/Inc/stm32wbxx_ll_pwr.h ****   * @retval Returned value can be one of the following values:
1359:Drivers/STM32WBxx_HAL_Driver/Inc/stm32wbxx_ll_pwr.h ****   *         @arg @ref LL_PWR_SMPS_BYPASS
1360:Drivers/STM32WBxx_HAL_Driver/Inc/stm32wbxx_ll_pwr.h ****   *         @arg @ref LL_PWR_SMPS_STEP_DOWN (1)
1361:Drivers/STM32WBxx_HAL_Driver/Inc/stm32wbxx_ll_pwr.h ****   *
1362:Drivers/STM32WBxx_HAL_Driver/Inc/stm32wbxx_ll_pwr.h ****   *         (1) SMPS operating mode step down or open depends on system low-power mode:
1363:Drivers/STM32WBxx_HAL_Driver/Inc/stm32wbxx_ll_pwr.h ****   *              - step down mode if system low power mode is run, LP run or stop0,
1364:Drivers/STM32WBxx_HAL_Driver/Inc/stm32wbxx_ll_pwr.h ****   *              - open mode if system low power mode is Stop1, Stop2, Standby or Shutdown
1365:Drivers/STM32WBxx_HAL_Driver/Inc/stm32wbxx_ll_pwr.h ****   */
1366:Drivers/STM32WBxx_HAL_Driver/Inc/stm32wbxx_ll_pwr.h **** __STATIC_INLINE uint32_t LL_PWR_SMPS_GetMode(void)
1367:Drivers/STM32WBxx_HAL_Driver/Inc/stm32wbxx_ll_pwr.h **** {
1368:Drivers/STM32WBxx_HAL_Driver/Inc/stm32wbxx_ll_pwr.h ****   /* Note: Operation on bits performed to keep compatibility of literals      */
1369:Drivers/STM32WBxx_HAL_Driver/Inc/stm32wbxx_ll_pwr.h ****   /*       for all SMPS operating mode functions:                             */
1370:Drivers/STM32WBxx_HAL_Driver/Inc/stm32wbxx_ll_pwr.h ****   /*       "LL_PWR_SMPS_SetMode()", "LL_PWR_SMPS_GetMode()"                   */
1371:Drivers/STM32WBxx_HAL_Driver/Inc/stm32wbxx_ll_pwr.h ****   /*       and "LL_PWR_SMPS_GetEffectiveMode()".                              */
1372:Drivers/STM32WBxx_HAL_Driver/Inc/stm32wbxx_ll_pwr.h ****   uint32_t OperatingMode = (READ_BIT(PWR->CR5, PWR_CR5_SMPSEN) >> (PWR_CR5_SMPSEN_Pos - PWR_SR2_SMP
1373:Drivers/STM32WBxx_HAL_Driver/Inc/stm32wbxx_ll_pwr.h **** 
1374:Drivers/STM32WBxx_HAL_Driver/Inc/stm32wbxx_ll_pwr.h ****   OperatingMode = (OperatingMode | ((~OperatingMode >> 1U) & PWR_SR2_SMPSBF));
1375:Drivers/STM32WBxx_HAL_Driver/Inc/stm32wbxx_ll_pwr.h **** 
1376:Drivers/STM32WBxx_HAL_Driver/Inc/stm32wbxx_ll_pwr.h ****   return OperatingMode;
1377:Drivers/STM32WBxx_HAL_Driver/Inc/stm32wbxx_ll_pwr.h **** }
1378:Drivers/STM32WBxx_HAL_Driver/Inc/stm32wbxx_ll_pwr.h **** 
1379:Drivers/STM32WBxx_HAL_Driver/Inc/stm32wbxx_ll_pwr.h **** /**
1380:Drivers/STM32WBxx_HAL_Driver/Inc/stm32wbxx_ll_pwr.h ****   * @brief  Get SMPS effective operating mode
1381:Drivers/STM32WBxx_HAL_Driver/Inc/stm32wbxx_ll_pwr.h ****   * @note   SMPS operating mode can be changed by hardware, therefore
1382:Drivers/STM32WBxx_HAL_Driver/Inc/stm32wbxx_ll_pwr.h ****   *         requested operating mode can differ from effective low power mode.
ARM GAS  C:\Users\843E~1\AppData\Local\Temp\ccJpJOBl.s 			page 100


1383:Drivers/STM32WBxx_HAL_Driver/Inc/stm32wbxx_ll_pwr.h ****   *         - dependency on system low-power mode:
1384:Drivers/STM32WBxx_HAL_Driver/Inc/stm32wbxx_ll_pwr.h ****   *           - step down mode if system low power mode is run, LP run or stop0,
1385:Drivers/STM32WBxx_HAL_Driver/Inc/stm32wbxx_ll_pwr.h ****   *           - open mode if system low power mode is Stop1, Stop2, Standby or Shutdown
1386:Drivers/STM32WBxx_HAL_Driver/Inc/stm32wbxx_ll_pwr.h ****   *         - dependency on BOR level:
1387:Drivers/STM32WBxx_HAL_Driver/Inc/stm32wbxx_ll_pwr.h ****   *           - bypass mode if supply voltage drops below BOR level
1388:Drivers/STM32WBxx_HAL_Driver/Inc/stm32wbxx_ll_pwr.h ****   * @note   This functions check flags of SMPS operating modes step down
1389:Drivers/STM32WBxx_HAL_Driver/Inc/stm32wbxx_ll_pwr.h ****   *         and bypass. If the SMPS is not among these 2 operating modes,
1390:Drivers/STM32WBxx_HAL_Driver/Inc/stm32wbxx_ll_pwr.h ****   *         then it can be in mode off or open.
1391:Drivers/STM32WBxx_HAL_Driver/Inc/stm32wbxx_ll_pwr.h ****   * @rmtoll SR2          SMPSF         LL_PWR_SMPS_GetEffectiveMode \n
1392:Drivers/STM32WBxx_HAL_Driver/Inc/stm32wbxx_ll_pwr.h ****   *         SR2          SMPSBF        LL_PWR_SMPS_GetEffectiveMode
1393:Drivers/STM32WBxx_HAL_Driver/Inc/stm32wbxx_ll_pwr.h ****   * @retval Returned value can be one of the following values:
1394:Drivers/STM32WBxx_HAL_Driver/Inc/stm32wbxx_ll_pwr.h ****   *         @arg @ref LL_PWR_SMPS_BYPASS
1395:Drivers/STM32WBxx_HAL_Driver/Inc/stm32wbxx_ll_pwr.h ****   *         @arg @ref LL_PWR_SMPS_STEP_DOWN (1)
1396:Drivers/STM32WBxx_HAL_Driver/Inc/stm32wbxx_ll_pwr.h ****   *
1397:Drivers/STM32WBxx_HAL_Driver/Inc/stm32wbxx_ll_pwr.h ****   *         (1) SMPS operating mode step down or open depends on system low-power mode:
1398:Drivers/STM32WBxx_HAL_Driver/Inc/stm32wbxx_ll_pwr.h ****   *              - step down mode if system low power mode is run, LP run or stop0,
1399:Drivers/STM32WBxx_HAL_Driver/Inc/stm32wbxx_ll_pwr.h ****   *              - open mode if system low power mode is Stop1, Stop2, Standby or Shutdown
1400:Drivers/STM32WBxx_HAL_Driver/Inc/stm32wbxx_ll_pwr.h ****   */
1401:Drivers/STM32WBxx_HAL_Driver/Inc/stm32wbxx_ll_pwr.h **** __STATIC_INLINE uint32_t LL_PWR_SMPS_GetEffectiveMode(void)
1402:Drivers/STM32WBxx_HAL_Driver/Inc/stm32wbxx_ll_pwr.h **** {
1403:Drivers/STM32WBxx_HAL_Driver/Inc/stm32wbxx_ll_pwr.h ****   return (uint32_t)(READ_BIT(PWR->SR2, (PWR_SR2_SMPSF | PWR_SR2_SMPSBF)));
1404:Drivers/STM32WBxx_HAL_Driver/Inc/stm32wbxx_ll_pwr.h **** }
1405:Drivers/STM32WBxx_HAL_Driver/Inc/stm32wbxx_ll_pwr.h **** 
1406:Drivers/STM32WBxx_HAL_Driver/Inc/stm32wbxx_ll_pwr.h **** /**
1407:Drivers/STM32WBxx_HAL_Driver/Inc/stm32wbxx_ll_pwr.h ****   * @brief  SMPS step down converter enable
1408:Drivers/STM32WBxx_HAL_Driver/Inc/stm32wbxx_ll_pwr.h ****   * @note   This function can be used for specific usage of the SMPS,
1409:Drivers/STM32WBxx_HAL_Driver/Inc/stm32wbxx_ll_pwr.h ****   *         for general usage of the SMPS the function
1410:Drivers/STM32WBxx_HAL_Driver/Inc/stm32wbxx_ll_pwr.h ****   *         @ref LL_PWR_SMPS_SetMode() should be used instead.
1411:Drivers/STM32WBxx_HAL_Driver/Inc/stm32wbxx_ll_pwr.h ****   * @rmtoll CR5          SMPSEN        LL_PWR_SMPS_Enable
1412:Drivers/STM32WBxx_HAL_Driver/Inc/stm32wbxx_ll_pwr.h ****   * @retval None
1413:Drivers/STM32WBxx_HAL_Driver/Inc/stm32wbxx_ll_pwr.h ****   */
1414:Drivers/STM32WBxx_HAL_Driver/Inc/stm32wbxx_ll_pwr.h **** __STATIC_INLINE void LL_PWR_SMPS_Enable(void)
1415:Drivers/STM32WBxx_HAL_Driver/Inc/stm32wbxx_ll_pwr.h **** {
1416:Drivers/STM32WBxx_HAL_Driver/Inc/stm32wbxx_ll_pwr.h ****   SET_BIT(PWR->CR5, PWR_CR5_SMPSEN);
1417:Drivers/STM32WBxx_HAL_Driver/Inc/stm32wbxx_ll_pwr.h **** }
1418:Drivers/STM32WBxx_HAL_Driver/Inc/stm32wbxx_ll_pwr.h **** 
1419:Drivers/STM32WBxx_HAL_Driver/Inc/stm32wbxx_ll_pwr.h **** /**
1420:Drivers/STM32WBxx_HAL_Driver/Inc/stm32wbxx_ll_pwr.h ****   * @brief  SMPS step down converter enable
1421:Drivers/STM32WBxx_HAL_Driver/Inc/stm32wbxx_ll_pwr.h ****   * @note   This function can be used for specific usage of the SMPS,
1422:Drivers/STM32WBxx_HAL_Driver/Inc/stm32wbxx_ll_pwr.h ****   *         for general usage of the SMPS the function
1423:Drivers/STM32WBxx_HAL_Driver/Inc/stm32wbxx_ll_pwr.h ****   *         @ref LL_PWR_SMPS_SetMode() should be used instead.
1424:Drivers/STM32WBxx_HAL_Driver/Inc/stm32wbxx_ll_pwr.h ****   * @rmtoll CR5          SMPSEN        LL_PWR_SMPS_Disable
1425:Drivers/STM32WBxx_HAL_Driver/Inc/stm32wbxx_ll_pwr.h ****   * @retval None
1426:Drivers/STM32WBxx_HAL_Driver/Inc/stm32wbxx_ll_pwr.h ****   */
1427:Drivers/STM32WBxx_HAL_Driver/Inc/stm32wbxx_ll_pwr.h **** __STATIC_INLINE void LL_PWR_SMPS_Disable(void)
1428:Drivers/STM32WBxx_HAL_Driver/Inc/stm32wbxx_ll_pwr.h **** {
1429:Drivers/STM32WBxx_HAL_Driver/Inc/stm32wbxx_ll_pwr.h ****   CLEAR_BIT(PWR->CR5, PWR_CR5_SMPSEN);
1430:Drivers/STM32WBxx_HAL_Driver/Inc/stm32wbxx_ll_pwr.h **** }
1431:Drivers/STM32WBxx_HAL_Driver/Inc/stm32wbxx_ll_pwr.h **** 
1432:Drivers/STM32WBxx_HAL_Driver/Inc/stm32wbxx_ll_pwr.h **** /**
1433:Drivers/STM32WBxx_HAL_Driver/Inc/stm32wbxx_ll_pwr.h ****   * @brief  Check if the SMPS step down converter is enabled
1434:Drivers/STM32WBxx_HAL_Driver/Inc/stm32wbxx_ll_pwr.h ****   * @rmtoll CR5          SMPSEN        LL_PWR_SMPS_IsEnabled
1435:Drivers/STM32WBxx_HAL_Driver/Inc/stm32wbxx_ll_pwr.h ****   * @retval State of bit (1 or 0).
1436:Drivers/STM32WBxx_HAL_Driver/Inc/stm32wbxx_ll_pwr.h ****   */
1437:Drivers/STM32WBxx_HAL_Driver/Inc/stm32wbxx_ll_pwr.h **** __STATIC_INLINE uint32_t LL_PWR_SMPS_IsEnabled(void)
1438:Drivers/STM32WBxx_HAL_Driver/Inc/stm32wbxx_ll_pwr.h **** {
1439:Drivers/STM32WBxx_HAL_Driver/Inc/stm32wbxx_ll_pwr.h ****   return ((READ_BIT(PWR->CR5, PWR_CR5_SMPSEN) == (PWR_CR5_SMPSEN)) ? 1UL : 0UL);
ARM GAS  C:\Users\843E~1\AppData\Local\Temp\ccJpJOBl.s 			page 101


1440:Drivers/STM32WBxx_HAL_Driver/Inc/stm32wbxx_ll_pwr.h **** }
1441:Drivers/STM32WBxx_HAL_Driver/Inc/stm32wbxx_ll_pwr.h **** 
1442:Drivers/STM32WBxx_HAL_Driver/Inc/stm32wbxx_ll_pwr.h **** /**
1443:Drivers/STM32WBxx_HAL_Driver/Inc/stm32wbxx_ll_pwr.h ****   * @brief  Set SMPS step down converter supply startup current selection
1444:Drivers/STM32WBxx_HAL_Driver/Inc/stm32wbxx_ll_pwr.h ****   * @rmtoll CR5          SMPSSC        LL_PWR_SMPS_SetStartupCurrent
1445:Drivers/STM32WBxx_HAL_Driver/Inc/stm32wbxx_ll_pwr.h ****   * @param  StartupCurrent This parameter can be one of the following values:
1446:Drivers/STM32WBxx_HAL_Driver/Inc/stm32wbxx_ll_pwr.h ****   *         @arg @ref LL_PWR_SMPS_STARTUP_CURRENT_80MA
1447:Drivers/STM32WBxx_HAL_Driver/Inc/stm32wbxx_ll_pwr.h ****   *         @arg @ref LL_PWR_SMPS_STARTUP_CURRENT_100MA
1448:Drivers/STM32WBxx_HAL_Driver/Inc/stm32wbxx_ll_pwr.h ****   *         @arg @ref LL_PWR_SMPS_STARTUP_CURRENT_120MA
1449:Drivers/STM32WBxx_HAL_Driver/Inc/stm32wbxx_ll_pwr.h ****   *         @arg @ref LL_PWR_SMPS_STARTUP_CURRENT_140MA
1450:Drivers/STM32WBxx_HAL_Driver/Inc/stm32wbxx_ll_pwr.h ****   *         @arg @ref LL_PWR_SMPS_STARTUP_CURRENT_160MA
1451:Drivers/STM32WBxx_HAL_Driver/Inc/stm32wbxx_ll_pwr.h ****   *         @arg @ref LL_PWR_SMPS_STARTUP_CURRENT_180MA
1452:Drivers/STM32WBxx_HAL_Driver/Inc/stm32wbxx_ll_pwr.h ****   *         @arg @ref LL_PWR_SMPS_STARTUP_CURRENT_200MA
1453:Drivers/STM32WBxx_HAL_Driver/Inc/stm32wbxx_ll_pwr.h ****   *         @arg @ref LL_PWR_SMPS_STARTUP_CURRENT_220MA
1454:Drivers/STM32WBxx_HAL_Driver/Inc/stm32wbxx_ll_pwr.h ****   * @retval None
1455:Drivers/STM32WBxx_HAL_Driver/Inc/stm32wbxx_ll_pwr.h ****   */
1456:Drivers/STM32WBxx_HAL_Driver/Inc/stm32wbxx_ll_pwr.h **** __STATIC_INLINE void LL_PWR_SMPS_SetStartupCurrent(uint32_t StartupCurrent)
1457:Drivers/STM32WBxx_HAL_Driver/Inc/stm32wbxx_ll_pwr.h **** {
1458:Drivers/STM32WBxx_HAL_Driver/Inc/stm32wbxx_ll_pwr.h ****   MODIFY_REG(PWR->CR5, PWR_CR5_SMPSSC, StartupCurrent);
1459:Drivers/STM32WBxx_HAL_Driver/Inc/stm32wbxx_ll_pwr.h **** }
1460:Drivers/STM32WBxx_HAL_Driver/Inc/stm32wbxx_ll_pwr.h **** 
1461:Drivers/STM32WBxx_HAL_Driver/Inc/stm32wbxx_ll_pwr.h **** /**
1462:Drivers/STM32WBxx_HAL_Driver/Inc/stm32wbxx_ll_pwr.h ****   * @brief  Get SMPS step down converter supply startup current selection
1463:Drivers/STM32WBxx_HAL_Driver/Inc/stm32wbxx_ll_pwr.h ****   * @rmtoll CR5          SMPSSC        LL_PWR_SMPS_GetStartupCurrent
1464:Drivers/STM32WBxx_HAL_Driver/Inc/stm32wbxx_ll_pwr.h ****   * @retval Returned value can be one of the following values:
1465:Drivers/STM32WBxx_HAL_Driver/Inc/stm32wbxx_ll_pwr.h ****   *         @arg @ref LL_PWR_SMPS_STARTUP_CURRENT_80MA
1466:Drivers/STM32WBxx_HAL_Driver/Inc/stm32wbxx_ll_pwr.h ****   *         @arg @ref LL_PWR_SMPS_STARTUP_CURRENT_100MA
1467:Drivers/STM32WBxx_HAL_Driver/Inc/stm32wbxx_ll_pwr.h ****   *         @arg @ref LL_PWR_SMPS_STARTUP_CURRENT_120MA
1468:Drivers/STM32WBxx_HAL_Driver/Inc/stm32wbxx_ll_pwr.h ****   *         @arg @ref LL_PWR_SMPS_STARTUP_CURRENT_140MA
1469:Drivers/STM32WBxx_HAL_Driver/Inc/stm32wbxx_ll_pwr.h ****   *         @arg @ref LL_PWR_SMPS_STARTUP_CURRENT_160MA
1470:Drivers/STM32WBxx_HAL_Driver/Inc/stm32wbxx_ll_pwr.h ****   *         @arg @ref LL_PWR_SMPS_STARTUP_CURRENT_180MA
1471:Drivers/STM32WBxx_HAL_Driver/Inc/stm32wbxx_ll_pwr.h ****   *         @arg @ref LL_PWR_SMPS_STARTUP_CURRENT_200MA
1472:Drivers/STM32WBxx_HAL_Driver/Inc/stm32wbxx_ll_pwr.h ****   *         @arg @ref LL_PWR_SMPS_STARTUP_CURRENT_220MA
1473:Drivers/STM32WBxx_HAL_Driver/Inc/stm32wbxx_ll_pwr.h ****   */
1474:Drivers/STM32WBxx_HAL_Driver/Inc/stm32wbxx_ll_pwr.h **** __STATIC_INLINE uint32_t LL_PWR_SMPS_GetStartupCurrent(void)
1475:Drivers/STM32WBxx_HAL_Driver/Inc/stm32wbxx_ll_pwr.h **** {
1476:Drivers/STM32WBxx_HAL_Driver/Inc/stm32wbxx_ll_pwr.h ****   return (uint32_t)(READ_BIT(PWR->CR5, PWR_CR5_SMPSSC));
1477:Drivers/STM32WBxx_HAL_Driver/Inc/stm32wbxx_ll_pwr.h **** }
1478:Drivers/STM32WBxx_HAL_Driver/Inc/stm32wbxx_ll_pwr.h **** 
1479:Drivers/STM32WBxx_HAL_Driver/Inc/stm32wbxx_ll_pwr.h **** /**
1480:Drivers/STM32WBxx_HAL_Driver/Inc/stm32wbxx_ll_pwr.h ****   * @brief  Set SMPS step down converter output voltage scaling
1481:Drivers/STM32WBxx_HAL_Driver/Inc/stm32wbxx_ll_pwr.h ****   * @note   SMPS output voltage is calibrated in production,
1482:Drivers/STM32WBxx_HAL_Driver/Inc/stm32wbxx_ll_pwr.h ****   *         calibration parameters are applied to the voltage level parameter
1483:Drivers/STM32WBxx_HAL_Driver/Inc/stm32wbxx_ll_pwr.h ****   *         to reach the requested voltage value.
1484:Drivers/STM32WBxx_HAL_Driver/Inc/stm32wbxx_ll_pwr.h ****   * @rmtoll CR5          SMPSVOS       LL_PWR_SMPS_SetOutputVoltageLevel
1485:Drivers/STM32WBxx_HAL_Driver/Inc/stm32wbxx_ll_pwr.h ****   * @param  OutputVoltageLevel This parameter can be one of the following values:
1486:Drivers/STM32WBxx_HAL_Driver/Inc/stm32wbxx_ll_pwr.h ****   *         @arg @ref LL_PWR_SMPS_OUTPUT_VOLTAGE_1V20
1487:Drivers/STM32WBxx_HAL_Driver/Inc/stm32wbxx_ll_pwr.h ****   *         @arg @ref LL_PWR_SMPS_OUTPUT_VOLTAGE_1V25
1488:Drivers/STM32WBxx_HAL_Driver/Inc/stm32wbxx_ll_pwr.h ****   *         @arg @ref LL_PWR_SMPS_OUTPUT_VOLTAGE_1V30
1489:Drivers/STM32WBxx_HAL_Driver/Inc/stm32wbxx_ll_pwr.h ****   *         @arg @ref LL_PWR_SMPS_OUTPUT_VOLTAGE_1V35
1490:Drivers/STM32WBxx_HAL_Driver/Inc/stm32wbxx_ll_pwr.h ****   *         @arg @ref LL_PWR_SMPS_OUTPUT_VOLTAGE_1V40
1491:Drivers/STM32WBxx_HAL_Driver/Inc/stm32wbxx_ll_pwr.h ****   *         @arg @ref LL_PWR_SMPS_OUTPUT_VOLTAGE_1V45
1492:Drivers/STM32WBxx_HAL_Driver/Inc/stm32wbxx_ll_pwr.h ****   *         @arg @ref LL_PWR_SMPS_OUTPUT_VOLTAGE_1V50
1493:Drivers/STM32WBxx_HAL_Driver/Inc/stm32wbxx_ll_pwr.h ****   *         @arg @ref LL_PWR_SMPS_OUTPUT_VOLTAGE_1V55
1494:Drivers/STM32WBxx_HAL_Driver/Inc/stm32wbxx_ll_pwr.h ****   *         @arg @ref LL_PWR_SMPS_OUTPUT_VOLTAGE_1V60
1495:Drivers/STM32WBxx_HAL_Driver/Inc/stm32wbxx_ll_pwr.h ****   *         @arg @ref LL_PWR_SMPS_OUTPUT_VOLTAGE_1V65
1496:Drivers/STM32WBxx_HAL_Driver/Inc/stm32wbxx_ll_pwr.h ****   *         @arg @ref LL_PWR_SMPS_OUTPUT_VOLTAGE_1V70
ARM GAS  C:\Users\843E~1\AppData\Local\Temp\ccJpJOBl.s 			page 102


1497:Drivers/STM32WBxx_HAL_Driver/Inc/stm32wbxx_ll_pwr.h ****   *         @arg @ref LL_PWR_SMPS_OUTPUT_VOLTAGE_1V75
1498:Drivers/STM32WBxx_HAL_Driver/Inc/stm32wbxx_ll_pwr.h ****   *         @arg @ref LL_PWR_SMPS_OUTPUT_VOLTAGE_1V80
1499:Drivers/STM32WBxx_HAL_Driver/Inc/stm32wbxx_ll_pwr.h ****   *         @arg @ref LL_PWR_SMPS_OUTPUT_VOLTAGE_1V85
1500:Drivers/STM32WBxx_HAL_Driver/Inc/stm32wbxx_ll_pwr.h ****   *         @arg @ref LL_PWR_SMPS_OUTPUT_VOLTAGE_1V90
1501:Drivers/STM32WBxx_HAL_Driver/Inc/stm32wbxx_ll_pwr.h ****   * @retval None
1502:Drivers/STM32WBxx_HAL_Driver/Inc/stm32wbxx_ll_pwr.h ****   */
1503:Drivers/STM32WBxx_HAL_Driver/Inc/stm32wbxx_ll_pwr.h **** __STATIC_INLINE void LL_PWR_SMPS_SetOutputVoltageLevel(uint32_t OutputVoltageLevel)
1504:Drivers/STM32WBxx_HAL_Driver/Inc/stm32wbxx_ll_pwr.h **** {
1505:Drivers/STM32WBxx_HAL_Driver/Inc/stm32wbxx_ll_pwr.h ****   __IO const uint32_t OutputVoltageLevel_calibration = (((*SMPS_VOLTAGE_CAL_ADDR) & SMPS_VOLTAGE_CA
1506:Drivers/STM32WBxx_HAL_Driver/Inc/stm32wbxx_ll_pwr.h ****   int32_t TrimmingSteps;                               /* Trimming steps between theoretical output
1507:Drivers/STM32WBxx_HAL_Driver/Inc/stm32wbxx_ll_pwr.h ****   int32_t OutputVoltageLevelTrimmed;                   /* SMPS output voltage level after calibrati
1508:Drivers/STM32WBxx_HAL_Driver/Inc/stm32wbxx_ll_pwr.h **** 
1509:Drivers/STM32WBxx_HAL_Driver/Inc/stm32wbxx_ll_pwr.h ****   if (OutputVoltageLevel_calibration == 0UL)
1510:Drivers/STM32WBxx_HAL_Driver/Inc/stm32wbxx_ll_pwr.h ****   {
1511:Drivers/STM32WBxx_HAL_Driver/Inc/stm32wbxx_ll_pwr.h ****     /* Device with SMPS output voltage not calibrated in production: Apply output voltage value dir
1512:Drivers/STM32WBxx_HAL_Driver/Inc/stm32wbxx_ll_pwr.h **** 
1513:Drivers/STM32WBxx_HAL_Driver/Inc/stm32wbxx_ll_pwr.h ****     /* Update register */
1514:Drivers/STM32WBxx_HAL_Driver/Inc/stm32wbxx_ll_pwr.h ****     MODIFY_REG(PWR->CR5, PWR_CR5_SMPSVOS, OutputVoltageLevel);
1515:Drivers/STM32WBxx_HAL_Driver/Inc/stm32wbxx_ll_pwr.h ****   }
1516:Drivers/STM32WBxx_HAL_Driver/Inc/stm32wbxx_ll_pwr.h ****   else
1517:Drivers/STM32WBxx_HAL_Driver/Inc/stm32wbxx_ll_pwr.h ****   {
1518:Drivers/STM32WBxx_HAL_Driver/Inc/stm32wbxx_ll_pwr.h ****     /* Device with SMPS output voltage calibrated in production: Apply output voltage value after c
1519:Drivers/STM32WBxx_HAL_Driver/Inc/stm32wbxx_ll_pwr.h **** 
1520:Drivers/STM32WBxx_HAL_Driver/Inc/stm32wbxx_ll_pwr.h ****     TrimmingSteps = ((int32_t)OutputVoltageLevel_calibration - (int32_t)(LL_PWR_SMPS_OUTPUT_VOLTAGE
1521:Drivers/STM32WBxx_HAL_Driver/Inc/stm32wbxx_ll_pwr.h ****     OutputVoltageLevelTrimmed = ((int32_t)((uint32_t)(OutputVoltageLevel >> PWR_CR5_SMPSVOS_Pos)) +
1522:Drivers/STM32WBxx_HAL_Driver/Inc/stm32wbxx_ll_pwr.h **** 
1523:Drivers/STM32WBxx_HAL_Driver/Inc/stm32wbxx_ll_pwr.h ****     /* Clamp value to voltage trimming bitfield range */
1524:Drivers/STM32WBxx_HAL_Driver/Inc/stm32wbxx_ll_pwr.h ****     if (OutputVoltageLevelTrimmed < 0)
1525:Drivers/STM32WBxx_HAL_Driver/Inc/stm32wbxx_ll_pwr.h ****     {
1526:Drivers/STM32WBxx_HAL_Driver/Inc/stm32wbxx_ll_pwr.h ****       OutputVoltageLevelTrimmed = 0;
1527:Drivers/STM32WBxx_HAL_Driver/Inc/stm32wbxx_ll_pwr.h ****     }
1528:Drivers/STM32WBxx_HAL_Driver/Inc/stm32wbxx_ll_pwr.h ****     else
1529:Drivers/STM32WBxx_HAL_Driver/Inc/stm32wbxx_ll_pwr.h ****     {
1530:Drivers/STM32WBxx_HAL_Driver/Inc/stm32wbxx_ll_pwr.h ****       if (OutputVoltageLevelTrimmed > (int32_t)PWR_CR5_SMPSVOS)
1531:Drivers/STM32WBxx_HAL_Driver/Inc/stm32wbxx_ll_pwr.h ****       {
1532:Drivers/STM32WBxx_HAL_Driver/Inc/stm32wbxx_ll_pwr.h ****         OutputVoltageLevelTrimmed = (int32_t)PWR_CR5_SMPSVOS;
1533:Drivers/STM32WBxx_HAL_Driver/Inc/stm32wbxx_ll_pwr.h ****       }
1534:Drivers/STM32WBxx_HAL_Driver/Inc/stm32wbxx_ll_pwr.h ****     }
1535:Drivers/STM32WBxx_HAL_Driver/Inc/stm32wbxx_ll_pwr.h **** 
1536:Drivers/STM32WBxx_HAL_Driver/Inc/stm32wbxx_ll_pwr.h ****     /* Update register */
1537:Drivers/STM32WBxx_HAL_Driver/Inc/stm32wbxx_ll_pwr.h ****     MODIFY_REG(PWR->CR5, PWR_CR5_SMPSVOS, (uint32_t)OutputVoltageLevelTrimmed);
1538:Drivers/STM32WBxx_HAL_Driver/Inc/stm32wbxx_ll_pwr.h ****   }
1539:Drivers/STM32WBxx_HAL_Driver/Inc/stm32wbxx_ll_pwr.h **** }
1540:Drivers/STM32WBxx_HAL_Driver/Inc/stm32wbxx_ll_pwr.h **** 
1541:Drivers/STM32WBxx_HAL_Driver/Inc/stm32wbxx_ll_pwr.h **** /**
1542:Drivers/STM32WBxx_HAL_Driver/Inc/stm32wbxx_ll_pwr.h ****   * @brief  Get SMPS step down converter output voltage scaling
1543:Drivers/STM32WBxx_HAL_Driver/Inc/stm32wbxx_ll_pwr.h ****   * @note   SMPS output voltage is calibrated in production,
1544:Drivers/STM32WBxx_HAL_Driver/Inc/stm32wbxx_ll_pwr.h ****   *         calibration parameters are applied to the voltage level parameter
1545:Drivers/STM32WBxx_HAL_Driver/Inc/stm32wbxx_ll_pwr.h ****   *         to return the effective voltage value.
1546:Drivers/STM32WBxx_HAL_Driver/Inc/stm32wbxx_ll_pwr.h ****   * @rmtoll CR5          SMPSVOS       LL_PWR_SMPS_GetOutputVoltageLevel
1547:Drivers/STM32WBxx_HAL_Driver/Inc/stm32wbxx_ll_pwr.h ****   * @retval Returned value can be one of the following values:
1548:Drivers/STM32WBxx_HAL_Driver/Inc/stm32wbxx_ll_pwr.h ****   *         @arg @ref LL_PWR_SMPS_OUTPUT_VOLTAGE_1V20
1549:Drivers/STM32WBxx_HAL_Driver/Inc/stm32wbxx_ll_pwr.h ****   *         @arg @ref LL_PWR_SMPS_OUTPUT_VOLTAGE_1V25
1550:Drivers/STM32WBxx_HAL_Driver/Inc/stm32wbxx_ll_pwr.h ****   *         @arg @ref LL_PWR_SMPS_OUTPUT_VOLTAGE_1V30
1551:Drivers/STM32WBxx_HAL_Driver/Inc/stm32wbxx_ll_pwr.h ****   *         @arg @ref LL_PWR_SMPS_OUTPUT_VOLTAGE_1V35
1552:Drivers/STM32WBxx_HAL_Driver/Inc/stm32wbxx_ll_pwr.h ****   *         @arg @ref LL_PWR_SMPS_OUTPUT_VOLTAGE_1V40
1553:Drivers/STM32WBxx_HAL_Driver/Inc/stm32wbxx_ll_pwr.h ****   *         @arg @ref LL_PWR_SMPS_OUTPUT_VOLTAGE_1V45
ARM GAS  C:\Users\843E~1\AppData\Local\Temp\ccJpJOBl.s 			page 103


1554:Drivers/STM32WBxx_HAL_Driver/Inc/stm32wbxx_ll_pwr.h ****   *         @arg @ref LL_PWR_SMPS_OUTPUT_VOLTAGE_1V50
1555:Drivers/STM32WBxx_HAL_Driver/Inc/stm32wbxx_ll_pwr.h ****   *         @arg @ref LL_PWR_SMPS_OUTPUT_VOLTAGE_1V55
1556:Drivers/STM32WBxx_HAL_Driver/Inc/stm32wbxx_ll_pwr.h ****   *         @arg @ref LL_PWR_SMPS_OUTPUT_VOLTAGE_1V60
1557:Drivers/STM32WBxx_HAL_Driver/Inc/stm32wbxx_ll_pwr.h ****   *         @arg @ref LL_PWR_SMPS_OUTPUT_VOLTAGE_1V65
1558:Drivers/STM32WBxx_HAL_Driver/Inc/stm32wbxx_ll_pwr.h ****   *         @arg @ref LL_PWR_SMPS_OUTPUT_VOLTAGE_1V70
1559:Drivers/STM32WBxx_HAL_Driver/Inc/stm32wbxx_ll_pwr.h ****   *         @arg @ref LL_PWR_SMPS_OUTPUT_VOLTAGE_1V75
1560:Drivers/STM32WBxx_HAL_Driver/Inc/stm32wbxx_ll_pwr.h ****   *         @arg @ref LL_PWR_SMPS_OUTPUT_VOLTAGE_1V80
1561:Drivers/STM32WBxx_HAL_Driver/Inc/stm32wbxx_ll_pwr.h ****   *         @arg @ref LL_PWR_SMPS_OUTPUT_VOLTAGE_1V85
1562:Drivers/STM32WBxx_HAL_Driver/Inc/stm32wbxx_ll_pwr.h ****   *         @arg @ref LL_PWR_SMPS_OUTPUT_VOLTAGE_1V90
1563:Drivers/STM32WBxx_HAL_Driver/Inc/stm32wbxx_ll_pwr.h ****   */
1564:Drivers/STM32WBxx_HAL_Driver/Inc/stm32wbxx_ll_pwr.h **** __STATIC_INLINE uint32_t LL_PWR_SMPS_GetOutputVoltageLevel(void)
1565:Drivers/STM32WBxx_HAL_Driver/Inc/stm32wbxx_ll_pwr.h **** {
1566:Drivers/STM32WBxx_HAL_Driver/Inc/stm32wbxx_ll_pwr.h ****   __IO const uint32_t OutputVoltageLevel_calibration = (((*SMPS_VOLTAGE_CAL_ADDR) & SMPS_VOLTAGE_CA
1567:Drivers/STM32WBxx_HAL_Driver/Inc/stm32wbxx_ll_pwr.h ****   int32_t TrimmingSteps;                               /* Trimming steps between theoretical output
1568:Drivers/STM32WBxx_HAL_Driver/Inc/stm32wbxx_ll_pwr.h ****   int32_t OutputVoltageLevelTrimmed;                   /* SMPS output voltage level after calibrati
1569:Drivers/STM32WBxx_HAL_Driver/Inc/stm32wbxx_ll_pwr.h **** 
1570:Drivers/STM32WBxx_HAL_Driver/Inc/stm32wbxx_ll_pwr.h ****   if (OutputVoltageLevel_calibration == 0UL)
1571:Drivers/STM32WBxx_HAL_Driver/Inc/stm32wbxx_ll_pwr.h ****   {
1572:Drivers/STM32WBxx_HAL_Driver/Inc/stm32wbxx_ll_pwr.h ****     /* Device with SMPS output voltage not calibrated in production: Return output voltage value di
1573:Drivers/STM32WBxx_HAL_Driver/Inc/stm32wbxx_ll_pwr.h **** 
1574:Drivers/STM32WBxx_HAL_Driver/Inc/stm32wbxx_ll_pwr.h ****     return (uint32_t)(READ_BIT(PWR->CR5, PWR_CR5_SMPSVOS));
1575:Drivers/STM32WBxx_HAL_Driver/Inc/stm32wbxx_ll_pwr.h ****   }
1576:Drivers/STM32WBxx_HAL_Driver/Inc/stm32wbxx_ll_pwr.h ****   else
1577:Drivers/STM32WBxx_HAL_Driver/Inc/stm32wbxx_ll_pwr.h ****   {
1578:Drivers/STM32WBxx_HAL_Driver/Inc/stm32wbxx_ll_pwr.h ****     /* Device with SMPS output voltage calibrated in production: Return output voltage value after 
1579:Drivers/STM32WBxx_HAL_Driver/Inc/stm32wbxx_ll_pwr.h **** 
1580:Drivers/STM32WBxx_HAL_Driver/Inc/stm32wbxx_ll_pwr.h ****     TrimmingSteps = ((int32_t)OutputVoltageLevel_calibration - (int32_t)(LL_PWR_SMPS_OUTPUT_VOLTAGE
1581:Drivers/STM32WBxx_HAL_Driver/Inc/stm32wbxx_ll_pwr.h **** 
1582:Drivers/STM32WBxx_HAL_Driver/Inc/stm32wbxx_ll_pwr.h ****     OutputVoltageLevelTrimmed = ((int32_t)((uint32_t)READ_BIT(PWR->CR5, PWR_CR5_SMPSVOS)) - Trimmin
1583:Drivers/STM32WBxx_HAL_Driver/Inc/stm32wbxx_ll_pwr.h **** 
1584:Drivers/STM32WBxx_HAL_Driver/Inc/stm32wbxx_ll_pwr.h ****     /* Clamp value to voltage range */
1585:Drivers/STM32WBxx_HAL_Driver/Inc/stm32wbxx_ll_pwr.h ****     if (OutputVoltageLevelTrimmed < 0)
1586:Drivers/STM32WBxx_HAL_Driver/Inc/stm32wbxx_ll_pwr.h ****     {
1587:Drivers/STM32WBxx_HAL_Driver/Inc/stm32wbxx_ll_pwr.h ****       OutputVoltageLevelTrimmed = (int32_t)LL_PWR_SMPS_OUTPUT_VOLTAGE_1V20;
1588:Drivers/STM32WBxx_HAL_Driver/Inc/stm32wbxx_ll_pwr.h ****     }
1589:Drivers/STM32WBxx_HAL_Driver/Inc/stm32wbxx_ll_pwr.h ****     else
1590:Drivers/STM32WBxx_HAL_Driver/Inc/stm32wbxx_ll_pwr.h ****     {
1591:Drivers/STM32WBxx_HAL_Driver/Inc/stm32wbxx_ll_pwr.h ****       if (OutputVoltageLevelTrimmed > (int32_t)PWR_CR5_SMPSVOS)
1592:Drivers/STM32WBxx_HAL_Driver/Inc/stm32wbxx_ll_pwr.h ****       {
1593:Drivers/STM32WBxx_HAL_Driver/Inc/stm32wbxx_ll_pwr.h ****         OutputVoltageLevelTrimmed = (int32_t)LL_PWR_SMPS_OUTPUT_VOLTAGE_1V90;
1594:Drivers/STM32WBxx_HAL_Driver/Inc/stm32wbxx_ll_pwr.h ****       }
1595:Drivers/STM32WBxx_HAL_Driver/Inc/stm32wbxx_ll_pwr.h ****     }
1596:Drivers/STM32WBxx_HAL_Driver/Inc/stm32wbxx_ll_pwr.h **** 
1597:Drivers/STM32WBxx_HAL_Driver/Inc/stm32wbxx_ll_pwr.h ****     return (uint32_t)OutputVoltageLevelTrimmed;
1598:Drivers/STM32WBxx_HAL_Driver/Inc/stm32wbxx_ll_pwr.h ****   }
1599:Drivers/STM32WBxx_HAL_Driver/Inc/stm32wbxx_ll_pwr.h **** }
1600:Drivers/STM32WBxx_HAL_Driver/Inc/stm32wbxx_ll_pwr.h **** 
1601:Drivers/STM32WBxx_HAL_Driver/Inc/stm32wbxx_ll_pwr.h **** /**
1602:Drivers/STM32WBxx_HAL_Driver/Inc/stm32wbxx_ll_pwr.h ****   * @}
1603:Drivers/STM32WBxx_HAL_Driver/Inc/stm32wbxx_ll_pwr.h ****   */
1604:Drivers/STM32WBxx_HAL_Driver/Inc/stm32wbxx_ll_pwr.h **** #endif /* PWR_CR5_SMPSEN */
1605:Drivers/STM32WBxx_HAL_Driver/Inc/stm32wbxx_ll_pwr.h **** 
1606:Drivers/STM32WBxx_HAL_Driver/Inc/stm32wbxx_ll_pwr.h **** /** @defgroup PWR_LL_EF_Configuration_Multicore Configuration of multicore, intended to be executed
1607:Drivers/STM32WBxx_HAL_Driver/Inc/stm32wbxx_ll_pwr.h ****   * @{
1608:Drivers/STM32WBxx_HAL_Driver/Inc/stm32wbxx_ll_pwr.h ****   */
1609:Drivers/STM32WBxx_HAL_Driver/Inc/stm32wbxx_ll_pwr.h **** 
1610:Drivers/STM32WBxx_HAL_Driver/Inc/stm32wbxx_ll_pwr.h **** /**
ARM GAS  C:\Users\843E~1\AppData\Local\Temp\ccJpJOBl.s 			page 104


1611:Drivers/STM32WBxx_HAL_Driver/Inc/stm32wbxx_ll_pwr.h ****   * @brief  Boot CPU2 after reset or wakeup from stop or standby modes
1612:Drivers/STM32WBxx_HAL_Driver/Inc/stm32wbxx_ll_pwr.h ****   * @rmtoll CR4          C2BOOT        LL_PWR_EnableBootC2
1613:Drivers/STM32WBxx_HAL_Driver/Inc/stm32wbxx_ll_pwr.h ****   * @retval None
1614:Drivers/STM32WBxx_HAL_Driver/Inc/stm32wbxx_ll_pwr.h ****   */
1615:Drivers/STM32WBxx_HAL_Driver/Inc/stm32wbxx_ll_pwr.h **** __STATIC_INLINE void LL_PWR_EnableBootC2(void)
 166              		.loc 5 1615 22 view .LVU33
 167              	.LBB75:
1616:Drivers/STM32WBxx_HAL_Driver/Inc/stm32wbxx_ll_pwr.h **** {
1617:Drivers/STM32WBxx_HAL_Driver/Inc/stm32wbxx_ll_pwr.h ****   SET_BIT(PWR->CR4, PWR_CR4_C2BOOT);
 168              		.loc 5 1617 3 view .LVU34
 169 0038 044A     		ldr	r2, .L7+4
 170 003a D368     		ldr	r3, [r2, #12]
 171 003c 43F40043 		orr	r3, r3, #32768
 172 0040 D360     		str	r3, [r2, #12]
 173              	.LBE75:
 174              	.LBE74:
 208:STM32_WPAN/Target/hw_ipcc.c **** }
 175              		.loc 1 208 3 view .LVU35
 209:STM32_WPAN/Target/hw_ipcc.c **** 
 176              		.loc 1 209 1 is_stmt 0 view .LVU36
 177 0042 02B0     		add	sp, sp, #8
 178              	.LCFI2:
 179              		.cfi_def_cfa_offset 0
 180              		@ sp needed
 181 0044 7047     		bx	lr
 182              	.L8:
 183 0046 00BF     		.align	2
 184              	.L7:
 185 0048 00080058 		.word	1476397056
 186 004c 00040058 		.word	1476396032
 187              		.cfi_endproc
 188              	.LFE1263:
 190              		.section	.text.HW_IPCC_Init,"ax",%progbits
 191              		.align	1
 192              		.global	HW_IPCC_Init
 193              		.syntax unified
 194              		.thumb
 195              		.thumb_func
 197              	HW_IPCC_Init:
 198              	.LFB1264:
 212:STM32_WPAN/Target/hw_ipcc.c ****   LL_AHB3_GRP1_EnableClock( LL_AHB3_GRP1_PERIPH_IPCC );
 199              		.loc 1 212 1 is_stmt 1 view -0
 200              		.cfi_startproc
 201              		@ args = 0, pretend = 0, frame = 8
 202              		@ frame_needed = 0, uses_anonymous_args = 0
 203 0000 00B5     		push	{lr}
 204              	.LCFI3:
 205              		.cfi_def_cfa_offset 4
 206              		.cfi_offset 14, -4
 207 0002 83B0     		sub	sp, sp, #12
 208              	.LCFI4:
 209              		.cfi_def_cfa_offset 16
 213:STM32_WPAN/Target/hw_ipcc.c **** 
 210              		.loc 1 213 3 view .LVU38
 211              	.LVL8:
 212              	.LBB76:
 213              	.LBI76:
ARM GAS  C:\Users\843E~1\AppData\Local\Temp\ccJpJOBl.s 			page 105


 744:Drivers/STM32WBxx_HAL_Driver/Inc/stm32wbxx_ll_bus.h **** {
 214              		.loc 3 744 22 view .LVU39
 215              	.LBB77:
 746:Drivers/STM32WBxx_HAL_Driver/Inc/stm32wbxx_ll_bus.h ****   SET_BIT(RCC->AHB3ENR, Periphs);
 216              		.loc 3 746 3 view .LVU40
 747:Drivers/STM32WBxx_HAL_Driver/Inc/stm32wbxx_ll_bus.h ****   /* Delay after an RCC peripheral clock enabling */
 217              		.loc 3 747 3 view .LVU41
 218 0004 4FF0B043 		mov	r3, #1476395008
 219 0008 1A6D     		ldr	r2, [r3, #80]
 220 000a 42F48012 		orr	r2, r2, #1048576
 221 000e 1A65     		str	r2, [r3, #80]
 749:Drivers/STM32WBxx_HAL_Driver/Inc/stm32wbxx_ll_bus.h ****   (void)tmpreg;
 222              		.loc 3 749 3 view .LVU42
 749:Drivers/STM32WBxx_HAL_Driver/Inc/stm32wbxx_ll_bus.h ****   (void)tmpreg;
 223              		.loc 3 749 12 is_stmt 0 view .LVU43
 224 0010 1B6D     		ldr	r3, [r3, #80]
 225 0012 03F48013 		and	r3, r3, #1048576
 749:Drivers/STM32WBxx_HAL_Driver/Inc/stm32wbxx_ll_bus.h ****   (void)tmpreg;
 226              		.loc 3 749 10 view .LVU44
 227 0016 0193     		str	r3, [sp, #4]
 750:Drivers/STM32WBxx_HAL_Driver/Inc/stm32wbxx_ll_bus.h **** }
 228              		.loc 3 750 3 is_stmt 1 view .LVU45
 229 0018 019B     		ldr	r3, [sp, #4]
 230              	.LVL9:
 750:Drivers/STM32WBxx_HAL_Driver/Inc/stm32wbxx_ll_bus.h **** }
 231              		.loc 3 750 3 is_stmt 0 view .LVU46
 232              	.LBE77:
 233              	.LBE76:
 215:STM32_WPAN/Target/hw_ipcc.c ****   LL_C1_IPCC_EnableIT_TXF( IPCC );
 234              		.loc 1 215 3 is_stmt 1 view .LVU47
 235              	.LBB78:
 236              	.LBI78:
 170:Drivers/STM32WBxx_HAL_Driver/Inc/stm32wbxx_ll_ipcc.h **** {
 237              		.loc 2 170 22 view .LVU48
 238              	.LBB79:
 172:Drivers/STM32WBxx_HAL_Driver/Inc/stm32wbxx_ll_ipcc.h **** }
 239              		.loc 2 172 3 view .LVU49
 240 001a 094B     		ldr	r3, .L11
 241 001c 1A68     		ldr	r2, [r3]
 242 001e 42F00102 		orr	r2, r2, #1
 243 0022 1A60     		str	r2, [r3]
 244              	.LVL10:
 172:Drivers/STM32WBxx_HAL_Driver/Inc/stm32wbxx_ll_ipcc.h **** }
 245              		.loc 2 172 3 is_stmt 0 view .LVU50
 246              	.LBE79:
 247              	.LBE78:
 216:STM32_WPAN/Target/hw_ipcc.c **** 
 248              		.loc 1 216 3 is_stmt 1 view .LVU51
 249              	.LBB80:
 250              	.LBI80:
 137:Drivers/STM32WBxx_HAL_Driver/Inc/stm32wbxx_ll_ipcc.h **** {
 251              		.loc 2 137 22 view .LVU52
 252              	.LBB81:
 139:Drivers/STM32WBxx_HAL_Driver/Inc/stm32wbxx_ll_ipcc.h **** }
 253              		.loc 2 139 3 view .LVU53
 254 0024 1A68     		ldr	r2, [r3]
 255 0026 42F48032 		orr	r2, r2, #65536
ARM GAS  C:\Users\843E~1\AppData\Local\Temp\ccJpJOBl.s 			page 106


 256 002a 1A60     		str	r2, [r3]
 257              	.LVL11:
 139:Drivers/STM32WBxx_HAL_Driver/Inc/stm32wbxx_ll_ipcc.h **** }
 258              		.loc 2 139 3 is_stmt 0 view .LVU54
 259              	.LBE81:
 260              	.LBE80:
 218:STM32_WPAN/Target/hw_ipcc.c ****   HAL_NVIC_EnableIRQ(IPCC_C1_TX_IRQn);
 261              		.loc 1 218 3 is_stmt 1 view .LVU55
 262 002c 2C20     		movs	r0, #44
 263 002e FFF7FEFF 		bl	HAL_NVIC_EnableIRQ
 264              	.LVL12:
 219:STM32_WPAN/Target/hw_ipcc.c **** 
 265              		.loc 1 219 3 view .LVU56
 266 0032 2D20     		movs	r0, #45
 267 0034 FFF7FEFF 		bl	HAL_NVIC_EnableIRQ
 268              	.LVL13:
 221:STM32_WPAN/Target/hw_ipcc.c **** }
 269              		.loc 1 221 3 view .LVU57
 222:STM32_WPAN/Target/hw_ipcc.c **** 
 270              		.loc 1 222 1 is_stmt 0 view .LVU58
 271 0038 03B0     		add	sp, sp, #12
 272              	.LCFI5:
 273              		.cfi_def_cfa_offset 4
 274              		@ sp needed
 275 003a 5DF804FB 		ldr	pc, [sp], #4
 276              	.L12:
 277 003e 00BF     		.align	2
 278              	.L11:
 279 0040 000C0058 		.word	1476398080
 280              		.cfi_endproc
 281              	.LFE1264:
 283              		.section	.text.HW_IPCC_BLE_Init,"ax",%progbits
 284              		.align	1
 285              		.global	HW_IPCC_BLE_Init
 286              		.syntax unified
 287              		.thumb
 288              		.thumb_func
 290              	HW_IPCC_BLE_Init:
 291              	.LFB1265:
 228:STM32_WPAN/Target/hw_ipcc.c ****   LL_C1_IPCC_EnableReceiveChannel( IPCC, HW_IPCC_BLE_EVENT_CHANNEL );
 292              		.loc 1 228 1 is_stmt 1 view -0
 293              		.cfi_startproc
 294              		@ args = 0, pretend = 0, frame = 0
 295              		@ frame_needed = 0, uses_anonymous_args = 0
 296              		@ link register save eliminated.
 229:STM32_WPAN/Target/hw_ipcc.c **** 
 297              		.loc 1 229 3 view .LVU60
 298              	.LVL14:
 299              	.LBB82:
 300              	.LBI82:
 358:Drivers/STM32WBxx_HAL_Driver/Inc/stm32wbxx_ll_ipcc.h **** {
 301              		.loc 2 358 22 view .LVU61
 302              	.LBB83:
 360:Drivers/STM32WBxx_HAL_Driver/Inc/stm32wbxx_ll_ipcc.h **** }
 303              		.loc 2 360 3 view .LVU62
 304 0000 024A     		ldr	r2, .L14
 305 0002 5368     		ldr	r3, [r2, #4]
ARM GAS  C:\Users\843E~1\AppData\Local\Temp\ccJpJOBl.s 			page 107


 306 0004 23F00103 		bic	r3, r3, #1
 307 0008 5360     		str	r3, [r2, #4]
 308              	.LVL15:
 360:Drivers/STM32WBxx_HAL_Driver/Inc/stm32wbxx_ll_ipcc.h **** }
 309              		.loc 2 360 3 is_stmt 0 view .LVU63
 310              	.LBE83:
 311              	.LBE82:
 231:STM32_WPAN/Target/hw_ipcc.c **** }
 312              		.loc 1 231 3 is_stmt 1 view .LVU64
 232:STM32_WPAN/Target/hw_ipcc.c **** 
 313              		.loc 1 232 1 is_stmt 0 view .LVU65
 314 000a 7047     		bx	lr
 315              	.L15:
 316              		.align	2
 317              	.L14:
 318 000c 000C0058 		.word	1476398080
 319              		.cfi_endproc
 320              	.LFE1265:
 322              		.section	.text.HW_IPCC_BLE_SendCmd,"ax",%progbits
 323              		.align	1
 324              		.global	HW_IPCC_BLE_SendCmd
 325              		.syntax unified
 326              		.thumb
 327              		.thumb_func
 329              	HW_IPCC_BLE_SendCmd:
 330              	.LFB1266:
 235:STM32_WPAN/Target/hw_ipcc.c ****   LL_C1_IPCC_SetFlag_CHx( IPCC, HW_IPCC_BLE_CMD_CHANNEL );
 331              		.loc 1 235 1 is_stmt 1 view -0
 332              		.cfi_startproc
 333              		@ args = 0, pretend = 0, frame = 0
 334              		@ frame_needed = 0, uses_anonymous_args = 0
 335              		@ link register save eliminated.
 236:STM32_WPAN/Target/hw_ipcc.c **** 
 336              		.loc 1 236 3 view .LVU67
 337              	.LVL16:
 338              	.LBB84:
 339              	.LBI84:
 598:Drivers/STM32WBxx_HAL_Driver/Inc/stm32wbxx_ll_ipcc.h **** {
 340              		.loc 2 598 22 view .LVU68
 341              	.LBB85:
 342              		.loc 2 600 3 view .LVU69
 343 0000 024B     		ldr	r3, .L17
 344 0002 4FF48032 		mov	r2, #65536
 345 0006 9A60     		str	r2, [r3, #8]
 346              	.LVL17:
 347              		.loc 2 600 3 is_stmt 0 view .LVU70
 348              	.LBE85:
 349              	.LBE84:
 238:STM32_WPAN/Target/hw_ipcc.c **** }
 350              		.loc 1 238 3 is_stmt 1 view .LVU71
 239:STM32_WPAN/Target/hw_ipcc.c **** 
 351              		.loc 1 239 1 is_stmt 0 view .LVU72
 352 0008 7047     		bx	lr
 353              	.L18:
 354 000a 00BF     		.align	2
 355              	.L17:
 356 000c 000C0058 		.word	1476398080
ARM GAS  C:\Users\843E~1\AppData\Local\Temp\ccJpJOBl.s 			page 108


 357              		.cfi_endproc
 358              	.LFE1266:
 360              		.section	.text.HW_IPCC_BLE_SendAclData,"ax",%progbits
 361              		.align	1
 362              		.global	HW_IPCC_BLE_SendAclData
 363              		.syntax unified
 364              		.thumb
 365              		.thumb_func
 367              	HW_IPCC_BLE_SendAclData:
 368              	.LFB1268:
 251:STM32_WPAN/Target/hw_ipcc.c ****   LL_C1_IPCC_SetFlag_CHx( IPCC, HW_IPCC_HCI_ACL_DATA_CHANNEL );
 369              		.loc 1 251 1 is_stmt 1 view -0
 370              		.cfi_startproc
 371              		@ args = 0, pretend = 0, frame = 0
 372              		@ frame_needed = 0, uses_anonymous_args = 0
 373              		@ link register save eliminated.
 252:STM32_WPAN/Target/hw_ipcc.c ****   LL_C1_IPCC_EnableTransmitChannel( IPCC, HW_IPCC_HCI_ACL_DATA_CHANNEL );
 374              		.loc 1 252 3 view .LVU74
 375              	.LVL18:
 376              	.LBB86:
 377              	.LBI86:
 598:Drivers/STM32WBxx_HAL_Driver/Inc/stm32wbxx_ll_ipcc.h **** {
 378              		.loc 2 598 22 view .LVU75
 379              	.LBB87:
 380              		.loc 2 600 3 view .LVU76
 381 0000 044B     		ldr	r3, .L20
 382 0002 4FF40012 		mov	r2, #2097152
 383 0006 9A60     		str	r2, [r3, #8]
 384              	.LVL19:
 385              		.loc 2 600 3 is_stmt 0 view .LVU77
 386              	.LBE87:
 387              	.LBE86:
 253:STM32_WPAN/Target/hw_ipcc.c **** 
 388              		.loc 1 253 3 is_stmt 1 view .LVU78
 389              	.LBB88:
 390              	.LBI88:
 289:Drivers/STM32WBxx_HAL_Driver/Inc/stm32wbxx_ll_ipcc.h **** {
 391              		.loc 2 289 22 view .LVU79
 392              	.LBB89:
 291:Drivers/STM32WBxx_HAL_Driver/Inc/stm32wbxx_ll_ipcc.h **** }
 393              		.loc 2 291 3 view .LVU80
 394 0008 5A68     		ldr	r2, [r3, #4]
 395 000a 22F40012 		bic	r2, r2, #2097152
 396 000e 5A60     		str	r2, [r3, #4]
 397              	.LVL20:
 291:Drivers/STM32WBxx_HAL_Driver/Inc/stm32wbxx_ll_ipcc.h **** }
 398              		.loc 2 291 3 is_stmt 0 view .LVU81
 399              	.LBE89:
 400              	.LBE88:
 255:STM32_WPAN/Target/hw_ipcc.c **** }
 401              		.loc 1 255 3 is_stmt 1 view .LVU82
 256:STM32_WPAN/Target/hw_ipcc.c **** 
 402              		.loc 1 256 1 is_stmt 0 view .LVU83
 403 0010 7047     		bx	lr
 404              	.L21:
 405 0012 00BF     		.align	2
 406              	.L20:
ARM GAS  C:\Users\843E~1\AppData\Local\Temp\ccJpJOBl.s 			page 109


 407 0014 000C0058 		.word	1476398080
 408              		.cfi_endproc
 409              	.LFE1268:
 411              		.section	.text.HW_IPCC_BLE_AclDataAckNot,"ax",%progbits
 412              		.align	1
 413              		.weak	HW_IPCC_BLE_AclDataAckNot
 414              		.syntax unified
 415              		.thumb
 416              		.thumb_func
 418              	HW_IPCC_BLE_AclDataAckNot:
 419              	.LFB1270:
 267:STM32_WPAN/Target/hw_ipcc.c **** __weak void HW_IPCC_BLE_RxEvtNot( void ){};
 420              		.loc 1 267 46 is_stmt 1 view -0
 421              		.cfi_startproc
 422              		@ args = 0, pretend = 0, frame = 0
 423              		@ frame_needed = 0, uses_anonymous_args = 0
 424              		@ link register save eliminated.
 267:STM32_WPAN/Target/hw_ipcc.c **** __weak void HW_IPCC_BLE_RxEvtNot( void ){};
 425              		.loc 1 267 47 view .LVU85
 426 0000 7047     		bx	lr
 427              		.cfi_endproc
 428              	.LFE1270:
 430              		.section	.text.HW_IPCC_BLE_AclDataEvtHandler,"ax",%progbits
 431              		.align	1
 432              		.syntax unified
 433              		.thumb
 434              		.thumb_func
 436              	HW_IPCC_BLE_AclDataEvtHandler:
 437              	.LFB1269:
 259:STM32_WPAN/Target/hw_ipcc.c ****   LL_C1_IPCC_DisableTransmitChannel( IPCC, HW_IPCC_HCI_ACL_DATA_CHANNEL );
 438              		.loc 1 259 1 view -0
 439              		.cfi_startproc
 440              		@ args = 0, pretend = 0, frame = 0
 441              		@ frame_needed = 0, uses_anonymous_args = 0
 442 0000 08B5     		push	{r3, lr}
 443              	.LCFI6:
 444              		.cfi_def_cfa_offset 8
 445              		.cfi_offset 3, -8
 446              		.cfi_offset 14, -4
 260:STM32_WPAN/Target/hw_ipcc.c **** 
 447              		.loc 1 260 3 view .LVU87
 448              	.LVL21:
 449              	.LBB90:
 450              	.LBI90:
 312:Drivers/STM32WBxx_HAL_Driver/Inc/stm32wbxx_ll_ipcc.h **** {
 451              		.loc 2 312 22 view .LVU88
 452              	.LBB91:
 314:Drivers/STM32WBxx_HAL_Driver/Inc/stm32wbxx_ll_ipcc.h **** }
 453              		.loc 2 314 3 view .LVU89
 454 0002 044A     		ldr	r2, .L25
 455 0004 5368     		ldr	r3, [r2, #4]
 456 0006 43F40013 		orr	r3, r3, #2097152
 457 000a 5360     		str	r3, [r2, #4]
 458              	.LVL22:
 314:Drivers/STM32WBxx_HAL_Driver/Inc/stm32wbxx_ll_ipcc.h **** }
 459              		.loc 2 314 3 is_stmt 0 view .LVU90
 460              	.LBE91:
ARM GAS  C:\Users\843E~1\AppData\Local\Temp\ccJpJOBl.s 			page 110


 461              	.LBE90:
 262:STM32_WPAN/Target/hw_ipcc.c **** 
 462              		.loc 1 262 3 is_stmt 1 view .LVU91
 463 000c FFF7FEFF 		bl	HW_IPCC_BLE_AclDataAckNot
 464              	.LVL23:
 264:STM32_WPAN/Target/hw_ipcc.c **** }
 465              		.loc 1 264 3 view .LVU92
 265:STM32_WPAN/Target/hw_ipcc.c **** 
 466              		.loc 1 265 1 is_stmt 0 view .LVU93
 467 0010 08BD     		pop	{r3, pc}
 468              	.L26:
 469 0012 00BF     		.align	2
 470              	.L25:
 471 0014 000C0058 		.word	1476398080
 472              		.cfi_endproc
 473              	.LFE1269:
 475              		.section	.text.HW_IPCC_BLE_RxEvtNot,"ax",%progbits
 476              		.align	1
 477              		.weak	HW_IPCC_BLE_RxEvtNot
 478              		.syntax unified
 479              		.thumb
 480              		.thumb_func
 482              	HW_IPCC_BLE_RxEvtNot:
 483              	.LFB1271:
 268:STM32_WPAN/Target/hw_ipcc.c **** 
 484              		.loc 1 268 41 is_stmt 1 view -0
 485              		.cfi_startproc
 486              		@ args = 0, pretend = 0, frame = 0
 487              		@ frame_needed = 0, uses_anonymous_args = 0
 488              		@ link register save eliminated.
 268:STM32_WPAN/Target/hw_ipcc.c **** 
 489              		.loc 1 268 42 view .LVU95
 490 0000 7047     		bx	lr
 491              		.cfi_endproc
 492              	.LFE1271:
 494              		.section	.text.HW_IPCC_BLE_EvtHandler,"ax",%progbits
 495              		.align	1
 496              		.syntax unified
 497              		.thumb
 498              		.thumb_func
 500              	HW_IPCC_BLE_EvtHandler:
 501              	.LFB1267:
 242:STM32_WPAN/Target/hw_ipcc.c ****   HW_IPCC_BLE_RxEvtNot();
 502              		.loc 1 242 1 view -0
 503              		.cfi_startproc
 504              		@ args = 0, pretend = 0, frame = 0
 505              		@ frame_needed = 0, uses_anonymous_args = 0
 506 0000 08B5     		push	{r3, lr}
 507              	.LCFI7:
 508              		.cfi_def_cfa_offset 8
 509              		.cfi_offset 3, -8
 510              		.cfi_offset 14, -4
 243:STM32_WPAN/Target/hw_ipcc.c **** 
 511              		.loc 1 243 3 view .LVU97
 512 0002 FFF7FEFF 		bl	HW_IPCC_BLE_RxEvtNot
 513              	.LVL24:
 245:STM32_WPAN/Target/hw_ipcc.c **** 
ARM GAS  C:\Users\843E~1\AppData\Local\Temp\ccJpJOBl.s 			page 111


 514              		.loc 1 245 3 view .LVU98
 515              	.LBB92:
 516              	.LBI92:
 574:Drivers/STM32WBxx_HAL_Driver/Inc/stm32wbxx_ll_ipcc.h **** {
 517              		.loc 2 574 22 view .LVU99
 518              	.LBB93:
 576:Drivers/STM32WBxx_HAL_Driver/Inc/stm32wbxx_ll_ipcc.h **** }
 519              		.loc 2 576 3 view .LVU100
 520 0006 024B     		ldr	r3, .L30
 521 0008 0122     		movs	r2, #1
 522 000a 9A60     		str	r2, [r3, #8]
 523              	.LVL25:
 576:Drivers/STM32WBxx_HAL_Driver/Inc/stm32wbxx_ll_ipcc.h **** }
 524              		.loc 2 576 3 is_stmt 0 view .LVU101
 525              	.LBE93:
 526              	.LBE92:
 247:STM32_WPAN/Target/hw_ipcc.c **** }
 527              		.loc 1 247 3 is_stmt 1 view .LVU102
 248:STM32_WPAN/Target/hw_ipcc.c **** 
 528              		.loc 1 248 1 is_stmt 0 view .LVU103
 529 000c 08BD     		pop	{r3, pc}
 530              	.L31:
 531 000e 00BF     		.align	2
 532              	.L30:
 533 0010 000C0058 		.word	1476398080
 534              		.cfi_endproc
 535              	.LFE1267:
 537              		.section	.text.HW_IPCC_SYS_Init,"ax",%progbits
 538              		.align	1
 539              		.global	HW_IPCC_SYS_Init
 540              		.syntax unified
 541              		.thumb
 542              		.thumb_func
 544              	HW_IPCC_SYS_Init:
 545              	.LFB1272:
 274:STM32_WPAN/Target/hw_ipcc.c ****   LL_C1_IPCC_EnableReceiveChannel( IPCC, HW_IPCC_SYSTEM_EVENT_CHANNEL );
 546              		.loc 1 274 1 is_stmt 1 view -0
 547              		.cfi_startproc
 548              		@ args = 0, pretend = 0, frame = 0
 549              		@ frame_needed = 0, uses_anonymous_args = 0
 550              		@ link register save eliminated.
 275:STM32_WPAN/Target/hw_ipcc.c **** 
 551              		.loc 1 275 3 view .LVU105
 552              	.LVL26:
 553              	.LBB94:
 554              	.LBI94:
 358:Drivers/STM32WBxx_HAL_Driver/Inc/stm32wbxx_ll_ipcc.h **** {
 555              		.loc 2 358 22 view .LVU106
 556              	.LBB95:
 360:Drivers/STM32WBxx_HAL_Driver/Inc/stm32wbxx_ll_ipcc.h **** }
 557              		.loc 2 360 3 view .LVU107
 558 0000 024A     		ldr	r2, .L33
 559 0002 5368     		ldr	r3, [r2, #4]
 560 0004 23F00203 		bic	r3, r3, #2
 561 0008 5360     		str	r3, [r2, #4]
 562              	.LVL27:
 360:Drivers/STM32WBxx_HAL_Driver/Inc/stm32wbxx_ll_ipcc.h **** }
ARM GAS  C:\Users\843E~1\AppData\Local\Temp\ccJpJOBl.s 			page 112


 563              		.loc 2 360 3 is_stmt 0 view .LVU108
 564              	.LBE95:
 565              	.LBE94:
 277:STM32_WPAN/Target/hw_ipcc.c **** }
 566              		.loc 1 277 3 is_stmt 1 view .LVU109
 278:STM32_WPAN/Target/hw_ipcc.c **** 
 567              		.loc 1 278 1 is_stmt 0 view .LVU110
 568 000a 7047     		bx	lr
 569              	.L34:
 570              		.align	2
 571              	.L33:
 572 000c 000C0058 		.word	1476398080
 573              		.cfi_endproc
 574              	.LFE1272:
 576              		.section	.text.HW_IPCC_SYS_SendCmd,"ax",%progbits
 577              		.align	1
 578              		.global	HW_IPCC_SYS_SendCmd
 579              		.syntax unified
 580              		.thumb
 581              		.thumb_func
 583              	HW_IPCC_SYS_SendCmd:
 584              	.LFB1273:
 281:STM32_WPAN/Target/hw_ipcc.c ****   LL_C1_IPCC_SetFlag_CHx( IPCC, HW_IPCC_SYSTEM_CMD_RSP_CHANNEL );
 585              		.loc 1 281 1 is_stmt 1 view -0
 586              		.cfi_startproc
 587              		@ args = 0, pretend = 0, frame = 0
 588              		@ frame_needed = 0, uses_anonymous_args = 0
 589              		@ link register save eliminated.
 282:STM32_WPAN/Target/hw_ipcc.c ****   LL_C1_IPCC_EnableTransmitChannel( IPCC, HW_IPCC_SYSTEM_CMD_RSP_CHANNEL );
 590              		.loc 1 282 3 view .LVU112
 591              	.LVL28:
 592              	.LBB96:
 593              	.LBI96:
 598:Drivers/STM32WBxx_HAL_Driver/Inc/stm32wbxx_ll_ipcc.h **** {
 594              		.loc 2 598 22 view .LVU113
 595              	.LBB97:
 596              		.loc 2 600 3 view .LVU114
 597 0000 044B     		ldr	r3, .L36
 598 0002 4FF40032 		mov	r2, #131072
 599 0006 9A60     		str	r2, [r3, #8]
 600              	.LVL29:
 601              		.loc 2 600 3 is_stmt 0 view .LVU115
 602              	.LBE97:
 603              	.LBE96:
 283:STM32_WPAN/Target/hw_ipcc.c **** 
 604              		.loc 1 283 3 is_stmt 1 view .LVU116
 605              	.LBB98:
 606              	.LBI98:
 289:Drivers/STM32WBxx_HAL_Driver/Inc/stm32wbxx_ll_ipcc.h **** {
 607              		.loc 2 289 22 view .LVU117
 608              	.LBB99:
 291:Drivers/STM32WBxx_HAL_Driver/Inc/stm32wbxx_ll_ipcc.h **** }
 609              		.loc 2 291 3 view .LVU118
 610 0008 5A68     		ldr	r2, [r3, #4]
 611 000a 22F40032 		bic	r2, r2, #131072
 612 000e 5A60     		str	r2, [r3, #4]
 613              	.LVL30:
ARM GAS  C:\Users\843E~1\AppData\Local\Temp\ccJpJOBl.s 			page 113


 291:Drivers/STM32WBxx_HAL_Driver/Inc/stm32wbxx_ll_ipcc.h **** }
 614              		.loc 2 291 3 is_stmt 0 view .LVU119
 615              	.LBE99:
 616              	.LBE98:
 285:STM32_WPAN/Target/hw_ipcc.c **** }
 617              		.loc 1 285 3 is_stmt 1 view .LVU120
 286:STM32_WPAN/Target/hw_ipcc.c **** 
 618              		.loc 1 286 1 is_stmt 0 view .LVU121
 619 0010 7047     		bx	lr
 620              	.L37:
 621 0012 00BF     		.align	2
 622              	.L36:
 623 0014 000C0058 		.word	1476398080
 624              		.cfi_endproc
 625              	.LFE1273:
 627              		.section	.text.HW_IPCC_SYS_CmdEvtNot,"ax",%progbits
 628              		.align	1
 629              		.weak	HW_IPCC_SYS_CmdEvtNot
 630              		.syntax unified
 631              		.thumb
 632              		.thumb_func
 634              	HW_IPCC_SYS_CmdEvtNot:
 635              	.LFB1276:
 306:STM32_WPAN/Target/hw_ipcc.c **** __weak void HW_IPCC_SYS_EvtNot( void ){};
 636              		.loc 1 306 42 is_stmt 1 view -0
 637              		.cfi_startproc
 638              		@ args = 0, pretend = 0, frame = 0
 639              		@ frame_needed = 0, uses_anonymous_args = 0
 640              		@ link register save eliminated.
 306:STM32_WPAN/Target/hw_ipcc.c **** __weak void HW_IPCC_SYS_EvtNot( void ){};
 641              		.loc 1 306 43 view .LVU123
 642 0000 7047     		bx	lr
 643              		.cfi_endproc
 644              	.LFE1276:
 646              		.section	.text.HW_IPCC_SYS_CmdEvtHandler,"ax",%progbits
 647              		.align	1
 648              		.syntax unified
 649              		.thumb
 650              		.thumb_func
 652              	HW_IPCC_SYS_CmdEvtHandler:
 653              	.LFB1274:
 289:STM32_WPAN/Target/hw_ipcc.c ****   LL_C1_IPCC_DisableTransmitChannel( IPCC, HW_IPCC_SYSTEM_CMD_RSP_CHANNEL );
 654              		.loc 1 289 1 view -0
 655              		.cfi_startproc
 656              		@ args = 0, pretend = 0, frame = 0
 657              		@ frame_needed = 0, uses_anonymous_args = 0
 658 0000 08B5     		push	{r3, lr}
 659              	.LCFI8:
 660              		.cfi_def_cfa_offset 8
 661              		.cfi_offset 3, -8
 662              		.cfi_offset 14, -4
 290:STM32_WPAN/Target/hw_ipcc.c **** 
 663              		.loc 1 290 3 view .LVU125
 664              	.LVL31:
 665              	.LBB100:
 666              	.LBI100:
 312:Drivers/STM32WBxx_HAL_Driver/Inc/stm32wbxx_ll_ipcc.h **** {
ARM GAS  C:\Users\843E~1\AppData\Local\Temp\ccJpJOBl.s 			page 114


 667              		.loc 2 312 22 view .LVU126
 668              	.LBB101:
 314:Drivers/STM32WBxx_HAL_Driver/Inc/stm32wbxx_ll_ipcc.h **** }
 669              		.loc 2 314 3 view .LVU127
 670 0002 044A     		ldr	r2, .L41
 671 0004 5368     		ldr	r3, [r2, #4]
 672 0006 43F40033 		orr	r3, r3, #131072
 673 000a 5360     		str	r3, [r2, #4]
 674              	.LVL32:
 314:Drivers/STM32WBxx_HAL_Driver/Inc/stm32wbxx_ll_ipcc.h **** }
 675              		.loc 2 314 3 is_stmt 0 view .LVU128
 676              	.LBE101:
 677              	.LBE100:
 292:STM32_WPAN/Target/hw_ipcc.c **** 
 678              		.loc 1 292 3 is_stmt 1 view .LVU129
 679 000c FFF7FEFF 		bl	HW_IPCC_SYS_CmdEvtNot
 680              	.LVL33:
 294:STM32_WPAN/Target/hw_ipcc.c **** }
 681              		.loc 1 294 3 view .LVU130
 295:STM32_WPAN/Target/hw_ipcc.c **** 
 682              		.loc 1 295 1 is_stmt 0 view .LVU131
 683 0010 08BD     		pop	{r3, pc}
 684              	.L42:
 685 0012 00BF     		.align	2
 686              	.L41:
 687 0014 000C0058 		.word	1476398080
 688              		.cfi_endproc
 689              	.LFE1274:
 691              		.section	.text.HW_IPCC_Tx_Handler,"ax",%progbits
 692              		.align	1
 693              		.global	HW_IPCC_Tx_Handler
 694              		.syntax unified
 695              		.thumb
 696              		.thumb_func
 698              	HW_IPCC_Tx_Handler:
 699              	.LFB1262:
 140:STM32_WPAN/Target/hw_ipcc.c ****   if (HW_IPCC_TX_PENDING( HW_IPCC_SYSTEM_CMD_RSP_CHANNEL ))
 700              		.loc 1 140 1 is_stmt 1 view -0
 701              		.cfi_startproc
 702              		@ args = 0, pretend = 0, frame = 0
 703              		@ frame_needed = 0, uses_anonymous_args = 0
 704 0000 08B5     		push	{r3, lr}
 705              	.LCFI9:
 706              		.cfi_def_cfa_offset 8
 707              		.cfi_offset 3, -8
 708              		.cfi_offset 14, -4
 141:STM32_WPAN/Target/hw_ipcc.c ****   {
 709              		.loc 1 141 3 view .LVU133
 710              	.LVL34:
 711              	.LBB102:
 712              	.LBI102:
 601:Drivers/STM32WBxx_HAL_Driver/Inc/stm32wbxx_ll_ipcc.h **** }
 602:Drivers/STM32WBxx_HAL_Driver/Inc/stm32wbxx_ll_ipcc.h **** 
 603:Drivers/STM32WBxx_HAL_Driver/Inc/stm32wbxx_ll_ipcc.h **** /**
 604:Drivers/STM32WBxx_HAL_Driver/Inc/stm32wbxx_ll_ipcc.h ****   * @brief  Get channel status for processor 1.
 605:Drivers/STM32WBxx_HAL_Driver/Inc/stm32wbxx_ll_ipcc.h ****   * @rmtoll C1TOC2SR        CH1F           LL_C1_IPCC_IsActiveFlag_CHx\n
 606:Drivers/STM32WBxx_HAL_Driver/Inc/stm32wbxx_ll_ipcc.h ****   *         C1TOC2SR        CH2F           LL_C1_IPCC_IsActiveFlag_CHx\n
ARM GAS  C:\Users\843E~1\AppData\Local\Temp\ccJpJOBl.s 			page 115


 607:Drivers/STM32WBxx_HAL_Driver/Inc/stm32wbxx_ll_ipcc.h ****   *         C1TOC2SR        CH3F           LL_C1_IPCC_IsActiveFlag_CHx\n
 608:Drivers/STM32WBxx_HAL_Driver/Inc/stm32wbxx_ll_ipcc.h ****   *         C1TOC2SR        CH4F           LL_C1_IPCC_IsActiveFlag_CHx\n
 609:Drivers/STM32WBxx_HAL_Driver/Inc/stm32wbxx_ll_ipcc.h ****   *         C1TOC2SR        CH5F           LL_C1_IPCC_IsActiveFlag_CHx\n
 610:Drivers/STM32WBxx_HAL_Driver/Inc/stm32wbxx_ll_ipcc.h ****   *         C1TOC2SR        CH6F           LL_C1_IPCC_IsActiveFlag_CHx
 611:Drivers/STM32WBxx_HAL_Driver/Inc/stm32wbxx_ll_ipcc.h ****   * @param  IPCCx IPCC Instance.
 612:Drivers/STM32WBxx_HAL_Driver/Inc/stm32wbxx_ll_ipcc.h ****   * @param  Channel This parameter can be one of the following values:
 613:Drivers/STM32WBxx_HAL_Driver/Inc/stm32wbxx_ll_ipcc.h ****   *         @arg @ref LL_IPCC_CHANNEL_1
 614:Drivers/STM32WBxx_HAL_Driver/Inc/stm32wbxx_ll_ipcc.h ****   *         @arg @ref LL_IPCC_CHANNEL_2
 615:Drivers/STM32WBxx_HAL_Driver/Inc/stm32wbxx_ll_ipcc.h ****   *         @arg @ref LL_IPCC_CHANNEL_3
 616:Drivers/STM32WBxx_HAL_Driver/Inc/stm32wbxx_ll_ipcc.h ****   *         @arg @ref LL_IPCC_CHANNEL_4
 617:Drivers/STM32WBxx_HAL_Driver/Inc/stm32wbxx_ll_ipcc.h ****   *         @arg @ref LL_IPCC_CHANNEL_5
 618:Drivers/STM32WBxx_HAL_Driver/Inc/stm32wbxx_ll_ipcc.h ****   *         @arg @ref LL_IPCC_CHANNEL_6
 619:Drivers/STM32WBxx_HAL_Driver/Inc/stm32wbxx_ll_ipcc.h ****   * @retval State of bit (1 or 0).
 620:Drivers/STM32WBxx_HAL_Driver/Inc/stm32wbxx_ll_ipcc.h ****   */
 621:Drivers/STM32WBxx_HAL_Driver/Inc/stm32wbxx_ll_ipcc.h **** __STATIC_INLINE uint32_t LL_C1_IPCC_IsActiveFlag_CHx(IPCC_TypeDef  const *const IPCCx, uint32_t Cha
 713              		.loc 2 621 26 view .LVU134
 714              	.LBB103:
 622:Drivers/STM32WBxx_HAL_Driver/Inc/stm32wbxx_ll_ipcc.h **** {
 623:Drivers/STM32WBxx_HAL_Driver/Inc/stm32wbxx_ll_ipcc.h ****   return ((READ_BIT(IPCCx->C1TOC2SR, Channel) == (Channel)) ? 1UL : 0UL);
 715              		.loc 2 623 3 view .LVU135
 716              		.loc 2 623 12 is_stmt 0 view .LVU136
 717 0002 144B     		ldr	r3, .L51
 718 0004 DB68     		ldr	r3, [r3, #12]
 719              		.loc 2 623 67 view .LVU137
 720 0006 13F0020F 		tst	r3, #2
 721 000a 04D1     		bne	.L44
 722              	.LVL35:
 723              		.loc 2 623 67 view .LVU138
 724              	.LBE103:
 725              	.LBE102:
 141:STM32_WPAN/Target/hw_ipcc.c ****   {
 726              		.loc 1 141 7 view .LVU139
 727 000c 114B     		ldr	r3, .L51
 728 000e 5B68     		ldr	r3, [r3, #4]
 729 0010 13F4003F 		tst	r3, #131072
 730 0014 14D0     		beq	.L48
 731              	.L44:
 166:STM32_WPAN/Target/hw_ipcc.c ****   {
 732              		.loc 1 166 8 is_stmt 1 view .LVU140
 733              	.LVL36:
 734              	.LBB104:
 735              	.LBI104:
 621:Drivers/STM32WBxx_HAL_Driver/Inc/stm32wbxx_ll_ipcc.h **** {
 736              		.loc 2 621 26 view .LVU141
 737              	.LBB105:
 738              		.loc 2 623 3 view .LVU142
 739              		.loc 2 623 12 is_stmt 0 view .LVU143
 740 0016 0F4B     		ldr	r3, .L51
 741 0018 DB68     		ldr	r3, [r3, #12]
 742              		.loc 2 623 67 view .LVU144
 743 001a 13F0080F 		tst	r3, #8
 744 001e 04D1     		bne	.L46
 745              	.LVL37:
 746              		.loc 2 623 67 view .LVU145
 747              	.LBE105:
 748              	.LBE104:
 166:STM32_WPAN/Target/hw_ipcc.c ****   {
ARM GAS  C:\Users\843E~1\AppData\Local\Temp\ccJpJOBl.s 			page 116


 749              		.loc 1 166 12 view .LVU146
 750 0020 0C4B     		ldr	r3, .L51
 751 0022 5B68     		ldr	r3, [r3, #4]
 752 0024 13F4002F 		tst	r3, #524288
 753 0028 0DD0     		beq	.L49
 754              	.L46:
 170:STM32_WPAN/Target/hw_ipcc.c ****   {
 755              		.loc 1 170 8 is_stmt 1 view .LVU147
 756              	.LVL38:
 757              	.LBB106:
 758              	.LBI106:
 621:Drivers/STM32WBxx_HAL_Driver/Inc/stm32wbxx_ll_ipcc.h **** {
 759              		.loc 2 621 26 view .LVU148
 760              	.LBB107:
 761              		.loc 2 623 3 view .LVU149
 762              		.loc 2 623 12 is_stmt 0 view .LVU150
 763 002a 0A4B     		ldr	r3, .L51
 764 002c DB68     		ldr	r3, [r3, #12]
 765              		.loc 2 623 67 view .LVU151
 766 002e 13F0200F 		tst	r3, #32
 767 0032 04D1     		bne	.L43
 768              	.LVL39:
 769              		.loc 2 623 67 view .LVU152
 770              	.LBE107:
 771              	.LBE106:
 170:STM32_WPAN/Target/hw_ipcc.c ****   {
 772              		.loc 1 170 12 view .LVU153
 773 0034 074B     		ldr	r3, .L51
 774 0036 5B68     		ldr	r3, [r3, #4]
 775 0038 13F4001F 		tst	r3, #2097152
 776 003c 06D0     		beq	.L50
 777              	.L43:
 176:STM32_WPAN/Target/hw_ipcc.c **** /******************************************************************************
 778              		.loc 1 176 1 view .LVU154
 779 003e 08BD     		pop	{r3, pc}
 780              	.L48:
 143:STM32_WPAN/Target/hw_ipcc.c ****   }
 781              		.loc 1 143 5 is_stmt 1 view .LVU155
 782 0040 FFF7FEFF 		bl	HW_IPCC_SYS_CmdEvtHandler
 783              	.LVL40:
 784 0044 FBE7     		b	.L43
 785              	.L49:
 168:STM32_WPAN/Target/hw_ipcc.c ****   }
 786              		.loc 1 168 5 view .LVU156
 787 0046 FFF7FEFF 		bl	HW_IPCC_MM_FreeBufHandler
 788              	.LVL41:
 789 004a F8E7     		b	.L43
 790              	.L50:
 172:STM32_WPAN/Target/hw_ipcc.c ****   }
 791              		.loc 1 172 5 view .LVU157
 792 004c FFF7FEFF 		bl	HW_IPCC_BLE_AclDataEvtHandler
 793              	.LVL42:
 175:STM32_WPAN/Target/hw_ipcc.c **** }
 794              		.loc 1 175 3 view .LVU158
 795 0050 F5E7     		b	.L43
 796              	.L52:
 797 0052 00BF     		.align	2
ARM GAS  C:\Users\843E~1\AppData\Local\Temp\ccJpJOBl.s 			page 117


 798              	.L51:
 799 0054 000C0058 		.word	1476398080
 800              		.cfi_endproc
 801              	.LFE1262:
 803              		.section	.text.HW_IPCC_SYS_EvtNot,"ax",%progbits
 804              		.align	1
 805              		.weak	HW_IPCC_SYS_EvtNot
 806              		.syntax unified
 807              		.thumb
 808              		.thumb_func
 810              	HW_IPCC_SYS_EvtNot:
 811              	.LFB1277:
 307:STM32_WPAN/Target/hw_ipcc.c **** 
 812              		.loc 1 307 39 view -0
 813              		.cfi_startproc
 814              		@ args = 0, pretend = 0, frame = 0
 815              		@ frame_needed = 0, uses_anonymous_args = 0
 816              		@ link register save eliminated.
 307:STM32_WPAN/Target/hw_ipcc.c **** 
 817              		.loc 1 307 40 view .LVU160
 818 0000 7047     		bx	lr
 819              		.cfi_endproc
 820              	.LFE1277:
 822              		.section	.text.HW_IPCC_SYS_EvtHandler,"ax",%progbits
 823              		.align	1
 824              		.syntax unified
 825              		.thumb
 826              		.thumb_func
 828              	HW_IPCC_SYS_EvtHandler:
 829              	.LFB1275:
 298:STM32_WPAN/Target/hw_ipcc.c ****   HW_IPCC_SYS_EvtNot();
 830              		.loc 1 298 1 view -0
 831              		.cfi_startproc
 832              		@ args = 0, pretend = 0, frame = 0
 833              		@ frame_needed = 0, uses_anonymous_args = 0
 834 0000 08B5     		push	{r3, lr}
 835              	.LCFI10:
 836              		.cfi_def_cfa_offset 8
 837              		.cfi_offset 3, -8
 838              		.cfi_offset 14, -4
 299:STM32_WPAN/Target/hw_ipcc.c **** 
 839              		.loc 1 299 3 view .LVU162
 840 0002 FFF7FEFF 		bl	HW_IPCC_SYS_EvtNot
 841              	.LVL43:
 301:STM32_WPAN/Target/hw_ipcc.c **** 
 842              		.loc 1 301 3 view .LVU163
 843              	.LBB108:
 844              	.LBI108:
 574:Drivers/STM32WBxx_HAL_Driver/Inc/stm32wbxx_ll_ipcc.h **** {
 845              		.loc 2 574 22 view .LVU164
 846              	.LBB109:
 576:Drivers/STM32WBxx_HAL_Driver/Inc/stm32wbxx_ll_ipcc.h **** }
 847              		.loc 2 576 3 view .LVU165
 848 0006 024B     		ldr	r3, .L56
 849 0008 0222     		movs	r2, #2
 850 000a 9A60     		str	r2, [r3, #8]
 851              	.LVL44:
ARM GAS  C:\Users\843E~1\AppData\Local\Temp\ccJpJOBl.s 			page 118


 576:Drivers/STM32WBxx_HAL_Driver/Inc/stm32wbxx_ll_ipcc.h **** }
 852              		.loc 2 576 3 is_stmt 0 view .LVU166
 853              	.LBE109:
 854              	.LBE108:
 303:STM32_WPAN/Target/hw_ipcc.c **** }
 855              		.loc 1 303 3 is_stmt 1 view .LVU167
 304:STM32_WPAN/Target/hw_ipcc.c **** 
 856              		.loc 1 304 1 is_stmt 0 view .LVU168
 857 000c 08BD     		pop	{r3, pc}
 858              	.L57:
 859 000e 00BF     		.align	2
 860              	.L56:
 861 0010 000C0058 		.word	1476398080
 862              		.cfi_endproc
 863              	.LFE1275:
 865              		.section	.text.HW_IPCC_MM_SendFreeBuf,"ax",%progbits
 866              		.align	1
 867              		.global	HW_IPCC_MM_SendFreeBuf
 868              		.syntax unified
 869              		.thumb
 870              		.thumb_func
 872              	HW_IPCC_MM_SendFreeBuf:
 873              	.LVL45:
 874              	.LFB1278:
 623:STM32_WPAN/Target/hw_ipcc.c ****   if ( LL_C1_IPCC_IsActiveFlag_CHx( IPCC, HW_IPCC_MM_RELEASE_BUFFER_CHANNEL ) )
 875              		.loc 1 623 1 is_stmt 1 view -0
 876              		.cfi_startproc
 877              		@ args = 0, pretend = 0, frame = 0
 878              		@ frame_needed = 0, uses_anonymous_args = 0
 623:STM32_WPAN/Target/hw_ipcc.c ****   if ( LL_C1_IPCC_IsActiveFlag_CHx( IPCC, HW_IPCC_MM_RELEASE_BUFFER_CHANNEL ) )
 879              		.loc 1 623 1 is_stmt 0 view .LVU170
 880 0000 08B5     		push	{r3, lr}
 881              	.LCFI11:
 882              		.cfi_def_cfa_offset 8
 883              		.cfi_offset 3, -8
 884              		.cfi_offset 14, -4
 624:STM32_WPAN/Target/hw_ipcc.c ****   {
 885              		.loc 1 624 3 is_stmt 1 view .LVU171
 886              	.LVL46:
 887              	.LBB110:
 888              	.LBI110:
 621:Drivers/STM32WBxx_HAL_Driver/Inc/stm32wbxx_ll_ipcc.h **** {
 889              		.loc 2 621 26 view .LVU172
 890              	.LBB111:
 891              		.loc 2 623 3 view .LVU173
 892              		.loc 2 623 12 is_stmt 0 view .LVU174
 893 0002 094B     		ldr	r3, .L63
 894 0004 DB68     		ldr	r3, [r3, #12]
 895              		.loc 2 623 67 view .LVU175
 896 0006 13F0080F 		tst	r3, #8
 897 000a 05D1     		bne	.L62
 898              	.LVL47:
 899              		.loc 2 623 67 view .LVU176
 900              	.LBE111:
 901              	.LBE110:
 631:STM32_WPAN/Target/hw_ipcc.c **** 
 902              		.loc 1 631 5 is_stmt 1 view .LVU177
ARM GAS  C:\Users\843E~1\AppData\Local\Temp\ccJpJOBl.s 			page 119


 903 000c 8047     		blx	r0
 904              	.LVL48:
 633:STM32_WPAN/Target/hw_ipcc.c ****   }
 905              		.loc 1 633 5 view .LVU178
 906              	.LBB112:
 907              	.LBI112:
 598:Drivers/STM32WBxx_HAL_Driver/Inc/stm32wbxx_ll_ipcc.h **** {
 908              		.loc 2 598 22 view .LVU179
 909              	.LBB113:
 600:Drivers/STM32WBxx_HAL_Driver/Inc/stm32wbxx_ll_ipcc.h **** }
 910              		.loc 2 600 3 view .LVU180
 911 000e 064B     		ldr	r3, .L63
 912 0010 4FF40022 		mov	r2, #524288
 913 0014 9A60     		str	r2, [r3, #8]
 914              	.LVL49:
 600:Drivers/STM32WBxx_HAL_Driver/Inc/stm32wbxx_ll_ipcc.h **** }
 915              		.loc 2 600 3 is_stmt 0 view .LVU181
 916              	.LBE113:
 917              	.LBE112:
 636:STM32_WPAN/Target/hw_ipcc.c **** }
 918              		.loc 1 636 3 is_stmt 1 view .LVU182
 919              	.L58:
 637:STM32_WPAN/Target/hw_ipcc.c **** 
 920              		.loc 1 637 1 is_stmt 0 view .LVU183
 921 0016 08BD     		pop	{r3, pc}
 922              	.LVL50:
 923              	.L62:
 626:STM32_WPAN/Target/hw_ipcc.c ****     LL_C1_IPCC_EnableTransmitChannel( IPCC, HW_IPCC_MM_RELEASE_BUFFER_CHANNEL );
 924              		.loc 1 626 5 is_stmt 1 view .LVU184
 626:STM32_WPAN/Target/hw_ipcc.c ****     LL_C1_IPCC_EnableTransmitChannel( IPCC, HW_IPCC_MM_RELEASE_BUFFER_CHANNEL );
 925              		.loc 1 626 15 is_stmt 0 view .LVU185
 926 0018 044B     		ldr	r3, .L63+4
 927 001a 1860     		str	r0, [r3]
 627:STM32_WPAN/Target/hw_ipcc.c ****   }
 928              		.loc 1 627 5 is_stmt 1 view .LVU186
 929              	.LVL51:
 930              	.LBB114:
 931              	.LBI114:
 289:Drivers/STM32WBxx_HAL_Driver/Inc/stm32wbxx_ll_ipcc.h **** {
 932              		.loc 2 289 22 view .LVU187
 933              	.LBB115:
 291:Drivers/STM32WBxx_HAL_Driver/Inc/stm32wbxx_ll_ipcc.h **** }
 934              		.loc 2 291 3 view .LVU188
 935 001c 024A     		ldr	r2, .L63
 936 001e 5368     		ldr	r3, [r2, #4]
 937 0020 23F40023 		bic	r3, r3, #524288
 938 0024 5360     		str	r3, [r2, #4]
 292:Drivers/STM32WBxx_HAL_Driver/Inc/stm32wbxx_ll_ipcc.h **** 
 939              		.loc 2 292 1 is_stmt 0 view .LVU189
 940 0026 F6E7     		b	.L58
 941              	.L64:
 942              		.align	2
 943              	.L63:
 944 0028 000C0058 		.word	1476398080
 945 002c 00000000 		.word	.LANCHOR0
 946              	.LBE115:
 947              	.LBE114:
ARM GAS  C:\Users\843E~1\AppData\Local\Temp\ccJpJOBl.s 			page 120


 948              		.cfi_endproc
 949              	.LFE1278:
 951              		.section	.text.HW_IPCC_TRACES_Init,"ax",%progbits
 952              		.align	1
 953              		.global	HW_IPCC_TRACES_Init
 954              		.syntax unified
 955              		.thumb
 956              		.thumb_func
 958              	HW_IPCC_TRACES_Init:
 959              	.LFB1280:
 649:STM32_WPAN/Target/hw_ipcc.c **** 
 650:STM32_WPAN/Target/hw_ipcc.c **** /******************************************************************************
 651:STM32_WPAN/Target/hw_ipcc.c ****  * TRACES
 652:STM32_WPAN/Target/hw_ipcc.c ****  ******************************************************************************/
 653:STM32_WPAN/Target/hw_ipcc.c **** void HW_IPCC_TRACES_Init( void )
 654:STM32_WPAN/Target/hw_ipcc.c **** {
 960              		.loc 1 654 1 is_stmt 1 view -0
 961              		.cfi_startproc
 962              		@ args = 0, pretend = 0, frame = 0
 963              		@ frame_needed = 0, uses_anonymous_args = 0
 964              		@ link register save eliminated.
 655:STM32_WPAN/Target/hw_ipcc.c ****   LL_C1_IPCC_EnableReceiveChannel( IPCC, HW_IPCC_TRACES_CHANNEL );
 965              		.loc 1 655 3 view .LVU191
 966              	.LVL52:
 967              	.LBB116:
 968              	.LBI116:
 358:Drivers/STM32WBxx_HAL_Driver/Inc/stm32wbxx_ll_ipcc.h **** {
 969              		.loc 2 358 22 view .LVU192
 970              	.LBB117:
 360:Drivers/STM32WBxx_HAL_Driver/Inc/stm32wbxx_ll_ipcc.h **** }
 971              		.loc 2 360 3 view .LVU193
 972 0000 024A     		ldr	r2, .L66
 973 0002 5368     		ldr	r3, [r2, #4]
 974 0004 23F00803 		bic	r3, r3, #8
 975 0008 5360     		str	r3, [r2, #4]
 976              	.LVL53:
 360:Drivers/STM32WBxx_HAL_Driver/Inc/stm32wbxx_ll_ipcc.h **** }
 977              		.loc 2 360 3 is_stmt 0 view .LVU194
 978              	.LBE117:
 979              	.LBE116:
 656:STM32_WPAN/Target/hw_ipcc.c **** 
 657:STM32_WPAN/Target/hw_ipcc.c ****   return;
 980              		.loc 1 657 3 is_stmt 1 view .LVU195
 658:STM32_WPAN/Target/hw_ipcc.c **** }
 981              		.loc 1 658 1 is_stmt 0 view .LVU196
 982 000a 7047     		bx	lr
 983              	.L67:
 984              		.align	2
 985              	.L66:
 986 000c 000C0058 		.word	1476398080
 987              		.cfi_endproc
 988              	.LFE1280:
 990              		.section	.text.HW_IPCC_TRACES_EvtNot,"ax",%progbits
 991              		.align	1
 992              		.weak	HW_IPCC_TRACES_EvtNot
 993              		.syntax unified
 994              		.thumb
ARM GAS  C:\Users\843E~1\AppData\Local\Temp\ccJpJOBl.s 			page 121


 995              		.thumb_func
 997              	HW_IPCC_TRACES_EvtNot:
 998              	.LFB1282:
 659:STM32_WPAN/Target/hw_ipcc.c **** 
 660:STM32_WPAN/Target/hw_ipcc.c **** static void HW_IPCC_TRACES_EvtHandler( void )
 661:STM32_WPAN/Target/hw_ipcc.c **** {
 662:STM32_WPAN/Target/hw_ipcc.c ****   HW_IPCC_TRACES_EvtNot();
 663:STM32_WPAN/Target/hw_ipcc.c **** 
 664:STM32_WPAN/Target/hw_ipcc.c ****   LL_C1_IPCC_ClearFlag_CHx( IPCC, HW_IPCC_TRACES_CHANNEL );
 665:STM32_WPAN/Target/hw_ipcc.c **** 
 666:STM32_WPAN/Target/hw_ipcc.c ****   return;
 667:STM32_WPAN/Target/hw_ipcc.c **** }
 668:STM32_WPAN/Target/hw_ipcc.c **** 
 669:STM32_WPAN/Target/hw_ipcc.c **** __weak void HW_IPCC_TRACES_EvtNot( void ){};
 999              		.loc 1 669 42 is_stmt 1 view -0
 1000              		.cfi_startproc
 1001              		@ args = 0, pretend = 0, frame = 0
 1002              		@ frame_needed = 0, uses_anonymous_args = 0
 1003              		@ link register save eliminated.
 1004              		.loc 1 669 43 view .LVU198
 1005 0000 7047     		bx	lr
 1006              		.cfi_endproc
 1007              	.LFE1282:
 1009              		.section	.text.HW_IPCC_TRACES_EvtHandler,"ax",%progbits
 1010              		.align	1
 1011              		.syntax unified
 1012              		.thumb
 1013              		.thumb_func
 1015              	HW_IPCC_TRACES_EvtHandler:
 1016              	.LFB1281:
 661:STM32_WPAN/Target/hw_ipcc.c ****   HW_IPCC_TRACES_EvtNot();
 1017              		.loc 1 661 1 view -0
 1018              		.cfi_startproc
 1019              		@ args = 0, pretend = 0, frame = 0
 1020              		@ frame_needed = 0, uses_anonymous_args = 0
 1021 0000 08B5     		push	{r3, lr}
 1022              	.LCFI12:
 1023              		.cfi_def_cfa_offset 8
 1024              		.cfi_offset 3, -8
 1025              		.cfi_offset 14, -4
 662:STM32_WPAN/Target/hw_ipcc.c **** 
 1026              		.loc 1 662 3 view .LVU200
 1027 0002 FFF7FEFF 		bl	HW_IPCC_TRACES_EvtNot
 1028              	.LVL54:
 664:STM32_WPAN/Target/hw_ipcc.c **** 
 1029              		.loc 1 664 3 view .LVU201
 1030              	.LBB118:
 1031              	.LBI118:
 574:Drivers/STM32WBxx_HAL_Driver/Inc/stm32wbxx_ll_ipcc.h **** {
 1032              		.loc 2 574 22 view .LVU202
 1033              	.LBB119:
 576:Drivers/STM32WBxx_HAL_Driver/Inc/stm32wbxx_ll_ipcc.h **** }
 1034              		.loc 2 576 3 view .LVU203
 1035 0006 024B     		ldr	r3, .L71
 1036 0008 0822     		movs	r2, #8
 1037 000a 9A60     		str	r2, [r3, #8]
 1038              	.LVL55:
ARM GAS  C:\Users\843E~1\AppData\Local\Temp\ccJpJOBl.s 			page 122


 576:Drivers/STM32WBxx_HAL_Driver/Inc/stm32wbxx_ll_ipcc.h **** }
 1039              		.loc 2 576 3 is_stmt 0 view .LVU204
 1040              	.LBE119:
 1041              	.LBE118:
 666:STM32_WPAN/Target/hw_ipcc.c **** }
 1042              		.loc 1 666 3 is_stmt 1 view .LVU205
 667:STM32_WPAN/Target/hw_ipcc.c **** 
 1043              		.loc 1 667 1 is_stmt 0 view .LVU206
 1044 000c 08BD     		pop	{r3, pc}
 1045              	.L72:
 1046 000e 00BF     		.align	2
 1047              	.L71:
 1048 0010 000C0058 		.word	1476398080
 1049              		.cfi_endproc
 1050              	.LFE1281:
 1052              		.section	.text.HW_IPCC_Rx_Handler,"ax",%progbits
 1053              		.align	1
 1054              		.global	HW_IPCC_Rx_Handler
 1055              		.syntax unified
 1056              		.thumb
 1057              		.thumb_func
 1059              	HW_IPCC_Rx_Handler:
 1060              	.LFB1261:
  76:STM32_WPAN/Target/hw_ipcc.c ****   if (HW_IPCC_RX_PENDING( HW_IPCC_SYSTEM_EVENT_CHANNEL ))
 1061              		.loc 1 76 1 is_stmt 1 view -0
 1062              		.cfi_startproc
 1063              		@ args = 0, pretend = 0, frame = 0
 1064              		@ frame_needed = 0, uses_anonymous_args = 0
 1065 0000 08B5     		push	{r3, lr}
 1066              	.LCFI13:
 1067              		.cfi_def_cfa_offset 8
 1068              		.cfi_offset 3, -8
 1069              		.cfi_offset 14, -4
  77:STM32_WPAN/Target/hw_ipcc.c ****   {
 1070              		.loc 1 77 3 view .LVU208
 1071              	.LVL56:
 1072              	.LBB120:
 1073              	.LBI120:
 624:Drivers/STM32WBxx_HAL_Driver/Inc/stm32wbxx_ll_ipcc.h **** }
 625:Drivers/STM32WBxx_HAL_Driver/Inc/stm32wbxx_ll_ipcc.h **** 
 626:Drivers/STM32WBxx_HAL_Driver/Inc/stm32wbxx_ll_ipcc.h **** /**
 627:Drivers/STM32WBxx_HAL_Driver/Inc/stm32wbxx_ll_ipcc.h ****   * @brief  Clear IPCC receive channel status for processor 2.
 628:Drivers/STM32WBxx_HAL_Driver/Inc/stm32wbxx_ll_ipcc.h ****   * @note   Associated with IPCC_C1TOC2SR.CHxF
 629:Drivers/STM32WBxx_HAL_Driver/Inc/stm32wbxx_ll_ipcc.h ****   * @rmtoll C2SCR        CH1C           LL_C2_IPCC_ClearFlag_CHx\n
 630:Drivers/STM32WBxx_HAL_Driver/Inc/stm32wbxx_ll_ipcc.h ****   *         C2SCR        CH2C           LL_C2_IPCC_ClearFlag_CHx\n
 631:Drivers/STM32WBxx_HAL_Driver/Inc/stm32wbxx_ll_ipcc.h ****   *         C2SCR        CH3C           LL_C2_IPCC_ClearFlag_CHx\n
 632:Drivers/STM32WBxx_HAL_Driver/Inc/stm32wbxx_ll_ipcc.h ****   *         C2SCR        CH4C           LL_C2_IPCC_ClearFlag_CHx\n
 633:Drivers/STM32WBxx_HAL_Driver/Inc/stm32wbxx_ll_ipcc.h ****   *         C2SCR        CH5C           LL_C2_IPCC_ClearFlag_CHx\n
 634:Drivers/STM32WBxx_HAL_Driver/Inc/stm32wbxx_ll_ipcc.h ****   *         C2SCR        CH6C           LL_C2_IPCC_ClearFlag_CHx
 635:Drivers/STM32WBxx_HAL_Driver/Inc/stm32wbxx_ll_ipcc.h ****   * @param  IPCCx IPCC Instance.
 636:Drivers/STM32WBxx_HAL_Driver/Inc/stm32wbxx_ll_ipcc.h ****   * @param  Channel This parameter can be a combination of the following values:
 637:Drivers/STM32WBxx_HAL_Driver/Inc/stm32wbxx_ll_ipcc.h ****   *         @arg @ref LL_IPCC_CHANNEL_1
 638:Drivers/STM32WBxx_HAL_Driver/Inc/stm32wbxx_ll_ipcc.h ****   *         @arg @ref LL_IPCC_CHANNEL_2
 639:Drivers/STM32WBxx_HAL_Driver/Inc/stm32wbxx_ll_ipcc.h ****   *         @arg @ref LL_IPCC_CHANNEL_3
 640:Drivers/STM32WBxx_HAL_Driver/Inc/stm32wbxx_ll_ipcc.h ****   *         @arg @ref LL_IPCC_CHANNEL_4
 641:Drivers/STM32WBxx_HAL_Driver/Inc/stm32wbxx_ll_ipcc.h ****   *         @arg @ref LL_IPCC_CHANNEL_5
 642:Drivers/STM32WBxx_HAL_Driver/Inc/stm32wbxx_ll_ipcc.h ****   *         @arg @ref LL_IPCC_CHANNEL_6
ARM GAS  C:\Users\843E~1\AppData\Local\Temp\ccJpJOBl.s 			page 123


 643:Drivers/STM32WBxx_HAL_Driver/Inc/stm32wbxx_ll_ipcc.h ****   * @retval None
 644:Drivers/STM32WBxx_HAL_Driver/Inc/stm32wbxx_ll_ipcc.h ****   */
 645:Drivers/STM32WBxx_HAL_Driver/Inc/stm32wbxx_ll_ipcc.h **** __STATIC_INLINE void LL_C2_IPCC_ClearFlag_CHx(IPCC_TypeDef *IPCCx, uint32_t Channel)
 646:Drivers/STM32WBxx_HAL_Driver/Inc/stm32wbxx_ll_ipcc.h **** {
 647:Drivers/STM32WBxx_HAL_Driver/Inc/stm32wbxx_ll_ipcc.h ****   WRITE_REG(IPCCx->C2SCR, Channel);
 648:Drivers/STM32WBxx_HAL_Driver/Inc/stm32wbxx_ll_ipcc.h **** }
 649:Drivers/STM32WBxx_HAL_Driver/Inc/stm32wbxx_ll_ipcc.h **** 
 650:Drivers/STM32WBxx_HAL_Driver/Inc/stm32wbxx_ll_ipcc.h **** /**
 651:Drivers/STM32WBxx_HAL_Driver/Inc/stm32wbxx_ll_ipcc.h ****   * @brief  Set IPCC transmit channel status for processor 2.
 652:Drivers/STM32WBxx_HAL_Driver/Inc/stm32wbxx_ll_ipcc.h ****   * @note   Associated with IPCC_C2TOC1SR.CHxF
 653:Drivers/STM32WBxx_HAL_Driver/Inc/stm32wbxx_ll_ipcc.h ****   * @rmtoll C2SCR        CH1S           LL_C2_IPCC_SetFlag_CHx\n
 654:Drivers/STM32WBxx_HAL_Driver/Inc/stm32wbxx_ll_ipcc.h ****   *         C2SCR        CH2S           LL_C2_IPCC_SetFlag_CHx\n
 655:Drivers/STM32WBxx_HAL_Driver/Inc/stm32wbxx_ll_ipcc.h ****   *         C2SCR        CH3S           LL_C2_IPCC_SetFlag_CHx\n
 656:Drivers/STM32WBxx_HAL_Driver/Inc/stm32wbxx_ll_ipcc.h ****   *         C2SCR        CH4S           LL_C2_IPCC_SetFlag_CHx\n
 657:Drivers/STM32WBxx_HAL_Driver/Inc/stm32wbxx_ll_ipcc.h ****   *         C2SCR        CH5S           LL_C2_IPCC_SetFlag_CHx\n
 658:Drivers/STM32WBxx_HAL_Driver/Inc/stm32wbxx_ll_ipcc.h ****   *         C2SCR        CH6S           LL_C2_IPCC_SetFlag_CHx
 659:Drivers/STM32WBxx_HAL_Driver/Inc/stm32wbxx_ll_ipcc.h ****   * @param  IPCCx IPCC Instance.
 660:Drivers/STM32WBxx_HAL_Driver/Inc/stm32wbxx_ll_ipcc.h ****   * @param  Channel This parameter can be a combination of the following values:
 661:Drivers/STM32WBxx_HAL_Driver/Inc/stm32wbxx_ll_ipcc.h ****   *         @arg @ref LL_IPCC_CHANNEL_1
 662:Drivers/STM32WBxx_HAL_Driver/Inc/stm32wbxx_ll_ipcc.h ****   *         @arg @ref LL_IPCC_CHANNEL_2
 663:Drivers/STM32WBxx_HAL_Driver/Inc/stm32wbxx_ll_ipcc.h ****   *         @arg @ref LL_IPCC_CHANNEL_3
 664:Drivers/STM32WBxx_HAL_Driver/Inc/stm32wbxx_ll_ipcc.h ****   *         @arg @ref LL_IPCC_CHANNEL_4
 665:Drivers/STM32WBxx_HAL_Driver/Inc/stm32wbxx_ll_ipcc.h ****   *         @arg @ref LL_IPCC_CHANNEL_5
 666:Drivers/STM32WBxx_HAL_Driver/Inc/stm32wbxx_ll_ipcc.h ****   *         @arg @ref LL_IPCC_CHANNEL_6
 667:Drivers/STM32WBxx_HAL_Driver/Inc/stm32wbxx_ll_ipcc.h ****   * @retval None
 668:Drivers/STM32WBxx_HAL_Driver/Inc/stm32wbxx_ll_ipcc.h ****   */
 669:Drivers/STM32WBxx_HAL_Driver/Inc/stm32wbxx_ll_ipcc.h **** __STATIC_INLINE void LL_C2_IPCC_SetFlag_CHx(IPCC_TypeDef *IPCCx, uint32_t Channel)
 670:Drivers/STM32WBxx_HAL_Driver/Inc/stm32wbxx_ll_ipcc.h **** {
 671:Drivers/STM32WBxx_HAL_Driver/Inc/stm32wbxx_ll_ipcc.h ****   WRITE_REG(IPCCx->C2SCR, Channel << IPCC_C2SCR_CH1S_Pos);
 672:Drivers/STM32WBxx_HAL_Driver/Inc/stm32wbxx_ll_ipcc.h **** }
 673:Drivers/STM32WBxx_HAL_Driver/Inc/stm32wbxx_ll_ipcc.h **** 
 674:Drivers/STM32WBxx_HAL_Driver/Inc/stm32wbxx_ll_ipcc.h **** /**
 675:Drivers/STM32WBxx_HAL_Driver/Inc/stm32wbxx_ll_ipcc.h ****   * @brief  Get channel status for processor 2.
 676:Drivers/STM32WBxx_HAL_Driver/Inc/stm32wbxx_ll_ipcc.h ****   * @rmtoll C2TOC1SR        CH1F           LL_C2_IPCC_IsActiveFlag_CHx\n
 677:Drivers/STM32WBxx_HAL_Driver/Inc/stm32wbxx_ll_ipcc.h ****   *         C2TOC1SR        CH2F           LL_C2_IPCC_IsActiveFlag_CHx\n
 678:Drivers/STM32WBxx_HAL_Driver/Inc/stm32wbxx_ll_ipcc.h ****   *         C2TOC1SR        CH3F           LL_C2_IPCC_IsActiveFlag_CHx\n
 679:Drivers/STM32WBxx_HAL_Driver/Inc/stm32wbxx_ll_ipcc.h ****   *         C2TOC1SR        CH4F           LL_C2_IPCC_IsActiveFlag_CHx\n
 680:Drivers/STM32WBxx_HAL_Driver/Inc/stm32wbxx_ll_ipcc.h ****   *         C2TOC1SR        CH5F           LL_C2_IPCC_IsActiveFlag_CHx\n
 681:Drivers/STM32WBxx_HAL_Driver/Inc/stm32wbxx_ll_ipcc.h ****   *         C2TOC1SR        CH6F           LL_C2_IPCC_IsActiveFlag_CHx
 682:Drivers/STM32WBxx_HAL_Driver/Inc/stm32wbxx_ll_ipcc.h ****   * @param  IPCCx IPCC Instance.
 683:Drivers/STM32WBxx_HAL_Driver/Inc/stm32wbxx_ll_ipcc.h ****   * @param  Channel This parameter can be one of the following values:
 684:Drivers/STM32WBxx_HAL_Driver/Inc/stm32wbxx_ll_ipcc.h ****   *         @arg @ref LL_IPCC_CHANNEL_1
 685:Drivers/STM32WBxx_HAL_Driver/Inc/stm32wbxx_ll_ipcc.h ****   *         @arg @ref LL_IPCC_CHANNEL_2
 686:Drivers/STM32WBxx_HAL_Driver/Inc/stm32wbxx_ll_ipcc.h ****   *         @arg @ref LL_IPCC_CHANNEL_3
 687:Drivers/STM32WBxx_HAL_Driver/Inc/stm32wbxx_ll_ipcc.h ****   *         @arg @ref LL_IPCC_CHANNEL_4
 688:Drivers/STM32WBxx_HAL_Driver/Inc/stm32wbxx_ll_ipcc.h ****   *         @arg @ref LL_IPCC_CHANNEL_5
 689:Drivers/STM32WBxx_HAL_Driver/Inc/stm32wbxx_ll_ipcc.h ****   *         @arg @ref LL_IPCC_CHANNEL_6
 690:Drivers/STM32WBxx_HAL_Driver/Inc/stm32wbxx_ll_ipcc.h ****   * @retval State of bit (1 or 0).
 691:Drivers/STM32WBxx_HAL_Driver/Inc/stm32wbxx_ll_ipcc.h ****   */
 692:Drivers/STM32WBxx_HAL_Driver/Inc/stm32wbxx_ll_ipcc.h **** __STATIC_INLINE uint32_t LL_C2_IPCC_IsActiveFlag_CHx(IPCC_TypeDef  const *const IPCCx, uint32_t Cha
 1074              		.loc 2 692 26 view .LVU209
 1075              	.LBB121:
 693:Drivers/STM32WBxx_HAL_Driver/Inc/stm32wbxx_ll_ipcc.h **** {
 694:Drivers/STM32WBxx_HAL_Driver/Inc/stm32wbxx_ll_ipcc.h ****   return ((READ_BIT(IPCCx->C2TOC1SR, Channel) == (Channel)) ? 1UL : 0UL);
 1076              		.loc 2 694 3 view .LVU210
 1077              		.loc 2 694 12 is_stmt 0 view .LVU211
 1078 0002 144B     		ldr	r3, .L81
ARM GAS  C:\Users\843E~1\AppData\Local\Temp\ccJpJOBl.s 			page 124


 1079 0004 DB69     		ldr	r3, [r3, #28]
 1080              		.loc 2 694 67 view .LVU212
 1081 0006 13F0020F 		tst	r3, #2
 1082 000a 0AD1     		bne	.L78
 1083              	.LVL57:
 1084              	.L74:
 1085              		.loc 2 694 67 view .LVU213
 1086              	.LBE121:
 1087              	.LBE120:
 127:STM32_WPAN/Target/hw_ipcc.c ****   {
 1088              		.loc 1 127 8 is_stmt 1 view .LVU214
 1089              	.LBB122:
 1090              	.LBI122:
 692:Drivers/STM32WBxx_HAL_Driver/Inc/stm32wbxx_ll_ipcc.h **** {
 1091              		.loc 2 692 26 view .LVU215
 1092              	.LBB123:
 1093              		.loc 2 694 3 view .LVU216
 1094              		.loc 2 694 12 is_stmt 0 view .LVU217
 1095 000c 114B     		ldr	r3, .L81
 1096 000e DB69     		ldr	r3, [r3, #28]
 1097              		.loc 2 694 67 view .LVU218
 1098 0010 13F0010F 		tst	r3, #1
 1099 0014 0DD1     		bne	.L79
 1100              	.LVL58:
 1101              	.L76:
 1102              		.loc 2 694 67 view .LVU219
 1103              	.LBE123:
 1104              	.LBE122:
 131:STM32_WPAN/Target/hw_ipcc.c ****   {
 1105              		.loc 1 131 8 is_stmt 1 view .LVU220
 1106              	.LBB124:
 1107              	.LBI124:
 692:Drivers/STM32WBxx_HAL_Driver/Inc/stm32wbxx_ll_ipcc.h **** {
 1108              		.loc 2 692 26 view .LVU221
 1109              	.LBB125:
 1110              		.loc 2 694 3 view .LVU222
 1111              		.loc 2 694 12 is_stmt 0 view .LVU223
 1112 0016 0F4B     		ldr	r3, .L81
 1113 0018 DB69     		ldr	r3, [r3, #28]
 1114              		.loc 2 694 67 view .LVU224
 1115 001a 13F0080F 		tst	r3, #8
 1116 001e 10D1     		bne	.L80
 1117              	.LVL59:
 1118              	.L73:
 1119              		.loc 2 694 67 view .LVU225
 1120              	.LBE125:
 1121              	.LBE124:
 137:STM32_WPAN/Target/hw_ipcc.c **** 
 1122              		.loc 1 137 1 view .LVU226
 1123 0020 08BD     		pop	{r3, pc}
 1124              	.LVL60:
 1125              	.L78:
  77:STM32_WPAN/Target/hw_ipcc.c ****   {
 1126              		.loc 1 77 7 view .LVU227
 1127 0022 0C4B     		ldr	r3, .L81
 1128 0024 5B68     		ldr	r3, [r3, #4]
 1129 0026 13F0020F 		tst	r3, #2
ARM GAS  C:\Users\843E~1\AppData\Local\Temp\ccJpJOBl.s 			page 125


 1130 002a EFD1     		bne	.L74
  79:STM32_WPAN/Target/hw_ipcc.c ****   }
 1131              		.loc 1 79 7 is_stmt 1 view .LVU228
 1132 002c FFF7FEFF 		bl	HW_IPCC_SYS_EvtHandler
 1133              	.LVL61:
 1134 0030 F6E7     		b	.L73
 1135              	.LVL62:
 1136              	.L79:
 127:STM32_WPAN/Target/hw_ipcc.c ****   {
 1137              		.loc 1 127 12 is_stmt 0 view .LVU229
 1138 0032 084B     		ldr	r3, .L81
 1139 0034 5B68     		ldr	r3, [r3, #4]
 127:STM32_WPAN/Target/hw_ipcc.c ****   {
 1140              		.loc 1 127 11 view .LVU230
 1141 0036 13F0010F 		tst	r3, #1
 1142 003a ECD1     		bne	.L76
 129:STM32_WPAN/Target/hw_ipcc.c ****   }
 1143              		.loc 1 129 5 is_stmt 1 view .LVU231
 1144 003c FFF7FEFF 		bl	HW_IPCC_BLE_EvtHandler
 1145              	.LVL63:
 1146 0040 EEE7     		b	.L73
 1147              	.LVL64:
 1148              	.L80:
 131:STM32_WPAN/Target/hw_ipcc.c ****   {
 1149              		.loc 1 131 12 is_stmt 0 view .LVU232
 1150 0042 044B     		ldr	r3, .L81
 1151 0044 5B68     		ldr	r3, [r3, #4]
 1152 0046 13F0080F 		tst	r3, #8
 1153 004a E9D1     		bne	.L73
 133:STM32_WPAN/Target/hw_ipcc.c ****   }
 1154              		.loc 1 133 5 is_stmt 1 view .LVU233
 1155 004c FFF7FEFF 		bl	HW_IPCC_TRACES_EvtHandler
 1156              	.LVL65:
 136:STM32_WPAN/Target/hw_ipcc.c **** }
 1157              		.loc 1 136 3 view .LVU234
 1158 0050 E6E7     		b	.L73
 1159              	.L82:
 1160 0052 00BF     		.align	2
 1161              	.L81:
 1162 0054 000C0058 		.word	1476398080
 1163              		.cfi_endproc
 1164              	.LFE1261:
 1166              		.section	.bss.FreeBufCb,"aw",%nobits
 1167              		.align	2
 1168              		.set	.LANCHOR0,. + 0
 1171              	FreeBufCb:
 1172 0000 00000000 		.space	4
 1173              		.text
 1174              	.Letext0:
 1175              		.file 6 "g:\\arm\\10 2021.10\\arm-none-eabi\\include\\machine\\_default_types.h"
 1176              		.file 7 "g:\\arm\\10 2021.10\\arm-none-eabi\\include\\sys\\_stdint.h"
 1177              		.file 8 "Drivers/CMSIS/Device/ST/STM32WBxx/Include/stm32wb55xx.h"
 1178              		.file 9 "Core/Inc/app_conf.h"
 1179              		.file 10 "Drivers/STM32WBxx_HAL_Driver/Inc/stm32wbxx_hal_cortex.h"
ARM GAS  C:\Users\843E~1\AppData\Local\Temp\ccJpJOBl.s 			page 126


DEFINED SYMBOLS
                            *ABS*:00000000 hw_ipcc.c
C:\Users\843E~1\AppData\Local\Temp\ccJpJOBl.s:20     .text.HW_IPCC_MM_FreeBufHandler:00000000 $t
C:\Users\843E~1\AppData\Local\Temp\ccJpJOBl.s:25     .text.HW_IPCC_MM_FreeBufHandler:00000000 HW_IPCC_MM_FreeBufHandler
C:\Users\843E~1\AppData\Local\Temp\ccJpJOBl.s:76     .text.HW_IPCC_MM_FreeBufHandler:0000001c $d
C:\Users\843E~1\AppData\Local\Temp\ccJpJOBl.s:82     .text.HW_IPCC_Enable:00000000 $t
C:\Users\843E~1\AppData\Local\Temp\ccJpJOBl.s:88     .text.HW_IPCC_Enable:00000000 HW_IPCC_Enable
C:\Users\843E~1\AppData\Local\Temp\ccJpJOBl.s:185    .text.HW_IPCC_Enable:00000048 $d
C:\Users\843E~1\AppData\Local\Temp\ccJpJOBl.s:191    .text.HW_IPCC_Init:00000000 $t
C:\Users\843E~1\AppData\Local\Temp\ccJpJOBl.s:197    .text.HW_IPCC_Init:00000000 HW_IPCC_Init
C:\Users\843E~1\AppData\Local\Temp\ccJpJOBl.s:279    .text.HW_IPCC_Init:00000040 $d
C:\Users\843E~1\AppData\Local\Temp\ccJpJOBl.s:284    .text.HW_IPCC_BLE_Init:00000000 $t
C:\Users\843E~1\AppData\Local\Temp\ccJpJOBl.s:290    .text.HW_IPCC_BLE_Init:00000000 HW_IPCC_BLE_Init
C:\Users\843E~1\AppData\Local\Temp\ccJpJOBl.s:318    .text.HW_IPCC_BLE_Init:0000000c $d
C:\Users\843E~1\AppData\Local\Temp\ccJpJOBl.s:323    .text.HW_IPCC_BLE_SendCmd:00000000 $t
C:\Users\843E~1\AppData\Local\Temp\ccJpJOBl.s:329    .text.HW_IPCC_BLE_SendCmd:00000000 HW_IPCC_BLE_SendCmd
C:\Users\843E~1\AppData\Local\Temp\ccJpJOBl.s:356    .text.HW_IPCC_BLE_SendCmd:0000000c $d
C:\Users\843E~1\AppData\Local\Temp\ccJpJOBl.s:361    .text.HW_IPCC_BLE_SendAclData:00000000 $t
C:\Users\843E~1\AppData\Local\Temp\ccJpJOBl.s:367    .text.HW_IPCC_BLE_SendAclData:00000000 HW_IPCC_BLE_SendAclData
C:\Users\843E~1\AppData\Local\Temp\ccJpJOBl.s:407    .text.HW_IPCC_BLE_SendAclData:00000014 $d
C:\Users\843E~1\AppData\Local\Temp\ccJpJOBl.s:412    .text.HW_IPCC_BLE_AclDataAckNot:00000000 $t
C:\Users\843E~1\AppData\Local\Temp\ccJpJOBl.s:418    .text.HW_IPCC_BLE_AclDataAckNot:00000000 HW_IPCC_BLE_AclDataAckNot
C:\Users\843E~1\AppData\Local\Temp\ccJpJOBl.s:431    .text.HW_IPCC_BLE_AclDataEvtHandler:00000000 $t
C:\Users\843E~1\AppData\Local\Temp\ccJpJOBl.s:436    .text.HW_IPCC_BLE_AclDataEvtHandler:00000000 HW_IPCC_BLE_AclDataEvtHandler
C:\Users\843E~1\AppData\Local\Temp\ccJpJOBl.s:471    .text.HW_IPCC_BLE_AclDataEvtHandler:00000014 $d
C:\Users\843E~1\AppData\Local\Temp\ccJpJOBl.s:476    .text.HW_IPCC_BLE_RxEvtNot:00000000 $t
C:\Users\843E~1\AppData\Local\Temp\ccJpJOBl.s:482    .text.HW_IPCC_BLE_RxEvtNot:00000000 HW_IPCC_BLE_RxEvtNot
C:\Users\843E~1\AppData\Local\Temp\ccJpJOBl.s:495    .text.HW_IPCC_BLE_EvtHandler:00000000 $t
C:\Users\843E~1\AppData\Local\Temp\ccJpJOBl.s:500    .text.HW_IPCC_BLE_EvtHandler:00000000 HW_IPCC_BLE_EvtHandler
C:\Users\843E~1\AppData\Local\Temp\ccJpJOBl.s:533    .text.HW_IPCC_BLE_EvtHandler:00000010 $d
C:\Users\843E~1\AppData\Local\Temp\ccJpJOBl.s:538    .text.HW_IPCC_SYS_Init:00000000 $t
C:\Users\843E~1\AppData\Local\Temp\ccJpJOBl.s:544    .text.HW_IPCC_SYS_Init:00000000 HW_IPCC_SYS_Init
C:\Users\843E~1\AppData\Local\Temp\ccJpJOBl.s:572    .text.HW_IPCC_SYS_Init:0000000c $d
C:\Users\843E~1\AppData\Local\Temp\ccJpJOBl.s:577    .text.HW_IPCC_SYS_SendCmd:00000000 $t
C:\Users\843E~1\AppData\Local\Temp\ccJpJOBl.s:583    .text.HW_IPCC_SYS_SendCmd:00000000 HW_IPCC_SYS_SendCmd
C:\Users\843E~1\AppData\Local\Temp\ccJpJOBl.s:623    .text.HW_IPCC_SYS_SendCmd:00000014 $d
C:\Users\843E~1\AppData\Local\Temp\ccJpJOBl.s:628    .text.HW_IPCC_SYS_CmdEvtNot:00000000 $t
C:\Users\843E~1\AppData\Local\Temp\ccJpJOBl.s:634    .text.HW_IPCC_SYS_CmdEvtNot:00000000 HW_IPCC_SYS_CmdEvtNot
C:\Users\843E~1\AppData\Local\Temp\ccJpJOBl.s:647    .text.HW_IPCC_SYS_CmdEvtHandler:00000000 $t
C:\Users\843E~1\AppData\Local\Temp\ccJpJOBl.s:652    .text.HW_IPCC_SYS_CmdEvtHandler:00000000 HW_IPCC_SYS_CmdEvtHandler
C:\Users\843E~1\AppData\Local\Temp\ccJpJOBl.s:687    .text.HW_IPCC_SYS_CmdEvtHandler:00000014 $d
C:\Users\843E~1\AppData\Local\Temp\ccJpJOBl.s:692    .text.HW_IPCC_Tx_Handler:00000000 $t
C:\Users\843E~1\AppData\Local\Temp\ccJpJOBl.s:698    .text.HW_IPCC_Tx_Handler:00000000 HW_IPCC_Tx_Handler
C:\Users\843E~1\AppData\Local\Temp\ccJpJOBl.s:799    .text.HW_IPCC_Tx_Handler:00000054 $d
C:\Users\843E~1\AppData\Local\Temp\ccJpJOBl.s:804    .text.HW_IPCC_SYS_EvtNot:00000000 $t
C:\Users\843E~1\AppData\Local\Temp\ccJpJOBl.s:810    .text.HW_IPCC_SYS_EvtNot:00000000 HW_IPCC_SYS_EvtNot
C:\Users\843E~1\AppData\Local\Temp\ccJpJOBl.s:823    .text.HW_IPCC_SYS_EvtHandler:00000000 $t
C:\Users\843E~1\AppData\Local\Temp\ccJpJOBl.s:828    .text.HW_IPCC_SYS_EvtHandler:00000000 HW_IPCC_SYS_EvtHandler
C:\Users\843E~1\AppData\Local\Temp\ccJpJOBl.s:861    .text.HW_IPCC_SYS_EvtHandler:00000010 $d
C:\Users\843E~1\AppData\Local\Temp\ccJpJOBl.s:866    .text.HW_IPCC_MM_SendFreeBuf:00000000 $t
C:\Users\843E~1\AppData\Local\Temp\ccJpJOBl.s:872    .text.HW_IPCC_MM_SendFreeBuf:00000000 HW_IPCC_MM_SendFreeBuf
C:\Users\843E~1\AppData\Local\Temp\ccJpJOBl.s:944    .text.HW_IPCC_MM_SendFreeBuf:00000028 $d
C:\Users\843E~1\AppData\Local\Temp\ccJpJOBl.s:952    .text.HW_IPCC_TRACES_Init:00000000 $t
C:\Users\843E~1\AppData\Local\Temp\ccJpJOBl.s:958    .text.HW_IPCC_TRACES_Init:00000000 HW_IPCC_TRACES_Init
C:\Users\843E~1\AppData\Local\Temp\ccJpJOBl.s:986    .text.HW_IPCC_TRACES_Init:0000000c $d
C:\Users\843E~1\AppData\Local\Temp\ccJpJOBl.s:991    .text.HW_IPCC_TRACES_EvtNot:00000000 $t
C:\Users\843E~1\AppData\Local\Temp\ccJpJOBl.s:997    .text.HW_IPCC_TRACES_EvtNot:00000000 HW_IPCC_TRACES_EvtNot
ARM GAS  C:\Users\843E~1\AppData\Local\Temp\ccJpJOBl.s 			page 127


C:\Users\843E~1\AppData\Local\Temp\ccJpJOBl.s:1010   .text.HW_IPCC_TRACES_EvtHandler:00000000 $t
C:\Users\843E~1\AppData\Local\Temp\ccJpJOBl.s:1015   .text.HW_IPCC_TRACES_EvtHandler:00000000 HW_IPCC_TRACES_EvtHandler
C:\Users\843E~1\AppData\Local\Temp\ccJpJOBl.s:1048   .text.HW_IPCC_TRACES_EvtHandler:00000010 $d
C:\Users\843E~1\AppData\Local\Temp\ccJpJOBl.s:1053   .text.HW_IPCC_Rx_Handler:00000000 $t
C:\Users\843E~1\AppData\Local\Temp\ccJpJOBl.s:1059   .text.HW_IPCC_Rx_Handler:00000000 HW_IPCC_Rx_Handler
C:\Users\843E~1\AppData\Local\Temp\ccJpJOBl.s:1162   .text.HW_IPCC_Rx_Handler:00000054 $d
C:\Users\843E~1\AppData\Local\Temp\ccJpJOBl.s:1167   .bss.FreeBufCb:00000000 $d
C:\Users\843E~1\AppData\Local\Temp\ccJpJOBl.s:1171   .bss.FreeBufCb:00000000 FreeBufCb

UNDEFINED SYMBOLS
HAL_NVIC_EnableIRQ
