ARM GAS  C:\Users\843E~1\AppData\Local\Temp\ccj6WFWj.s 			page 1


   1              		.cpu cortex-m4
   2              		.arch armv7e-m
   3              		.fpu fpv4-sp-d16
   4              		.eabi_attribute 27, 1
   5              		.eabi_attribute 28, 1
   6              		.eabi_attribute 20, 1
   7              		.eabi_attribute 21, 1
   8              		.eabi_attribute 23, 3
   9              		.eabi_attribute 24, 1
  10              		.eabi_attribute 25, 1
  11              		.eabi_attribute 26, 1
  12              		.eabi_attribute 30, 1
  13              		.eabi_attribute 34, 1
  14              		.eabi_attribute 18, 4
  15              		.file	"hw_timerserver.c"
  16              		.text
  17              	.Ltext0:
  18              		.cfi_sections	.debug_frame
  19              		.section	.text.ReadRtcSsrValue,"ax",%progbits
  20              		.align	1
  21              		.syntax unified
  22              		.thumb
  23              		.thumb_func
  25              	ReadRtcSsrValue:
  26              	.LFB1261:
  27              		.file 1 "Core/Src/hw_timerserver.c"
   1:Core/Src/hw_timerserver.c **** /* USER CODE BEGIN Header */
   2:Core/Src/hw_timerserver.c **** /**
   3:Core/Src/hw_timerserver.c ****   ******************************************************************************
   4:Core/Src/hw_timerserver.c ****   * @file    hw_timerserver.c
   5:Core/Src/hw_timerserver.c ****   * @author  MCD Application Team
   6:Core/Src/hw_timerserver.c ****   * @brief   Hardware timerserver source file for STM32WPAN Middleware.
   7:Core/Src/hw_timerserver.c ****   ******************************************************************************
   8:Core/Src/hw_timerserver.c ****   * @attention
   9:Core/Src/hw_timerserver.c ****   *
  10:Core/Src/hw_timerserver.c ****   * Copyright (c) 2024 STMicroelectronics.
  11:Core/Src/hw_timerserver.c ****   * All rights reserved.
  12:Core/Src/hw_timerserver.c ****   *
  13:Core/Src/hw_timerserver.c ****   * This software is licensed under terms that can be found in the LICENSE file
  14:Core/Src/hw_timerserver.c ****   * in the root directory of this software component.
  15:Core/Src/hw_timerserver.c ****   * If no LICENSE file comes with this software, it is provided AS-IS.
  16:Core/Src/hw_timerserver.c ****   *
  17:Core/Src/hw_timerserver.c ****   ******************************************************************************
  18:Core/Src/hw_timerserver.c ****   */
  19:Core/Src/hw_timerserver.c **** /* USER CODE END Header */
  20:Core/Src/hw_timerserver.c **** 
  21:Core/Src/hw_timerserver.c **** /* Includes ------------------------------------------------------------------*/
  22:Core/Src/hw_timerserver.c **** #include "app_common.h"
  23:Core/Src/hw_timerserver.c **** #include "hw_conf.h"
  24:Core/Src/hw_timerserver.c **** 
  25:Core/Src/hw_timerserver.c **** /* Private typedef -----------------------------------------------------------*/
  26:Core/Src/hw_timerserver.c **** typedef enum
  27:Core/Src/hw_timerserver.c **** {
  28:Core/Src/hw_timerserver.c ****   TimerID_Free,
  29:Core/Src/hw_timerserver.c ****   TimerID_Created,
  30:Core/Src/hw_timerserver.c ****   TimerID_Running
  31:Core/Src/hw_timerserver.c **** }TimerIDStatus_t;
ARM GAS  C:\Users\843E~1\AppData\Local\Temp\ccj6WFWj.s 			page 2


  32:Core/Src/hw_timerserver.c **** 
  33:Core/Src/hw_timerserver.c **** typedef enum
  34:Core/Src/hw_timerserver.c **** {
  35:Core/Src/hw_timerserver.c ****   SSR_Read_Requested,
  36:Core/Src/hw_timerserver.c ****   SSR_Read_Not_Requested
  37:Core/Src/hw_timerserver.c **** }RequestReadSSR_t;
  38:Core/Src/hw_timerserver.c **** 
  39:Core/Src/hw_timerserver.c **** typedef enum
  40:Core/Src/hw_timerserver.c **** {
  41:Core/Src/hw_timerserver.c ****   WakeupTimerValue_Overpassed,
  42:Core/Src/hw_timerserver.c ****   WakeupTimerValue_LargeEnough
  43:Core/Src/hw_timerserver.c **** }WakeupTimerLimitation_Status_t;
  44:Core/Src/hw_timerserver.c **** 
  45:Core/Src/hw_timerserver.c **** typedef struct
  46:Core/Src/hw_timerserver.c **** {
  47:Core/Src/hw_timerserver.c ****   HW_TS_pTimerCb_t  pTimerCallBack;
  48:Core/Src/hw_timerserver.c ****   uint32_t        CounterInit;
  49:Core/Src/hw_timerserver.c ****   uint32_t        CountLeft;
  50:Core/Src/hw_timerserver.c ****   TimerIDStatus_t     TimerIDStatus;
  51:Core/Src/hw_timerserver.c ****   HW_TS_Mode_t   TimerMode;
  52:Core/Src/hw_timerserver.c ****   uint32_t        TimerProcessID;
  53:Core/Src/hw_timerserver.c ****   uint8_t         PreviousID;
  54:Core/Src/hw_timerserver.c ****   uint8_t         NextID;
  55:Core/Src/hw_timerserver.c **** }TimerContext_t;
  56:Core/Src/hw_timerserver.c **** 
  57:Core/Src/hw_timerserver.c **** /* Private defines -----------------------------------------------------------*/
  58:Core/Src/hw_timerserver.c **** #define SSR_FORBIDDEN_VALUE   0xFFFFFFFF
  59:Core/Src/hw_timerserver.c **** #define TIMER_LIST_EMPTY      0xFFFF
  60:Core/Src/hw_timerserver.c **** 
  61:Core/Src/hw_timerserver.c **** /* Private macros ------------------------------------------------------------*/
  62:Core/Src/hw_timerserver.c **** /* Private variables ---------------------------------------------------------*/
  63:Core/Src/hw_timerserver.c **** 
  64:Core/Src/hw_timerserver.c **** /**
  65:Core/Src/hw_timerserver.c ****  * START of Section TIMERSERVER_CONTEXT
  66:Core/Src/hw_timerserver.c ****  */
  67:Core/Src/hw_timerserver.c **** 
  68:Core/Src/hw_timerserver.c **** static volatile TimerContext_t aTimerContext[CFG_HW_TS_MAX_NBR_CONCURRENT_TIMER];
  69:Core/Src/hw_timerserver.c **** static volatile uint8_t CurrentRunningTimerID;
  70:Core/Src/hw_timerserver.c **** static volatile uint8_t PreviousRunningTimerID;
  71:Core/Src/hw_timerserver.c **** static volatile uint32_t SSRValueOnLastSetup;
  72:Core/Src/hw_timerserver.c **** static volatile WakeupTimerLimitation_Status_t  WakeupTimerLimitation;
  73:Core/Src/hw_timerserver.c **** 
  74:Core/Src/hw_timerserver.c **** /**
  75:Core/Src/hw_timerserver.c ****  * END of Section TIMERSERVER_CONTEXT
  76:Core/Src/hw_timerserver.c ****  */
  77:Core/Src/hw_timerserver.c **** 
  78:Core/Src/hw_timerserver.c **** static uint8_t  WakeupTimerDivider;
  79:Core/Src/hw_timerserver.c **** static uint8_t  AsynchPrescalerUserConfig;
  80:Core/Src/hw_timerserver.c **** static uint16_t SynchPrescalerUserConfig;
  81:Core/Src/hw_timerserver.c **** static volatile uint16_t MaxWakeupTimerSetup;
  82:Core/Src/hw_timerserver.c **** 
  83:Core/Src/hw_timerserver.c **** /* Global variables ----------------------------------------------------------*/
  84:Core/Src/hw_timerserver.c **** extern RTC_HandleTypeDef hrtc;
  85:Core/Src/hw_timerserver.c **** 
  86:Core/Src/hw_timerserver.c **** /* Private function prototypes -----------------------------------------------*/
  87:Core/Src/hw_timerserver.c **** static void RestartWakeupCounter(uint16_t Value);
  88:Core/Src/hw_timerserver.c **** static uint16_t ReturnTimeElapsed(void);
ARM GAS  C:\Users\843E~1\AppData\Local\Temp\ccj6WFWj.s 			page 3


  89:Core/Src/hw_timerserver.c **** static void RescheduleTimerList(void);
  90:Core/Src/hw_timerserver.c **** static void UnlinkTimer(uint8_t TimerID, RequestReadSSR_t RequestReadSSR);
  91:Core/Src/hw_timerserver.c **** static void LinkTimerBefore(uint8_t TimerID, uint8_t RefTimerID);
  92:Core/Src/hw_timerserver.c **** static void LinkTimerAfter(uint8_t TimerID, uint8_t RefTimerID);
  93:Core/Src/hw_timerserver.c **** static uint16_t linkTimer(uint8_t TimerID);
  94:Core/Src/hw_timerserver.c **** static uint32_t ReadRtcSsrValue(void);
  95:Core/Src/hw_timerserver.c **** 
  96:Core/Src/hw_timerserver.c **** __weak void HW_TS_RTC_CountUpdated_AppNot(void);
  97:Core/Src/hw_timerserver.c **** 
  98:Core/Src/hw_timerserver.c **** /* Functions Definition ------------------------------------------------------*/
  99:Core/Src/hw_timerserver.c **** 
 100:Core/Src/hw_timerserver.c **** /**
 101:Core/Src/hw_timerserver.c ****  * @brief  Read the RTC_SSR value
 102:Core/Src/hw_timerserver.c ****  *         As described in the reference manual, the RTC_SSR shall be read twice to ensure
 103:Core/Src/hw_timerserver.c ****  *         reliability of the value
 104:Core/Src/hw_timerserver.c ****  * @param  None
 105:Core/Src/hw_timerserver.c ****  * @retval SSR value read
 106:Core/Src/hw_timerserver.c ****  */
 107:Core/Src/hw_timerserver.c **** static uint32_t ReadRtcSsrValue(void)
 108:Core/Src/hw_timerserver.c **** {
  28              		.loc 1 108 1 view -0
  29              		.cfi_startproc
  30              		@ args = 0, pretend = 0, frame = 0
  31              		@ frame_needed = 0, uses_anonymous_args = 0
  32              		@ link register save eliminated.
 109:Core/Src/hw_timerserver.c ****   uint32_t first_read;
  33              		.loc 1 109 3 view .LVU1
 110:Core/Src/hw_timerserver.c ****   uint32_t second_read;
  34              		.loc 1 110 3 view .LVU2
 111:Core/Src/hw_timerserver.c **** 
 112:Core/Src/hw_timerserver.c ****   first_read = (uint32_t)(READ_BIT(RTC->SSR, RTC_SSR_SS));
  35              		.loc 1 112 3 view .LVU3
  36              		.loc 1 112 27 is_stmt 0 view .LVU4
  37 0000 064A     		ldr	r2, .L4
  38 0002 936A     		ldr	r3, [r2, #40]
  39              		.loc 1 112 14 view .LVU5
  40 0004 9BB2     		uxth	r3, r3
  41              	.LVL0:
 113:Core/Src/hw_timerserver.c **** 
 114:Core/Src/hw_timerserver.c ****   second_read = (uint32_t)(READ_BIT(RTC->SSR, RTC_SSR_SS));
  42              		.loc 1 114 3 is_stmt 1 view .LVU6
  43              		.loc 1 114 28 is_stmt 0 view .LVU7
  44 0006 906A     		ldr	r0, [r2, #40]
  45              		.loc 1 114 15 view .LVU8
  46 0008 80B2     		uxth	r0, r0
  47              	.LVL1:
 115:Core/Src/hw_timerserver.c **** 
 116:Core/Src/hw_timerserver.c ****   while(first_read != second_read)
  48              		.loc 1 116 3 is_stmt 1 view .LVU9
  49              		.loc 1 116 8 is_stmt 0 view .LVU10
  50 000a 03E0     		b	.L2
  51              	.L3:
 117:Core/Src/hw_timerserver.c ****   {
 118:Core/Src/hw_timerserver.c ****     first_read = second_read;
  52              		.loc 1 118 5 is_stmt 1 view .LVU11
  53              	.LVL2:
 119:Core/Src/hw_timerserver.c **** 
ARM GAS  C:\Users\843E~1\AppData\Local\Temp\ccj6WFWj.s 			page 4


 120:Core/Src/hw_timerserver.c ****     second_read = (uint32_t)(READ_BIT(RTC->SSR, RTC_SSR_SS));
  54              		.loc 1 120 5 view .LVU12
  55              		.loc 1 120 30 is_stmt 0 view .LVU13
  56 000c 034B     		ldr	r3, .L4
  57 000e 9A6A     		ldr	r2, [r3, #40]
  58              	.LVL3:
 118:Core/Src/hw_timerserver.c **** 
  59              		.loc 1 118 16 view .LVU14
  60 0010 0346     		mov	r3, r0
  61              		.loc 1 120 17 view .LVU15
  62 0012 90B2     		uxth	r0, r2
  63              	.LVL4:
  64              	.L2:
 116:Core/Src/hw_timerserver.c ****   {
  65              		.loc 1 116 8 is_stmt 1 view .LVU16
  66 0014 8342     		cmp	r3, r0
  67 0016 F9D1     		bne	.L3
 121:Core/Src/hw_timerserver.c ****   }
 122:Core/Src/hw_timerserver.c **** 
 123:Core/Src/hw_timerserver.c ****   return second_read;
  68              		.loc 1 123 3 view .LVU17
 124:Core/Src/hw_timerserver.c **** }
  69              		.loc 1 124 1 is_stmt 0 view .LVU18
  70 0018 7047     		bx	lr
  71              	.L5:
  72 001a 00BF     		.align	2
  73              	.L4:
  74 001c 00280040 		.word	1073752064
  75              		.cfi_endproc
  76              	.LFE1261:
  78              		.section	.text.LinkTimerAfter,"ax",%progbits
  79              		.align	1
  80              		.syntax unified
  81              		.thumb
  82              		.thumb_func
  84              	LinkTimerAfter:
  85              	.LVL5:
  86              	.LFB1262:
 125:Core/Src/hw_timerserver.c **** 
 126:Core/Src/hw_timerserver.c **** /**
 127:Core/Src/hw_timerserver.c ****  * @brief  Insert a Timer in the list after the Timer ID specified
 128:Core/Src/hw_timerserver.c ****  * @param  TimerID:   The ID of the Timer
 129:Core/Src/hw_timerserver.c ****  * @param  RefTimerID: The ID of the Timer to be linked after
 130:Core/Src/hw_timerserver.c ****  * @retval None
 131:Core/Src/hw_timerserver.c ****  */
 132:Core/Src/hw_timerserver.c **** static void LinkTimerAfter(uint8_t TimerID, uint8_t RefTimerID)
 133:Core/Src/hw_timerserver.c **** {
  87              		.loc 1 133 1 is_stmt 1 view -0
  88              		.cfi_startproc
  89              		@ args = 0, pretend = 0, frame = 0
  90              		@ frame_needed = 0, uses_anonymous_args = 0
  91              		@ link register save eliminated.
  92              		.loc 1 133 1 is_stmt 0 view .LVU20
  93 0000 10B4     		push	{r4}
  94              	.LCFI0:
  95              		.cfi_def_cfa_offset 4
  96              		.cfi_offset 4, -4
ARM GAS  C:\Users\843E~1\AppData\Local\Temp\ccj6WFWj.s 			page 5


 134:Core/Src/hw_timerserver.c ****   uint8_t next_id;
  97              		.loc 1 134 3 is_stmt 1 view .LVU21
 135:Core/Src/hw_timerserver.c **** 
 136:Core/Src/hw_timerserver.c ****   next_id = aTimerContext[RefTimerID].NextID;
  98              		.loc 1 136 3 view .LVU22
  99              		.loc 1 136 11 is_stmt 0 view .LVU23
 100 0002 01EB4102 		add	r2, r1, r1, lsl #1
 101 0006 0F4B     		ldr	r3, .L9
 102 0008 03EBC203 		add	r3, r3, r2, lsl #3
 103 000c 5B7D     		ldrb	r3, [r3, #21]	@ zero_extendqisi2
 104 000e DBB2     		uxtb	r3, r3
 105              	.LVL6:
 137:Core/Src/hw_timerserver.c **** 
 138:Core/Src/hw_timerserver.c ****   if(next_id != CFG_HW_TS_MAX_NBR_CONCURRENT_TIMER)
 106              		.loc 1 138 3 is_stmt 1 view .LVU24
 107              		.loc 1 138 5 is_stmt 0 view .LVU25
 108 0010 062B     		cmp	r3, #6
 109 0012 05D0     		beq	.L7
 139:Core/Src/hw_timerserver.c ****   {
 140:Core/Src/hw_timerserver.c ****     aTimerContext[next_id].PreviousID = TimerID;
 110              		.loc 1 140 5 is_stmt 1 view .LVU26
 111              		.loc 1 140 39 is_stmt 0 view .LVU27
 112 0014 03EB4302 		add	r2, r3, r3, lsl #1
 113 0018 0A4C     		ldr	r4, .L9
 114 001a 04EBC202 		add	r2, r4, r2, lsl #3
 115 001e 1075     		strb	r0, [r2, #20]
 116              	.L7:
 141:Core/Src/hw_timerserver.c ****   }
 142:Core/Src/hw_timerserver.c ****   aTimerContext[TimerID].NextID = next_id;
 117              		.loc 1 142 3 is_stmt 1 view .LVU28
 118              		.loc 1 142 33 is_stmt 0 view .LVU29
 119 0020 084A     		ldr	r2, .L9
 120 0022 00EB400C 		add	ip, r0, r0, lsl #1
 121 0026 02EBCC0C 		add	ip, r2, ip, lsl #3
 122 002a 8CF81530 		strb	r3, [ip, #21]
 143:Core/Src/hw_timerserver.c ****   aTimerContext[TimerID].PreviousID = RefTimerID ;
 123              		.loc 1 143 3 is_stmt 1 view .LVU30
 124              		.loc 1 143 37 is_stmt 0 view .LVU31
 125 002e 8CF81410 		strb	r1, [ip, #20]
 144:Core/Src/hw_timerserver.c ****   aTimerContext[RefTimerID].NextID = TimerID;
 126              		.loc 1 144 3 is_stmt 1 view .LVU32
 127              		.loc 1 144 36 is_stmt 0 view .LVU33
 128 0032 01EB4101 		add	r1, r1, r1, lsl #1
 129              	.LVL7:
 130              		.loc 1 144 36 view .LVU34
 131 0036 02EBC101 		add	r1, r2, r1, lsl #3
 132 003a 4875     		strb	r0, [r1, #21]
 133              	.LVL8:
 145:Core/Src/hw_timerserver.c **** 
 146:Core/Src/hw_timerserver.c ****   return;
 134              		.loc 1 146 3 is_stmt 1 view .LVU35
 147:Core/Src/hw_timerserver.c **** }
 135              		.loc 1 147 1 is_stmt 0 view .LVU36
 136 003c 5DF8044B 		ldr	r4, [sp], #4
 137              	.LCFI1:
 138              		.cfi_restore 4
 139              		.cfi_def_cfa_offset 0
ARM GAS  C:\Users\843E~1\AppData\Local\Temp\ccj6WFWj.s 			page 6


 140 0040 7047     		bx	lr
 141              	.L10:
 142 0042 00BF     		.align	2
 143              	.L9:
 144 0044 00000000 		.word	.LANCHOR0
 145              		.cfi_endproc
 146              	.LFE1262:
 148              		.section	.text.LinkTimerBefore,"ax",%progbits
 149              		.align	1
 150              		.syntax unified
 151              		.thumb
 152              		.thumb_func
 154              	LinkTimerBefore:
 155              	.LVL9:
 156              	.LFB1263:
 148:Core/Src/hw_timerserver.c **** 
 149:Core/Src/hw_timerserver.c **** /**
 150:Core/Src/hw_timerserver.c ****  * @brief  Insert a Timer in the list before the ID specified
 151:Core/Src/hw_timerserver.c ****  * @param  TimerID:   The ID of the Timer
 152:Core/Src/hw_timerserver.c ****  * @param  RefTimerID: The ID of the Timer to be linked before
 153:Core/Src/hw_timerserver.c ****  * @retval None
 154:Core/Src/hw_timerserver.c ****  */
 155:Core/Src/hw_timerserver.c **** static void LinkTimerBefore(uint8_t TimerID, uint8_t RefTimerID)
 156:Core/Src/hw_timerserver.c **** {
 157              		.loc 1 156 1 is_stmt 1 view -0
 158              		.cfi_startproc
 159              		@ args = 0, pretend = 0, frame = 0
 160              		@ frame_needed = 0, uses_anonymous_args = 0
 161              		@ link register save eliminated.
 157:Core/Src/hw_timerserver.c ****   uint8_t previous_id;
 162              		.loc 1 157 3 view .LVU38
 158:Core/Src/hw_timerserver.c **** 
 159:Core/Src/hw_timerserver.c ****   if(RefTimerID != CurrentRunningTimerID)
 163              		.loc 1 159 3 view .LVU39
 164              		.loc 1 159 17 is_stmt 0 view .LVU40
 165 0000 174B     		ldr	r3, .L14
 166 0002 1B78     		ldrb	r3, [r3]	@ zero_extendqisi2
 167 0004 DBB2     		uxtb	r3, r3
 168              		.loc 1 159 5 view .LVU41
 169 0006 8B42     		cmp	r3, r1
 170 0008 1DD0     		beq	.L12
 160:Core/Src/hw_timerserver.c ****   {
 161:Core/Src/hw_timerserver.c ****     previous_id = aTimerContext[RefTimerID].PreviousID;
 171              		.loc 1 161 5 is_stmt 1 view .LVU42
 172              		.loc 1 161 17 is_stmt 0 view .LVU43
 173 000a 164B     		ldr	r3, .L14+4
 174 000c 01EB4102 		add	r2, r1, r1, lsl #1
 175 0010 03EBC202 		add	r2, r3, r2, lsl #3
 176 0014 127D     		ldrb	r2, [r2, #20]	@ zero_extendqisi2
 177 0016 5FFA82FC 		uxtb	ip, r2
 178              	.LVL10:
 162:Core/Src/hw_timerserver.c **** 
 163:Core/Src/hw_timerserver.c ****     aTimerContext[previous_id].NextID = TimerID;
 179              		.loc 1 163 5 is_stmt 1 view .LVU44
 180              		.loc 1 163 39 is_stmt 0 view .LVU45
 181 001a 02EB4202 		add	r2, r2, r2, lsl #1
 182 001e 03EBC202 		add	r2, r3, r2, lsl #3
ARM GAS  C:\Users\843E~1\AppData\Local\Temp\ccj6WFWj.s 			page 7


 183 0022 5075     		strb	r0, [r2, #21]
 164:Core/Src/hw_timerserver.c ****     aTimerContext[TimerID].NextID = RefTimerID;
 184              		.loc 1 164 5 is_stmt 1 view .LVU46
 185              		.loc 1 164 35 is_stmt 0 view .LVU47
 186 0024 00EB4002 		add	r2, r0, r0, lsl #1
 187 0028 03EBC202 		add	r2, r3, r2, lsl #3
 188 002c 5175     		strb	r1, [r2, #21]
 165:Core/Src/hw_timerserver.c ****     aTimerContext[TimerID].PreviousID = previous_id ;
 189              		.loc 1 165 5 is_stmt 1 view .LVU48
 190              		.loc 1 165 39 is_stmt 0 view .LVU49
 191 002e 00EB4002 		add	r2, r0, r0, lsl #1
 192 0032 03EBC202 		add	r2, r3, r2, lsl #3
 193 0036 82F814C0 		strb	ip, [r2, #20]
 166:Core/Src/hw_timerserver.c ****     aTimerContext[RefTimerID].PreviousID = TimerID;
 194              		.loc 1 166 5 is_stmt 1 view .LVU50
 195              		.loc 1 166 42 is_stmt 0 view .LVU51
 196 003a 01EB4101 		add	r1, r1, r1, lsl #1
 197              	.LVL11:
 198              		.loc 1 166 42 view .LVU52
 199 003e 03EBC103 		add	r3, r3, r1, lsl #3
 200 0042 1875     		strb	r0, [r3, #20]
 201 0044 7047     		bx	lr
 202              	.LVL12:
 203              	.L12:
 167:Core/Src/hw_timerserver.c ****   }
 168:Core/Src/hw_timerserver.c ****   else
 169:Core/Src/hw_timerserver.c ****   {
 170:Core/Src/hw_timerserver.c ****     aTimerContext[TimerID].NextID = RefTimerID;
 204              		.loc 1 170 5 is_stmt 1 view .LVU53
 205              		.loc 1 170 35 is_stmt 0 view .LVU54
 206 0046 074B     		ldr	r3, .L14+4
 207 0048 00EB4002 		add	r2, r0, r0, lsl #1
 208 004c 03EBC202 		add	r2, r3, r2, lsl #3
 209 0050 5175     		strb	r1, [r2, #21]
 171:Core/Src/hw_timerserver.c ****     aTimerContext[RefTimerID].PreviousID = TimerID;
 210              		.loc 1 171 5 is_stmt 1 view .LVU55
 211              		.loc 1 171 42 is_stmt 0 view .LVU56
 212 0052 01EB4101 		add	r1, r1, r1, lsl #1
 213              	.LVL13:
 214              		.loc 1 171 42 view .LVU57
 215 0056 03EBC101 		add	r1, r3, r1, lsl #3
 216 005a 0875     		strb	r0, [r1, #20]
 217              	.LVL14:
 172:Core/Src/hw_timerserver.c ****   }
 173:Core/Src/hw_timerserver.c **** 
 174:Core/Src/hw_timerserver.c ****   return;
 218              		.loc 1 174 3 is_stmt 1 view .LVU58
 175:Core/Src/hw_timerserver.c **** }
 219              		.loc 1 175 1 is_stmt 0 view .LVU59
 220 005c 7047     		bx	lr
 221              	.L15:
 222 005e 00BF     		.align	2
 223              	.L14:
 224 0060 00000000 		.word	.LANCHOR1
 225 0064 00000000 		.word	.LANCHOR0
 226              		.cfi_endproc
 227              	.LFE1263:
ARM GAS  C:\Users\843E~1\AppData\Local\Temp\ccj6WFWj.s 			page 8


 229              		.section	.text.UnlinkTimer,"ax",%progbits
 230              		.align	1
 231              		.syntax unified
 232              		.thumb
 233              		.thumb_func
 235              	UnlinkTimer:
 236              	.LVL15:
 237              	.LFB1265:
 176:Core/Src/hw_timerserver.c **** 
 177:Core/Src/hw_timerserver.c **** /**
 178:Core/Src/hw_timerserver.c ****  * @brief  Insert a Timer in the list
 179:Core/Src/hw_timerserver.c ****  * @param  TimerID:   The ID of the Timer
 180:Core/Src/hw_timerserver.c ****  * @retval None
 181:Core/Src/hw_timerserver.c ****  */
 182:Core/Src/hw_timerserver.c **** static uint16_t linkTimer(uint8_t TimerID)
 183:Core/Src/hw_timerserver.c **** {
 184:Core/Src/hw_timerserver.c ****   uint32_t time_left;
 185:Core/Src/hw_timerserver.c ****   uint16_t time_elapsed;
 186:Core/Src/hw_timerserver.c ****   uint8_t timer_id_lookup;
 187:Core/Src/hw_timerserver.c ****   uint8_t next_id;
 188:Core/Src/hw_timerserver.c **** 
 189:Core/Src/hw_timerserver.c ****   if(CurrentRunningTimerID == CFG_HW_TS_MAX_NBR_CONCURRENT_TIMER)
 190:Core/Src/hw_timerserver.c ****   {
 191:Core/Src/hw_timerserver.c ****     /**
 192:Core/Src/hw_timerserver.c ****      * No timer in the list
 193:Core/Src/hw_timerserver.c ****      */
 194:Core/Src/hw_timerserver.c ****     PreviousRunningTimerID = CurrentRunningTimerID;
 195:Core/Src/hw_timerserver.c ****     CurrentRunningTimerID = TimerID;
 196:Core/Src/hw_timerserver.c ****     aTimerContext[TimerID].NextID = CFG_HW_TS_MAX_NBR_CONCURRENT_TIMER;
 197:Core/Src/hw_timerserver.c **** 
 198:Core/Src/hw_timerserver.c ****     SSRValueOnLastSetup = SSR_FORBIDDEN_VALUE;
 199:Core/Src/hw_timerserver.c ****     time_elapsed = 0;
 200:Core/Src/hw_timerserver.c ****   }
 201:Core/Src/hw_timerserver.c ****   else
 202:Core/Src/hw_timerserver.c ****   {
 203:Core/Src/hw_timerserver.c ****     time_elapsed = ReturnTimeElapsed();
 204:Core/Src/hw_timerserver.c **** 
 205:Core/Src/hw_timerserver.c ****     /**
 206:Core/Src/hw_timerserver.c ****      * update count of the timer to be linked
 207:Core/Src/hw_timerserver.c ****      */
 208:Core/Src/hw_timerserver.c ****     aTimerContext[TimerID].CountLeft += time_elapsed;
 209:Core/Src/hw_timerserver.c ****     time_left = aTimerContext[TimerID].CountLeft;
 210:Core/Src/hw_timerserver.c **** 
 211:Core/Src/hw_timerserver.c ****     /**
 212:Core/Src/hw_timerserver.c ****      * Search for index where the new timer shall be linked
 213:Core/Src/hw_timerserver.c ****      */
 214:Core/Src/hw_timerserver.c ****     if(aTimerContext[CurrentRunningTimerID].CountLeft <= time_left)
 215:Core/Src/hw_timerserver.c ****     {
 216:Core/Src/hw_timerserver.c ****       /**
 217:Core/Src/hw_timerserver.c ****        * Search for the ID after the first one
 218:Core/Src/hw_timerserver.c ****        */
 219:Core/Src/hw_timerserver.c ****       timer_id_lookup = CurrentRunningTimerID;
 220:Core/Src/hw_timerserver.c ****       next_id = aTimerContext[timer_id_lookup].NextID;
 221:Core/Src/hw_timerserver.c ****       while((next_id != CFG_HW_TS_MAX_NBR_CONCURRENT_TIMER) && (aTimerContext[next_id].CountLeft <=
 222:Core/Src/hw_timerserver.c ****       {
 223:Core/Src/hw_timerserver.c ****         timer_id_lookup = aTimerContext[timer_id_lookup].NextID;
 224:Core/Src/hw_timerserver.c ****         next_id = aTimerContext[timer_id_lookup].NextID;
ARM GAS  C:\Users\843E~1\AppData\Local\Temp\ccj6WFWj.s 			page 9


 225:Core/Src/hw_timerserver.c ****       }
 226:Core/Src/hw_timerserver.c **** 
 227:Core/Src/hw_timerserver.c ****       /**
 228:Core/Src/hw_timerserver.c ****        * Link after the ID
 229:Core/Src/hw_timerserver.c ****        */
 230:Core/Src/hw_timerserver.c ****       LinkTimerAfter(TimerID, timer_id_lookup);
 231:Core/Src/hw_timerserver.c ****     }
 232:Core/Src/hw_timerserver.c ****     else
 233:Core/Src/hw_timerserver.c ****     {
 234:Core/Src/hw_timerserver.c ****       /**
 235:Core/Src/hw_timerserver.c ****        * Link before the first ID
 236:Core/Src/hw_timerserver.c ****        */
 237:Core/Src/hw_timerserver.c ****       LinkTimerBefore(TimerID, CurrentRunningTimerID);
 238:Core/Src/hw_timerserver.c ****       PreviousRunningTimerID = CurrentRunningTimerID;
 239:Core/Src/hw_timerserver.c ****       CurrentRunningTimerID = TimerID;
 240:Core/Src/hw_timerserver.c ****     }
 241:Core/Src/hw_timerserver.c ****   }
 242:Core/Src/hw_timerserver.c **** 
 243:Core/Src/hw_timerserver.c ****   return time_elapsed;
 244:Core/Src/hw_timerserver.c **** }
 245:Core/Src/hw_timerserver.c **** 
 246:Core/Src/hw_timerserver.c **** /**
 247:Core/Src/hw_timerserver.c ****  * @brief  Remove a Timer from the list
 248:Core/Src/hw_timerserver.c ****  * @param  TimerID:   The ID of the Timer
 249:Core/Src/hw_timerserver.c ****  * @param  RequestReadSSR: Request to read the SSR register or not
 250:Core/Src/hw_timerserver.c ****  * @retval None
 251:Core/Src/hw_timerserver.c ****  */
 252:Core/Src/hw_timerserver.c **** static void UnlinkTimer(uint8_t TimerID, RequestReadSSR_t RequestReadSSR)
 253:Core/Src/hw_timerserver.c **** {
 238              		.loc 1 253 1 is_stmt 1 view -0
 239              		.cfi_startproc
 240              		@ args = 0, pretend = 0, frame = 0
 241              		@ frame_needed = 0, uses_anonymous_args = 0
 242              		@ link register save eliminated.
 243              		.loc 1 253 1 is_stmt 0 view .LVU61
 244 0000 10B4     		push	{r4}
 245              	.LCFI2:
 246              		.cfi_def_cfa_offset 4
 247              		.cfi_offset 4, -4
 254:Core/Src/hw_timerserver.c ****   uint8_t previous_id;
 248              		.loc 1 254 3 is_stmt 1 view .LVU62
 255:Core/Src/hw_timerserver.c ****   uint8_t next_id;
 249              		.loc 1 255 3 view .LVU63
 256:Core/Src/hw_timerserver.c **** 
 257:Core/Src/hw_timerserver.c ****   if(TimerID == CurrentRunningTimerID)
 250              		.loc 1 257 3 view .LVU64
 251              		.loc 1 257 14 is_stmt 0 view .LVU65
 252 0002 234B     		ldr	r3, .L23
 253 0004 1B78     		ldrb	r3, [r3]	@ zero_extendqisi2
 254 0006 DBB2     		uxtb	r3, r3
 255              		.loc 1 257 5 view .LVU66
 256 0008 8342     		cmp	r3, r0
 257 000a 2CD0     		beq	.L21
 258:Core/Src/hw_timerserver.c ****   {
 259:Core/Src/hw_timerserver.c ****     PreviousRunningTimerID = CurrentRunningTimerID;
 260:Core/Src/hw_timerserver.c ****     CurrentRunningTimerID = aTimerContext[TimerID].NextID;
 261:Core/Src/hw_timerserver.c ****   }
ARM GAS  C:\Users\843E~1\AppData\Local\Temp\ccj6WFWj.s 			page 10


 262:Core/Src/hw_timerserver.c ****   else
 263:Core/Src/hw_timerserver.c ****   {
 264:Core/Src/hw_timerserver.c ****     previous_id = aTimerContext[TimerID].PreviousID;
 258              		.loc 1 264 5 is_stmt 1 view .LVU67
 259              		.loc 1 264 17 is_stmt 0 view .LVU68
 260 000c 214C     		ldr	r4, .L23+4
 261 000e 00EB4002 		add	r2, r0, r0, lsl #1
 262 0012 04EBC202 		add	r2, r4, r2, lsl #3
 263 0016 92F814C0 		ldrb	ip, [r2, #20]	@ zero_extendqisi2
 264              	.LVL16:
 265:Core/Src/hw_timerserver.c ****     next_id = aTimerContext[TimerID].NextID;
 265              		.loc 1 265 5 is_stmt 1 view .LVU69
 266              		.loc 1 265 13 is_stmt 0 view .LVU70
 267 001a 537D     		ldrb	r3, [r2, #21]	@ zero_extendqisi2
 268 001c DBB2     		uxtb	r3, r3
 269              	.LVL17:
 266:Core/Src/hw_timerserver.c **** 
 267:Core/Src/hw_timerserver.c ****     aTimerContext[previous_id].NextID = aTimerContext[TimerID].NextID;
 270              		.loc 1 267 5 is_stmt 1 view .LVU71
 271              		.loc 1 267 63 is_stmt 0 view .LVU72
 272 001e 527D     		ldrb	r2, [r2, #21]	@ zero_extendqisi2
 273 0020 D2B2     		uxtb	r2, r2
 274              		.loc 1 267 39 view .LVU73
 275 0022 0CEB4C0C 		add	ip, ip, ip, lsl #1
 276              	.LVL18:
 277              		.loc 1 267 39 view .LVU74
 278 0026 04EBCC04 		add	r4, r4, ip, lsl #3
 279 002a 6275     		strb	r2, [r4, #21]
 268:Core/Src/hw_timerserver.c ****     if(next_id != CFG_HW_TS_MAX_NBR_CONCURRENT_TIMER)
 280              		.loc 1 268 5 is_stmt 1 view .LVU75
 281              		.loc 1 268 7 is_stmt 0 view .LVU76
 282 002c 062B     		cmp	r3, #6
 283 002e 0BD0     		beq	.L18
 269:Core/Src/hw_timerserver.c ****     {
 270:Core/Src/hw_timerserver.c ****       aTimerContext[next_id].PreviousID = aTimerContext[TimerID].PreviousID;
 284              		.loc 1 270 7 is_stmt 1 view .LVU77
 285              		.loc 1 270 65 is_stmt 0 view .LVU78
 286 0030 184A     		ldr	r2, .L23+4
 287 0032 00EB4004 		add	r4, r0, r0, lsl #1
 288 0036 02EBC404 		add	r4, r2, r4, lsl #3
 289 003a 247D     		ldrb	r4, [r4, #20]	@ zero_extendqisi2
 290 003c E4B2     		uxtb	r4, r4
 291              		.loc 1 270 41 view .LVU79
 292 003e 03EB4303 		add	r3, r3, r3, lsl #1
 293              	.LVL19:
 294              		.loc 1 270 41 view .LVU80
 295 0042 02EBC303 		add	r3, r2, r3, lsl #3
 296 0046 1C75     		strb	r4, [r3, #20]
 297              	.L18:
 271:Core/Src/hw_timerserver.c ****     }
 272:Core/Src/hw_timerserver.c ****   }
 273:Core/Src/hw_timerserver.c **** 
 274:Core/Src/hw_timerserver.c ****   /**
 275:Core/Src/hw_timerserver.c ****    * Timer is out of the list
 276:Core/Src/hw_timerserver.c ****    */
 277:Core/Src/hw_timerserver.c ****   aTimerContext[TimerID].TimerIDStatus = TimerID_Created;
 298              		.loc 1 277 3 is_stmt 1 view .LVU81
ARM GAS  C:\Users\843E~1\AppData\Local\Temp\ccj6WFWj.s 			page 11


 299              		.loc 1 277 40 is_stmt 0 view .LVU82
 300 0048 00EB4000 		add	r0, r0, r0, lsl #1
 301              	.LVL20:
 302              		.loc 1 277 40 view .LVU83
 303 004c 114B     		ldr	r3, .L23+4
 304 004e 03EBC000 		add	r0, r3, r0, lsl #3
 305 0052 0123     		movs	r3, #1
 306 0054 0373     		strb	r3, [r0, #12]
 278:Core/Src/hw_timerserver.c **** 
 279:Core/Src/hw_timerserver.c ****   if((CurrentRunningTimerID == CFG_HW_TS_MAX_NBR_CONCURRENT_TIMER) && (RequestReadSSR == SSR_Read_R
 307              		.loc 1 279 3 is_stmt 1 view .LVU84
 308              		.loc 1 279 29 is_stmt 0 view .LVU85
 309 0056 0E4B     		ldr	r3, .L23
 310 0058 1B78     		ldrb	r3, [r3]	@ zero_extendqisi2
 311 005a DBB2     		uxtb	r3, r3
 312              		.loc 1 279 5 view .LVU86
 313 005c 062B     		cmp	r3, #6
 314 005e 10D0     		beq	.L22
 315              	.L16:
 280:Core/Src/hw_timerserver.c ****   {
 281:Core/Src/hw_timerserver.c ****     SSRValueOnLastSetup = SSR_FORBIDDEN_VALUE;
 282:Core/Src/hw_timerserver.c ****   }
 283:Core/Src/hw_timerserver.c **** 
 284:Core/Src/hw_timerserver.c ****   return;
 285:Core/Src/hw_timerserver.c **** }
 316              		.loc 1 285 1 view .LVU87
 317 0060 5DF8044B 		ldr	r4, [sp], #4
 318              	.LCFI3:
 319              		.cfi_remember_state
 320              		.cfi_restore 4
 321              		.cfi_def_cfa_offset 0
 322 0064 7047     		bx	lr
 323              	.LVL21:
 324              	.L21:
 325              	.LCFI4:
 326              		.cfi_restore_state
 259:Core/Src/hw_timerserver.c ****     CurrentRunningTimerID = aTimerContext[TimerID].NextID;
 327              		.loc 1 259 5 is_stmt 1 view .LVU88
 259:Core/Src/hw_timerserver.c ****     CurrentRunningTimerID = aTimerContext[TimerID].NextID;
 328              		.loc 1 259 28 is_stmt 0 view .LVU89
 329 0066 0A4C     		ldr	r4, .L23
 330 0068 2378     		ldrb	r3, [r4]	@ zero_extendqisi2
 331 006a DBB2     		uxtb	r3, r3
 332 006c 0A4A     		ldr	r2, .L23+8
 333 006e 1370     		strb	r3, [r2]
 260:Core/Src/hw_timerserver.c ****   }
 334              		.loc 1 260 5 is_stmt 1 view .LVU90
 260:Core/Src/hw_timerserver.c ****   }
 335              		.loc 1 260 51 is_stmt 0 view .LVU91
 336 0070 00EB4003 		add	r3, r0, r0, lsl #1
 337 0074 074A     		ldr	r2, .L23+4
 338 0076 02EBC303 		add	r3, r2, r3, lsl #3
 339 007a 5B7D     		ldrb	r3, [r3, #21]	@ zero_extendqisi2
 340 007c DBB2     		uxtb	r3, r3
 260:Core/Src/hw_timerserver.c ****   }
 341              		.loc 1 260 27 view .LVU92
 342 007e 2370     		strb	r3, [r4]
ARM GAS  C:\Users\843E~1\AppData\Local\Temp\ccj6WFWj.s 			page 12


 343 0080 E2E7     		b	.L18
 344              	.LVL22:
 345              	.L22:
 279:Core/Src/hw_timerserver.c ****   {
 346              		.loc 1 279 68 discriminator 1 view .LVU93
 347 0082 0029     		cmp	r1, #0
 348 0084 ECD1     		bne	.L16
 281:Core/Src/hw_timerserver.c ****   }
 349              		.loc 1 281 5 is_stmt 1 view .LVU94
 281:Core/Src/hw_timerserver.c ****   }
 350              		.loc 1 281 25 is_stmt 0 view .LVU95
 351 0086 054B     		ldr	r3, .L23+12
 352 0088 4FF0FF32 		mov	r2, #-1
 353 008c 1A60     		str	r2, [r3]
 284:Core/Src/hw_timerserver.c **** }
 354              		.loc 1 284 3 is_stmt 1 view .LVU96
 355 008e E7E7     		b	.L16
 356              	.L24:
 357              		.align	2
 358              	.L23:
 359 0090 00000000 		.word	.LANCHOR1
 360 0094 00000000 		.word	.LANCHOR0
 361 0098 00000000 		.word	.LANCHOR2
 362 009c 00000000 		.word	.LANCHOR3
 363              		.cfi_endproc
 364              	.LFE1265:
 366              		.section	.text.ReturnTimeElapsed,"ax",%progbits
 367              		.align	1
 368              		.syntax unified
 369              		.thumb
 370              		.thumb_func
 372              	ReturnTimeElapsed:
 373              	.LFB1266:
 286:Core/Src/hw_timerserver.c **** 
 287:Core/Src/hw_timerserver.c **** /**
 288:Core/Src/hw_timerserver.c ****  * @brief  Return the number of ticks counted by the wakeuptimer since it has been started
 289:Core/Src/hw_timerserver.c ****  * @note  The API is reading the SSR register to get how many ticks have been counted
 290:Core/Src/hw_timerserver.c ****  *        since the time the timer has been started
 291:Core/Src/hw_timerserver.c ****  * @param  None
 292:Core/Src/hw_timerserver.c ****  * @retval Time expired in Ticks
 293:Core/Src/hw_timerserver.c ****  */
 294:Core/Src/hw_timerserver.c **** static uint16_t ReturnTimeElapsed(void)
 295:Core/Src/hw_timerserver.c **** {
 374              		.loc 1 295 1 view -0
 375              		.cfi_startproc
 376              		@ args = 0, pretend = 0, frame = 0
 377              		@ frame_needed = 0, uses_anonymous_args = 0
 378 0000 08B5     		push	{r3, lr}
 379              	.LCFI5:
 380              		.cfi_def_cfa_offset 8
 381              		.cfi_offset 3, -8
 382              		.cfi_offset 14, -4
 296:Core/Src/hw_timerserver.c ****   uint32_t  return_value;
 383              		.loc 1 296 3 view .LVU98
 297:Core/Src/hw_timerserver.c ****   uint32_t  wrap_counter;
 384              		.loc 1 297 3 view .LVU99
 298:Core/Src/hw_timerserver.c **** 
ARM GAS  C:\Users\843E~1\AppData\Local\Temp\ccj6WFWj.s 			page 13


 299:Core/Src/hw_timerserver.c ****   if(SSRValueOnLastSetup != SSR_FORBIDDEN_VALUE)
 385              		.loc 1 299 3 view .LVU100
 386              		.loc 1 299 26 is_stmt 0 view .LVU101
 387 0002 104B     		ldr	r3, .L32
 388 0004 1B68     		ldr	r3, [r3]
 389              		.loc 1 299 5 view .LVU102
 390 0006 B3F1FF3F 		cmp	r3, #-1
 391 000a 02D1     		bne	.L31
 300:Core/Src/hw_timerserver.c ****   {
 301:Core/Src/hw_timerserver.c ****     return_value = ReadRtcSsrValue(); /**< Read SSR register first */
 302:Core/Src/hw_timerserver.c **** 
 303:Core/Src/hw_timerserver.c ****     if (SSRValueOnLastSetup >= return_value)
 304:Core/Src/hw_timerserver.c ****     {
 305:Core/Src/hw_timerserver.c ****       return_value = SSRValueOnLastSetup - return_value;
 306:Core/Src/hw_timerserver.c ****     }
 307:Core/Src/hw_timerserver.c ****     else
 308:Core/Src/hw_timerserver.c ****     {
 309:Core/Src/hw_timerserver.c ****       wrap_counter = SynchPrescalerUserConfig - return_value;
 310:Core/Src/hw_timerserver.c ****       return_value = SSRValueOnLastSetup + wrap_counter;
 311:Core/Src/hw_timerserver.c ****     }
 312:Core/Src/hw_timerserver.c **** 
 313:Core/Src/hw_timerserver.c ****     /**
 314:Core/Src/hw_timerserver.c ****      * At this stage, ReturnValue holds the number of ticks counted by SSR
 315:Core/Src/hw_timerserver.c ****      * Need to translate in number of ticks counted by the Wakeuptimer
 316:Core/Src/hw_timerserver.c ****      */
 317:Core/Src/hw_timerserver.c ****     return_value = return_value*AsynchPrescalerUserConfig;
 318:Core/Src/hw_timerserver.c ****     return_value = return_value >> WakeupTimerDivider;
 319:Core/Src/hw_timerserver.c ****   }
 320:Core/Src/hw_timerserver.c ****   else
 321:Core/Src/hw_timerserver.c ****   {
 322:Core/Src/hw_timerserver.c ****     return_value = 0;
 392              		.loc 1 322 18 view .LVU103
 393 000c 0020     		movs	r0, #0
 394              	.L26:
 395              	.LVL23:
 323:Core/Src/hw_timerserver.c ****   }
 324:Core/Src/hw_timerserver.c **** 
 325:Core/Src/hw_timerserver.c ****   return (uint16_t)return_value;
 396              		.loc 1 325 3 is_stmt 1 view .LVU104
 326:Core/Src/hw_timerserver.c **** }
 397              		.loc 1 326 1 is_stmt 0 view .LVU105
 398 000e 80B2     		uxth	r0, r0
 399              	.LVL24:
 400              		.loc 1 326 1 view .LVU106
 401 0010 08BD     		pop	{r3, pc}
 402              	.L31:
 301:Core/Src/hw_timerserver.c **** 
 403              		.loc 1 301 5 is_stmt 1 view .LVU107
 301:Core/Src/hw_timerserver.c **** 
 404              		.loc 1 301 20 is_stmt 0 view .LVU108
 405 0012 FFF7FEFF 		bl	ReadRtcSsrValue
 406              	.LVL25:
 303:Core/Src/hw_timerserver.c ****     {
 407              		.loc 1 303 5 is_stmt 1 view .LVU109
 303:Core/Src/hw_timerserver.c ****     {
 408              		.loc 1 303 29 is_stmt 0 view .LVU110
 409 0016 0B4B     		ldr	r3, .L32
ARM GAS  C:\Users\843E~1\AppData\Local\Temp\ccj6WFWj.s 			page 14


 410 0018 1B68     		ldr	r3, [r3]
 303:Core/Src/hw_timerserver.c ****     {
 411              		.loc 1 303 8 view .LVU111
 412 001a 8342     		cmp	r3, r0
 413 001c 0AD3     		bcc	.L27
 305:Core/Src/hw_timerserver.c ****     }
 414              		.loc 1 305 7 is_stmt 1 view .LVU112
 305:Core/Src/hw_timerserver.c ****     }
 415              		.loc 1 305 42 is_stmt 0 view .LVU113
 416 001e 094B     		ldr	r3, .L32
 417 0020 1B68     		ldr	r3, [r3]
 305:Core/Src/hw_timerserver.c ****     }
 418              		.loc 1 305 20 view .LVU114
 419 0022 1B1A     		subs	r3, r3, r0
 420              	.LVL26:
 421              	.L28:
 317:Core/Src/hw_timerserver.c ****     return_value = return_value >> WakeupTimerDivider;
 422              		.loc 1 317 5 is_stmt 1 view .LVU115
 317:Core/Src/hw_timerserver.c ****     return_value = return_value >> WakeupTimerDivider;
 423              		.loc 1 317 32 is_stmt 0 view .LVU116
 424 0024 084A     		ldr	r2, .L32+4
 425 0026 1078     		ldrb	r0, [r2]	@ zero_extendqisi2
 317:Core/Src/hw_timerserver.c ****     return_value = return_value >> WakeupTimerDivider;
 426              		.loc 1 317 18 view .LVU117
 427 0028 03FB00F0 		mul	r0, r3, r0
 428              	.LVL27:
 318:Core/Src/hw_timerserver.c ****   }
 429              		.loc 1 318 5 is_stmt 1 view .LVU118
 318:Core/Src/hw_timerserver.c ****   }
 430              		.loc 1 318 33 is_stmt 0 view .LVU119
 431 002c 074B     		ldr	r3, .L32+8
 432 002e 1B78     		ldrb	r3, [r3]	@ zero_extendqisi2
 318:Core/Src/hw_timerserver.c ****   }
 433              		.loc 1 318 18 view .LVU120
 434 0030 D840     		lsrs	r0, r0, r3
 435              	.LVL28:
 318:Core/Src/hw_timerserver.c ****   }
 436              		.loc 1 318 18 view .LVU121
 437 0032 ECE7     		b	.L26
 438              	.L27:
 309:Core/Src/hw_timerserver.c ****       return_value = SSRValueOnLastSetup + wrap_counter;
 439              		.loc 1 309 7 is_stmt 1 view .LVU122
 309:Core/Src/hw_timerserver.c ****       return_value = SSRValueOnLastSetup + wrap_counter;
 440              		.loc 1 309 47 is_stmt 0 view .LVU123
 441 0034 064B     		ldr	r3, .L32+12
 442 0036 1B88     		ldrh	r3, [r3]
 309:Core/Src/hw_timerserver.c ****       return_value = SSRValueOnLastSetup + wrap_counter;
 443              		.loc 1 309 20 view .LVU124
 444 0038 1B1A     		subs	r3, r3, r0
 445              	.LVL29:
 310:Core/Src/hw_timerserver.c ****     }
 446              		.loc 1 310 7 is_stmt 1 view .LVU125
 310:Core/Src/hw_timerserver.c ****     }
 447              		.loc 1 310 42 is_stmt 0 view .LVU126
 448 003a 024A     		ldr	r2, .L32
 449 003c 1068     		ldr	r0, [r2]
 450              	.LVL30:
ARM GAS  C:\Users\843E~1\AppData\Local\Temp\ccj6WFWj.s 			page 15


 310:Core/Src/hw_timerserver.c ****     }
 451              		.loc 1 310 20 view .LVU127
 452 003e 0344     		add	r3, r3, r0
 453              	.LVL31:
 310:Core/Src/hw_timerserver.c ****     }
 454              		.loc 1 310 20 view .LVU128
 455 0040 F0E7     		b	.L28
 456              	.L33:
 457 0042 00BF     		.align	2
 458              	.L32:
 459 0044 00000000 		.word	.LANCHOR3
 460 0048 00000000 		.word	.LANCHOR5
 461 004c 00000000 		.word	.LANCHOR6
 462 0050 00000000 		.word	.LANCHOR4
 463              		.cfi_endproc
 464              	.LFE1266:
 466              		.section	.text.linkTimer,"ax",%progbits
 467              		.align	1
 468              		.syntax unified
 469              		.thumb
 470              		.thumb_func
 472              	linkTimer:
 473              	.LVL32:
 474              	.LFB1264:
 183:Core/Src/hw_timerserver.c ****   uint32_t time_left;
 475              		.loc 1 183 1 is_stmt 1 view -0
 476              		.cfi_startproc
 477              		@ args = 0, pretend = 0, frame = 0
 478              		@ frame_needed = 0, uses_anonymous_args = 0
 183:Core/Src/hw_timerserver.c ****   uint32_t time_left;
 479              		.loc 1 183 1 is_stmt 0 view .LVU130
 480 0000 70B5     		push	{r4, r5, r6, lr}
 481              	.LCFI6:
 482              		.cfi_def_cfa_offset 16
 483              		.cfi_offset 4, -16
 484              		.cfi_offset 5, -12
 485              		.cfi_offset 6, -8
 486              		.cfi_offset 14, -4
 487 0002 0446     		mov	r4, r0
 184:Core/Src/hw_timerserver.c ****   uint16_t time_elapsed;
 488              		.loc 1 184 3 is_stmt 1 view .LVU131
 185:Core/Src/hw_timerserver.c ****   uint8_t timer_id_lookup;
 489              		.loc 1 185 3 view .LVU132
 186:Core/Src/hw_timerserver.c ****   uint8_t next_id;
 490              		.loc 1 186 3 view .LVU133
 187:Core/Src/hw_timerserver.c **** 
 491              		.loc 1 187 3 view .LVU134
 189:Core/Src/hw_timerserver.c ****   {
 492              		.loc 1 189 3 view .LVU135
 189:Core/Src/hw_timerserver.c ****   {
 493              		.loc 1 189 28 is_stmt 0 view .LVU136
 494 0004 314B     		ldr	r3, .L42
 495 0006 1B78     		ldrb	r3, [r3]	@ zero_extendqisi2
 496 0008 DBB2     		uxtb	r3, r3
 189:Core/Src/hw_timerserver.c ****   {
 497              		.loc 1 189 5 view .LVU137
 498 000a 062B     		cmp	r3, #6
ARM GAS  C:\Users\843E~1\AppData\Local\Temp\ccj6WFWj.s 			page 16


 499 000c 13D1     		bne	.L35
 194:Core/Src/hw_timerserver.c ****     CurrentRunningTimerID = TimerID;
 500              		.loc 1 194 5 is_stmt 1 view .LVU138
 194:Core/Src/hw_timerserver.c ****     CurrentRunningTimerID = TimerID;
 501              		.loc 1 194 28 is_stmt 0 view .LVU139
 502 000e 2F4A     		ldr	r2, .L42
 503 0010 1378     		ldrb	r3, [r2]	@ zero_extendqisi2
 504 0012 DBB2     		uxtb	r3, r3
 505 0014 2E49     		ldr	r1, .L42+4
 506 0016 0B70     		strb	r3, [r1]
 195:Core/Src/hw_timerserver.c ****     aTimerContext[TimerID].NextID = CFG_HW_TS_MAX_NBR_CONCURRENT_TIMER;
 507              		.loc 1 195 5 is_stmt 1 view .LVU140
 195:Core/Src/hw_timerserver.c ****     aTimerContext[TimerID].NextID = CFG_HW_TS_MAX_NBR_CONCURRENT_TIMER;
 508              		.loc 1 195 27 is_stmt 0 view .LVU141
 509 0018 1070     		strb	r0, [r2]
 196:Core/Src/hw_timerserver.c **** 
 510              		.loc 1 196 5 is_stmt 1 view .LVU142
 196:Core/Src/hw_timerserver.c **** 
 511              		.loc 1 196 35 is_stmt 0 view .LVU143
 512 001a 00EB4004 		add	r4, r0, r0, lsl #1
 513 001e 2D4B     		ldr	r3, .L42+8
 514 0020 03EBC404 		add	r4, r3, r4, lsl #3
 515 0024 0623     		movs	r3, #6
 516 0026 6375     		strb	r3, [r4, #21]
 198:Core/Src/hw_timerserver.c ****     time_elapsed = 0;
 517              		.loc 1 198 5 is_stmt 1 view .LVU144
 198:Core/Src/hw_timerserver.c ****     time_elapsed = 0;
 518              		.loc 1 198 25 is_stmt 0 view .LVU145
 519 0028 2B4B     		ldr	r3, .L42+12
 520 002a 4FF0FF32 		mov	r2, #-1
 521 002e 1A60     		str	r2, [r3]
 199:Core/Src/hw_timerserver.c ****   }
 522              		.loc 1 199 5 is_stmt 1 view .LVU146
 523              	.LVL33:
 199:Core/Src/hw_timerserver.c ****   }
 524              		.loc 1 199 18 is_stmt 0 view .LVU147
 525 0030 0025     		movs	r5, #0
 526              	.LVL34:
 527              	.L36:
 243:Core/Src/hw_timerserver.c **** }
 528              		.loc 1 243 3 is_stmt 1 view .LVU148
 244:Core/Src/hw_timerserver.c **** 
 529              		.loc 1 244 1 is_stmt 0 view .LVU149
 530 0032 2846     		mov	r0, r5
 531 0034 70BD     		pop	{r4, r5, r6, pc}
 532              	.LVL35:
 533              	.L35:
 203:Core/Src/hw_timerserver.c **** 
 534              		.loc 1 203 5 is_stmt 1 view .LVU150
 203:Core/Src/hw_timerserver.c **** 
 535              		.loc 1 203 20 is_stmt 0 view .LVU151
 536 0036 FFF7FEFF 		bl	ReturnTimeElapsed
 537              	.LVL36:
 203:Core/Src/hw_timerserver.c **** 
 538              		.loc 1 203 20 view .LVU152
 539 003a 0546     		mov	r5, r0
 540              	.LVL37:
ARM GAS  C:\Users\843E~1\AppData\Local\Temp\ccj6WFWj.s 			page 17


 208:Core/Src/hw_timerserver.c ****     time_left = aTimerContext[TimerID].CountLeft;
 541              		.loc 1 208 5 is_stmt 1 view .LVU153
 208:Core/Src/hw_timerserver.c ****     time_left = aTimerContext[TimerID].CountLeft;
 542              		.loc 1 208 38 is_stmt 0 view .LVU154
 543 003c 254B     		ldr	r3, .L42+8
 544 003e 04EB4402 		add	r2, r4, r4, lsl #1
 545 0042 03EBC202 		add	r2, r3, r2, lsl #3
 546 0046 9168     		ldr	r1, [r2, #8]
 547 0048 0144     		add	r1, r1, r0
 548 004a 9160     		str	r1, [r2, #8]
 209:Core/Src/hw_timerserver.c **** 
 549              		.loc 1 209 5 is_stmt 1 view .LVU155
 209:Core/Src/hw_timerserver.c **** 
 550              		.loc 1 209 15 is_stmt 0 view .LVU156
 551 004c 04EB4402 		add	r2, r4, r4, lsl #1
 552 0050 03EBC202 		add	r2, r3, r2, lsl #3
 553 0054 9068     		ldr	r0, [r2, #8]
 554              	.LVL38:
 214:Core/Src/hw_timerserver.c ****     {
 555              		.loc 1 214 5 is_stmt 1 view .LVU157
 214:Core/Src/hw_timerserver.c ****     {
 556              		.loc 1 214 44 is_stmt 0 view .LVU158
 557 0056 1D4A     		ldr	r2, .L42
 558 0058 1278     		ldrb	r2, [r2]	@ zero_extendqisi2
 559 005a 02EB4202 		add	r2, r2, r2, lsl #1
 560 005e 03EBC203 		add	r3, r3, r2, lsl #3
 561 0062 9B68     		ldr	r3, [r3, #8]
 214:Core/Src/hw_timerserver.c ****     {
 562              		.loc 1 214 7 view .LVU159
 563 0064 8342     		cmp	r3, r0
 564 0066 25D8     		bhi	.L37
 219:Core/Src/hw_timerserver.c ****       next_id = aTimerContext[timer_id_lookup].NextID;
 565              		.loc 1 219 7 is_stmt 1 view .LVU160
 219:Core/Src/hw_timerserver.c ****       next_id = aTimerContext[timer_id_lookup].NextID;
 566              		.loc 1 219 23 is_stmt 0 view .LVU161
 567 0068 184B     		ldr	r3, .L42
 568 006a 1B78     		ldrb	r3, [r3]	@ zero_extendqisi2
 569 006c D9B2     		uxtb	r1, r3
 570              	.LVL39:
 220:Core/Src/hw_timerserver.c ****       while((next_id != CFG_HW_TS_MAX_NBR_CONCURRENT_TIMER) && (aTimerContext[next_id].CountLeft <=
 571              		.loc 1 220 7 is_stmt 1 view .LVU162
 220:Core/Src/hw_timerserver.c ****       while((next_id != CFG_HW_TS_MAX_NBR_CONCURRENT_TIMER) && (aTimerContext[next_id].CountLeft <=
 572              		.loc 1 220 15 is_stmt 0 view .LVU163
 573 006e 03EB4303 		add	r3, r3, r3, lsl #1
 574 0072 184A     		ldr	r2, .L42+8
 575 0074 02EBC303 		add	r3, r2, r3, lsl #3
 576 0078 5B7D     		ldrb	r3, [r3, #21]	@ zero_extendqisi2
 577 007a DBB2     		uxtb	r3, r3
 578              	.LVL40:
 221:Core/Src/hw_timerserver.c ****       {
 579              		.loc 1 221 7 is_stmt 1 view .LVU164
 221:Core/Src/hw_timerserver.c ****       {
 580              		.loc 1 221 12 is_stmt 0 view .LVU165
 581 007c 0CE0     		b	.L38
 582              	.LVL41:
 583              	.L40:
 223:Core/Src/hw_timerserver.c ****         next_id = aTimerContext[timer_id_lookup].NextID;
ARM GAS  C:\Users\843E~1\AppData\Local\Temp\ccj6WFWj.s 			page 18


 584              		.loc 1 223 9 is_stmt 1 view .LVU166
 223:Core/Src/hw_timerserver.c ****         next_id = aTimerContext[timer_id_lookup].NextID;
 585              		.loc 1 223 25 is_stmt 0 view .LVU167
 586 007e 154A     		ldr	r2, .L42+8
 587 0080 01EB4101 		add	r1, r1, r1, lsl #1
 588              	.LVL42:
 223:Core/Src/hw_timerserver.c ****         next_id = aTimerContext[timer_id_lookup].NextID;
 589              		.loc 1 223 25 view .LVU168
 590 0084 02EBC101 		add	r1, r2, r1, lsl #3
 591 0088 4B7D     		ldrb	r3, [r1, #21]	@ zero_extendqisi2
 592 008a D9B2     		uxtb	r1, r3
 593              	.LVL43:
 224:Core/Src/hw_timerserver.c ****       }
 594              		.loc 1 224 9 is_stmt 1 view .LVU169
 224:Core/Src/hw_timerserver.c ****       }
 595              		.loc 1 224 17 is_stmt 0 view .LVU170
 596 008c 03EB4303 		add	r3, r3, r3, lsl #1
 597 0090 02EBC303 		add	r3, r2, r3, lsl #3
 598 0094 5B7D     		ldrb	r3, [r3, #21]	@ zero_extendqisi2
 599 0096 DBB2     		uxtb	r3, r3
 600              	.LVL44:
 601              	.L38:
 221:Core/Src/hw_timerserver.c ****       {
 602              		.loc 1 221 12 is_stmt 1 view .LVU171
 603 0098 062B     		cmp	r3, #6
 604 009a 07D0     		beq	.L39
 221:Core/Src/hw_timerserver.c ****       {
 605              		.loc 1 221 87 is_stmt 0 discriminator 1 view .LVU172
 606 009c 03EB4303 		add	r3, r3, r3, lsl #1
 607              	.LVL45:
 221:Core/Src/hw_timerserver.c ****       {
 608              		.loc 1 221 87 discriminator 1 view .LVU173
 609 00a0 0C4A     		ldr	r2, .L42+8
 610 00a2 02EBC303 		add	r3, r2, r3, lsl #3
 611 00a6 9B68     		ldr	r3, [r3, #8]
 221:Core/Src/hw_timerserver.c ****       {
 612              		.loc 1 221 61 discriminator 1 view .LVU174
 613 00a8 8342     		cmp	r3, r0
 614 00aa E8D9     		bls	.L40
 615              	.L39:
 230:Core/Src/hw_timerserver.c ****     }
 616              		.loc 1 230 7 is_stmt 1 view .LVU175
 617 00ac 2046     		mov	r0, r4
 618              	.LVL46:
 230:Core/Src/hw_timerserver.c ****     }
 619              		.loc 1 230 7 is_stmt 0 view .LVU176
 620 00ae FFF7FEFF 		bl	LinkTimerAfter
 621              	.LVL47:
 230:Core/Src/hw_timerserver.c ****     }
 622              		.loc 1 230 7 view .LVU177
 623 00b2 BEE7     		b	.L36
 624              	.LVL48:
 625              	.L37:
 237:Core/Src/hw_timerserver.c ****       PreviousRunningTimerID = CurrentRunningTimerID;
 626              		.loc 1 237 7 is_stmt 1 view .LVU178
 627 00b4 054E     		ldr	r6, .L42
 628 00b6 3178     		ldrb	r1, [r6]	@ zero_extendqisi2
ARM GAS  C:\Users\843E~1\AppData\Local\Temp\ccj6WFWj.s 			page 19


 629 00b8 2046     		mov	r0, r4
 630              	.LVL49:
 237:Core/Src/hw_timerserver.c ****       PreviousRunningTimerID = CurrentRunningTimerID;
 631              		.loc 1 237 7 is_stmt 0 view .LVU179
 632 00ba FFF7FEFF 		bl	LinkTimerBefore
 633              	.LVL50:
 238:Core/Src/hw_timerserver.c ****       CurrentRunningTimerID = TimerID;
 634              		.loc 1 238 7 is_stmt 1 view .LVU180
 238:Core/Src/hw_timerserver.c ****       CurrentRunningTimerID = TimerID;
 635              		.loc 1 238 30 is_stmt 0 view .LVU181
 636 00be 3378     		ldrb	r3, [r6]	@ zero_extendqisi2
 637 00c0 DBB2     		uxtb	r3, r3
 638 00c2 034A     		ldr	r2, .L42+4
 639 00c4 1370     		strb	r3, [r2]
 239:Core/Src/hw_timerserver.c ****     }
 640              		.loc 1 239 7 is_stmt 1 view .LVU182
 239:Core/Src/hw_timerserver.c ****     }
 641              		.loc 1 239 29 is_stmt 0 view .LVU183
 642 00c6 3470     		strb	r4, [r6]
 643 00c8 B3E7     		b	.L36
 644              	.L43:
 645 00ca 00BF     		.align	2
 646              	.L42:
 647 00cc 00000000 		.word	.LANCHOR1
 648 00d0 00000000 		.word	.LANCHOR2
 649 00d4 00000000 		.word	.LANCHOR0
 650 00d8 00000000 		.word	.LANCHOR3
 651              		.cfi_endproc
 652              	.LFE1264:
 654              		.section	.text.RestartWakeupCounter,"ax",%progbits
 655              		.align	1
 656              		.syntax unified
 657              		.thumb
 658              		.thumb_func
 660              	RestartWakeupCounter:
 661              	.LVL51:
 662              	.LFB1267:
 327:Core/Src/hw_timerserver.c **** 
 328:Core/Src/hw_timerserver.c **** /**
 329:Core/Src/hw_timerserver.c ****  * @brief  Set the wakeup counter
 330:Core/Src/hw_timerserver.c ****  * @note  The API is writing the counter value so that the value is decreased by one to cope with t
 331:Core/Src/hw_timerserver.c ****  *    the interrupt is generated with 1 extra clock cycle (See RefManuel)
 332:Core/Src/hw_timerserver.c ****  *    It assumes all condition are met to be allowed to write the wakeup counter
 333:Core/Src/hw_timerserver.c ****  * @param  Value: Value to be written in the counter
 334:Core/Src/hw_timerserver.c ****  * @retval None
 335:Core/Src/hw_timerserver.c ****  */
 336:Core/Src/hw_timerserver.c **** static void RestartWakeupCounter(uint16_t Value)
 337:Core/Src/hw_timerserver.c **** {
 663              		.loc 1 337 1 is_stmt 1 view -0
 664              		.cfi_startproc
 665              		@ args = 0, pretend = 0, frame = 0
 666              		@ frame_needed = 0, uses_anonymous_args = 0
 667              		.loc 1 337 1 is_stmt 0 view .LVU185
 668 0000 10B5     		push	{r4, lr}
 669              	.LCFI7:
 670              		.cfi_def_cfa_offset 8
 671              		.cfi_offset 4, -8
ARM GAS  C:\Users\843E~1\AppData\Local\Temp\ccj6WFWj.s 			page 20


 672              		.cfi_offset 14, -4
 338:Core/Src/hw_timerserver.c ****   /**
 339:Core/Src/hw_timerserver.c ****    * The wakeuptimer has been disabled in the calling function to reduce the time to poll the WUTWF
 340:Core/Src/hw_timerserver.c ****    * FLAG when the new value will have to be written
 341:Core/Src/hw_timerserver.c ****    *  __HAL_RTC_WAKEUPTIMER_DISABLE(&hrtc);
 342:Core/Src/hw_timerserver.c ****    */
 343:Core/Src/hw_timerserver.c **** 
 344:Core/Src/hw_timerserver.c ****   if(Value == 0)
 673              		.loc 1 344 3 is_stmt 1 view .LVU186
 674              		.loc 1 344 5 is_stmt 0 view .LVU187
 675 0002 48B3     		cbz	r0, .L51
 676 0004 0446     		mov	r4, r0
 345:Core/Src/hw_timerserver.c ****   {
 346:Core/Src/hw_timerserver.c ****     SSRValueOnLastSetup = ReadRtcSsrValue();
 347:Core/Src/hw_timerserver.c **** 
 348:Core/Src/hw_timerserver.c ****     /**
 349:Core/Src/hw_timerserver.c ****      * Simulate that the Timer expired
 350:Core/Src/hw_timerserver.c ****      */
 351:Core/Src/hw_timerserver.c ****     HAL_NVIC_SetPendingIRQ(CFG_HW_TS_RTC_WAKEUP_HANDLER_ID);
 352:Core/Src/hw_timerserver.c ****   }
 353:Core/Src/hw_timerserver.c ****   else
 354:Core/Src/hw_timerserver.c ****   {
 355:Core/Src/hw_timerserver.c ****     if((Value > 1) ||(WakeupTimerDivider != 1))
 677              		.loc 1 355 5 is_stmt 1 view .LVU188
 678              		.loc 1 355 7 is_stmt 0 view .LVU189
 679 0006 0128     		cmp	r0, #1
 680 0008 2ED9     		bls	.L52
 681              	.L47:
 356:Core/Src/hw_timerserver.c ****     {
 357:Core/Src/hw_timerserver.c ****       Value -= 1;
 682              		.loc 1 357 7 is_stmt 1 view .LVU190
 683              		.loc 1 357 13 is_stmt 0 view .LVU191
 684 000a 013C     		subs	r4, r4, #1
 685 000c A4B2     		uxth	r4, r4
 686              	.LVL52:
 687              	.L49:
 358:Core/Src/hw_timerserver.c ****     }
 359:Core/Src/hw_timerserver.c **** 
 360:Core/Src/hw_timerserver.c ****     while(__HAL_RTC_WAKEUPTIMER_GET_FLAG(&hrtc, RTC_FLAG_WUTWF) == RESET);
 688              		.loc 1 360 74 is_stmt 1 discriminator 1 view .LVU192
 689              		.loc 1 360 10 discriminator 1 view .LVU193
 690              		.loc 1 360 11 is_stmt 0 discriminator 1 view .LVU194
 691 000e 194B     		ldr	r3, .L53
 692 0010 1B68     		ldr	r3, [r3]
 693 0012 DA68     		ldr	r2, [r3, #12]
 694              		.loc 1 360 10 discriminator 1 view .LVU195
 695 0014 12F0040F 		tst	r2, #4
 696 0018 F9D0     		beq	.L49
 361:Core/Src/hw_timerserver.c **** 
 362:Core/Src/hw_timerserver.c ****     /**
 363:Core/Src/hw_timerserver.c ****      * make sure to clear the flags after checking the WUTWF.
 364:Core/Src/hw_timerserver.c ****      * It takes 2 RTCCLK between the time the WUTE bit is disabled and the
 365:Core/Src/hw_timerserver.c ****      * time the timer is disabled. The WUTWF bit somehow guarantee the system is stable
 366:Core/Src/hw_timerserver.c ****      * Otherwise, when the timer is periodic with 1 Tick, it may generate an extra interrupt in bet
 367:Core/Src/hw_timerserver.c ****      * due to the autoreload feature
 368:Core/Src/hw_timerserver.c ****      */
 369:Core/Src/hw_timerserver.c ****     __HAL_RTC_WAKEUPTIMER_CLEAR_FLAG(&hrtc, RTC_FLAG_WUTF);   /**<  Clear flag in RTC module */
ARM GAS  C:\Users\843E~1\AppData\Local\Temp\ccj6WFWj.s 			page 21


 697              		.loc 1 369 5 is_stmt 1 view .LVU196
 698 001a DA68     		ldr	r2, [r3, #12]
 699 001c D2B2     		uxtb	r2, r2
 700 001e 62F49062 		orn	r2, r2, #1152
 701 0022 DA60     		str	r2, [r3, #12]
 370:Core/Src/hw_timerserver.c ****     __HAL_RTC_WAKEUPTIMER_EXTI_CLEAR_FLAG(); /**<  Clear flag in EXTI module */
 702              		.loc 1 370 5 view .LVU197
 703 0024 144B     		ldr	r3, .L53+4
 704 0026 4FF40022 		mov	r2, #524288
 705 002a DA60     		str	r2, [r3, #12]
 371:Core/Src/hw_timerserver.c ****     HAL_NVIC_ClearPendingIRQ(CFG_HW_TS_RTC_WAKEUP_HANDLER_ID);   /**<  Clear pending bit in NVIC */
 706              		.loc 1 371 5 view .LVU198
 707 002c 0320     		movs	r0, #3
 708 002e FFF7FEFF 		bl	HAL_NVIC_ClearPendingIRQ
 709              	.LVL53:
 372:Core/Src/hw_timerserver.c **** 
 373:Core/Src/hw_timerserver.c ****     MODIFY_REG(RTC->WUTR, RTC_WUTR_WUT, Value);
 710              		.loc 1 373 5 view .LVU199
 711 0032 124A     		ldr	r2, .L53+8
 712 0034 5369     		ldr	r3, [r2, #20]
 713 0036 1B0C     		lsrs	r3, r3, #16
 714 0038 1B04     		lsls	r3, r3, #16
 715 003a 1C43     		orrs	r4, r4, r3
 716              	.LVL54:
 717              		.loc 1 373 5 is_stmt 0 view .LVU200
 718 003c 5461     		str	r4, [r2, #20]
 374:Core/Src/hw_timerserver.c **** 
 375:Core/Src/hw_timerserver.c ****     /**
 376:Core/Src/hw_timerserver.c ****      * Update the value here after the WUTWF polling that may take some time
 377:Core/Src/hw_timerserver.c ****      */
 378:Core/Src/hw_timerserver.c ****     SSRValueOnLastSetup = ReadRtcSsrValue();
 719              		.loc 1 378 5 is_stmt 1 view .LVU201
 720              		.loc 1 378 27 is_stmt 0 view .LVU202
 721 003e FFF7FEFF 		bl	ReadRtcSsrValue
 722              	.LVL55:
 723              		.loc 1 378 25 view .LVU203
 724 0042 0F4B     		ldr	r3, .L53+12
 725 0044 1860     		str	r0, [r3]
 379:Core/Src/hw_timerserver.c **** 
 380:Core/Src/hw_timerserver.c ****     __HAL_RTC_WAKEUPTIMER_ENABLE(&hrtc);    /**<  Enable the Wakeup Timer */
 726              		.loc 1 380 5 is_stmt 1 view .LVU204
 727 0046 0B4B     		ldr	r3, .L53
 728 0048 1A68     		ldr	r2, [r3]
 729 004a 9368     		ldr	r3, [r2, #8]
 730 004c 43F48063 		orr	r3, r3, #1024
 731 0050 9360     		str	r3, [r2, #8]
 381:Core/Src/hw_timerserver.c **** 
 382:Core/Src/hw_timerserver.c ****     HW_TS_RTC_CountUpdated_AppNot();
 732              		.loc 1 382 5 view .LVU205
 733 0052 FFF7FEFF 		bl	HW_TS_RTC_CountUpdated_AppNot
 734              	.LVL56:
 383:Core/Src/hw_timerserver.c ****   }
 384:Core/Src/hw_timerserver.c **** 
 385:Core/Src/hw_timerserver.c ****   return ;
 735              		.loc 1 385 3 view .LVU206
 736              	.L44:
 386:Core/Src/hw_timerserver.c **** }
ARM GAS  C:\Users\843E~1\AppData\Local\Temp\ccj6WFWj.s 			page 22


 737              		.loc 1 386 1 is_stmt 0 view .LVU207
 738 0056 10BD     		pop	{r4, pc}
 739              	.LVL57:
 740              	.L51:
 346:Core/Src/hw_timerserver.c **** 
 741              		.loc 1 346 5 is_stmt 1 view .LVU208
 346:Core/Src/hw_timerserver.c **** 
 742              		.loc 1 346 27 is_stmt 0 view .LVU209
 743 0058 FFF7FEFF 		bl	ReadRtcSsrValue
 744              	.LVL58:
 346:Core/Src/hw_timerserver.c **** 
 745              		.loc 1 346 25 view .LVU210
 746 005c 084B     		ldr	r3, .L53+12
 747 005e 1860     		str	r0, [r3]
 351:Core/Src/hw_timerserver.c ****   }
 748              		.loc 1 351 5 is_stmt 1 view .LVU211
 749 0060 0320     		movs	r0, #3
 750 0062 FFF7FEFF 		bl	HAL_NVIC_SetPendingIRQ
 751              	.LVL59:
 752 0066 F6E7     		b	.L44
 753              	.LVL60:
 754              	.L52:
 355:Core/Src/hw_timerserver.c ****     {
 755              		.loc 1 355 42 is_stmt 0 discriminator 1 view .LVU212
 756 0068 064B     		ldr	r3, .L53+16
 757 006a 1B78     		ldrb	r3, [r3]	@ zero_extendqisi2
 355:Core/Src/hw_timerserver.c ****     {
 758              		.loc 1 355 20 discriminator 1 view .LVU213
 759 006c 012B     		cmp	r3, #1
 760 006e CCD1     		bne	.L47
 761 0070 CDE7     		b	.L49
 762              	.L54:
 763 0072 00BF     		.align	2
 764              	.L53:
 765 0074 00000000 		.word	hrtc
 766 0078 00080058 		.word	1476397056
 767 007c 00280040 		.word	1073752064
 768 0080 00000000 		.word	.LANCHOR3
 769 0084 00000000 		.word	.LANCHOR6
 770              		.cfi_endproc
 771              	.LFE1267:
 773              		.section	.text.RescheduleTimerList,"ax",%progbits
 774              		.align	1
 775              		.syntax unified
 776              		.thumb
 777              		.thumb_func
 779              	RescheduleTimerList:
 780              	.LFB1268:
 387:Core/Src/hw_timerserver.c **** 
 388:Core/Src/hw_timerserver.c **** /**
 389:Core/Src/hw_timerserver.c ****  * @brief  Reschedule the list of timer
 390:Core/Src/hw_timerserver.c ****  * @note  1) Update the count left for each timer in the list
 391:Core/Src/hw_timerserver.c ****  *    2) Setup the wakeuptimer
 392:Core/Src/hw_timerserver.c ****  * @param  None
 393:Core/Src/hw_timerserver.c ****  * @retval None
 394:Core/Src/hw_timerserver.c ****  */
 395:Core/Src/hw_timerserver.c **** static void RescheduleTimerList(void)
ARM GAS  C:\Users\843E~1\AppData\Local\Temp\ccj6WFWj.s 			page 23


 396:Core/Src/hw_timerserver.c **** {
 781              		.loc 1 396 1 is_stmt 1 view -0
 782              		.cfi_startproc
 783              		@ args = 0, pretend = 0, frame = 0
 784              		@ frame_needed = 0, uses_anonymous_args = 0
 785 0000 38B5     		push	{r3, r4, r5, lr}
 786              	.LCFI8:
 787              		.cfi_def_cfa_offset 16
 788              		.cfi_offset 3, -16
 789              		.cfi_offset 4, -12
 790              		.cfi_offset 5, -8
 791              		.cfi_offset 14, -4
 397:Core/Src/hw_timerserver.c ****   uint8_t   localTimerID;
 792              		.loc 1 397 3 view .LVU215
 398:Core/Src/hw_timerserver.c ****   uint32_t  timecountleft;
 793              		.loc 1 398 3 view .LVU216
 399:Core/Src/hw_timerserver.c ****   uint16_t  wakeup_timer_value;
 794              		.loc 1 399 3 view .LVU217
 400:Core/Src/hw_timerserver.c ****   uint16_t  time_elapsed;
 795              		.loc 1 400 3 view .LVU218
 401:Core/Src/hw_timerserver.c **** 
 402:Core/Src/hw_timerserver.c ****   /**
 403:Core/Src/hw_timerserver.c ****    * The wakeuptimer is disabled now to reduce the time to poll the WUTWF
 404:Core/Src/hw_timerserver.c ****    * FLAG when the new value will have to be written
 405:Core/Src/hw_timerserver.c ****    */
 406:Core/Src/hw_timerserver.c ****   if((READ_BIT(RTC->CR, RTC_CR_WUTE) == (RTC_CR_WUTE)) == SET)
 796              		.loc 1 406 3 view .LVU219
 797              		.loc 1 406 7 is_stmt 0 view .LVU220
 798 0002 2F4B     		ldr	r3, .L67
 799 0004 9B68     		ldr	r3, [r3, #8]
 800              		.loc 1 406 5 view .LVU221
 801 0006 13F4806F 		tst	r3, #1024
 802 000a 05D0     		beq	.L56
 803              	.L57:
 407:Core/Src/hw_timerserver.c ****   {
 408:Core/Src/hw_timerserver.c ****     /**
 409:Core/Src/hw_timerserver.c ****      * Wait for the flag to be back to 0 when the wakeup timer is enabled
 410:Core/Src/hw_timerserver.c ****      */
 411:Core/Src/hw_timerserver.c ****     while(__HAL_RTC_WAKEUPTIMER_GET_FLAG(&hrtc, RTC_FLAG_WUTWF) == SET);
 804              		.loc 1 411 72 is_stmt 1 discriminator 1 view .LVU222
 805              		.loc 1 411 10 discriminator 1 view .LVU223
 806              		.loc 1 411 11 is_stmt 0 discriminator 1 view .LVU224
 807 000c 2D4B     		ldr	r3, .L67+4
 808 000e 1B68     		ldr	r3, [r3]
 809 0010 DB68     		ldr	r3, [r3, #12]
 810              		.loc 1 411 10 discriminator 1 view .LVU225
 811 0012 13F0040F 		tst	r3, #4
 812 0016 F9D1     		bne	.L57
 813              	.L56:
 412:Core/Src/hw_timerserver.c ****   }
 413:Core/Src/hw_timerserver.c ****   __HAL_RTC_WAKEUPTIMER_DISABLE(&hrtc);   /**<  Disable the Wakeup Timer */
 814              		.loc 1 413 3 is_stmt 1 view .LVU226
 815 0018 2A4B     		ldr	r3, .L67+4
 816 001a 1A68     		ldr	r2, [r3]
 817 001c 9368     		ldr	r3, [r2, #8]
 818 001e 23F48063 		bic	r3, r3, #1024
 819 0022 9360     		str	r3, [r2, #8]
ARM GAS  C:\Users\843E~1\AppData\Local\Temp\ccj6WFWj.s 			page 24


 414:Core/Src/hw_timerserver.c **** 
 415:Core/Src/hw_timerserver.c ****   localTimerID = CurrentRunningTimerID;
 820              		.loc 1 415 3 view .LVU227
 821              		.loc 1 415 16 is_stmt 0 view .LVU228
 822 0024 284B     		ldr	r3, .L67+8
 823 0026 1B78     		ldrb	r3, [r3]	@ zero_extendqisi2
 824 0028 DCB2     		uxtb	r4, r3
 825              	.LVL61:
 416:Core/Src/hw_timerserver.c **** 
 417:Core/Src/hw_timerserver.c ****   /**
 418:Core/Src/hw_timerserver.c ****    * Calculate what will be the value to write in the wakeuptimer
 419:Core/Src/hw_timerserver.c ****    */
 420:Core/Src/hw_timerserver.c ****   timecountleft = aTimerContext[localTimerID].CountLeft;
 826              		.loc 1 420 3 is_stmt 1 view .LVU229
 827              		.loc 1 420 17 is_stmt 0 view .LVU230
 828 002a 03EB4303 		add	r3, r3, r3, lsl #1
 829 002e 274A     		ldr	r2, .L67+12
 830 0030 02EBC303 		add	r3, r2, r3, lsl #3
 831 0034 9D68     		ldr	r5, [r3, #8]
 832              	.LVL62:
 421:Core/Src/hw_timerserver.c **** 
 422:Core/Src/hw_timerserver.c ****   /**
 423:Core/Src/hw_timerserver.c ****    * Read how much has been counted
 424:Core/Src/hw_timerserver.c ****    */
 425:Core/Src/hw_timerserver.c ****   time_elapsed = ReturnTimeElapsed();
 833              		.loc 1 425 3 is_stmt 1 view .LVU231
 834              		.loc 1 425 18 is_stmt 0 view .LVU232
 835 0036 FFF7FEFF 		bl	ReturnTimeElapsed
 836              	.LVL63:
 837 003a 8446     		mov	ip, r0
 838              	.LVL64:
 426:Core/Src/hw_timerserver.c **** 
 427:Core/Src/hw_timerserver.c ****   if(timecountleft < time_elapsed )
 839              		.loc 1 427 3 is_stmt 1 view .LVU233
 840              		.loc 1 427 5 is_stmt 0 view .LVU234
 841 003c A842     		cmp	r0, r5
 842 003e 04D9     		bls	.L58
 428:Core/Src/hw_timerserver.c ****   {
 429:Core/Src/hw_timerserver.c ****     /**
 430:Core/Src/hw_timerserver.c ****      * There is no tick left to count
 431:Core/Src/hw_timerserver.c ****      */
 432:Core/Src/hw_timerserver.c ****     wakeup_timer_value = 0;
 843              		.loc 1 432 5 is_stmt 1 view .LVU235
 844              	.LVL65:
 433:Core/Src/hw_timerserver.c ****     WakeupTimerLimitation = WakeupTimerValue_LargeEnough;
 845              		.loc 1 433 5 view .LVU236
 846              		.loc 1 433 27 is_stmt 0 view .LVU237
 847 0040 234B     		ldr	r3, .L67+16
 848 0042 0122     		movs	r2, #1
 849 0044 1A70     		strb	r2, [r3]
 432:Core/Src/hw_timerserver.c ****     WakeupTimerLimitation = WakeupTimerValue_LargeEnough;
 850              		.loc 1 432 24 view .LVU238
 851 0046 0020     		movs	r0, #0
 852              	.LVL66:
 432:Core/Src/hw_timerserver.c ****     WakeupTimerLimitation = WakeupTimerValue_LargeEnough;
 853              		.loc 1 432 24 view .LVU239
 854 0048 24E0     		b	.L63
ARM GAS  C:\Users\843E~1\AppData\Local\Temp\ccj6WFWj.s 			page 25


 855              	.LVL67:
 856              	.L58:
 434:Core/Src/hw_timerserver.c ****   }
 435:Core/Src/hw_timerserver.c ****   else
 436:Core/Src/hw_timerserver.c ****   {
 437:Core/Src/hw_timerserver.c ****     if(timecountleft > (time_elapsed + MaxWakeupTimerSetup))
 857              		.loc 1 437 5 is_stmt 1 view .LVU240
 858              		.loc 1 437 38 is_stmt 0 view .LVU241
 859 004a 224B     		ldr	r3, .L67+20
 860 004c 1B88     		ldrh	r3, [r3]
 861 004e 10FA83F3 		uxtah	r3, r0, r3
 862              		.loc 1 437 7 view .LVU242
 863 0052 AB42     		cmp	r3, r5
 864 0054 06D2     		bcs	.L60
 438:Core/Src/hw_timerserver.c ****     {
 439:Core/Src/hw_timerserver.c ****       /**
 440:Core/Src/hw_timerserver.c ****        * The number of tick left is greater than the Wakeuptimer maximum value
 441:Core/Src/hw_timerserver.c ****        */
 442:Core/Src/hw_timerserver.c ****       wakeup_timer_value = MaxWakeupTimerSetup;
 865              		.loc 1 442 7 is_stmt 1 view .LVU243
 866              		.loc 1 442 26 is_stmt 0 view .LVU244
 867 0056 1F4B     		ldr	r3, .L67+20
 868 0058 1888     		ldrh	r0, [r3]
 869              	.LVL68:
 870              		.loc 1 442 26 view .LVU245
 871 005a 80B2     		uxth	r0, r0
 872              	.LVL69:
 443:Core/Src/hw_timerserver.c **** 
 444:Core/Src/hw_timerserver.c ****       WakeupTimerLimitation = WakeupTimerValue_Overpassed;
 873              		.loc 1 444 7 is_stmt 1 view .LVU246
 874              		.loc 1 444 29 is_stmt 0 view .LVU247
 875 005c 1C4B     		ldr	r3, .L67+16
 876 005e 0022     		movs	r2, #0
 877 0060 1A70     		strb	r2, [r3]
 878 0062 17E0     		b	.L63
 879              	.LVL70:
 880              	.L60:
 445:Core/Src/hw_timerserver.c ****     }
 446:Core/Src/hw_timerserver.c ****     else
 447:Core/Src/hw_timerserver.c ****     {
 448:Core/Src/hw_timerserver.c ****       wakeup_timer_value = timecountleft - time_elapsed;
 881              		.loc 1 448 7 is_stmt 1 view .LVU248
 882              		.loc 1 448 42 is_stmt 0 view .LVU249
 883 0064 A8B2     		uxth	r0, r5
 884              	.LVL71:
 885              		.loc 1 448 26 view .LVU250
 886 0066 A0EB0C00 		sub	r0, r0, ip
 887 006a 80B2     		uxth	r0, r0
 888              	.LVL72:
 449:Core/Src/hw_timerserver.c ****       WakeupTimerLimitation = WakeupTimerValue_LargeEnough;
 889              		.loc 1 449 7 is_stmt 1 view .LVU251
 890              		.loc 1 449 29 is_stmt 0 view .LVU252
 891 006c 184B     		ldr	r3, .L67+16
 892 006e 0122     		movs	r2, #1
 893 0070 1A70     		strb	r2, [r3]
 894 0072 0FE0     		b	.L63
 895              	.L61:
ARM GAS  C:\Users\843E~1\AppData\Local\Temp\ccj6WFWj.s 			page 26


 450:Core/Src/hw_timerserver.c ****     }
 451:Core/Src/hw_timerserver.c **** 
 452:Core/Src/hw_timerserver.c ****   }
 453:Core/Src/hw_timerserver.c **** 
 454:Core/Src/hw_timerserver.c ****   /**
 455:Core/Src/hw_timerserver.c ****    * update ticks left to be counted for each timer
 456:Core/Src/hw_timerserver.c ****    */
 457:Core/Src/hw_timerserver.c ****   while(localTimerID != CFG_HW_TS_MAX_NBR_CONCURRENT_TIMER)
 458:Core/Src/hw_timerserver.c ****   {
 459:Core/Src/hw_timerserver.c ****     if (aTimerContext[localTimerID].CountLeft < time_elapsed)
 460:Core/Src/hw_timerserver.c ****     {
 461:Core/Src/hw_timerserver.c ****       aTimerContext[localTimerID].CountLeft = 0;
 462:Core/Src/hw_timerserver.c ****     }
 463:Core/Src/hw_timerserver.c ****     else
 464:Core/Src/hw_timerserver.c ****     {
 465:Core/Src/hw_timerserver.c ****       aTimerContext[localTimerID].CountLeft -= time_elapsed;
 896              		.loc 1 465 7 is_stmt 1 view .LVU253
 897              		.loc 1 465 45 is_stmt 0 view .LVU254
 898 0074 04EB4404 		add	r4, r4, r4, lsl #1
 899              	.LVL73:
 900              		.loc 1 465 45 view .LVU255
 901 0078 144A     		ldr	r2, .L67+12
 902 007a 02EBC404 		add	r4, r2, r4, lsl #3
 903 007e A268     		ldr	r2, [r4, #8]
 904 0080 A2EB0C02 		sub	r2, r2, ip
 905 0084 A260     		str	r2, [r4, #8]
 906              	.L62:
 466:Core/Src/hw_timerserver.c ****     }
 467:Core/Src/hw_timerserver.c ****     localTimerID = aTimerContext[localTimerID].NextID;
 907              		.loc 1 467 5 is_stmt 1 view .LVU256
 908              		.loc 1 467 18 is_stmt 0 view .LVU257
 909 0086 03EB4303 		add	r3, r3, r3, lsl #1
 910 008a 104A     		ldr	r2, .L67+12
 911 008c 02EBC303 		add	r3, r2, r3, lsl #3
 912 0090 5C7D     		ldrb	r4, [r3, #21]	@ zero_extendqisi2
 913 0092 E4B2     		uxtb	r4, r4
 914              	.LVL74:
 915              	.L63:
 457:Core/Src/hw_timerserver.c ****   {
 916              		.loc 1 457 8 is_stmt 1 view .LVU258
 917 0094 062C     		cmp	r4, #6
 918 0096 0FD0     		beq	.L66
 459:Core/Src/hw_timerserver.c ****     {
 919              		.loc 1 459 5 view .LVU259
 459:Core/Src/hw_timerserver.c ****     {
 920              		.loc 1 459 36 is_stmt 0 view .LVU260
 921 0098 2346     		mov	r3, r4
 922 009a 04EB4402 		add	r2, r4, r4, lsl #1
 923 009e 0B49     		ldr	r1, .L67+12
 924 00a0 01EBC202 		add	r2, r1, r2, lsl #3
 925 00a4 9268     		ldr	r2, [r2, #8]
 459:Core/Src/hw_timerserver.c ****     {
 926              		.loc 1 459 8 view .LVU261
 927 00a6 9445     		cmp	ip, r2
 928 00a8 E4D9     		bls	.L61
 461:Core/Src/hw_timerserver.c ****     }
 929              		.loc 1 461 7 is_stmt 1 view .LVU262
ARM GAS  C:\Users\843E~1\AppData\Local\Temp\ccj6WFWj.s 			page 27


 461:Core/Src/hw_timerserver.c ****     }
 930              		.loc 1 461 45 is_stmt 0 view .LVU263
 931 00aa 04EB4404 		add	r4, r4, r4, lsl #1
 932              	.LVL75:
 461:Core/Src/hw_timerserver.c ****     }
 933              		.loc 1 461 45 view .LVU264
 934 00ae 01EBC404 		add	r4, r1, r4, lsl #3
 935 00b2 0022     		movs	r2, #0
 936 00b4 A260     		str	r2, [r4, #8]
 937 00b6 E6E7     		b	.L62
 938              	.LVL76:
 939              	.L66:
 468:Core/Src/hw_timerserver.c ****   }
 469:Core/Src/hw_timerserver.c **** 
 470:Core/Src/hw_timerserver.c ****   /**
 471:Core/Src/hw_timerserver.c ****    * Write next count
 472:Core/Src/hw_timerserver.c ****    */
 473:Core/Src/hw_timerserver.c ****   RestartWakeupCounter(wakeup_timer_value);
 940              		.loc 1 473 3 is_stmt 1 view .LVU265
 941 00b8 FFF7FEFF 		bl	RestartWakeupCounter
 942              	.LVL77:
 474:Core/Src/hw_timerserver.c **** 
 475:Core/Src/hw_timerserver.c ****   return ;
 943              		.loc 1 475 3 view .LVU266
 476:Core/Src/hw_timerserver.c **** }
 944              		.loc 1 476 1 is_stmt 0 view .LVU267
 945 00bc 38BD     		pop	{r3, r4, r5, pc}
 946              	.LVL78:
 947              	.L68:
 948              		.loc 1 476 1 view .LVU268
 949 00be 00BF     		.align	2
 950              	.L67:
 951 00c0 00280040 		.word	1073752064
 952 00c4 00000000 		.word	hrtc
 953 00c8 00000000 		.word	.LANCHOR1
 954 00cc 00000000 		.word	.LANCHOR0
 955 00d0 00000000 		.word	.LANCHOR7
 956 00d4 00000000 		.word	.LANCHOR8
 957              		.cfi_endproc
 958              	.LFE1268:
 960              		.section	.text.HW_TS_Init,"ax",%progbits
 961              		.align	1
 962              		.global	HW_TS_Init
 963              		.syntax unified
 964              		.thumb
 965              		.thumb_func
 967              	HW_TS_Init:
 968              	.LVL79:
 969              	.LFB1270:
 477:Core/Src/hw_timerserver.c **** 
 478:Core/Src/hw_timerserver.c **** /* Public functions ----------------------------------------------------------*/
 479:Core/Src/hw_timerserver.c **** 
 480:Core/Src/hw_timerserver.c **** /**
 481:Core/Src/hw_timerserver.c ****  * For all public interface except that may need write access to the RTC, the RTC
 482:Core/Src/hw_timerserver.c ****  * shall be unlock at the beginning and locked at the output
 483:Core/Src/hw_timerserver.c ****  * In order to ease maintainability, the unlock is done at the top and the lock at then end
 484:Core/Src/hw_timerserver.c ****  * in case some new implementation is coming in the future
ARM GAS  C:\Users\843E~1\AppData\Local\Temp\ccj6WFWj.s 			page 28


 485:Core/Src/hw_timerserver.c ****  */
 486:Core/Src/hw_timerserver.c **** 
 487:Core/Src/hw_timerserver.c **** void HW_TS_RTC_Wakeup_Handler(void)
 488:Core/Src/hw_timerserver.c **** {
 489:Core/Src/hw_timerserver.c ****   HW_TS_pTimerCb_t ptimer_callback;
 490:Core/Src/hw_timerserver.c ****   uint32_t timer_process_id;
 491:Core/Src/hw_timerserver.c ****   uint8_t local_current_running_timer_id;
 492:Core/Src/hw_timerserver.c **** #if (CFG_HW_TS_USE_PRIMASK_AS_CRITICAL_SECTION == 1)
 493:Core/Src/hw_timerserver.c ****   uint32_t primask_bit;
 494:Core/Src/hw_timerserver.c **** #endif
 495:Core/Src/hw_timerserver.c **** 
 496:Core/Src/hw_timerserver.c **** #if (CFG_HW_TS_USE_PRIMASK_AS_CRITICAL_SECTION == 1)
 497:Core/Src/hw_timerserver.c ****   primask_bit = __get_PRIMASK();  /**< backup PRIMASK bit */
 498:Core/Src/hw_timerserver.c ****   __disable_irq();          /**< Disable all interrupts by setting PRIMASK bit on Cortex*/
 499:Core/Src/hw_timerserver.c **** #endif
 500:Core/Src/hw_timerserver.c **** 
 501:Core/Src/hw_timerserver.c **** /* Disable the write protection for RTC registers */
 502:Core/Src/hw_timerserver.c ****   __HAL_RTC_WRITEPROTECTION_DISABLE( &hrtc );
 503:Core/Src/hw_timerserver.c **** 
 504:Core/Src/hw_timerserver.c ****   /**
 505:Core/Src/hw_timerserver.c ****    * Disable the Wakeup Timer
 506:Core/Src/hw_timerserver.c ****    * This may speed up a bit the processing to wait the timer to be disabled
 507:Core/Src/hw_timerserver.c ****    * The timer is still counting 2 RTCCLK
 508:Core/Src/hw_timerserver.c ****    */
 509:Core/Src/hw_timerserver.c ****   __HAL_RTC_WAKEUPTIMER_DISABLE(&hrtc);
 510:Core/Src/hw_timerserver.c **** 
 511:Core/Src/hw_timerserver.c ****   local_current_running_timer_id = CurrentRunningTimerID;
 512:Core/Src/hw_timerserver.c **** 
 513:Core/Src/hw_timerserver.c ****   if(aTimerContext[local_current_running_timer_id].TimerIDStatus == TimerID_Running)
 514:Core/Src/hw_timerserver.c ****   {
 515:Core/Src/hw_timerserver.c ****     ptimer_callback = aTimerContext[local_current_running_timer_id].pTimerCallBack;
 516:Core/Src/hw_timerserver.c ****     timer_process_id = aTimerContext[local_current_running_timer_id].TimerProcessID;
 517:Core/Src/hw_timerserver.c **** 
 518:Core/Src/hw_timerserver.c ****     /**
 519:Core/Src/hw_timerserver.c ****      * It should be good to check whether the TimeElapsed is greater or not than the tick left to b
 520:Core/Src/hw_timerserver.c ****      * However, due to the inaccuracy of the reading of the time elapsed, it may return there is 1 
 521:Core/Src/hw_timerserver.c ****      * to be left whereas the count is over
 522:Core/Src/hw_timerserver.c ****      * A more secure implementation has been done with a flag to state whereas the full count has b
 523:Core/Src/hw_timerserver.c ****      * in the wakeuptimer or not
 524:Core/Src/hw_timerserver.c ****      */
 525:Core/Src/hw_timerserver.c ****     if(WakeupTimerLimitation != WakeupTimerValue_Overpassed)
 526:Core/Src/hw_timerserver.c ****     {
 527:Core/Src/hw_timerserver.c ****       if(aTimerContext[local_current_running_timer_id].TimerMode == hw_ts_Repeated)
 528:Core/Src/hw_timerserver.c ****       {
 529:Core/Src/hw_timerserver.c ****         UnlinkTimer(local_current_running_timer_id, SSR_Read_Not_Requested);
 530:Core/Src/hw_timerserver.c **** #if (CFG_HW_TS_USE_PRIMASK_AS_CRITICAL_SECTION == 1)
 531:Core/Src/hw_timerserver.c ****         __set_PRIMASK(primask_bit); /**< Restore PRIMASK bit*/
 532:Core/Src/hw_timerserver.c **** #endif
 533:Core/Src/hw_timerserver.c ****         HW_TS_Start(local_current_running_timer_id, aTimerContext[local_current_running_timer_id].C
 534:Core/Src/hw_timerserver.c **** 
 535:Core/Src/hw_timerserver.c ****         /* Disable the write protection for RTC registers */
 536:Core/Src/hw_timerserver.c ****         __HAL_RTC_WRITEPROTECTION_DISABLE( &hrtc );
 537:Core/Src/hw_timerserver.c ****         }
 538:Core/Src/hw_timerserver.c ****       else
 539:Core/Src/hw_timerserver.c ****       {
 540:Core/Src/hw_timerserver.c **** #if (CFG_HW_TS_USE_PRIMASK_AS_CRITICAL_SECTION == 1)
 541:Core/Src/hw_timerserver.c ****         __set_PRIMASK(primask_bit); /**< Restore PRIMASK bit*/
ARM GAS  C:\Users\843E~1\AppData\Local\Temp\ccj6WFWj.s 			page 29


 542:Core/Src/hw_timerserver.c **** #endif
 543:Core/Src/hw_timerserver.c ****         HW_TS_Stop(local_current_running_timer_id);
 544:Core/Src/hw_timerserver.c **** 
 545:Core/Src/hw_timerserver.c ****         /* Disable the write protection for RTC registers */
 546:Core/Src/hw_timerserver.c ****         __HAL_RTC_WRITEPROTECTION_DISABLE( &hrtc );
 547:Core/Src/hw_timerserver.c ****         }
 548:Core/Src/hw_timerserver.c **** 
 549:Core/Src/hw_timerserver.c ****       HW_TS_RTC_Int_AppNot(timer_process_id, local_current_running_timer_id, ptimer_callback);
 550:Core/Src/hw_timerserver.c ****     }
 551:Core/Src/hw_timerserver.c ****     else
 552:Core/Src/hw_timerserver.c ****     {
 553:Core/Src/hw_timerserver.c ****       RescheduleTimerList();
 554:Core/Src/hw_timerserver.c **** #if (CFG_HW_TS_USE_PRIMASK_AS_CRITICAL_SECTION == 1)
 555:Core/Src/hw_timerserver.c ****       __set_PRIMASK(primask_bit); /**< Restore PRIMASK bit*/
 556:Core/Src/hw_timerserver.c **** #endif
 557:Core/Src/hw_timerserver.c ****     }
 558:Core/Src/hw_timerserver.c ****   }
 559:Core/Src/hw_timerserver.c ****   else
 560:Core/Src/hw_timerserver.c ****   {
 561:Core/Src/hw_timerserver.c ****     /**
 562:Core/Src/hw_timerserver.c ****      * We should never end up in this case
 563:Core/Src/hw_timerserver.c ****      * However, if due to any bug in the timer server this is the case, the mistake may not impact 
 564:Core/Src/hw_timerserver.c ****      * We could just clean the interrupt flag and get out from this unexpected interrupt
 565:Core/Src/hw_timerserver.c ****      */
 566:Core/Src/hw_timerserver.c ****     while(__HAL_RTC_WAKEUPTIMER_GET_FLAG(&hrtc, RTC_FLAG_WUTWF) == RESET);
 567:Core/Src/hw_timerserver.c **** 
 568:Core/Src/hw_timerserver.c ****     /**
 569:Core/Src/hw_timerserver.c ****      * make sure to clear the flags after checking the WUTWF.
 570:Core/Src/hw_timerserver.c ****      * It takes 2 RTCCLK between the time the WUTE bit is disabled and the
 571:Core/Src/hw_timerserver.c ****      * time the timer is disabled. The WUTWF bit somehow guarantee the system is stable
 572:Core/Src/hw_timerserver.c ****      * Otherwise, when the timer is periodic with 1 Tick, it may generate an extra interrupt in bet
 573:Core/Src/hw_timerserver.c ****      * due to the autoreload feature
 574:Core/Src/hw_timerserver.c ****      */
 575:Core/Src/hw_timerserver.c ****     __HAL_RTC_WAKEUPTIMER_CLEAR_FLAG(&hrtc, RTC_FLAG_WUTF);   /**<  Clear flag in RTC module */
 576:Core/Src/hw_timerserver.c ****     __HAL_RTC_WAKEUPTIMER_EXTI_CLEAR_FLAG(); /**<  Clear flag in EXTI module */
 577:Core/Src/hw_timerserver.c **** 
 578:Core/Src/hw_timerserver.c **** #if (CFG_HW_TS_USE_PRIMASK_AS_CRITICAL_SECTION == 1)
 579:Core/Src/hw_timerserver.c ****     __set_PRIMASK(primask_bit); /**< Restore PRIMASK bit*/
 580:Core/Src/hw_timerserver.c **** #endif
 581:Core/Src/hw_timerserver.c ****   }
 582:Core/Src/hw_timerserver.c **** 
 583:Core/Src/hw_timerserver.c ****   /* Enable the write protection for RTC registers */
 584:Core/Src/hw_timerserver.c ****   __HAL_RTC_WRITEPROTECTION_ENABLE( &hrtc );
 585:Core/Src/hw_timerserver.c **** 
 586:Core/Src/hw_timerserver.c ****   return;
 587:Core/Src/hw_timerserver.c **** }
 588:Core/Src/hw_timerserver.c **** 
 589:Core/Src/hw_timerserver.c **** void HW_TS_Init(HW_TS_InitMode_t TimerInitMode, RTC_HandleTypeDef *phrtc)
 590:Core/Src/hw_timerserver.c **** {
 970              		.loc 1 590 1 is_stmt 1 view -0
 971              		.cfi_startproc
 972              		@ args = 0, pretend = 0, frame = 0
 973              		@ frame_needed = 0, uses_anonymous_args = 0
 974              		.loc 1 590 1 is_stmt 0 view .LVU270
 975 0000 10B5     		push	{r4, lr}
 976              	.LCFI9:
 977              		.cfi_def_cfa_offset 8
ARM GAS  C:\Users\843E~1\AppData\Local\Temp\ccj6WFWj.s 			page 30


 978              		.cfi_offset 4, -8
 979              		.cfi_offset 14, -4
 591:Core/Src/hw_timerserver.c ****   uint8_t loop;
 980              		.loc 1 591 3 is_stmt 1 view .LVU271
 592:Core/Src/hw_timerserver.c ****   uint32_t localmaxwakeuptimersetup;
 981              		.loc 1 592 3 view .LVU272
 593:Core/Src/hw_timerserver.c **** 
 594:Core/Src/hw_timerserver.c ****  /* Disable the write protection for RTC registers */
 595:Core/Src/hw_timerserver.c ****   __HAL_RTC_WRITEPROTECTION_DISABLE( &hrtc );
 982              		.loc 1 595 3 view .LVU273
 983              		.loc 1 595 3 view .LVU274
 984 0002 484B     		ldr	r3, .L79
 985 0004 1B68     		ldr	r3, [r3]
 986 0006 CA22     		movs	r2, #202
 987 0008 5A62     		str	r2, [r3, #36]
 988              		.loc 1 595 3 view .LVU275
 989 000a 5322     		movs	r2, #83
 990 000c 5A62     		str	r2, [r3, #36]
 991              		.loc 1 595 3 view .LVU276
 596:Core/Src/hw_timerserver.c **** 
 597:Core/Src/hw_timerserver.c ****   SET_BIT(RTC->CR, RTC_CR_BYPSHAD);
 992              		.loc 1 597 3 view .LVU277
 993 000e 4649     		ldr	r1, .L79+4
 994              	.LVL80:
 995              		.loc 1 597 3 is_stmt 0 view .LVU278
 996 0010 8B68     		ldr	r3, [r1, #8]
 997 0012 43F02003 		orr	r3, r3, #32
 998 0016 8B60     		str	r3, [r1, #8]
 598:Core/Src/hw_timerserver.c **** 
 599:Core/Src/hw_timerserver.c ****   /**
 600:Core/Src/hw_timerserver.c ****    * Readout the user config
 601:Core/Src/hw_timerserver.c ****    */
 602:Core/Src/hw_timerserver.c ****   WakeupTimerDivider = (4 - ((uint32_t)(READ_BIT(RTC->CR, RTC_CR_WUCKSEL))));
 999              		.loc 1 602 3 is_stmt 1 view .LVU279
 1000              		.loc 1 602 41 is_stmt 0 view .LVU280
 1001 0018 8B68     		ldr	r3, [r1, #8]
 1002              		.loc 1 602 30 view .LVU281
 1003 001a 03F00703 		and	r3, r3, #7
 1004              		.loc 1 602 27 view .LVU282
 1005 001e C3F10403 		rsb	r3, r3, #4
 1006 0022 DAB2     		uxtb	r2, r3
 1007              		.loc 1 602 22 view .LVU283
 1008 0024 414B     		ldr	r3, .L79+8
 1009 0026 1A70     		strb	r2, [r3]
 603:Core/Src/hw_timerserver.c **** 
 604:Core/Src/hw_timerserver.c ****   AsynchPrescalerUserConfig = (uint8_t)(READ_BIT(RTC->PRER, RTC_PRER_PREDIV_A) >> (uint32_t)POSITIO
 1010              		.loc 1 604 3 is_stmt 1 view .LVU284
 1011              		.loc 1 604 41 is_stmt 0 view .LVU285
 1012 0028 0B69     		ldr	r3, [r1, #16]
 1013 002a 03F4FE03 		and	r3, r3, #8323072
 1014              	.LVL81:
 1015              	.LBB52:
 1016              	.LBI52:
 1017              		.file 2 "Drivers/CMSIS/Include/cmsis_gcc.h"
   1:Drivers/CMSIS/Include/cmsis_gcc.h **** /**************************************************************************//**
   2:Drivers/CMSIS/Include/cmsis_gcc.h ****  * @file     cmsis_gcc.h
   3:Drivers/CMSIS/Include/cmsis_gcc.h ****  * @brief    CMSIS compiler GCC header file
ARM GAS  C:\Users\843E~1\AppData\Local\Temp\ccj6WFWj.s 			page 31


   4:Drivers/CMSIS/Include/cmsis_gcc.h ****  * @version  V5.2.0
   5:Drivers/CMSIS/Include/cmsis_gcc.h ****  * @date     08. May 2019
   6:Drivers/CMSIS/Include/cmsis_gcc.h ****  ******************************************************************************/
   7:Drivers/CMSIS/Include/cmsis_gcc.h **** /*
   8:Drivers/CMSIS/Include/cmsis_gcc.h ****  * Copyright (c) 2009-2019 Arm Limited. All rights reserved.
   9:Drivers/CMSIS/Include/cmsis_gcc.h ****  *
  10:Drivers/CMSIS/Include/cmsis_gcc.h ****  * SPDX-License-Identifier: Apache-2.0
  11:Drivers/CMSIS/Include/cmsis_gcc.h ****  *
  12:Drivers/CMSIS/Include/cmsis_gcc.h ****  * Licensed under the Apache License, Version 2.0 (the License); you may
  13:Drivers/CMSIS/Include/cmsis_gcc.h ****  * not use this file except in compliance with the License.
  14:Drivers/CMSIS/Include/cmsis_gcc.h ****  * You may obtain a copy of the License at
  15:Drivers/CMSIS/Include/cmsis_gcc.h ****  *
  16:Drivers/CMSIS/Include/cmsis_gcc.h ****  * www.apache.org/licenses/LICENSE-2.0
  17:Drivers/CMSIS/Include/cmsis_gcc.h ****  *
  18:Drivers/CMSIS/Include/cmsis_gcc.h ****  * Unless required by applicable law or agreed to in writing, software
  19:Drivers/CMSIS/Include/cmsis_gcc.h ****  * distributed under the License is distributed on an AS IS BASIS, WITHOUT
  20:Drivers/CMSIS/Include/cmsis_gcc.h ****  * WARRANTIES OR CONDITIONS OF ANY KIND, either express or implied.
  21:Drivers/CMSIS/Include/cmsis_gcc.h ****  * See the License for the specific language governing permissions and
  22:Drivers/CMSIS/Include/cmsis_gcc.h ****  * limitations under the License.
  23:Drivers/CMSIS/Include/cmsis_gcc.h ****  */
  24:Drivers/CMSIS/Include/cmsis_gcc.h **** 
  25:Drivers/CMSIS/Include/cmsis_gcc.h **** #ifndef __CMSIS_GCC_H
  26:Drivers/CMSIS/Include/cmsis_gcc.h **** #define __CMSIS_GCC_H
  27:Drivers/CMSIS/Include/cmsis_gcc.h **** 
  28:Drivers/CMSIS/Include/cmsis_gcc.h **** /* ignore some GCC warnings */
  29:Drivers/CMSIS/Include/cmsis_gcc.h **** #pragma GCC diagnostic push
  30:Drivers/CMSIS/Include/cmsis_gcc.h **** #pragma GCC diagnostic ignored "-Wsign-conversion"
  31:Drivers/CMSIS/Include/cmsis_gcc.h **** #pragma GCC diagnostic ignored "-Wconversion"
  32:Drivers/CMSIS/Include/cmsis_gcc.h **** #pragma GCC diagnostic ignored "-Wunused-parameter"
  33:Drivers/CMSIS/Include/cmsis_gcc.h **** 
  34:Drivers/CMSIS/Include/cmsis_gcc.h **** /* Fallback for __has_builtin */
  35:Drivers/CMSIS/Include/cmsis_gcc.h **** #ifndef __has_builtin
  36:Drivers/CMSIS/Include/cmsis_gcc.h ****   #define __has_builtin(x) (0)
  37:Drivers/CMSIS/Include/cmsis_gcc.h **** #endif
  38:Drivers/CMSIS/Include/cmsis_gcc.h **** 
  39:Drivers/CMSIS/Include/cmsis_gcc.h **** /* CMSIS compiler specific defines */
  40:Drivers/CMSIS/Include/cmsis_gcc.h **** #ifndef   __ASM
  41:Drivers/CMSIS/Include/cmsis_gcc.h ****   #define __ASM                                  __asm
  42:Drivers/CMSIS/Include/cmsis_gcc.h **** #endif
  43:Drivers/CMSIS/Include/cmsis_gcc.h **** #ifndef   __INLINE
  44:Drivers/CMSIS/Include/cmsis_gcc.h ****   #define __INLINE                               inline
  45:Drivers/CMSIS/Include/cmsis_gcc.h **** #endif
  46:Drivers/CMSIS/Include/cmsis_gcc.h **** #ifndef   __STATIC_INLINE
  47:Drivers/CMSIS/Include/cmsis_gcc.h ****   #define __STATIC_INLINE                        static inline
  48:Drivers/CMSIS/Include/cmsis_gcc.h **** #endif
  49:Drivers/CMSIS/Include/cmsis_gcc.h **** #ifndef   __STATIC_FORCEINLINE                 
  50:Drivers/CMSIS/Include/cmsis_gcc.h ****   #define __STATIC_FORCEINLINE                   __attribute__((always_inline)) static inline
  51:Drivers/CMSIS/Include/cmsis_gcc.h **** #endif                                           
  52:Drivers/CMSIS/Include/cmsis_gcc.h **** #ifndef   __NO_RETURN
  53:Drivers/CMSIS/Include/cmsis_gcc.h ****   #define __NO_RETURN                            __attribute__((__noreturn__))
  54:Drivers/CMSIS/Include/cmsis_gcc.h **** #endif
  55:Drivers/CMSIS/Include/cmsis_gcc.h **** #ifndef   __USED
  56:Drivers/CMSIS/Include/cmsis_gcc.h ****   #define __USED                                 __attribute__((used))
  57:Drivers/CMSIS/Include/cmsis_gcc.h **** #endif
  58:Drivers/CMSIS/Include/cmsis_gcc.h **** #ifndef   __WEAK
  59:Drivers/CMSIS/Include/cmsis_gcc.h ****   #define __WEAK                                 __attribute__((weak))
  60:Drivers/CMSIS/Include/cmsis_gcc.h **** #endif
ARM GAS  C:\Users\843E~1\AppData\Local\Temp\ccj6WFWj.s 			page 32


  61:Drivers/CMSIS/Include/cmsis_gcc.h **** #ifndef   __PACKED
  62:Drivers/CMSIS/Include/cmsis_gcc.h ****   #define __PACKED                               __attribute__((packed, aligned(1)))
  63:Drivers/CMSIS/Include/cmsis_gcc.h **** #endif
  64:Drivers/CMSIS/Include/cmsis_gcc.h **** #ifndef   __PACKED_STRUCT
  65:Drivers/CMSIS/Include/cmsis_gcc.h ****   #define __PACKED_STRUCT                        struct __attribute__((packed, aligned(1)))
  66:Drivers/CMSIS/Include/cmsis_gcc.h **** #endif
  67:Drivers/CMSIS/Include/cmsis_gcc.h **** #ifndef   __PACKED_UNION
  68:Drivers/CMSIS/Include/cmsis_gcc.h ****   #define __PACKED_UNION                         union __attribute__((packed, aligned(1)))
  69:Drivers/CMSIS/Include/cmsis_gcc.h **** #endif
  70:Drivers/CMSIS/Include/cmsis_gcc.h **** #ifndef   __UNALIGNED_UINT32        /* deprecated */
  71:Drivers/CMSIS/Include/cmsis_gcc.h ****   #pragma GCC diagnostic push
  72:Drivers/CMSIS/Include/cmsis_gcc.h ****   #pragma GCC diagnostic ignored "-Wpacked"
  73:Drivers/CMSIS/Include/cmsis_gcc.h ****   #pragma GCC diagnostic ignored "-Wattributes"
  74:Drivers/CMSIS/Include/cmsis_gcc.h ****   struct __attribute__((packed)) T_UINT32 { uint32_t v; };
  75:Drivers/CMSIS/Include/cmsis_gcc.h ****   #pragma GCC diagnostic pop
  76:Drivers/CMSIS/Include/cmsis_gcc.h ****   #define __UNALIGNED_UINT32(x)                  (((struct T_UINT32 *)(x))->v)
  77:Drivers/CMSIS/Include/cmsis_gcc.h **** #endif
  78:Drivers/CMSIS/Include/cmsis_gcc.h **** #ifndef   __UNALIGNED_UINT16_WRITE
  79:Drivers/CMSIS/Include/cmsis_gcc.h ****   #pragma GCC diagnostic push
  80:Drivers/CMSIS/Include/cmsis_gcc.h ****   #pragma GCC diagnostic ignored "-Wpacked"
  81:Drivers/CMSIS/Include/cmsis_gcc.h ****   #pragma GCC diagnostic ignored "-Wattributes"
  82:Drivers/CMSIS/Include/cmsis_gcc.h ****   __PACKED_STRUCT T_UINT16_WRITE { uint16_t v; };
  83:Drivers/CMSIS/Include/cmsis_gcc.h ****   #pragma GCC diagnostic pop
  84:Drivers/CMSIS/Include/cmsis_gcc.h ****   #define __UNALIGNED_UINT16_WRITE(addr, val)    (void)((((struct T_UINT16_WRITE *)(void *)(addr))-
  85:Drivers/CMSIS/Include/cmsis_gcc.h **** #endif
  86:Drivers/CMSIS/Include/cmsis_gcc.h **** #ifndef   __UNALIGNED_UINT16_READ
  87:Drivers/CMSIS/Include/cmsis_gcc.h ****   #pragma GCC diagnostic push
  88:Drivers/CMSIS/Include/cmsis_gcc.h ****   #pragma GCC diagnostic ignored "-Wpacked"
  89:Drivers/CMSIS/Include/cmsis_gcc.h ****   #pragma GCC diagnostic ignored "-Wattributes"
  90:Drivers/CMSIS/Include/cmsis_gcc.h ****   __PACKED_STRUCT T_UINT16_READ { uint16_t v; };
  91:Drivers/CMSIS/Include/cmsis_gcc.h ****   #pragma GCC diagnostic pop
  92:Drivers/CMSIS/Include/cmsis_gcc.h ****   #define __UNALIGNED_UINT16_READ(addr)          (((const struct T_UINT16_READ *)(const void *)(add
  93:Drivers/CMSIS/Include/cmsis_gcc.h **** #endif
  94:Drivers/CMSIS/Include/cmsis_gcc.h **** #ifndef   __UNALIGNED_UINT32_WRITE
  95:Drivers/CMSIS/Include/cmsis_gcc.h ****   #pragma GCC diagnostic push
  96:Drivers/CMSIS/Include/cmsis_gcc.h ****   #pragma GCC diagnostic ignored "-Wpacked"
  97:Drivers/CMSIS/Include/cmsis_gcc.h ****   #pragma GCC diagnostic ignored "-Wattributes"
  98:Drivers/CMSIS/Include/cmsis_gcc.h ****   __PACKED_STRUCT T_UINT32_WRITE { uint32_t v; };
  99:Drivers/CMSIS/Include/cmsis_gcc.h ****   #pragma GCC diagnostic pop
 100:Drivers/CMSIS/Include/cmsis_gcc.h ****   #define __UNALIGNED_UINT32_WRITE(addr, val)    (void)((((struct T_UINT32_WRITE *)(void *)(addr))-
 101:Drivers/CMSIS/Include/cmsis_gcc.h **** #endif
 102:Drivers/CMSIS/Include/cmsis_gcc.h **** #ifndef   __UNALIGNED_UINT32_READ
 103:Drivers/CMSIS/Include/cmsis_gcc.h ****   #pragma GCC diagnostic push
 104:Drivers/CMSIS/Include/cmsis_gcc.h ****   #pragma GCC diagnostic ignored "-Wpacked"
 105:Drivers/CMSIS/Include/cmsis_gcc.h ****   #pragma GCC diagnostic ignored "-Wattributes"
 106:Drivers/CMSIS/Include/cmsis_gcc.h ****   __PACKED_STRUCT T_UINT32_READ { uint32_t v; };
 107:Drivers/CMSIS/Include/cmsis_gcc.h ****   #pragma GCC diagnostic pop
 108:Drivers/CMSIS/Include/cmsis_gcc.h ****   #define __UNALIGNED_UINT32_READ(addr)          (((const struct T_UINT32_READ *)(const void *)(add
 109:Drivers/CMSIS/Include/cmsis_gcc.h **** #endif
 110:Drivers/CMSIS/Include/cmsis_gcc.h **** #ifndef   __ALIGNED
 111:Drivers/CMSIS/Include/cmsis_gcc.h ****   #define __ALIGNED(x)                           __attribute__((aligned(x)))
 112:Drivers/CMSIS/Include/cmsis_gcc.h **** #endif
 113:Drivers/CMSIS/Include/cmsis_gcc.h **** #ifndef   __RESTRICT
 114:Drivers/CMSIS/Include/cmsis_gcc.h ****   #define __RESTRICT                             __restrict
 115:Drivers/CMSIS/Include/cmsis_gcc.h **** #endif
 116:Drivers/CMSIS/Include/cmsis_gcc.h **** #ifndef   __COMPILER_BARRIER
 117:Drivers/CMSIS/Include/cmsis_gcc.h ****   #define __COMPILER_BARRIER()                   __ASM volatile("":::"memory")
ARM GAS  C:\Users\843E~1\AppData\Local\Temp\ccj6WFWj.s 			page 33


 118:Drivers/CMSIS/Include/cmsis_gcc.h **** #endif
 119:Drivers/CMSIS/Include/cmsis_gcc.h **** 
 120:Drivers/CMSIS/Include/cmsis_gcc.h **** /* #########################  Startup and Lowlevel Init  ######################## */
 121:Drivers/CMSIS/Include/cmsis_gcc.h **** 
 122:Drivers/CMSIS/Include/cmsis_gcc.h **** #ifndef __PROGRAM_START
 123:Drivers/CMSIS/Include/cmsis_gcc.h **** 
 124:Drivers/CMSIS/Include/cmsis_gcc.h **** /**
 125:Drivers/CMSIS/Include/cmsis_gcc.h ****   \brief   Initializes data and bss sections
 126:Drivers/CMSIS/Include/cmsis_gcc.h ****   \details This default implementations initialized all data and additional bss
 127:Drivers/CMSIS/Include/cmsis_gcc.h ****            sections relying on .copy.table and .zero.table specified properly
 128:Drivers/CMSIS/Include/cmsis_gcc.h ****            in the used linker script.
 129:Drivers/CMSIS/Include/cmsis_gcc.h ****   
 130:Drivers/CMSIS/Include/cmsis_gcc.h ****  */
 131:Drivers/CMSIS/Include/cmsis_gcc.h **** __STATIC_FORCEINLINE __NO_RETURN void __cmsis_start(void)
 132:Drivers/CMSIS/Include/cmsis_gcc.h **** {
 133:Drivers/CMSIS/Include/cmsis_gcc.h ****   extern void _start(void) __NO_RETURN;
 134:Drivers/CMSIS/Include/cmsis_gcc.h ****   
 135:Drivers/CMSIS/Include/cmsis_gcc.h ****   typedef struct {
 136:Drivers/CMSIS/Include/cmsis_gcc.h ****     uint32_t const* src;
 137:Drivers/CMSIS/Include/cmsis_gcc.h ****     uint32_t* dest;
 138:Drivers/CMSIS/Include/cmsis_gcc.h ****     uint32_t  wlen;
 139:Drivers/CMSIS/Include/cmsis_gcc.h ****   } __copy_table_t;
 140:Drivers/CMSIS/Include/cmsis_gcc.h ****   
 141:Drivers/CMSIS/Include/cmsis_gcc.h ****   typedef struct {
 142:Drivers/CMSIS/Include/cmsis_gcc.h ****     uint32_t* dest;
 143:Drivers/CMSIS/Include/cmsis_gcc.h ****     uint32_t  wlen;
 144:Drivers/CMSIS/Include/cmsis_gcc.h ****   } __zero_table_t;
 145:Drivers/CMSIS/Include/cmsis_gcc.h ****   
 146:Drivers/CMSIS/Include/cmsis_gcc.h ****   extern const __copy_table_t __copy_table_start__;
 147:Drivers/CMSIS/Include/cmsis_gcc.h ****   extern const __copy_table_t __copy_table_end__;
 148:Drivers/CMSIS/Include/cmsis_gcc.h ****   extern const __zero_table_t __zero_table_start__;
 149:Drivers/CMSIS/Include/cmsis_gcc.h ****   extern const __zero_table_t __zero_table_end__;
 150:Drivers/CMSIS/Include/cmsis_gcc.h **** 
 151:Drivers/CMSIS/Include/cmsis_gcc.h ****   for (__copy_table_t const* pTable = &__copy_table_start__; pTable < &__copy_table_end__; ++pTable
 152:Drivers/CMSIS/Include/cmsis_gcc.h ****     for(uint32_t i=0u; i<pTable->wlen; ++i) {
 153:Drivers/CMSIS/Include/cmsis_gcc.h ****       pTable->dest[i] = pTable->src[i];
 154:Drivers/CMSIS/Include/cmsis_gcc.h ****     }
 155:Drivers/CMSIS/Include/cmsis_gcc.h ****   }
 156:Drivers/CMSIS/Include/cmsis_gcc.h ****  
 157:Drivers/CMSIS/Include/cmsis_gcc.h ****   for (__zero_table_t const* pTable = &__zero_table_start__; pTable < &__zero_table_end__; ++pTable
 158:Drivers/CMSIS/Include/cmsis_gcc.h ****     for(uint32_t i=0u; i<pTable->wlen; ++i) {
 159:Drivers/CMSIS/Include/cmsis_gcc.h ****       pTable->dest[i] = 0u;
 160:Drivers/CMSIS/Include/cmsis_gcc.h ****     }
 161:Drivers/CMSIS/Include/cmsis_gcc.h ****   }
 162:Drivers/CMSIS/Include/cmsis_gcc.h ****  
 163:Drivers/CMSIS/Include/cmsis_gcc.h ****   _start();
 164:Drivers/CMSIS/Include/cmsis_gcc.h **** }
 165:Drivers/CMSIS/Include/cmsis_gcc.h ****   
 166:Drivers/CMSIS/Include/cmsis_gcc.h **** #define __PROGRAM_START           __cmsis_start
 167:Drivers/CMSIS/Include/cmsis_gcc.h **** #endif
 168:Drivers/CMSIS/Include/cmsis_gcc.h **** 
 169:Drivers/CMSIS/Include/cmsis_gcc.h **** #ifndef __INITIAL_SP
 170:Drivers/CMSIS/Include/cmsis_gcc.h **** #define __INITIAL_SP              __StackTop
 171:Drivers/CMSIS/Include/cmsis_gcc.h **** #endif
 172:Drivers/CMSIS/Include/cmsis_gcc.h **** 
 173:Drivers/CMSIS/Include/cmsis_gcc.h **** #ifndef __STACK_LIMIT
 174:Drivers/CMSIS/Include/cmsis_gcc.h **** #define __STACK_LIMIT             __StackLimit
ARM GAS  C:\Users\843E~1\AppData\Local\Temp\ccj6WFWj.s 			page 34


 175:Drivers/CMSIS/Include/cmsis_gcc.h **** #endif
 176:Drivers/CMSIS/Include/cmsis_gcc.h **** 
 177:Drivers/CMSIS/Include/cmsis_gcc.h **** #ifndef __VECTOR_TABLE
 178:Drivers/CMSIS/Include/cmsis_gcc.h **** #define __VECTOR_TABLE            __Vectors
 179:Drivers/CMSIS/Include/cmsis_gcc.h **** #endif
 180:Drivers/CMSIS/Include/cmsis_gcc.h **** 
 181:Drivers/CMSIS/Include/cmsis_gcc.h **** #ifndef __VECTOR_TABLE_ATTRIBUTE
 182:Drivers/CMSIS/Include/cmsis_gcc.h **** #define __VECTOR_TABLE_ATTRIBUTE  __attribute((used, section(".vectors")))
 183:Drivers/CMSIS/Include/cmsis_gcc.h **** #endif
 184:Drivers/CMSIS/Include/cmsis_gcc.h **** 
 185:Drivers/CMSIS/Include/cmsis_gcc.h **** /* ###########################  Core Function Access  ########################### */
 186:Drivers/CMSIS/Include/cmsis_gcc.h **** /** \ingroup  CMSIS_Core_FunctionInterface
 187:Drivers/CMSIS/Include/cmsis_gcc.h ****     \defgroup CMSIS_Core_RegAccFunctions CMSIS Core Register Access Functions
 188:Drivers/CMSIS/Include/cmsis_gcc.h ****   @{
 189:Drivers/CMSIS/Include/cmsis_gcc.h ****  */
 190:Drivers/CMSIS/Include/cmsis_gcc.h **** 
 191:Drivers/CMSIS/Include/cmsis_gcc.h **** /**
 192:Drivers/CMSIS/Include/cmsis_gcc.h ****   \brief   Enable IRQ Interrupts
 193:Drivers/CMSIS/Include/cmsis_gcc.h ****   \details Enables IRQ interrupts by clearing the I-bit in the CPSR.
 194:Drivers/CMSIS/Include/cmsis_gcc.h ****            Can only be executed in Privileged modes.
 195:Drivers/CMSIS/Include/cmsis_gcc.h ****  */
 196:Drivers/CMSIS/Include/cmsis_gcc.h **** __STATIC_FORCEINLINE void __enable_irq(void)
 197:Drivers/CMSIS/Include/cmsis_gcc.h **** {
 198:Drivers/CMSIS/Include/cmsis_gcc.h ****   __ASM volatile ("cpsie i" : : : "memory");
 199:Drivers/CMSIS/Include/cmsis_gcc.h **** }
 200:Drivers/CMSIS/Include/cmsis_gcc.h **** 
 201:Drivers/CMSIS/Include/cmsis_gcc.h **** 
 202:Drivers/CMSIS/Include/cmsis_gcc.h **** /**
 203:Drivers/CMSIS/Include/cmsis_gcc.h ****   \brief   Disable IRQ Interrupts
 204:Drivers/CMSIS/Include/cmsis_gcc.h ****   \details Disables IRQ interrupts by setting the I-bit in the CPSR.
 205:Drivers/CMSIS/Include/cmsis_gcc.h ****            Can only be executed in Privileged modes.
 206:Drivers/CMSIS/Include/cmsis_gcc.h ****  */
 207:Drivers/CMSIS/Include/cmsis_gcc.h **** __STATIC_FORCEINLINE void __disable_irq(void)
 208:Drivers/CMSIS/Include/cmsis_gcc.h **** {
 209:Drivers/CMSIS/Include/cmsis_gcc.h ****   __ASM volatile ("cpsid i" : : : "memory");
 210:Drivers/CMSIS/Include/cmsis_gcc.h **** }
 211:Drivers/CMSIS/Include/cmsis_gcc.h **** 
 212:Drivers/CMSIS/Include/cmsis_gcc.h **** 
 213:Drivers/CMSIS/Include/cmsis_gcc.h **** /**
 214:Drivers/CMSIS/Include/cmsis_gcc.h ****   \brief   Get Control Register
 215:Drivers/CMSIS/Include/cmsis_gcc.h ****   \details Returns the content of the Control Register.
 216:Drivers/CMSIS/Include/cmsis_gcc.h ****   \return               Control Register value
 217:Drivers/CMSIS/Include/cmsis_gcc.h ****  */
 218:Drivers/CMSIS/Include/cmsis_gcc.h **** __STATIC_FORCEINLINE uint32_t __get_CONTROL(void)
 219:Drivers/CMSIS/Include/cmsis_gcc.h **** {
 220:Drivers/CMSIS/Include/cmsis_gcc.h ****   uint32_t result;
 221:Drivers/CMSIS/Include/cmsis_gcc.h **** 
 222:Drivers/CMSIS/Include/cmsis_gcc.h ****   __ASM volatile ("MRS %0, control" : "=r" (result) );
 223:Drivers/CMSIS/Include/cmsis_gcc.h ****   return(result);
 224:Drivers/CMSIS/Include/cmsis_gcc.h **** }
 225:Drivers/CMSIS/Include/cmsis_gcc.h **** 
 226:Drivers/CMSIS/Include/cmsis_gcc.h **** 
 227:Drivers/CMSIS/Include/cmsis_gcc.h **** #if (defined (__ARM_FEATURE_CMSE ) && (__ARM_FEATURE_CMSE == 3))
 228:Drivers/CMSIS/Include/cmsis_gcc.h **** /**
 229:Drivers/CMSIS/Include/cmsis_gcc.h ****   \brief   Get Control Register (non-secure)
 230:Drivers/CMSIS/Include/cmsis_gcc.h ****   \details Returns the content of the non-secure Control Register when in secure mode.
 231:Drivers/CMSIS/Include/cmsis_gcc.h ****   \return               non-secure Control Register value
ARM GAS  C:\Users\843E~1\AppData\Local\Temp\ccj6WFWj.s 			page 35


 232:Drivers/CMSIS/Include/cmsis_gcc.h ****  */
 233:Drivers/CMSIS/Include/cmsis_gcc.h **** __STATIC_FORCEINLINE uint32_t __TZ_get_CONTROL_NS(void)
 234:Drivers/CMSIS/Include/cmsis_gcc.h **** {
 235:Drivers/CMSIS/Include/cmsis_gcc.h ****   uint32_t result;
 236:Drivers/CMSIS/Include/cmsis_gcc.h **** 
 237:Drivers/CMSIS/Include/cmsis_gcc.h ****   __ASM volatile ("MRS %0, control_ns" : "=r" (result) );
 238:Drivers/CMSIS/Include/cmsis_gcc.h ****   return(result);
 239:Drivers/CMSIS/Include/cmsis_gcc.h **** }
 240:Drivers/CMSIS/Include/cmsis_gcc.h **** #endif
 241:Drivers/CMSIS/Include/cmsis_gcc.h **** 
 242:Drivers/CMSIS/Include/cmsis_gcc.h **** 
 243:Drivers/CMSIS/Include/cmsis_gcc.h **** /**
 244:Drivers/CMSIS/Include/cmsis_gcc.h ****   \brief   Set Control Register
 245:Drivers/CMSIS/Include/cmsis_gcc.h ****   \details Writes the given value to the Control Register.
 246:Drivers/CMSIS/Include/cmsis_gcc.h ****   \param [in]    control  Control Register value to set
 247:Drivers/CMSIS/Include/cmsis_gcc.h ****  */
 248:Drivers/CMSIS/Include/cmsis_gcc.h **** __STATIC_FORCEINLINE void __set_CONTROL(uint32_t control)
 249:Drivers/CMSIS/Include/cmsis_gcc.h **** {
 250:Drivers/CMSIS/Include/cmsis_gcc.h ****   __ASM volatile ("MSR control, %0" : : "r" (control) : "memory");
 251:Drivers/CMSIS/Include/cmsis_gcc.h **** }
 252:Drivers/CMSIS/Include/cmsis_gcc.h **** 
 253:Drivers/CMSIS/Include/cmsis_gcc.h **** 
 254:Drivers/CMSIS/Include/cmsis_gcc.h **** #if (defined (__ARM_FEATURE_CMSE ) && (__ARM_FEATURE_CMSE == 3))
 255:Drivers/CMSIS/Include/cmsis_gcc.h **** /**
 256:Drivers/CMSIS/Include/cmsis_gcc.h ****   \brief   Set Control Register (non-secure)
 257:Drivers/CMSIS/Include/cmsis_gcc.h ****   \details Writes the given value to the non-secure Control Register when in secure state.
 258:Drivers/CMSIS/Include/cmsis_gcc.h ****   \param [in]    control  Control Register value to set
 259:Drivers/CMSIS/Include/cmsis_gcc.h ****  */
 260:Drivers/CMSIS/Include/cmsis_gcc.h **** __STATIC_FORCEINLINE void __TZ_set_CONTROL_NS(uint32_t control)
 261:Drivers/CMSIS/Include/cmsis_gcc.h **** {
 262:Drivers/CMSIS/Include/cmsis_gcc.h ****   __ASM volatile ("MSR control_ns, %0" : : "r" (control) : "memory");
 263:Drivers/CMSIS/Include/cmsis_gcc.h **** }
 264:Drivers/CMSIS/Include/cmsis_gcc.h **** #endif
 265:Drivers/CMSIS/Include/cmsis_gcc.h **** 
 266:Drivers/CMSIS/Include/cmsis_gcc.h **** 
 267:Drivers/CMSIS/Include/cmsis_gcc.h **** /**
 268:Drivers/CMSIS/Include/cmsis_gcc.h ****   \brief   Get IPSR Register
 269:Drivers/CMSIS/Include/cmsis_gcc.h ****   \details Returns the content of the IPSR Register.
 270:Drivers/CMSIS/Include/cmsis_gcc.h ****   \return               IPSR Register value
 271:Drivers/CMSIS/Include/cmsis_gcc.h ****  */
 272:Drivers/CMSIS/Include/cmsis_gcc.h **** __STATIC_FORCEINLINE uint32_t __get_IPSR(void)
 273:Drivers/CMSIS/Include/cmsis_gcc.h **** {
 274:Drivers/CMSIS/Include/cmsis_gcc.h ****   uint32_t result;
 275:Drivers/CMSIS/Include/cmsis_gcc.h **** 
 276:Drivers/CMSIS/Include/cmsis_gcc.h ****   __ASM volatile ("MRS %0, ipsr" : "=r" (result) );
 277:Drivers/CMSIS/Include/cmsis_gcc.h ****   return(result);
 278:Drivers/CMSIS/Include/cmsis_gcc.h **** }
 279:Drivers/CMSIS/Include/cmsis_gcc.h **** 
 280:Drivers/CMSIS/Include/cmsis_gcc.h **** 
 281:Drivers/CMSIS/Include/cmsis_gcc.h **** /**
 282:Drivers/CMSIS/Include/cmsis_gcc.h ****   \brief   Get APSR Register
 283:Drivers/CMSIS/Include/cmsis_gcc.h ****   \details Returns the content of the APSR Register.
 284:Drivers/CMSIS/Include/cmsis_gcc.h ****   \return               APSR Register value
 285:Drivers/CMSIS/Include/cmsis_gcc.h ****  */
 286:Drivers/CMSIS/Include/cmsis_gcc.h **** __STATIC_FORCEINLINE uint32_t __get_APSR(void)
 287:Drivers/CMSIS/Include/cmsis_gcc.h **** {
 288:Drivers/CMSIS/Include/cmsis_gcc.h ****   uint32_t result;
ARM GAS  C:\Users\843E~1\AppData\Local\Temp\ccj6WFWj.s 			page 36


 289:Drivers/CMSIS/Include/cmsis_gcc.h **** 
 290:Drivers/CMSIS/Include/cmsis_gcc.h ****   __ASM volatile ("MRS %0, apsr" : "=r" (result) );
 291:Drivers/CMSIS/Include/cmsis_gcc.h ****   return(result);
 292:Drivers/CMSIS/Include/cmsis_gcc.h **** }
 293:Drivers/CMSIS/Include/cmsis_gcc.h **** 
 294:Drivers/CMSIS/Include/cmsis_gcc.h **** 
 295:Drivers/CMSIS/Include/cmsis_gcc.h **** /**
 296:Drivers/CMSIS/Include/cmsis_gcc.h ****   \brief   Get xPSR Register
 297:Drivers/CMSIS/Include/cmsis_gcc.h ****   \details Returns the content of the xPSR Register.
 298:Drivers/CMSIS/Include/cmsis_gcc.h ****   \return               xPSR Register value
 299:Drivers/CMSIS/Include/cmsis_gcc.h ****  */
 300:Drivers/CMSIS/Include/cmsis_gcc.h **** __STATIC_FORCEINLINE uint32_t __get_xPSR(void)
 301:Drivers/CMSIS/Include/cmsis_gcc.h **** {
 302:Drivers/CMSIS/Include/cmsis_gcc.h ****   uint32_t result;
 303:Drivers/CMSIS/Include/cmsis_gcc.h **** 
 304:Drivers/CMSIS/Include/cmsis_gcc.h ****   __ASM volatile ("MRS %0, xpsr" : "=r" (result) );
 305:Drivers/CMSIS/Include/cmsis_gcc.h ****   return(result);
 306:Drivers/CMSIS/Include/cmsis_gcc.h **** }
 307:Drivers/CMSIS/Include/cmsis_gcc.h **** 
 308:Drivers/CMSIS/Include/cmsis_gcc.h **** 
 309:Drivers/CMSIS/Include/cmsis_gcc.h **** /**
 310:Drivers/CMSIS/Include/cmsis_gcc.h ****   \brief   Get Process Stack Pointer
 311:Drivers/CMSIS/Include/cmsis_gcc.h ****   \details Returns the current value of the Process Stack Pointer (PSP).
 312:Drivers/CMSIS/Include/cmsis_gcc.h ****   \return               PSP Register value
 313:Drivers/CMSIS/Include/cmsis_gcc.h ****  */
 314:Drivers/CMSIS/Include/cmsis_gcc.h **** __STATIC_FORCEINLINE uint32_t __get_PSP(void)
 315:Drivers/CMSIS/Include/cmsis_gcc.h **** {
 316:Drivers/CMSIS/Include/cmsis_gcc.h ****   uint32_t result;
 317:Drivers/CMSIS/Include/cmsis_gcc.h **** 
 318:Drivers/CMSIS/Include/cmsis_gcc.h ****   __ASM volatile ("MRS %0, psp"  : "=r" (result) );
 319:Drivers/CMSIS/Include/cmsis_gcc.h ****   return(result);
 320:Drivers/CMSIS/Include/cmsis_gcc.h **** }
 321:Drivers/CMSIS/Include/cmsis_gcc.h **** 
 322:Drivers/CMSIS/Include/cmsis_gcc.h **** 
 323:Drivers/CMSIS/Include/cmsis_gcc.h **** #if (defined (__ARM_FEATURE_CMSE ) && (__ARM_FEATURE_CMSE == 3))
 324:Drivers/CMSIS/Include/cmsis_gcc.h **** /**
 325:Drivers/CMSIS/Include/cmsis_gcc.h ****   \brief   Get Process Stack Pointer (non-secure)
 326:Drivers/CMSIS/Include/cmsis_gcc.h ****   \details Returns the current value of the non-secure Process Stack Pointer (PSP) when in secure s
 327:Drivers/CMSIS/Include/cmsis_gcc.h ****   \return               PSP Register value
 328:Drivers/CMSIS/Include/cmsis_gcc.h ****  */
 329:Drivers/CMSIS/Include/cmsis_gcc.h **** __STATIC_FORCEINLINE uint32_t __TZ_get_PSP_NS(void)
 330:Drivers/CMSIS/Include/cmsis_gcc.h **** {
 331:Drivers/CMSIS/Include/cmsis_gcc.h ****   uint32_t result;
 332:Drivers/CMSIS/Include/cmsis_gcc.h **** 
 333:Drivers/CMSIS/Include/cmsis_gcc.h ****   __ASM volatile ("MRS %0, psp_ns"  : "=r" (result) );
 334:Drivers/CMSIS/Include/cmsis_gcc.h ****   return(result);
 335:Drivers/CMSIS/Include/cmsis_gcc.h **** }
 336:Drivers/CMSIS/Include/cmsis_gcc.h **** #endif
 337:Drivers/CMSIS/Include/cmsis_gcc.h **** 
 338:Drivers/CMSIS/Include/cmsis_gcc.h **** 
 339:Drivers/CMSIS/Include/cmsis_gcc.h **** /**
 340:Drivers/CMSIS/Include/cmsis_gcc.h ****   \brief   Set Process Stack Pointer
 341:Drivers/CMSIS/Include/cmsis_gcc.h ****   \details Assigns the given value to the Process Stack Pointer (PSP).
 342:Drivers/CMSIS/Include/cmsis_gcc.h ****   \param [in]    topOfProcStack  Process Stack Pointer value to set
 343:Drivers/CMSIS/Include/cmsis_gcc.h ****  */
 344:Drivers/CMSIS/Include/cmsis_gcc.h **** __STATIC_FORCEINLINE void __set_PSP(uint32_t topOfProcStack)
 345:Drivers/CMSIS/Include/cmsis_gcc.h **** {
ARM GAS  C:\Users\843E~1\AppData\Local\Temp\ccj6WFWj.s 			page 37


 346:Drivers/CMSIS/Include/cmsis_gcc.h ****   __ASM volatile ("MSR psp, %0" : : "r" (topOfProcStack) : );
 347:Drivers/CMSIS/Include/cmsis_gcc.h **** }
 348:Drivers/CMSIS/Include/cmsis_gcc.h **** 
 349:Drivers/CMSIS/Include/cmsis_gcc.h **** 
 350:Drivers/CMSIS/Include/cmsis_gcc.h **** #if (defined (__ARM_FEATURE_CMSE ) && (__ARM_FEATURE_CMSE == 3))
 351:Drivers/CMSIS/Include/cmsis_gcc.h **** /**
 352:Drivers/CMSIS/Include/cmsis_gcc.h ****   \brief   Set Process Stack Pointer (non-secure)
 353:Drivers/CMSIS/Include/cmsis_gcc.h ****   \details Assigns the given value to the non-secure Process Stack Pointer (PSP) when in secure sta
 354:Drivers/CMSIS/Include/cmsis_gcc.h ****   \param [in]    topOfProcStack  Process Stack Pointer value to set
 355:Drivers/CMSIS/Include/cmsis_gcc.h ****  */
 356:Drivers/CMSIS/Include/cmsis_gcc.h **** __STATIC_FORCEINLINE void __TZ_set_PSP_NS(uint32_t topOfProcStack)
 357:Drivers/CMSIS/Include/cmsis_gcc.h **** {
 358:Drivers/CMSIS/Include/cmsis_gcc.h ****   __ASM volatile ("MSR psp_ns, %0" : : "r" (topOfProcStack) : );
 359:Drivers/CMSIS/Include/cmsis_gcc.h **** }
 360:Drivers/CMSIS/Include/cmsis_gcc.h **** #endif
 361:Drivers/CMSIS/Include/cmsis_gcc.h **** 
 362:Drivers/CMSIS/Include/cmsis_gcc.h **** 
 363:Drivers/CMSIS/Include/cmsis_gcc.h **** /**
 364:Drivers/CMSIS/Include/cmsis_gcc.h ****   \brief   Get Main Stack Pointer
 365:Drivers/CMSIS/Include/cmsis_gcc.h ****   \details Returns the current value of the Main Stack Pointer (MSP).
 366:Drivers/CMSIS/Include/cmsis_gcc.h ****   \return               MSP Register value
 367:Drivers/CMSIS/Include/cmsis_gcc.h ****  */
 368:Drivers/CMSIS/Include/cmsis_gcc.h **** __STATIC_FORCEINLINE uint32_t __get_MSP(void)
 369:Drivers/CMSIS/Include/cmsis_gcc.h **** {
 370:Drivers/CMSIS/Include/cmsis_gcc.h ****   uint32_t result;
 371:Drivers/CMSIS/Include/cmsis_gcc.h **** 
 372:Drivers/CMSIS/Include/cmsis_gcc.h ****   __ASM volatile ("MRS %0, msp" : "=r" (result) );
 373:Drivers/CMSIS/Include/cmsis_gcc.h ****   return(result);
 374:Drivers/CMSIS/Include/cmsis_gcc.h **** }
 375:Drivers/CMSIS/Include/cmsis_gcc.h **** 
 376:Drivers/CMSIS/Include/cmsis_gcc.h **** 
 377:Drivers/CMSIS/Include/cmsis_gcc.h **** #if (defined (__ARM_FEATURE_CMSE ) && (__ARM_FEATURE_CMSE == 3))
 378:Drivers/CMSIS/Include/cmsis_gcc.h **** /**
 379:Drivers/CMSIS/Include/cmsis_gcc.h ****   \brief   Get Main Stack Pointer (non-secure)
 380:Drivers/CMSIS/Include/cmsis_gcc.h ****   \details Returns the current value of the non-secure Main Stack Pointer (MSP) when in secure stat
 381:Drivers/CMSIS/Include/cmsis_gcc.h ****   \return               MSP Register value
 382:Drivers/CMSIS/Include/cmsis_gcc.h ****  */
 383:Drivers/CMSIS/Include/cmsis_gcc.h **** __STATIC_FORCEINLINE uint32_t __TZ_get_MSP_NS(void)
 384:Drivers/CMSIS/Include/cmsis_gcc.h **** {
 385:Drivers/CMSIS/Include/cmsis_gcc.h ****   uint32_t result;
 386:Drivers/CMSIS/Include/cmsis_gcc.h **** 
 387:Drivers/CMSIS/Include/cmsis_gcc.h ****   __ASM volatile ("MRS %0, msp_ns" : "=r" (result) );
 388:Drivers/CMSIS/Include/cmsis_gcc.h ****   return(result);
 389:Drivers/CMSIS/Include/cmsis_gcc.h **** }
 390:Drivers/CMSIS/Include/cmsis_gcc.h **** #endif
 391:Drivers/CMSIS/Include/cmsis_gcc.h **** 
 392:Drivers/CMSIS/Include/cmsis_gcc.h **** 
 393:Drivers/CMSIS/Include/cmsis_gcc.h **** /**
 394:Drivers/CMSIS/Include/cmsis_gcc.h ****   \brief   Set Main Stack Pointer
 395:Drivers/CMSIS/Include/cmsis_gcc.h ****   \details Assigns the given value to the Main Stack Pointer (MSP).
 396:Drivers/CMSIS/Include/cmsis_gcc.h ****   \param [in]    topOfMainStack  Main Stack Pointer value to set
 397:Drivers/CMSIS/Include/cmsis_gcc.h ****  */
 398:Drivers/CMSIS/Include/cmsis_gcc.h **** __STATIC_FORCEINLINE void __set_MSP(uint32_t topOfMainStack)
 399:Drivers/CMSIS/Include/cmsis_gcc.h **** {
 400:Drivers/CMSIS/Include/cmsis_gcc.h ****   __ASM volatile ("MSR msp, %0" : : "r" (topOfMainStack) : );
 401:Drivers/CMSIS/Include/cmsis_gcc.h **** }
 402:Drivers/CMSIS/Include/cmsis_gcc.h **** 
ARM GAS  C:\Users\843E~1\AppData\Local\Temp\ccj6WFWj.s 			page 38


 403:Drivers/CMSIS/Include/cmsis_gcc.h **** 
 404:Drivers/CMSIS/Include/cmsis_gcc.h **** #if (defined (__ARM_FEATURE_CMSE ) && (__ARM_FEATURE_CMSE == 3))
 405:Drivers/CMSIS/Include/cmsis_gcc.h **** /**
 406:Drivers/CMSIS/Include/cmsis_gcc.h ****   \brief   Set Main Stack Pointer (non-secure)
 407:Drivers/CMSIS/Include/cmsis_gcc.h ****   \details Assigns the given value to the non-secure Main Stack Pointer (MSP) when in secure state.
 408:Drivers/CMSIS/Include/cmsis_gcc.h ****   \param [in]    topOfMainStack  Main Stack Pointer value to set
 409:Drivers/CMSIS/Include/cmsis_gcc.h ****  */
 410:Drivers/CMSIS/Include/cmsis_gcc.h **** __STATIC_FORCEINLINE void __TZ_set_MSP_NS(uint32_t topOfMainStack)
 411:Drivers/CMSIS/Include/cmsis_gcc.h **** {
 412:Drivers/CMSIS/Include/cmsis_gcc.h ****   __ASM volatile ("MSR msp_ns, %0" : : "r" (topOfMainStack) : );
 413:Drivers/CMSIS/Include/cmsis_gcc.h **** }
 414:Drivers/CMSIS/Include/cmsis_gcc.h **** #endif
 415:Drivers/CMSIS/Include/cmsis_gcc.h **** 
 416:Drivers/CMSIS/Include/cmsis_gcc.h **** 
 417:Drivers/CMSIS/Include/cmsis_gcc.h **** #if (defined (__ARM_FEATURE_CMSE ) && (__ARM_FEATURE_CMSE == 3))
 418:Drivers/CMSIS/Include/cmsis_gcc.h **** /**
 419:Drivers/CMSIS/Include/cmsis_gcc.h ****   \brief   Get Stack Pointer (non-secure)
 420:Drivers/CMSIS/Include/cmsis_gcc.h ****   \details Returns the current value of the non-secure Stack Pointer (SP) when in secure state.
 421:Drivers/CMSIS/Include/cmsis_gcc.h ****   \return               SP Register value
 422:Drivers/CMSIS/Include/cmsis_gcc.h ****  */
 423:Drivers/CMSIS/Include/cmsis_gcc.h **** __STATIC_FORCEINLINE uint32_t __TZ_get_SP_NS(void)
 424:Drivers/CMSIS/Include/cmsis_gcc.h **** {
 425:Drivers/CMSIS/Include/cmsis_gcc.h ****   uint32_t result;
 426:Drivers/CMSIS/Include/cmsis_gcc.h **** 
 427:Drivers/CMSIS/Include/cmsis_gcc.h ****   __ASM volatile ("MRS %0, sp_ns" : "=r" (result) );
 428:Drivers/CMSIS/Include/cmsis_gcc.h ****   return(result);
 429:Drivers/CMSIS/Include/cmsis_gcc.h **** }
 430:Drivers/CMSIS/Include/cmsis_gcc.h **** 
 431:Drivers/CMSIS/Include/cmsis_gcc.h **** 
 432:Drivers/CMSIS/Include/cmsis_gcc.h **** /**
 433:Drivers/CMSIS/Include/cmsis_gcc.h ****   \brief   Set Stack Pointer (non-secure)
 434:Drivers/CMSIS/Include/cmsis_gcc.h ****   \details Assigns the given value to the non-secure Stack Pointer (SP) when in secure state.
 435:Drivers/CMSIS/Include/cmsis_gcc.h ****   \param [in]    topOfStack  Stack Pointer value to set
 436:Drivers/CMSIS/Include/cmsis_gcc.h ****  */
 437:Drivers/CMSIS/Include/cmsis_gcc.h **** __STATIC_FORCEINLINE void __TZ_set_SP_NS(uint32_t topOfStack)
 438:Drivers/CMSIS/Include/cmsis_gcc.h **** {
 439:Drivers/CMSIS/Include/cmsis_gcc.h ****   __ASM volatile ("MSR sp_ns, %0" : : "r" (topOfStack) : );
 440:Drivers/CMSIS/Include/cmsis_gcc.h **** }
 441:Drivers/CMSIS/Include/cmsis_gcc.h **** #endif
 442:Drivers/CMSIS/Include/cmsis_gcc.h **** 
 443:Drivers/CMSIS/Include/cmsis_gcc.h **** 
 444:Drivers/CMSIS/Include/cmsis_gcc.h **** /**
 445:Drivers/CMSIS/Include/cmsis_gcc.h ****   \brief   Get Priority Mask
 446:Drivers/CMSIS/Include/cmsis_gcc.h ****   \details Returns the current state of the priority mask bit from the Priority Mask Register.
 447:Drivers/CMSIS/Include/cmsis_gcc.h ****   \return               Priority Mask value
 448:Drivers/CMSIS/Include/cmsis_gcc.h ****  */
 449:Drivers/CMSIS/Include/cmsis_gcc.h **** __STATIC_FORCEINLINE uint32_t __get_PRIMASK(void)
 450:Drivers/CMSIS/Include/cmsis_gcc.h **** {
 451:Drivers/CMSIS/Include/cmsis_gcc.h ****   uint32_t result;
 452:Drivers/CMSIS/Include/cmsis_gcc.h **** 
 453:Drivers/CMSIS/Include/cmsis_gcc.h ****   __ASM volatile ("MRS %0, primask" : "=r" (result) :: "memory");
 454:Drivers/CMSIS/Include/cmsis_gcc.h ****   return(result);
 455:Drivers/CMSIS/Include/cmsis_gcc.h **** }
 456:Drivers/CMSIS/Include/cmsis_gcc.h **** 
 457:Drivers/CMSIS/Include/cmsis_gcc.h **** 
 458:Drivers/CMSIS/Include/cmsis_gcc.h **** #if (defined (__ARM_FEATURE_CMSE ) && (__ARM_FEATURE_CMSE == 3))
 459:Drivers/CMSIS/Include/cmsis_gcc.h **** /**
ARM GAS  C:\Users\843E~1\AppData\Local\Temp\ccj6WFWj.s 			page 39


 460:Drivers/CMSIS/Include/cmsis_gcc.h ****   \brief   Get Priority Mask (non-secure)
 461:Drivers/CMSIS/Include/cmsis_gcc.h ****   \details Returns the current state of the non-secure priority mask bit from the Priority Mask Reg
 462:Drivers/CMSIS/Include/cmsis_gcc.h ****   \return               Priority Mask value
 463:Drivers/CMSIS/Include/cmsis_gcc.h ****  */
 464:Drivers/CMSIS/Include/cmsis_gcc.h **** __STATIC_FORCEINLINE uint32_t __TZ_get_PRIMASK_NS(void)
 465:Drivers/CMSIS/Include/cmsis_gcc.h **** {
 466:Drivers/CMSIS/Include/cmsis_gcc.h ****   uint32_t result;
 467:Drivers/CMSIS/Include/cmsis_gcc.h **** 
 468:Drivers/CMSIS/Include/cmsis_gcc.h ****   __ASM volatile ("MRS %0, primask_ns" : "=r" (result) :: "memory");
 469:Drivers/CMSIS/Include/cmsis_gcc.h ****   return(result);
 470:Drivers/CMSIS/Include/cmsis_gcc.h **** }
 471:Drivers/CMSIS/Include/cmsis_gcc.h **** #endif
 472:Drivers/CMSIS/Include/cmsis_gcc.h **** 
 473:Drivers/CMSIS/Include/cmsis_gcc.h **** 
 474:Drivers/CMSIS/Include/cmsis_gcc.h **** /**
 475:Drivers/CMSIS/Include/cmsis_gcc.h ****   \brief   Set Priority Mask
 476:Drivers/CMSIS/Include/cmsis_gcc.h ****   \details Assigns the given value to the Priority Mask Register.
 477:Drivers/CMSIS/Include/cmsis_gcc.h ****   \param [in]    priMask  Priority Mask
 478:Drivers/CMSIS/Include/cmsis_gcc.h ****  */
 479:Drivers/CMSIS/Include/cmsis_gcc.h **** __STATIC_FORCEINLINE void __set_PRIMASK(uint32_t priMask)
 480:Drivers/CMSIS/Include/cmsis_gcc.h **** {
 481:Drivers/CMSIS/Include/cmsis_gcc.h ****   __ASM volatile ("MSR primask, %0" : : "r" (priMask) : "memory");
 482:Drivers/CMSIS/Include/cmsis_gcc.h **** }
 483:Drivers/CMSIS/Include/cmsis_gcc.h **** 
 484:Drivers/CMSIS/Include/cmsis_gcc.h **** 
 485:Drivers/CMSIS/Include/cmsis_gcc.h **** #if (defined (__ARM_FEATURE_CMSE ) && (__ARM_FEATURE_CMSE == 3))
 486:Drivers/CMSIS/Include/cmsis_gcc.h **** /**
 487:Drivers/CMSIS/Include/cmsis_gcc.h ****   \brief   Set Priority Mask (non-secure)
 488:Drivers/CMSIS/Include/cmsis_gcc.h ****   \details Assigns the given value to the non-secure Priority Mask Register when in secure state.
 489:Drivers/CMSIS/Include/cmsis_gcc.h ****   \param [in]    priMask  Priority Mask
 490:Drivers/CMSIS/Include/cmsis_gcc.h ****  */
 491:Drivers/CMSIS/Include/cmsis_gcc.h **** __STATIC_FORCEINLINE void __TZ_set_PRIMASK_NS(uint32_t priMask)
 492:Drivers/CMSIS/Include/cmsis_gcc.h **** {
 493:Drivers/CMSIS/Include/cmsis_gcc.h ****   __ASM volatile ("MSR primask_ns, %0" : : "r" (priMask) : "memory");
 494:Drivers/CMSIS/Include/cmsis_gcc.h **** }
 495:Drivers/CMSIS/Include/cmsis_gcc.h **** #endif
 496:Drivers/CMSIS/Include/cmsis_gcc.h **** 
 497:Drivers/CMSIS/Include/cmsis_gcc.h **** 
 498:Drivers/CMSIS/Include/cmsis_gcc.h **** #if ((defined (__ARM_ARCH_7M__      ) && (__ARM_ARCH_7M__      == 1)) || \
 499:Drivers/CMSIS/Include/cmsis_gcc.h ****      (defined (__ARM_ARCH_7EM__     ) && (__ARM_ARCH_7EM__     == 1)) || \
 500:Drivers/CMSIS/Include/cmsis_gcc.h ****      (defined (__ARM_ARCH_8M_MAIN__ ) && (__ARM_ARCH_8M_MAIN__ == 1))    )
 501:Drivers/CMSIS/Include/cmsis_gcc.h **** /**
 502:Drivers/CMSIS/Include/cmsis_gcc.h ****   \brief   Enable FIQ
 503:Drivers/CMSIS/Include/cmsis_gcc.h ****   \details Enables FIQ interrupts by clearing the F-bit in the CPSR.
 504:Drivers/CMSIS/Include/cmsis_gcc.h ****            Can only be executed in Privileged modes.
 505:Drivers/CMSIS/Include/cmsis_gcc.h ****  */
 506:Drivers/CMSIS/Include/cmsis_gcc.h **** __STATIC_FORCEINLINE void __enable_fault_irq(void)
 507:Drivers/CMSIS/Include/cmsis_gcc.h **** {
 508:Drivers/CMSIS/Include/cmsis_gcc.h ****   __ASM volatile ("cpsie f" : : : "memory");
 509:Drivers/CMSIS/Include/cmsis_gcc.h **** }
 510:Drivers/CMSIS/Include/cmsis_gcc.h **** 
 511:Drivers/CMSIS/Include/cmsis_gcc.h **** 
 512:Drivers/CMSIS/Include/cmsis_gcc.h **** /**
 513:Drivers/CMSIS/Include/cmsis_gcc.h ****   \brief   Disable FIQ
 514:Drivers/CMSIS/Include/cmsis_gcc.h ****   \details Disables FIQ interrupts by setting the F-bit in the CPSR.
 515:Drivers/CMSIS/Include/cmsis_gcc.h ****            Can only be executed in Privileged modes.
 516:Drivers/CMSIS/Include/cmsis_gcc.h ****  */
ARM GAS  C:\Users\843E~1\AppData\Local\Temp\ccj6WFWj.s 			page 40


 517:Drivers/CMSIS/Include/cmsis_gcc.h **** __STATIC_FORCEINLINE void __disable_fault_irq(void)
 518:Drivers/CMSIS/Include/cmsis_gcc.h **** {
 519:Drivers/CMSIS/Include/cmsis_gcc.h ****   __ASM volatile ("cpsid f" : : : "memory");
 520:Drivers/CMSIS/Include/cmsis_gcc.h **** }
 521:Drivers/CMSIS/Include/cmsis_gcc.h **** 
 522:Drivers/CMSIS/Include/cmsis_gcc.h **** 
 523:Drivers/CMSIS/Include/cmsis_gcc.h **** /**
 524:Drivers/CMSIS/Include/cmsis_gcc.h ****   \brief   Get Base Priority
 525:Drivers/CMSIS/Include/cmsis_gcc.h ****   \details Returns the current value of the Base Priority register.
 526:Drivers/CMSIS/Include/cmsis_gcc.h ****   \return               Base Priority register value
 527:Drivers/CMSIS/Include/cmsis_gcc.h ****  */
 528:Drivers/CMSIS/Include/cmsis_gcc.h **** __STATIC_FORCEINLINE uint32_t __get_BASEPRI(void)
 529:Drivers/CMSIS/Include/cmsis_gcc.h **** {
 530:Drivers/CMSIS/Include/cmsis_gcc.h ****   uint32_t result;
 531:Drivers/CMSIS/Include/cmsis_gcc.h **** 
 532:Drivers/CMSIS/Include/cmsis_gcc.h ****   __ASM volatile ("MRS %0, basepri" : "=r" (result) );
 533:Drivers/CMSIS/Include/cmsis_gcc.h ****   return(result);
 534:Drivers/CMSIS/Include/cmsis_gcc.h **** }
 535:Drivers/CMSIS/Include/cmsis_gcc.h **** 
 536:Drivers/CMSIS/Include/cmsis_gcc.h **** 
 537:Drivers/CMSIS/Include/cmsis_gcc.h **** #if (defined (__ARM_FEATURE_CMSE ) && (__ARM_FEATURE_CMSE == 3))
 538:Drivers/CMSIS/Include/cmsis_gcc.h **** /**
 539:Drivers/CMSIS/Include/cmsis_gcc.h ****   \brief   Get Base Priority (non-secure)
 540:Drivers/CMSIS/Include/cmsis_gcc.h ****   \details Returns the current value of the non-secure Base Priority register when in secure state.
 541:Drivers/CMSIS/Include/cmsis_gcc.h ****   \return               Base Priority register value
 542:Drivers/CMSIS/Include/cmsis_gcc.h ****  */
 543:Drivers/CMSIS/Include/cmsis_gcc.h **** __STATIC_FORCEINLINE uint32_t __TZ_get_BASEPRI_NS(void)
 544:Drivers/CMSIS/Include/cmsis_gcc.h **** {
 545:Drivers/CMSIS/Include/cmsis_gcc.h ****   uint32_t result;
 546:Drivers/CMSIS/Include/cmsis_gcc.h **** 
 547:Drivers/CMSIS/Include/cmsis_gcc.h ****   __ASM volatile ("MRS %0, basepri_ns" : "=r" (result) );
 548:Drivers/CMSIS/Include/cmsis_gcc.h ****   return(result);
 549:Drivers/CMSIS/Include/cmsis_gcc.h **** }
 550:Drivers/CMSIS/Include/cmsis_gcc.h **** #endif
 551:Drivers/CMSIS/Include/cmsis_gcc.h **** 
 552:Drivers/CMSIS/Include/cmsis_gcc.h **** 
 553:Drivers/CMSIS/Include/cmsis_gcc.h **** /**
 554:Drivers/CMSIS/Include/cmsis_gcc.h ****   \brief   Set Base Priority
 555:Drivers/CMSIS/Include/cmsis_gcc.h ****   \details Assigns the given value to the Base Priority register.
 556:Drivers/CMSIS/Include/cmsis_gcc.h ****   \param [in]    basePri  Base Priority value to set
 557:Drivers/CMSIS/Include/cmsis_gcc.h ****  */
 558:Drivers/CMSIS/Include/cmsis_gcc.h **** __STATIC_FORCEINLINE void __set_BASEPRI(uint32_t basePri)
 559:Drivers/CMSIS/Include/cmsis_gcc.h **** {
 560:Drivers/CMSIS/Include/cmsis_gcc.h ****   __ASM volatile ("MSR basepri, %0" : : "r" (basePri) : "memory");
 561:Drivers/CMSIS/Include/cmsis_gcc.h **** }
 562:Drivers/CMSIS/Include/cmsis_gcc.h **** 
 563:Drivers/CMSIS/Include/cmsis_gcc.h **** 
 564:Drivers/CMSIS/Include/cmsis_gcc.h **** #if (defined (__ARM_FEATURE_CMSE ) && (__ARM_FEATURE_CMSE == 3))
 565:Drivers/CMSIS/Include/cmsis_gcc.h **** /**
 566:Drivers/CMSIS/Include/cmsis_gcc.h ****   \brief   Set Base Priority (non-secure)
 567:Drivers/CMSIS/Include/cmsis_gcc.h ****   \details Assigns the given value to the non-secure Base Priority register when in secure state.
 568:Drivers/CMSIS/Include/cmsis_gcc.h ****   \param [in]    basePri  Base Priority value to set
 569:Drivers/CMSIS/Include/cmsis_gcc.h ****  */
 570:Drivers/CMSIS/Include/cmsis_gcc.h **** __STATIC_FORCEINLINE void __TZ_set_BASEPRI_NS(uint32_t basePri)
 571:Drivers/CMSIS/Include/cmsis_gcc.h **** {
 572:Drivers/CMSIS/Include/cmsis_gcc.h ****   __ASM volatile ("MSR basepri_ns, %0" : : "r" (basePri) : "memory");
 573:Drivers/CMSIS/Include/cmsis_gcc.h **** }
ARM GAS  C:\Users\843E~1\AppData\Local\Temp\ccj6WFWj.s 			page 41


 574:Drivers/CMSIS/Include/cmsis_gcc.h **** #endif
 575:Drivers/CMSIS/Include/cmsis_gcc.h **** 
 576:Drivers/CMSIS/Include/cmsis_gcc.h **** 
 577:Drivers/CMSIS/Include/cmsis_gcc.h **** /**
 578:Drivers/CMSIS/Include/cmsis_gcc.h ****   \brief   Set Base Priority with condition
 579:Drivers/CMSIS/Include/cmsis_gcc.h ****   \details Assigns the given value to the Base Priority register only if BASEPRI masking is disable
 580:Drivers/CMSIS/Include/cmsis_gcc.h ****            or the new value increases the BASEPRI priority level.
 581:Drivers/CMSIS/Include/cmsis_gcc.h ****   \param [in]    basePri  Base Priority value to set
 582:Drivers/CMSIS/Include/cmsis_gcc.h ****  */
 583:Drivers/CMSIS/Include/cmsis_gcc.h **** __STATIC_FORCEINLINE void __set_BASEPRI_MAX(uint32_t basePri)
 584:Drivers/CMSIS/Include/cmsis_gcc.h **** {
 585:Drivers/CMSIS/Include/cmsis_gcc.h ****   __ASM volatile ("MSR basepri_max, %0" : : "r" (basePri) : "memory");
 586:Drivers/CMSIS/Include/cmsis_gcc.h **** }
 587:Drivers/CMSIS/Include/cmsis_gcc.h **** 
 588:Drivers/CMSIS/Include/cmsis_gcc.h **** 
 589:Drivers/CMSIS/Include/cmsis_gcc.h **** /**
 590:Drivers/CMSIS/Include/cmsis_gcc.h ****   \brief   Get Fault Mask
 591:Drivers/CMSIS/Include/cmsis_gcc.h ****   \details Returns the current value of the Fault Mask register.
 592:Drivers/CMSIS/Include/cmsis_gcc.h ****   \return               Fault Mask register value
 593:Drivers/CMSIS/Include/cmsis_gcc.h ****  */
 594:Drivers/CMSIS/Include/cmsis_gcc.h **** __STATIC_FORCEINLINE uint32_t __get_FAULTMASK(void)
 595:Drivers/CMSIS/Include/cmsis_gcc.h **** {
 596:Drivers/CMSIS/Include/cmsis_gcc.h ****   uint32_t result;
 597:Drivers/CMSIS/Include/cmsis_gcc.h **** 
 598:Drivers/CMSIS/Include/cmsis_gcc.h ****   __ASM volatile ("MRS %0, faultmask" : "=r" (result) );
 599:Drivers/CMSIS/Include/cmsis_gcc.h ****   return(result);
 600:Drivers/CMSIS/Include/cmsis_gcc.h **** }
 601:Drivers/CMSIS/Include/cmsis_gcc.h **** 
 602:Drivers/CMSIS/Include/cmsis_gcc.h **** 
 603:Drivers/CMSIS/Include/cmsis_gcc.h **** #if (defined (__ARM_FEATURE_CMSE ) && (__ARM_FEATURE_CMSE == 3))
 604:Drivers/CMSIS/Include/cmsis_gcc.h **** /**
 605:Drivers/CMSIS/Include/cmsis_gcc.h ****   \brief   Get Fault Mask (non-secure)
 606:Drivers/CMSIS/Include/cmsis_gcc.h ****   \details Returns the current value of the non-secure Fault Mask register when in secure state.
 607:Drivers/CMSIS/Include/cmsis_gcc.h ****   \return               Fault Mask register value
 608:Drivers/CMSIS/Include/cmsis_gcc.h ****  */
 609:Drivers/CMSIS/Include/cmsis_gcc.h **** __STATIC_FORCEINLINE uint32_t __TZ_get_FAULTMASK_NS(void)
 610:Drivers/CMSIS/Include/cmsis_gcc.h **** {
 611:Drivers/CMSIS/Include/cmsis_gcc.h ****   uint32_t result;
 612:Drivers/CMSIS/Include/cmsis_gcc.h **** 
 613:Drivers/CMSIS/Include/cmsis_gcc.h ****   __ASM volatile ("MRS %0, faultmask_ns" : "=r" (result) );
 614:Drivers/CMSIS/Include/cmsis_gcc.h ****   return(result);
 615:Drivers/CMSIS/Include/cmsis_gcc.h **** }
 616:Drivers/CMSIS/Include/cmsis_gcc.h **** #endif
 617:Drivers/CMSIS/Include/cmsis_gcc.h **** 
 618:Drivers/CMSIS/Include/cmsis_gcc.h **** 
 619:Drivers/CMSIS/Include/cmsis_gcc.h **** /**
 620:Drivers/CMSIS/Include/cmsis_gcc.h ****   \brief   Set Fault Mask
 621:Drivers/CMSIS/Include/cmsis_gcc.h ****   \details Assigns the given value to the Fault Mask register.
 622:Drivers/CMSIS/Include/cmsis_gcc.h ****   \param [in]    faultMask  Fault Mask value to set
 623:Drivers/CMSIS/Include/cmsis_gcc.h ****  */
 624:Drivers/CMSIS/Include/cmsis_gcc.h **** __STATIC_FORCEINLINE void __set_FAULTMASK(uint32_t faultMask)
 625:Drivers/CMSIS/Include/cmsis_gcc.h **** {
 626:Drivers/CMSIS/Include/cmsis_gcc.h ****   __ASM volatile ("MSR faultmask, %0" : : "r" (faultMask) : "memory");
 627:Drivers/CMSIS/Include/cmsis_gcc.h **** }
 628:Drivers/CMSIS/Include/cmsis_gcc.h **** 
 629:Drivers/CMSIS/Include/cmsis_gcc.h **** 
 630:Drivers/CMSIS/Include/cmsis_gcc.h **** #if (defined (__ARM_FEATURE_CMSE ) && (__ARM_FEATURE_CMSE == 3))
ARM GAS  C:\Users\843E~1\AppData\Local\Temp\ccj6WFWj.s 			page 42


 631:Drivers/CMSIS/Include/cmsis_gcc.h **** /**
 632:Drivers/CMSIS/Include/cmsis_gcc.h ****   \brief   Set Fault Mask (non-secure)
 633:Drivers/CMSIS/Include/cmsis_gcc.h ****   \details Assigns the given value to the non-secure Fault Mask register when in secure state.
 634:Drivers/CMSIS/Include/cmsis_gcc.h ****   \param [in]    faultMask  Fault Mask value to set
 635:Drivers/CMSIS/Include/cmsis_gcc.h ****  */
 636:Drivers/CMSIS/Include/cmsis_gcc.h **** __STATIC_FORCEINLINE void __TZ_set_FAULTMASK_NS(uint32_t faultMask)
 637:Drivers/CMSIS/Include/cmsis_gcc.h **** {
 638:Drivers/CMSIS/Include/cmsis_gcc.h ****   __ASM volatile ("MSR faultmask_ns, %0" : : "r" (faultMask) : "memory");
 639:Drivers/CMSIS/Include/cmsis_gcc.h **** }
 640:Drivers/CMSIS/Include/cmsis_gcc.h **** #endif
 641:Drivers/CMSIS/Include/cmsis_gcc.h **** 
 642:Drivers/CMSIS/Include/cmsis_gcc.h **** #endif /* ((defined (__ARM_ARCH_7M__      ) && (__ARM_ARCH_7M__      == 1)) || \
 643:Drivers/CMSIS/Include/cmsis_gcc.h ****            (defined (__ARM_ARCH_7EM__     ) && (__ARM_ARCH_7EM__     == 1)) || \
 644:Drivers/CMSIS/Include/cmsis_gcc.h ****            (defined (__ARM_ARCH_8M_MAIN__ ) && (__ARM_ARCH_8M_MAIN__ == 1))    ) */
 645:Drivers/CMSIS/Include/cmsis_gcc.h **** 
 646:Drivers/CMSIS/Include/cmsis_gcc.h **** 
 647:Drivers/CMSIS/Include/cmsis_gcc.h **** #if ((defined (__ARM_ARCH_8M_MAIN__ ) && (__ARM_ARCH_8M_MAIN__ == 1)) || \
 648:Drivers/CMSIS/Include/cmsis_gcc.h ****      (defined (__ARM_ARCH_8M_BASE__ ) && (__ARM_ARCH_8M_BASE__ == 1))    )
 649:Drivers/CMSIS/Include/cmsis_gcc.h **** 
 650:Drivers/CMSIS/Include/cmsis_gcc.h **** /**
 651:Drivers/CMSIS/Include/cmsis_gcc.h ****   \brief   Get Process Stack Pointer Limit
 652:Drivers/CMSIS/Include/cmsis_gcc.h ****   Devices without ARMv8-M Main Extensions (i.e. Cortex-M23) lack the non-secure
 653:Drivers/CMSIS/Include/cmsis_gcc.h ****   Stack Pointer Limit register hence zero is returned always in non-secure
 654:Drivers/CMSIS/Include/cmsis_gcc.h ****   mode.
 655:Drivers/CMSIS/Include/cmsis_gcc.h ****   
 656:Drivers/CMSIS/Include/cmsis_gcc.h ****   \details Returns the current value of the Process Stack Pointer Limit (PSPLIM).
 657:Drivers/CMSIS/Include/cmsis_gcc.h ****   \return               PSPLIM Register value
 658:Drivers/CMSIS/Include/cmsis_gcc.h ****  */
 659:Drivers/CMSIS/Include/cmsis_gcc.h **** __STATIC_FORCEINLINE uint32_t __get_PSPLIM(void)
 660:Drivers/CMSIS/Include/cmsis_gcc.h **** {
 661:Drivers/CMSIS/Include/cmsis_gcc.h **** #if (!(defined (__ARM_ARCH_8M_MAIN__ ) && (__ARM_ARCH_8M_MAIN__ == 1)) && \
 662:Drivers/CMSIS/Include/cmsis_gcc.h ****     (!defined (__ARM_FEATURE_CMSE) || (__ARM_FEATURE_CMSE < 3)))
 663:Drivers/CMSIS/Include/cmsis_gcc.h ****     // without main extensions, the non-secure PSPLIM is RAZ/WI
 664:Drivers/CMSIS/Include/cmsis_gcc.h ****   return 0U;
 665:Drivers/CMSIS/Include/cmsis_gcc.h **** #else
 666:Drivers/CMSIS/Include/cmsis_gcc.h ****   uint32_t result;
 667:Drivers/CMSIS/Include/cmsis_gcc.h ****   __ASM volatile ("MRS %0, psplim"  : "=r" (result) );
 668:Drivers/CMSIS/Include/cmsis_gcc.h ****   return result;
 669:Drivers/CMSIS/Include/cmsis_gcc.h **** #endif
 670:Drivers/CMSIS/Include/cmsis_gcc.h **** }
 671:Drivers/CMSIS/Include/cmsis_gcc.h **** 
 672:Drivers/CMSIS/Include/cmsis_gcc.h **** #if (defined (__ARM_FEATURE_CMSE) && (__ARM_FEATURE_CMSE == 3))
 673:Drivers/CMSIS/Include/cmsis_gcc.h **** /**
 674:Drivers/CMSIS/Include/cmsis_gcc.h ****   \brief   Get Process Stack Pointer Limit (non-secure)
 675:Drivers/CMSIS/Include/cmsis_gcc.h ****   Devices without ARMv8-M Main Extensions (i.e. Cortex-M23) lack the non-secure
 676:Drivers/CMSIS/Include/cmsis_gcc.h ****   Stack Pointer Limit register hence zero is returned always.
 677:Drivers/CMSIS/Include/cmsis_gcc.h **** 
 678:Drivers/CMSIS/Include/cmsis_gcc.h ****   \details Returns the current value of the non-secure Process Stack Pointer Limit (PSPLIM) when in
 679:Drivers/CMSIS/Include/cmsis_gcc.h ****   \return               PSPLIM Register value
 680:Drivers/CMSIS/Include/cmsis_gcc.h ****  */
 681:Drivers/CMSIS/Include/cmsis_gcc.h **** __STATIC_FORCEINLINE uint32_t __TZ_get_PSPLIM_NS(void)
 682:Drivers/CMSIS/Include/cmsis_gcc.h **** {
 683:Drivers/CMSIS/Include/cmsis_gcc.h **** #if (!(defined (__ARM_ARCH_8M_MAIN__ ) && (__ARM_ARCH_8M_MAIN__ == 1)))
 684:Drivers/CMSIS/Include/cmsis_gcc.h ****   // without main extensions, the non-secure PSPLIM is RAZ/WI
 685:Drivers/CMSIS/Include/cmsis_gcc.h ****   return 0U;
 686:Drivers/CMSIS/Include/cmsis_gcc.h **** #else
 687:Drivers/CMSIS/Include/cmsis_gcc.h ****   uint32_t result;
ARM GAS  C:\Users\843E~1\AppData\Local\Temp\ccj6WFWj.s 			page 43


 688:Drivers/CMSIS/Include/cmsis_gcc.h ****   __ASM volatile ("MRS %0, psplim_ns"  : "=r" (result) );
 689:Drivers/CMSIS/Include/cmsis_gcc.h ****   return result;
 690:Drivers/CMSIS/Include/cmsis_gcc.h **** #endif
 691:Drivers/CMSIS/Include/cmsis_gcc.h **** }
 692:Drivers/CMSIS/Include/cmsis_gcc.h **** #endif
 693:Drivers/CMSIS/Include/cmsis_gcc.h **** 
 694:Drivers/CMSIS/Include/cmsis_gcc.h **** 
 695:Drivers/CMSIS/Include/cmsis_gcc.h **** /**
 696:Drivers/CMSIS/Include/cmsis_gcc.h ****   \brief   Set Process Stack Pointer Limit
 697:Drivers/CMSIS/Include/cmsis_gcc.h ****   Devices without ARMv8-M Main Extensions (i.e. Cortex-M23) lack the non-secure
 698:Drivers/CMSIS/Include/cmsis_gcc.h ****   Stack Pointer Limit register hence the write is silently ignored in non-secure
 699:Drivers/CMSIS/Include/cmsis_gcc.h ****   mode.
 700:Drivers/CMSIS/Include/cmsis_gcc.h ****   
 701:Drivers/CMSIS/Include/cmsis_gcc.h ****   \details Assigns the given value to the Process Stack Pointer Limit (PSPLIM).
 702:Drivers/CMSIS/Include/cmsis_gcc.h ****   \param [in]    ProcStackPtrLimit  Process Stack Pointer Limit value to set
 703:Drivers/CMSIS/Include/cmsis_gcc.h ****  */
 704:Drivers/CMSIS/Include/cmsis_gcc.h **** __STATIC_FORCEINLINE void __set_PSPLIM(uint32_t ProcStackPtrLimit)
 705:Drivers/CMSIS/Include/cmsis_gcc.h **** {
 706:Drivers/CMSIS/Include/cmsis_gcc.h **** #if (!(defined (__ARM_ARCH_8M_MAIN__ ) && (__ARM_ARCH_8M_MAIN__ == 1)) && \
 707:Drivers/CMSIS/Include/cmsis_gcc.h ****     (!defined (__ARM_FEATURE_CMSE) || (__ARM_FEATURE_CMSE < 3)))
 708:Drivers/CMSIS/Include/cmsis_gcc.h ****   // without main extensions, the non-secure PSPLIM is RAZ/WI
 709:Drivers/CMSIS/Include/cmsis_gcc.h ****   (void)ProcStackPtrLimit;
 710:Drivers/CMSIS/Include/cmsis_gcc.h **** #else
 711:Drivers/CMSIS/Include/cmsis_gcc.h ****   __ASM volatile ("MSR psplim, %0" : : "r" (ProcStackPtrLimit));
 712:Drivers/CMSIS/Include/cmsis_gcc.h **** #endif
 713:Drivers/CMSIS/Include/cmsis_gcc.h **** }
 714:Drivers/CMSIS/Include/cmsis_gcc.h **** 
 715:Drivers/CMSIS/Include/cmsis_gcc.h **** 
 716:Drivers/CMSIS/Include/cmsis_gcc.h **** #if (defined (__ARM_FEATURE_CMSE  ) && (__ARM_FEATURE_CMSE   == 3))
 717:Drivers/CMSIS/Include/cmsis_gcc.h **** /**
 718:Drivers/CMSIS/Include/cmsis_gcc.h ****   \brief   Set Process Stack Pointer (non-secure)
 719:Drivers/CMSIS/Include/cmsis_gcc.h ****   Devices without ARMv8-M Main Extensions (i.e. Cortex-M23) lack the non-secure
 720:Drivers/CMSIS/Include/cmsis_gcc.h ****   Stack Pointer Limit register hence the write is silently ignored.
 721:Drivers/CMSIS/Include/cmsis_gcc.h **** 
 722:Drivers/CMSIS/Include/cmsis_gcc.h ****   \details Assigns the given value to the non-secure Process Stack Pointer Limit (PSPLIM) when in s
 723:Drivers/CMSIS/Include/cmsis_gcc.h ****   \param [in]    ProcStackPtrLimit  Process Stack Pointer Limit value to set
 724:Drivers/CMSIS/Include/cmsis_gcc.h ****  */
 725:Drivers/CMSIS/Include/cmsis_gcc.h **** __STATIC_FORCEINLINE void __TZ_set_PSPLIM_NS(uint32_t ProcStackPtrLimit)
 726:Drivers/CMSIS/Include/cmsis_gcc.h **** {
 727:Drivers/CMSIS/Include/cmsis_gcc.h **** #if (!(defined (__ARM_ARCH_8M_MAIN__ ) && (__ARM_ARCH_8M_MAIN__ == 1)))
 728:Drivers/CMSIS/Include/cmsis_gcc.h ****   // without main extensions, the non-secure PSPLIM is RAZ/WI
 729:Drivers/CMSIS/Include/cmsis_gcc.h ****   (void)ProcStackPtrLimit;
 730:Drivers/CMSIS/Include/cmsis_gcc.h **** #else
 731:Drivers/CMSIS/Include/cmsis_gcc.h ****   __ASM volatile ("MSR psplim_ns, %0\n" : : "r" (ProcStackPtrLimit));
 732:Drivers/CMSIS/Include/cmsis_gcc.h **** #endif
 733:Drivers/CMSIS/Include/cmsis_gcc.h **** }
 734:Drivers/CMSIS/Include/cmsis_gcc.h **** #endif
 735:Drivers/CMSIS/Include/cmsis_gcc.h **** 
 736:Drivers/CMSIS/Include/cmsis_gcc.h **** 
 737:Drivers/CMSIS/Include/cmsis_gcc.h **** /**
 738:Drivers/CMSIS/Include/cmsis_gcc.h ****   \brief   Get Main Stack Pointer Limit
 739:Drivers/CMSIS/Include/cmsis_gcc.h ****   Devices without ARMv8-M Main Extensions (i.e. Cortex-M23) lack the non-secure
 740:Drivers/CMSIS/Include/cmsis_gcc.h ****   Stack Pointer Limit register hence zero is returned always in non-secure
 741:Drivers/CMSIS/Include/cmsis_gcc.h ****   mode.
 742:Drivers/CMSIS/Include/cmsis_gcc.h **** 
 743:Drivers/CMSIS/Include/cmsis_gcc.h ****   \details Returns the current value of the Main Stack Pointer Limit (MSPLIM).
 744:Drivers/CMSIS/Include/cmsis_gcc.h ****   \return               MSPLIM Register value
ARM GAS  C:\Users\843E~1\AppData\Local\Temp\ccj6WFWj.s 			page 44


 745:Drivers/CMSIS/Include/cmsis_gcc.h ****  */
 746:Drivers/CMSIS/Include/cmsis_gcc.h **** __STATIC_FORCEINLINE uint32_t __get_MSPLIM(void)
 747:Drivers/CMSIS/Include/cmsis_gcc.h **** {
 748:Drivers/CMSIS/Include/cmsis_gcc.h **** #if (!(defined (__ARM_ARCH_8M_MAIN__ ) && (__ARM_ARCH_8M_MAIN__ == 1)) && \
 749:Drivers/CMSIS/Include/cmsis_gcc.h ****     (!defined (__ARM_FEATURE_CMSE) || (__ARM_FEATURE_CMSE < 3)))
 750:Drivers/CMSIS/Include/cmsis_gcc.h ****   // without main extensions, the non-secure MSPLIM is RAZ/WI
 751:Drivers/CMSIS/Include/cmsis_gcc.h ****   return 0U;
 752:Drivers/CMSIS/Include/cmsis_gcc.h **** #else
 753:Drivers/CMSIS/Include/cmsis_gcc.h ****   uint32_t result;
 754:Drivers/CMSIS/Include/cmsis_gcc.h ****   __ASM volatile ("MRS %0, msplim" : "=r" (result) );
 755:Drivers/CMSIS/Include/cmsis_gcc.h ****   return result;
 756:Drivers/CMSIS/Include/cmsis_gcc.h **** #endif
 757:Drivers/CMSIS/Include/cmsis_gcc.h **** }
 758:Drivers/CMSIS/Include/cmsis_gcc.h **** 
 759:Drivers/CMSIS/Include/cmsis_gcc.h **** 
 760:Drivers/CMSIS/Include/cmsis_gcc.h **** #if (defined (__ARM_FEATURE_CMSE  ) && (__ARM_FEATURE_CMSE   == 3))
 761:Drivers/CMSIS/Include/cmsis_gcc.h **** /**
 762:Drivers/CMSIS/Include/cmsis_gcc.h ****   \brief   Get Main Stack Pointer Limit (non-secure)
 763:Drivers/CMSIS/Include/cmsis_gcc.h ****   Devices without ARMv8-M Main Extensions (i.e. Cortex-M23) lack the non-secure
 764:Drivers/CMSIS/Include/cmsis_gcc.h ****   Stack Pointer Limit register hence zero is returned always.
 765:Drivers/CMSIS/Include/cmsis_gcc.h **** 
 766:Drivers/CMSIS/Include/cmsis_gcc.h ****   \details Returns the current value of the non-secure Main Stack Pointer Limit(MSPLIM) when in sec
 767:Drivers/CMSIS/Include/cmsis_gcc.h ****   \return               MSPLIM Register value
 768:Drivers/CMSIS/Include/cmsis_gcc.h ****  */
 769:Drivers/CMSIS/Include/cmsis_gcc.h **** __STATIC_FORCEINLINE uint32_t __TZ_get_MSPLIM_NS(void)
 770:Drivers/CMSIS/Include/cmsis_gcc.h **** {
 771:Drivers/CMSIS/Include/cmsis_gcc.h **** #if (!(defined (__ARM_ARCH_8M_MAIN__ ) && (__ARM_ARCH_8M_MAIN__ == 1)))
 772:Drivers/CMSIS/Include/cmsis_gcc.h ****   // without main extensions, the non-secure MSPLIM is RAZ/WI
 773:Drivers/CMSIS/Include/cmsis_gcc.h ****   return 0U;
 774:Drivers/CMSIS/Include/cmsis_gcc.h **** #else
 775:Drivers/CMSIS/Include/cmsis_gcc.h ****   uint32_t result;
 776:Drivers/CMSIS/Include/cmsis_gcc.h ****   __ASM volatile ("MRS %0, msplim_ns" : "=r" (result) );
 777:Drivers/CMSIS/Include/cmsis_gcc.h ****   return result;
 778:Drivers/CMSIS/Include/cmsis_gcc.h **** #endif
 779:Drivers/CMSIS/Include/cmsis_gcc.h **** }
 780:Drivers/CMSIS/Include/cmsis_gcc.h **** #endif
 781:Drivers/CMSIS/Include/cmsis_gcc.h **** 
 782:Drivers/CMSIS/Include/cmsis_gcc.h **** 
 783:Drivers/CMSIS/Include/cmsis_gcc.h **** /**
 784:Drivers/CMSIS/Include/cmsis_gcc.h ****   \brief   Set Main Stack Pointer Limit
 785:Drivers/CMSIS/Include/cmsis_gcc.h ****   Devices without ARMv8-M Main Extensions (i.e. Cortex-M23) lack the non-secure
 786:Drivers/CMSIS/Include/cmsis_gcc.h ****   Stack Pointer Limit register hence the write is silently ignored in non-secure
 787:Drivers/CMSIS/Include/cmsis_gcc.h ****   mode.
 788:Drivers/CMSIS/Include/cmsis_gcc.h **** 
 789:Drivers/CMSIS/Include/cmsis_gcc.h ****   \details Assigns the given value to the Main Stack Pointer Limit (MSPLIM).
 790:Drivers/CMSIS/Include/cmsis_gcc.h ****   \param [in]    MainStackPtrLimit  Main Stack Pointer Limit value to set
 791:Drivers/CMSIS/Include/cmsis_gcc.h ****  */
 792:Drivers/CMSIS/Include/cmsis_gcc.h **** __STATIC_FORCEINLINE void __set_MSPLIM(uint32_t MainStackPtrLimit)
 793:Drivers/CMSIS/Include/cmsis_gcc.h **** {
 794:Drivers/CMSIS/Include/cmsis_gcc.h **** #if (!(defined (__ARM_ARCH_8M_MAIN__ ) && (__ARM_ARCH_8M_MAIN__ == 1)) && \
 795:Drivers/CMSIS/Include/cmsis_gcc.h ****     (!defined (__ARM_FEATURE_CMSE) || (__ARM_FEATURE_CMSE < 3)))
 796:Drivers/CMSIS/Include/cmsis_gcc.h ****   // without main extensions, the non-secure MSPLIM is RAZ/WI
 797:Drivers/CMSIS/Include/cmsis_gcc.h ****   (void)MainStackPtrLimit;
 798:Drivers/CMSIS/Include/cmsis_gcc.h **** #else
 799:Drivers/CMSIS/Include/cmsis_gcc.h ****   __ASM volatile ("MSR msplim, %0" : : "r" (MainStackPtrLimit));
 800:Drivers/CMSIS/Include/cmsis_gcc.h **** #endif
 801:Drivers/CMSIS/Include/cmsis_gcc.h **** }
ARM GAS  C:\Users\843E~1\AppData\Local\Temp\ccj6WFWj.s 			page 45


 802:Drivers/CMSIS/Include/cmsis_gcc.h **** 
 803:Drivers/CMSIS/Include/cmsis_gcc.h **** 
 804:Drivers/CMSIS/Include/cmsis_gcc.h **** #if (defined (__ARM_FEATURE_CMSE  ) && (__ARM_FEATURE_CMSE   == 3))
 805:Drivers/CMSIS/Include/cmsis_gcc.h **** /**
 806:Drivers/CMSIS/Include/cmsis_gcc.h ****   \brief   Set Main Stack Pointer Limit (non-secure)
 807:Drivers/CMSIS/Include/cmsis_gcc.h ****   Devices without ARMv8-M Main Extensions (i.e. Cortex-M23) lack the non-secure
 808:Drivers/CMSIS/Include/cmsis_gcc.h ****   Stack Pointer Limit register hence the write is silently ignored.
 809:Drivers/CMSIS/Include/cmsis_gcc.h **** 
 810:Drivers/CMSIS/Include/cmsis_gcc.h ****   \details Assigns the given value to the non-secure Main Stack Pointer Limit (MSPLIM) when in secu
 811:Drivers/CMSIS/Include/cmsis_gcc.h ****   \param [in]    MainStackPtrLimit  Main Stack Pointer value to set
 812:Drivers/CMSIS/Include/cmsis_gcc.h ****  */
 813:Drivers/CMSIS/Include/cmsis_gcc.h **** __STATIC_FORCEINLINE void __TZ_set_MSPLIM_NS(uint32_t MainStackPtrLimit)
 814:Drivers/CMSIS/Include/cmsis_gcc.h **** {
 815:Drivers/CMSIS/Include/cmsis_gcc.h **** #if (!(defined (__ARM_ARCH_8M_MAIN__ ) && (__ARM_ARCH_8M_MAIN__ == 1)))
 816:Drivers/CMSIS/Include/cmsis_gcc.h ****   // without main extensions, the non-secure MSPLIM is RAZ/WI
 817:Drivers/CMSIS/Include/cmsis_gcc.h ****   (void)MainStackPtrLimit;
 818:Drivers/CMSIS/Include/cmsis_gcc.h **** #else
 819:Drivers/CMSIS/Include/cmsis_gcc.h ****   __ASM volatile ("MSR msplim_ns, %0" : : "r" (MainStackPtrLimit));
 820:Drivers/CMSIS/Include/cmsis_gcc.h **** #endif
 821:Drivers/CMSIS/Include/cmsis_gcc.h **** }
 822:Drivers/CMSIS/Include/cmsis_gcc.h **** #endif
 823:Drivers/CMSIS/Include/cmsis_gcc.h **** 
 824:Drivers/CMSIS/Include/cmsis_gcc.h **** #endif /* ((defined (__ARM_ARCH_8M_MAIN__ ) && (__ARM_ARCH_8M_MAIN__ == 1)) || \
 825:Drivers/CMSIS/Include/cmsis_gcc.h ****            (defined (__ARM_ARCH_8M_BASE__ ) && (__ARM_ARCH_8M_BASE__ == 1))    ) */
 826:Drivers/CMSIS/Include/cmsis_gcc.h **** 
 827:Drivers/CMSIS/Include/cmsis_gcc.h **** 
 828:Drivers/CMSIS/Include/cmsis_gcc.h **** /**
 829:Drivers/CMSIS/Include/cmsis_gcc.h ****   \brief   Get FPSCR
 830:Drivers/CMSIS/Include/cmsis_gcc.h ****   \details Returns the current value of the Floating Point Status/Control register.
 831:Drivers/CMSIS/Include/cmsis_gcc.h ****   \return               Floating Point Status/Control register value
 832:Drivers/CMSIS/Include/cmsis_gcc.h ****  */
 833:Drivers/CMSIS/Include/cmsis_gcc.h **** __STATIC_FORCEINLINE uint32_t __get_FPSCR(void)
 834:Drivers/CMSIS/Include/cmsis_gcc.h **** {
 835:Drivers/CMSIS/Include/cmsis_gcc.h **** #if ((defined (__FPU_PRESENT) && (__FPU_PRESENT == 1U)) && \
 836:Drivers/CMSIS/Include/cmsis_gcc.h ****      (defined (__FPU_USED   ) && (__FPU_USED    == 1U))     )
 837:Drivers/CMSIS/Include/cmsis_gcc.h **** #if __has_builtin(__builtin_arm_get_fpscr) 
 838:Drivers/CMSIS/Include/cmsis_gcc.h **** // Re-enable using built-in when GCC has been fixed
 839:Drivers/CMSIS/Include/cmsis_gcc.h **** // || (__GNUC__ > 7) || (__GNUC__ == 7 && __GNUC_MINOR__ >= 2)
 840:Drivers/CMSIS/Include/cmsis_gcc.h ****   /* see https://gcc.gnu.org/ml/gcc-patches/2017-04/msg00443.html */
 841:Drivers/CMSIS/Include/cmsis_gcc.h ****   return __builtin_arm_get_fpscr();
 842:Drivers/CMSIS/Include/cmsis_gcc.h **** #else
 843:Drivers/CMSIS/Include/cmsis_gcc.h ****   uint32_t result;
 844:Drivers/CMSIS/Include/cmsis_gcc.h **** 
 845:Drivers/CMSIS/Include/cmsis_gcc.h ****   __ASM volatile ("VMRS %0, fpscr" : "=r" (result) );
 846:Drivers/CMSIS/Include/cmsis_gcc.h ****   return(result);
 847:Drivers/CMSIS/Include/cmsis_gcc.h **** #endif
 848:Drivers/CMSIS/Include/cmsis_gcc.h **** #else
 849:Drivers/CMSIS/Include/cmsis_gcc.h ****   return(0U);
 850:Drivers/CMSIS/Include/cmsis_gcc.h **** #endif
 851:Drivers/CMSIS/Include/cmsis_gcc.h **** }
 852:Drivers/CMSIS/Include/cmsis_gcc.h **** 
 853:Drivers/CMSIS/Include/cmsis_gcc.h **** 
 854:Drivers/CMSIS/Include/cmsis_gcc.h **** /**
 855:Drivers/CMSIS/Include/cmsis_gcc.h ****   \brief   Set FPSCR
 856:Drivers/CMSIS/Include/cmsis_gcc.h ****   \details Assigns the given value to the Floating Point Status/Control register.
 857:Drivers/CMSIS/Include/cmsis_gcc.h ****   \param [in]    fpscr  Floating Point Status/Control value to set
 858:Drivers/CMSIS/Include/cmsis_gcc.h ****  */
ARM GAS  C:\Users\843E~1\AppData\Local\Temp\ccj6WFWj.s 			page 46


 859:Drivers/CMSIS/Include/cmsis_gcc.h **** __STATIC_FORCEINLINE void __set_FPSCR(uint32_t fpscr)
 860:Drivers/CMSIS/Include/cmsis_gcc.h **** {
 861:Drivers/CMSIS/Include/cmsis_gcc.h **** #if ((defined (__FPU_PRESENT) && (__FPU_PRESENT == 1U)) && \
 862:Drivers/CMSIS/Include/cmsis_gcc.h ****      (defined (__FPU_USED   ) && (__FPU_USED    == 1U))     )
 863:Drivers/CMSIS/Include/cmsis_gcc.h **** #if __has_builtin(__builtin_arm_set_fpscr)
 864:Drivers/CMSIS/Include/cmsis_gcc.h **** // Re-enable using built-in when GCC has been fixed
 865:Drivers/CMSIS/Include/cmsis_gcc.h **** // || (__GNUC__ > 7) || (__GNUC__ == 7 && __GNUC_MINOR__ >= 2)
 866:Drivers/CMSIS/Include/cmsis_gcc.h ****   /* see https://gcc.gnu.org/ml/gcc-patches/2017-04/msg00443.html */
 867:Drivers/CMSIS/Include/cmsis_gcc.h ****   __builtin_arm_set_fpscr(fpscr);
 868:Drivers/CMSIS/Include/cmsis_gcc.h **** #else
 869:Drivers/CMSIS/Include/cmsis_gcc.h ****   __ASM volatile ("VMSR fpscr, %0" : : "r" (fpscr) : "vfpcc", "memory");
 870:Drivers/CMSIS/Include/cmsis_gcc.h **** #endif
 871:Drivers/CMSIS/Include/cmsis_gcc.h **** #else
 872:Drivers/CMSIS/Include/cmsis_gcc.h ****   (void)fpscr;
 873:Drivers/CMSIS/Include/cmsis_gcc.h **** #endif
 874:Drivers/CMSIS/Include/cmsis_gcc.h **** }
 875:Drivers/CMSIS/Include/cmsis_gcc.h **** 
 876:Drivers/CMSIS/Include/cmsis_gcc.h **** 
 877:Drivers/CMSIS/Include/cmsis_gcc.h **** /*@} end of CMSIS_Core_RegAccFunctions */
 878:Drivers/CMSIS/Include/cmsis_gcc.h **** 
 879:Drivers/CMSIS/Include/cmsis_gcc.h **** 
 880:Drivers/CMSIS/Include/cmsis_gcc.h **** /* ##########################  Core Instruction Access  ######################### */
 881:Drivers/CMSIS/Include/cmsis_gcc.h **** /** \defgroup CMSIS_Core_InstructionInterface CMSIS Core Instruction Interface
 882:Drivers/CMSIS/Include/cmsis_gcc.h ****   Access to dedicated instructions
 883:Drivers/CMSIS/Include/cmsis_gcc.h ****   @{
 884:Drivers/CMSIS/Include/cmsis_gcc.h **** */
 885:Drivers/CMSIS/Include/cmsis_gcc.h **** 
 886:Drivers/CMSIS/Include/cmsis_gcc.h **** /* Define macros for porting to both thumb1 and thumb2.
 887:Drivers/CMSIS/Include/cmsis_gcc.h ****  * For thumb1, use low register (r0-r7), specified by constraint "l"
 888:Drivers/CMSIS/Include/cmsis_gcc.h ****  * Otherwise, use general registers, specified by constraint "r" */
 889:Drivers/CMSIS/Include/cmsis_gcc.h **** #if defined (__thumb__) && !defined (__thumb2__)
 890:Drivers/CMSIS/Include/cmsis_gcc.h **** #define __CMSIS_GCC_OUT_REG(r) "=l" (r)
 891:Drivers/CMSIS/Include/cmsis_gcc.h **** #define __CMSIS_GCC_RW_REG(r) "+l" (r)
 892:Drivers/CMSIS/Include/cmsis_gcc.h **** #define __CMSIS_GCC_USE_REG(r) "l" (r)
 893:Drivers/CMSIS/Include/cmsis_gcc.h **** #else
 894:Drivers/CMSIS/Include/cmsis_gcc.h **** #define __CMSIS_GCC_OUT_REG(r) "=r" (r)
 895:Drivers/CMSIS/Include/cmsis_gcc.h **** #define __CMSIS_GCC_RW_REG(r) "+r" (r)
 896:Drivers/CMSIS/Include/cmsis_gcc.h **** #define __CMSIS_GCC_USE_REG(r) "r" (r)
 897:Drivers/CMSIS/Include/cmsis_gcc.h **** #endif
 898:Drivers/CMSIS/Include/cmsis_gcc.h **** 
 899:Drivers/CMSIS/Include/cmsis_gcc.h **** /**
 900:Drivers/CMSIS/Include/cmsis_gcc.h ****   \brief   No Operation
 901:Drivers/CMSIS/Include/cmsis_gcc.h ****   \details No Operation does nothing. This instruction can be used for code alignment purposes.
 902:Drivers/CMSIS/Include/cmsis_gcc.h ****  */
 903:Drivers/CMSIS/Include/cmsis_gcc.h **** #define __NOP()                             __ASM volatile ("nop")
 904:Drivers/CMSIS/Include/cmsis_gcc.h **** 
 905:Drivers/CMSIS/Include/cmsis_gcc.h **** /**
 906:Drivers/CMSIS/Include/cmsis_gcc.h ****   \brief   Wait For Interrupt
 907:Drivers/CMSIS/Include/cmsis_gcc.h ****   \details Wait For Interrupt is a hint instruction that suspends execution until one of a number o
 908:Drivers/CMSIS/Include/cmsis_gcc.h ****  */
 909:Drivers/CMSIS/Include/cmsis_gcc.h **** #define __WFI()                             __ASM volatile ("wfi")
 910:Drivers/CMSIS/Include/cmsis_gcc.h **** 
 911:Drivers/CMSIS/Include/cmsis_gcc.h **** 
 912:Drivers/CMSIS/Include/cmsis_gcc.h **** /**
 913:Drivers/CMSIS/Include/cmsis_gcc.h ****   \brief   Wait For Event
 914:Drivers/CMSIS/Include/cmsis_gcc.h ****   \details Wait For Event is a hint instruction that permits the processor to enter
 915:Drivers/CMSIS/Include/cmsis_gcc.h ****            a low-power state until one of a number of events occurs.
ARM GAS  C:\Users\843E~1\AppData\Local\Temp\ccj6WFWj.s 			page 47


 916:Drivers/CMSIS/Include/cmsis_gcc.h ****  */
 917:Drivers/CMSIS/Include/cmsis_gcc.h **** #define __WFE()                             __ASM volatile ("wfe")
 918:Drivers/CMSIS/Include/cmsis_gcc.h **** 
 919:Drivers/CMSIS/Include/cmsis_gcc.h **** 
 920:Drivers/CMSIS/Include/cmsis_gcc.h **** /**
 921:Drivers/CMSIS/Include/cmsis_gcc.h ****   \brief   Send Event
 922:Drivers/CMSIS/Include/cmsis_gcc.h ****   \details Send Event is a hint instruction. It causes an event to be signaled to the CPU.
 923:Drivers/CMSIS/Include/cmsis_gcc.h ****  */
 924:Drivers/CMSIS/Include/cmsis_gcc.h **** #define __SEV()                             __ASM volatile ("sev")
 925:Drivers/CMSIS/Include/cmsis_gcc.h **** 
 926:Drivers/CMSIS/Include/cmsis_gcc.h **** 
 927:Drivers/CMSIS/Include/cmsis_gcc.h **** /**
 928:Drivers/CMSIS/Include/cmsis_gcc.h ****   \brief   Instruction Synchronization Barrier
 929:Drivers/CMSIS/Include/cmsis_gcc.h ****   \details Instruction Synchronization Barrier flushes the pipeline in the processor,
 930:Drivers/CMSIS/Include/cmsis_gcc.h ****            so that all instructions following the ISB are fetched from cache or memory,
 931:Drivers/CMSIS/Include/cmsis_gcc.h ****            after the instruction has been completed.
 932:Drivers/CMSIS/Include/cmsis_gcc.h ****  */
 933:Drivers/CMSIS/Include/cmsis_gcc.h **** __STATIC_FORCEINLINE void __ISB(void)
 934:Drivers/CMSIS/Include/cmsis_gcc.h **** {
 935:Drivers/CMSIS/Include/cmsis_gcc.h ****   __ASM volatile ("isb 0xF":::"memory");
 936:Drivers/CMSIS/Include/cmsis_gcc.h **** }
 937:Drivers/CMSIS/Include/cmsis_gcc.h **** 
 938:Drivers/CMSIS/Include/cmsis_gcc.h **** 
 939:Drivers/CMSIS/Include/cmsis_gcc.h **** /**
 940:Drivers/CMSIS/Include/cmsis_gcc.h ****   \brief   Data Synchronization Barrier
 941:Drivers/CMSIS/Include/cmsis_gcc.h ****   \details Acts as a special kind of Data Memory Barrier.
 942:Drivers/CMSIS/Include/cmsis_gcc.h ****            It completes when all explicit memory accesses before this instruction complete.
 943:Drivers/CMSIS/Include/cmsis_gcc.h ****  */
 944:Drivers/CMSIS/Include/cmsis_gcc.h **** __STATIC_FORCEINLINE void __DSB(void)
 945:Drivers/CMSIS/Include/cmsis_gcc.h **** {
 946:Drivers/CMSIS/Include/cmsis_gcc.h ****   __ASM volatile ("dsb 0xF":::"memory");
 947:Drivers/CMSIS/Include/cmsis_gcc.h **** }
 948:Drivers/CMSIS/Include/cmsis_gcc.h **** 
 949:Drivers/CMSIS/Include/cmsis_gcc.h **** 
 950:Drivers/CMSIS/Include/cmsis_gcc.h **** /**
 951:Drivers/CMSIS/Include/cmsis_gcc.h ****   \brief   Data Memory Barrier
 952:Drivers/CMSIS/Include/cmsis_gcc.h ****   \details Ensures the apparent order of the explicit memory operations before
 953:Drivers/CMSIS/Include/cmsis_gcc.h ****            and after the instruction, without ensuring their completion.
 954:Drivers/CMSIS/Include/cmsis_gcc.h ****  */
 955:Drivers/CMSIS/Include/cmsis_gcc.h **** __STATIC_FORCEINLINE void __DMB(void)
 956:Drivers/CMSIS/Include/cmsis_gcc.h **** {
 957:Drivers/CMSIS/Include/cmsis_gcc.h ****   __ASM volatile ("dmb 0xF":::"memory");
 958:Drivers/CMSIS/Include/cmsis_gcc.h **** }
 959:Drivers/CMSIS/Include/cmsis_gcc.h **** 
 960:Drivers/CMSIS/Include/cmsis_gcc.h **** 
 961:Drivers/CMSIS/Include/cmsis_gcc.h **** /**
 962:Drivers/CMSIS/Include/cmsis_gcc.h ****   \brief   Reverse byte order (32 bit)
 963:Drivers/CMSIS/Include/cmsis_gcc.h ****   \details Reverses the byte order in unsigned integer value. For example, 0x12345678 becomes 0x785
 964:Drivers/CMSIS/Include/cmsis_gcc.h ****   \param [in]    value  Value to reverse
 965:Drivers/CMSIS/Include/cmsis_gcc.h ****   \return               Reversed value
 966:Drivers/CMSIS/Include/cmsis_gcc.h ****  */
 967:Drivers/CMSIS/Include/cmsis_gcc.h **** __STATIC_FORCEINLINE uint32_t __REV(uint32_t value)
 968:Drivers/CMSIS/Include/cmsis_gcc.h **** {
 969:Drivers/CMSIS/Include/cmsis_gcc.h **** #if (__GNUC__ > 4) || (__GNUC__ == 4 && __GNUC_MINOR__ >= 5)
 970:Drivers/CMSIS/Include/cmsis_gcc.h ****   return __builtin_bswap32(value);
 971:Drivers/CMSIS/Include/cmsis_gcc.h **** #else
 972:Drivers/CMSIS/Include/cmsis_gcc.h ****   uint32_t result;
ARM GAS  C:\Users\843E~1\AppData\Local\Temp\ccj6WFWj.s 			page 48


 973:Drivers/CMSIS/Include/cmsis_gcc.h **** 
 974:Drivers/CMSIS/Include/cmsis_gcc.h ****   __ASM volatile ("rev %0, %1" : __CMSIS_GCC_OUT_REG (result) : __CMSIS_GCC_USE_REG (value) );
 975:Drivers/CMSIS/Include/cmsis_gcc.h ****   return result;
 976:Drivers/CMSIS/Include/cmsis_gcc.h **** #endif
 977:Drivers/CMSIS/Include/cmsis_gcc.h **** }
 978:Drivers/CMSIS/Include/cmsis_gcc.h **** 
 979:Drivers/CMSIS/Include/cmsis_gcc.h **** 
 980:Drivers/CMSIS/Include/cmsis_gcc.h **** /**
 981:Drivers/CMSIS/Include/cmsis_gcc.h ****   \brief   Reverse byte order (16 bit)
 982:Drivers/CMSIS/Include/cmsis_gcc.h ****   \details Reverses the byte order within each halfword of a word. For example, 0x12345678 becomes 
 983:Drivers/CMSIS/Include/cmsis_gcc.h ****   \param [in]    value  Value to reverse
 984:Drivers/CMSIS/Include/cmsis_gcc.h ****   \return               Reversed value
 985:Drivers/CMSIS/Include/cmsis_gcc.h ****  */
 986:Drivers/CMSIS/Include/cmsis_gcc.h **** __STATIC_FORCEINLINE uint32_t __REV16(uint32_t value)
 987:Drivers/CMSIS/Include/cmsis_gcc.h **** {
 988:Drivers/CMSIS/Include/cmsis_gcc.h ****   uint32_t result;
 989:Drivers/CMSIS/Include/cmsis_gcc.h **** 
 990:Drivers/CMSIS/Include/cmsis_gcc.h ****   __ASM volatile ("rev16 %0, %1" : __CMSIS_GCC_OUT_REG (result) : __CMSIS_GCC_USE_REG (value) );
 991:Drivers/CMSIS/Include/cmsis_gcc.h ****   return result;
 992:Drivers/CMSIS/Include/cmsis_gcc.h **** }
 993:Drivers/CMSIS/Include/cmsis_gcc.h **** 
 994:Drivers/CMSIS/Include/cmsis_gcc.h **** 
 995:Drivers/CMSIS/Include/cmsis_gcc.h **** /**
 996:Drivers/CMSIS/Include/cmsis_gcc.h ****   \brief   Reverse byte order (16 bit)
 997:Drivers/CMSIS/Include/cmsis_gcc.h ****   \details Reverses the byte order in a 16-bit value and returns the signed 16-bit result. For exam
 998:Drivers/CMSIS/Include/cmsis_gcc.h ****   \param [in]    value  Value to reverse
 999:Drivers/CMSIS/Include/cmsis_gcc.h ****   \return               Reversed value
1000:Drivers/CMSIS/Include/cmsis_gcc.h ****  */
1001:Drivers/CMSIS/Include/cmsis_gcc.h **** __STATIC_FORCEINLINE int16_t __REVSH(int16_t value)
1002:Drivers/CMSIS/Include/cmsis_gcc.h **** {
1003:Drivers/CMSIS/Include/cmsis_gcc.h **** #if (__GNUC__ > 4) || (__GNUC__ == 4 && __GNUC_MINOR__ >= 8)
1004:Drivers/CMSIS/Include/cmsis_gcc.h ****   return (int16_t)__builtin_bswap16(value);
1005:Drivers/CMSIS/Include/cmsis_gcc.h **** #else
1006:Drivers/CMSIS/Include/cmsis_gcc.h ****   int16_t result;
1007:Drivers/CMSIS/Include/cmsis_gcc.h **** 
1008:Drivers/CMSIS/Include/cmsis_gcc.h ****   __ASM volatile ("revsh %0, %1" : __CMSIS_GCC_OUT_REG (result) : __CMSIS_GCC_USE_REG (value) );
1009:Drivers/CMSIS/Include/cmsis_gcc.h ****   return result;
1010:Drivers/CMSIS/Include/cmsis_gcc.h **** #endif
1011:Drivers/CMSIS/Include/cmsis_gcc.h **** }
1012:Drivers/CMSIS/Include/cmsis_gcc.h **** 
1013:Drivers/CMSIS/Include/cmsis_gcc.h **** 
1014:Drivers/CMSIS/Include/cmsis_gcc.h **** /**
1015:Drivers/CMSIS/Include/cmsis_gcc.h ****   \brief   Rotate Right in unsigned value (32 bit)
1016:Drivers/CMSIS/Include/cmsis_gcc.h ****   \details Rotate Right (immediate) provides the value of the contents of a register rotated by a v
1017:Drivers/CMSIS/Include/cmsis_gcc.h ****   \param [in]    op1  Value to rotate
1018:Drivers/CMSIS/Include/cmsis_gcc.h ****   \param [in]    op2  Number of Bits to rotate
1019:Drivers/CMSIS/Include/cmsis_gcc.h ****   \return               Rotated value
1020:Drivers/CMSIS/Include/cmsis_gcc.h ****  */
1021:Drivers/CMSIS/Include/cmsis_gcc.h **** __STATIC_FORCEINLINE uint32_t __ROR(uint32_t op1, uint32_t op2)
1022:Drivers/CMSIS/Include/cmsis_gcc.h **** {
1023:Drivers/CMSIS/Include/cmsis_gcc.h ****   op2 %= 32U;
1024:Drivers/CMSIS/Include/cmsis_gcc.h ****   if (op2 == 0U)
1025:Drivers/CMSIS/Include/cmsis_gcc.h ****   {
1026:Drivers/CMSIS/Include/cmsis_gcc.h ****     return op1;
1027:Drivers/CMSIS/Include/cmsis_gcc.h ****   }
1028:Drivers/CMSIS/Include/cmsis_gcc.h ****   return (op1 >> op2) | (op1 << (32U - op2));
1029:Drivers/CMSIS/Include/cmsis_gcc.h **** }
ARM GAS  C:\Users\843E~1\AppData\Local\Temp\ccj6WFWj.s 			page 49


1030:Drivers/CMSIS/Include/cmsis_gcc.h **** 
1031:Drivers/CMSIS/Include/cmsis_gcc.h **** 
1032:Drivers/CMSIS/Include/cmsis_gcc.h **** /**
1033:Drivers/CMSIS/Include/cmsis_gcc.h ****   \brief   Breakpoint
1034:Drivers/CMSIS/Include/cmsis_gcc.h ****   \details Causes the processor to enter Debug state.
1035:Drivers/CMSIS/Include/cmsis_gcc.h ****            Debug tools can use this to investigate system state when the instruction at a particula
1036:Drivers/CMSIS/Include/cmsis_gcc.h ****   \param [in]    value  is ignored by the processor.
1037:Drivers/CMSIS/Include/cmsis_gcc.h ****                  If required, a debugger can use it to store additional information about the break
1038:Drivers/CMSIS/Include/cmsis_gcc.h ****  */
1039:Drivers/CMSIS/Include/cmsis_gcc.h **** #define __BKPT(value)                       __ASM volatile ("bkpt "#value)
1040:Drivers/CMSIS/Include/cmsis_gcc.h **** 
1041:Drivers/CMSIS/Include/cmsis_gcc.h **** 
1042:Drivers/CMSIS/Include/cmsis_gcc.h **** /**
1043:Drivers/CMSIS/Include/cmsis_gcc.h ****   \brief   Reverse bit order of value
1044:Drivers/CMSIS/Include/cmsis_gcc.h ****   \details Reverses the bit order of the given value.
1045:Drivers/CMSIS/Include/cmsis_gcc.h ****   \param [in]    value  Value to reverse
1046:Drivers/CMSIS/Include/cmsis_gcc.h ****   \return               Reversed value
1047:Drivers/CMSIS/Include/cmsis_gcc.h ****  */
1048:Drivers/CMSIS/Include/cmsis_gcc.h **** __STATIC_FORCEINLINE uint32_t __RBIT(uint32_t value)
 1018              		.loc 2 1048 31 is_stmt 1 view .LVU286
 1019              	.LBB53:
1049:Drivers/CMSIS/Include/cmsis_gcc.h **** {
1050:Drivers/CMSIS/Include/cmsis_gcc.h ****   uint32_t result;
 1020              		.loc 2 1050 3 view .LVU287
1051:Drivers/CMSIS/Include/cmsis_gcc.h **** 
1052:Drivers/CMSIS/Include/cmsis_gcc.h **** #if ((defined (__ARM_ARCH_7M__      ) && (__ARM_ARCH_7M__      == 1)) || \
1053:Drivers/CMSIS/Include/cmsis_gcc.h ****      (defined (__ARM_ARCH_7EM__     ) && (__ARM_ARCH_7EM__     == 1)) || \
1054:Drivers/CMSIS/Include/cmsis_gcc.h ****      (defined (__ARM_ARCH_8M_MAIN__ ) && (__ARM_ARCH_8M_MAIN__ == 1))    )
1055:Drivers/CMSIS/Include/cmsis_gcc.h ****    __ASM volatile ("rbit %0, %1" : "=r" (result) : "r" (value) );
 1021              		.loc 2 1055 4 view .LVU288
 1022 002e 4FF4FE01 		mov	r1, #8323072
 1023              		.syntax unified
 1024              	@ 1055 "Drivers/CMSIS/Include/cmsis_gcc.h" 1
 1025 0032 91FAA1F1 		rbit r1, r1
 1026              	@ 0 "" 2
 1027              	.LVL82:
1056:Drivers/CMSIS/Include/cmsis_gcc.h **** #else
1057:Drivers/CMSIS/Include/cmsis_gcc.h ****   uint32_t s = (4U /*sizeof(v)*/ * 8U) - 1U; /* extra shift needed at end */
1058:Drivers/CMSIS/Include/cmsis_gcc.h **** 
1059:Drivers/CMSIS/Include/cmsis_gcc.h ****   result = value;                      /* r will be reversed bits of v; first get LSB of v */
1060:Drivers/CMSIS/Include/cmsis_gcc.h ****   for (value >>= 1U; value != 0U; value >>= 1U)
1061:Drivers/CMSIS/Include/cmsis_gcc.h ****   {
1062:Drivers/CMSIS/Include/cmsis_gcc.h ****     result <<= 1U;
1063:Drivers/CMSIS/Include/cmsis_gcc.h ****     result |= value & 1U;
1064:Drivers/CMSIS/Include/cmsis_gcc.h ****     s--;
1065:Drivers/CMSIS/Include/cmsis_gcc.h ****   }
1066:Drivers/CMSIS/Include/cmsis_gcc.h ****   result <<= s;                        /* shift when v's highest bits are zero */
1067:Drivers/CMSIS/Include/cmsis_gcc.h **** #endif
1068:Drivers/CMSIS/Include/cmsis_gcc.h ****   return result;
 1028              		.loc 2 1068 3 view .LVU289
 1029              		.loc 2 1068 3 is_stmt 0 view .LVU290
 1030              		.thumb
 1031              		.syntax unified
 1032              	.LBE53:
 1033              	.LBE52:
 1034              	.LBB54:
 1035              	.LBI54:
ARM GAS  C:\Users\843E~1\AppData\Local\Temp\ccj6WFWj.s 			page 50


1069:Drivers/CMSIS/Include/cmsis_gcc.h **** }
1070:Drivers/CMSIS/Include/cmsis_gcc.h **** 
1071:Drivers/CMSIS/Include/cmsis_gcc.h **** 
1072:Drivers/CMSIS/Include/cmsis_gcc.h **** /**
1073:Drivers/CMSIS/Include/cmsis_gcc.h ****   \brief   Count leading zeros
1074:Drivers/CMSIS/Include/cmsis_gcc.h ****   \details Counts the number of leading zeros of a data value.
1075:Drivers/CMSIS/Include/cmsis_gcc.h ****   \param [in]  value  Value to count the leading zeros
1076:Drivers/CMSIS/Include/cmsis_gcc.h ****   \return             number of leading zeros in value
1077:Drivers/CMSIS/Include/cmsis_gcc.h ****  */
1078:Drivers/CMSIS/Include/cmsis_gcc.h **** __STATIC_FORCEINLINE uint8_t __CLZ(uint32_t value)
 1036              		.loc 2 1078 30 is_stmt 1 view .LVU291
 1037              	.LBB55:
1079:Drivers/CMSIS/Include/cmsis_gcc.h **** {
1080:Drivers/CMSIS/Include/cmsis_gcc.h ****   /* Even though __builtin_clz produces a CLZ instruction on ARM, formally
1081:Drivers/CMSIS/Include/cmsis_gcc.h ****      __builtin_clz(0) is undefined behaviour, so handle this case specially.
1082:Drivers/CMSIS/Include/cmsis_gcc.h ****      This guarantees ARM-compatible results if happening to compile on a non-ARM
1083:Drivers/CMSIS/Include/cmsis_gcc.h ****      target, and ensures the compiler doesn't decide to activate any
1084:Drivers/CMSIS/Include/cmsis_gcc.h ****      optimisations using the logic "value was passed to __builtin_clz, so it
1085:Drivers/CMSIS/Include/cmsis_gcc.h ****      is non-zero".
1086:Drivers/CMSIS/Include/cmsis_gcc.h ****      ARM GCC 7.3 and possibly earlier will optimise this test away, leaving a
1087:Drivers/CMSIS/Include/cmsis_gcc.h ****      single CLZ instruction.
1088:Drivers/CMSIS/Include/cmsis_gcc.h ****    */
1089:Drivers/CMSIS/Include/cmsis_gcc.h ****   if (value == 0U)
 1038              		.loc 2 1089 3 view .LVU292
 1039              		.loc 2 1089 6 is_stmt 0 view .LVU293
 1040 0036 0029     		cmp	r1, #0
 1041 0038 31D0     		beq	.L77
1090:Drivers/CMSIS/Include/cmsis_gcc.h ****   {
1091:Drivers/CMSIS/Include/cmsis_gcc.h ****     return 32U;
1092:Drivers/CMSIS/Include/cmsis_gcc.h ****   }
1093:Drivers/CMSIS/Include/cmsis_gcc.h ****   return __builtin_clz(value);
 1042              		.loc 2 1093 3 is_stmt 1 view .LVU294
 1043              		.loc 2 1093 10 is_stmt 0 view .LVU295
 1044 003a B1FA81F1 		clz	r1, r1
 1045              	.LVL83:
 1046              	.L70:
 1047              		.loc 2 1093 10 view .LVU296
 1048              	.LBE55:
 1049              	.LBE54:
 1050              		.loc 1 604 80 view .LVU297
 1051 003e CB40     		lsrs	r3, r3, r1
 1052              		.loc 1 604 31 view .LVU298
 1053 0040 DBB2     		uxtb	r3, r3
 1054              		.loc 1 604 126 view .LVU299
 1055 0042 0133     		adds	r3, r3, #1
 1056 0044 DBB2     		uxtb	r3, r3
 1057              		.loc 1 604 29 view .LVU300
 1058 0046 3A49     		ldr	r1, .L79+12
 1059 0048 0B70     		strb	r3, [r1]
 605:Core/Src/hw_timerserver.c **** 
 606:Core/Src/hw_timerserver.c ****   SynchPrescalerUserConfig = (uint16_t)(READ_BIT(RTC->PRER, RTC_PRER_PREDIV_S)) + 1;
 1060              		.loc 1 606 3 is_stmt 1 view .LVU301
 1061              		.loc 1 606 41 is_stmt 0 view .LVU302
 1062 004a 3749     		ldr	r1, .L79+4
 1063 004c 0969     		ldr	r1, [r1, #16]
 1064              		.loc 1 606 30 view .LVU303
 1065 004e C1F30E01 		ubfx	r1, r1, #0, #15
ARM GAS  C:\Users\843E~1\AppData\Local\Temp\ccj6WFWj.s 			page 51


 1066              		.loc 1 606 81 view .LVU304
 1067 0052 0131     		adds	r1, r1, #1
 1068              		.loc 1 606 28 view .LVU305
 1069 0054 374C     		ldr	r4, .L79+16
 1070 0056 2180     		strh	r1, [r4]	@ movhi
 607:Core/Src/hw_timerserver.c **** 
 608:Core/Src/hw_timerserver.c ****   /**
 609:Core/Src/hw_timerserver.c ****    *  Margin is taken to avoid wrong calculation when the wrap around is there and some
 610:Core/Src/hw_timerserver.c ****    *  application interrupts may have delayed the reading
 611:Core/Src/hw_timerserver.c ****    */
 612:Core/Src/hw_timerserver.c ****   localmaxwakeuptimersetup = ((((SynchPrescalerUserConfig - 1)*AsynchPrescalerUserConfig) - CFG_HW_
 1071              		.loc 1 612 3 is_stmt 1 view .LVU306
 1072              		.loc 1 612 59 is_stmt 0 view .LVU307
 1073 0058 0139     		subs	r1, r1, #1
 1074              		.loc 1 612 63 view .LVU308
 1075 005a 01FB03F3 		mul	r3, r1, r3
 1076              		.loc 1 612 91 view .LVU309
 1077 005e A3F5A073 		sub	r3, r3, #320
 1078              		.loc 1 612 28 view .LVU310
 1079 0062 D340     		lsrs	r3, r3, r2
 1080              	.LVL84:
 613:Core/Src/hw_timerserver.c **** 
 614:Core/Src/hw_timerserver.c ****   if(localmaxwakeuptimersetup >= 0xFFFF)
 1081              		.loc 1 614 3 is_stmt 1 view .LVU311
 1082              		.loc 1 614 5 is_stmt 0 view .LVU312
 1083 0064 4FF6FE72 		movw	r2, #65534
 1084 0068 9342     		cmp	r3, r2
 1085 006a 1AD9     		bls	.L71
 615:Core/Src/hw_timerserver.c ****   {
 616:Core/Src/hw_timerserver.c ****     MaxWakeupTimerSetup = 0xFFFF;
 1086              		.loc 1 616 5 is_stmt 1 view .LVU313
 1087              		.loc 1 616 25 is_stmt 0 view .LVU314
 1088 006c 324B     		ldr	r3, .L79+20
 1089              	.LVL85:
 1090              		.loc 1 616 25 view .LVU315
 1091 006e 4FF6FF72 		movw	r2, #65535
 1092 0072 1A80     		strh	r2, [r3]	@ movhi
 1093              	.L72:
 617:Core/Src/hw_timerserver.c ****   }
 618:Core/Src/hw_timerserver.c ****   else
 619:Core/Src/hw_timerserver.c ****   {
 620:Core/Src/hw_timerserver.c ****     MaxWakeupTimerSetup = (uint16_t)localmaxwakeuptimersetup;
 621:Core/Src/hw_timerserver.c ****   }
 622:Core/Src/hw_timerserver.c **** 
 623:Core/Src/hw_timerserver.c ****   /**
 624:Core/Src/hw_timerserver.c ****    * Configure EXTI module
 625:Core/Src/hw_timerserver.c ****    */
 626:Core/Src/hw_timerserver.c ****   LL_EXTI_EnableRisingTrig_0_31(RTC_EXTI_LINE_WAKEUPTIMER_EVENT);
 1094              		.loc 1 626 3 is_stmt 1 view .LVU316
 1095              	.LVL86:
 1096              	.LBB57:
 1097              	.LBI57:
 1098              		.file 3 "Drivers/STM32WBxx_HAL_Driver/Inc/stm32wbxx_ll_exti.h"
   1:Drivers/STM32WBxx_HAL_Driver/Inc/stm32wbxx_ll_exti.h **** /**
   2:Drivers/STM32WBxx_HAL_Driver/Inc/stm32wbxx_ll_exti.h ****   ******************************************************************************
   3:Drivers/STM32WBxx_HAL_Driver/Inc/stm32wbxx_ll_exti.h ****   * @file    stm32wbxx_ll_exti.h
   4:Drivers/STM32WBxx_HAL_Driver/Inc/stm32wbxx_ll_exti.h ****   * @author  MCD Application Team
ARM GAS  C:\Users\843E~1\AppData\Local\Temp\ccj6WFWj.s 			page 52


   5:Drivers/STM32WBxx_HAL_Driver/Inc/stm32wbxx_ll_exti.h ****   * @brief   Header file of EXTI LL module.
   6:Drivers/STM32WBxx_HAL_Driver/Inc/stm32wbxx_ll_exti.h ****   ******************************************************************************
   7:Drivers/STM32WBxx_HAL_Driver/Inc/stm32wbxx_ll_exti.h ****   * @attention
   8:Drivers/STM32WBxx_HAL_Driver/Inc/stm32wbxx_ll_exti.h ****   *
   9:Drivers/STM32WBxx_HAL_Driver/Inc/stm32wbxx_ll_exti.h ****   * Copyright (c) 2019 STMicroelectronics.
  10:Drivers/STM32WBxx_HAL_Driver/Inc/stm32wbxx_ll_exti.h ****   * All rights reserved.
  11:Drivers/STM32WBxx_HAL_Driver/Inc/stm32wbxx_ll_exti.h ****   *
  12:Drivers/STM32WBxx_HAL_Driver/Inc/stm32wbxx_ll_exti.h ****   * This software is licensed under terms that can be found in the LICENSE file
  13:Drivers/STM32WBxx_HAL_Driver/Inc/stm32wbxx_ll_exti.h ****   * in the root directory of this software component.
  14:Drivers/STM32WBxx_HAL_Driver/Inc/stm32wbxx_ll_exti.h ****   * If no LICENSE file comes with this software, it is provided AS-IS.
  15:Drivers/STM32WBxx_HAL_Driver/Inc/stm32wbxx_ll_exti.h ****   *
  16:Drivers/STM32WBxx_HAL_Driver/Inc/stm32wbxx_ll_exti.h ****   ******************************************************************************
  17:Drivers/STM32WBxx_HAL_Driver/Inc/stm32wbxx_ll_exti.h ****   */
  18:Drivers/STM32WBxx_HAL_Driver/Inc/stm32wbxx_ll_exti.h **** 
  19:Drivers/STM32WBxx_HAL_Driver/Inc/stm32wbxx_ll_exti.h **** /* Define to prevent recursive inclusion -------------------------------------*/
  20:Drivers/STM32WBxx_HAL_Driver/Inc/stm32wbxx_ll_exti.h **** #ifndef STM32WBxx_LL_EXTI_H
  21:Drivers/STM32WBxx_HAL_Driver/Inc/stm32wbxx_ll_exti.h **** #define STM32WBxx_LL_EXTI_H
  22:Drivers/STM32WBxx_HAL_Driver/Inc/stm32wbxx_ll_exti.h **** 
  23:Drivers/STM32WBxx_HAL_Driver/Inc/stm32wbxx_ll_exti.h **** #ifdef __cplusplus
  24:Drivers/STM32WBxx_HAL_Driver/Inc/stm32wbxx_ll_exti.h **** extern "C" {
  25:Drivers/STM32WBxx_HAL_Driver/Inc/stm32wbxx_ll_exti.h **** #endif
  26:Drivers/STM32WBxx_HAL_Driver/Inc/stm32wbxx_ll_exti.h **** 
  27:Drivers/STM32WBxx_HAL_Driver/Inc/stm32wbxx_ll_exti.h **** /* Includes ------------------------------------------------------------------*/
  28:Drivers/STM32WBxx_HAL_Driver/Inc/stm32wbxx_ll_exti.h **** #include "stm32wbxx.h"
  29:Drivers/STM32WBxx_HAL_Driver/Inc/stm32wbxx_ll_exti.h **** 
  30:Drivers/STM32WBxx_HAL_Driver/Inc/stm32wbxx_ll_exti.h **** /** @addtogroup STM32WBxx_LL_Driver
  31:Drivers/STM32WBxx_HAL_Driver/Inc/stm32wbxx_ll_exti.h ****   * @{
  32:Drivers/STM32WBxx_HAL_Driver/Inc/stm32wbxx_ll_exti.h ****   */
  33:Drivers/STM32WBxx_HAL_Driver/Inc/stm32wbxx_ll_exti.h **** 
  34:Drivers/STM32WBxx_HAL_Driver/Inc/stm32wbxx_ll_exti.h **** #if defined (EXTI)
  35:Drivers/STM32WBxx_HAL_Driver/Inc/stm32wbxx_ll_exti.h **** 
  36:Drivers/STM32WBxx_HAL_Driver/Inc/stm32wbxx_ll_exti.h **** /** @defgroup EXTI_LL EXTI
  37:Drivers/STM32WBxx_HAL_Driver/Inc/stm32wbxx_ll_exti.h ****   * @{
  38:Drivers/STM32WBxx_HAL_Driver/Inc/stm32wbxx_ll_exti.h ****   */
  39:Drivers/STM32WBxx_HAL_Driver/Inc/stm32wbxx_ll_exti.h **** 
  40:Drivers/STM32WBxx_HAL_Driver/Inc/stm32wbxx_ll_exti.h **** /* Private types -------------------------------------------------------------*/
  41:Drivers/STM32WBxx_HAL_Driver/Inc/stm32wbxx_ll_exti.h **** /* Private variables ---------------------------------------------------------*/
  42:Drivers/STM32WBxx_HAL_Driver/Inc/stm32wbxx_ll_exti.h **** /* Private constants ---------------------------------------------------------*/
  43:Drivers/STM32WBxx_HAL_Driver/Inc/stm32wbxx_ll_exti.h **** /* Private Macros ------------------------------------------------------------*/
  44:Drivers/STM32WBxx_HAL_Driver/Inc/stm32wbxx_ll_exti.h **** #if defined(USE_FULL_LL_DRIVER)
  45:Drivers/STM32WBxx_HAL_Driver/Inc/stm32wbxx_ll_exti.h **** /** @defgroup EXTI_LL_Private_Macros EXTI Private Macros
  46:Drivers/STM32WBxx_HAL_Driver/Inc/stm32wbxx_ll_exti.h ****   * @{
  47:Drivers/STM32WBxx_HAL_Driver/Inc/stm32wbxx_ll_exti.h ****   */
  48:Drivers/STM32WBxx_HAL_Driver/Inc/stm32wbxx_ll_exti.h **** /**
  49:Drivers/STM32WBxx_HAL_Driver/Inc/stm32wbxx_ll_exti.h ****   * @}
  50:Drivers/STM32WBxx_HAL_Driver/Inc/stm32wbxx_ll_exti.h ****   */
  51:Drivers/STM32WBxx_HAL_Driver/Inc/stm32wbxx_ll_exti.h **** #endif /*USE_FULL_LL_DRIVER*/
  52:Drivers/STM32WBxx_HAL_Driver/Inc/stm32wbxx_ll_exti.h **** /* Exported types ------------------------------------------------------------*/
  53:Drivers/STM32WBxx_HAL_Driver/Inc/stm32wbxx_ll_exti.h **** #if defined(USE_FULL_LL_DRIVER)
  54:Drivers/STM32WBxx_HAL_Driver/Inc/stm32wbxx_ll_exti.h **** /** @defgroup EXTI_LL_ES_INIT EXTI Exported Init structure
  55:Drivers/STM32WBxx_HAL_Driver/Inc/stm32wbxx_ll_exti.h ****   * @{
  56:Drivers/STM32WBxx_HAL_Driver/Inc/stm32wbxx_ll_exti.h ****   */
  57:Drivers/STM32WBxx_HAL_Driver/Inc/stm32wbxx_ll_exti.h **** typedef struct
  58:Drivers/STM32WBxx_HAL_Driver/Inc/stm32wbxx_ll_exti.h **** {
  59:Drivers/STM32WBxx_HAL_Driver/Inc/stm32wbxx_ll_exti.h **** 
  60:Drivers/STM32WBxx_HAL_Driver/Inc/stm32wbxx_ll_exti.h ****   uint32_t Line_0_31;           /*!< Specifies the EXTI lines to be enabled or disabled for Lines i
  61:Drivers/STM32WBxx_HAL_Driver/Inc/stm32wbxx_ll_exti.h ****                                      This parameter can be any combination of @ref EXTI_LL_EC_LINE 
ARM GAS  C:\Users\843E~1\AppData\Local\Temp\ccj6WFWj.s 			page 53


  62:Drivers/STM32WBxx_HAL_Driver/Inc/stm32wbxx_ll_exti.h **** 
  63:Drivers/STM32WBxx_HAL_Driver/Inc/stm32wbxx_ll_exti.h ****   uint32_t Line_32_63;          /*!< Specifies the EXTI lines to be enabled or disabled for Lines i
  64:Drivers/STM32WBxx_HAL_Driver/Inc/stm32wbxx_ll_exti.h ****                                      This parameter can be any combination of @ref EXTI_LL_EC_LINE 
  65:Drivers/STM32WBxx_HAL_Driver/Inc/stm32wbxx_ll_exti.h **** 
  66:Drivers/STM32WBxx_HAL_Driver/Inc/stm32wbxx_ll_exti.h ****   FunctionalState LineCommand;  /*!< Specifies the new state of the selected EXTI lines.
  67:Drivers/STM32WBxx_HAL_Driver/Inc/stm32wbxx_ll_exti.h ****                                      This parameter can be set either to ENABLE or DISABLE */
  68:Drivers/STM32WBxx_HAL_Driver/Inc/stm32wbxx_ll_exti.h **** 
  69:Drivers/STM32WBxx_HAL_Driver/Inc/stm32wbxx_ll_exti.h ****   uint8_t Mode;                 /*!< Specifies the mode for the EXTI lines.
  70:Drivers/STM32WBxx_HAL_Driver/Inc/stm32wbxx_ll_exti.h ****                                      This parameter can be a value of @ref EXTI_LL_EC_MODE. */
  71:Drivers/STM32WBxx_HAL_Driver/Inc/stm32wbxx_ll_exti.h **** 
  72:Drivers/STM32WBxx_HAL_Driver/Inc/stm32wbxx_ll_exti.h ****   uint8_t Trigger;              /*!< Specifies the trigger signal active edge for the EXTI lines.
  73:Drivers/STM32WBxx_HAL_Driver/Inc/stm32wbxx_ll_exti.h ****                                      This parameter can be a value of @ref EXTI_LL_EC_TRIGGER. */
  74:Drivers/STM32WBxx_HAL_Driver/Inc/stm32wbxx_ll_exti.h **** } LL_EXTI_InitTypeDef;
  75:Drivers/STM32WBxx_HAL_Driver/Inc/stm32wbxx_ll_exti.h **** 
  76:Drivers/STM32WBxx_HAL_Driver/Inc/stm32wbxx_ll_exti.h **** /**
  77:Drivers/STM32WBxx_HAL_Driver/Inc/stm32wbxx_ll_exti.h ****   * @}
  78:Drivers/STM32WBxx_HAL_Driver/Inc/stm32wbxx_ll_exti.h ****   */
  79:Drivers/STM32WBxx_HAL_Driver/Inc/stm32wbxx_ll_exti.h **** #endif /*USE_FULL_LL_DRIVER*/
  80:Drivers/STM32WBxx_HAL_Driver/Inc/stm32wbxx_ll_exti.h **** 
  81:Drivers/STM32WBxx_HAL_Driver/Inc/stm32wbxx_ll_exti.h **** /* Exported constants --------------------------------------------------------*/
  82:Drivers/STM32WBxx_HAL_Driver/Inc/stm32wbxx_ll_exti.h **** /** @defgroup EXTI_LL_Exported_Constants EXTI Exported Constants
  83:Drivers/STM32WBxx_HAL_Driver/Inc/stm32wbxx_ll_exti.h ****   * @{
  84:Drivers/STM32WBxx_HAL_Driver/Inc/stm32wbxx_ll_exti.h ****   */
  85:Drivers/STM32WBxx_HAL_Driver/Inc/stm32wbxx_ll_exti.h **** 
  86:Drivers/STM32WBxx_HAL_Driver/Inc/stm32wbxx_ll_exti.h **** /** @defgroup EXTI_LL_EC_LINE LINE
  87:Drivers/STM32WBxx_HAL_Driver/Inc/stm32wbxx_ll_exti.h ****   * @{
  88:Drivers/STM32WBxx_HAL_Driver/Inc/stm32wbxx_ll_exti.h ****   */
  89:Drivers/STM32WBxx_HAL_Driver/Inc/stm32wbxx_ll_exti.h **** #define LL_EXTI_LINE_0                 EXTI_IMR1_IM0           /*!< Extended line 0 */
  90:Drivers/STM32WBxx_HAL_Driver/Inc/stm32wbxx_ll_exti.h **** #define LL_EXTI_LINE_1                 EXTI_IMR1_IM1           /*!< Extended line 1 */
  91:Drivers/STM32WBxx_HAL_Driver/Inc/stm32wbxx_ll_exti.h **** #define LL_EXTI_LINE_2                 EXTI_IMR1_IM2           /*!< Extended line 2 */
  92:Drivers/STM32WBxx_HAL_Driver/Inc/stm32wbxx_ll_exti.h **** #define LL_EXTI_LINE_3                 EXTI_IMR1_IM3           /*!< Extended line 3 */
  93:Drivers/STM32WBxx_HAL_Driver/Inc/stm32wbxx_ll_exti.h **** #define LL_EXTI_LINE_4                 EXTI_IMR1_IM4           /*!< Extended line 4 */
  94:Drivers/STM32WBxx_HAL_Driver/Inc/stm32wbxx_ll_exti.h **** #define LL_EXTI_LINE_5                 EXTI_IMR1_IM5           /*!< Extended line 5 */
  95:Drivers/STM32WBxx_HAL_Driver/Inc/stm32wbxx_ll_exti.h **** #define LL_EXTI_LINE_6                 EXTI_IMR1_IM6           /*!< Extended line 6 */
  96:Drivers/STM32WBxx_HAL_Driver/Inc/stm32wbxx_ll_exti.h **** #define LL_EXTI_LINE_7                 EXTI_IMR1_IM7           /*!< Extended line 7 */
  97:Drivers/STM32WBxx_HAL_Driver/Inc/stm32wbxx_ll_exti.h **** #define LL_EXTI_LINE_8                 EXTI_IMR1_IM8           /*!< Extended line 8 */
  98:Drivers/STM32WBxx_HAL_Driver/Inc/stm32wbxx_ll_exti.h **** #define LL_EXTI_LINE_9                 EXTI_IMR1_IM9           /*!< Extended line 9 */
  99:Drivers/STM32WBxx_HAL_Driver/Inc/stm32wbxx_ll_exti.h **** #define LL_EXTI_LINE_10                EXTI_IMR1_IM10          /*!< Extended line 10 */
 100:Drivers/STM32WBxx_HAL_Driver/Inc/stm32wbxx_ll_exti.h **** #define LL_EXTI_LINE_11                EXTI_IMR1_IM11          /*!< Extended line 11 */
 101:Drivers/STM32WBxx_HAL_Driver/Inc/stm32wbxx_ll_exti.h **** #define LL_EXTI_LINE_12                EXTI_IMR1_IM12          /*!< Extended line 12 */
 102:Drivers/STM32WBxx_HAL_Driver/Inc/stm32wbxx_ll_exti.h **** #define LL_EXTI_LINE_13                EXTI_IMR1_IM13          /*!< Extended line 13 */
 103:Drivers/STM32WBxx_HAL_Driver/Inc/stm32wbxx_ll_exti.h **** #define LL_EXTI_LINE_14                EXTI_IMR1_IM14          /*!< Extended line 14 */
 104:Drivers/STM32WBxx_HAL_Driver/Inc/stm32wbxx_ll_exti.h **** #define LL_EXTI_LINE_15                EXTI_IMR1_IM15          /*!< Extended line 15 */
 105:Drivers/STM32WBxx_HAL_Driver/Inc/stm32wbxx_ll_exti.h **** #define LL_EXTI_LINE_16                EXTI_IMR1_IM16          /*!< Extended line 16 */
 106:Drivers/STM32WBxx_HAL_Driver/Inc/stm32wbxx_ll_exti.h **** #define LL_EXTI_LINE_17                EXTI_IMR1_IM17          /*!< Extended line 17 */
 107:Drivers/STM32WBxx_HAL_Driver/Inc/stm32wbxx_ll_exti.h **** #define LL_EXTI_LINE_18                EXTI_IMR1_IM18          /*!< Extended line 18 */
 108:Drivers/STM32WBxx_HAL_Driver/Inc/stm32wbxx_ll_exti.h **** #define LL_EXTI_LINE_19                EXTI_IMR1_IM19          /*!< Extended line 19 */
 109:Drivers/STM32WBxx_HAL_Driver/Inc/stm32wbxx_ll_exti.h **** #if defined (STM32WB55xx) || defined (STM32WB5Mxx) || defined (STM32WB35xx) || defined (STM32WB15xx
 110:Drivers/STM32WBxx_HAL_Driver/Inc/stm32wbxx_ll_exti.h **** #define LL_EXTI_LINE_20                EXTI_IMR1_IM20          /*!< Extended line 20 */
 111:Drivers/STM32WBxx_HAL_Driver/Inc/stm32wbxx_ll_exti.h **** #endif /* STM32WB55xx || STM32WB5Mxx || ... */
 112:Drivers/STM32WBxx_HAL_Driver/Inc/stm32wbxx_ll_exti.h **** #if defined (STM32WB55xx) || defined (STM32WB5Mxx) || defined (STM32WB35xx)
 113:Drivers/STM32WBxx_HAL_Driver/Inc/stm32wbxx_ll_exti.h **** #define LL_EXTI_LINE_21                EXTI_IMR1_IM21          /*!< Extended line 21 */
 114:Drivers/STM32WBxx_HAL_Driver/Inc/stm32wbxx_ll_exti.h **** #endif /* STM32WB55xx || STM32WB5Mxx || STM32WB35xx */
 115:Drivers/STM32WBxx_HAL_Driver/Inc/stm32wbxx_ll_exti.h **** #define LL_EXTI_LINE_22                EXTI_IMR1_IM22          /*!< Extended line 22 */
 116:Drivers/STM32WBxx_HAL_Driver/Inc/stm32wbxx_ll_exti.h **** #if defined (STM32WB55xx) || defined (STM32WB5Mxx) || defined (STM32WB35xx)
 117:Drivers/STM32WBxx_HAL_Driver/Inc/stm32wbxx_ll_exti.h **** #define LL_EXTI_LINE_23                EXTI_IMR1_IM23          /*!< Extended line 23 */
 118:Drivers/STM32WBxx_HAL_Driver/Inc/stm32wbxx_ll_exti.h **** #endif /* STM32WB55xx || STM32WB5Mxx || STM32WB35xx */
ARM GAS  C:\Users\843E~1\AppData\Local\Temp\ccj6WFWj.s 			page 54


 119:Drivers/STM32WBxx_HAL_Driver/Inc/stm32wbxx_ll_exti.h **** #define LL_EXTI_LINE_24                EXTI_IMR1_IM24          /*!< Extended line 24 */
 120:Drivers/STM32WBxx_HAL_Driver/Inc/stm32wbxx_ll_exti.h **** #if defined (STM32WB55xx) || defined (STM32WB5Mxx) || defined (STM32WB35xx) || defined (STM32WB15xx
 121:Drivers/STM32WBxx_HAL_Driver/Inc/stm32wbxx_ll_exti.h **** #define LL_EXTI_LINE_25                EXTI_IMR1_IM25          /*!< Extended line 25 */
 122:Drivers/STM32WBxx_HAL_Driver/Inc/stm32wbxx_ll_exti.h **** #endif /* STM32WB55xx || STM32WB5Mxx || ... */
 123:Drivers/STM32WBxx_HAL_Driver/Inc/stm32wbxx_ll_exti.h **** #if defined (STM32WB55xx) || defined (STM32WB5Mxx) || defined (STM32WB35xx)
 124:Drivers/STM32WBxx_HAL_Driver/Inc/stm32wbxx_ll_exti.h **** #define LL_EXTI_LINE_28                EXTI_IMR1_IM28          /*!< Extended line 28 */
 125:Drivers/STM32WBxx_HAL_Driver/Inc/stm32wbxx_ll_exti.h **** #endif /* STM32WB55xx || STM32WB5Mxx || STM32WB35xx */
 126:Drivers/STM32WBxx_HAL_Driver/Inc/stm32wbxx_ll_exti.h **** #define LL_EXTI_LINE_29                EXTI_IMR1_IM29          /*!< Extended line 29 */
 127:Drivers/STM32WBxx_HAL_Driver/Inc/stm32wbxx_ll_exti.h **** #define LL_EXTI_LINE_30                EXTI_IMR1_IM30          /*!< Extended line 30 */
 128:Drivers/STM32WBxx_HAL_Driver/Inc/stm32wbxx_ll_exti.h **** #if defined (STM32WB55xx) || defined (STM32WB5Mxx) || defined (STM32WB35xx) || defined (STM32WB15xx
 129:Drivers/STM32WBxx_HAL_Driver/Inc/stm32wbxx_ll_exti.h **** #define LL_EXTI_LINE_31                EXTI_IMR1_IM31          /*!< Extended line 31 */
 130:Drivers/STM32WBxx_HAL_Driver/Inc/stm32wbxx_ll_exti.h **** #endif /* STM32WB55xx || STM32WB5Mxx || ... */
 131:Drivers/STM32WBxx_HAL_Driver/Inc/stm32wbxx_ll_exti.h **** 
 132:Drivers/STM32WBxx_HAL_Driver/Inc/stm32wbxx_ll_exti.h **** #if defined (STM32WB55xx) || defined (STM32WB5Mxx) || defined (STM32WB35xx)
 133:Drivers/STM32WBxx_HAL_Driver/Inc/stm32wbxx_ll_exti.h **** #define LL_EXTI_LINE_ALL_0_31          (LL_EXTI_LINE_0 | LL_EXTI_LINE_1 | LL_EXTI_LINE_2 | \
 134:Drivers/STM32WBxx_HAL_Driver/Inc/stm32wbxx_ll_exti.h ****                                         LL_EXTI_LINE_3 | LL_EXTI_LINE_4 | LL_EXTI_LINE_5 | \
 135:Drivers/STM32WBxx_HAL_Driver/Inc/stm32wbxx_ll_exti.h ****                                         LL_EXTI_LINE_6 | LL_EXTI_LINE_7 | LL_EXTI_LINE_8 | \
 136:Drivers/STM32WBxx_HAL_Driver/Inc/stm32wbxx_ll_exti.h ****                                         LL_EXTI_LINE_9 | LL_EXTI_LINE_10 | LL_EXTI_LINE_11 | \
 137:Drivers/STM32WBxx_HAL_Driver/Inc/stm32wbxx_ll_exti.h ****                                         LL_EXTI_LINE_12 | LL_EXTI_LINE_13 | LL_EXTI_LINE_14 | \
 138:Drivers/STM32WBxx_HAL_Driver/Inc/stm32wbxx_ll_exti.h ****                                         LL_EXTI_LINE_15 | LL_EXTI_LINE_16 | LL_EXTI_LINE_17 | \
 139:Drivers/STM32WBxx_HAL_Driver/Inc/stm32wbxx_ll_exti.h ****                                         LL_EXTI_LINE_18 | LL_EXTI_LINE_19 | LL_EXTI_LINE_20 | \
 140:Drivers/STM32WBxx_HAL_Driver/Inc/stm32wbxx_ll_exti.h ****                                         LL_EXTI_LINE_21 | LL_EXTI_LINE_22 | LL_EXTI_LINE_23 | \
 141:Drivers/STM32WBxx_HAL_Driver/Inc/stm32wbxx_ll_exti.h ****                                         LL_EXTI_LINE_24 | LL_EXTI_LINE_25 | LL_EXTI_LINE_28 | \
 142:Drivers/STM32WBxx_HAL_Driver/Inc/stm32wbxx_ll_exti.h ****                                         LL_EXTI_LINE_29 | LL_EXTI_LINE_30 | LL_EXTI_LINE_31) /*!< A
 143:Drivers/STM32WBxx_HAL_Driver/Inc/stm32wbxx_ll_exti.h **** #elif defined (STM32WB15xx) || defined(STM32WB1Mxx)
 144:Drivers/STM32WBxx_HAL_Driver/Inc/stm32wbxx_ll_exti.h **** #define LL_EXTI_LINE_ALL_0_31          (LL_EXTI_LINE_0 | LL_EXTI_LINE_1 | LL_EXTI_LINE_2 | \
 145:Drivers/STM32WBxx_HAL_Driver/Inc/stm32wbxx_ll_exti.h ****                                         LL_EXTI_LINE_3 | LL_EXTI_LINE_4 | LL_EXTI_LINE_5 | \
 146:Drivers/STM32WBxx_HAL_Driver/Inc/stm32wbxx_ll_exti.h ****                                         LL_EXTI_LINE_6 | LL_EXTI_LINE_7 | LL_EXTI_LINE_8 | \
 147:Drivers/STM32WBxx_HAL_Driver/Inc/stm32wbxx_ll_exti.h ****                                         LL_EXTI_LINE_9 | LL_EXTI_LINE_10 | LL_EXTI_LINE_11 | \
 148:Drivers/STM32WBxx_HAL_Driver/Inc/stm32wbxx_ll_exti.h ****                                         LL_EXTI_LINE_12 | LL_EXTI_LINE_13 | LL_EXTI_LINE_14 | \
 149:Drivers/STM32WBxx_HAL_Driver/Inc/stm32wbxx_ll_exti.h ****                                         LL_EXTI_LINE_15 | LL_EXTI_LINE_16 | LL_EXTI_LINE_17 | \
 150:Drivers/STM32WBxx_HAL_Driver/Inc/stm32wbxx_ll_exti.h ****                                         LL_EXTI_LINE_18 | LL_EXTI_LINE_19 | LL_EXTI_LINE_20 | \
 151:Drivers/STM32WBxx_HAL_Driver/Inc/stm32wbxx_ll_exti.h ****                                         LL_EXTI_LINE_22 | LL_EXTI_LINE_24 | LL_EXTI_LINE_25 | \
 152:Drivers/STM32WBxx_HAL_Driver/Inc/stm32wbxx_ll_exti.h ****                                         LL_EXTI_LINE_29 | LL_EXTI_LINE_30 | LL_EXTI_LINE_31) /*!< A
 153:Drivers/STM32WBxx_HAL_Driver/Inc/stm32wbxx_ll_exti.h **** #else
 154:Drivers/STM32WBxx_HAL_Driver/Inc/stm32wbxx_ll_exti.h **** #define LL_EXTI_LINE_ALL_0_31          (LL_EXTI_LINE_0 | LL_EXTI_LINE_1 | LL_EXTI_LINE_2 | \
 155:Drivers/STM32WBxx_HAL_Driver/Inc/stm32wbxx_ll_exti.h ****                                         LL_EXTI_LINE_3 | LL_EXTI_LINE_4 | LL_EXTI_LINE_5 | \
 156:Drivers/STM32WBxx_HAL_Driver/Inc/stm32wbxx_ll_exti.h ****                                         LL_EXTI_LINE_6 | LL_EXTI_LINE_7 | LL_EXTI_LINE_8 | \
 157:Drivers/STM32WBxx_HAL_Driver/Inc/stm32wbxx_ll_exti.h ****                                         LL_EXTI_LINE_9 | LL_EXTI_LINE_10 | LL_EXTI_LINE_11 | \
 158:Drivers/STM32WBxx_HAL_Driver/Inc/stm32wbxx_ll_exti.h ****                                         LL_EXTI_LINE_12 | LL_EXTI_LINE_13 | LL_EXTI_LINE_14 | \
 159:Drivers/STM32WBxx_HAL_Driver/Inc/stm32wbxx_ll_exti.h ****                                         LL_EXTI_LINE_15 | LL_EXTI_LINE_16 | LL_EXTI_LINE_17 | \
 160:Drivers/STM32WBxx_HAL_Driver/Inc/stm32wbxx_ll_exti.h ****                                         LL_EXTI_LINE_18 | LL_EXTI_LINE_19 | LL_EXTI_LINE_22 | \
 161:Drivers/STM32WBxx_HAL_Driver/Inc/stm32wbxx_ll_exti.h ****                                         LL_EXTI_LINE_24 | LL_EXTI_LINE_29 | LL_EXTI_LINE_30) /*!< A
 162:Drivers/STM32WBxx_HAL_Driver/Inc/stm32wbxx_ll_exti.h **** #endif /* STM32WB55xx || STM32WB5Mxx || STM32WB35xx */
 163:Drivers/STM32WBxx_HAL_Driver/Inc/stm32wbxx_ll_exti.h **** 
 164:Drivers/STM32WBxx_HAL_Driver/Inc/stm32wbxx_ll_exti.h **** #define LL_EXTI_LINE_33                EXTI_IMR2_IM33          /*!< Extended line 33 */
 165:Drivers/STM32WBxx_HAL_Driver/Inc/stm32wbxx_ll_exti.h **** #define LL_EXTI_LINE_36                EXTI_IMR2_IM36          /*!< Extended line 36 */
 166:Drivers/STM32WBxx_HAL_Driver/Inc/stm32wbxx_ll_exti.h **** #define LL_EXTI_LINE_37                EXTI_IMR2_IM37          /*!< Extended line 37 */
 167:Drivers/STM32WBxx_HAL_Driver/Inc/stm32wbxx_ll_exti.h **** #define LL_EXTI_LINE_38                EXTI_IMR2_IM38          /*!< Extended line 38 */
 168:Drivers/STM32WBxx_HAL_Driver/Inc/stm32wbxx_ll_exti.h **** #define LL_EXTI_LINE_39                EXTI_IMR2_IM39          /*!< Extended line 39 */
 169:Drivers/STM32WBxx_HAL_Driver/Inc/stm32wbxx_ll_exti.h **** #define LL_EXTI_LINE_40                EXTI_IMR2_IM40          /*!< Extended line 40 */
 170:Drivers/STM32WBxx_HAL_Driver/Inc/stm32wbxx_ll_exti.h **** #define LL_EXTI_LINE_41                EXTI_IMR2_IM41          /*!< Extended line 41 */
 171:Drivers/STM32WBxx_HAL_Driver/Inc/stm32wbxx_ll_exti.h **** #define LL_EXTI_LINE_42                EXTI_IMR2_IM42          /*!< Extended line 42 */
 172:Drivers/STM32WBxx_HAL_Driver/Inc/stm32wbxx_ll_exti.h **** #if defined (STM32WB55xx) || defined (STM32WB5Mxx)
 173:Drivers/STM32WBxx_HAL_Driver/Inc/stm32wbxx_ll_exti.h **** #define LL_EXTI_LINE_43                EXTI_IMR2_IM43          /*!< Extended line 43 */
 174:Drivers/STM32WBxx_HAL_Driver/Inc/stm32wbxx_ll_exti.h **** #endif /* STM32WB55xx || STM32WB5Mxx */
 175:Drivers/STM32WBxx_HAL_Driver/Inc/stm32wbxx_ll_exti.h **** #define LL_EXTI_LINE_44                EXTI_IMR2_IM44          /*!< Extended line 44 */
ARM GAS  C:\Users\843E~1\AppData\Local\Temp\ccj6WFWj.s 			page 55


 176:Drivers/STM32WBxx_HAL_Driver/Inc/stm32wbxx_ll_exti.h **** #define LL_EXTI_LINE_45                EXTI_IMR2_IM45          /*!< Extended line 45 */
 177:Drivers/STM32WBxx_HAL_Driver/Inc/stm32wbxx_ll_exti.h **** #if defined (STM32WB55xx) || defined (STM32WB5Mxx) || defined (STM32WB50xx) || defined (STM32WB35xx
 178:Drivers/STM32WBxx_HAL_Driver/Inc/stm32wbxx_ll_exti.h **** #define LL_EXTI_LINE_46                EXTI_IMR2_IM46          /*!< Extended line 46 */
 179:Drivers/STM32WBxx_HAL_Driver/Inc/stm32wbxx_ll_exti.h **** #endif /* STM32WB55xx || STM32WB5Mxx || ... */
 180:Drivers/STM32WBxx_HAL_Driver/Inc/stm32wbxx_ll_exti.h **** #define LL_EXTI_LINE_48                EXTI_IMR2_IM48          /*!< Extended line 48 */
 181:Drivers/STM32WBxx_HAL_Driver/Inc/stm32wbxx_ll_exti.h **** 
 182:Drivers/STM32WBxx_HAL_Driver/Inc/stm32wbxx_ll_exti.h **** #if defined (STM32WB55xx) || defined (STM32WB5Mxx)
 183:Drivers/STM32WBxx_HAL_Driver/Inc/stm32wbxx_ll_exti.h **** #define LL_EXTI_LINE_ALL_32_63         (LL_EXTI_LINE_33 | LL_EXTI_LINE_36 | LL_EXTI_LINE_37 | \
 184:Drivers/STM32WBxx_HAL_Driver/Inc/stm32wbxx_ll_exti.h ****                                         LL_EXTI_LINE_38 | LL_EXTI_LINE_39 | LL_EXTI_LINE_40 | \
 185:Drivers/STM32WBxx_HAL_Driver/Inc/stm32wbxx_ll_exti.h ****                                         LL_EXTI_LINE_41 | LL_EXTI_LINE_42 | LL_EXTI_LINE_43 | \
 186:Drivers/STM32WBxx_HAL_Driver/Inc/stm32wbxx_ll_exti.h ****                                         LL_EXTI_LINE_44 | LL_EXTI_LINE_45 | LL_EXTI_LINE_46 | \
 187:Drivers/STM32WBxx_HAL_Driver/Inc/stm32wbxx_ll_exti.h ****                                         LL_EXTI_LINE_48)                    /*!< All Extended line 
 188:Drivers/STM32WBxx_HAL_Driver/Inc/stm32wbxx_ll_exti.h **** #elif defined (STM32WB50xx) || defined (STM32WB35xx) || defined (STM32WB30xx)
 189:Drivers/STM32WBxx_HAL_Driver/Inc/stm32wbxx_ll_exti.h **** #define LL_EXTI_LINE_ALL_32_63         (LL_EXTI_LINE_33 | LL_EXTI_LINE_36 | LL_EXTI_LINE_37 | \
 190:Drivers/STM32WBxx_HAL_Driver/Inc/stm32wbxx_ll_exti.h ****                                         LL_EXTI_LINE_38 | LL_EXTI_LINE_39 | LL_EXTI_LINE_40 | \
 191:Drivers/STM32WBxx_HAL_Driver/Inc/stm32wbxx_ll_exti.h ****                                         LL_EXTI_LINE_41 | LL_EXTI_LINE_42 | LL_EXTI_LINE_44 | \
 192:Drivers/STM32WBxx_HAL_Driver/Inc/stm32wbxx_ll_exti.h ****                                         LL_EXTI_LINE_45 | LL_EXTI_LINE_46 | LL_EXTI_LINE_48)  /*!< 
 193:Drivers/STM32WBxx_HAL_Driver/Inc/stm32wbxx_ll_exti.h **** #else
 194:Drivers/STM32WBxx_HAL_Driver/Inc/stm32wbxx_ll_exti.h **** #define LL_EXTI_LINE_ALL_32_63         (LL_EXTI_LINE_33 | LL_EXTI_LINE_36 | LL_EXTI_LINE_37 | \
 195:Drivers/STM32WBxx_HAL_Driver/Inc/stm32wbxx_ll_exti.h ****                                         LL_EXTI_LINE_38 | LL_EXTI_LINE_39 | LL_EXTI_LINE_40 | \
 196:Drivers/STM32WBxx_HAL_Driver/Inc/stm32wbxx_ll_exti.h ****                                         LL_EXTI_LINE_41 | LL_EXTI_LINE_42 | LL_EXTI_LINE_44 | \
 197:Drivers/STM32WBxx_HAL_Driver/Inc/stm32wbxx_ll_exti.h ****                                         LL_EXTI_LINE_45 | LL_EXTI_LINE_48)  /*!< All Extended line 
 198:Drivers/STM32WBxx_HAL_Driver/Inc/stm32wbxx_ll_exti.h **** #endif /* STM32WB55xx || STM32WB5Mxx */
 199:Drivers/STM32WBxx_HAL_Driver/Inc/stm32wbxx_ll_exti.h **** 
 200:Drivers/STM32WBxx_HAL_Driver/Inc/stm32wbxx_ll_exti.h **** 
 201:Drivers/STM32WBxx_HAL_Driver/Inc/stm32wbxx_ll_exti.h **** #define LL_EXTI_LINE_ALL               (0xFFFFFFFFU)  /*!< All Extended line */
 202:Drivers/STM32WBxx_HAL_Driver/Inc/stm32wbxx_ll_exti.h **** 
 203:Drivers/STM32WBxx_HAL_Driver/Inc/stm32wbxx_ll_exti.h **** #if defined(USE_FULL_LL_DRIVER)
 204:Drivers/STM32WBxx_HAL_Driver/Inc/stm32wbxx_ll_exti.h **** #define LL_EXTI_LINE_NONE              (0x00000000U)  /*!< None Extended line */
 205:Drivers/STM32WBxx_HAL_Driver/Inc/stm32wbxx_ll_exti.h **** #endif /*USE_FULL_LL_DRIVER*/
 206:Drivers/STM32WBxx_HAL_Driver/Inc/stm32wbxx_ll_exti.h **** 
 207:Drivers/STM32WBxx_HAL_Driver/Inc/stm32wbxx_ll_exti.h **** /**
 208:Drivers/STM32WBxx_HAL_Driver/Inc/stm32wbxx_ll_exti.h ****   * @}
 209:Drivers/STM32WBxx_HAL_Driver/Inc/stm32wbxx_ll_exti.h ****   */
 210:Drivers/STM32WBxx_HAL_Driver/Inc/stm32wbxx_ll_exti.h **** #if defined(USE_FULL_LL_DRIVER)
 211:Drivers/STM32WBxx_HAL_Driver/Inc/stm32wbxx_ll_exti.h **** 
 212:Drivers/STM32WBxx_HAL_Driver/Inc/stm32wbxx_ll_exti.h **** /** @defgroup EXTI_LL_EC_MODE Mode
 213:Drivers/STM32WBxx_HAL_Driver/Inc/stm32wbxx_ll_exti.h ****   * @{
 214:Drivers/STM32WBxx_HAL_Driver/Inc/stm32wbxx_ll_exti.h ****   */
 215:Drivers/STM32WBxx_HAL_Driver/Inc/stm32wbxx_ll_exti.h **** #define LL_EXTI_MODE_IT                 ((uint8_t)0x00U) /*!< Interrupt Mode */
 216:Drivers/STM32WBxx_HAL_Driver/Inc/stm32wbxx_ll_exti.h **** #define LL_EXTI_MODE_EVENT              ((uint8_t)0x01U) /*!< Event Mode */
 217:Drivers/STM32WBxx_HAL_Driver/Inc/stm32wbxx_ll_exti.h **** #define LL_EXTI_MODE_IT_EVENT           ((uint8_t)0x02U) /*!< Interrupt & Event Mode */
 218:Drivers/STM32WBxx_HAL_Driver/Inc/stm32wbxx_ll_exti.h **** /**
 219:Drivers/STM32WBxx_HAL_Driver/Inc/stm32wbxx_ll_exti.h ****   * @}
 220:Drivers/STM32WBxx_HAL_Driver/Inc/stm32wbxx_ll_exti.h ****   */
 221:Drivers/STM32WBxx_HAL_Driver/Inc/stm32wbxx_ll_exti.h **** 
 222:Drivers/STM32WBxx_HAL_Driver/Inc/stm32wbxx_ll_exti.h **** /** @defgroup EXTI_LL_EC_TRIGGER Edge Trigger
 223:Drivers/STM32WBxx_HAL_Driver/Inc/stm32wbxx_ll_exti.h ****   * @{
 224:Drivers/STM32WBxx_HAL_Driver/Inc/stm32wbxx_ll_exti.h ****   */
 225:Drivers/STM32WBxx_HAL_Driver/Inc/stm32wbxx_ll_exti.h **** #define LL_EXTI_TRIGGER_NONE            ((uint8_t)0x00U) /*!< No Trigger Mode */
 226:Drivers/STM32WBxx_HAL_Driver/Inc/stm32wbxx_ll_exti.h **** #define LL_EXTI_TRIGGER_RISING          ((uint8_t)0x01U) /*!< Trigger Rising Mode */
 227:Drivers/STM32WBxx_HAL_Driver/Inc/stm32wbxx_ll_exti.h **** #define LL_EXTI_TRIGGER_FALLING         ((uint8_t)0x02U) /*!< Trigger Falling Mode */
 228:Drivers/STM32WBxx_HAL_Driver/Inc/stm32wbxx_ll_exti.h **** #define LL_EXTI_TRIGGER_RISING_FALLING  ((uint8_t)0x03U) /*!< Trigger Rising & Falling Mode */
 229:Drivers/STM32WBxx_HAL_Driver/Inc/stm32wbxx_ll_exti.h **** 
 230:Drivers/STM32WBxx_HAL_Driver/Inc/stm32wbxx_ll_exti.h **** /**
 231:Drivers/STM32WBxx_HAL_Driver/Inc/stm32wbxx_ll_exti.h ****   * @}
 232:Drivers/STM32WBxx_HAL_Driver/Inc/stm32wbxx_ll_exti.h ****   */
ARM GAS  C:\Users\843E~1\AppData\Local\Temp\ccj6WFWj.s 			page 56


 233:Drivers/STM32WBxx_HAL_Driver/Inc/stm32wbxx_ll_exti.h **** 
 234:Drivers/STM32WBxx_HAL_Driver/Inc/stm32wbxx_ll_exti.h **** 
 235:Drivers/STM32WBxx_HAL_Driver/Inc/stm32wbxx_ll_exti.h **** #endif /*USE_FULL_LL_DRIVER*/
 236:Drivers/STM32WBxx_HAL_Driver/Inc/stm32wbxx_ll_exti.h **** 
 237:Drivers/STM32WBxx_HAL_Driver/Inc/stm32wbxx_ll_exti.h **** 
 238:Drivers/STM32WBxx_HAL_Driver/Inc/stm32wbxx_ll_exti.h **** /**
 239:Drivers/STM32WBxx_HAL_Driver/Inc/stm32wbxx_ll_exti.h ****   * @}
 240:Drivers/STM32WBxx_HAL_Driver/Inc/stm32wbxx_ll_exti.h ****   */
 241:Drivers/STM32WBxx_HAL_Driver/Inc/stm32wbxx_ll_exti.h **** 
 242:Drivers/STM32WBxx_HAL_Driver/Inc/stm32wbxx_ll_exti.h **** /* Exported macro ------------------------------------------------------------*/
 243:Drivers/STM32WBxx_HAL_Driver/Inc/stm32wbxx_ll_exti.h **** /** @defgroup EXTI_LL_Exported_Macros EXTI Exported Macros
 244:Drivers/STM32WBxx_HAL_Driver/Inc/stm32wbxx_ll_exti.h ****   * @{
 245:Drivers/STM32WBxx_HAL_Driver/Inc/stm32wbxx_ll_exti.h ****   */
 246:Drivers/STM32WBxx_HAL_Driver/Inc/stm32wbxx_ll_exti.h **** 
 247:Drivers/STM32WBxx_HAL_Driver/Inc/stm32wbxx_ll_exti.h **** /** @defgroup EXTI_LL_EM_WRITE_READ Common Write and read registers Macros
 248:Drivers/STM32WBxx_HAL_Driver/Inc/stm32wbxx_ll_exti.h ****   * @{
 249:Drivers/STM32WBxx_HAL_Driver/Inc/stm32wbxx_ll_exti.h ****   */
 250:Drivers/STM32WBxx_HAL_Driver/Inc/stm32wbxx_ll_exti.h **** 
 251:Drivers/STM32WBxx_HAL_Driver/Inc/stm32wbxx_ll_exti.h **** /**
 252:Drivers/STM32WBxx_HAL_Driver/Inc/stm32wbxx_ll_exti.h ****   * @brief  Write a value in EXTI register
 253:Drivers/STM32WBxx_HAL_Driver/Inc/stm32wbxx_ll_exti.h ****   * @param  __REG__ Register to be written
 254:Drivers/STM32WBxx_HAL_Driver/Inc/stm32wbxx_ll_exti.h ****   * @param  __VALUE__ Value to be written in the register
 255:Drivers/STM32WBxx_HAL_Driver/Inc/stm32wbxx_ll_exti.h ****   * @retval None
 256:Drivers/STM32WBxx_HAL_Driver/Inc/stm32wbxx_ll_exti.h ****   */
 257:Drivers/STM32WBxx_HAL_Driver/Inc/stm32wbxx_ll_exti.h **** #define LL_EXTI_WriteReg(__REG__, __VALUE__) WRITE_REG(EXTI->__REG__, (__VALUE__))
 258:Drivers/STM32WBxx_HAL_Driver/Inc/stm32wbxx_ll_exti.h **** 
 259:Drivers/STM32WBxx_HAL_Driver/Inc/stm32wbxx_ll_exti.h **** /**
 260:Drivers/STM32WBxx_HAL_Driver/Inc/stm32wbxx_ll_exti.h ****   * @brief  Read a value in EXTI register
 261:Drivers/STM32WBxx_HAL_Driver/Inc/stm32wbxx_ll_exti.h ****   * @param  __REG__ Register to be read
 262:Drivers/STM32WBxx_HAL_Driver/Inc/stm32wbxx_ll_exti.h ****   * @retval Register value
 263:Drivers/STM32WBxx_HAL_Driver/Inc/stm32wbxx_ll_exti.h ****   */
 264:Drivers/STM32WBxx_HAL_Driver/Inc/stm32wbxx_ll_exti.h **** #define LL_EXTI_ReadReg(__REG__) READ_REG(EXTI->__REG__)
 265:Drivers/STM32WBxx_HAL_Driver/Inc/stm32wbxx_ll_exti.h **** /**
 266:Drivers/STM32WBxx_HAL_Driver/Inc/stm32wbxx_ll_exti.h ****   * @}
 267:Drivers/STM32WBxx_HAL_Driver/Inc/stm32wbxx_ll_exti.h ****   */
 268:Drivers/STM32WBxx_HAL_Driver/Inc/stm32wbxx_ll_exti.h **** 
 269:Drivers/STM32WBxx_HAL_Driver/Inc/stm32wbxx_ll_exti.h **** 
 270:Drivers/STM32WBxx_HAL_Driver/Inc/stm32wbxx_ll_exti.h **** /**
 271:Drivers/STM32WBxx_HAL_Driver/Inc/stm32wbxx_ll_exti.h ****   * @}
 272:Drivers/STM32WBxx_HAL_Driver/Inc/stm32wbxx_ll_exti.h ****   */
 273:Drivers/STM32WBxx_HAL_Driver/Inc/stm32wbxx_ll_exti.h **** 
 274:Drivers/STM32WBxx_HAL_Driver/Inc/stm32wbxx_ll_exti.h **** 
 275:Drivers/STM32WBxx_HAL_Driver/Inc/stm32wbxx_ll_exti.h **** 
 276:Drivers/STM32WBxx_HAL_Driver/Inc/stm32wbxx_ll_exti.h **** /* Exported functions --------------------------------------------------------*/
 277:Drivers/STM32WBxx_HAL_Driver/Inc/stm32wbxx_ll_exti.h **** /** @defgroup EXTI_LL_Exported_Functions EXTI Exported Functions
 278:Drivers/STM32WBxx_HAL_Driver/Inc/stm32wbxx_ll_exti.h ****   * @{
 279:Drivers/STM32WBxx_HAL_Driver/Inc/stm32wbxx_ll_exti.h ****   */
 280:Drivers/STM32WBxx_HAL_Driver/Inc/stm32wbxx_ll_exti.h **** /** @defgroup EXTI_LL_EF_IT_Management IT_Management
 281:Drivers/STM32WBxx_HAL_Driver/Inc/stm32wbxx_ll_exti.h ****   * @{
 282:Drivers/STM32WBxx_HAL_Driver/Inc/stm32wbxx_ll_exti.h ****   */
 283:Drivers/STM32WBxx_HAL_Driver/Inc/stm32wbxx_ll_exti.h **** 
 284:Drivers/STM32WBxx_HAL_Driver/Inc/stm32wbxx_ll_exti.h **** /**
 285:Drivers/STM32WBxx_HAL_Driver/Inc/stm32wbxx_ll_exti.h ****   * @brief  Enable ExtiLine Interrupt request for Lines in range 0 to 31
 286:Drivers/STM32WBxx_HAL_Driver/Inc/stm32wbxx_ll_exti.h ****   * @rmtoll IMR1         IMx           LL_EXTI_EnableIT_0_31
 287:Drivers/STM32WBxx_HAL_Driver/Inc/stm32wbxx_ll_exti.h ****   * @param  ExtiLine This parameter can be a combination of the following values:
 288:Drivers/STM32WBxx_HAL_Driver/Inc/stm32wbxx_ll_exti.h ****   *         @arg @ref LL_EXTI_LINE_0
 289:Drivers/STM32WBxx_HAL_Driver/Inc/stm32wbxx_ll_exti.h ****   *         @arg @ref LL_EXTI_LINE_1
ARM GAS  C:\Users\843E~1\AppData\Local\Temp\ccj6WFWj.s 			page 57


 290:Drivers/STM32WBxx_HAL_Driver/Inc/stm32wbxx_ll_exti.h ****   *         @arg @ref LL_EXTI_LINE_2
 291:Drivers/STM32WBxx_HAL_Driver/Inc/stm32wbxx_ll_exti.h ****   *         @arg @ref LL_EXTI_LINE_3
 292:Drivers/STM32WBxx_HAL_Driver/Inc/stm32wbxx_ll_exti.h ****   *         @arg @ref LL_EXTI_LINE_4
 293:Drivers/STM32WBxx_HAL_Driver/Inc/stm32wbxx_ll_exti.h ****   *         @arg @ref LL_EXTI_LINE_5
 294:Drivers/STM32WBxx_HAL_Driver/Inc/stm32wbxx_ll_exti.h ****   *         @arg @ref LL_EXTI_LINE_6
 295:Drivers/STM32WBxx_HAL_Driver/Inc/stm32wbxx_ll_exti.h ****   *         @arg @ref LL_EXTI_LINE_7
 296:Drivers/STM32WBxx_HAL_Driver/Inc/stm32wbxx_ll_exti.h ****   *         @arg @ref LL_EXTI_LINE_8
 297:Drivers/STM32WBxx_HAL_Driver/Inc/stm32wbxx_ll_exti.h ****   *         @arg @ref LL_EXTI_LINE_9
 298:Drivers/STM32WBxx_HAL_Driver/Inc/stm32wbxx_ll_exti.h ****   *         @arg @ref LL_EXTI_LINE_10
 299:Drivers/STM32WBxx_HAL_Driver/Inc/stm32wbxx_ll_exti.h ****   *         @arg @ref LL_EXTI_LINE_11
 300:Drivers/STM32WBxx_HAL_Driver/Inc/stm32wbxx_ll_exti.h ****   *         @arg @ref LL_EXTI_LINE_12
 301:Drivers/STM32WBxx_HAL_Driver/Inc/stm32wbxx_ll_exti.h ****   *         @arg @ref LL_EXTI_LINE_13
 302:Drivers/STM32WBxx_HAL_Driver/Inc/stm32wbxx_ll_exti.h ****   *         @arg @ref LL_EXTI_LINE_14
 303:Drivers/STM32WBxx_HAL_Driver/Inc/stm32wbxx_ll_exti.h ****   *         @arg @ref LL_EXTI_LINE_15
 304:Drivers/STM32WBxx_HAL_Driver/Inc/stm32wbxx_ll_exti.h ****   *         @arg @ref LL_EXTI_LINE_16
 305:Drivers/STM32WBxx_HAL_Driver/Inc/stm32wbxx_ll_exti.h ****   *         @arg @ref LL_EXTI_LINE_17
 306:Drivers/STM32WBxx_HAL_Driver/Inc/stm32wbxx_ll_exti.h ****   *         @arg @ref LL_EXTI_LINE_18
 307:Drivers/STM32WBxx_HAL_Driver/Inc/stm32wbxx_ll_exti.h ****   *         @arg @ref LL_EXTI_LINE_19
 308:Drivers/STM32WBxx_HAL_Driver/Inc/stm32wbxx_ll_exti.h ****   *         @arg @ref LL_EXTI_LINE_20 (*)
 309:Drivers/STM32WBxx_HAL_Driver/Inc/stm32wbxx_ll_exti.h ****   *         @arg @ref LL_EXTI_LINE_21 (*)
 310:Drivers/STM32WBxx_HAL_Driver/Inc/stm32wbxx_ll_exti.h ****   *         @arg @ref LL_EXTI_LINE_22
 311:Drivers/STM32WBxx_HAL_Driver/Inc/stm32wbxx_ll_exti.h ****   *         @arg @ref LL_EXTI_LINE_23 (*)
 312:Drivers/STM32WBxx_HAL_Driver/Inc/stm32wbxx_ll_exti.h ****   *         @arg @ref LL_EXTI_LINE_24
 313:Drivers/STM32WBxx_HAL_Driver/Inc/stm32wbxx_ll_exti.h ****   *         @arg @ref LL_EXTI_LINE_25 (*)
 314:Drivers/STM32WBxx_HAL_Driver/Inc/stm32wbxx_ll_exti.h ****   *         @arg @ref LL_EXTI_LINE_28 (*)
 315:Drivers/STM32WBxx_HAL_Driver/Inc/stm32wbxx_ll_exti.h ****   *         @arg @ref LL_EXTI_LINE_29
 316:Drivers/STM32WBxx_HAL_Driver/Inc/stm32wbxx_ll_exti.h ****   *         @arg @ref LL_EXTI_LINE_30
 317:Drivers/STM32WBxx_HAL_Driver/Inc/stm32wbxx_ll_exti.h ****   *         @arg @ref LL_EXTI_LINE_31 (*)
 318:Drivers/STM32WBxx_HAL_Driver/Inc/stm32wbxx_ll_exti.h ****   *         @arg @ref LL_EXTI_LINE_ALL_0_31
 319:Drivers/STM32WBxx_HAL_Driver/Inc/stm32wbxx_ll_exti.h ****   *         (*) value not defined in all devices
 320:Drivers/STM32WBxx_HAL_Driver/Inc/stm32wbxx_ll_exti.h ****   * @retval None
 321:Drivers/STM32WBxx_HAL_Driver/Inc/stm32wbxx_ll_exti.h ****   */
 322:Drivers/STM32WBxx_HAL_Driver/Inc/stm32wbxx_ll_exti.h **** __STATIC_INLINE void LL_EXTI_EnableIT_0_31(uint32_t ExtiLine)
 323:Drivers/STM32WBxx_HAL_Driver/Inc/stm32wbxx_ll_exti.h **** {
 324:Drivers/STM32WBxx_HAL_Driver/Inc/stm32wbxx_ll_exti.h ****   SET_BIT(EXTI->IMR1, ExtiLine);
 325:Drivers/STM32WBxx_HAL_Driver/Inc/stm32wbxx_ll_exti.h **** }
 326:Drivers/STM32WBxx_HAL_Driver/Inc/stm32wbxx_ll_exti.h **** 
 327:Drivers/STM32WBxx_HAL_Driver/Inc/stm32wbxx_ll_exti.h **** /**
 328:Drivers/STM32WBxx_HAL_Driver/Inc/stm32wbxx_ll_exti.h ****   * @brief  Enable ExtiLine Interrupt request for Lines in range 0 to 31 for cpu2
 329:Drivers/STM32WBxx_HAL_Driver/Inc/stm32wbxx_ll_exti.h ****   * @rmtoll C2IMR1         IMx           LL_C2_EXTI_EnableIT_0_31
 330:Drivers/STM32WBxx_HAL_Driver/Inc/stm32wbxx_ll_exti.h ****   * @param  ExtiLine This parameter can be a combination of the following values:
 331:Drivers/STM32WBxx_HAL_Driver/Inc/stm32wbxx_ll_exti.h ****   *         @arg @ref LL_EXTI_LINE_0
 332:Drivers/STM32WBxx_HAL_Driver/Inc/stm32wbxx_ll_exti.h ****   *         @arg @ref LL_EXTI_LINE_1
 333:Drivers/STM32WBxx_HAL_Driver/Inc/stm32wbxx_ll_exti.h ****   *         @arg @ref LL_EXTI_LINE_2
 334:Drivers/STM32WBxx_HAL_Driver/Inc/stm32wbxx_ll_exti.h ****   *         @arg @ref LL_EXTI_LINE_3
 335:Drivers/STM32WBxx_HAL_Driver/Inc/stm32wbxx_ll_exti.h ****   *         @arg @ref LL_EXTI_LINE_4
 336:Drivers/STM32WBxx_HAL_Driver/Inc/stm32wbxx_ll_exti.h ****   *         @arg @ref LL_EXTI_LINE_5
 337:Drivers/STM32WBxx_HAL_Driver/Inc/stm32wbxx_ll_exti.h ****   *         @arg @ref LL_EXTI_LINE_6
 338:Drivers/STM32WBxx_HAL_Driver/Inc/stm32wbxx_ll_exti.h ****   *         @arg @ref LL_EXTI_LINE_7
 339:Drivers/STM32WBxx_HAL_Driver/Inc/stm32wbxx_ll_exti.h ****   *         @arg @ref LL_EXTI_LINE_8
 340:Drivers/STM32WBxx_HAL_Driver/Inc/stm32wbxx_ll_exti.h ****   *         @arg @ref LL_EXTI_LINE_9
 341:Drivers/STM32WBxx_HAL_Driver/Inc/stm32wbxx_ll_exti.h ****   *         @arg @ref LL_EXTI_LINE_10
 342:Drivers/STM32WBxx_HAL_Driver/Inc/stm32wbxx_ll_exti.h ****   *         @arg @ref LL_EXTI_LINE_11
 343:Drivers/STM32WBxx_HAL_Driver/Inc/stm32wbxx_ll_exti.h ****   *         @arg @ref LL_EXTI_LINE_12
 344:Drivers/STM32WBxx_HAL_Driver/Inc/stm32wbxx_ll_exti.h ****   *         @arg @ref LL_EXTI_LINE_13
 345:Drivers/STM32WBxx_HAL_Driver/Inc/stm32wbxx_ll_exti.h ****   *         @arg @ref LL_EXTI_LINE_14
 346:Drivers/STM32WBxx_HAL_Driver/Inc/stm32wbxx_ll_exti.h ****   *         @arg @ref LL_EXTI_LINE_15
ARM GAS  C:\Users\843E~1\AppData\Local\Temp\ccj6WFWj.s 			page 58


 347:Drivers/STM32WBxx_HAL_Driver/Inc/stm32wbxx_ll_exti.h ****   *         @arg @ref LL_EXTI_LINE_16
 348:Drivers/STM32WBxx_HAL_Driver/Inc/stm32wbxx_ll_exti.h ****   *         @arg @ref LL_EXTI_LINE_17
 349:Drivers/STM32WBxx_HAL_Driver/Inc/stm32wbxx_ll_exti.h ****   *         @arg @ref LL_EXTI_LINE_18
 350:Drivers/STM32WBxx_HAL_Driver/Inc/stm32wbxx_ll_exti.h ****   *         @arg @ref LL_EXTI_LINE_19
 351:Drivers/STM32WBxx_HAL_Driver/Inc/stm32wbxx_ll_exti.h ****   *         @arg @ref LL_EXTI_LINE_20 (*)
 352:Drivers/STM32WBxx_HAL_Driver/Inc/stm32wbxx_ll_exti.h ****   *         @arg @ref LL_EXTI_LINE_21 (*)
 353:Drivers/STM32WBxx_HAL_Driver/Inc/stm32wbxx_ll_exti.h ****   *         @arg @ref LL_EXTI_LINE_22
 354:Drivers/STM32WBxx_HAL_Driver/Inc/stm32wbxx_ll_exti.h ****   *         @arg @ref LL_EXTI_LINE_23 (*)
 355:Drivers/STM32WBxx_HAL_Driver/Inc/stm32wbxx_ll_exti.h ****   *         @arg @ref LL_EXTI_LINE_24
 356:Drivers/STM32WBxx_HAL_Driver/Inc/stm32wbxx_ll_exti.h ****   *         @arg @ref LL_EXTI_LINE_25 (*)
 357:Drivers/STM32WBxx_HAL_Driver/Inc/stm32wbxx_ll_exti.h ****   *         @arg @ref LL_EXTI_LINE_28 (*)
 358:Drivers/STM32WBxx_HAL_Driver/Inc/stm32wbxx_ll_exti.h ****   *         @arg @ref LL_EXTI_LINE_29
 359:Drivers/STM32WBxx_HAL_Driver/Inc/stm32wbxx_ll_exti.h ****   *         @arg @ref LL_EXTI_LINE_30
 360:Drivers/STM32WBxx_HAL_Driver/Inc/stm32wbxx_ll_exti.h ****   *         @arg @ref LL_EXTI_LINE_31 (*)
 361:Drivers/STM32WBxx_HAL_Driver/Inc/stm32wbxx_ll_exti.h ****   *         @arg @ref LL_EXTI_LINE_ALL_0_31
 362:Drivers/STM32WBxx_HAL_Driver/Inc/stm32wbxx_ll_exti.h ****   *         (*) value not defined in all devices
 363:Drivers/STM32WBxx_HAL_Driver/Inc/stm32wbxx_ll_exti.h ****   * @retval None
 364:Drivers/STM32WBxx_HAL_Driver/Inc/stm32wbxx_ll_exti.h ****   */
 365:Drivers/STM32WBxx_HAL_Driver/Inc/stm32wbxx_ll_exti.h **** __STATIC_INLINE void LL_C2_EXTI_EnableIT_0_31(uint32_t ExtiLine)
 366:Drivers/STM32WBxx_HAL_Driver/Inc/stm32wbxx_ll_exti.h **** {
 367:Drivers/STM32WBxx_HAL_Driver/Inc/stm32wbxx_ll_exti.h ****   SET_BIT(EXTI->C2IMR1, ExtiLine);
 368:Drivers/STM32WBxx_HAL_Driver/Inc/stm32wbxx_ll_exti.h **** }
 369:Drivers/STM32WBxx_HAL_Driver/Inc/stm32wbxx_ll_exti.h **** 
 370:Drivers/STM32WBxx_HAL_Driver/Inc/stm32wbxx_ll_exti.h **** /**
 371:Drivers/STM32WBxx_HAL_Driver/Inc/stm32wbxx_ll_exti.h ****   * @brief  Enable ExtiLine Interrupt request for Lines in range 32 to 63
 372:Drivers/STM32WBxx_HAL_Driver/Inc/stm32wbxx_ll_exti.h ****   * @rmtoll IMR2         IMx           LL_EXTI_EnableIT_32_63
 373:Drivers/STM32WBxx_HAL_Driver/Inc/stm32wbxx_ll_exti.h ****   * @param  ExtiLine This parameter can be a combination of the following values:
 374:Drivers/STM32WBxx_HAL_Driver/Inc/stm32wbxx_ll_exti.h ****   *         @arg @ref LL_EXTI_LINE_33
 375:Drivers/STM32WBxx_HAL_Driver/Inc/stm32wbxx_ll_exti.h ****   *         @arg @ref LL_EXTI_LINE_36
 376:Drivers/STM32WBxx_HAL_Driver/Inc/stm32wbxx_ll_exti.h ****   *         @arg @ref LL_EXTI_LINE_37
 377:Drivers/STM32WBxx_HAL_Driver/Inc/stm32wbxx_ll_exti.h ****   *         @arg @ref LL_EXTI_LINE_38
 378:Drivers/STM32WBxx_HAL_Driver/Inc/stm32wbxx_ll_exti.h ****   *         @arg @ref LL_EXTI_LINE_39
 379:Drivers/STM32WBxx_HAL_Driver/Inc/stm32wbxx_ll_exti.h ****   *         @arg @ref LL_EXTI_LINE_40
 380:Drivers/STM32WBxx_HAL_Driver/Inc/stm32wbxx_ll_exti.h ****   *         @arg @ref LL_EXTI_LINE_41
 381:Drivers/STM32WBxx_HAL_Driver/Inc/stm32wbxx_ll_exti.h ****   *         @arg @ref LL_EXTI_LINE_42
 382:Drivers/STM32WBxx_HAL_Driver/Inc/stm32wbxx_ll_exti.h ****   *         @arg @ref LL_EXTI_LINE_43 (*)
 383:Drivers/STM32WBxx_HAL_Driver/Inc/stm32wbxx_ll_exti.h ****   *         @arg @ref LL_EXTI_LINE_44
 384:Drivers/STM32WBxx_HAL_Driver/Inc/stm32wbxx_ll_exti.h ****   *         @arg @ref LL_EXTI_LINE_45
 385:Drivers/STM32WBxx_HAL_Driver/Inc/stm32wbxx_ll_exti.h ****   *         @arg @ref LL_EXTI_LINE_46 (*)
 386:Drivers/STM32WBxx_HAL_Driver/Inc/stm32wbxx_ll_exti.h ****   *         @arg @ref LL_EXTI_LINE_48
 387:Drivers/STM32WBxx_HAL_Driver/Inc/stm32wbxx_ll_exti.h ****   *         @arg @ref LL_EXTI_LINE_ALL_32_63
 388:Drivers/STM32WBxx_HAL_Driver/Inc/stm32wbxx_ll_exti.h ****   *         (*) value not defined in all devices
 389:Drivers/STM32WBxx_HAL_Driver/Inc/stm32wbxx_ll_exti.h ****   * @retval None
 390:Drivers/STM32WBxx_HAL_Driver/Inc/stm32wbxx_ll_exti.h ****   */
 391:Drivers/STM32WBxx_HAL_Driver/Inc/stm32wbxx_ll_exti.h **** __STATIC_INLINE void LL_EXTI_EnableIT_32_63(uint32_t ExtiLine)
 392:Drivers/STM32WBxx_HAL_Driver/Inc/stm32wbxx_ll_exti.h **** {
 393:Drivers/STM32WBxx_HAL_Driver/Inc/stm32wbxx_ll_exti.h ****   SET_BIT(EXTI->IMR2, ExtiLine);
 394:Drivers/STM32WBxx_HAL_Driver/Inc/stm32wbxx_ll_exti.h **** }
 395:Drivers/STM32WBxx_HAL_Driver/Inc/stm32wbxx_ll_exti.h **** 
 396:Drivers/STM32WBxx_HAL_Driver/Inc/stm32wbxx_ll_exti.h **** /**
 397:Drivers/STM32WBxx_HAL_Driver/Inc/stm32wbxx_ll_exti.h ****   * @brief  Enable ExtiLine Interrupt request for Lines in range 32 to 63 for cpu2
 398:Drivers/STM32WBxx_HAL_Driver/Inc/stm32wbxx_ll_exti.h ****   * @rmtoll C2IMR2         IMx           LL_C2_EXTI_EnableIT_32_63
 399:Drivers/STM32WBxx_HAL_Driver/Inc/stm32wbxx_ll_exti.h ****   * @param  ExtiLine This parameter can be a combination of the following values:
 400:Drivers/STM32WBxx_HAL_Driver/Inc/stm32wbxx_ll_exti.h ****   *         @arg @ref LL_EXTI_LINE_33
 401:Drivers/STM32WBxx_HAL_Driver/Inc/stm32wbxx_ll_exti.h ****   *         @arg @ref LL_EXTI_LINE_36
 402:Drivers/STM32WBxx_HAL_Driver/Inc/stm32wbxx_ll_exti.h ****   *         @arg @ref LL_EXTI_LINE_37
 403:Drivers/STM32WBxx_HAL_Driver/Inc/stm32wbxx_ll_exti.h ****   *         @arg @ref LL_EXTI_LINE_38
ARM GAS  C:\Users\843E~1\AppData\Local\Temp\ccj6WFWj.s 			page 59


 404:Drivers/STM32WBxx_HAL_Driver/Inc/stm32wbxx_ll_exti.h ****   *         @arg @ref LL_EXTI_LINE_39
 405:Drivers/STM32WBxx_HAL_Driver/Inc/stm32wbxx_ll_exti.h ****   *         @arg @ref LL_EXTI_LINE_40
 406:Drivers/STM32WBxx_HAL_Driver/Inc/stm32wbxx_ll_exti.h ****   *         @arg @ref LL_EXTI_LINE_41
 407:Drivers/STM32WBxx_HAL_Driver/Inc/stm32wbxx_ll_exti.h ****   *         @arg @ref LL_EXTI_LINE_42
 408:Drivers/STM32WBxx_HAL_Driver/Inc/stm32wbxx_ll_exti.h ****   *         @arg @ref LL_EXTI_LINE_43 (*)
 409:Drivers/STM32WBxx_HAL_Driver/Inc/stm32wbxx_ll_exti.h ****   *         @arg @ref LL_EXTI_LINE_44
 410:Drivers/STM32WBxx_HAL_Driver/Inc/stm32wbxx_ll_exti.h ****   *         @arg @ref LL_EXTI_LINE_45
 411:Drivers/STM32WBxx_HAL_Driver/Inc/stm32wbxx_ll_exti.h ****   *         @arg @ref LL_EXTI_LINE_46 (*)
 412:Drivers/STM32WBxx_HAL_Driver/Inc/stm32wbxx_ll_exti.h ****   *         @arg @ref LL_EXTI_LINE_48
 413:Drivers/STM32WBxx_HAL_Driver/Inc/stm32wbxx_ll_exti.h ****   *         @arg @ref LL_EXTI_LINE_ALL_32_63
 414:Drivers/STM32WBxx_HAL_Driver/Inc/stm32wbxx_ll_exti.h ****   *         (*) value not defined in all devices
 415:Drivers/STM32WBxx_HAL_Driver/Inc/stm32wbxx_ll_exti.h ****   * @retval None
 416:Drivers/STM32WBxx_HAL_Driver/Inc/stm32wbxx_ll_exti.h ****   */
 417:Drivers/STM32WBxx_HAL_Driver/Inc/stm32wbxx_ll_exti.h **** __STATIC_INLINE void LL_C2_EXTI_EnableIT_32_63(uint32_t ExtiLine)
 418:Drivers/STM32WBxx_HAL_Driver/Inc/stm32wbxx_ll_exti.h **** {
 419:Drivers/STM32WBxx_HAL_Driver/Inc/stm32wbxx_ll_exti.h ****   SET_BIT(EXTI->C2IMR2, ExtiLine);
 420:Drivers/STM32WBxx_HAL_Driver/Inc/stm32wbxx_ll_exti.h **** }
 421:Drivers/STM32WBxx_HAL_Driver/Inc/stm32wbxx_ll_exti.h **** 
 422:Drivers/STM32WBxx_HAL_Driver/Inc/stm32wbxx_ll_exti.h **** /**
 423:Drivers/STM32WBxx_HAL_Driver/Inc/stm32wbxx_ll_exti.h ****   * @brief  Disable ExtiLine Interrupt request for Lines in range 0 to 31
 424:Drivers/STM32WBxx_HAL_Driver/Inc/stm32wbxx_ll_exti.h ****   * @rmtoll IMR1         IMx           LL_EXTI_DisableIT_0_31
 425:Drivers/STM32WBxx_HAL_Driver/Inc/stm32wbxx_ll_exti.h ****   * @param  ExtiLine This parameter can be a combination of the following values:
 426:Drivers/STM32WBxx_HAL_Driver/Inc/stm32wbxx_ll_exti.h ****   *         @arg @ref LL_EXTI_LINE_0
 427:Drivers/STM32WBxx_HAL_Driver/Inc/stm32wbxx_ll_exti.h ****   *         @arg @ref LL_EXTI_LINE_1
 428:Drivers/STM32WBxx_HAL_Driver/Inc/stm32wbxx_ll_exti.h ****   *         @arg @ref LL_EXTI_LINE_2
 429:Drivers/STM32WBxx_HAL_Driver/Inc/stm32wbxx_ll_exti.h ****   *         @arg @ref LL_EXTI_LINE_3
 430:Drivers/STM32WBxx_HAL_Driver/Inc/stm32wbxx_ll_exti.h ****   *         @arg @ref LL_EXTI_LINE_4
 431:Drivers/STM32WBxx_HAL_Driver/Inc/stm32wbxx_ll_exti.h ****   *         @arg @ref LL_EXTI_LINE_5
 432:Drivers/STM32WBxx_HAL_Driver/Inc/stm32wbxx_ll_exti.h ****   *         @arg @ref LL_EXTI_LINE_6
 433:Drivers/STM32WBxx_HAL_Driver/Inc/stm32wbxx_ll_exti.h ****   *         @arg @ref LL_EXTI_LINE_7
 434:Drivers/STM32WBxx_HAL_Driver/Inc/stm32wbxx_ll_exti.h ****   *         @arg @ref LL_EXTI_LINE_8
 435:Drivers/STM32WBxx_HAL_Driver/Inc/stm32wbxx_ll_exti.h ****   *         @arg @ref LL_EXTI_LINE_9
 436:Drivers/STM32WBxx_HAL_Driver/Inc/stm32wbxx_ll_exti.h ****   *         @arg @ref LL_EXTI_LINE_10
 437:Drivers/STM32WBxx_HAL_Driver/Inc/stm32wbxx_ll_exti.h ****   *         @arg @ref LL_EXTI_LINE_11
 438:Drivers/STM32WBxx_HAL_Driver/Inc/stm32wbxx_ll_exti.h ****   *         @arg @ref LL_EXTI_LINE_12
 439:Drivers/STM32WBxx_HAL_Driver/Inc/stm32wbxx_ll_exti.h ****   *         @arg @ref LL_EXTI_LINE_13
 440:Drivers/STM32WBxx_HAL_Driver/Inc/stm32wbxx_ll_exti.h ****   *         @arg @ref LL_EXTI_LINE_14
 441:Drivers/STM32WBxx_HAL_Driver/Inc/stm32wbxx_ll_exti.h ****   *         @arg @ref LL_EXTI_LINE_15
 442:Drivers/STM32WBxx_HAL_Driver/Inc/stm32wbxx_ll_exti.h ****   *         @arg @ref LL_EXTI_LINE_16
 443:Drivers/STM32WBxx_HAL_Driver/Inc/stm32wbxx_ll_exti.h ****   *         @arg @ref LL_EXTI_LINE_17
 444:Drivers/STM32WBxx_HAL_Driver/Inc/stm32wbxx_ll_exti.h ****   *         @arg @ref LL_EXTI_LINE_18
 445:Drivers/STM32WBxx_HAL_Driver/Inc/stm32wbxx_ll_exti.h ****   *         @arg @ref LL_EXTI_LINE_19
 446:Drivers/STM32WBxx_HAL_Driver/Inc/stm32wbxx_ll_exti.h ****   *         @arg @ref LL_EXTI_LINE_20 (*)
 447:Drivers/STM32WBxx_HAL_Driver/Inc/stm32wbxx_ll_exti.h ****   *         @arg @ref LL_EXTI_LINE_21 (*)
 448:Drivers/STM32WBxx_HAL_Driver/Inc/stm32wbxx_ll_exti.h ****   *         @arg @ref LL_EXTI_LINE_22
 449:Drivers/STM32WBxx_HAL_Driver/Inc/stm32wbxx_ll_exti.h ****   *         @arg @ref LL_EXTI_LINE_23 (*)
 450:Drivers/STM32WBxx_HAL_Driver/Inc/stm32wbxx_ll_exti.h ****   *         @arg @ref LL_EXTI_LINE_24
 451:Drivers/STM32WBxx_HAL_Driver/Inc/stm32wbxx_ll_exti.h ****   *         @arg @ref LL_EXTI_LINE_25 (*)
 452:Drivers/STM32WBxx_HAL_Driver/Inc/stm32wbxx_ll_exti.h ****   *         @arg @ref LL_EXTI_LINE_28 (*)
 453:Drivers/STM32WBxx_HAL_Driver/Inc/stm32wbxx_ll_exti.h ****   *         @arg @ref LL_EXTI_LINE_29
 454:Drivers/STM32WBxx_HAL_Driver/Inc/stm32wbxx_ll_exti.h ****   *         @arg @ref LL_EXTI_LINE_30
 455:Drivers/STM32WBxx_HAL_Driver/Inc/stm32wbxx_ll_exti.h ****   *         @arg @ref LL_EXTI_LINE_31 (*)
 456:Drivers/STM32WBxx_HAL_Driver/Inc/stm32wbxx_ll_exti.h ****   *         @arg @ref LL_EXTI_LINE_ALL_0_31
 457:Drivers/STM32WBxx_HAL_Driver/Inc/stm32wbxx_ll_exti.h ****   *         (*) value not defined in all devices
 458:Drivers/STM32WBxx_HAL_Driver/Inc/stm32wbxx_ll_exti.h ****   * @retval None
 459:Drivers/STM32WBxx_HAL_Driver/Inc/stm32wbxx_ll_exti.h ****   */
 460:Drivers/STM32WBxx_HAL_Driver/Inc/stm32wbxx_ll_exti.h **** __STATIC_INLINE void LL_EXTI_DisableIT_0_31(uint32_t ExtiLine)
ARM GAS  C:\Users\843E~1\AppData\Local\Temp\ccj6WFWj.s 			page 60


 461:Drivers/STM32WBxx_HAL_Driver/Inc/stm32wbxx_ll_exti.h **** {
 462:Drivers/STM32WBxx_HAL_Driver/Inc/stm32wbxx_ll_exti.h ****   CLEAR_BIT(EXTI->IMR1, ExtiLine);
 463:Drivers/STM32WBxx_HAL_Driver/Inc/stm32wbxx_ll_exti.h **** }
 464:Drivers/STM32WBxx_HAL_Driver/Inc/stm32wbxx_ll_exti.h **** 
 465:Drivers/STM32WBxx_HAL_Driver/Inc/stm32wbxx_ll_exti.h **** /**
 466:Drivers/STM32WBxx_HAL_Driver/Inc/stm32wbxx_ll_exti.h ****   * @brief  Disable ExtiLine Interrupt request for Lines in range 0 to 31 for cpu2
 467:Drivers/STM32WBxx_HAL_Driver/Inc/stm32wbxx_ll_exti.h ****   * @rmtoll C2IMR1         IMx           LL_C2_EXTI_DisableIT_0_31
 468:Drivers/STM32WBxx_HAL_Driver/Inc/stm32wbxx_ll_exti.h ****   * @param  ExtiLine This parameter can be a combination of the following values:
 469:Drivers/STM32WBxx_HAL_Driver/Inc/stm32wbxx_ll_exti.h ****   *         @arg @ref LL_EXTI_LINE_0
 470:Drivers/STM32WBxx_HAL_Driver/Inc/stm32wbxx_ll_exti.h ****   *         @arg @ref LL_EXTI_LINE_1
 471:Drivers/STM32WBxx_HAL_Driver/Inc/stm32wbxx_ll_exti.h ****   *         @arg @ref LL_EXTI_LINE_2
 472:Drivers/STM32WBxx_HAL_Driver/Inc/stm32wbxx_ll_exti.h ****   *         @arg @ref LL_EXTI_LINE_3
 473:Drivers/STM32WBxx_HAL_Driver/Inc/stm32wbxx_ll_exti.h ****   *         @arg @ref LL_EXTI_LINE_4
 474:Drivers/STM32WBxx_HAL_Driver/Inc/stm32wbxx_ll_exti.h ****   *         @arg @ref LL_EXTI_LINE_5
 475:Drivers/STM32WBxx_HAL_Driver/Inc/stm32wbxx_ll_exti.h ****   *         @arg @ref LL_EXTI_LINE_6
 476:Drivers/STM32WBxx_HAL_Driver/Inc/stm32wbxx_ll_exti.h ****   *         @arg @ref LL_EXTI_LINE_7
 477:Drivers/STM32WBxx_HAL_Driver/Inc/stm32wbxx_ll_exti.h ****   *         @arg @ref LL_EXTI_LINE_8
 478:Drivers/STM32WBxx_HAL_Driver/Inc/stm32wbxx_ll_exti.h ****   *         @arg @ref LL_EXTI_LINE_9
 479:Drivers/STM32WBxx_HAL_Driver/Inc/stm32wbxx_ll_exti.h ****   *         @arg @ref LL_EXTI_LINE_10
 480:Drivers/STM32WBxx_HAL_Driver/Inc/stm32wbxx_ll_exti.h ****   *         @arg @ref LL_EXTI_LINE_11
 481:Drivers/STM32WBxx_HAL_Driver/Inc/stm32wbxx_ll_exti.h ****   *         @arg @ref LL_EXTI_LINE_12
 482:Drivers/STM32WBxx_HAL_Driver/Inc/stm32wbxx_ll_exti.h ****   *         @arg @ref LL_EXTI_LINE_13
 483:Drivers/STM32WBxx_HAL_Driver/Inc/stm32wbxx_ll_exti.h ****   *         @arg @ref LL_EXTI_LINE_14
 484:Drivers/STM32WBxx_HAL_Driver/Inc/stm32wbxx_ll_exti.h ****   *         @arg @ref LL_EXTI_LINE_15
 485:Drivers/STM32WBxx_HAL_Driver/Inc/stm32wbxx_ll_exti.h ****   *         @arg @ref LL_EXTI_LINE_16
 486:Drivers/STM32WBxx_HAL_Driver/Inc/stm32wbxx_ll_exti.h ****   *         @arg @ref LL_EXTI_LINE_17
 487:Drivers/STM32WBxx_HAL_Driver/Inc/stm32wbxx_ll_exti.h ****   *         @arg @ref LL_EXTI_LINE_18
 488:Drivers/STM32WBxx_HAL_Driver/Inc/stm32wbxx_ll_exti.h ****   *         @arg @ref LL_EXTI_LINE_19
 489:Drivers/STM32WBxx_HAL_Driver/Inc/stm32wbxx_ll_exti.h ****   *         @arg @ref LL_EXTI_LINE_20 (*)
 490:Drivers/STM32WBxx_HAL_Driver/Inc/stm32wbxx_ll_exti.h ****   *         @arg @ref LL_EXTI_LINE_21 (*)
 491:Drivers/STM32WBxx_HAL_Driver/Inc/stm32wbxx_ll_exti.h ****   *         @arg @ref LL_EXTI_LINE_22
 492:Drivers/STM32WBxx_HAL_Driver/Inc/stm32wbxx_ll_exti.h ****   *         @arg @ref LL_EXTI_LINE_23 (*)
 493:Drivers/STM32WBxx_HAL_Driver/Inc/stm32wbxx_ll_exti.h ****   *         @arg @ref LL_EXTI_LINE_24
 494:Drivers/STM32WBxx_HAL_Driver/Inc/stm32wbxx_ll_exti.h ****   *         @arg @ref LL_EXTI_LINE_25 (*)
 495:Drivers/STM32WBxx_HAL_Driver/Inc/stm32wbxx_ll_exti.h ****   *         @arg @ref LL_EXTI_LINE_28 (*)
 496:Drivers/STM32WBxx_HAL_Driver/Inc/stm32wbxx_ll_exti.h ****   *         @arg @ref LL_EXTI_LINE_29
 497:Drivers/STM32WBxx_HAL_Driver/Inc/stm32wbxx_ll_exti.h ****   *         @arg @ref LL_EXTI_LINE_30
 498:Drivers/STM32WBxx_HAL_Driver/Inc/stm32wbxx_ll_exti.h ****   *         @arg @ref LL_EXTI_LINE_31 (*)
 499:Drivers/STM32WBxx_HAL_Driver/Inc/stm32wbxx_ll_exti.h ****   *         @arg @ref LL_EXTI_LINE_ALL_0_31
 500:Drivers/STM32WBxx_HAL_Driver/Inc/stm32wbxx_ll_exti.h ****   *         (*) value not defined in all devices
 501:Drivers/STM32WBxx_HAL_Driver/Inc/stm32wbxx_ll_exti.h ****   * @retval None
 502:Drivers/STM32WBxx_HAL_Driver/Inc/stm32wbxx_ll_exti.h ****   */
 503:Drivers/STM32WBxx_HAL_Driver/Inc/stm32wbxx_ll_exti.h **** __STATIC_INLINE void LL_C2_EXTI_DisableIT_0_31(uint32_t ExtiLine)
 504:Drivers/STM32WBxx_HAL_Driver/Inc/stm32wbxx_ll_exti.h **** {
 505:Drivers/STM32WBxx_HAL_Driver/Inc/stm32wbxx_ll_exti.h ****   CLEAR_BIT(EXTI->C2IMR1, ExtiLine);
 506:Drivers/STM32WBxx_HAL_Driver/Inc/stm32wbxx_ll_exti.h **** }
 507:Drivers/STM32WBxx_HAL_Driver/Inc/stm32wbxx_ll_exti.h **** 
 508:Drivers/STM32WBxx_HAL_Driver/Inc/stm32wbxx_ll_exti.h **** /**
 509:Drivers/STM32WBxx_HAL_Driver/Inc/stm32wbxx_ll_exti.h ****   * @brief  Disable ExtiLine Interrupt request for Lines in range 32 to 63
 510:Drivers/STM32WBxx_HAL_Driver/Inc/stm32wbxx_ll_exti.h ****   * @rmtoll IMR2         IMx           LL_EXTI_DisableIT_32_63
 511:Drivers/STM32WBxx_HAL_Driver/Inc/stm32wbxx_ll_exti.h ****   * @param  ExtiLine This parameter can be a combination of the following values:
 512:Drivers/STM32WBxx_HAL_Driver/Inc/stm32wbxx_ll_exti.h ****   *         @arg @ref LL_EXTI_LINE_33
 513:Drivers/STM32WBxx_HAL_Driver/Inc/stm32wbxx_ll_exti.h ****   *         @arg @ref LL_EXTI_LINE_36
 514:Drivers/STM32WBxx_HAL_Driver/Inc/stm32wbxx_ll_exti.h ****   *         @arg @ref LL_EXTI_LINE_37
 515:Drivers/STM32WBxx_HAL_Driver/Inc/stm32wbxx_ll_exti.h ****   *         @arg @ref LL_EXTI_LINE_38
 516:Drivers/STM32WBxx_HAL_Driver/Inc/stm32wbxx_ll_exti.h ****   *         @arg @ref LL_EXTI_LINE_39
 517:Drivers/STM32WBxx_HAL_Driver/Inc/stm32wbxx_ll_exti.h ****   *         @arg @ref LL_EXTI_LINE_40
ARM GAS  C:\Users\843E~1\AppData\Local\Temp\ccj6WFWj.s 			page 61


 518:Drivers/STM32WBxx_HAL_Driver/Inc/stm32wbxx_ll_exti.h ****   *         @arg @ref LL_EXTI_LINE_41
 519:Drivers/STM32WBxx_HAL_Driver/Inc/stm32wbxx_ll_exti.h ****   *         @arg @ref LL_EXTI_LINE_42
 520:Drivers/STM32WBxx_HAL_Driver/Inc/stm32wbxx_ll_exti.h ****   *         @arg @ref LL_EXTI_LINE_43 (*)
 521:Drivers/STM32WBxx_HAL_Driver/Inc/stm32wbxx_ll_exti.h ****   *         @arg @ref LL_EXTI_LINE_44
 522:Drivers/STM32WBxx_HAL_Driver/Inc/stm32wbxx_ll_exti.h ****   *         @arg @ref LL_EXTI_LINE_45
 523:Drivers/STM32WBxx_HAL_Driver/Inc/stm32wbxx_ll_exti.h ****   *         @arg @ref LL_EXTI_LINE_46 (*)
 524:Drivers/STM32WBxx_HAL_Driver/Inc/stm32wbxx_ll_exti.h ****   *         @arg @ref LL_EXTI_LINE_48
 525:Drivers/STM32WBxx_HAL_Driver/Inc/stm32wbxx_ll_exti.h ****   *         @arg @ref LL_EXTI_LINE_ALL_32_63
 526:Drivers/STM32WBxx_HAL_Driver/Inc/stm32wbxx_ll_exti.h ****   *         (*) value not defined in all devices
 527:Drivers/STM32WBxx_HAL_Driver/Inc/stm32wbxx_ll_exti.h ****   * @retval None
 528:Drivers/STM32WBxx_HAL_Driver/Inc/stm32wbxx_ll_exti.h ****   */
 529:Drivers/STM32WBxx_HAL_Driver/Inc/stm32wbxx_ll_exti.h **** __STATIC_INLINE void LL_EXTI_DisableIT_32_63(uint32_t ExtiLine)
 530:Drivers/STM32WBxx_HAL_Driver/Inc/stm32wbxx_ll_exti.h **** {
 531:Drivers/STM32WBxx_HAL_Driver/Inc/stm32wbxx_ll_exti.h ****   CLEAR_BIT(EXTI->IMR2, ExtiLine);
 532:Drivers/STM32WBxx_HAL_Driver/Inc/stm32wbxx_ll_exti.h **** }
 533:Drivers/STM32WBxx_HAL_Driver/Inc/stm32wbxx_ll_exti.h **** 
 534:Drivers/STM32WBxx_HAL_Driver/Inc/stm32wbxx_ll_exti.h **** /**
 535:Drivers/STM32WBxx_HAL_Driver/Inc/stm32wbxx_ll_exti.h ****   * @brief  Disable ExtiLine Interrupt request for Lines in range 32 to 63 for cpu2
 536:Drivers/STM32WBxx_HAL_Driver/Inc/stm32wbxx_ll_exti.h ****   * @rmtoll C2IMR2         IMx           LL_C2_EXTI_DisableIT_32_63
 537:Drivers/STM32WBxx_HAL_Driver/Inc/stm32wbxx_ll_exti.h ****   * @param  ExtiLine This parameter can be a combination of the following values:
 538:Drivers/STM32WBxx_HAL_Driver/Inc/stm32wbxx_ll_exti.h ****   *         @arg @ref LL_EXTI_LINE_33
 539:Drivers/STM32WBxx_HAL_Driver/Inc/stm32wbxx_ll_exti.h ****   *         @arg @ref LL_EXTI_LINE_36
 540:Drivers/STM32WBxx_HAL_Driver/Inc/stm32wbxx_ll_exti.h ****   *         @arg @ref LL_EXTI_LINE_37
 541:Drivers/STM32WBxx_HAL_Driver/Inc/stm32wbxx_ll_exti.h ****   *         @arg @ref LL_EXTI_LINE_38
 542:Drivers/STM32WBxx_HAL_Driver/Inc/stm32wbxx_ll_exti.h ****   *         @arg @ref LL_EXTI_LINE_39
 543:Drivers/STM32WBxx_HAL_Driver/Inc/stm32wbxx_ll_exti.h ****   *         @arg @ref LL_EXTI_LINE_40
 544:Drivers/STM32WBxx_HAL_Driver/Inc/stm32wbxx_ll_exti.h ****   *         @arg @ref LL_EXTI_LINE_41
 545:Drivers/STM32WBxx_HAL_Driver/Inc/stm32wbxx_ll_exti.h ****   *         @arg @ref LL_EXTI_LINE_42
 546:Drivers/STM32WBxx_HAL_Driver/Inc/stm32wbxx_ll_exti.h ****   *         @arg @ref LL_EXTI_LINE_43 (*)
 547:Drivers/STM32WBxx_HAL_Driver/Inc/stm32wbxx_ll_exti.h ****   *         @arg @ref LL_EXTI_LINE_44
 548:Drivers/STM32WBxx_HAL_Driver/Inc/stm32wbxx_ll_exti.h ****   *         @arg @ref LL_EXTI_LINE_45
 549:Drivers/STM32WBxx_HAL_Driver/Inc/stm32wbxx_ll_exti.h ****   *         @arg @ref LL_EXTI_LINE_46 (*)
 550:Drivers/STM32WBxx_HAL_Driver/Inc/stm32wbxx_ll_exti.h ****   *         @arg @ref LL_EXTI_LINE_48
 551:Drivers/STM32WBxx_HAL_Driver/Inc/stm32wbxx_ll_exti.h ****   *         @arg @ref LL_EXTI_LINE_ALL_32_63
 552:Drivers/STM32WBxx_HAL_Driver/Inc/stm32wbxx_ll_exti.h ****   *         (*) value not defined in all devices
 553:Drivers/STM32WBxx_HAL_Driver/Inc/stm32wbxx_ll_exti.h ****   * @retval None
 554:Drivers/STM32WBxx_HAL_Driver/Inc/stm32wbxx_ll_exti.h ****   */
 555:Drivers/STM32WBxx_HAL_Driver/Inc/stm32wbxx_ll_exti.h **** __STATIC_INLINE void LL_C2_EXTI_DisableIT_32_63(uint32_t ExtiLine)
 556:Drivers/STM32WBxx_HAL_Driver/Inc/stm32wbxx_ll_exti.h **** {
 557:Drivers/STM32WBxx_HAL_Driver/Inc/stm32wbxx_ll_exti.h ****   CLEAR_BIT(EXTI->C2IMR2, ExtiLine);
 558:Drivers/STM32WBxx_HAL_Driver/Inc/stm32wbxx_ll_exti.h **** }
 559:Drivers/STM32WBxx_HAL_Driver/Inc/stm32wbxx_ll_exti.h **** 
 560:Drivers/STM32WBxx_HAL_Driver/Inc/stm32wbxx_ll_exti.h **** /**
 561:Drivers/STM32WBxx_HAL_Driver/Inc/stm32wbxx_ll_exti.h ****   * @brief  Indicate if ExtiLine Interrupt request is enabled for Lines in range 0 to 31
 562:Drivers/STM32WBxx_HAL_Driver/Inc/stm32wbxx_ll_exti.h ****   * @rmtoll IMR1         IMx           LL_EXTI_IsEnabledIT_0_31
 563:Drivers/STM32WBxx_HAL_Driver/Inc/stm32wbxx_ll_exti.h ****   * @param  ExtiLine This parameter can be a combination of the following values:
 564:Drivers/STM32WBxx_HAL_Driver/Inc/stm32wbxx_ll_exti.h ****   *         @arg @ref LL_EXTI_LINE_0
 565:Drivers/STM32WBxx_HAL_Driver/Inc/stm32wbxx_ll_exti.h ****   *         @arg @ref LL_EXTI_LINE_1
 566:Drivers/STM32WBxx_HAL_Driver/Inc/stm32wbxx_ll_exti.h ****   *         @arg @ref LL_EXTI_LINE_2
 567:Drivers/STM32WBxx_HAL_Driver/Inc/stm32wbxx_ll_exti.h ****   *         @arg @ref LL_EXTI_LINE_3
 568:Drivers/STM32WBxx_HAL_Driver/Inc/stm32wbxx_ll_exti.h ****   *         @arg @ref LL_EXTI_LINE_4
 569:Drivers/STM32WBxx_HAL_Driver/Inc/stm32wbxx_ll_exti.h ****   *         @arg @ref LL_EXTI_LINE_5
 570:Drivers/STM32WBxx_HAL_Driver/Inc/stm32wbxx_ll_exti.h ****   *         @arg @ref LL_EXTI_LINE_6
 571:Drivers/STM32WBxx_HAL_Driver/Inc/stm32wbxx_ll_exti.h ****   *         @arg @ref LL_EXTI_LINE_7
 572:Drivers/STM32WBxx_HAL_Driver/Inc/stm32wbxx_ll_exti.h ****   *         @arg @ref LL_EXTI_LINE_8
 573:Drivers/STM32WBxx_HAL_Driver/Inc/stm32wbxx_ll_exti.h ****   *         @arg @ref LL_EXTI_LINE_9
 574:Drivers/STM32WBxx_HAL_Driver/Inc/stm32wbxx_ll_exti.h ****   *         @arg @ref LL_EXTI_LINE_10
ARM GAS  C:\Users\843E~1\AppData\Local\Temp\ccj6WFWj.s 			page 62


 575:Drivers/STM32WBxx_HAL_Driver/Inc/stm32wbxx_ll_exti.h ****   *         @arg @ref LL_EXTI_LINE_11
 576:Drivers/STM32WBxx_HAL_Driver/Inc/stm32wbxx_ll_exti.h ****   *         @arg @ref LL_EXTI_LINE_12
 577:Drivers/STM32WBxx_HAL_Driver/Inc/stm32wbxx_ll_exti.h ****   *         @arg @ref LL_EXTI_LINE_13
 578:Drivers/STM32WBxx_HAL_Driver/Inc/stm32wbxx_ll_exti.h ****   *         @arg @ref LL_EXTI_LINE_14
 579:Drivers/STM32WBxx_HAL_Driver/Inc/stm32wbxx_ll_exti.h ****   *         @arg @ref LL_EXTI_LINE_15
 580:Drivers/STM32WBxx_HAL_Driver/Inc/stm32wbxx_ll_exti.h ****   *         @arg @ref LL_EXTI_LINE_16
 581:Drivers/STM32WBxx_HAL_Driver/Inc/stm32wbxx_ll_exti.h ****   *         @arg @ref LL_EXTI_LINE_17
 582:Drivers/STM32WBxx_HAL_Driver/Inc/stm32wbxx_ll_exti.h ****   *         @arg @ref LL_EXTI_LINE_18
 583:Drivers/STM32WBxx_HAL_Driver/Inc/stm32wbxx_ll_exti.h ****   *         @arg @ref LL_EXTI_LINE_19
 584:Drivers/STM32WBxx_HAL_Driver/Inc/stm32wbxx_ll_exti.h ****   *         @arg @ref LL_EXTI_LINE_20 (*)
 585:Drivers/STM32WBxx_HAL_Driver/Inc/stm32wbxx_ll_exti.h ****   *         @arg @ref LL_EXTI_LINE_21 (*)
 586:Drivers/STM32WBxx_HAL_Driver/Inc/stm32wbxx_ll_exti.h ****   *         @arg @ref LL_EXTI_LINE_22
 587:Drivers/STM32WBxx_HAL_Driver/Inc/stm32wbxx_ll_exti.h ****   *         @arg @ref LL_EXTI_LINE_23 (*)
 588:Drivers/STM32WBxx_HAL_Driver/Inc/stm32wbxx_ll_exti.h ****   *         @arg @ref LL_EXTI_LINE_24
 589:Drivers/STM32WBxx_HAL_Driver/Inc/stm32wbxx_ll_exti.h ****   *         @arg @ref LL_EXTI_LINE_25 (*)
 590:Drivers/STM32WBxx_HAL_Driver/Inc/stm32wbxx_ll_exti.h ****   *         @arg @ref LL_EXTI_LINE_28 (*)
 591:Drivers/STM32WBxx_HAL_Driver/Inc/stm32wbxx_ll_exti.h ****   *         @arg @ref LL_EXTI_LINE_29
 592:Drivers/STM32WBxx_HAL_Driver/Inc/stm32wbxx_ll_exti.h ****   *         @arg @ref LL_EXTI_LINE_30
 593:Drivers/STM32WBxx_HAL_Driver/Inc/stm32wbxx_ll_exti.h ****   *         @arg @ref LL_EXTI_LINE_31 (*)
 594:Drivers/STM32WBxx_HAL_Driver/Inc/stm32wbxx_ll_exti.h ****   *         @arg @ref LL_EXTI_LINE_ALL_0_31
 595:Drivers/STM32WBxx_HAL_Driver/Inc/stm32wbxx_ll_exti.h ****   *         (*) value not defined in all devices
 596:Drivers/STM32WBxx_HAL_Driver/Inc/stm32wbxx_ll_exti.h ****   * @retval State of bit (1 or 0).
 597:Drivers/STM32WBxx_HAL_Driver/Inc/stm32wbxx_ll_exti.h ****   */
 598:Drivers/STM32WBxx_HAL_Driver/Inc/stm32wbxx_ll_exti.h **** __STATIC_INLINE uint32_t LL_EXTI_IsEnabledIT_0_31(uint32_t ExtiLine)
 599:Drivers/STM32WBxx_HAL_Driver/Inc/stm32wbxx_ll_exti.h **** {
 600:Drivers/STM32WBxx_HAL_Driver/Inc/stm32wbxx_ll_exti.h ****   return ((READ_BIT(EXTI->IMR1, ExtiLine) == (ExtiLine)) ? 1UL : 0UL);
 601:Drivers/STM32WBxx_HAL_Driver/Inc/stm32wbxx_ll_exti.h **** }
 602:Drivers/STM32WBxx_HAL_Driver/Inc/stm32wbxx_ll_exti.h **** 
 603:Drivers/STM32WBxx_HAL_Driver/Inc/stm32wbxx_ll_exti.h **** /**
 604:Drivers/STM32WBxx_HAL_Driver/Inc/stm32wbxx_ll_exti.h ****   * @brief  Indicate if ExtiLine Interrupt request is enabled for Lines in range 0 to 31 for cpu2
 605:Drivers/STM32WBxx_HAL_Driver/Inc/stm32wbxx_ll_exti.h ****   * @rmtoll C2IMR1         IMx           LL_C2_EXTI_IsEnabledIT_0_31
 606:Drivers/STM32WBxx_HAL_Driver/Inc/stm32wbxx_ll_exti.h ****   * @param  ExtiLine This parameter can be a combination of the following values:
 607:Drivers/STM32WBxx_HAL_Driver/Inc/stm32wbxx_ll_exti.h ****   *         @arg @ref LL_EXTI_LINE_0
 608:Drivers/STM32WBxx_HAL_Driver/Inc/stm32wbxx_ll_exti.h ****   *         @arg @ref LL_EXTI_LINE_1
 609:Drivers/STM32WBxx_HAL_Driver/Inc/stm32wbxx_ll_exti.h ****   *         @arg @ref LL_EXTI_LINE_2
 610:Drivers/STM32WBxx_HAL_Driver/Inc/stm32wbxx_ll_exti.h ****   *         @arg @ref LL_EXTI_LINE_3
 611:Drivers/STM32WBxx_HAL_Driver/Inc/stm32wbxx_ll_exti.h ****   *         @arg @ref LL_EXTI_LINE_4
 612:Drivers/STM32WBxx_HAL_Driver/Inc/stm32wbxx_ll_exti.h ****   *         @arg @ref LL_EXTI_LINE_5
 613:Drivers/STM32WBxx_HAL_Driver/Inc/stm32wbxx_ll_exti.h ****   *         @arg @ref LL_EXTI_LINE_6
 614:Drivers/STM32WBxx_HAL_Driver/Inc/stm32wbxx_ll_exti.h ****   *         @arg @ref LL_EXTI_LINE_7
 615:Drivers/STM32WBxx_HAL_Driver/Inc/stm32wbxx_ll_exti.h ****   *         @arg @ref LL_EXTI_LINE_8
 616:Drivers/STM32WBxx_HAL_Driver/Inc/stm32wbxx_ll_exti.h ****   *         @arg @ref LL_EXTI_LINE_9
 617:Drivers/STM32WBxx_HAL_Driver/Inc/stm32wbxx_ll_exti.h ****   *         @arg @ref LL_EXTI_LINE_10
 618:Drivers/STM32WBxx_HAL_Driver/Inc/stm32wbxx_ll_exti.h ****   *         @arg @ref LL_EXTI_LINE_11
 619:Drivers/STM32WBxx_HAL_Driver/Inc/stm32wbxx_ll_exti.h ****   *         @arg @ref LL_EXTI_LINE_12
 620:Drivers/STM32WBxx_HAL_Driver/Inc/stm32wbxx_ll_exti.h ****   *         @arg @ref LL_EXTI_LINE_13
 621:Drivers/STM32WBxx_HAL_Driver/Inc/stm32wbxx_ll_exti.h ****   *         @arg @ref LL_EXTI_LINE_14
 622:Drivers/STM32WBxx_HAL_Driver/Inc/stm32wbxx_ll_exti.h ****   *         @arg @ref LL_EXTI_LINE_15
 623:Drivers/STM32WBxx_HAL_Driver/Inc/stm32wbxx_ll_exti.h ****   *         @arg @ref LL_EXTI_LINE_16
 624:Drivers/STM32WBxx_HAL_Driver/Inc/stm32wbxx_ll_exti.h ****   *         @arg @ref LL_EXTI_LINE_17
 625:Drivers/STM32WBxx_HAL_Driver/Inc/stm32wbxx_ll_exti.h ****   *         @arg @ref LL_EXTI_LINE_18
 626:Drivers/STM32WBxx_HAL_Driver/Inc/stm32wbxx_ll_exti.h ****   *         @arg @ref LL_EXTI_LINE_19
 627:Drivers/STM32WBxx_HAL_Driver/Inc/stm32wbxx_ll_exti.h ****   *         @arg @ref LL_EXTI_LINE_20 (*)
 628:Drivers/STM32WBxx_HAL_Driver/Inc/stm32wbxx_ll_exti.h ****   *         @arg @ref LL_EXTI_LINE_21 (*)
 629:Drivers/STM32WBxx_HAL_Driver/Inc/stm32wbxx_ll_exti.h ****   *         @arg @ref LL_EXTI_LINE_22
 630:Drivers/STM32WBxx_HAL_Driver/Inc/stm32wbxx_ll_exti.h ****   *         @arg @ref LL_EXTI_LINE_23 (*)
 631:Drivers/STM32WBxx_HAL_Driver/Inc/stm32wbxx_ll_exti.h ****   *         @arg @ref LL_EXTI_LINE_24
ARM GAS  C:\Users\843E~1\AppData\Local\Temp\ccj6WFWj.s 			page 63


 632:Drivers/STM32WBxx_HAL_Driver/Inc/stm32wbxx_ll_exti.h ****   *         @arg @ref LL_EXTI_LINE_25 (*)
 633:Drivers/STM32WBxx_HAL_Driver/Inc/stm32wbxx_ll_exti.h ****   *         @arg @ref LL_EXTI_LINE_28 (*)
 634:Drivers/STM32WBxx_HAL_Driver/Inc/stm32wbxx_ll_exti.h ****   *         @arg @ref LL_EXTI_LINE_29
 635:Drivers/STM32WBxx_HAL_Driver/Inc/stm32wbxx_ll_exti.h ****   *         @arg @ref LL_EXTI_LINE_30
 636:Drivers/STM32WBxx_HAL_Driver/Inc/stm32wbxx_ll_exti.h ****   *         @arg @ref LL_EXTI_LINE_31 (*)
 637:Drivers/STM32WBxx_HAL_Driver/Inc/stm32wbxx_ll_exti.h ****   *         @arg @ref LL_EXTI_LINE_ALL_0_31
 638:Drivers/STM32WBxx_HAL_Driver/Inc/stm32wbxx_ll_exti.h ****   *         (*) value not defined in all devices
 639:Drivers/STM32WBxx_HAL_Driver/Inc/stm32wbxx_ll_exti.h ****   * @retval State of bit (1 or 0).
 640:Drivers/STM32WBxx_HAL_Driver/Inc/stm32wbxx_ll_exti.h ****   */
 641:Drivers/STM32WBxx_HAL_Driver/Inc/stm32wbxx_ll_exti.h **** __STATIC_INLINE uint32_t LL_C2_EXTI_IsEnabledIT_0_31(uint32_t ExtiLine)
 642:Drivers/STM32WBxx_HAL_Driver/Inc/stm32wbxx_ll_exti.h **** {
 643:Drivers/STM32WBxx_HAL_Driver/Inc/stm32wbxx_ll_exti.h ****   return ((READ_BIT(EXTI->C2IMR1, ExtiLine) == (ExtiLine)) ? 1UL : 0UL);
 644:Drivers/STM32WBxx_HAL_Driver/Inc/stm32wbxx_ll_exti.h **** }
 645:Drivers/STM32WBxx_HAL_Driver/Inc/stm32wbxx_ll_exti.h **** 
 646:Drivers/STM32WBxx_HAL_Driver/Inc/stm32wbxx_ll_exti.h **** /**
 647:Drivers/STM32WBxx_HAL_Driver/Inc/stm32wbxx_ll_exti.h ****   * @brief  Indicate if ExtiLine Interrupt request is enabled for Lines in range 32 to 63
 648:Drivers/STM32WBxx_HAL_Driver/Inc/stm32wbxx_ll_exti.h ****   * @rmtoll IMR2         IMx           LL_EXTI_IsEnabledIT_32_63
 649:Drivers/STM32WBxx_HAL_Driver/Inc/stm32wbxx_ll_exti.h ****   * @param  ExtiLine This parameter can be a combination of the following values:
 650:Drivers/STM32WBxx_HAL_Driver/Inc/stm32wbxx_ll_exti.h ****   *         @arg @ref LL_EXTI_LINE_33
 651:Drivers/STM32WBxx_HAL_Driver/Inc/stm32wbxx_ll_exti.h ****   *         @arg @ref LL_EXTI_LINE_36
 652:Drivers/STM32WBxx_HAL_Driver/Inc/stm32wbxx_ll_exti.h ****   *         @arg @ref LL_EXTI_LINE_37
 653:Drivers/STM32WBxx_HAL_Driver/Inc/stm32wbxx_ll_exti.h ****   *         @arg @ref LL_EXTI_LINE_38
 654:Drivers/STM32WBxx_HAL_Driver/Inc/stm32wbxx_ll_exti.h ****   *         @arg @ref LL_EXTI_LINE_39
 655:Drivers/STM32WBxx_HAL_Driver/Inc/stm32wbxx_ll_exti.h ****   *         @arg @ref LL_EXTI_LINE_40
 656:Drivers/STM32WBxx_HAL_Driver/Inc/stm32wbxx_ll_exti.h ****   *         @arg @ref LL_EXTI_LINE_41
 657:Drivers/STM32WBxx_HAL_Driver/Inc/stm32wbxx_ll_exti.h ****   *         @arg @ref LL_EXTI_LINE_42
 658:Drivers/STM32WBxx_HAL_Driver/Inc/stm32wbxx_ll_exti.h ****   *         @arg @ref LL_EXTI_LINE_43 (*)
 659:Drivers/STM32WBxx_HAL_Driver/Inc/stm32wbxx_ll_exti.h ****   *         @arg @ref LL_EXTI_LINE_44
 660:Drivers/STM32WBxx_HAL_Driver/Inc/stm32wbxx_ll_exti.h ****   *         @arg @ref LL_EXTI_LINE_45
 661:Drivers/STM32WBxx_HAL_Driver/Inc/stm32wbxx_ll_exti.h ****   *         @arg @ref LL_EXTI_LINE_46 (*)
 662:Drivers/STM32WBxx_HAL_Driver/Inc/stm32wbxx_ll_exti.h ****   *         @arg @ref LL_EXTI_LINE_48
 663:Drivers/STM32WBxx_HAL_Driver/Inc/stm32wbxx_ll_exti.h ****   *         @arg @ref LL_EXTI_LINE_ALL_32_63
 664:Drivers/STM32WBxx_HAL_Driver/Inc/stm32wbxx_ll_exti.h ****   *         (*) value not defined in all devices
 665:Drivers/STM32WBxx_HAL_Driver/Inc/stm32wbxx_ll_exti.h ****   * @retval State of bit (1 or 0).
 666:Drivers/STM32WBxx_HAL_Driver/Inc/stm32wbxx_ll_exti.h ****   */
 667:Drivers/STM32WBxx_HAL_Driver/Inc/stm32wbxx_ll_exti.h **** __STATIC_INLINE uint32_t LL_EXTI_IsEnabledIT_32_63(uint32_t ExtiLine)
 668:Drivers/STM32WBxx_HAL_Driver/Inc/stm32wbxx_ll_exti.h **** {
 669:Drivers/STM32WBxx_HAL_Driver/Inc/stm32wbxx_ll_exti.h ****   return ((READ_BIT(EXTI->IMR2, ExtiLine) == (ExtiLine)) ? 1UL : 0UL);
 670:Drivers/STM32WBxx_HAL_Driver/Inc/stm32wbxx_ll_exti.h **** }
 671:Drivers/STM32WBxx_HAL_Driver/Inc/stm32wbxx_ll_exti.h **** 
 672:Drivers/STM32WBxx_HAL_Driver/Inc/stm32wbxx_ll_exti.h **** /**
 673:Drivers/STM32WBxx_HAL_Driver/Inc/stm32wbxx_ll_exti.h ****   * @brief  Indicate if ExtiLine Interrupt request is enabled for Lines in range 32 to 63 for cpu2
 674:Drivers/STM32WBxx_HAL_Driver/Inc/stm32wbxx_ll_exti.h ****   * @rmtoll C2IMR2         IMx           LL_C2_EXTI_IsEnabledIT_32_63
 675:Drivers/STM32WBxx_HAL_Driver/Inc/stm32wbxx_ll_exti.h ****   * @param  ExtiLine This parameter can be a combination of the following values:
 676:Drivers/STM32WBxx_HAL_Driver/Inc/stm32wbxx_ll_exti.h ****   *         @arg @ref LL_EXTI_LINE_33
 677:Drivers/STM32WBxx_HAL_Driver/Inc/stm32wbxx_ll_exti.h ****   *         @arg @ref LL_EXTI_LINE_36
 678:Drivers/STM32WBxx_HAL_Driver/Inc/stm32wbxx_ll_exti.h ****   *         @arg @ref LL_EXTI_LINE_37
 679:Drivers/STM32WBxx_HAL_Driver/Inc/stm32wbxx_ll_exti.h ****   *         @arg @ref LL_EXTI_LINE_38
 680:Drivers/STM32WBxx_HAL_Driver/Inc/stm32wbxx_ll_exti.h ****   *         @arg @ref LL_EXTI_LINE_39
 681:Drivers/STM32WBxx_HAL_Driver/Inc/stm32wbxx_ll_exti.h ****   *         @arg @ref LL_EXTI_LINE_40
 682:Drivers/STM32WBxx_HAL_Driver/Inc/stm32wbxx_ll_exti.h ****   *         @arg @ref LL_EXTI_LINE_41
 683:Drivers/STM32WBxx_HAL_Driver/Inc/stm32wbxx_ll_exti.h ****   *         @arg @ref LL_EXTI_LINE_42
 684:Drivers/STM32WBxx_HAL_Driver/Inc/stm32wbxx_ll_exti.h ****   *         @arg @ref LL_EXTI_LINE_43 (*)
 685:Drivers/STM32WBxx_HAL_Driver/Inc/stm32wbxx_ll_exti.h ****   *         @arg @ref LL_EXTI_LINE_44
 686:Drivers/STM32WBxx_HAL_Driver/Inc/stm32wbxx_ll_exti.h ****   *         @arg @ref LL_EXTI_LINE_45
 687:Drivers/STM32WBxx_HAL_Driver/Inc/stm32wbxx_ll_exti.h ****   *         @arg @ref LL_EXTI_LINE_46 (*)
 688:Drivers/STM32WBxx_HAL_Driver/Inc/stm32wbxx_ll_exti.h ****   *         @arg @ref LL_EXTI_LINE_48
ARM GAS  C:\Users\843E~1\AppData\Local\Temp\ccj6WFWj.s 			page 64


 689:Drivers/STM32WBxx_HAL_Driver/Inc/stm32wbxx_ll_exti.h ****   *         @arg @ref LL_EXTI_LINE_ALL_32_63
 690:Drivers/STM32WBxx_HAL_Driver/Inc/stm32wbxx_ll_exti.h ****   *         (*) value not defined in all devices
 691:Drivers/STM32WBxx_HAL_Driver/Inc/stm32wbxx_ll_exti.h ****   * @retval State of bit (1 or 0).
 692:Drivers/STM32WBxx_HAL_Driver/Inc/stm32wbxx_ll_exti.h ****   */
 693:Drivers/STM32WBxx_HAL_Driver/Inc/stm32wbxx_ll_exti.h **** __STATIC_INLINE uint32_t LL_C2_EXTI_IsEnabledIT_32_63(uint32_t ExtiLine)
 694:Drivers/STM32WBxx_HAL_Driver/Inc/stm32wbxx_ll_exti.h **** {
 695:Drivers/STM32WBxx_HAL_Driver/Inc/stm32wbxx_ll_exti.h ****   return ((READ_BIT(EXTI->C2IMR2, ExtiLine) == (ExtiLine)) ? 1UL : 0UL);
 696:Drivers/STM32WBxx_HAL_Driver/Inc/stm32wbxx_ll_exti.h **** }
 697:Drivers/STM32WBxx_HAL_Driver/Inc/stm32wbxx_ll_exti.h **** 
 698:Drivers/STM32WBxx_HAL_Driver/Inc/stm32wbxx_ll_exti.h **** /**
 699:Drivers/STM32WBxx_HAL_Driver/Inc/stm32wbxx_ll_exti.h ****   * @}
 700:Drivers/STM32WBxx_HAL_Driver/Inc/stm32wbxx_ll_exti.h ****   */
 701:Drivers/STM32WBxx_HAL_Driver/Inc/stm32wbxx_ll_exti.h **** 
 702:Drivers/STM32WBxx_HAL_Driver/Inc/stm32wbxx_ll_exti.h **** /** @defgroup EXTI_LL_EF_Event_Management Event_Management
 703:Drivers/STM32WBxx_HAL_Driver/Inc/stm32wbxx_ll_exti.h ****   * @{
 704:Drivers/STM32WBxx_HAL_Driver/Inc/stm32wbxx_ll_exti.h ****   */
 705:Drivers/STM32WBxx_HAL_Driver/Inc/stm32wbxx_ll_exti.h **** 
 706:Drivers/STM32WBxx_HAL_Driver/Inc/stm32wbxx_ll_exti.h **** /**
 707:Drivers/STM32WBxx_HAL_Driver/Inc/stm32wbxx_ll_exti.h ****   * @brief  Enable ExtiLine Event request for Lines in range 0 to 31
 708:Drivers/STM32WBxx_HAL_Driver/Inc/stm32wbxx_ll_exti.h ****   * @rmtoll EMR1         EMx           LL_EXTI_EnableEvent_0_31
 709:Drivers/STM32WBxx_HAL_Driver/Inc/stm32wbxx_ll_exti.h ****   * @param  ExtiLine This parameter can be a combination of the following values:
 710:Drivers/STM32WBxx_HAL_Driver/Inc/stm32wbxx_ll_exti.h ****   *         @arg @ref LL_EXTI_LINE_0
 711:Drivers/STM32WBxx_HAL_Driver/Inc/stm32wbxx_ll_exti.h ****   *         @arg @ref LL_EXTI_LINE_1
 712:Drivers/STM32WBxx_HAL_Driver/Inc/stm32wbxx_ll_exti.h ****   *         @arg @ref LL_EXTI_LINE_2
 713:Drivers/STM32WBxx_HAL_Driver/Inc/stm32wbxx_ll_exti.h ****   *         @arg @ref LL_EXTI_LINE_3
 714:Drivers/STM32WBxx_HAL_Driver/Inc/stm32wbxx_ll_exti.h ****   *         @arg @ref LL_EXTI_LINE_4
 715:Drivers/STM32WBxx_HAL_Driver/Inc/stm32wbxx_ll_exti.h ****   *         @arg @ref LL_EXTI_LINE_5
 716:Drivers/STM32WBxx_HAL_Driver/Inc/stm32wbxx_ll_exti.h ****   *         @arg @ref LL_EXTI_LINE_6
 717:Drivers/STM32WBxx_HAL_Driver/Inc/stm32wbxx_ll_exti.h ****   *         @arg @ref LL_EXTI_LINE_7
 718:Drivers/STM32WBxx_HAL_Driver/Inc/stm32wbxx_ll_exti.h ****   *         @arg @ref LL_EXTI_LINE_8
 719:Drivers/STM32WBxx_HAL_Driver/Inc/stm32wbxx_ll_exti.h ****   *         @arg @ref LL_EXTI_LINE_9
 720:Drivers/STM32WBxx_HAL_Driver/Inc/stm32wbxx_ll_exti.h ****   *         @arg @ref LL_EXTI_LINE_10
 721:Drivers/STM32WBxx_HAL_Driver/Inc/stm32wbxx_ll_exti.h ****   *         @arg @ref LL_EXTI_LINE_11
 722:Drivers/STM32WBxx_HAL_Driver/Inc/stm32wbxx_ll_exti.h ****   *         @arg @ref LL_EXTI_LINE_12
 723:Drivers/STM32WBxx_HAL_Driver/Inc/stm32wbxx_ll_exti.h ****   *         @arg @ref LL_EXTI_LINE_13
 724:Drivers/STM32WBxx_HAL_Driver/Inc/stm32wbxx_ll_exti.h ****   *         @arg @ref LL_EXTI_LINE_14
 725:Drivers/STM32WBxx_HAL_Driver/Inc/stm32wbxx_ll_exti.h ****   *         @arg @ref LL_EXTI_LINE_15
 726:Drivers/STM32WBxx_HAL_Driver/Inc/stm32wbxx_ll_exti.h ****   *         @arg @ref LL_EXTI_LINE_17
 727:Drivers/STM32WBxx_HAL_Driver/Inc/stm32wbxx_ll_exti.h ****   *         @arg @ref LL_EXTI_LINE_18
 728:Drivers/STM32WBxx_HAL_Driver/Inc/stm32wbxx_ll_exti.h ****   *         @arg @ref LL_EXTI_LINE_19
 729:Drivers/STM32WBxx_HAL_Driver/Inc/stm32wbxx_ll_exti.h ****   *         @arg @ref LL_EXTI_LINE_20 (*)
 730:Drivers/STM32WBxx_HAL_Driver/Inc/stm32wbxx_ll_exti.h ****   *         @arg @ref LL_EXTI_LINE_21 (*)
 731:Drivers/STM32WBxx_HAL_Driver/Inc/stm32wbxx_ll_exti.h ****   *         (*) value not defined in all devices
 732:Drivers/STM32WBxx_HAL_Driver/Inc/stm32wbxx_ll_exti.h ****   * @retval None
 733:Drivers/STM32WBxx_HAL_Driver/Inc/stm32wbxx_ll_exti.h ****   */
 734:Drivers/STM32WBxx_HAL_Driver/Inc/stm32wbxx_ll_exti.h **** __STATIC_INLINE void LL_EXTI_EnableEvent_0_31(uint32_t ExtiLine)
 735:Drivers/STM32WBxx_HAL_Driver/Inc/stm32wbxx_ll_exti.h **** {
 736:Drivers/STM32WBxx_HAL_Driver/Inc/stm32wbxx_ll_exti.h ****   SET_BIT(EXTI->EMR1, ExtiLine);
 737:Drivers/STM32WBxx_HAL_Driver/Inc/stm32wbxx_ll_exti.h **** }
 738:Drivers/STM32WBxx_HAL_Driver/Inc/stm32wbxx_ll_exti.h **** 
 739:Drivers/STM32WBxx_HAL_Driver/Inc/stm32wbxx_ll_exti.h **** /**
 740:Drivers/STM32WBxx_HAL_Driver/Inc/stm32wbxx_ll_exti.h ****   * @brief  Enable ExtiLine Event request for Lines in range 0 to 31 for cpu2
 741:Drivers/STM32WBxx_HAL_Driver/Inc/stm32wbxx_ll_exti.h ****   * @rmtoll C2EMR1         EMx           LL_C2_EXTI_EnableEvent_0_31
 742:Drivers/STM32WBxx_HAL_Driver/Inc/stm32wbxx_ll_exti.h ****   * @param  ExtiLine This parameter can be a combination of the following values:
 743:Drivers/STM32WBxx_HAL_Driver/Inc/stm32wbxx_ll_exti.h ****   *         @arg @ref LL_EXTI_LINE_0
 744:Drivers/STM32WBxx_HAL_Driver/Inc/stm32wbxx_ll_exti.h ****   *         @arg @ref LL_EXTI_LINE_1
 745:Drivers/STM32WBxx_HAL_Driver/Inc/stm32wbxx_ll_exti.h ****   *         @arg @ref LL_EXTI_LINE_2
ARM GAS  C:\Users\843E~1\AppData\Local\Temp\ccj6WFWj.s 			page 65


 746:Drivers/STM32WBxx_HAL_Driver/Inc/stm32wbxx_ll_exti.h ****   *         @arg @ref LL_EXTI_LINE_3
 747:Drivers/STM32WBxx_HAL_Driver/Inc/stm32wbxx_ll_exti.h ****   *         @arg @ref LL_EXTI_LINE_4
 748:Drivers/STM32WBxx_HAL_Driver/Inc/stm32wbxx_ll_exti.h ****   *         @arg @ref LL_EXTI_LINE_5
 749:Drivers/STM32WBxx_HAL_Driver/Inc/stm32wbxx_ll_exti.h ****   *         @arg @ref LL_EXTI_LINE_6
 750:Drivers/STM32WBxx_HAL_Driver/Inc/stm32wbxx_ll_exti.h ****   *         @arg @ref LL_EXTI_LINE_7
 751:Drivers/STM32WBxx_HAL_Driver/Inc/stm32wbxx_ll_exti.h ****   *         @arg @ref LL_EXTI_LINE_8
 752:Drivers/STM32WBxx_HAL_Driver/Inc/stm32wbxx_ll_exti.h ****   *         @arg @ref LL_EXTI_LINE_9
 753:Drivers/STM32WBxx_HAL_Driver/Inc/stm32wbxx_ll_exti.h ****   *         @arg @ref LL_EXTI_LINE_10
 754:Drivers/STM32WBxx_HAL_Driver/Inc/stm32wbxx_ll_exti.h ****   *         @arg @ref LL_EXTI_LINE_11
 755:Drivers/STM32WBxx_HAL_Driver/Inc/stm32wbxx_ll_exti.h ****   *         @arg @ref LL_EXTI_LINE_12
 756:Drivers/STM32WBxx_HAL_Driver/Inc/stm32wbxx_ll_exti.h ****   *         @arg @ref LL_EXTI_LINE_13
 757:Drivers/STM32WBxx_HAL_Driver/Inc/stm32wbxx_ll_exti.h ****   *         @arg @ref LL_EXTI_LINE_14
 758:Drivers/STM32WBxx_HAL_Driver/Inc/stm32wbxx_ll_exti.h ****   *         @arg @ref LL_EXTI_LINE_15
 759:Drivers/STM32WBxx_HAL_Driver/Inc/stm32wbxx_ll_exti.h ****   *         @arg @ref LL_EXTI_LINE_17
 760:Drivers/STM32WBxx_HAL_Driver/Inc/stm32wbxx_ll_exti.h ****   *         @arg @ref LL_EXTI_LINE_18
 761:Drivers/STM32WBxx_HAL_Driver/Inc/stm32wbxx_ll_exti.h ****   *         @arg @ref LL_EXTI_LINE_19
 762:Drivers/STM32WBxx_HAL_Driver/Inc/stm32wbxx_ll_exti.h ****   *         @arg @ref LL_EXTI_LINE_20 (*)
 763:Drivers/STM32WBxx_HAL_Driver/Inc/stm32wbxx_ll_exti.h ****   *         @arg @ref LL_EXTI_LINE_21 (*)
 764:Drivers/STM32WBxx_HAL_Driver/Inc/stm32wbxx_ll_exti.h ****   *         (*) value not defined in all devices
 765:Drivers/STM32WBxx_HAL_Driver/Inc/stm32wbxx_ll_exti.h ****   * @retval None
 766:Drivers/STM32WBxx_HAL_Driver/Inc/stm32wbxx_ll_exti.h ****   */
 767:Drivers/STM32WBxx_HAL_Driver/Inc/stm32wbxx_ll_exti.h **** __STATIC_INLINE void LL_C2_EXTI_EnableEvent_0_31(uint32_t ExtiLine)
 768:Drivers/STM32WBxx_HAL_Driver/Inc/stm32wbxx_ll_exti.h **** {
 769:Drivers/STM32WBxx_HAL_Driver/Inc/stm32wbxx_ll_exti.h ****   SET_BIT(EXTI->C2EMR1, ExtiLine);
 770:Drivers/STM32WBxx_HAL_Driver/Inc/stm32wbxx_ll_exti.h **** }
 771:Drivers/STM32WBxx_HAL_Driver/Inc/stm32wbxx_ll_exti.h **** 
 772:Drivers/STM32WBxx_HAL_Driver/Inc/stm32wbxx_ll_exti.h **** /**
 773:Drivers/STM32WBxx_HAL_Driver/Inc/stm32wbxx_ll_exti.h ****   * @brief  Enable ExtiLine Event request for Lines in range 32 to 63
 774:Drivers/STM32WBxx_HAL_Driver/Inc/stm32wbxx_ll_exti.h ****   * @rmtoll EMR2         EMx           LL_EXTI_EnableEvent_32_63
 775:Drivers/STM32WBxx_HAL_Driver/Inc/stm32wbxx_ll_exti.h ****   * @param  ExtiLine This parameter can be a combination of the following values:
 776:Drivers/STM32WBxx_HAL_Driver/Inc/stm32wbxx_ll_exti.h ****   *         @arg @ref LL_EXTI_LINE_40
 777:Drivers/STM32WBxx_HAL_Driver/Inc/stm32wbxx_ll_exti.h ****   *         @arg @ref LL_EXTI_LINE_41
 778:Drivers/STM32WBxx_HAL_Driver/Inc/stm32wbxx_ll_exti.h ****   * @retval None
 779:Drivers/STM32WBxx_HAL_Driver/Inc/stm32wbxx_ll_exti.h ****   */
 780:Drivers/STM32WBxx_HAL_Driver/Inc/stm32wbxx_ll_exti.h **** __STATIC_INLINE void LL_EXTI_EnableEvent_32_63(uint32_t ExtiLine)
 781:Drivers/STM32WBxx_HAL_Driver/Inc/stm32wbxx_ll_exti.h **** {
 782:Drivers/STM32WBxx_HAL_Driver/Inc/stm32wbxx_ll_exti.h ****   SET_BIT(EXTI->EMR2, ExtiLine);
 783:Drivers/STM32WBxx_HAL_Driver/Inc/stm32wbxx_ll_exti.h **** }
 784:Drivers/STM32WBxx_HAL_Driver/Inc/stm32wbxx_ll_exti.h **** 
 785:Drivers/STM32WBxx_HAL_Driver/Inc/stm32wbxx_ll_exti.h **** /**
 786:Drivers/STM32WBxx_HAL_Driver/Inc/stm32wbxx_ll_exti.h ****   * @brief  Enable ExtiLine Event request for Lines in range 32 to 63 for cpu2
 787:Drivers/STM32WBxx_HAL_Driver/Inc/stm32wbxx_ll_exti.h ****   * @rmtoll C2EMR2         EMx           LL_C2_EXTI_EnableEvent_32_63
 788:Drivers/STM32WBxx_HAL_Driver/Inc/stm32wbxx_ll_exti.h ****   * @param  ExtiLine This parameter can be a combination of the following values:
 789:Drivers/STM32WBxx_HAL_Driver/Inc/stm32wbxx_ll_exti.h ****   *         @arg @ref LL_EXTI_LINE_40
 790:Drivers/STM32WBxx_HAL_Driver/Inc/stm32wbxx_ll_exti.h ****   *         @arg @ref LL_EXTI_LINE_41
 791:Drivers/STM32WBxx_HAL_Driver/Inc/stm32wbxx_ll_exti.h ****   * @retval None
 792:Drivers/STM32WBxx_HAL_Driver/Inc/stm32wbxx_ll_exti.h ****   */
 793:Drivers/STM32WBxx_HAL_Driver/Inc/stm32wbxx_ll_exti.h **** __STATIC_INLINE void LL_C2_EXTI_EnableEvent_32_63(uint32_t ExtiLine)
 794:Drivers/STM32WBxx_HAL_Driver/Inc/stm32wbxx_ll_exti.h **** {
 795:Drivers/STM32WBxx_HAL_Driver/Inc/stm32wbxx_ll_exti.h ****   SET_BIT(EXTI->C2EMR2, ExtiLine);
 796:Drivers/STM32WBxx_HAL_Driver/Inc/stm32wbxx_ll_exti.h **** }
 797:Drivers/STM32WBxx_HAL_Driver/Inc/stm32wbxx_ll_exti.h **** 
 798:Drivers/STM32WBxx_HAL_Driver/Inc/stm32wbxx_ll_exti.h **** /**
 799:Drivers/STM32WBxx_HAL_Driver/Inc/stm32wbxx_ll_exti.h ****   * @brief  Disable ExtiLine Event request for Lines in range 0 to 31
 800:Drivers/STM32WBxx_HAL_Driver/Inc/stm32wbxx_ll_exti.h ****   * @rmtoll EMR1         EMx           LL_EXTI_DisableEvent_0_31
 801:Drivers/STM32WBxx_HAL_Driver/Inc/stm32wbxx_ll_exti.h ****   * @param  ExtiLine This parameter can be a combination of the following values:
 802:Drivers/STM32WBxx_HAL_Driver/Inc/stm32wbxx_ll_exti.h ****   *         @arg @ref LL_EXTI_LINE_0
ARM GAS  C:\Users\843E~1\AppData\Local\Temp\ccj6WFWj.s 			page 66


 803:Drivers/STM32WBxx_HAL_Driver/Inc/stm32wbxx_ll_exti.h ****   *         @arg @ref LL_EXTI_LINE_1
 804:Drivers/STM32WBxx_HAL_Driver/Inc/stm32wbxx_ll_exti.h ****   *         @arg @ref LL_EXTI_LINE_2
 805:Drivers/STM32WBxx_HAL_Driver/Inc/stm32wbxx_ll_exti.h ****   *         @arg @ref LL_EXTI_LINE_3
 806:Drivers/STM32WBxx_HAL_Driver/Inc/stm32wbxx_ll_exti.h ****   *         @arg @ref LL_EXTI_LINE_4
 807:Drivers/STM32WBxx_HAL_Driver/Inc/stm32wbxx_ll_exti.h ****   *         @arg @ref LL_EXTI_LINE_5
 808:Drivers/STM32WBxx_HAL_Driver/Inc/stm32wbxx_ll_exti.h ****   *         @arg @ref LL_EXTI_LINE_6
 809:Drivers/STM32WBxx_HAL_Driver/Inc/stm32wbxx_ll_exti.h ****   *         @arg @ref LL_EXTI_LINE_7
 810:Drivers/STM32WBxx_HAL_Driver/Inc/stm32wbxx_ll_exti.h ****   *         @arg @ref LL_EXTI_LINE_8
 811:Drivers/STM32WBxx_HAL_Driver/Inc/stm32wbxx_ll_exti.h ****   *         @arg @ref LL_EXTI_LINE_9
 812:Drivers/STM32WBxx_HAL_Driver/Inc/stm32wbxx_ll_exti.h ****   *         @arg @ref LL_EXTI_LINE_10
 813:Drivers/STM32WBxx_HAL_Driver/Inc/stm32wbxx_ll_exti.h ****   *         @arg @ref LL_EXTI_LINE_11
 814:Drivers/STM32WBxx_HAL_Driver/Inc/stm32wbxx_ll_exti.h ****   *         @arg @ref LL_EXTI_LINE_12
 815:Drivers/STM32WBxx_HAL_Driver/Inc/stm32wbxx_ll_exti.h ****   *         @arg @ref LL_EXTI_LINE_13
 816:Drivers/STM32WBxx_HAL_Driver/Inc/stm32wbxx_ll_exti.h ****   *         @arg @ref LL_EXTI_LINE_14
 817:Drivers/STM32WBxx_HAL_Driver/Inc/stm32wbxx_ll_exti.h ****   *         @arg @ref LL_EXTI_LINE_15
 818:Drivers/STM32WBxx_HAL_Driver/Inc/stm32wbxx_ll_exti.h ****   *         @arg @ref LL_EXTI_LINE_17
 819:Drivers/STM32WBxx_HAL_Driver/Inc/stm32wbxx_ll_exti.h ****   *         @arg @ref LL_EXTI_LINE_18
 820:Drivers/STM32WBxx_HAL_Driver/Inc/stm32wbxx_ll_exti.h ****   *         @arg @ref LL_EXTI_LINE_19
 821:Drivers/STM32WBxx_HAL_Driver/Inc/stm32wbxx_ll_exti.h ****   *         @arg @ref LL_EXTI_LINE_20 (*)
 822:Drivers/STM32WBxx_HAL_Driver/Inc/stm32wbxx_ll_exti.h ****   *         @arg @ref LL_EXTI_LINE_21 (*)
 823:Drivers/STM32WBxx_HAL_Driver/Inc/stm32wbxx_ll_exti.h ****   * @retval None
 824:Drivers/STM32WBxx_HAL_Driver/Inc/stm32wbxx_ll_exti.h ****   */
 825:Drivers/STM32WBxx_HAL_Driver/Inc/stm32wbxx_ll_exti.h **** __STATIC_INLINE void LL_EXTI_DisableEvent_0_31(uint32_t ExtiLine)
 826:Drivers/STM32WBxx_HAL_Driver/Inc/stm32wbxx_ll_exti.h **** {
 827:Drivers/STM32WBxx_HAL_Driver/Inc/stm32wbxx_ll_exti.h ****   CLEAR_BIT(EXTI->EMR1, ExtiLine);
 828:Drivers/STM32WBxx_HAL_Driver/Inc/stm32wbxx_ll_exti.h **** }
 829:Drivers/STM32WBxx_HAL_Driver/Inc/stm32wbxx_ll_exti.h **** 
 830:Drivers/STM32WBxx_HAL_Driver/Inc/stm32wbxx_ll_exti.h **** /**
 831:Drivers/STM32WBxx_HAL_Driver/Inc/stm32wbxx_ll_exti.h ****   * @brief  Disable ExtiLine Event request for Lines in range 0 to 31 for cpu2
 832:Drivers/STM32WBxx_HAL_Driver/Inc/stm32wbxx_ll_exti.h ****   * @rmtoll C2EMR1         EMx           LL_C2_EXTI_DisableEvent_0_31
 833:Drivers/STM32WBxx_HAL_Driver/Inc/stm32wbxx_ll_exti.h ****   * @param  ExtiLine This parameter can be a combination of the following values:
 834:Drivers/STM32WBxx_HAL_Driver/Inc/stm32wbxx_ll_exti.h ****   *         @arg @ref LL_EXTI_LINE_0
 835:Drivers/STM32WBxx_HAL_Driver/Inc/stm32wbxx_ll_exti.h ****   *         @arg @ref LL_EXTI_LINE_1
 836:Drivers/STM32WBxx_HAL_Driver/Inc/stm32wbxx_ll_exti.h ****   *         @arg @ref LL_EXTI_LINE_2
 837:Drivers/STM32WBxx_HAL_Driver/Inc/stm32wbxx_ll_exti.h ****   *         @arg @ref LL_EXTI_LINE_3
 838:Drivers/STM32WBxx_HAL_Driver/Inc/stm32wbxx_ll_exti.h ****   *         @arg @ref LL_EXTI_LINE_4
 839:Drivers/STM32WBxx_HAL_Driver/Inc/stm32wbxx_ll_exti.h ****   *         @arg @ref LL_EXTI_LINE_5
 840:Drivers/STM32WBxx_HAL_Driver/Inc/stm32wbxx_ll_exti.h ****   *         @arg @ref LL_EXTI_LINE_6
 841:Drivers/STM32WBxx_HAL_Driver/Inc/stm32wbxx_ll_exti.h ****   *         @arg @ref LL_EXTI_LINE_7
 842:Drivers/STM32WBxx_HAL_Driver/Inc/stm32wbxx_ll_exti.h ****   *         @arg @ref LL_EXTI_LINE_8
 843:Drivers/STM32WBxx_HAL_Driver/Inc/stm32wbxx_ll_exti.h ****   *         @arg @ref LL_EXTI_LINE_9
 844:Drivers/STM32WBxx_HAL_Driver/Inc/stm32wbxx_ll_exti.h ****   *         @arg @ref LL_EXTI_LINE_10
 845:Drivers/STM32WBxx_HAL_Driver/Inc/stm32wbxx_ll_exti.h ****   *         @arg @ref LL_EXTI_LINE_11
 846:Drivers/STM32WBxx_HAL_Driver/Inc/stm32wbxx_ll_exti.h ****   *         @arg @ref LL_EXTI_LINE_12
 847:Drivers/STM32WBxx_HAL_Driver/Inc/stm32wbxx_ll_exti.h ****   *         @arg @ref LL_EXTI_LINE_13
 848:Drivers/STM32WBxx_HAL_Driver/Inc/stm32wbxx_ll_exti.h ****   *         @arg @ref LL_EXTI_LINE_14
 849:Drivers/STM32WBxx_HAL_Driver/Inc/stm32wbxx_ll_exti.h ****   *         @arg @ref LL_EXTI_LINE_15
 850:Drivers/STM32WBxx_HAL_Driver/Inc/stm32wbxx_ll_exti.h ****   *         @arg @ref LL_EXTI_LINE_17
 851:Drivers/STM32WBxx_HAL_Driver/Inc/stm32wbxx_ll_exti.h ****   *         @arg @ref LL_EXTI_LINE_18
 852:Drivers/STM32WBxx_HAL_Driver/Inc/stm32wbxx_ll_exti.h ****   *         @arg @ref LL_EXTI_LINE_19
 853:Drivers/STM32WBxx_HAL_Driver/Inc/stm32wbxx_ll_exti.h ****   *         @arg @ref LL_EXTI_LINE_20 (*)
 854:Drivers/STM32WBxx_HAL_Driver/Inc/stm32wbxx_ll_exti.h ****   *         @arg @ref LL_EXTI_LINE_21 (*)
 855:Drivers/STM32WBxx_HAL_Driver/Inc/stm32wbxx_ll_exti.h ****   *         (*) value not defined in all devices
 856:Drivers/STM32WBxx_HAL_Driver/Inc/stm32wbxx_ll_exti.h ****   * @retval None
 857:Drivers/STM32WBxx_HAL_Driver/Inc/stm32wbxx_ll_exti.h ****   */
 858:Drivers/STM32WBxx_HAL_Driver/Inc/stm32wbxx_ll_exti.h **** __STATIC_INLINE void LL_C2_EXTI_DisableEvent_0_31(uint32_t ExtiLine)
 859:Drivers/STM32WBxx_HAL_Driver/Inc/stm32wbxx_ll_exti.h **** {
ARM GAS  C:\Users\843E~1\AppData\Local\Temp\ccj6WFWj.s 			page 67


 860:Drivers/STM32WBxx_HAL_Driver/Inc/stm32wbxx_ll_exti.h ****   CLEAR_BIT(EXTI->C2EMR1, ExtiLine);
 861:Drivers/STM32WBxx_HAL_Driver/Inc/stm32wbxx_ll_exti.h **** }
 862:Drivers/STM32WBxx_HAL_Driver/Inc/stm32wbxx_ll_exti.h **** 
 863:Drivers/STM32WBxx_HAL_Driver/Inc/stm32wbxx_ll_exti.h **** /**
 864:Drivers/STM32WBxx_HAL_Driver/Inc/stm32wbxx_ll_exti.h ****   * @brief  Disable ExtiLine Event request for Lines in range 32 to 63
 865:Drivers/STM32WBxx_HAL_Driver/Inc/stm32wbxx_ll_exti.h ****   * @rmtoll EMR2         EMx           LL_EXTI_DisableEvent_32_63
 866:Drivers/STM32WBxx_HAL_Driver/Inc/stm32wbxx_ll_exti.h ****   * @param  ExtiLine This parameter can be a combination of the following values:
 867:Drivers/STM32WBxx_HAL_Driver/Inc/stm32wbxx_ll_exti.h ****   *         @arg @ref LL_EXTI_LINE_40
 868:Drivers/STM32WBxx_HAL_Driver/Inc/stm32wbxx_ll_exti.h ****   *         @arg @ref LL_EXTI_LINE_41
 869:Drivers/STM32WBxx_HAL_Driver/Inc/stm32wbxx_ll_exti.h ****   *         (*) value not defined in all devices
 870:Drivers/STM32WBxx_HAL_Driver/Inc/stm32wbxx_ll_exti.h ****   * @retval None
 871:Drivers/STM32WBxx_HAL_Driver/Inc/stm32wbxx_ll_exti.h ****   */
 872:Drivers/STM32WBxx_HAL_Driver/Inc/stm32wbxx_ll_exti.h **** __STATIC_INLINE void LL_EXTI_DisableEvent_32_63(uint32_t ExtiLine)
 873:Drivers/STM32WBxx_HAL_Driver/Inc/stm32wbxx_ll_exti.h **** {
 874:Drivers/STM32WBxx_HAL_Driver/Inc/stm32wbxx_ll_exti.h ****   CLEAR_BIT(EXTI->EMR2, ExtiLine);
 875:Drivers/STM32WBxx_HAL_Driver/Inc/stm32wbxx_ll_exti.h **** }
 876:Drivers/STM32WBxx_HAL_Driver/Inc/stm32wbxx_ll_exti.h **** 
 877:Drivers/STM32WBxx_HAL_Driver/Inc/stm32wbxx_ll_exti.h **** /**
 878:Drivers/STM32WBxx_HAL_Driver/Inc/stm32wbxx_ll_exti.h ****   * @brief  Disable ExtiLine Event request for Lines in range 32 to 63 for cpu2
 879:Drivers/STM32WBxx_HAL_Driver/Inc/stm32wbxx_ll_exti.h ****   * @rmtoll C2EMR2         EMx           LL_C2_EXTI_DisableEvent_32_63
 880:Drivers/STM32WBxx_HAL_Driver/Inc/stm32wbxx_ll_exti.h ****   * @param  ExtiLine This parameter can be a combination of the following values:
 881:Drivers/STM32WBxx_HAL_Driver/Inc/stm32wbxx_ll_exti.h ****   *         @arg @ref LL_EXTI_LINE_40
 882:Drivers/STM32WBxx_HAL_Driver/Inc/stm32wbxx_ll_exti.h ****   *         @arg @ref LL_EXTI_LINE_41
 883:Drivers/STM32WBxx_HAL_Driver/Inc/stm32wbxx_ll_exti.h ****   * @retval None
 884:Drivers/STM32WBxx_HAL_Driver/Inc/stm32wbxx_ll_exti.h ****   */
 885:Drivers/STM32WBxx_HAL_Driver/Inc/stm32wbxx_ll_exti.h **** __STATIC_INLINE void LL_C2_EXTI_DisableEvent_32_63(uint32_t ExtiLine)
 886:Drivers/STM32WBxx_HAL_Driver/Inc/stm32wbxx_ll_exti.h **** {
 887:Drivers/STM32WBxx_HAL_Driver/Inc/stm32wbxx_ll_exti.h ****   CLEAR_BIT(EXTI->C2EMR2, ExtiLine);
 888:Drivers/STM32WBxx_HAL_Driver/Inc/stm32wbxx_ll_exti.h **** }
 889:Drivers/STM32WBxx_HAL_Driver/Inc/stm32wbxx_ll_exti.h **** 
 890:Drivers/STM32WBxx_HAL_Driver/Inc/stm32wbxx_ll_exti.h **** /**
 891:Drivers/STM32WBxx_HAL_Driver/Inc/stm32wbxx_ll_exti.h ****   * @brief  Indicate if ExtiLine Event request is enabled for Lines in range 0 to 31
 892:Drivers/STM32WBxx_HAL_Driver/Inc/stm32wbxx_ll_exti.h ****   * @rmtoll EMR1         EMx           LL_EXTI_IsEnabledEvent_0_31
 893:Drivers/STM32WBxx_HAL_Driver/Inc/stm32wbxx_ll_exti.h ****   * @param  ExtiLine This parameter can be a combination of the following values:
 894:Drivers/STM32WBxx_HAL_Driver/Inc/stm32wbxx_ll_exti.h ****   *         @arg @ref LL_EXTI_LINE_0
 895:Drivers/STM32WBxx_HAL_Driver/Inc/stm32wbxx_ll_exti.h ****   *         @arg @ref LL_EXTI_LINE_1
 896:Drivers/STM32WBxx_HAL_Driver/Inc/stm32wbxx_ll_exti.h ****   *         @arg @ref LL_EXTI_LINE_2
 897:Drivers/STM32WBxx_HAL_Driver/Inc/stm32wbxx_ll_exti.h ****   *         @arg @ref LL_EXTI_LINE_3
 898:Drivers/STM32WBxx_HAL_Driver/Inc/stm32wbxx_ll_exti.h ****   *         @arg @ref LL_EXTI_LINE_4
 899:Drivers/STM32WBxx_HAL_Driver/Inc/stm32wbxx_ll_exti.h ****   *         @arg @ref LL_EXTI_LINE_5
 900:Drivers/STM32WBxx_HAL_Driver/Inc/stm32wbxx_ll_exti.h ****   *         @arg @ref LL_EXTI_LINE_6
 901:Drivers/STM32WBxx_HAL_Driver/Inc/stm32wbxx_ll_exti.h ****   *         @arg @ref LL_EXTI_LINE_7
 902:Drivers/STM32WBxx_HAL_Driver/Inc/stm32wbxx_ll_exti.h ****   *         @arg @ref LL_EXTI_LINE_8
 903:Drivers/STM32WBxx_HAL_Driver/Inc/stm32wbxx_ll_exti.h ****   *         @arg @ref LL_EXTI_LINE_9
 904:Drivers/STM32WBxx_HAL_Driver/Inc/stm32wbxx_ll_exti.h ****   *         @arg @ref LL_EXTI_LINE_10
 905:Drivers/STM32WBxx_HAL_Driver/Inc/stm32wbxx_ll_exti.h ****   *         @arg @ref LL_EXTI_LINE_11
 906:Drivers/STM32WBxx_HAL_Driver/Inc/stm32wbxx_ll_exti.h ****   *         @arg @ref LL_EXTI_LINE_12
 907:Drivers/STM32WBxx_HAL_Driver/Inc/stm32wbxx_ll_exti.h ****   *         @arg @ref LL_EXTI_LINE_13
 908:Drivers/STM32WBxx_HAL_Driver/Inc/stm32wbxx_ll_exti.h ****   *         @arg @ref LL_EXTI_LINE_14
 909:Drivers/STM32WBxx_HAL_Driver/Inc/stm32wbxx_ll_exti.h ****   *         @arg @ref LL_EXTI_LINE_15
 910:Drivers/STM32WBxx_HAL_Driver/Inc/stm32wbxx_ll_exti.h ****   *         @arg @ref LL_EXTI_LINE_17
 911:Drivers/STM32WBxx_HAL_Driver/Inc/stm32wbxx_ll_exti.h ****   *         @arg @ref LL_EXTI_LINE_18
 912:Drivers/STM32WBxx_HAL_Driver/Inc/stm32wbxx_ll_exti.h ****   *         @arg @ref LL_EXTI_LINE_19
 913:Drivers/STM32WBxx_HAL_Driver/Inc/stm32wbxx_ll_exti.h ****   *         @arg @ref LL_EXTI_LINE_20 (*)
 914:Drivers/STM32WBxx_HAL_Driver/Inc/stm32wbxx_ll_exti.h ****   *         @arg @ref LL_EXTI_LINE_21 (*)
 915:Drivers/STM32WBxx_HAL_Driver/Inc/stm32wbxx_ll_exti.h ****   *         (*) value not defined in all devices
 916:Drivers/STM32WBxx_HAL_Driver/Inc/stm32wbxx_ll_exti.h ****   * @note   Please check each device line mapping for EXTI Line availability
ARM GAS  C:\Users\843E~1\AppData\Local\Temp\ccj6WFWj.s 			page 68


 917:Drivers/STM32WBxx_HAL_Driver/Inc/stm32wbxx_ll_exti.h ****   * @retval State of bit (1 or 0).
 918:Drivers/STM32WBxx_HAL_Driver/Inc/stm32wbxx_ll_exti.h ****   */
 919:Drivers/STM32WBxx_HAL_Driver/Inc/stm32wbxx_ll_exti.h **** __STATIC_INLINE uint32_t LL_EXTI_IsEnabledEvent_0_31(uint32_t ExtiLine)
 920:Drivers/STM32WBxx_HAL_Driver/Inc/stm32wbxx_ll_exti.h **** {
 921:Drivers/STM32WBxx_HAL_Driver/Inc/stm32wbxx_ll_exti.h ****   return ((READ_BIT(EXTI->EMR1, ExtiLine) == (ExtiLine)) ? 1UL : 0UL);
 922:Drivers/STM32WBxx_HAL_Driver/Inc/stm32wbxx_ll_exti.h **** }
 923:Drivers/STM32WBxx_HAL_Driver/Inc/stm32wbxx_ll_exti.h **** 
 924:Drivers/STM32WBxx_HAL_Driver/Inc/stm32wbxx_ll_exti.h **** /**
 925:Drivers/STM32WBxx_HAL_Driver/Inc/stm32wbxx_ll_exti.h ****   * @brief  Indicate if ExtiLine Event request is enabled for Lines in range 0 to 31 for cpu2
 926:Drivers/STM32WBxx_HAL_Driver/Inc/stm32wbxx_ll_exti.h ****   * @rmtoll C2EMR1         EMx           LL_C2_EXTI_IsEnabledEvent_0_31
 927:Drivers/STM32WBxx_HAL_Driver/Inc/stm32wbxx_ll_exti.h ****   * @param  ExtiLine This parameter can be a combination of the following values:
 928:Drivers/STM32WBxx_HAL_Driver/Inc/stm32wbxx_ll_exti.h ****   *         @arg @ref LL_EXTI_LINE_0
 929:Drivers/STM32WBxx_HAL_Driver/Inc/stm32wbxx_ll_exti.h ****   *         @arg @ref LL_EXTI_LINE_1
 930:Drivers/STM32WBxx_HAL_Driver/Inc/stm32wbxx_ll_exti.h ****   *         @arg @ref LL_EXTI_LINE_2
 931:Drivers/STM32WBxx_HAL_Driver/Inc/stm32wbxx_ll_exti.h ****   *         @arg @ref LL_EXTI_LINE_3
 932:Drivers/STM32WBxx_HAL_Driver/Inc/stm32wbxx_ll_exti.h ****   *         @arg @ref LL_EXTI_LINE_4
 933:Drivers/STM32WBxx_HAL_Driver/Inc/stm32wbxx_ll_exti.h ****   *         @arg @ref LL_EXTI_LINE_5
 934:Drivers/STM32WBxx_HAL_Driver/Inc/stm32wbxx_ll_exti.h ****   *         @arg @ref LL_EXTI_LINE_6
 935:Drivers/STM32WBxx_HAL_Driver/Inc/stm32wbxx_ll_exti.h ****   *         @arg @ref LL_EXTI_LINE_7
 936:Drivers/STM32WBxx_HAL_Driver/Inc/stm32wbxx_ll_exti.h ****   *         @arg @ref LL_EXTI_LINE_8
 937:Drivers/STM32WBxx_HAL_Driver/Inc/stm32wbxx_ll_exti.h ****   *         @arg @ref LL_EXTI_LINE_9
 938:Drivers/STM32WBxx_HAL_Driver/Inc/stm32wbxx_ll_exti.h ****   *         @arg @ref LL_EXTI_LINE_10
 939:Drivers/STM32WBxx_HAL_Driver/Inc/stm32wbxx_ll_exti.h ****   *         @arg @ref LL_EXTI_LINE_11
 940:Drivers/STM32WBxx_HAL_Driver/Inc/stm32wbxx_ll_exti.h ****   *         @arg @ref LL_EXTI_LINE_12
 941:Drivers/STM32WBxx_HAL_Driver/Inc/stm32wbxx_ll_exti.h ****   *         @arg @ref LL_EXTI_LINE_13
 942:Drivers/STM32WBxx_HAL_Driver/Inc/stm32wbxx_ll_exti.h ****   *         @arg @ref LL_EXTI_LINE_14
 943:Drivers/STM32WBxx_HAL_Driver/Inc/stm32wbxx_ll_exti.h ****   *         @arg @ref LL_EXTI_LINE_15
 944:Drivers/STM32WBxx_HAL_Driver/Inc/stm32wbxx_ll_exti.h ****   *         @arg @ref LL_EXTI_LINE_17
 945:Drivers/STM32WBxx_HAL_Driver/Inc/stm32wbxx_ll_exti.h ****   *         @arg @ref LL_EXTI_LINE_18
 946:Drivers/STM32WBxx_HAL_Driver/Inc/stm32wbxx_ll_exti.h ****   *         @arg @ref LL_EXTI_LINE_19
 947:Drivers/STM32WBxx_HAL_Driver/Inc/stm32wbxx_ll_exti.h ****   *         @arg @ref LL_EXTI_LINE_20 (*)
 948:Drivers/STM32WBxx_HAL_Driver/Inc/stm32wbxx_ll_exti.h ****   *         @arg @ref LL_EXTI_LINE_21 (*)
 949:Drivers/STM32WBxx_HAL_Driver/Inc/stm32wbxx_ll_exti.h ****   *         (*) value not defined in all devices
 950:Drivers/STM32WBxx_HAL_Driver/Inc/stm32wbxx_ll_exti.h ****   * @note   Please check each device line mapping for EXTI Line availability
 951:Drivers/STM32WBxx_HAL_Driver/Inc/stm32wbxx_ll_exti.h ****   * @retval State of bit (1 or 0).
 952:Drivers/STM32WBxx_HAL_Driver/Inc/stm32wbxx_ll_exti.h ****   */
 953:Drivers/STM32WBxx_HAL_Driver/Inc/stm32wbxx_ll_exti.h **** __STATIC_INLINE uint32_t LL_C2_EXTI_IsEnabledEvent_0_31(uint32_t ExtiLine)
 954:Drivers/STM32WBxx_HAL_Driver/Inc/stm32wbxx_ll_exti.h **** {
 955:Drivers/STM32WBxx_HAL_Driver/Inc/stm32wbxx_ll_exti.h ****   return ((READ_BIT(EXTI->C2EMR1, ExtiLine) == (ExtiLine)) ? 1UL : 0UL);
 956:Drivers/STM32WBxx_HAL_Driver/Inc/stm32wbxx_ll_exti.h **** }
 957:Drivers/STM32WBxx_HAL_Driver/Inc/stm32wbxx_ll_exti.h **** 
 958:Drivers/STM32WBxx_HAL_Driver/Inc/stm32wbxx_ll_exti.h **** /**
 959:Drivers/STM32WBxx_HAL_Driver/Inc/stm32wbxx_ll_exti.h ****   * @brief  Indicate if ExtiLine Event request is enabled for Lines in range 32 to 63
 960:Drivers/STM32WBxx_HAL_Driver/Inc/stm32wbxx_ll_exti.h ****   * @rmtoll EMR2         EMx           LL_EXTI_IsEnabledEvent_32_63
 961:Drivers/STM32WBxx_HAL_Driver/Inc/stm32wbxx_ll_exti.h ****   * @param  ExtiLine This parameter can be a combination of the following values:
 962:Drivers/STM32WBxx_HAL_Driver/Inc/stm32wbxx_ll_exti.h ****   *         @arg @ref LL_EXTI_LINE_40
 963:Drivers/STM32WBxx_HAL_Driver/Inc/stm32wbxx_ll_exti.h ****   *         @arg @ref LL_EXTI_LINE_41
 964:Drivers/STM32WBxx_HAL_Driver/Inc/stm32wbxx_ll_exti.h ****   * @retval State of bit (1 or 0).
 965:Drivers/STM32WBxx_HAL_Driver/Inc/stm32wbxx_ll_exti.h ****   */
 966:Drivers/STM32WBxx_HAL_Driver/Inc/stm32wbxx_ll_exti.h **** __STATIC_INLINE uint32_t LL_EXTI_IsEnabledEvent_32_63(uint32_t ExtiLine)
 967:Drivers/STM32WBxx_HAL_Driver/Inc/stm32wbxx_ll_exti.h **** {
 968:Drivers/STM32WBxx_HAL_Driver/Inc/stm32wbxx_ll_exti.h ****   return ((READ_BIT(EXTI->EMR2, ExtiLine) == (ExtiLine)) ? 1UL : 0UL);
 969:Drivers/STM32WBxx_HAL_Driver/Inc/stm32wbxx_ll_exti.h **** }
 970:Drivers/STM32WBxx_HAL_Driver/Inc/stm32wbxx_ll_exti.h **** 
 971:Drivers/STM32WBxx_HAL_Driver/Inc/stm32wbxx_ll_exti.h **** /**
 972:Drivers/STM32WBxx_HAL_Driver/Inc/stm32wbxx_ll_exti.h ****   * @brief  Indicate if ExtiLine Event request is enabled for Lines in range 32 to 63 for cpu2
 973:Drivers/STM32WBxx_HAL_Driver/Inc/stm32wbxx_ll_exti.h ****   * @rmtoll EMR2         EMx           LL_C2_EXTI_IsEnabledEvent_32_63
ARM GAS  C:\Users\843E~1\AppData\Local\Temp\ccj6WFWj.s 			page 69


 974:Drivers/STM32WBxx_HAL_Driver/Inc/stm32wbxx_ll_exti.h ****   * @param  ExtiLine This parameter can be a combination of the following values:
 975:Drivers/STM32WBxx_HAL_Driver/Inc/stm32wbxx_ll_exti.h ****   *         @arg @ref LL_EXTI_LINE_40
 976:Drivers/STM32WBxx_HAL_Driver/Inc/stm32wbxx_ll_exti.h ****   *         @arg @ref LL_EXTI_LINE_41
 977:Drivers/STM32WBxx_HAL_Driver/Inc/stm32wbxx_ll_exti.h ****   * @retval State of bit (1 or 0).
 978:Drivers/STM32WBxx_HAL_Driver/Inc/stm32wbxx_ll_exti.h ****   */
 979:Drivers/STM32WBxx_HAL_Driver/Inc/stm32wbxx_ll_exti.h **** __STATIC_INLINE uint32_t LL_C2_EXTI_IsEnabledEvent_32_63(uint32_t ExtiLine)
 980:Drivers/STM32WBxx_HAL_Driver/Inc/stm32wbxx_ll_exti.h **** {
 981:Drivers/STM32WBxx_HAL_Driver/Inc/stm32wbxx_ll_exti.h ****   return ((READ_BIT(EXTI->C2EMR2, ExtiLine) == (ExtiLine)) ? 1UL : 0UL);
 982:Drivers/STM32WBxx_HAL_Driver/Inc/stm32wbxx_ll_exti.h **** }
 983:Drivers/STM32WBxx_HAL_Driver/Inc/stm32wbxx_ll_exti.h **** 
 984:Drivers/STM32WBxx_HAL_Driver/Inc/stm32wbxx_ll_exti.h **** /**
 985:Drivers/STM32WBxx_HAL_Driver/Inc/stm32wbxx_ll_exti.h ****   * @}
 986:Drivers/STM32WBxx_HAL_Driver/Inc/stm32wbxx_ll_exti.h ****   */
 987:Drivers/STM32WBxx_HAL_Driver/Inc/stm32wbxx_ll_exti.h **** 
 988:Drivers/STM32WBxx_HAL_Driver/Inc/stm32wbxx_ll_exti.h **** /** @defgroup EXTI_LL_EF_Rising_Trigger_Management Rising_Trigger_Management
 989:Drivers/STM32WBxx_HAL_Driver/Inc/stm32wbxx_ll_exti.h ****   * @{
 990:Drivers/STM32WBxx_HAL_Driver/Inc/stm32wbxx_ll_exti.h ****   */
 991:Drivers/STM32WBxx_HAL_Driver/Inc/stm32wbxx_ll_exti.h **** 
 992:Drivers/STM32WBxx_HAL_Driver/Inc/stm32wbxx_ll_exti.h **** /**
 993:Drivers/STM32WBxx_HAL_Driver/Inc/stm32wbxx_ll_exti.h ****   * @brief  Enable ExtiLine Rising Edge Trigger for Lines in range 0 to 31
 994:Drivers/STM32WBxx_HAL_Driver/Inc/stm32wbxx_ll_exti.h ****   * @note The configurable wakeup lines are edge-triggered. No glitch must be
 995:Drivers/STM32WBxx_HAL_Driver/Inc/stm32wbxx_ll_exti.h ****   *       generated on these lines. If a rising edge on a configurable interrupt
 996:Drivers/STM32WBxx_HAL_Driver/Inc/stm32wbxx_ll_exti.h ****   *       line occurs during a write operation in the EXTI_RTSR register, the
 997:Drivers/STM32WBxx_HAL_Driver/Inc/stm32wbxx_ll_exti.h ****   *       pending bit is not set.
 998:Drivers/STM32WBxx_HAL_Driver/Inc/stm32wbxx_ll_exti.h ****   *       Rising and falling edge triggers can be set for
 999:Drivers/STM32WBxx_HAL_Driver/Inc/stm32wbxx_ll_exti.h ****   *       the same interrupt line. In this case, both generate a trigger
1000:Drivers/STM32WBxx_HAL_Driver/Inc/stm32wbxx_ll_exti.h ****   *       condition.
1001:Drivers/STM32WBxx_HAL_Driver/Inc/stm32wbxx_ll_exti.h ****   * @rmtoll RTSR1        RTx           LL_EXTI_EnableRisingTrig_0_31
1002:Drivers/STM32WBxx_HAL_Driver/Inc/stm32wbxx_ll_exti.h ****   * @param  ExtiLine This parameter can be a combination of the following values:
1003:Drivers/STM32WBxx_HAL_Driver/Inc/stm32wbxx_ll_exti.h ****   *         @arg @ref LL_EXTI_LINE_0
1004:Drivers/STM32WBxx_HAL_Driver/Inc/stm32wbxx_ll_exti.h ****   *         @arg @ref LL_EXTI_LINE_1
1005:Drivers/STM32WBxx_HAL_Driver/Inc/stm32wbxx_ll_exti.h ****   *         @arg @ref LL_EXTI_LINE_2
1006:Drivers/STM32WBxx_HAL_Driver/Inc/stm32wbxx_ll_exti.h ****   *         @arg @ref LL_EXTI_LINE_3
1007:Drivers/STM32WBxx_HAL_Driver/Inc/stm32wbxx_ll_exti.h ****   *         @arg @ref LL_EXTI_LINE_4
1008:Drivers/STM32WBxx_HAL_Driver/Inc/stm32wbxx_ll_exti.h ****   *         @arg @ref LL_EXTI_LINE_5
1009:Drivers/STM32WBxx_HAL_Driver/Inc/stm32wbxx_ll_exti.h ****   *         @arg @ref LL_EXTI_LINE_6
1010:Drivers/STM32WBxx_HAL_Driver/Inc/stm32wbxx_ll_exti.h ****   *         @arg @ref LL_EXTI_LINE_7
1011:Drivers/STM32WBxx_HAL_Driver/Inc/stm32wbxx_ll_exti.h ****   *         @arg @ref LL_EXTI_LINE_8
1012:Drivers/STM32WBxx_HAL_Driver/Inc/stm32wbxx_ll_exti.h ****   *         @arg @ref LL_EXTI_LINE_9
1013:Drivers/STM32WBxx_HAL_Driver/Inc/stm32wbxx_ll_exti.h ****   *         @arg @ref LL_EXTI_LINE_10
1014:Drivers/STM32WBxx_HAL_Driver/Inc/stm32wbxx_ll_exti.h ****   *         @arg @ref LL_EXTI_LINE_11
1015:Drivers/STM32WBxx_HAL_Driver/Inc/stm32wbxx_ll_exti.h ****   *         @arg @ref LL_EXTI_LINE_12
1016:Drivers/STM32WBxx_HAL_Driver/Inc/stm32wbxx_ll_exti.h ****   *         @arg @ref LL_EXTI_LINE_13
1017:Drivers/STM32WBxx_HAL_Driver/Inc/stm32wbxx_ll_exti.h ****   *         @arg @ref LL_EXTI_LINE_14
1018:Drivers/STM32WBxx_HAL_Driver/Inc/stm32wbxx_ll_exti.h ****   *         @arg @ref LL_EXTI_LINE_15
1019:Drivers/STM32WBxx_HAL_Driver/Inc/stm32wbxx_ll_exti.h ****   *         @arg @ref LL_EXTI_LINE_16
1020:Drivers/STM32WBxx_HAL_Driver/Inc/stm32wbxx_ll_exti.h ****   *         @arg @ref LL_EXTI_LINE_17
1021:Drivers/STM32WBxx_HAL_Driver/Inc/stm32wbxx_ll_exti.h ****   *         @arg @ref LL_EXTI_LINE_18
1022:Drivers/STM32WBxx_HAL_Driver/Inc/stm32wbxx_ll_exti.h ****   *         @arg @ref LL_EXTI_LINE_19
1023:Drivers/STM32WBxx_HAL_Driver/Inc/stm32wbxx_ll_exti.h ****   *         @arg @ref LL_EXTI_LINE_20 (*)
1024:Drivers/STM32WBxx_HAL_Driver/Inc/stm32wbxx_ll_exti.h ****   *         @arg @ref LL_EXTI_LINE_21 (*)
1025:Drivers/STM32WBxx_HAL_Driver/Inc/stm32wbxx_ll_exti.h ****   *         @arg @ref LL_EXTI_LINE_31 (*)
1026:Drivers/STM32WBxx_HAL_Driver/Inc/stm32wbxx_ll_exti.h ****   *         (*) value not defined in all devices
1027:Drivers/STM32WBxx_HAL_Driver/Inc/stm32wbxx_ll_exti.h ****   * @retval None
1028:Drivers/STM32WBxx_HAL_Driver/Inc/stm32wbxx_ll_exti.h ****   */
1029:Drivers/STM32WBxx_HAL_Driver/Inc/stm32wbxx_ll_exti.h **** __STATIC_INLINE void LL_EXTI_EnableRisingTrig_0_31(uint32_t ExtiLine)
 1099              		.loc 3 1029 22 view .LVU317
ARM GAS  C:\Users\843E~1\AppData\Local\Temp\ccj6WFWj.s 			page 70


 1100              	.LBB58:
1030:Drivers/STM32WBxx_HAL_Driver/Inc/stm32wbxx_ll_exti.h **** {
1031:Drivers/STM32WBxx_HAL_Driver/Inc/stm32wbxx_ll_exti.h ****   SET_BIT(EXTI->RTSR1, ExtiLine);
 1101              		.loc 3 1031 3 view .LVU318
 1102 0074 314B     		ldr	r3, .L79+24
 1103 0076 1A68     		ldr	r2, [r3]
 1104 0078 42F40022 		orr	r2, r2, #524288
 1105 007c 1A60     		str	r2, [r3]
 1106              	.LVL87:
 1107              		.loc 3 1031 3 is_stmt 0 view .LVU319
 1108              	.LBE58:
 1109              	.LBE57:
 627:Core/Src/hw_timerserver.c ****   LL_EXTI_EnableIT_0_31(RTC_EXTI_LINE_WAKEUPTIMER_EVENT);
 1110              		.loc 1 627 3 is_stmt 1 view .LVU320
 1111              	.LBB59:
 1112              	.LBI59:
 322:Drivers/STM32WBxx_HAL_Driver/Inc/stm32wbxx_ll_exti.h **** {
 1113              		.loc 3 322 22 view .LVU321
 1114              	.LBB60:
 324:Drivers/STM32WBxx_HAL_Driver/Inc/stm32wbxx_ll_exti.h **** }
 1115              		.loc 3 324 3 view .LVU322
 1116 007e D3F88020 		ldr	r2, [r3, #128]
 1117 0082 42F40022 		orr	r2, r2, #524288
 1118 0086 C3F88020 		str	r2, [r3, #128]
 1119              	.LVL88:
 324:Drivers/STM32WBxx_HAL_Driver/Inc/stm32wbxx_ll_exti.h **** }
 1120              		.loc 3 324 3 is_stmt 0 view .LVU323
 1121              	.LBE60:
 1122              	.LBE59:
 628:Core/Src/hw_timerserver.c **** 
 629:Core/Src/hw_timerserver.c ****   if(TimerInitMode == hw_ts_InitMode_Full)
 1123              		.loc 1 629 3 is_stmt 1 view .LVU324
 1124              		.loc 1 629 5 is_stmt 0 view .LVU325
 1125 008a 0028     		cmp	r0, #0
 1126 008c 3FD1     		bne	.L73
 630:Core/Src/hw_timerserver.c ****   {
 631:Core/Src/hw_timerserver.c ****     WakeupTimerLimitation = WakeupTimerValue_LargeEnough;
 1127              		.loc 1 631 5 is_stmt 1 view .LVU326
 1128              		.loc 1 631 27 is_stmt 0 view .LVU327
 1129 008e 2C4B     		ldr	r3, .L79+28
 1130 0090 0122     		movs	r2, #1
 1131 0092 1A70     		strb	r2, [r3]
 632:Core/Src/hw_timerserver.c ****     SSRValueOnLastSetup = SSR_FORBIDDEN_VALUE;
 1132              		.loc 1 632 5 is_stmt 1 view .LVU328
 1133              		.loc 1 632 25 is_stmt 0 view .LVU329
 1134 0094 2B4B     		ldr	r3, .L79+32
 1135 0096 4FF0FF32 		mov	r2, #-1
 1136 009a 1A60     		str	r2, [r3]
 633:Core/Src/hw_timerserver.c **** 
 634:Core/Src/hw_timerserver.c ****     /**
 635:Core/Src/hw_timerserver.c ****      * Initialize the timer server
 636:Core/Src/hw_timerserver.c ****      */
 637:Core/Src/hw_timerserver.c ****     for(loop = 0; loop < CFG_HW_TS_MAX_NBR_CONCURRENT_TIMER; loop++)
 1137              		.loc 1 637 5 is_stmt 1 view .LVU330
 1138              	.LVL89:
 1139              		.loc 1 637 5 is_stmt 0 view .LVU331
 1140 009c 0EE0     		b	.L74
ARM GAS  C:\Users\843E~1\AppData\Local\Temp\ccj6WFWj.s 			page 71


 1141              	.LVL90:
 1142              	.L77:
 1143              	.LBB61:
 1144              	.LBB56:
1091:Drivers/CMSIS/Include/cmsis_gcc.h ****   }
 1145              		.loc 2 1091 12 view .LVU332
 1146 009e 2021     		movs	r1, #32
 1147              	.LVL91:
1091:Drivers/CMSIS/Include/cmsis_gcc.h ****   }
 1148              		.loc 2 1091 12 view .LVU333
 1149 00a0 CDE7     		b	.L70
 1150              	.LVL92:
 1151              	.L71:
1091:Drivers/CMSIS/Include/cmsis_gcc.h ****   }
 1152              		.loc 2 1091 12 view .LVU334
 1153              	.LBE56:
 1154              	.LBE61:
 620:Core/Src/hw_timerserver.c ****   }
 1155              		.loc 1 620 5 is_stmt 1 view .LVU335
 620:Core/Src/hw_timerserver.c ****   }
 1156              		.loc 1 620 27 is_stmt 0 view .LVU336
 1157 00a2 9BB2     		uxth	r3, r3
 1158              	.LVL93:
 620:Core/Src/hw_timerserver.c ****   }
 1159              		.loc 1 620 25 view .LVU337
 1160 00a4 244A     		ldr	r2, .L79+20
 1161 00a6 1380     		strh	r3, [r2]	@ movhi
 1162 00a8 E4E7     		b	.L72
 1163              	.LVL94:
 1164              	.L75:
 638:Core/Src/hw_timerserver.c ****     {
 639:Core/Src/hw_timerserver.c ****       aTimerContext[loop].TimerIDStatus = TimerID_Free;
 1165              		.loc 1 639 7 is_stmt 1 discriminator 3 view .LVU338
 1166              		.loc 1 639 41 is_stmt 0 discriminator 3 view .LVU339
 1167 00aa 00EB4002 		add	r2, r0, r0, lsl #1
 1168 00ae 264B     		ldr	r3, .L79+36
 1169 00b0 03EBC203 		add	r3, r3, r2, lsl #3
 1170 00b4 0022     		movs	r2, #0
 1171 00b6 1A73     		strb	r2, [r3, #12]
 637:Core/Src/hw_timerserver.c ****     {
 1172              		.loc 1 637 62 is_stmt 1 discriminator 3 view .LVU340
 637:Core/Src/hw_timerserver.c ****     {
 1173              		.loc 1 637 66 is_stmt 0 discriminator 3 view .LVU341
 1174 00b8 0130     		adds	r0, r0, #1
 1175              	.LVL95:
 637:Core/Src/hw_timerserver.c ****     {
 1176              		.loc 1 637 66 discriminator 3 view .LVU342
 1177 00ba C0B2     		uxtb	r0, r0
 1178              	.LVL96:
 1179              	.L74:
 637:Core/Src/hw_timerserver.c ****     {
 1180              		.loc 1 637 19 is_stmt 1 discriminator 1 view .LVU343
 637:Core/Src/hw_timerserver.c ****     {
 1181              		.loc 1 637 5 is_stmt 0 discriminator 1 view .LVU344
 1182 00bc 0528     		cmp	r0, #5
 1183 00be F4D9     		bls	.L75
 640:Core/Src/hw_timerserver.c ****     }
ARM GAS  C:\Users\843E~1\AppData\Local\Temp\ccj6WFWj.s 			page 72


 641:Core/Src/hw_timerserver.c **** 
 642:Core/Src/hw_timerserver.c ****     CurrentRunningTimerID = CFG_HW_TS_MAX_NBR_CONCURRENT_TIMER;   /**<  Set ID to non valid value *
 1184              		.loc 1 642 5 is_stmt 1 view .LVU345
 1185              		.loc 1 642 27 is_stmt 0 view .LVU346
 1186 00c0 224B     		ldr	r3, .L79+40
 1187 00c2 0622     		movs	r2, #6
 1188 00c4 1A70     		strb	r2, [r3]
 643:Core/Src/hw_timerserver.c **** 
 644:Core/Src/hw_timerserver.c ****     __HAL_RTC_WAKEUPTIMER_DISABLE(&hrtc);                       /**<  Disable the Wakeup Timer */
 1189              		.loc 1 644 5 is_stmt 1 view .LVU347
 1190 00c6 174C     		ldr	r4, .L79
 1191 00c8 2268     		ldr	r2, [r4]
 1192 00ca 9368     		ldr	r3, [r2, #8]
 1193 00cc 23F48063 		bic	r3, r3, #1024
 1194 00d0 9360     		str	r3, [r2, #8]
 645:Core/Src/hw_timerserver.c ****     __HAL_RTC_WAKEUPTIMER_CLEAR_FLAG(&hrtc, RTC_FLAG_WUTF);     /**<  Clear flag in RTC module */
 1195              		.loc 1 645 5 view .LVU348
 1196 00d2 D368     		ldr	r3, [r2, #12]
 1197 00d4 DBB2     		uxtb	r3, r3
 1198 00d6 63F49063 		orn	r3, r3, #1152
 1199 00da D360     		str	r3, [r2, #12]
 646:Core/Src/hw_timerserver.c ****     __HAL_RTC_WAKEUPTIMER_EXTI_CLEAR_FLAG(); /**<  Clear flag in EXTI module  */
 1200              		.loc 1 646 5 view .LVU349
 1201 00dc 174B     		ldr	r3, .L79+24
 1202 00de 4FF40022 		mov	r2, #524288
 1203 00e2 DA60     		str	r2, [r3, #12]
 647:Core/Src/hw_timerserver.c ****     HAL_NVIC_ClearPendingIRQ(CFG_HW_TS_RTC_WAKEUP_HANDLER_ID);       /**<  Clear pending bit in NVI
 1204              		.loc 1 647 5 view .LVU350
 1205 00e4 0320     		movs	r0, #3
 1206              	.LVL97:
 1207              		.loc 1 647 5 is_stmt 0 view .LVU351
 1208 00e6 FFF7FEFF 		bl	HAL_NVIC_ClearPendingIRQ
 1209              	.LVL98:
 648:Core/Src/hw_timerserver.c ****     __HAL_RTC_WAKEUPTIMER_ENABLE_IT(&hrtc, RTC_IT_WUT);         /**<  Enable interrupt in RTC modul
 1210              		.loc 1 648 5 is_stmt 1 view .LVU352
 1211 00ea 2268     		ldr	r2, [r4]
 1212 00ec 9368     		ldr	r3, [r2, #8]
 1213 00ee 43F48043 		orr	r3, r3, #16384
 1214 00f2 9360     		str	r3, [r2, #8]
 1215              	.L76:
 649:Core/Src/hw_timerserver.c ****   }
 650:Core/Src/hw_timerserver.c ****   else
 651:Core/Src/hw_timerserver.c ****   {
 652:Core/Src/hw_timerserver.c ****     if(__HAL_RTC_WAKEUPTIMER_GET_FLAG(&hrtc, RTC_FLAG_WUTF) != RESET)
 653:Core/Src/hw_timerserver.c ****     {
 654:Core/Src/hw_timerserver.c ****       /**
 655:Core/Src/hw_timerserver.c ****        * Simulate that the Timer expired
 656:Core/Src/hw_timerserver.c ****        */
 657:Core/Src/hw_timerserver.c ****       HAL_NVIC_SetPendingIRQ(CFG_HW_TS_RTC_WAKEUP_HANDLER_ID);
 658:Core/Src/hw_timerserver.c ****     }
 659:Core/Src/hw_timerserver.c ****   }
 660:Core/Src/hw_timerserver.c **** 
 661:Core/Src/hw_timerserver.c ****   /* Enable the write protection for RTC registers */
 662:Core/Src/hw_timerserver.c ****   __HAL_RTC_WRITEPROTECTION_ENABLE( &hrtc );
 1216              		.loc 1 662 3 view .LVU353
 1217              		.loc 1 662 3 view .LVU354
 1218 00f4 0B4B     		ldr	r3, .L79
ARM GAS  C:\Users\843E~1\AppData\Local\Temp\ccj6WFWj.s 			page 73


 1219 00f6 1B68     		ldr	r3, [r3]
 1220 00f8 FF22     		movs	r2, #255
 1221 00fa 5A62     		str	r2, [r3, #36]
 1222              		.loc 1 662 3 view .LVU355
 663:Core/Src/hw_timerserver.c **** 
 664:Core/Src/hw_timerserver.c ****   HAL_NVIC_SetPriority(CFG_HW_TS_RTC_WAKEUP_HANDLER_ID, CFG_HW_TS_NVIC_RTC_WAKEUP_IT_PREEMPTPRIO, C
 1223              		.loc 1 664 3 view .LVU356
 1224 00fc 0022     		movs	r2, #0
 1225 00fe 0321     		movs	r1, #3
 1226 0100 0846     		mov	r0, r1
 1227 0102 FFF7FEFF 		bl	HAL_NVIC_SetPriority
 1228              	.LVL99:
 665:Core/Src/hw_timerserver.c ****   HAL_NVIC_EnableIRQ(CFG_HW_TS_RTC_WAKEUP_HANDLER_ID); /**<  Enable NVIC */
 1229              		.loc 1 665 3 view .LVU357
 1230 0106 0320     		movs	r0, #3
 1231 0108 FFF7FEFF 		bl	HAL_NVIC_EnableIRQ
 1232              	.LVL100:
 666:Core/Src/hw_timerserver.c **** 
 667:Core/Src/hw_timerserver.c ****   return;
 1233              		.loc 1 667 3 view .LVU358
 668:Core/Src/hw_timerserver.c **** }
 1234              		.loc 1 668 1 is_stmt 0 view .LVU359
 1235 010c 10BD     		pop	{r4, pc}
 1236              	.LVL101:
 1237              	.L73:
 652:Core/Src/hw_timerserver.c ****     {
 1238              		.loc 1 652 5 is_stmt 1 view .LVU360
 652:Core/Src/hw_timerserver.c ****     {
 1239              		.loc 1 652 8 is_stmt 0 view .LVU361
 1240 010e 054B     		ldr	r3, .L79
 1241 0110 1B68     		ldr	r3, [r3]
 1242 0112 DB68     		ldr	r3, [r3, #12]
 652:Core/Src/hw_timerserver.c ****     {
 1243              		.loc 1 652 7 view .LVU362
 1244 0114 13F4806F 		tst	r3, #1024
 1245 0118 ECD0     		beq	.L76
 657:Core/Src/hw_timerserver.c ****     }
 1246              		.loc 1 657 7 is_stmt 1 view .LVU363
 1247 011a 0320     		movs	r0, #3
 1248              	.LVL102:
 657:Core/Src/hw_timerserver.c ****     }
 1249              		.loc 1 657 7 is_stmt 0 view .LVU364
 1250 011c FFF7FEFF 		bl	HAL_NVIC_SetPendingIRQ
 1251              	.LVL103:
 657:Core/Src/hw_timerserver.c ****     }
 1252              		.loc 1 657 7 view .LVU365
 1253 0120 E8E7     		b	.L76
 1254              	.L80:
 1255 0122 00BF     		.align	2
 1256              	.L79:
 1257 0124 00000000 		.word	hrtc
 1258 0128 00280040 		.word	1073752064
 1259 012c 00000000 		.word	.LANCHOR6
 1260 0130 00000000 		.word	.LANCHOR5
 1261 0134 00000000 		.word	.LANCHOR4
 1262 0138 00000000 		.word	.LANCHOR8
 1263 013c 00080058 		.word	1476397056
ARM GAS  C:\Users\843E~1\AppData\Local\Temp\ccj6WFWj.s 			page 74


 1264 0140 00000000 		.word	.LANCHOR7
 1265 0144 00000000 		.word	.LANCHOR3
 1266 0148 00000000 		.word	.LANCHOR0
 1267 014c 00000000 		.word	.LANCHOR1
 1268              		.cfi_endproc
 1269              	.LFE1270:
 1271              		.section	.text.HW_TS_Create,"ax",%progbits
 1272              		.align	1
 1273              		.global	HW_TS_Create
 1274              		.syntax unified
 1275              		.thumb
 1276              		.thumb_func
 1278              	HW_TS_Create:
 1279              	.LVL104:
 1280              	.LFB1271:
 669:Core/Src/hw_timerserver.c **** 
 670:Core/Src/hw_timerserver.c **** HW_TS_ReturnStatus_t HW_TS_Create(uint32_t TimerProcessID, uint8_t *pTimerId, HW_TS_Mode_t TimerMod
 671:Core/Src/hw_timerserver.c **** {
 1281              		.loc 1 671 1 is_stmt 1 view -0
 1282              		.cfi_startproc
 1283              		@ args = 0, pretend = 0, frame = 0
 1284              		@ frame_needed = 0, uses_anonymous_args = 0
 1285              		.loc 1 671 1 is_stmt 0 view .LVU367
 1286 0000 F0B5     		push	{r4, r5, r6, r7, lr}
 1287              	.LCFI10:
 1288              		.cfi_def_cfa_offset 20
 1289              		.cfi_offset 4, -20
 1290              		.cfi_offset 5, -16
 1291              		.cfi_offset 6, -12
 1292              		.cfi_offset 7, -8
 1293              		.cfi_offset 14, -4
 672:Core/Src/hw_timerserver.c ****   HW_TS_ReturnStatus_t localreturnstatus;
 1294              		.loc 1 672 3 is_stmt 1 view .LVU368
 673:Core/Src/hw_timerserver.c ****   uint8_t loop = 0;
 1295              		.loc 1 673 3 view .LVU369
 1296              	.LVL105:
 674:Core/Src/hw_timerserver.c **** #if (CFG_HW_TS_USE_PRIMASK_AS_CRITICAL_SECTION == 1)
 675:Core/Src/hw_timerserver.c ****   uint32_t primask_bit;
 1297              		.loc 1 675 3 view .LVU370
 676:Core/Src/hw_timerserver.c **** #endif
 677:Core/Src/hw_timerserver.c **** 
 678:Core/Src/hw_timerserver.c **** #if (CFG_HW_TS_USE_PRIMASK_AS_CRITICAL_SECTION == 1)
 679:Core/Src/hw_timerserver.c ****   primask_bit = __get_PRIMASK();  /**< backup PRIMASK bit */
 1298              		.loc 1 679 3 view .LVU371
 1299              	.LBB62:
 1300              	.LBI62:
 449:Drivers/CMSIS/Include/cmsis_gcc.h **** {
 1301              		.loc 2 449 31 view .LVU372
 1302              	.LBB63:
 451:Drivers/CMSIS/Include/cmsis_gcc.h **** 
 1303              		.loc 2 451 3 view .LVU373
 453:Drivers/CMSIS/Include/cmsis_gcc.h ****   return(result);
 1304              		.loc 2 453 3 view .LVU374
 1305              		.syntax unified
 1306              	@ 453 "Drivers/CMSIS/Include/cmsis_gcc.h" 1
 1307 0002 EFF31085 		MRS r5, primask
 1308              	@ 0 "" 2
ARM GAS  C:\Users\843E~1\AppData\Local\Temp\ccj6WFWj.s 			page 75


 1309              	.LVL106:
 454:Drivers/CMSIS/Include/cmsis_gcc.h **** }
 1310              		.loc 2 454 3 view .LVU375
 454:Drivers/CMSIS/Include/cmsis_gcc.h **** }
 1311              		.loc 2 454 3 is_stmt 0 view .LVU376
 1312              		.thumb
 1313              		.syntax unified
 1314              	.LBE63:
 1315              	.LBE62:
 680:Core/Src/hw_timerserver.c ****   __disable_irq();          /**< Disable all interrupts by setting PRIMASK bit on Cortex*/
 1316              		.loc 1 680 3 is_stmt 1 view .LVU377
 1317              	.LBB64:
 1318              	.LBI64:
 207:Drivers/CMSIS/Include/cmsis_gcc.h **** {
 1319              		.loc 2 207 27 view .LVU378
 1320              	.LBB65:
 209:Drivers/CMSIS/Include/cmsis_gcc.h **** }
 1321              		.loc 2 209 3 view .LVU379
 1322              		.syntax unified
 1323              	@ 209 "Drivers/CMSIS/Include/cmsis_gcc.h" 1
 1324 0006 72B6     		cpsid i
 1325              	@ 0 "" 2
 1326              		.thumb
 1327              		.syntax unified
 1328              	.LBE65:
 1329              	.LBE64:
 673:Core/Src/hw_timerserver.c **** #if (CFG_HW_TS_USE_PRIMASK_AS_CRITICAL_SECTION == 1)
 1330              		.loc 1 673 11 is_stmt 0 view .LVU380
 1331 0008 4FF0000C 		mov	ip, #0
 1332              	.LVL107:
 1333              	.L82:
 681:Core/Src/hw_timerserver.c **** #endif
 682:Core/Src/hw_timerserver.c **** 
 683:Core/Src/hw_timerserver.c ****   while((loop < CFG_HW_TS_MAX_NBR_CONCURRENT_TIMER) && (aTimerContext[loop].TimerIDStatus != TimerI
 1334              		.loc 1 683 8 is_stmt 1 view .LVU381
 1335 000c BCF1050F 		cmp	ip, #5
 1336 0010 0CD8     		bhi	.L83
 1337              		.loc 1 683 76 is_stmt 0 discriminator 1 view .LVU382
 1338 0012 0CEB4C0E 		add	lr, ip, ip, lsl #1
 1339 0016 154C     		ldr	r4, .L88
 1340 0018 04EBCE0E 		add	lr, r4, lr, lsl #3
 1341 001c 9EF80C40 		ldrb	r4, [lr, #12]	@ zero_extendqisi2
 1342              		.loc 1 683 53 discriminator 1 view .LVU383
 1343 0020 24B1     		cbz	r4, .L83
 684:Core/Src/hw_timerserver.c ****   {
 685:Core/Src/hw_timerserver.c ****     loop++;
 1344              		.loc 1 685 5 is_stmt 1 view .LVU384
 1345              		.loc 1 685 9 is_stmt 0 view .LVU385
 1346 0022 0CF1010C 		add	ip, ip, #1
 1347              	.LVL108:
 1348              		.loc 1 685 9 view .LVU386
 1349 0026 5FFA8CFC 		uxtb	ip, ip
 1350              	.LVL109:
 1351              		.loc 1 685 9 view .LVU387
 1352 002a EFE7     		b	.L82
 1353              	.L83:
 686:Core/Src/hw_timerserver.c ****   }
ARM GAS  C:\Users\843E~1\AppData\Local\Temp\ccj6WFWj.s 			page 76


 687:Core/Src/hw_timerserver.c **** 
 688:Core/Src/hw_timerserver.c ****   if(loop != CFG_HW_TS_MAX_NBR_CONCURRENT_TIMER)
 1354              		.loc 1 688 3 is_stmt 1 view .LVU388
 1355              		.loc 1 688 5 is_stmt 0 view .LVU389
 1356 002c BCF1060F 		cmp	ip, #6
 1357 0030 17D0     		beq	.L85
 689:Core/Src/hw_timerserver.c ****   {
 690:Core/Src/hw_timerserver.c ****     aTimerContext[loop].TimerIDStatus = TimerID_Created;
 1358              		.loc 1 690 5 is_stmt 1 view .LVU390
 1359              		.loc 1 690 39 is_stmt 0 view .LVU391
 1360 0032 0E4E     		ldr	r6, .L88
 1361 0034 4FEA4C04 		lsl	r4, ip, #1
 1362 0038 0CEB4C0E 		add	lr, ip, ip, lsl #1
 1363 003c 06EBCE0E 		add	lr, r6, lr, lsl #3
 1364 0040 0127     		movs	r7, #1
 1365 0042 8EF80C70 		strb	r7, [lr, #12]
 691:Core/Src/hw_timerserver.c **** 
 692:Core/Src/hw_timerserver.c **** #if (CFG_HW_TS_USE_PRIMASK_AS_CRITICAL_SECTION == 1)
 693:Core/Src/hw_timerserver.c ****     __set_PRIMASK(primask_bit); /**< Restore PRIMASK bit*/
 1366              		.loc 1 693 5 is_stmt 1 view .LVU392
 1367              	.LVL110:
 1368              	.LBB66:
 1369              	.LBI66:
 479:Drivers/CMSIS/Include/cmsis_gcc.h **** {
 1370              		.loc 2 479 27 view .LVU393
 1371              	.LBB67:
 481:Drivers/CMSIS/Include/cmsis_gcc.h **** }
 1372              		.loc 2 481 3 view .LVU394
 1373              		.syntax unified
 1374              	@ 481 "Drivers/CMSIS/Include/cmsis_gcc.h" 1
 1375 0046 85F31088 		MSR primask, r5
 1376              	@ 0 "" 2
 1377              	.LVL111:
 481:Drivers/CMSIS/Include/cmsis_gcc.h **** }
 1378              		.loc 2 481 3 is_stmt 0 view .LVU395
 1379              		.thumb
 1380              		.syntax unified
 1381              	.LBE67:
 1382              	.LBE66:
 694:Core/Src/hw_timerserver.c **** #endif
 695:Core/Src/hw_timerserver.c **** 
 696:Core/Src/hw_timerserver.c ****     aTimerContext[loop].TimerProcessID = TimerProcessID;
 1383              		.loc 1 696 5 is_stmt 1 view .LVU396
 1384              		.loc 1 696 40 is_stmt 0 view .LVU397
 1385 004a CEF81000 		str	r0, [lr, #16]
 697:Core/Src/hw_timerserver.c ****     aTimerContext[loop].TimerMode = TimerMode;
 1386              		.loc 1 697 5 is_stmt 1 view .LVU398
 1387              		.loc 1 697 35 is_stmt 0 view .LVU399
 1388 004e 8EF80D20 		strb	r2, [lr, #13]
 698:Core/Src/hw_timerserver.c ****     aTimerContext[loop].pTimerCallBack = pftimeout_handler;
 1389              		.loc 1 698 5 is_stmt 1 view .LVU400
 1390              		.loc 1 698 40 is_stmt 0 view .LVU401
 1391 0052 04EB0C02 		add	r2, r4, ip
 1392              	.LVL112:
 1393              		.loc 1 698 40 view .LVU402
 1394 0056 D200     		lsls	r2, r2, #3
 1395 0058 B350     		str	r3, [r6, r2]
ARM GAS  C:\Users\843E~1\AppData\Local\Temp\ccj6WFWj.s 			page 77


 1396              	.LVL113:
 699:Core/Src/hw_timerserver.c ****     *pTimerId = loop;
 1397              		.loc 1 699 5 is_stmt 1 view .LVU403
 1398              		.loc 1 699 15 is_stmt 0 view .LVU404
 1399 005a 81F800C0 		strb	ip, [r1]
 700:Core/Src/hw_timerserver.c **** 
 701:Core/Src/hw_timerserver.c ****     localreturnstatus = hw_ts_Successful;
 1400              		.loc 1 701 5 is_stmt 1 view .LVU405
 1401              	.LVL114:
 1402              		.loc 1 701 23 is_stmt 0 view .LVU406
 1403 005e 0020     		movs	r0, #0
 1404              	.LVL115:
 1405              	.L86:
 702:Core/Src/hw_timerserver.c ****   }
 703:Core/Src/hw_timerserver.c ****   else
 704:Core/Src/hw_timerserver.c ****   {
 705:Core/Src/hw_timerserver.c **** #if (CFG_HW_TS_USE_PRIMASK_AS_CRITICAL_SECTION == 1)
 706:Core/Src/hw_timerserver.c ****     __set_PRIMASK(primask_bit); /**< Restore PRIMASK bit*/
 707:Core/Src/hw_timerserver.c **** #endif
 708:Core/Src/hw_timerserver.c **** 
 709:Core/Src/hw_timerserver.c ****     localreturnstatus = hw_ts_Failed;
 710:Core/Src/hw_timerserver.c ****   }
 711:Core/Src/hw_timerserver.c **** 
 712:Core/Src/hw_timerserver.c ****   return(localreturnstatus);
 1406              		.loc 1 712 3 is_stmt 1 view .LVU407
 713:Core/Src/hw_timerserver.c **** }
 1407              		.loc 1 713 1 is_stmt 0 view .LVU408
 1408 0060 F0BD     		pop	{r4, r5, r6, r7, pc}
 1409              	.LVL116:
 1410              	.L85:
 706:Core/Src/hw_timerserver.c **** #endif
 1411              		.loc 1 706 5 is_stmt 1 view .LVU409
 1412              	.LBB68:
 1413              	.LBI68:
 479:Drivers/CMSIS/Include/cmsis_gcc.h **** {
 1414              		.loc 2 479 27 view .LVU410
 1415              	.LBB69:
 481:Drivers/CMSIS/Include/cmsis_gcc.h **** }
 1416              		.loc 2 481 3 view .LVU411
 1417              		.syntax unified
 1418              	@ 481 "Drivers/CMSIS/Include/cmsis_gcc.h" 1
 1419 0062 85F31088 		MSR primask, r5
 1420              	@ 0 "" 2
 1421              	.LVL117:
 481:Drivers/CMSIS/Include/cmsis_gcc.h **** }
 1422              		.loc 2 481 3 is_stmt 0 view .LVU412
 1423              		.thumb
 1424              		.syntax unified
 1425              	.LBE69:
 1426              	.LBE68:
 709:Core/Src/hw_timerserver.c ****   }
 1427              		.loc 1 709 5 is_stmt 1 view .LVU413
 709:Core/Src/hw_timerserver.c ****   }
 1428              		.loc 1 709 23 is_stmt 0 view .LVU414
 1429 0066 0120     		movs	r0, #1
 1430              	.LVL118:
 709:Core/Src/hw_timerserver.c ****   }
ARM GAS  C:\Users\843E~1\AppData\Local\Temp\ccj6WFWj.s 			page 78


 1431              		.loc 1 709 23 view .LVU415
 1432 0068 FAE7     		b	.L86
 1433              	.L89:
 1434 006a 00BF     		.align	2
 1435              	.L88:
 1436 006c 00000000 		.word	.LANCHOR0
 1437              		.cfi_endproc
 1438              	.LFE1271:
 1440              		.section	.text.HW_TS_Stop,"ax",%progbits
 1441              		.align	1
 1442              		.global	HW_TS_Stop
 1443              		.syntax unified
 1444              		.thumb
 1445              		.thumb_func
 1447              	HW_TS_Stop:
 1448              	.LVL119:
 1449              	.LFB1273:
 714:Core/Src/hw_timerserver.c **** 
 715:Core/Src/hw_timerserver.c **** void HW_TS_Delete(uint8_t timer_id)
 716:Core/Src/hw_timerserver.c **** {
 717:Core/Src/hw_timerserver.c ****   HW_TS_Stop(timer_id);
 718:Core/Src/hw_timerserver.c **** 
 719:Core/Src/hw_timerserver.c ****   aTimerContext[timer_id].TimerIDStatus = TimerID_Free; /**<  release ID */
 720:Core/Src/hw_timerserver.c **** 
 721:Core/Src/hw_timerserver.c ****   return;
 722:Core/Src/hw_timerserver.c **** }
 723:Core/Src/hw_timerserver.c **** 
 724:Core/Src/hw_timerserver.c **** void HW_TS_Stop(uint8_t timer_id)
 725:Core/Src/hw_timerserver.c **** {
 1450              		.loc 1 725 1 is_stmt 1 view -0
 1451              		.cfi_startproc
 1452              		@ args = 0, pretend = 0, frame = 0
 1453              		@ frame_needed = 0, uses_anonymous_args = 0
 1454              		.loc 1 725 1 is_stmt 0 view .LVU417
 1455 0000 38B5     		push	{r3, r4, r5, lr}
 1456              	.LCFI11:
 1457              		.cfi_def_cfa_offset 16
 1458              		.cfi_offset 3, -16
 1459              		.cfi_offset 4, -12
 1460              		.cfi_offset 5, -8
 1461              		.cfi_offset 14, -4
 1462 0002 0446     		mov	r4, r0
 726:Core/Src/hw_timerserver.c ****   uint8_t localcurrentrunningtimerid;
 1463              		.loc 1 726 3 is_stmt 1 view .LVU418
 727:Core/Src/hw_timerserver.c **** 
 728:Core/Src/hw_timerserver.c **** #if (CFG_HW_TS_USE_PRIMASK_AS_CRITICAL_SECTION == 1)
 729:Core/Src/hw_timerserver.c ****   uint32_t primask_bit;
 1464              		.loc 1 729 3 view .LVU419
 730:Core/Src/hw_timerserver.c **** #endif
 731:Core/Src/hw_timerserver.c **** 
 732:Core/Src/hw_timerserver.c **** #if (CFG_HW_TS_USE_PRIMASK_AS_CRITICAL_SECTION == 1)
 733:Core/Src/hw_timerserver.c ****   primask_bit = __get_PRIMASK();  /**< backup PRIMASK bit */
 1465              		.loc 1 733 3 view .LVU420
 1466              	.LBB70:
 1467              	.LBI70:
 449:Drivers/CMSIS/Include/cmsis_gcc.h **** {
 1468              		.loc 2 449 31 view .LVU421
ARM GAS  C:\Users\843E~1\AppData\Local\Temp\ccj6WFWj.s 			page 79


 1469              	.LBB71:
 451:Drivers/CMSIS/Include/cmsis_gcc.h **** 
 1470              		.loc 2 451 3 view .LVU422
 453:Drivers/CMSIS/Include/cmsis_gcc.h ****   return(result);
 1471              		.loc 2 453 3 view .LVU423
 1472              		.syntax unified
 1473              	@ 453 "Drivers/CMSIS/Include/cmsis_gcc.h" 1
 1474 0004 EFF31085 		MRS r5, primask
 1475              	@ 0 "" 2
 1476              	.LVL120:
 454:Drivers/CMSIS/Include/cmsis_gcc.h **** }
 1477              		.loc 2 454 3 view .LVU424
 454:Drivers/CMSIS/Include/cmsis_gcc.h **** }
 1478              		.loc 2 454 3 is_stmt 0 view .LVU425
 1479              		.thumb
 1480              		.syntax unified
 1481              	.LBE71:
 1482              	.LBE70:
 734:Core/Src/hw_timerserver.c ****   __disable_irq();          /**< Disable all interrupts by setting PRIMASK bit on Cortex*/
 1483              		.loc 1 734 3 is_stmt 1 view .LVU426
 1484              	.LBB72:
 1485              	.LBI72:
 207:Drivers/CMSIS/Include/cmsis_gcc.h **** {
 1486              		.loc 2 207 27 view .LVU427
 1487              	.LBB73:
 209:Drivers/CMSIS/Include/cmsis_gcc.h **** }
 1488              		.loc 2 209 3 view .LVU428
 1489              		.syntax unified
 1490              	@ 209 "Drivers/CMSIS/Include/cmsis_gcc.h" 1
 1491 0008 72B6     		cpsid i
 1492              	@ 0 "" 2
 1493              		.thumb
 1494              		.syntax unified
 1495              	.LBE73:
 1496              	.LBE72:
 735:Core/Src/hw_timerserver.c **** #endif
 736:Core/Src/hw_timerserver.c **** 
 737:Core/Src/hw_timerserver.c ****   HAL_NVIC_DisableIRQ(CFG_HW_TS_RTC_WAKEUP_HANDLER_ID);    /**<  Disable NVIC */
 1497              		.loc 1 737 3 view .LVU429
 1498 000a 0320     		movs	r0, #3
 1499              	.LVL121:
 1500              		.loc 1 737 3 is_stmt 0 view .LVU430
 1501 000c FFF7FEFF 		bl	HAL_NVIC_DisableIRQ
 1502              	.LVL122:
 738:Core/Src/hw_timerserver.c **** 
 739:Core/Src/hw_timerserver.c ****   /* Disable the write protection for RTC registers */
 740:Core/Src/hw_timerserver.c ****   __HAL_RTC_WRITEPROTECTION_DISABLE( &hrtc );
 1503              		.loc 1 740 3 is_stmt 1 view .LVU431
 1504              		.loc 1 740 3 view .LVU432
 1505 0010 254B     		ldr	r3, .L99
 1506 0012 1B68     		ldr	r3, [r3]
 1507 0014 CA22     		movs	r2, #202
 1508 0016 5A62     		str	r2, [r3, #36]
 1509              		.loc 1 740 3 view .LVU433
 1510 0018 5322     		movs	r2, #83
 1511 001a 5A62     		str	r2, [r3, #36]
 1512              		.loc 1 740 3 view .LVU434
ARM GAS  C:\Users\843E~1\AppData\Local\Temp\ccj6WFWj.s 			page 80


 741:Core/Src/hw_timerserver.c **** 
 742:Core/Src/hw_timerserver.c ****   if(aTimerContext[timer_id].TimerIDStatus == TimerID_Running)
 1513              		.loc 1 742 3 view .LVU435
 1514              		.loc 1 742 29 is_stmt 0 view .LVU436
 1515 001c 04EB4402 		add	r2, r4, r4, lsl #1
 1516 0020 224B     		ldr	r3, .L99+4
 1517 0022 03EBC203 		add	r3, r3, r2, lsl #3
 1518 0026 1B7B     		ldrb	r3, [r3, #12]	@ zero_extendqisi2
 1519 0028 DBB2     		uxtb	r3, r3
 1520              		.loc 1 742 5 view .LVU437
 1521 002a 022B     		cmp	r3, #2
 1522 002c 09D0     		beq	.L97
 1523              	.L91:
 743:Core/Src/hw_timerserver.c ****   {
 744:Core/Src/hw_timerserver.c ****     UnlinkTimer(timer_id, SSR_Read_Requested);
 745:Core/Src/hw_timerserver.c ****     localcurrentrunningtimerid = CurrentRunningTimerID;
 746:Core/Src/hw_timerserver.c **** 
 747:Core/Src/hw_timerserver.c ****     if(localcurrentrunningtimerid == CFG_HW_TS_MAX_NBR_CONCURRENT_TIMER)
 748:Core/Src/hw_timerserver.c ****     {
 749:Core/Src/hw_timerserver.c ****       /**
 750:Core/Src/hw_timerserver.c ****        * List is empty
 751:Core/Src/hw_timerserver.c ****        */
 752:Core/Src/hw_timerserver.c **** 
 753:Core/Src/hw_timerserver.c ****       /**
 754:Core/Src/hw_timerserver.c ****        * Disable the timer
 755:Core/Src/hw_timerserver.c ****        */
 756:Core/Src/hw_timerserver.c ****       if((READ_BIT(RTC->CR, RTC_CR_WUTE) == (RTC_CR_WUTE)) == SET)
 757:Core/Src/hw_timerserver.c ****       {
 758:Core/Src/hw_timerserver.c ****         /**
 759:Core/Src/hw_timerserver.c ****          * Wait for the flag to be back to 0 when the wakeup timer is enabled
 760:Core/Src/hw_timerserver.c ****          */
 761:Core/Src/hw_timerserver.c ****         while(__HAL_RTC_WAKEUPTIMER_GET_FLAG(&hrtc, RTC_FLAG_WUTWF) == SET);
 762:Core/Src/hw_timerserver.c ****       }
 763:Core/Src/hw_timerserver.c ****       __HAL_RTC_WAKEUPTIMER_DISABLE(&hrtc);   /**<  Disable the Wakeup Timer */
 764:Core/Src/hw_timerserver.c **** 
 765:Core/Src/hw_timerserver.c ****       while(__HAL_RTC_WAKEUPTIMER_GET_FLAG(&hrtc, RTC_FLAG_WUTWF) == RESET);
 766:Core/Src/hw_timerserver.c **** 
 767:Core/Src/hw_timerserver.c ****       /**
 768:Core/Src/hw_timerserver.c ****        * make sure to clear the flags after checking the WUTWF.
 769:Core/Src/hw_timerserver.c ****        * It takes 2 RTCCLK between the time the WUTE bit is disabled and the
 770:Core/Src/hw_timerserver.c ****        * time the timer is disabled. The WUTWF bit somehow guarantee the system is stable
 771:Core/Src/hw_timerserver.c ****        * Otherwise, when the timer is periodic with 1 Tick, it may generate an extra interrupt in b
 772:Core/Src/hw_timerserver.c ****        * due to the autoreload feature
 773:Core/Src/hw_timerserver.c ****        */
 774:Core/Src/hw_timerserver.c ****       __HAL_RTC_WAKEUPTIMER_CLEAR_FLAG(&hrtc, RTC_FLAG_WUTF);   /**<  Clear flag in RTC module */
 775:Core/Src/hw_timerserver.c ****       __HAL_RTC_WAKEUPTIMER_EXTI_CLEAR_FLAG(); /**<  Clear flag in EXTI module */
 776:Core/Src/hw_timerserver.c ****       HAL_NVIC_ClearPendingIRQ(CFG_HW_TS_RTC_WAKEUP_HANDLER_ID);   /**<  Clear pending bit in NVIC 
 777:Core/Src/hw_timerserver.c ****     }
 778:Core/Src/hw_timerserver.c ****     else if(PreviousRunningTimerID != localcurrentrunningtimerid)
 779:Core/Src/hw_timerserver.c ****     {
 780:Core/Src/hw_timerserver.c ****       RescheduleTimerList();
 781:Core/Src/hw_timerserver.c ****     }
 782:Core/Src/hw_timerserver.c ****   }
 783:Core/Src/hw_timerserver.c **** 
 784:Core/Src/hw_timerserver.c ****   /* Enable the write protection for RTC registers */
 785:Core/Src/hw_timerserver.c ****   __HAL_RTC_WRITEPROTECTION_ENABLE( &hrtc );
 1524              		.loc 1 785 3 is_stmt 1 view .LVU438
ARM GAS  C:\Users\843E~1\AppData\Local\Temp\ccj6WFWj.s 			page 81


 1525              		.loc 1 785 3 view .LVU439
 1526 002e 1E4B     		ldr	r3, .L99
 1527 0030 1B68     		ldr	r3, [r3]
 1528 0032 FF22     		movs	r2, #255
 1529 0034 5A62     		str	r2, [r3, #36]
 1530              		.loc 1 785 3 view .LVU440
 786:Core/Src/hw_timerserver.c **** 
 787:Core/Src/hw_timerserver.c ****   HAL_NVIC_EnableIRQ(CFG_HW_TS_RTC_WAKEUP_HANDLER_ID); /**<  Enable NVIC */
 1531              		.loc 1 787 3 view .LVU441
 1532 0036 0320     		movs	r0, #3
 1533 0038 FFF7FEFF 		bl	HAL_NVIC_EnableIRQ
 1534              	.LVL123:
 788:Core/Src/hw_timerserver.c **** 
 789:Core/Src/hw_timerserver.c **** #if (CFG_HW_TS_USE_PRIMASK_AS_CRITICAL_SECTION == 1)
 790:Core/Src/hw_timerserver.c ****   __set_PRIMASK(primask_bit); /**< Restore PRIMASK bit*/
 1535              		.loc 1 790 3 view .LVU442
 1536              	.LBB74:
 1537              	.LBI74:
 479:Drivers/CMSIS/Include/cmsis_gcc.h **** {
 1538              		.loc 2 479 27 view .LVU443
 1539              	.LBB75:
 481:Drivers/CMSIS/Include/cmsis_gcc.h **** }
 1540              		.loc 2 481 3 view .LVU444
 1541              		.syntax unified
 1542              	@ 481 "Drivers/CMSIS/Include/cmsis_gcc.h" 1
 1543 003c 85F31088 		MSR primask, r5
 1544              	@ 0 "" 2
 1545              	.LVL124:
 481:Drivers/CMSIS/Include/cmsis_gcc.h **** }
 1546              		.loc 2 481 3 is_stmt 0 view .LVU445
 1547              		.thumb
 1548              		.syntax unified
 1549              	.LBE75:
 1550              	.LBE74:
 791:Core/Src/hw_timerserver.c **** #endif
 792:Core/Src/hw_timerserver.c **** 
 793:Core/Src/hw_timerserver.c ****   return;
 1551              		.loc 1 793 3 is_stmt 1 view .LVU446
 794:Core/Src/hw_timerserver.c **** }
 1552              		.loc 1 794 1 is_stmt 0 view .LVU447
 1553 0040 38BD     		pop	{r3, r4, r5, pc}
 1554              	.LVL125:
 1555              	.L97:
 744:Core/Src/hw_timerserver.c ****     localcurrentrunningtimerid = CurrentRunningTimerID;
 1556              		.loc 1 744 5 is_stmt 1 view .LVU448
 1557 0042 0021     		movs	r1, #0
 1558 0044 2046     		mov	r0, r4
 1559 0046 FFF7FEFF 		bl	UnlinkTimer
 1560              	.LVL126:
 745:Core/Src/hw_timerserver.c **** 
 1561              		.loc 1 745 5 view .LVU449
 745:Core/Src/hw_timerserver.c **** 
 1562              		.loc 1 745 32 is_stmt 0 view .LVU450
 1563 004a 194B     		ldr	r3, .L99+8
 1564 004c 1B78     		ldrb	r3, [r3]	@ zero_extendqisi2
 1565 004e DBB2     		uxtb	r3, r3
 1566              	.LVL127:
ARM GAS  C:\Users\843E~1\AppData\Local\Temp\ccj6WFWj.s 			page 82


 747:Core/Src/hw_timerserver.c ****     {
 1567              		.loc 1 747 5 is_stmt 1 view .LVU451
 747:Core/Src/hw_timerserver.c ****     {
 1568              		.loc 1 747 7 is_stmt 0 view .LVU452
 1569 0050 062B     		cmp	r3, #6
 1570 0052 07D0     		beq	.L98
 778:Core/Src/hw_timerserver.c ****     {
 1571              		.loc 1 778 10 is_stmt 1 view .LVU453
 778:Core/Src/hw_timerserver.c ****     {
 1572              		.loc 1 778 36 is_stmt 0 view .LVU454
 1573 0054 174A     		ldr	r2, .L99+12
 1574 0056 1278     		ldrb	r2, [r2]	@ zero_extendqisi2
 1575 0058 D2B2     		uxtb	r2, r2
 778:Core/Src/hw_timerserver.c ****     {
 1576              		.loc 1 778 12 view .LVU455
 1577 005a 9A42     		cmp	r2, r3
 1578 005c E7D0     		beq	.L91
 780:Core/Src/hw_timerserver.c ****     }
 1579              		.loc 1 780 7 is_stmt 1 view .LVU456
 1580 005e FFF7FEFF 		bl	RescheduleTimerList
 1581              	.LVL128:
 780:Core/Src/hw_timerserver.c ****     }
 1582              		.loc 1 780 7 is_stmt 0 view .LVU457
 1583 0062 E4E7     		b	.L91
 1584              	.LVL129:
 1585              	.L98:
 756:Core/Src/hw_timerserver.c ****       {
 1586              		.loc 1 756 7 is_stmt 1 view .LVU458
 756:Core/Src/hw_timerserver.c ****       {
 1587              		.loc 1 756 11 is_stmt 0 view .LVU459
 1588 0064 144B     		ldr	r3, .L99+16
 1589              	.LVL130:
 756:Core/Src/hw_timerserver.c ****       {
 1590              		.loc 1 756 11 view .LVU460
 1591 0066 9B68     		ldr	r3, [r3, #8]
 756:Core/Src/hw_timerserver.c ****       {
 1592              		.loc 1 756 9 view .LVU461
 1593 0068 13F4806F 		tst	r3, #1024
 1594 006c 05D0     		beq	.L93
 1595              	.L94:
 761:Core/Src/hw_timerserver.c ****       }
 1596              		.loc 1 761 76 is_stmt 1 discriminator 1 view .LVU462
 761:Core/Src/hw_timerserver.c ****       }
 1597              		.loc 1 761 14 discriminator 1 view .LVU463
 761:Core/Src/hw_timerserver.c ****       }
 1598              		.loc 1 761 15 is_stmt 0 discriminator 1 view .LVU464
 1599 006e 0E4B     		ldr	r3, .L99
 1600 0070 1B68     		ldr	r3, [r3]
 1601 0072 DB68     		ldr	r3, [r3, #12]
 761:Core/Src/hw_timerserver.c ****       }
 1602              		.loc 1 761 14 discriminator 1 view .LVU465
 1603 0074 13F0040F 		tst	r3, #4
 1604 0078 F9D1     		bne	.L94
 1605              	.L93:
 763:Core/Src/hw_timerserver.c **** 
 1606              		.loc 1 763 7 is_stmt 1 view .LVU466
 1607 007a 0B4B     		ldr	r3, .L99
ARM GAS  C:\Users\843E~1\AppData\Local\Temp\ccj6WFWj.s 			page 83


 1608 007c 1A68     		ldr	r2, [r3]
 1609 007e 9368     		ldr	r3, [r2, #8]
 1610 0080 23F48063 		bic	r3, r3, #1024
 1611 0084 9360     		str	r3, [r2, #8]
 765:Core/Src/hw_timerserver.c **** 
 1612              		.loc 1 765 7 view .LVU467
 1613              	.L95:
 765:Core/Src/hw_timerserver.c **** 
 1614              		.loc 1 765 76 discriminator 1 view .LVU468
 765:Core/Src/hw_timerserver.c **** 
 1615              		.loc 1 765 12 discriminator 1 view .LVU469
 765:Core/Src/hw_timerserver.c **** 
 1616              		.loc 1 765 13 is_stmt 0 discriminator 1 view .LVU470
 1617 0086 D368     		ldr	r3, [r2, #12]
 765:Core/Src/hw_timerserver.c **** 
 1618              		.loc 1 765 12 discriminator 1 view .LVU471
 1619 0088 13F0040F 		tst	r3, #4
 1620 008c FBD0     		beq	.L95
 774:Core/Src/hw_timerserver.c ****       __HAL_RTC_WAKEUPTIMER_EXTI_CLEAR_FLAG(); /**<  Clear flag in EXTI module */
 1621              		.loc 1 774 7 is_stmt 1 view .LVU472
 1622 008e D368     		ldr	r3, [r2, #12]
 1623 0090 DBB2     		uxtb	r3, r3
 1624 0092 63F49063 		orn	r3, r3, #1152
 1625 0096 D360     		str	r3, [r2, #12]
 775:Core/Src/hw_timerserver.c ****       HAL_NVIC_ClearPendingIRQ(CFG_HW_TS_RTC_WAKEUP_HANDLER_ID);   /**<  Clear pending bit in NVIC 
 1626              		.loc 1 775 7 view .LVU473
 1627 0098 084B     		ldr	r3, .L99+20
 1628 009a 4FF40022 		mov	r2, #524288
 1629 009e DA60     		str	r2, [r3, #12]
 776:Core/Src/hw_timerserver.c ****     }
 1630              		.loc 1 776 7 view .LVU474
 1631 00a0 0320     		movs	r0, #3
 1632 00a2 FFF7FEFF 		bl	HAL_NVIC_ClearPendingIRQ
 1633              	.LVL131:
 1634 00a6 C2E7     		b	.L91
 1635              	.L100:
 1636              		.align	2
 1637              	.L99:
 1638 00a8 00000000 		.word	hrtc
 1639 00ac 00000000 		.word	.LANCHOR0
 1640 00b0 00000000 		.word	.LANCHOR1
 1641 00b4 00000000 		.word	.LANCHOR2
 1642 00b8 00280040 		.word	1073752064
 1643 00bc 00080058 		.word	1476397056
 1644              		.cfi_endproc
 1645              	.LFE1273:
 1647              		.section	.text.HW_TS_Delete,"ax",%progbits
 1648              		.align	1
 1649              		.global	HW_TS_Delete
 1650              		.syntax unified
 1651              		.thumb
 1652              		.thumb_func
 1654              	HW_TS_Delete:
 1655              	.LVL132:
 1656              	.LFB1272:
 716:Core/Src/hw_timerserver.c ****   HW_TS_Stop(timer_id);
 1657              		.loc 1 716 1 view -0
ARM GAS  C:\Users\843E~1\AppData\Local\Temp\ccj6WFWj.s 			page 84


 1658              		.cfi_startproc
 1659              		@ args = 0, pretend = 0, frame = 0
 1660              		@ frame_needed = 0, uses_anonymous_args = 0
 716:Core/Src/hw_timerserver.c ****   HW_TS_Stop(timer_id);
 1661              		.loc 1 716 1 is_stmt 0 view .LVU476
 1662 0000 10B5     		push	{r4, lr}
 1663              	.LCFI12:
 1664              		.cfi_def_cfa_offset 8
 1665              		.cfi_offset 4, -8
 1666              		.cfi_offset 14, -4
 1667 0002 0446     		mov	r4, r0
 717:Core/Src/hw_timerserver.c **** 
 1668              		.loc 1 717 3 is_stmt 1 view .LVU477
 1669 0004 FFF7FEFF 		bl	HW_TS_Stop
 1670              	.LVL133:
 719:Core/Src/hw_timerserver.c **** 
 1671              		.loc 1 719 3 view .LVU478
 719:Core/Src/hw_timerserver.c **** 
 1672              		.loc 1 719 41 is_stmt 0 view .LVU479
 1673 0008 04EB4404 		add	r4, r4, r4, lsl #1
 1674 000c 0248     		ldr	r0, .L103
 1675 000e 00EBC404 		add	r4, r0, r4, lsl #3
 1676 0012 0023     		movs	r3, #0
 1677 0014 2373     		strb	r3, [r4, #12]
 721:Core/Src/hw_timerserver.c **** }
 1678              		.loc 1 721 3 is_stmt 1 view .LVU480
 722:Core/Src/hw_timerserver.c **** 
 1679              		.loc 1 722 1 is_stmt 0 view .LVU481
 1680 0016 10BD     		pop	{r4, pc}
 1681              	.L104:
 1682              		.align	2
 1683              	.L103:
 1684 0018 00000000 		.word	.LANCHOR0
 1685              		.cfi_endproc
 1686              	.LFE1272:
 1688              		.section	.text.HW_TS_Start,"ax",%progbits
 1689              		.align	1
 1690              		.global	HW_TS_Start
 1691              		.syntax unified
 1692              		.thumb
 1693              		.thumb_func
 1695              	HW_TS_Start:
 1696              	.LVL134:
 1697              	.LFB1274:
 795:Core/Src/hw_timerserver.c **** 
 796:Core/Src/hw_timerserver.c **** void HW_TS_Start(uint8_t timer_id, uint32_t timeout_ticks)
 797:Core/Src/hw_timerserver.c **** {
 1698              		.loc 1 797 1 is_stmt 1 view -0
 1699              		.cfi_startproc
 1700              		@ args = 0, pretend = 0, frame = 0
 1701              		@ frame_needed = 0, uses_anonymous_args = 0
 1702              		.loc 1 797 1 is_stmt 0 view .LVU483
 1703 0000 70B5     		push	{r4, r5, r6, lr}
 1704              	.LCFI13:
 1705              		.cfi_def_cfa_offset 16
 1706              		.cfi_offset 4, -16
 1707              		.cfi_offset 5, -12
ARM GAS  C:\Users\843E~1\AppData\Local\Temp\ccj6WFWj.s 			page 85


 1708              		.cfi_offset 6, -8
 1709              		.cfi_offset 14, -4
 1710 0002 0446     		mov	r4, r0
 1711 0004 0D46     		mov	r5, r1
 798:Core/Src/hw_timerserver.c ****   uint16_t time_elapsed;
 1712              		.loc 1 798 3 is_stmt 1 view .LVU484
 799:Core/Src/hw_timerserver.c ****   uint8_t localcurrentrunningtimerid;
 1713              		.loc 1 799 3 view .LVU485
 800:Core/Src/hw_timerserver.c **** 
 801:Core/Src/hw_timerserver.c **** #if (CFG_HW_TS_USE_PRIMASK_AS_CRITICAL_SECTION == 1)
 802:Core/Src/hw_timerserver.c ****   uint32_t primask_bit;
 1714              		.loc 1 802 3 view .LVU486
 803:Core/Src/hw_timerserver.c **** #endif
 804:Core/Src/hw_timerserver.c **** 
 805:Core/Src/hw_timerserver.c ****   if(aTimerContext[timer_id].TimerIDStatus == TimerID_Running)
 1715              		.loc 1 805 3 view .LVU487
 1716              		.loc 1 805 29 is_stmt 0 view .LVU488
 1717 0006 00EB4002 		add	r2, r0, r0, lsl #1
 1718 000a 214B     		ldr	r3, .L112
 1719 000c 03EBC203 		add	r3, r3, r2, lsl #3
 1720 0010 1B7B     		ldrb	r3, [r3, #12]	@ zero_extendqisi2
 1721 0012 DBB2     		uxtb	r3, r3
 1722              		.loc 1 805 5 view .LVU489
 1723 0014 022B     		cmp	r3, #2
 1724 0016 35D0     		beq	.L110
 1725              	.LVL135:
 1726              	.L106:
 806:Core/Src/hw_timerserver.c ****   {
 807:Core/Src/hw_timerserver.c ****     HW_TS_Stop( timer_id );
 808:Core/Src/hw_timerserver.c ****   }
 809:Core/Src/hw_timerserver.c **** 
 810:Core/Src/hw_timerserver.c **** #if (CFG_HW_TS_USE_PRIMASK_AS_CRITICAL_SECTION == 1)
 811:Core/Src/hw_timerserver.c ****   primask_bit = __get_PRIMASK();  /**< backup PRIMASK bit */
 1727              		.loc 1 811 3 is_stmt 1 view .LVU490
 1728              	.LBB76:
 1729              	.LBI76:
 449:Drivers/CMSIS/Include/cmsis_gcc.h **** {
 1730              		.loc 2 449 31 view .LVU491
 1731              	.LBB77:
 451:Drivers/CMSIS/Include/cmsis_gcc.h **** 
 1732              		.loc 2 451 3 view .LVU492
 453:Drivers/CMSIS/Include/cmsis_gcc.h ****   return(result);
 1733              		.loc 2 453 3 view .LVU493
 1734              		.syntax unified
 1735              	@ 453 "Drivers/CMSIS/Include/cmsis_gcc.h" 1
 1736 0018 EFF31086 		MRS r6, primask
 1737              	@ 0 "" 2
 1738              	.LVL136:
 454:Drivers/CMSIS/Include/cmsis_gcc.h **** }
 1739              		.loc 2 454 3 view .LVU494
 454:Drivers/CMSIS/Include/cmsis_gcc.h **** }
 1740              		.loc 2 454 3 is_stmt 0 view .LVU495
 1741              		.thumb
 1742              		.syntax unified
 1743              	.LBE77:
 1744              	.LBE76:
 812:Core/Src/hw_timerserver.c ****   __disable_irq();          /**< Disable all interrupts by setting PRIMASK bit on Cortex*/
ARM GAS  C:\Users\843E~1\AppData\Local\Temp\ccj6WFWj.s 			page 86


 1745              		.loc 1 812 3 is_stmt 1 view .LVU496
 1746              	.LBB78:
 1747              	.LBI78:
 207:Drivers/CMSIS/Include/cmsis_gcc.h **** {
 1748              		.loc 2 207 27 view .LVU497
 1749              	.LBB79:
 209:Drivers/CMSIS/Include/cmsis_gcc.h **** }
 1750              		.loc 2 209 3 view .LVU498
 1751              		.syntax unified
 1752              	@ 209 "Drivers/CMSIS/Include/cmsis_gcc.h" 1
 1753 001c 72B6     		cpsid i
 1754              	@ 0 "" 2
 1755              		.thumb
 1756              		.syntax unified
 1757              	.LBE79:
 1758              	.LBE78:
 813:Core/Src/hw_timerserver.c **** #endif
 814:Core/Src/hw_timerserver.c **** 
 815:Core/Src/hw_timerserver.c ****   HAL_NVIC_DisableIRQ(CFG_HW_TS_RTC_WAKEUP_HANDLER_ID);    /**<  Disable NVIC */
 1759              		.loc 1 815 3 view .LVU499
 1760 001e 0320     		movs	r0, #3
 1761 0020 FFF7FEFF 		bl	HAL_NVIC_DisableIRQ
 1762              	.LVL137:
 816:Core/Src/hw_timerserver.c **** 
 817:Core/Src/hw_timerserver.c ****   /* Disable the write protection for RTC registers */
 818:Core/Src/hw_timerserver.c ****   __HAL_RTC_WRITEPROTECTION_DISABLE( &hrtc );
 1763              		.loc 1 818 3 view .LVU500
 1764              		.loc 1 818 3 view .LVU501
 1765 0024 1B4B     		ldr	r3, .L112+4
 1766 0026 1B68     		ldr	r3, [r3]
 1767 0028 CA22     		movs	r2, #202
 1768 002a 5A62     		str	r2, [r3, #36]
 1769              		.loc 1 818 3 view .LVU502
 1770 002c 5322     		movs	r2, #83
 1771 002e 5A62     		str	r2, [r3, #36]
 1772              		.loc 1 818 3 view .LVU503
 819:Core/Src/hw_timerserver.c **** 
 820:Core/Src/hw_timerserver.c ****   aTimerContext[timer_id].TimerIDStatus = TimerID_Running;
 1773              		.loc 1 820 3 view .LVU504
 1774              		.loc 1 820 41 is_stmt 0 view .LVU505
 1775 0030 04EB4403 		add	r3, r4, r4, lsl #1
 1776 0034 164A     		ldr	r2, .L112
 1777 0036 02EBC303 		add	r3, r2, r3, lsl #3
 1778 003a 0222     		movs	r2, #2
 1779 003c 1A73     		strb	r2, [r3, #12]
 821:Core/Src/hw_timerserver.c **** 
 822:Core/Src/hw_timerserver.c ****   aTimerContext[timer_id].CountLeft = timeout_ticks;
 1780              		.loc 1 822 3 is_stmt 1 view .LVU506
 1781              		.loc 1 822 37 is_stmt 0 view .LVU507
 1782 003e 9D60     		str	r5, [r3, #8]
 823:Core/Src/hw_timerserver.c ****   aTimerContext[timer_id].CounterInit = timeout_ticks;
 1783              		.loc 1 823 3 is_stmt 1 view .LVU508
 1784              		.loc 1 823 39 is_stmt 0 view .LVU509
 1785 0040 5D60     		str	r5, [r3, #4]
 824:Core/Src/hw_timerserver.c **** 
 825:Core/Src/hw_timerserver.c ****   time_elapsed =  linkTimer(timer_id);
 1786              		.loc 1 825 3 is_stmt 1 view .LVU510
ARM GAS  C:\Users\843E~1\AppData\Local\Temp\ccj6WFWj.s 			page 87


 1787              		.loc 1 825 19 is_stmt 0 view .LVU511
 1788 0042 2046     		mov	r0, r4
 1789 0044 FFF7FEFF 		bl	linkTimer
 1790              	.LVL138:
 826:Core/Src/hw_timerserver.c **** 
 827:Core/Src/hw_timerserver.c ****   localcurrentrunningtimerid = CurrentRunningTimerID;
 1791              		.loc 1 827 3 is_stmt 1 view .LVU512
 1792              		.loc 1 827 30 is_stmt 0 view .LVU513
 1793 0048 134B     		ldr	r3, .L112+8
 1794 004a 1B78     		ldrb	r3, [r3]	@ zero_extendqisi2
 1795 004c DBB2     		uxtb	r3, r3
 1796              	.LVL139:
 828:Core/Src/hw_timerserver.c **** 
 829:Core/Src/hw_timerserver.c ****   if(PreviousRunningTimerID != localcurrentrunningtimerid)
 1797              		.loc 1 829 3 is_stmt 1 view .LVU514
 1798              		.loc 1 829 29 is_stmt 0 view .LVU515
 1799 004e 134A     		ldr	r2, .L112+12
 1800 0050 1278     		ldrb	r2, [r2]	@ zero_extendqisi2
 1801 0052 D2B2     		uxtb	r2, r2
 1802              		.loc 1 829 5 view .LVU516
 1803 0054 9A42     		cmp	r2, r3
 1804 0056 18D1     		bne	.L111
 830:Core/Src/hw_timerserver.c ****   {
 831:Core/Src/hw_timerserver.c ****     RescheduleTimerList();
 832:Core/Src/hw_timerserver.c ****   }
 833:Core/Src/hw_timerserver.c ****   else
 834:Core/Src/hw_timerserver.c ****   {
 835:Core/Src/hw_timerserver.c ****     aTimerContext[timer_id].CountLeft -= time_elapsed;
 1805              		.loc 1 835 5 is_stmt 1 view .LVU517
 1806              		.loc 1 835 39 is_stmt 0 view .LVU518
 1807 0058 0D4B     		ldr	r3, .L112
 1808              	.LVL140:
 1809              		.loc 1 835 39 view .LVU519
 1810 005a 04EB4402 		add	r2, r4, r4, lsl #1
 1811 005e 03EBC202 		add	r2, r3, r2, lsl #3
 1812 0062 9268     		ldr	r2, [r2, #8]
 1813 0064 101A     		subs	r0, r2, r0
 1814              	.LVL141:
 1815              		.loc 1 835 39 view .LVU520
 1816 0066 04EB4404 		add	r4, r4, r4, lsl #1
 1817 006a 03EBC404 		add	r4, r3, r4, lsl #3
 1818 006e A060     		str	r0, [r4, #8]
 1819              	.L108:
 836:Core/Src/hw_timerserver.c ****   }
 837:Core/Src/hw_timerserver.c **** 
 838:Core/Src/hw_timerserver.c ****   /* Enable the write protection for RTC registers */
 839:Core/Src/hw_timerserver.c ****   __HAL_RTC_WRITEPROTECTION_ENABLE( &hrtc );
 1820              		.loc 1 839 3 is_stmt 1 view .LVU521
 1821              		.loc 1 839 3 view .LVU522
 1822 0070 084B     		ldr	r3, .L112+4
 1823 0072 1B68     		ldr	r3, [r3]
 1824 0074 FF22     		movs	r2, #255
 1825 0076 5A62     		str	r2, [r3, #36]
 1826              		.loc 1 839 3 view .LVU523
 840:Core/Src/hw_timerserver.c **** 
 841:Core/Src/hw_timerserver.c ****   HAL_NVIC_EnableIRQ(CFG_HW_TS_RTC_WAKEUP_HANDLER_ID); /**<  Enable NVIC */
 1827              		.loc 1 841 3 view .LVU524
ARM GAS  C:\Users\843E~1\AppData\Local\Temp\ccj6WFWj.s 			page 88


 1828 0078 0320     		movs	r0, #3
 1829 007a FFF7FEFF 		bl	HAL_NVIC_EnableIRQ
 1830              	.LVL142:
 842:Core/Src/hw_timerserver.c **** 
 843:Core/Src/hw_timerserver.c **** #if (CFG_HW_TS_USE_PRIMASK_AS_CRITICAL_SECTION == 1)
 844:Core/Src/hw_timerserver.c ****   __set_PRIMASK(primask_bit); /**< Restore PRIMASK bit*/
 1831              		.loc 1 844 3 view .LVU525
 1832              	.LBB80:
 1833              	.LBI80:
 479:Drivers/CMSIS/Include/cmsis_gcc.h **** {
 1834              		.loc 2 479 27 view .LVU526
 1835              	.LBB81:
 481:Drivers/CMSIS/Include/cmsis_gcc.h **** }
 1836              		.loc 2 481 3 view .LVU527
 1837              		.syntax unified
 1838              	@ 481 "Drivers/CMSIS/Include/cmsis_gcc.h" 1
 1839 007e 86F31088 		MSR primask, r6
 1840              	@ 0 "" 2
 1841              	.LVL143:
 481:Drivers/CMSIS/Include/cmsis_gcc.h **** }
 1842              		.loc 2 481 3 is_stmt 0 view .LVU528
 1843              		.thumb
 1844              		.syntax unified
 1845              	.LBE81:
 1846              	.LBE80:
 845:Core/Src/hw_timerserver.c **** #endif
 846:Core/Src/hw_timerserver.c **** 
 847:Core/Src/hw_timerserver.c ****   return;
 1847              		.loc 1 847 3 is_stmt 1 view .LVU529
 848:Core/Src/hw_timerserver.c **** }
 1848              		.loc 1 848 1 is_stmt 0 view .LVU530
 1849 0082 70BD     		pop	{r4, r5, r6, pc}
 1850              	.LVL144:
 1851              	.L110:
 807:Core/Src/hw_timerserver.c ****   }
 1852              		.loc 1 807 5 is_stmt 1 view .LVU531
 1853 0084 FFF7FEFF 		bl	HW_TS_Stop
 1854              	.LVL145:
 807:Core/Src/hw_timerserver.c ****   }
 1855              		.loc 1 807 5 is_stmt 0 view .LVU532
 1856 0088 C6E7     		b	.L106
 1857              	.LVL146:
 1858              	.L111:
 831:Core/Src/hw_timerserver.c ****   }
 1859              		.loc 1 831 5 is_stmt 1 view .LVU533
 1860 008a FFF7FEFF 		bl	RescheduleTimerList
 1861              	.LVL147:
 831:Core/Src/hw_timerserver.c ****   }
 1862              		.loc 1 831 5 is_stmt 0 view .LVU534
 1863 008e EFE7     		b	.L108
 1864              	.L113:
 1865              		.align	2
 1866              	.L112:
 1867 0090 00000000 		.word	.LANCHOR0
 1868 0094 00000000 		.word	hrtc
 1869 0098 00000000 		.word	.LANCHOR1
 1870 009c 00000000 		.word	.LANCHOR2
ARM GAS  C:\Users\843E~1\AppData\Local\Temp\ccj6WFWj.s 			page 89


 1871              		.cfi_endproc
 1872              	.LFE1274:
 1874              		.section	.text.HW_TS_RTC_ReadLeftTicksToCount,"ax",%progbits
 1875              		.align	1
 1876              		.global	HW_TS_RTC_ReadLeftTicksToCount
 1877              		.syntax unified
 1878              		.thumb
 1879              		.thumb_func
 1881              	HW_TS_RTC_ReadLeftTicksToCount:
 1882              	.LFB1275:
 849:Core/Src/hw_timerserver.c **** 
 850:Core/Src/hw_timerserver.c **** uint16_t HW_TS_RTC_ReadLeftTicksToCount(void)
 851:Core/Src/hw_timerserver.c **** {
 1883              		.loc 1 851 1 is_stmt 1 view -0
 1884              		.cfi_startproc
 1885              		@ args = 0, pretend = 0, frame = 0
 1886              		@ frame_needed = 0, uses_anonymous_args = 0
 1887 0000 38B5     		push	{r3, r4, r5, lr}
 1888              	.LCFI14:
 1889              		.cfi_def_cfa_offset 16
 1890              		.cfi_offset 3, -16
 1891              		.cfi_offset 4, -12
 1892              		.cfi_offset 5, -8
 1893              		.cfi_offset 14, -4
 852:Core/Src/hw_timerserver.c ****   uint32_t primask_bit;
 1894              		.loc 1 852 3 view .LVU536
 853:Core/Src/hw_timerserver.c ****   uint16_t return_value, auro_reload_value, elapsed_time_value;
 1895              		.loc 1 853 3 view .LVU537
 854:Core/Src/hw_timerserver.c **** 
 855:Core/Src/hw_timerserver.c ****   primask_bit = __get_PRIMASK();  /**< backup PRIMASK bit */
 1896              		.loc 1 855 3 view .LVU538
 1897              	.LBB82:
 1898              	.LBI82:
 449:Drivers/CMSIS/Include/cmsis_gcc.h **** {
 1899              		.loc 2 449 31 view .LVU539
 1900              	.LBB83:
 451:Drivers/CMSIS/Include/cmsis_gcc.h **** 
 1901              		.loc 2 451 3 view .LVU540
 453:Drivers/CMSIS/Include/cmsis_gcc.h ****   return(result);
 1902              		.loc 2 453 3 view .LVU541
 1903              		.syntax unified
 1904              	@ 453 "Drivers/CMSIS/Include/cmsis_gcc.h" 1
 1905 0002 EFF31085 		MRS r5, primask
 1906              	@ 0 "" 2
 1907              	.LVL148:
 454:Drivers/CMSIS/Include/cmsis_gcc.h **** }
 1908              		.loc 2 454 3 view .LVU542
 454:Drivers/CMSIS/Include/cmsis_gcc.h **** }
 1909              		.loc 2 454 3 is_stmt 0 view .LVU543
 1910              		.thumb
 1911              		.syntax unified
 1912              	.LBE83:
 1913              	.LBE82:
 856:Core/Src/hw_timerserver.c ****   __disable_irq();                /**< Disable all interrupts by setting PRIMASK bit on Cortex*/
 1914              		.loc 1 856 3 is_stmt 1 view .LVU544
 1915              	.LBB84:
 1916              	.LBI84:
ARM GAS  C:\Users\843E~1\AppData\Local\Temp\ccj6WFWj.s 			page 90


 207:Drivers/CMSIS/Include/cmsis_gcc.h **** {
 1917              		.loc 2 207 27 view .LVU545
 1918              	.LBB85:
 209:Drivers/CMSIS/Include/cmsis_gcc.h **** }
 1919              		.loc 2 209 3 view .LVU546
 1920              		.syntax unified
 1921              	@ 209 "Drivers/CMSIS/Include/cmsis_gcc.h" 1
 1922 0006 72B6     		cpsid i
 1923              	@ 0 "" 2
 1924              		.thumb
 1925              		.syntax unified
 1926              	.LBE85:
 1927              	.LBE84:
 857:Core/Src/hw_timerserver.c **** 
 858:Core/Src/hw_timerserver.c ****   if((READ_BIT(RTC->CR, RTC_CR_WUTE) == (RTC_CR_WUTE)) == SET)
 1928              		.loc 1 858 3 view .LVU547
 1929              		.loc 1 858 7 is_stmt 0 view .LVU548
 1930 0008 0A4B     		ldr	r3, .L120
 1931 000a 9B68     		ldr	r3, [r3, #8]
 1932              		.loc 1 858 5 view .LVU549
 1933 000c 13F4806F 		tst	r3, #1024
 1934 0010 04D1     		bne	.L119
 859:Core/Src/hw_timerserver.c ****   {
 860:Core/Src/hw_timerserver.c ****     auro_reload_value = (uint32_t)(READ_BIT(RTC->WUTR, RTC_WUTR_WUT));
 861:Core/Src/hw_timerserver.c **** 
 862:Core/Src/hw_timerserver.c ****     elapsed_time_value = ReturnTimeElapsed();
 863:Core/Src/hw_timerserver.c **** 
 864:Core/Src/hw_timerserver.c ****     if(auro_reload_value > elapsed_time_value)
 865:Core/Src/hw_timerserver.c ****     {
 866:Core/Src/hw_timerserver.c ****       return_value = auro_reload_value - elapsed_time_value;
 867:Core/Src/hw_timerserver.c ****     }
 868:Core/Src/hw_timerserver.c ****     else
 869:Core/Src/hw_timerserver.c ****     {
 870:Core/Src/hw_timerserver.c ****       return_value = 0;
 871:Core/Src/hw_timerserver.c ****     }
 872:Core/Src/hw_timerserver.c ****   }
 873:Core/Src/hw_timerserver.c ****   else
 874:Core/Src/hw_timerserver.c ****   {
 875:Core/Src/hw_timerserver.c ****     return_value = TIMER_LIST_EMPTY;
 1935              		.loc 1 875 18 view .LVU550
 1936 0012 4FF6FF70 		movw	r0, #65535
 1937              	.L115:
 1938              	.LVL149:
 876:Core/Src/hw_timerserver.c ****   }
 877:Core/Src/hw_timerserver.c **** 
 878:Core/Src/hw_timerserver.c ****   __set_PRIMASK(primask_bit);     /**< Restore PRIMASK bit*/
 1939              		.loc 1 878 3 is_stmt 1 view .LVU551
 1940              	.LBB86:
 1941              	.LBI86:
 479:Drivers/CMSIS/Include/cmsis_gcc.h **** {
 1942              		.loc 2 479 27 view .LVU552
 1943              	.LBB87:
 481:Drivers/CMSIS/Include/cmsis_gcc.h **** }
 1944              		.loc 2 481 3 view .LVU553
 1945              		.syntax unified
 1946              	@ 481 "Drivers/CMSIS/Include/cmsis_gcc.h" 1
 1947 0016 85F31088 		MSR primask, r5
ARM GAS  C:\Users\843E~1\AppData\Local\Temp\ccj6WFWj.s 			page 91


 1948              	@ 0 "" 2
 1949              	.LVL150:
 481:Drivers/CMSIS/Include/cmsis_gcc.h **** }
 1950              		.loc 2 481 3 is_stmt 0 view .LVU554
 1951              		.thumb
 1952              		.syntax unified
 1953              	.LBE87:
 1954              	.LBE86:
 879:Core/Src/hw_timerserver.c **** 
 880:Core/Src/hw_timerserver.c ****   return (return_value);
 1955              		.loc 1 880 3 is_stmt 1 view .LVU555
 881:Core/Src/hw_timerserver.c **** }
 1956              		.loc 1 881 1 is_stmt 0 view .LVU556
 1957 001a 38BD     		pop	{r3, r4, r5, pc}
 1958              	.LVL151:
 1959              	.L119:
 860:Core/Src/hw_timerserver.c **** 
 1960              		.loc 1 860 5 is_stmt 1 view .LVU557
 860:Core/Src/hw_timerserver.c **** 
 1961              		.loc 1 860 36 is_stmt 0 view .LVU558
 1962 001c 054B     		ldr	r3, .L120
 1963 001e 5C69     		ldr	r4, [r3, #20]
 860:Core/Src/hw_timerserver.c **** 
 1964              		.loc 1 860 23 view .LVU559
 1965 0020 A4B2     		uxth	r4, r4
 1966              	.LVL152:
 862:Core/Src/hw_timerserver.c **** 
 1967              		.loc 1 862 5 is_stmt 1 view .LVU560
 862:Core/Src/hw_timerserver.c **** 
 1968              		.loc 1 862 26 is_stmt 0 view .LVU561
 1969 0022 FFF7FEFF 		bl	ReturnTimeElapsed
 1970              	.LVL153:
 864:Core/Src/hw_timerserver.c ****     {
 1971              		.loc 1 864 5 is_stmt 1 view .LVU562
 864:Core/Src/hw_timerserver.c ****     {
 1972              		.loc 1 864 7 is_stmt 0 view .LVU563
 1973 0026 8442     		cmp	r4, r0
 1974 0028 02D9     		bls	.L117
 866:Core/Src/hw_timerserver.c ****     }
 1975              		.loc 1 866 7 is_stmt 1 view .LVU564
 866:Core/Src/hw_timerserver.c ****     }
 1976              		.loc 1 866 20 is_stmt 0 view .LVU565
 1977 002a 201A     		subs	r0, r4, r0
 1978              	.LVL154:
 866:Core/Src/hw_timerserver.c ****     }
 1979              		.loc 1 866 20 view .LVU566
 1980 002c 80B2     		uxth	r0, r0
 1981              	.LVL155:
 866:Core/Src/hw_timerserver.c ****     }
 1982              		.loc 1 866 20 view .LVU567
 1983 002e F2E7     		b	.L115
 1984              	.LVL156:
 1985              	.L117:
 870:Core/Src/hw_timerserver.c ****     }
 1986              		.loc 1 870 20 view .LVU568
 1987 0030 0020     		movs	r0, #0
 1988              	.LVL157:
ARM GAS  C:\Users\843E~1\AppData\Local\Temp\ccj6WFWj.s 			page 92


 870:Core/Src/hw_timerserver.c ****     }
 1989              		.loc 1 870 20 view .LVU569
 1990 0032 F0E7     		b	.L115
 1991              	.L121:
 1992              		.align	2
 1993              	.L120:
 1994 0034 00280040 		.word	1073752064
 1995              		.cfi_endproc
 1996              	.LFE1275:
 1998              		.section	.text.HW_TS_RTC_Int_AppNot,"ax",%progbits
 1999              		.align	1
 2000              		.weak	HW_TS_RTC_Int_AppNot
 2001              		.syntax unified
 2002              		.thumb
 2003              		.thumb_func
 2005              	HW_TS_RTC_Int_AppNot:
 2006              	.LVL158:
 2007              	.LFB1276:
 882:Core/Src/hw_timerserver.c **** 
 883:Core/Src/hw_timerserver.c **** __weak void HW_TS_RTC_Int_AppNot(uint32_t TimerProcessID, uint8_t TimerID, HW_TS_pTimerCb_t pTimerC
 884:Core/Src/hw_timerserver.c **** {
 2008              		.loc 1 884 1 is_stmt 1 view -0
 2009              		.cfi_startproc
 2010              		@ args = 0, pretend = 0, frame = 0
 2011              		@ frame_needed = 0, uses_anonymous_args = 0
 2012              		.loc 1 884 1 is_stmt 0 view .LVU571
 2013 0000 08B5     		push	{r3, lr}
 2014              	.LCFI15:
 2015              		.cfi_def_cfa_offset 8
 2016              		.cfi_offset 3, -8
 2017              		.cfi_offset 14, -4
 885:Core/Src/hw_timerserver.c ****   pTimerCallBack();
 2018              		.loc 1 885 3 is_stmt 1 view .LVU572
 2019 0002 9047     		blx	r2
 2020              	.LVL159:
 886:Core/Src/hw_timerserver.c **** 
 887:Core/Src/hw_timerserver.c ****   return;
 2021              		.loc 1 887 3 view .LVU573
 888:Core/Src/hw_timerserver.c **** }
 2022              		.loc 1 888 1 is_stmt 0 view .LVU574
 2023 0004 08BD     		pop	{r3, pc}
 2024              		.cfi_endproc
 2025              	.LFE1276:
 2027              		.section	.text.HW_TS_RTC_Wakeup_Handler,"ax",%progbits
 2028              		.align	1
 2029              		.global	HW_TS_RTC_Wakeup_Handler
 2030              		.syntax unified
 2031              		.thumb
 2032              		.thumb_func
 2034              	HW_TS_RTC_Wakeup_Handler:
 2035              	.LFB1269:
 488:Core/Src/hw_timerserver.c ****   HW_TS_pTimerCb_t ptimer_callback;
 2036              		.loc 1 488 1 is_stmt 1 view -0
 2037              		.cfi_startproc
 2038              		@ args = 0, pretend = 0, frame = 0
 2039              		@ frame_needed = 0, uses_anonymous_args = 0
 2040 0000 F8B5     		push	{r3, r4, r5, r6, r7, lr}
ARM GAS  C:\Users\843E~1\AppData\Local\Temp\ccj6WFWj.s 			page 93


 2041              	.LCFI16:
 2042              		.cfi_def_cfa_offset 24
 2043              		.cfi_offset 3, -24
 2044              		.cfi_offset 4, -20
 2045              		.cfi_offset 5, -16
 2046              		.cfi_offset 6, -12
 2047              		.cfi_offset 7, -8
 2048              		.cfi_offset 14, -4
 489:Core/Src/hw_timerserver.c ****   uint32_t timer_process_id;
 2049              		.loc 1 489 3 view .LVU576
 490:Core/Src/hw_timerserver.c ****   uint8_t local_current_running_timer_id;
 2050              		.loc 1 490 3 view .LVU577
 491:Core/Src/hw_timerserver.c **** #if (CFG_HW_TS_USE_PRIMASK_AS_CRITICAL_SECTION == 1)
 2051              		.loc 1 491 3 view .LVU578
 493:Core/Src/hw_timerserver.c **** #endif
 2052              		.loc 1 493 3 view .LVU579
 497:Core/Src/hw_timerserver.c ****   __disable_irq();          /**< Disable all interrupts by setting PRIMASK bit on Cortex*/
 2053              		.loc 1 497 3 view .LVU580
 2054              	.LBB88:
 2055              	.LBI88:
 449:Drivers/CMSIS/Include/cmsis_gcc.h **** {
 2056              		.loc 2 449 31 view .LVU581
 2057              	.LBB89:
 451:Drivers/CMSIS/Include/cmsis_gcc.h **** 
 2058              		.loc 2 451 3 view .LVU582
 453:Drivers/CMSIS/Include/cmsis_gcc.h ****   return(result);
 2059              		.loc 2 453 3 view .LVU583
 2060              		.syntax unified
 2061              	@ 453 "Drivers/CMSIS/Include/cmsis_gcc.h" 1
 2062 0002 EFF31084 		MRS r4, primask
 2063              	@ 0 "" 2
 2064              	.LVL160:
 454:Drivers/CMSIS/Include/cmsis_gcc.h **** }
 2065              		.loc 2 454 3 view .LVU584
 454:Drivers/CMSIS/Include/cmsis_gcc.h **** }
 2066              		.loc 2 454 3 is_stmt 0 view .LVU585
 2067              		.thumb
 2068              		.syntax unified
 2069              	.LBE89:
 2070              	.LBE88:
 498:Core/Src/hw_timerserver.c **** #endif
 2071              		.loc 1 498 3 is_stmt 1 view .LVU586
 2072              	.LBB90:
 2073              	.LBI90:
 207:Drivers/CMSIS/Include/cmsis_gcc.h **** {
 2074              		.loc 2 207 27 view .LVU587
 2075              	.LBB91:
 209:Drivers/CMSIS/Include/cmsis_gcc.h **** }
 2076              		.loc 2 209 3 view .LVU588
 2077              		.syntax unified
 2078              	@ 209 "Drivers/CMSIS/Include/cmsis_gcc.h" 1
 2079 0006 72B6     		cpsid i
 2080              	@ 0 "" 2
 2081              		.thumb
 2082              		.syntax unified
 2083              	.LBE91:
 2084              	.LBE90:
ARM GAS  C:\Users\843E~1\AppData\Local\Temp\ccj6WFWj.s 			page 94


 502:Core/Src/hw_timerserver.c **** 
 2085              		.loc 1 502 3 view .LVU589
 502:Core/Src/hw_timerserver.c **** 
 2086              		.loc 1 502 3 view .LVU590
 2087 0008 314B     		ldr	r3, .L133
 2088 000a 1B68     		ldr	r3, [r3]
 2089 000c CA22     		movs	r2, #202
 2090 000e 5A62     		str	r2, [r3, #36]
 502:Core/Src/hw_timerserver.c **** 
 2091              		.loc 1 502 3 view .LVU591
 2092 0010 5322     		movs	r2, #83
 2093 0012 5A62     		str	r2, [r3, #36]
 502:Core/Src/hw_timerserver.c **** 
 2094              		.loc 1 502 3 view .LVU592
 509:Core/Src/hw_timerserver.c **** 
 2095              		.loc 1 509 3 view .LVU593
 2096 0014 9A68     		ldr	r2, [r3, #8]
 2097 0016 22F48062 		bic	r2, r2, #1024
 2098 001a 9A60     		str	r2, [r3, #8]
 511:Core/Src/hw_timerserver.c **** 
 2099              		.loc 1 511 3 view .LVU594
 511:Core/Src/hw_timerserver.c **** 
 2100              		.loc 1 511 34 is_stmt 0 view .LVU595
 2101 001c 2D4A     		ldr	r2, .L133+4
 2102 001e 1278     		ldrb	r2, [r2]	@ zero_extendqisi2
 2103 0020 D5B2     		uxtb	r5, r2
 2104              	.LVL161:
 513:Core/Src/hw_timerserver.c ****   {
 2105              		.loc 1 513 3 is_stmt 1 view .LVU596
 513:Core/Src/hw_timerserver.c ****   {
 2106              		.loc 1 513 51 is_stmt 0 view .LVU597
 2107 0022 02EB4202 		add	r2, r2, r2, lsl #1
 2108 0026 D100     		lsls	r1, r2, #3
 2109 0028 2B4A     		ldr	r2, .L133+8
 2110 002a 0A44     		add	r2, r2, r1
 2111 002c 127B     		ldrb	r2, [r2, #12]	@ zero_extendqisi2
 2112 002e D2B2     		uxtb	r2, r2
 513:Core/Src/hw_timerserver.c ****   {
 2113              		.loc 1 513 5 view .LVU598
 2114 0030 022A     		cmp	r2, #2
 2115 0032 13D0     		beq	.L131
 2116              	.L125:
 566:Core/Src/hw_timerserver.c **** 
 2117              		.loc 1 566 74 is_stmt 1 discriminator 1 view .LVU599
 566:Core/Src/hw_timerserver.c **** 
 2118              		.loc 1 566 10 discriminator 1 view .LVU600
 566:Core/Src/hw_timerserver.c **** 
 2119              		.loc 1 566 11 is_stmt 0 discriminator 1 view .LVU601
 2120 0034 DA68     		ldr	r2, [r3, #12]
 566:Core/Src/hw_timerserver.c **** 
 2121              		.loc 1 566 10 discriminator 1 view .LVU602
 2122 0036 12F0040F 		tst	r2, #4
 2123 003a FBD0     		beq	.L125
 575:Core/Src/hw_timerserver.c ****     __HAL_RTC_WAKEUPTIMER_EXTI_CLEAR_FLAG(); /**<  Clear flag in EXTI module */
 2124              		.loc 1 575 5 is_stmt 1 view .LVU603
 2125 003c DA68     		ldr	r2, [r3, #12]
 2126 003e D2B2     		uxtb	r2, r2
ARM GAS  C:\Users\843E~1\AppData\Local\Temp\ccj6WFWj.s 			page 95


 2127 0040 62F49062 		orn	r2, r2, #1152
 2128 0044 DA60     		str	r2, [r3, #12]
 576:Core/Src/hw_timerserver.c **** 
 2129              		.loc 1 576 5 view .LVU604
 2130 0046 254B     		ldr	r3, .L133+12
 2131 0048 4FF40022 		mov	r2, #524288
 2132 004c DA60     		str	r2, [r3, #12]
 579:Core/Src/hw_timerserver.c **** #endif
 2133              		.loc 1 579 5 view .LVU605
 2134              	.LVL162:
 2135              	.LBB92:
 2136              	.LBI92:
 479:Drivers/CMSIS/Include/cmsis_gcc.h **** {
 2137              		.loc 2 479 27 view .LVU606
 2138              	.LBB93:
 481:Drivers/CMSIS/Include/cmsis_gcc.h **** }
 2139              		.loc 2 481 3 view .LVU607
 2140              		.syntax unified
 2141              	@ 481 "Drivers/CMSIS/Include/cmsis_gcc.h" 1
 2142 004e 84F31088 		MSR primask, r4
 2143              	@ 0 "" 2
 2144              	.LVL163:
 2145              		.thumb
 2146              		.syntax unified
 2147              	.L129:
 481:Drivers/CMSIS/Include/cmsis_gcc.h **** }
 2148              		.loc 2 481 3 is_stmt 0 view .LVU608
 2149              	.LBE93:
 2150              	.LBE92:
 584:Core/Src/hw_timerserver.c **** 
 2151              		.loc 1 584 3 is_stmt 1 view .LVU609
 584:Core/Src/hw_timerserver.c **** 
 2152              		.loc 1 584 3 view .LVU610
 2153 0052 1F4B     		ldr	r3, .L133
 2154 0054 1B68     		ldr	r3, [r3]
 2155 0056 FF22     		movs	r2, #255
 2156 0058 5A62     		str	r2, [r3, #36]
 584:Core/Src/hw_timerserver.c **** 
 2157              		.loc 1 584 3 view .LVU611
 586:Core/Src/hw_timerserver.c **** }
 2158              		.loc 1 586 3 view .LVU612
 587:Core/Src/hw_timerserver.c **** 
 2159              		.loc 1 587 1 is_stmt 0 view .LVU613
 2160 005a F8BD     		pop	{r3, r4, r5, r6, r7, pc}
 2161              	.LVL164:
 2162              	.L131:
 515:Core/Src/hw_timerserver.c ****     timer_process_id = aTimerContext[local_current_running_timer_id].TimerProcessID;
 2163              		.loc 1 515 5 is_stmt 1 view .LVU614
 515:Core/Src/hw_timerserver.c ****     timer_process_id = aTimerContext[local_current_running_timer_id].TimerProcessID;
 2164              		.loc 1 515 21 is_stmt 0 view .LVU615
 2165 005c 1E4A     		ldr	r2, .L133+8
 2166 005e 05EB4501 		add	r1, r5, r5, lsl #1
 2167 0062 CB00     		lsls	r3, r1, #3
 2168 0064 D118     		adds	r1, r2, r3
 2169 0066 D758     		ldr	r7, [r2, r3]
 2170              	.LVL165:
 516:Core/Src/hw_timerserver.c **** 
ARM GAS  C:\Users\843E~1\AppData\Local\Temp\ccj6WFWj.s 			page 96


 2171              		.loc 1 516 5 is_stmt 1 view .LVU616
 516:Core/Src/hw_timerserver.c **** 
 2172              		.loc 1 516 22 is_stmt 0 view .LVU617
 2173 0068 0E69     		ldr	r6, [r1, #16]
 2174              	.LVL166:
 525:Core/Src/hw_timerserver.c ****     {
 2175              		.loc 1 525 5 is_stmt 1 view .LVU618
 525:Core/Src/hw_timerserver.c ****     {
 2176              		.loc 1 525 30 is_stmt 0 view .LVU619
 2177 006a 1D4B     		ldr	r3, .L133+16
 2178 006c 1B78     		ldrb	r3, [r3]	@ zero_extendqisi2
 525:Core/Src/hw_timerserver.c ****     {
 2179              		.loc 1 525 7 view .LVU620
 2180 006e 53B3     		cbz	r3, .L126
 527:Core/Src/hw_timerserver.c ****       {
 2181              		.loc 1 527 7 is_stmt 1 view .LVU621
 527:Core/Src/hw_timerserver.c ****       {
 2182              		.loc 1 527 55 is_stmt 0 view .LVU622
 2183 0070 4B7B     		ldrb	r3, [r1, #13]	@ zero_extendqisi2
 2184 0072 DBB2     		uxtb	r3, r3
 527:Core/Src/hw_timerserver.c ****       {
 2185              		.loc 1 527 9 view .LVU623
 2186 0074 012B     		cmp	r3, #1
 2187 0076 10D0     		beq	.L132
 541:Core/Src/hw_timerserver.c **** #endif
 2188              		.loc 1 541 9 is_stmt 1 view .LVU624
 2189              	.LVL167:
 2190              	.LBB94:
 2191              	.LBI94:
 479:Drivers/CMSIS/Include/cmsis_gcc.h **** {
 2192              		.loc 2 479 27 view .LVU625
 2193              	.LBB95:
 481:Drivers/CMSIS/Include/cmsis_gcc.h **** }
 2194              		.loc 2 481 3 view .LVU626
 2195              		.syntax unified
 2196              	@ 481 "Drivers/CMSIS/Include/cmsis_gcc.h" 1
 2197 0078 84F31088 		MSR primask, r4
 2198              	@ 0 "" 2
 2199              	.LVL168:
 481:Drivers/CMSIS/Include/cmsis_gcc.h **** }
 2200              		.loc 2 481 3 is_stmt 0 view .LVU627
 2201              		.thumb
 2202              		.syntax unified
 2203              	.LBE95:
 2204              	.LBE94:
 543:Core/Src/hw_timerserver.c **** 
 2205              		.loc 1 543 9 is_stmt 1 view .LVU628
 2206 007c 2846     		mov	r0, r5
 2207 007e FFF7FEFF 		bl	HW_TS_Stop
 2208              	.LVL169:
 546:Core/Src/hw_timerserver.c ****         }
 2209              		.loc 1 546 9 view .LVU629
 546:Core/Src/hw_timerserver.c ****         }
 2210              		.loc 1 546 9 view .LVU630
 2211 0082 134B     		ldr	r3, .L133
 2212 0084 1B68     		ldr	r3, [r3]
 2213 0086 CA22     		movs	r2, #202
ARM GAS  C:\Users\843E~1\AppData\Local\Temp\ccj6WFWj.s 			page 97


 2214 0088 5A62     		str	r2, [r3, #36]
 546:Core/Src/hw_timerserver.c ****         }
 2215              		.loc 1 546 9 view .LVU631
 2216 008a 5322     		movs	r2, #83
 2217 008c 5A62     		str	r2, [r3, #36]
 2218              	.L128:
 546:Core/Src/hw_timerserver.c ****         }
 2219              		.loc 1 546 9 discriminator 1 view .LVU632
 549:Core/Src/hw_timerserver.c ****     }
 2220              		.loc 1 549 7 discriminator 1 view .LVU633
 2221 008e 3A46     		mov	r2, r7
 2222 0090 2946     		mov	r1, r5
 2223 0092 3046     		mov	r0, r6
 2224 0094 FFF7FEFF 		bl	HW_TS_RTC_Int_AppNot
 2225              	.LVL170:
 2226 0098 DBE7     		b	.L129
 2227              	.L132:
 529:Core/Src/hw_timerserver.c **** #if (CFG_HW_TS_USE_PRIMASK_AS_CRITICAL_SECTION == 1)
 2228              		.loc 1 529 9 view .LVU634
 2229 009a 0121     		movs	r1, #1
 2230 009c 2846     		mov	r0, r5
 2231 009e FFF7FEFF 		bl	UnlinkTimer
 2232              	.LVL171:
 531:Core/Src/hw_timerserver.c **** #endif
 2233              		.loc 1 531 9 view .LVU635
 2234              	.LBB96:
 2235              	.LBI96:
 479:Drivers/CMSIS/Include/cmsis_gcc.h **** {
 2236              		.loc 2 479 27 view .LVU636
 2237              	.LBB97:
 481:Drivers/CMSIS/Include/cmsis_gcc.h **** }
 2238              		.loc 2 481 3 view .LVU637
 2239              		.syntax unified
 2240              	@ 481 "Drivers/CMSIS/Include/cmsis_gcc.h" 1
 2241 00a2 84F31088 		MSR primask, r4
 2242              	@ 0 "" 2
 2243              	.LVL172:
 481:Drivers/CMSIS/Include/cmsis_gcc.h **** }
 2244              		.loc 2 481 3 is_stmt 0 view .LVU638
 2245              		.thumb
 2246              		.syntax unified
 2247              	.LBE97:
 2248              	.LBE96:
 533:Core/Src/hw_timerserver.c **** 
 2249              		.loc 1 533 9 is_stmt 1 view .LVU639
 2250 00a6 05EB4503 		add	r3, r5, r5, lsl #1
 2251 00aa DA00     		lsls	r2, r3, #3
 2252 00ac 0A4B     		ldr	r3, .L133+8
 2253 00ae 1344     		add	r3, r3, r2
 2254 00b0 5968     		ldr	r1, [r3, #4]
 2255 00b2 2846     		mov	r0, r5
 2256 00b4 FFF7FEFF 		bl	HW_TS_Start
 2257              	.LVL173:
 536:Core/Src/hw_timerserver.c ****         }
 2258              		.loc 1 536 9 view .LVU640
 536:Core/Src/hw_timerserver.c ****         }
 2259              		.loc 1 536 9 view .LVU641
ARM GAS  C:\Users\843E~1\AppData\Local\Temp\ccj6WFWj.s 			page 98


 2260 00b8 054B     		ldr	r3, .L133
 2261 00ba 1B68     		ldr	r3, [r3]
 2262 00bc CA22     		movs	r2, #202
 2263 00be 5A62     		str	r2, [r3, #36]
 536:Core/Src/hw_timerserver.c ****         }
 2264              		.loc 1 536 9 view .LVU642
 2265 00c0 5322     		movs	r2, #83
 2266 00c2 5A62     		str	r2, [r3, #36]
 536:Core/Src/hw_timerserver.c ****         }
 2267              		.loc 1 536 9 view .LVU643
 2268 00c4 E3E7     		b	.L128
 2269              	.L126:
 553:Core/Src/hw_timerserver.c **** #if (CFG_HW_TS_USE_PRIMASK_AS_CRITICAL_SECTION == 1)
 2270              		.loc 1 553 7 view .LVU644
 2271 00c6 FFF7FEFF 		bl	RescheduleTimerList
 2272              	.LVL174:
 555:Core/Src/hw_timerserver.c **** #endif
 2273              		.loc 1 555 7 view .LVU645
 2274              	.LBB98:
 2275              	.LBI98:
 479:Drivers/CMSIS/Include/cmsis_gcc.h **** {
 2276              		.loc 2 479 27 view .LVU646
 2277              	.LBB99:
 481:Drivers/CMSIS/Include/cmsis_gcc.h **** }
 2278              		.loc 2 481 3 view .LVU647
 2279              		.syntax unified
 2280              	@ 481 "Drivers/CMSIS/Include/cmsis_gcc.h" 1
 2281 00ca 84F31088 		MSR primask, r4
 2282              	@ 0 "" 2
 482:Drivers/CMSIS/Include/cmsis_gcc.h **** 
 2283              		.loc 2 482 1 is_stmt 0 view .LVU648
 2284              		.thumb
 2285              		.syntax unified
 2286 00ce C0E7     		b	.L129
 2287              	.L134:
 2288              		.align	2
 2289              	.L133:
 2290 00d0 00000000 		.word	hrtc
 2291 00d4 00000000 		.word	.LANCHOR1
 2292 00d8 00000000 		.word	.LANCHOR0
 2293 00dc 00080058 		.word	1476397056
 2294 00e0 00000000 		.word	.LANCHOR7
 2295              	.LBE99:
 2296              	.LBE98:
 2297              		.cfi_endproc
 2298              	.LFE1269:
 2300              		.section	.bss.AsynchPrescalerUserConfig,"aw",%nobits
 2301              		.set	.LANCHOR5,. + 0
 2304              	AsynchPrescalerUserConfig:
 2305 0000 00       		.space	1
 2306              		.section	.bss.CurrentRunningTimerID,"aw",%nobits
 2307              		.set	.LANCHOR1,. + 0
 2310              	CurrentRunningTimerID:
 2311 0000 00       		.space	1
 2312              		.section	.bss.MaxWakeupTimerSetup,"aw",%nobits
 2313              		.align	1
 2314              		.set	.LANCHOR8,. + 0
ARM GAS  C:\Users\843E~1\AppData\Local\Temp\ccj6WFWj.s 			page 99


 2317              	MaxWakeupTimerSetup:
 2318 0000 0000     		.space	2
 2319              		.section	.bss.PreviousRunningTimerID,"aw",%nobits
 2320              		.set	.LANCHOR2,. + 0
 2323              	PreviousRunningTimerID:
 2324 0000 00       		.space	1
 2325              		.section	.bss.SSRValueOnLastSetup,"aw",%nobits
 2326              		.align	2
 2327              		.set	.LANCHOR3,. + 0
 2330              	SSRValueOnLastSetup:
 2331 0000 00000000 		.space	4
 2332              		.section	.bss.SynchPrescalerUserConfig,"aw",%nobits
 2333              		.align	1
 2334              		.set	.LANCHOR4,. + 0
 2337              	SynchPrescalerUserConfig:
 2338 0000 0000     		.space	2
 2339              		.section	.bss.WakeupTimerDivider,"aw",%nobits
 2340              		.set	.LANCHOR6,. + 0
 2343              	WakeupTimerDivider:
 2344 0000 00       		.space	1
 2345              		.section	.bss.WakeupTimerLimitation,"aw",%nobits
 2346              		.set	.LANCHOR7,. + 0
 2349              	WakeupTimerLimitation:
 2350 0000 00       		.space	1
 2351              		.section	.bss.aTimerContext,"aw",%nobits
 2352              		.align	2
 2353              		.set	.LANCHOR0,. + 0
 2356              	aTimerContext:
 2357 0000 00000000 		.space	144
 2357      00000000 
 2357      00000000 
 2357      00000000 
 2357      00000000 
 2358              		.weak	HW_TS_RTC_CountUpdated_AppNot
 2359              		.text
 2360              	.Letext0:
 2361              		.file 4 "g:\\arm\\10 2021.10\\arm-none-eabi\\include\\machine\\_default_types.h"
 2362              		.file 5 "g:\\arm\\10 2021.10\\arm-none-eabi\\include\\sys\\_stdint.h"
 2363              		.file 6 "Drivers/CMSIS/Device/ST/STM32WBxx/Include/stm32wb55xx.h"
 2364              		.file 7 "Drivers/CMSIS/Device/ST/STM32WBxx/Include/stm32wbxx.h"
 2365              		.file 8 "Drivers/STM32WBxx_HAL_Driver/Inc/stm32wbxx_hal_def.h"
 2366              		.file 9 "Drivers/STM32WBxx_HAL_Driver/Inc/stm32wbxx_hal_rtc.h"
 2367              		.file 10 "Core/Inc/hw_if.h"
 2368              		.file 11 "Core/Inc/app_conf.h"
 2369              		.file 12 "Drivers/STM32WBxx_HAL_Driver/Inc/stm32wbxx_hal_cortex.h"
ARM GAS  C:\Users\843E~1\AppData\Local\Temp\ccj6WFWj.s 			page 100


DEFINED SYMBOLS
                            *ABS*:00000000 hw_timerserver.c
C:\Users\843E~1\AppData\Local\Temp\ccj6WFWj.s:20     .text.ReadRtcSsrValue:00000000 $t
C:\Users\843E~1\AppData\Local\Temp\ccj6WFWj.s:25     .text.ReadRtcSsrValue:00000000 ReadRtcSsrValue
C:\Users\843E~1\AppData\Local\Temp\ccj6WFWj.s:74     .text.ReadRtcSsrValue:0000001c $d
C:\Users\843E~1\AppData\Local\Temp\ccj6WFWj.s:79     .text.LinkTimerAfter:00000000 $t
C:\Users\843E~1\AppData\Local\Temp\ccj6WFWj.s:84     .text.LinkTimerAfter:00000000 LinkTimerAfter
C:\Users\843E~1\AppData\Local\Temp\ccj6WFWj.s:144    .text.LinkTimerAfter:00000044 $d
C:\Users\843E~1\AppData\Local\Temp\ccj6WFWj.s:149    .text.LinkTimerBefore:00000000 $t
C:\Users\843E~1\AppData\Local\Temp\ccj6WFWj.s:154    .text.LinkTimerBefore:00000000 LinkTimerBefore
C:\Users\843E~1\AppData\Local\Temp\ccj6WFWj.s:224    .text.LinkTimerBefore:00000060 $d
C:\Users\843E~1\AppData\Local\Temp\ccj6WFWj.s:230    .text.UnlinkTimer:00000000 $t
C:\Users\843E~1\AppData\Local\Temp\ccj6WFWj.s:235    .text.UnlinkTimer:00000000 UnlinkTimer
C:\Users\843E~1\AppData\Local\Temp\ccj6WFWj.s:359    .text.UnlinkTimer:00000090 $d
C:\Users\843E~1\AppData\Local\Temp\ccj6WFWj.s:367    .text.ReturnTimeElapsed:00000000 $t
C:\Users\843E~1\AppData\Local\Temp\ccj6WFWj.s:372    .text.ReturnTimeElapsed:00000000 ReturnTimeElapsed
C:\Users\843E~1\AppData\Local\Temp\ccj6WFWj.s:459    .text.ReturnTimeElapsed:00000044 $d
C:\Users\843E~1\AppData\Local\Temp\ccj6WFWj.s:467    .text.linkTimer:00000000 $t
C:\Users\843E~1\AppData\Local\Temp\ccj6WFWj.s:472    .text.linkTimer:00000000 linkTimer
C:\Users\843E~1\AppData\Local\Temp\ccj6WFWj.s:647    .text.linkTimer:000000cc $d
C:\Users\843E~1\AppData\Local\Temp\ccj6WFWj.s:655    .text.RestartWakeupCounter:00000000 $t
C:\Users\843E~1\AppData\Local\Temp\ccj6WFWj.s:660    .text.RestartWakeupCounter:00000000 RestartWakeupCounter
C:\Users\843E~1\AppData\Local\Temp\ccj6WFWj.s:765    .text.RestartWakeupCounter:00000074 $d
C:\Users\843E~1\AppData\Local\Temp\ccj6WFWj.s:774    .text.RescheduleTimerList:00000000 $t
C:\Users\843E~1\AppData\Local\Temp\ccj6WFWj.s:779    .text.RescheduleTimerList:00000000 RescheduleTimerList
C:\Users\843E~1\AppData\Local\Temp\ccj6WFWj.s:951    .text.RescheduleTimerList:000000c0 $d
C:\Users\843E~1\AppData\Local\Temp\ccj6WFWj.s:961    .text.HW_TS_Init:00000000 $t
C:\Users\843E~1\AppData\Local\Temp\ccj6WFWj.s:967    .text.HW_TS_Init:00000000 HW_TS_Init
C:\Users\843E~1\AppData\Local\Temp\ccj6WFWj.s:1257   .text.HW_TS_Init:00000124 $d
C:\Users\843E~1\AppData\Local\Temp\ccj6WFWj.s:1272   .text.HW_TS_Create:00000000 $t
C:\Users\843E~1\AppData\Local\Temp\ccj6WFWj.s:1278   .text.HW_TS_Create:00000000 HW_TS_Create
C:\Users\843E~1\AppData\Local\Temp\ccj6WFWj.s:1436   .text.HW_TS_Create:0000006c $d
C:\Users\843E~1\AppData\Local\Temp\ccj6WFWj.s:1441   .text.HW_TS_Stop:00000000 $t
C:\Users\843E~1\AppData\Local\Temp\ccj6WFWj.s:1447   .text.HW_TS_Stop:00000000 HW_TS_Stop
C:\Users\843E~1\AppData\Local\Temp\ccj6WFWj.s:1638   .text.HW_TS_Stop:000000a8 $d
C:\Users\843E~1\AppData\Local\Temp\ccj6WFWj.s:1648   .text.HW_TS_Delete:00000000 $t
C:\Users\843E~1\AppData\Local\Temp\ccj6WFWj.s:1654   .text.HW_TS_Delete:00000000 HW_TS_Delete
C:\Users\843E~1\AppData\Local\Temp\ccj6WFWj.s:1684   .text.HW_TS_Delete:00000018 $d
C:\Users\843E~1\AppData\Local\Temp\ccj6WFWj.s:1689   .text.HW_TS_Start:00000000 $t
C:\Users\843E~1\AppData\Local\Temp\ccj6WFWj.s:1695   .text.HW_TS_Start:00000000 HW_TS_Start
C:\Users\843E~1\AppData\Local\Temp\ccj6WFWj.s:1867   .text.HW_TS_Start:00000090 $d
C:\Users\843E~1\AppData\Local\Temp\ccj6WFWj.s:1875   .text.HW_TS_RTC_ReadLeftTicksToCount:00000000 $t
C:\Users\843E~1\AppData\Local\Temp\ccj6WFWj.s:1881   .text.HW_TS_RTC_ReadLeftTicksToCount:00000000 HW_TS_RTC_ReadLeftTicksToCount
C:\Users\843E~1\AppData\Local\Temp\ccj6WFWj.s:1994   .text.HW_TS_RTC_ReadLeftTicksToCount:00000034 $d
C:\Users\843E~1\AppData\Local\Temp\ccj6WFWj.s:1999   .text.HW_TS_RTC_Int_AppNot:00000000 $t
C:\Users\843E~1\AppData\Local\Temp\ccj6WFWj.s:2005   .text.HW_TS_RTC_Int_AppNot:00000000 HW_TS_RTC_Int_AppNot
C:\Users\843E~1\AppData\Local\Temp\ccj6WFWj.s:2028   .text.HW_TS_RTC_Wakeup_Handler:00000000 $t
C:\Users\843E~1\AppData\Local\Temp\ccj6WFWj.s:2034   .text.HW_TS_RTC_Wakeup_Handler:00000000 HW_TS_RTC_Wakeup_Handler
C:\Users\843E~1\AppData\Local\Temp\ccj6WFWj.s:2290   .text.HW_TS_RTC_Wakeup_Handler:000000d0 $d
C:\Users\843E~1\AppData\Local\Temp\ccj6WFWj.s:2304   .bss.AsynchPrescalerUserConfig:00000000 AsynchPrescalerUserConfig
C:\Users\843E~1\AppData\Local\Temp\ccj6WFWj.s:2305   .bss.AsynchPrescalerUserConfig:00000000 $d
C:\Users\843E~1\AppData\Local\Temp\ccj6WFWj.s:2310   .bss.CurrentRunningTimerID:00000000 CurrentRunningTimerID
C:\Users\843E~1\AppData\Local\Temp\ccj6WFWj.s:2311   .bss.CurrentRunningTimerID:00000000 $d
C:\Users\843E~1\AppData\Local\Temp\ccj6WFWj.s:2313   .bss.MaxWakeupTimerSetup:00000000 $d
C:\Users\843E~1\AppData\Local\Temp\ccj6WFWj.s:2317   .bss.MaxWakeupTimerSetup:00000000 MaxWakeupTimerSetup
C:\Users\843E~1\AppData\Local\Temp\ccj6WFWj.s:2323   .bss.PreviousRunningTimerID:00000000 PreviousRunningTimerID
C:\Users\843E~1\AppData\Local\Temp\ccj6WFWj.s:2324   .bss.PreviousRunningTimerID:00000000 $d
ARM GAS  C:\Users\843E~1\AppData\Local\Temp\ccj6WFWj.s 			page 101


C:\Users\843E~1\AppData\Local\Temp\ccj6WFWj.s:2326   .bss.SSRValueOnLastSetup:00000000 $d
C:\Users\843E~1\AppData\Local\Temp\ccj6WFWj.s:2330   .bss.SSRValueOnLastSetup:00000000 SSRValueOnLastSetup
C:\Users\843E~1\AppData\Local\Temp\ccj6WFWj.s:2333   .bss.SynchPrescalerUserConfig:00000000 $d
C:\Users\843E~1\AppData\Local\Temp\ccj6WFWj.s:2337   .bss.SynchPrescalerUserConfig:00000000 SynchPrescalerUserConfig
C:\Users\843E~1\AppData\Local\Temp\ccj6WFWj.s:2343   .bss.WakeupTimerDivider:00000000 WakeupTimerDivider
C:\Users\843E~1\AppData\Local\Temp\ccj6WFWj.s:2344   .bss.WakeupTimerDivider:00000000 $d
C:\Users\843E~1\AppData\Local\Temp\ccj6WFWj.s:2349   .bss.WakeupTimerLimitation:00000000 WakeupTimerLimitation
C:\Users\843E~1\AppData\Local\Temp\ccj6WFWj.s:2350   .bss.WakeupTimerLimitation:00000000 $d
C:\Users\843E~1\AppData\Local\Temp\ccj6WFWj.s:2352   .bss.aTimerContext:00000000 $d
C:\Users\843E~1\AppData\Local\Temp\ccj6WFWj.s:2356   .bss.aTimerContext:00000000 aTimerContext

UNDEFINED SYMBOLS
HAL_NVIC_ClearPendingIRQ
HW_TS_RTC_CountUpdated_AppNot
HAL_NVIC_SetPendingIRQ
hrtc
HAL_NVIC_SetPriority
HAL_NVIC_EnableIRQ
HAL_NVIC_DisableIRQ
