ARM GAS  C:\Users\843E~1\AppData\Local\Temp\ccZjV6EC.s 			page 1


   1              		.cpu cortex-m4
   2              		.arch armv7e-m
   3              		.fpu fpv4-sp-d16
   4              		.eabi_attribute 27, 1
   5              		.eabi_attribute 28, 1
   6              		.eabi_attribute 20, 1
   7              		.eabi_attribute 21, 1
   8              		.eabi_attribute 23, 3
   9              		.eabi_attribute 24, 1
  10              		.eabi_attribute 25, 1
  11              		.eabi_attribute 26, 1
  12              		.eabi_attribute 30, 1
  13              		.eabi_attribute 34, 1
  14              		.eabi_attribute 18, 4
  15              		.file	"stm32wbxx_hal_rtc.c"
  16              		.text
  17              	.Ltext0:
  18              		.cfi_sections	.debug_frame
  19              		.section	.text.HAL_RTC_MspInit,"ax",%progbits
  20              		.align	1
  21              		.weak	HAL_RTC_MspInit
  22              		.syntax unified
  23              		.thumb
  24              		.thumb_func
  26              	HAL_RTC_MspInit:
  27              	.LVL0:
  28              	.LFB952:
  29              		.file 1 "Drivers/STM32WBxx_HAL_Driver/Src/stm32wbxx_hal_rtc.c"
   1:Drivers/STM32WBxx_HAL_Driver/Src/stm32wbxx_hal_rtc.c **** /**
   2:Drivers/STM32WBxx_HAL_Driver/Src/stm32wbxx_hal_rtc.c ****   ******************************************************************************
   3:Drivers/STM32WBxx_HAL_Driver/Src/stm32wbxx_hal_rtc.c ****   * @file    stm32wbxx_hal_rtc.c
   4:Drivers/STM32WBxx_HAL_Driver/Src/stm32wbxx_hal_rtc.c ****   * @author  MCD Application Team
   5:Drivers/STM32WBxx_HAL_Driver/Src/stm32wbxx_hal_rtc.c ****   * @brief   RTC HAL module driver.
   6:Drivers/STM32WBxx_HAL_Driver/Src/stm32wbxx_hal_rtc.c ****   *          This file provides firmware functions to manage the following
   7:Drivers/STM32WBxx_HAL_Driver/Src/stm32wbxx_hal_rtc.c ****   *          functionalities of the Real-Time Clock (RTC) peripheral:
   8:Drivers/STM32WBxx_HAL_Driver/Src/stm32wbxx_hal_rtc.c ****   *           + Initialization/de-initialization functions
   9:Drivers/STM32WBxx_HAL_Driver/Src/stm32wbxx_hal_rtc.c ****   *           + Calendar (Time and Date) configuration
  10:Drivers/STM32WBxx_HAL_Driver/Src/stm32wbxx_hal_rtc.c ****   *           + Alarms (Alarm A and Alarm B) configuration
  11:Drivers/STM32WBxx_HAL_Driver/Src/stm32wbxx_hal_rtc.c ****   *           + WakeUp Timer configuration
  12:Drivers/STM32WBxx_HAL_Driver/Src/stm32wbxx_hal_rtc.c ****   *           + TimeStamp configuration
  13:Drivers/STM32WBxx_HAL_Driver/Src/stm32wbxx_hal_rtc.c ****   *           + Tampers configuration
  14:Drivers/STM32WBxx_HAL_Driver/Src/stm32wbxx_hal_rtc.c ****   *           + Backup Data Registers configuration
  15:Drivers/STM32WBxx_HAL_Driver/Src/stm32wbxx_hal_rtc.c ****   *           + RTC Tamper and TimeStamp Pins Selection
  16:Drivers/STM32WBxx_HAL_Driver/Src/stm32wbxx_hal_rtc.c ****   *           + Interrupts and flags management
  17:Drivers/STM32WBxx_HAL_Driver/Src/stm32wbxx_hal_rtc.c ****   *
  18:Drivers/STM32WBxx_HAL_Driver/Src/stm32wbxx_hal_rtc.c ****   ******************************************************************************
  19:Drivers/STM32WBxx_HAL_Driver/Src/stm32wbxx_hal_rtc.c ****   * @attention
  20:Drivers/STM32WBxx_HAL_Driver/Src/stm32wbxx_hal_rtc.c ****   *
  21:Drivers/STM32WBxx_HAL_Driver/Src/stm32wbxx_hal_rtc.c ****   * Copyright (c) 2019 STMicroelectronics.
  22:Drivers/STM32WBxx_HAL_Driver/Src/stm32wbxx_hal_rtc.c ****   * All rights reserved.
  23:Drivers/STM32WBxx_HAL_Driver/Src/stm32wbxx_hal_rtc.c ****   *
  24:Drivers/STM32WBxx_HAL_Driver/Src/stm32wbxx_hal_rtc.c ****   * This software is licensed under terms that can be found in the LICENSE file
  25:Drivers/STM32WBxx_HAL_Driver/Src/stm32wbxx_hal_rtc.c ****   * in the root directory of this software component.
  26:Drivers/STM32WBxx_HAL_Driver/Src/stm32wbxx_hal_rtc.c ****   * If no LICENSE file comes with this software, it is provided AS-IS.
  27:Drivers/STM32WBxx_HAL_Driver/Src/stm32wbxx_hal_rtc.c ****   *
  28:Drivers/STM32WBxx_HAL_Driver/Src/stm32wbxx_hal_rtc.c ****   ******************************************************************************
  29:Drivers/STM32WBxx_HAL_Driver/Src/stm32wbxx_hal_rtc.c ****   @verbatim
ARM GAS  C:\Users\843E~1\AppData\Local\Temp\ccZjV6EC.s 			page 2


  30:Drivers/STM32WBxx_HAL_Driver/Src/stm32wbxx_hal_rtc.c ****  ===============================================================================
  31:Drivers/STM32WBxx_HAL_Driver/Src/stm32wbxx_hal_rtc.c ****                           ##### RTC Operating Condition #####
  32:Drivers/STM32WBxx_HAL_Driver/Src/stm32wbxx_hal_rtc.c ****  ===============================================================================
  33:Drivers/STM32WBxx_HAL_Driver/Src/stm32wbxx_hal_rtc.c ****   [..] The real-time clock (RTC) and the RTC backup registers can be powered
  34:Drivers/STM32WBxx_HAL_Driver/Src/stm32wbxx_hal_rtc.c ****        from the VBAT voltage when the main VDD supply is powered off.
  35:Drivers/STM32WBxx_HAL_Driver/Src/stm32wbxx_hal_rtc.c ****        To retain the content of the RTC backup registers and supply the RTC
  36:Drivers/STM32WBxx_HAL_Driver/Src/stm32wbxx_hal_rtc.c ****        when VDD is turned off, VBAT pin can be connected to an optional
  37:Drivers/STM32WBxx_HAL_Driver/Src/stm32wbxx_hal_rtc.c ****        standby voltage supplied by a battery or by another source.
  38:Drivers/STM32WBxx_HAL_Driver/Src/stm32wbxx_hal_rtc.c **** 
  39:Drivers/STM32WBxx_HAL_Driver/Src/stm32wbxx_hal_rtc.c ****                    ##### Backup Domain Reset #####
  40:Drivers/STM32WBxx_HAL_Driver/Src/stm32wbxx_hal_rtc.c ****  ===============================================================================
  41:Drivers/STM32WBxx_HAL_Driver/Src/stm32wbxx_hal_rtc.c ****   [..] The backup domain reset sets all RTC registers and the RCC_BDCR register
  42:Drivers/STM32WBxx_HAL_Driver/Src/stm32wbxx_hal_rtc.c ****        to their reset values.
  43:Drivers/STM32WBxx_HAL_Driver/Src/stm32wbxx_hal_rtc.c ****        A backup domain reset is generated when one of the following events occurs:
  44:Drivers/STM32WBxx_HAL_Driver/Src/stm32wbxx_hal_rtc.c ****     (+) Software reset, triggered by setting the BDRST bit in the
  45:Drivers/STM32WBxx_HAL_Driver/Src/stm32wbxx_hal_rtc.c ****         RCC Backup domain control register (RCC_BDCR).
  46:Drivers/STM32WBxx_HAL_Driver/Src/stm32wbxx_hal_rtc.c ****     (+) VDD or VBAT power on, if both supplies have previously been powered off.
  47:Drivers/STM32WBxx_HAL_Driver/Src/stm32wbxx_hal_rtc.c ****     (+) Tamper detection event resets all data backup registers.
  48:Drivers/STM32WBxx_HAL_Driver/Src/stm32wbxx_hal_rtc.c **** 
  49:Drivers/STM32WBxx_HAL_Driver/Src/stm32wbxx_hal_rtc.c ****                    ##### Backup Domain Access #####
  50:Drivers/STM32WBxx_HAL_Driver/Src/stm32wbxx_hal_rtc.c ****  ===================================================================
  51:Drivers/STM32WBxx_HAL_Driver/Src/stm32wbxx_hal_rtc.c ****   [..] After reset, the backup domain (RTC registers, RTC backup data
  52:Drivers/STM32WBxx_HAL_Driver/Src/stm32wbxx_hal_rtc.c ****        registers and backup SRAM) is protected against possible unwanted write
  53:Drivers/STM32WBxx_HAL_Driver/Src/stm32wbxx_hal_rtc.c ****        accesses.
  54:Drivers/STM32WBxx_HAL_Driver/Src/stm32wbxx_hal_rtc.c **** 
  55:Drivers/STM32WBxx_HAL_Driver/Src/stm32wbxx_hal_rtc.c ****   [..] To enable access to the RTC Domain and RTC registers, proceed as follows:
  56:Drivers/STM32WBxx_HAL_Driver/Src/stm32wbxx_hal_rtc.c ****     (+) Call the function HAL_RCCEx_PeriphCLKConfig with RCC_PERIPHCLK_RTC for
  57:Drivers/STM32WBxx_HAL_Driver/Src/stm32wbxx_hal_rtc.c ****         PeriphClockSelection and select RTCClockSelection (LSE, LSI or HSEdiv32)
  58:Drivers/STM32WBxx_HAL_Driver/Src/stm32wbxx_hal_rtc.c ****     (+) Enable RTC Clock using the __HAL_RCC_RTC_ENABLE() macro.
  59:Drivers/STM32WBxx_HAL_Driver/Src/stm32wbxx_hal_rtc.c **** 
  60:Drivers/STM32WBxx_HAL_Driver/Src/stm32wbxx_hal_rtc.c ****                   ##### How to use RTC Driver #####
  61:Drivers/STM32WBxx_HAL_Driver/Src/stm32wbxx_hal_rtc.c ****  ===================================================================
  62:Drivers/STM32WBxx_HAL_Driver/Src/stm32wbxx_hal_rtc.c ****   [..]
  63:Drivers/STM32WBxx_HAL_Driver/Src/stm32wbxx_hal_rtc.c ****     (+) Enable the RTC domain access (see description in the section above).
  64:Drivers/STM32WBxx_HAL_Driver/Src/stm32wbxx_hal_rtc.c ****     (+) Configure the RTC Prescaler (Asynchronous and Synchronous) and RTC hour
  65:Drivers/STM32WBxx_HAL_Driver/Src/stm32wbxx_hal_rtc.c ****         format using the HAL_RTC_Init() function.
  66:Drivers/STM32WBxx_HAL_Driver/Src/stm32wbxx_hal_rtc.c **** 
  67:Drivers/STM32WBxx_HAL_Driver/Src/stm32wbxx_hal_rtc.c ****   *** Time and Date configuration ***
  68:Drivers/STM32WBxx_HAL_Driver/Src/stm32wbxx_hal_rtc.c ****   ===================================
  69:Drivers/STM32WBxx_HAL_Driver/Src/stm32wbxx_hal_rtc.c ****   [..]
  70:Drivers/STM32WBxx_HAL_Driver/Src/stm32wbxx_hal_rtc.c ****     (+) To configure the RTC Calendar (Time and Date) use the HAL_RTC_SetTime()
  71:Drivers/STM32WBxx_HAL_Driver/Src/stm32wbxx_hal_rtc.c ****         and HAL_RTC_SetDate() functions.
  72:Drivers/STM32WBxx_HAL_Driver/Src/stm32wbxx_hal_rtc.c ****     (+) To read the RTC Calendar, use the HAL_RTC_GetTime() and HAL_RTC_GetDate() functions.
  73:Drivers/STM32WBxx_HAL_Driver/Src/stm32wbxx_hal_rtc.c **** 
  74:Drivers/STM32WBxx_HAL_Driver/Src/stm32wbxx_hal_rtc.c ****   *** Alarm configuration ***
  75:Drivers/STM32WBxx_HAL_Driver/Src/stm32wbxx_hal_rtc.c ****   ===========================
  76:Drivers/STM32WBxx_HAL_Driver/Src/stm32wbxx_hal_rtc.c ****   [..]
  77:Drivers/STM32WBxx_HAL_Driver/Src/stm32wbxx_hal_rtc.c ****     (+) To configure the RTC Alarm use the HAL_RTC_SetAlarm() function.
  78:Drivers/STM32WBxx_HAL_Driver/Src/stm32wbxx_hal_rtc.c ****             You can also configure the RTC Alarm with interrupt mode using the
  79:Drivers/STM32WBxx_HAL_Driver/Src/stm32wbxx_hal_rtc.c ****             HAL_RTC_SetAlarm_IT() function.
  80:Drivers/STM32WBxx_HAL_Driver/Src/stm32wbxx_hal_rtc.c ****     (+) To read the RTC Alarm, use the HAL_RTC_GetAlarm() function.
  81:Drivers/STM32WBxx_HAL_Driver/Src/stm32wbxx_hal_rtc.c **** 
  82:Drivers/STM32WBxx_HAL_Driver/Src/stm32wbxx_hal_rtc.c ****                   ##### RTC and low power modes #####
  83:Drivers/STM32WBxx_HAL_Driver/Src/stm32wbxx_hal_rtc.c ****   ==================================================================
  84:Drivers/STM32WBxx_HAL_Driver/Src/stm32wbxx_hal_rtc.c ****   [..] The MCU can be woken up from a low power mode by an RTC alternate
  85:Drivers/STM32WBxx_HAL_Driver/Src/stm32wbxx_hal_rtc.c ****        function.
  86:Drivers/STM32WBxx_HAL_Driver/Src/stm32wbxx_hal_rtc.c ****   [..] The RTC alternate functions are the RTC alarms (Alarm A and Alarm B),
ARM GAS  C:\Users\843E~1\AppData\Local\Temp\ccZjV6EC.s 			page 3


  87:Drivers/STM32WBxx_HAL_Driver/Src/stm32wbxx_hal_rtc.c ****        RTC wakeup, RTC tamper event detection and RTC time stamp event detection.
  88:Drivers/STM32WBxx_HAL_Driver/Src/stm32wbxx_hal_rtc.c ****        These RTC alternate functions can wake up the system from the Stop and
  89:Drivers/STM32WBxx_HAL_Driver/Src/stm32wbxx_hal_rtc.c ****        Standby low power modes.
  90:Drivers/STM32WBxx_HAL_Driver/Src/stm32wbxx_hal_rtc.c ****   [..] The system can also wake up from low power modes without depending
  91:Drivers/STM32WBxx_HAL_Driver/Src/stm32wbxx_hal_rtc.c ****        on an external interrupt (Auto-wakeup mode), by using the RTC alarm
  92:Drivers/STM32WBxx_HAL_Driver/Src/stm32wbxx_hal_rtc.c ****        or the RTC wakeup events.
  93:Drivers/STM32WBxx_HAL_Driver/Src/stm32wbxx_hal_rtc.c ****   [..] The RTC provides a programmable time base for waking up from the
  94:Drivers/STM32WBxx_HAL_Driver/Src/stm32wbxx_hal_rtc.c ****        Stop or Standby mode at regular intervals.
  95:Drivers/STM32WBxx_HAL_Driver/Src/stm32wbxx_hal_rtc.c ****        Wakeup from STOP and STANDBY modes is possible only when the RTC clock source
  96:Drivers/STM32WBxx_HAL_Driver/Src/stm32wbxx_hal_rtc.c ****        is LSE or LSI.
  97:Drivers/STM32WBxx_HAL_Driver/Src/stm32wbxx_hal_rtc.c **** 
  98:Drivers/STM32WBxx_HAL_Driver/Src/stm32wbxx_hal_rtc.c ****   *** Callback registration ***
  99:Drivers/STM32WBxx_HAL_Driver/Src/stm32wbxx_hal_rtc.c ****   =============================================
 100:Drivers/STM32WBxx_HAL_Driver/Src/stm32wbxx_hal_rtc.c **** 
 101:Drivers/STM32WBxx_HAL_Driver/Src/stm32wbxx_hal_rtc.c ****   [..]
 102:Drivers/STM32WBxx_HAL_Driver/Src/stm32wbxx_hal_rtc.c ****   The compilation define  USE_RTC_REGISTER_CALLBACKS when set to 1
 103:Drivers/STM32WBxx_HAL_Driver/Src/stm32wbxx_hal_rtc.c ****   allows the user to configure dynamically the driver callbacks.
 104:Drivers/STM32WBxx_HAL_Driver/Src/stm32wbxx_hal_rtc.c ****   Use Function HAL_RTC_RegisterCallback() to register an interrupt callback.
 105:Drivers/STM32WBxx_HAL_Driver/Src/stm32wbxx_hal_rtc.c **** 
 106:Drivers/STM32WBxx_HAL_Driver/Src/stm32wbxx_hal_rtc.c ****   [..]
 107:Drivers/STM32WBxx_HAL_Driver/Src/stm32wbxx_hal_rtc.c ****   Function HAL_RTC_RegisterCallback() allows to register following callbacks:
 108:Drivers/STM32WBxx_HAL_Driver/Src/stm32wbxx_hal_rtc.c ****     (+) AlarmAEventCallback          : RTC Alarm A Event callback.
 109:Drivers/STM32WBxx_HAL_Driver/Src/stm32wbxx_hal_rtc.c ****     (+) AlarmBEventCallback          : RTC Alarm B Event callback.
 110:Drivers/STM32WBxx_HAL_Driver/Src/stm32wbxx_hal_rtc.c ****     (+) TimeStampEventCallback       : RTC TimeStamp Event callback.
 111:Drivers/STM32WBxx_HAL_Driver/Src/stm32wbxx_hal_rtc.c ****     (+) WakeUpTimerEventCallback     : RTC WakeUpTimer Event callback.
 112:Drivers/STM32WBxx_HAL_Driver/Src/stm32wbxx_hal_rtc.c ****     (+) Tamper1EventCallback         : RTC Tamper 1 Event callback.
 113:Drivers/STM32WBxx_HAL_Driver/Src/stm32wbxx_hal_rtc.c ****     (+) Tamper2EventCallback         : RTC Tamper 2 Event callback.
 114:Drivers/STM32WBxx_HAL_Driver/Src/stm32wbxx_hal_rtc.c ****     (+) Tamper3EventCallback         : RTC Tamper 3 Event callback.
 115:Drivers/STM32WBxx_HAL_Driver/Src/stm32wbxx_hal_rtc.c ****     (+) MspInitCallback              : RTC MspInit callback.
 116:Drivers/STM32WBxx_HAL_Driver/Src/stm32wbxx_hal_rtc.c ****     (+) MspDeInitCallback            : RTC MspDeInit callback.
 117:Drivers/STM32WBxx_HAL_Driver/Src/stm32wbxx_hal_rtc.c ****   [..]
 118:Drivers/STM32WBxx_HAL_Driver/Src/stm32wbxx_hal_rtc.c ****   This function takes as parameters the HAL peripheral handle, the Callback ID
 119:Drivers/STM32WBxx_HAL_Driver/Src/stm32wbxx_hal_rtc.c ****   and a pointer to the user callback function.
 120:Drivers/STM32WBxx_HAL_Driver/Src/stm32wbxx_hal_rtc.c **** 
 121:Drivers/STM32WBxx_HAL_Driver/Src/stm32wbxx_hal_rtc.c ****   [..]
 122:Drivers/STM32WBxx_HAL_Driver/Src/stm32wbxx_hal_rtc.c ****   Use function HAL_RTC_UnRegisterCallback() to reset a callback to the default
 123:Drivers/STM32WBxx_HAL_Driver/Src/stm32wbxx_hal_rtc.c ****   weak function.
 124:Drivers/STM32WBxx_HAL_Driver/Src/stm32wbxx_hal_rtc.c ****   HAL_RTC_UnRegisterCallback() takes as parameters the HAL peripheral handle,
 125:Drivers/STM32WBxx_HAL_Driver/Src/stm32wbxx_hal_rtc.c ****   and the Callback ID.
 126:Drivers/STM32WBxx_HAL_Driver/Src/stm32wbxx_hal_rtc.c ****   This function allows to reset following callbacks:
 127:Drivers/STM32WBxx_HAL_Driver/Src/stm32wbxx_hal_rtc.c ****     (+) AlarmAEventCallback          : RTC Alarm A Event callback.
 128:Drivers/STM32WBxx_HAL_Driver/Src/stm32wbxx_hal_rtc.c ****     (+) AlarmBEventCallback          : RTC Alarm B Event callback.
 129:Drivers/STM32WBxx_HAL_Driver/Src/stm32wbxx_hal_rtc.c ****     (+) TimeStampEventCallback       : RTC TimeStamp Event callback.
 130:Drivers/STM32WBxx_HAL_Driver/Src/stm32wbxx_hal_rtc.c ****     (+) WakeUpTimerEventCallback     : RTC WakeUpTimer Event callback.
 131:Drivers/STM32WBxx_HAL_Driver/Src/stm32wbxx_hal_rtc.c ****     (+) Tamper1EventCallback         : RTC Tamper 1 Event callback.
 132:Drivers/STM32WBxx_HAL_Driver/Src/stm32wbxx_hal_rtc.c ****     (+) Tamper2EventCallback         : RTC Tamper 2 Event callback.
 133:Drivers/STM32WBxx_HAL_Driver/Src/stm32wbxx_hal_rtc.c ****     (+) Tamper3EventCallback         : RTC Tamper 3 Event callback.
 134:Drivers/STM32WBxx_HAL_Driver/Src/stm32wbxx_hal_rtc.c ****     (+) MspInitCallback              : RTC MspInit callback.
 135:Drivers/STM32WBxx_HAL_Driver/Src/stm32wbxx_hal_rtc.c ****     (+) MspDeInitCallback            : RTC MspDeInit callback.
 136:Drivers/STM32WBxx_HAL_Driver/Src/stm32wbxx_hal_rtc.c **** 
 137:Drivers/STM32WBxx_HAL_Driver/Src/stm32wbxx_hal_rtc.c ****   [..]
 138:Drivers/STM32WBxx_HAL_Driver/Src/stm32wbxx_hal_rtc.c ****   By default, after the HAL_RTC_Init() and when the state is HAL_RTC_STATE_RESET,
 139:Drivers/STM32WBxx_HAL_Driver/Src/stm32wbxx_hal_rtc.c ****   all callbacks are set to the corresponding weak functions :
 140:Drivers/STM32WBxx_HAL_Driver/Src/stm32wbxx_hal_rtc.c ****   examples AlarmAEventCallback(), WakeUpTimerEventCallback().
 141:Drivers/STM32WBxx_HAL_Driver/Src/stm32wbxx_hal_rtc.c ****   Exception done for MspInit and MspDeInit callbacks that are reset to the legacy weak function
 142:Drivers/STM32WBxx_HAL_Driver/Src/stm32wbxx_hal_rtc.c ****   in the HAL_RTC_Init()/HAL_RTC_DeInit() only when these callbacks are null
 143:Drivers/STM32WBxx_HAL_Driver/Src/stm32wbxx_hal_rtc.c ****   (not registered beforehand).
ARM GAS  C:\Users\843E~1\AppData\Local\Temp\ccZjV6EC.s 			page 4


 144:Drivers/STM32WBxx_HAL_Driver/Src/stm32wbxx_hal_rtc.c ****   If not, MspInit or MspDeInit are not null, HAL_RTC_Init()/HAL_RTC_DeInit()
 145:Drivers/STM32WBxx_HAL_Driver/Src/stm32wbxx_hal_rtc.c ****   keep and use the user MspInit/MspDeInit callbacks (registered beforehand)
 146:Drivers/STM32WBxx_HAL_Driver/Src/stm32wbxx_hal_rtc.c **** 
 147:Drivers/STM32WBxx_HAL_Driver/Src/stm32wbxx_hal_rtc.c ****   [..]
 148:Drivers/STM32WBxx_HAL_Driver/Src/stm32wbxx_hal_rtc.c ****   Callbacks can be registered/unregistered in HAL_RTC_STATE_READY state only.
 149:Drivers/STM32WBxx_HAL_Driver/Src/stm32wbxx_hal_rtc.c ****   Exception done MspInit/MspDeInit that can be registered/unregistered
 150:Drivers/STM32WBxx_HAL_Driver/Src/stm32wbxx_hal_rtc.c ****   in HAL_RTC_STATE_READY or HAL_RTC_STATE_RESET state,
 151:Drivers/STM32WBxx_HAL_Driver/Src/stm32wbxx_hal_rtc.c ****   thus registered (user) MspInit/DeInit callbacks can be used during the Init/DeInit.
 152:Drivers/STM32WBxx_HAL_Driver/Src/stm32wbxx_hal_rtc.c ****   In that case first register the MspInit/MspDeInit user callbacks
 153:Drivers/STM32WBxx_HAL_Driver/Src/stm32wbxx_hal_rtc.c ****   using HAL_RTC_RegisterCallback() before calling HAL_RTC_DeInit()
 154:Drivers/STM32WBxx_HAL_Driver/Src/stm32wbxx_hal_rtc.c ****   or HAL_RTC_Init() function.
 155:Drivers/STM32WBxx_HAL_Driver/Src/stm32wbxx_hal_rtc.c **** 
 156:Drivers/STM32WBxx_HAL_Driver/Src/stm32wbxx_hal_rtc.c ****   [..]
 157:Drivers/STM32WBxx_HAL_Driver/Src/stm32wbxx_hal_rtc.c ****   When The compilation define USE_HAL_RTC_REGISTER_CALLBACKS is set to 0 or
 158:Drivers/STM32WBxx_HAL_Driver/Src/stm32wbxx_hal_rtc.c ****   not defined, the callback registration feature is not available and all callbacks
 159:Drivers/STM32WBxx_HAL_Driver/Src/stm32wbxx_hal_rtc.c ****   are set to the corresponding weak functions.
 160:Drivers/STM32WBxx_HAL_Driver/Src/stm32wbxx_hal_rtc.c **** 
 161:Drivers/STM32WBxx_HAL_Driver/Src/stm32wbxx_hal_rtc.c ****   @endverbatim
 162:Drivers/STM32WBxx_HAL_Driver/Src/stm32wbxx_hal_rtc.c ****   ******************************************************************************
 163:Drivers/STM32WBxx_HAL_Driver/Src/stm32wbxx_hal_rtc.c ****   */
 164:Drivers/STM32WBxx_HAL_Driver/Src/stm32wbxx_hal_rtc.c **** 
 165:Drivers/STM32WBxx_HAL_Driver/Src/stm32wbxx_hal_rtc.c **** /* Includes ------------------------------------------------------------------*/
 166:Drivers/STM32WBxx_HAL_Driver/Src/stm32wbxx_hal_rtc.c **** #include "stm32wbxx_hal.h"
 167:Drivers/STM32WBxx_HAL_Driver/Src/stm32wbxx_hal_rtc.c **** 
 168:Drivers/STM32WBxx_HAL_Driver/Src/stm32wbxx_hal_rtc.c **** /** @addtogroup STM32WBxx_HAL_Driver
 169:Drivers/STM32WBxx_HAL_Driver/Src/stm32wbxx_hal_rtc.c ****   * @{
 170:Drivers/STM32WBxx_HAL_Driver/Src/stm32wbxx_hal_rtc.c ****   */
 171:Drivers/STM32WBxx_HAL_Driver/Src/stm32wbxx_hal_rtc.c **** 
 172:Drivers/STM32WBxx_HAL_Driver/Src/stm32wbxx_hal_rtc.c **** 
 173:Drivers/STM32WBxx_HAL_Driver/Src/stm32wbxx_hal_rtc.c **** /** @addtogroup RTC
 174:Drivers/STM32WBxx_HAL_Driver/Src/stm32wbxx_hal_rtc.c ****   * @brief RTC HAL module driver
 175:Drivers/STM32WBxx_HAL_Driver/Src/stm32wbxx_hal_rtc.c ****   * @{
 176:Drivers/STM32WBxx_HAL_Driver/Src/stm32wbxx_hal_rtc.c ****   */
 177:Drivers/STM32WBxx_HAL_Driver/Src/stm32wbxx_hal_rtc.c **** 
 178:Drivers/STM32WBxx_HAL_Driver/Src/stm32wbxx_hal_rtc.c **** #ifdef HAL_RTC_MODULE_ENABLED
 179:Drivers/STM32WBxx_HAL_Driver/Src/stm32wbxx_hal_rtc.c **** 
 180:Drivers/STM32WBxx_HAL_Driver/Src/stm32wbxx_hal_rtc.c **** /* Private typedef -----------------------------------------------------------*/
 181:Drivers/STM32WBxx_HAL_Driver/Src/stm32wbxx_hal_rtc.c **** /* Private define ------------------------------------------------------------*/
 182:Drivers/STM32WBxx_HAL_Driver/Src/stm32wbxx_hal_rtc.c **** /* Private macro -------------------------------------------------------------*/
 183:Drivers/STM32WBxx_HAL_Driver/Src/stm32wbxx_hal_rtc.c **** /* Private variables ---------------------------------------------------------*/
 184:Drivers/STM32WBxx_HAL_Driver/Src/stm32wbxx_hal_rtc.c **** /* Private function prototypes -----------------------------------------------*/
 185:Drivers/STM32WBxx_HAL_Driver/Src/stm32wbxx_hal_rtc.c **** /* Exported functions --------------------------------------------------------*/
 186:Drivers/STM32WBxx_HAL_Driver/Src/stm32wbxx_hal_rtc.c **** 
 187:Drivers/STM32WBxx_HAL_Driver/Src/stm32wbxx_hal_rtc.c **** /** @addtogroup RTC_Exported_Functions
 188:Drivers/STM32WBxx_HAL_Driver/Src/stm32wbxx_hal_rtc.c ****   * @{
 189:Drivers/STM32WBxx_HAL_Driver/Src/stm32wbxx_hal_rtc.c ****   */
 190:Drivers/STM32WBxx_HAL_Driver/Src/stm32wbxx_hal_rtc.c **** 
 191:Drivers/STM32WBxx_HAL_Driver/Src/stm32wbxx_hal_rtc.c **** /** @addtogroup RTC_Exported_Functions_Group1
 192:Drivers/STM32WBxx_HAL_Driver/Src/stm32wbxx_hal_rtc.c ****   *  @brief    Initialization and Configuration functions
 193:Drivers/STM32WBxx_HAL_Driver/Src/stm32wbxx_hal_rtc.c ****   *
 194:Drivers/STM32WBxx_HAL_Driver/Src/stm32wbxx_hal_rtc.c **** @verbatim
 195:Drivers/STM32WBxx_HAL_Driver/Src/stm32wbxx_hal_rtc.c ****  ===============================================================================
 196:Drivers/STM32WBxx_HAL_Driver/Src/stm32wbxx_hal_rtc.c ****               ##### Initialization and de-initialization functions #####
 197:Drivers/STM32WBxx_HAL_Driver/Src/stm32wbxx_hal_rtc.c ****  ===============================================================================
 198:Drivers/STM32WBxx_HAL_Driver/Src/stm32wbxx_hal_rtc.c ****    [..] This section provides functions allowing to initialize and configure the
 199:Drivers/STM32WBxx_HAL_Driver/Src/stm32wbxx_hal_rtc.c ****          RTC Prescaler (Synchronous and Asynchronous), RTC Hour format, disable
 200:Drivers/STM32WBxx_HAL_Driver/Src/stm32wbxx_hal_rtc.c ****          RTC registers Write protection, enter and exit the RTC initialization mode,
ARM GAS  C:\Users\843E~1\AppData\Local\Temp\ccZjV6EC.s 			page 5


 201:Drivers/STM32WBxx_HAL_Driver/Src/stm32wbxx_hal_rtc.c ****          RTC registers synchronization check and reference clock detection enable.
 202:Drivers/STM32WBxx_HAL_Driver/Src/stm32wbxx_hal_rtc.c ****          (#) The RTC Prescaler is programmed to generate the RTC 1Hz time base.
 203:Drivers/STM32WBxx_HAL_Driver/Src/stm32wbxx_hal_rtc.c ****              It is split into 2 programmable prescalers to minimize power consumption.
 204:Drivers/STM32WBxx_HAL_Driver/Src/stm32wbxx_hal_rtc.c ****              (++) A 7-bit asynchronous prescaler and a 15-bit synchronous prescaler.
 205:Drivers/STM32WBxx_HAL_Driver/Src/stm32wbxx_hal_rtc.c ****              (++) When both prescalers are used, it is recommended to configure the
 206:Drivers/STM32WBxx_HAL_Driver/Src/stm32wbxx_hal_rtc.c ****                  asynchronous prescaler to a high value to minimize power consumption.
 207:Drivers/STM32WBxx_HAL_Driver/Src/stm32wbxx_hal_rtc.c ****          (#) All RTC registers are Write protected. Writing to the RTC registers
 208:Drivers/STM32WBxx_HAL_Driver/Src/stm32wbxx_hal_rtc.c ****              is enabled by writing a key into the Write Protection register, RTC_WPR.
 209:Drivers/STM32WBxx_HAL_Driver/Src/stm32wbxx_hal_rtc.c ****          (#) To configure the RTC Calendar, user application should enter
 210:Drivers/STM32WBxx_HAL_Driver/Src/stm32wbxx_hal_rtc.c ****              initialization mode. In this mode, the calendar counter is stopped
 211:Drivers/STM32WBxx_HAL_Driver/Src/stm32wbxx_hal_rtc.c ****              and its value can be updated. When the initialization sequence is
 212:Drivers/STM32WBxx_HAL_Driver/Src/stm32wbxx_hal_rtc.c ****              complete, the calendar restarts counting after 4 RTCCLK cycles.
 213:Drivers/STM32WBxx_HAL_Driver/Src/stm32wbxx_hal_rtc.c ****          (#) To read the calendar through the shadow registers after Calendar
 214:Drivers/STM32WBxx_HAL_Driver/Src/stm32wbxx_hal_rtc.c ****              initialization, calendar update or after wakeup from low power modes
 215:Drivers/STM32WBxx_HAL_Driver/Src/stm32wbxx_hal_rtc.c ****              the software must first clear the RSF flag. The software must then
 216:Drivers/STM32WBxx_HAL_Driver/Src/stm32wbxx_hal_rtc.c ****              wait until it is set again before reading the calendar, which means
 217:Drivers/STM32WBxx_HAL_Driver/Src/stm32wbxx_hal_rtc.c ****              that the calendar registers have been correctly copied into the
 218:Drivers/STM32WBxx_HAL_Driver/Src/stm32wbxx_hal_rtc.c ****              RTC_TR and RTC_DR shadow registers.The HAL_RTC_WaitForSynchro() function
 219:Drivers/STM32WBxx_HAL_Driver/Src/stm32wbxx_hal_rtc.c ****              implements the above software sequence (RSF clear and RSF check).
 220:Drivers/STM32WBxx_HAL_Driver/Src/stm32wbxx_hal_rtc.c **** 
 221:Drivers/STM32WBxx_HAL_Driver/Src/stm32wbxx_hal_rtc.c **** @endverbatim
 222:Drivers/STM32WBxx_HAL_Driver/Src/stm32wbxx_hal_rtc.c ****   * @{
 223:Drivers/STM32WBxx_HAL_Driver/Src/stm32wbxx_hal_rtc.c ****   */
 224:Drivers/STM32WBxx_HAL_Driver/Src/stm32wbxx_hal_rtc.c **** 
 225:Drivers/STM32WBxx_HAL_Driver/Src/stm32wbxx_hal_rtc.c **** /**
 226:Drivers/STM32WBxx_HAL_Driver/Src/stm32wbxx_hal_rtc.c ****   * @brief  Initialize the RTC peripheral
 227:Drivers/STM32WBxx_HAL_Driver/Src/stm32wbxx_hal_rtc.c ****   * @param hrtc RTC handle
 228:Drivers/STM32WBxx_HAL_Driver/Src/stm32wbxx_hal_rtc.c ****   * @retval HAL status
 229:Drivers/STM32WBxx_HAL_Driver/Src/stm32wbxx_hal_rtc.c ****   */
 230:Drivers/STM32WBxx_HAL_Driver/Src/stm32wbxx_hal_rtc.c **** HAL_StatusTypeDef HAL_RTC_Init(RTC_HandleTypeDef *hrtc)
 231:Drivers/STM32WBxx_HAL_Driver/Src/stm32wbxx_hal_rtc.c **** {
 232:Drivers/STM32WBxx_HAL_Driver/Src/stm32wbxx_hal_rtc.c ****   HAL_StatusTypeDef status;
 233:Drivers/STM32WBxx_HAL_Driver/Src/stm32wbxx_hal_rtc.c **** 
 234:Drivers/STM32WBxx_HAL_Driver/Src/stm32wbxx_hal_rtc.c ****   /* Check the RTC peripheral state */
 235:Drivers/STM32WBxx_HAL_Driver/Src/stm32wbxx_hal_rtc.c ****   if (hrtc == NULL)
 236:Drivers/STM32WBxx_HAL_Driver/Src/stm32wbxx_hal_rtc.c ****   {
 237:Drivers/STM32WBxx_HAL_Driver/Src/stm32wbxx_hal_rtc.c ****     return HAL_ERROR;
 238:Drivers/STM32WBxx_HAL_Driver/Src/stm32wbxx_hal_rtc.c ****   }
 239:Drivers/STM32WBxx_HAL_Driver/Src/stm32wbxx_hal_rtc.c **** 
 240:Drivers/STM32WBxx_HAL_Driver/Src/stm32wbxx_hal_rtc.c ****   /* Check the parameters */
 241:Drivers/STM32WBxx_HAL_Driver/Src/stm32wbxx_hal_rtc.c ****   assert_param(IS_RTC_ALL_INSTANCE(hrtc->Instance));
 242:Drivers/STM32WBxx_HAL_Driver/Src/stm32wbxx_hal_rtc.c ****   assert_param(IS_RTC_HOUR_FORMAT(hrtc->Init.HourFormat));
 243:Drivers/STM32WBxx_HAL_Driver/Src/stm32wbxx_hal_rtc.c ****   assert_param(IS_RTC_ASYNCH_PREDIV(hrtc->Init.AsynchPrediv));
 244:Drivers/STM32WBxx_HAL_Driver/Src/stm32wbxx_hal_rtc.c ****   assert_param(IS_RTC_SYNCH_PREDIV(hrtc->Init.SynchPrediv));
 245:Drivers/STM32WBxx_HAL_Driver/Src/stm32wbxx_hal_rtc.c ****   assert_param(IS_RTC_OUTPUT(hrtc->Init.OutPut));
 246:Drivers/STM32WBxx_HAL_Driver/Src/stm32wbxx_hal_rtc.c ****   assert_param(IS_RTC_OUTPUT_REMAP(hrtc->Init.OutPutRemap));
 247:Drivers/STM32WBxx_HAL_Driver/Src/stm32wbxx_hal_rtc.c ****   assert_param(IS_RTC_OUTPUT_POL(hrtc->Init.OutPutPolarity));
 248:Drivers/STM32WBxx_HAL_Driver/Src/stm32wbxx_hal_rtc.c ****   assert_param(IS_RTC_OUTPUT_TYPE(hrtc->Init.OutPutType));
 249:Drivers/STM32WBxx_HAL_Driver/Src/stm32wbxx_hal_rtc.c **** 
 250:Drivers/STM32WBxx_HAL_Driver/Src/stm32wbxx_hal_rtc.c **** #if (USE_HAL_RTC_REGISTER_CALLBACKS == 1)
 251:Drivers/STM32WBxx_HAL_Driver/Src/stm32wbxx_hal_rtc.c ****   if (hrtc->State == HAL_RTC_STATE_RESET)
 252:Drivers/STM32WBxx_HAL_Driver/Src/stm32wbxx_hal_rtc.c ****   {
 253:Drivers/STM32WBxx_HAL_Driver/Src/stm32wbxx_hal_rtc.c ****     /* Allocate lock resource and initialize it */
 254:Drivers/STM32WBxx_HAL_Driver/Src/stm32wbxx_hal_rtc.c ****     hrtc->Lock = HAL_UNLOCKED;
 255:Drivers/STM32WBxx_HAL_Driver/Src/stm32wbxx_hal_rtc.c **** 
 256:Drivers/STM32WBxx_HAL_Driver/Src/stm32wbxx_hal_rtc.c ****     hrtc->AlarmAEventCallback          =  HAL_RTC_AlarmAEventCallback;        /* Legacy weak AlarmA
 257:Drivers/STM32WBxx_HAL_Driver/Src/stm32wbxx_hal_rtc.c ****     hrtc->AlarmBEventCallback          =  HAL_RTCEx_AlarmBEventCallback;      /* Legacy weak AlarmB
ARM GAS  C:\Users\843E~1\AppData\Local\Temp\ccZjV6EC.s 			page 6


 258:Drivers/STM32WBxx_HAL_Driver/Src/stm32wbxx_hal_rtc.c ****     hrtc->TimeStampEventCallback       =  HAL_RTCEx_TimeStampEventCallback;   /* Legacy weak TimeSt
 259:Drivers/STM32WBxx_HAL_Driver/Src/stm32wbxx_hal_rtc.c ****     hrtc->WakeUpTimerEventCallback     =  HAL_RTCEx_WakeUpTimerEventCallback; /* Legacy weak WakeUp
 260:Drivers/STM32WBxx_HAL_Driver/Src/stm32wbxx_hal_rtc.c **** #if defined(RTC_TAMPER1_SUPPORT)
 261:Drivers/STM32WBxx_HAL_Driver/Src/stm32wbxx_hal_rtc.c ****     hrtc->Tamper1EventCallback         =  HAL_RTCEx_Tamper1EventCallback;     /* Legacy weak Tamper
 262:Drivers/STM32WBxx_HAL_Driver/Src/stm32wbxx_hal_rtc.c **** #endif /* RTC_TAMPER1_SUPPORT */
 263:Drivers/STM32WBxx_HAL_Driver/Src/stm32wbxx_hal_rtc.c ****     hrtc->Tamper2EventCallback         =  HAL_RTCEx_Tamper2EventCallback;     /* Legacy weak Tamper
 264:Drivers/STM32WBxx_HAL_Driver/Src/stm32wbxx_hal_rtc.c **** #if defined(RTC_TAMPER3_SUPPORT)
 265:Drivers/STM32WBxx_HAL_Driver/Src/stm32wbxx_hal_rtc.c ****     hrtc->Tamper3EventCallback         =  HAL_RTCEx_Tamper3EventCallback;     /* Legacy weak Tamper
 266:Drivers/STM32WBxx_HAL_Driver/Src/stm32wbxx_hal_rtc.c **** #endif /* RTC_TAMPER3_SUPPORT */
 267:Drivers/STM32WBxx_HAL_Driver/Src/stm32wbxx_hal_rtc.c **** 
 268:Drivers/STM32WBxx_HAL_Driver/Src/stm32wbxx_hal_rtc.c ****     if (hrtc->MspInitCallback == NULL)
 269:Drivers/STM32WBxx_HAL_Driver/Src/stm32wbxx_hal_rtc.c ****     {
 270:Drivers/STM32WBxx_HAL_Driver/Src/stm32wbxx_hal_rtc.c ****       hrtc->MspInitCallback = HAL_RTC_MspInit;
 271:Drivers/STM32WBxx_HAL_Driver/Src/stm32wbxx_hal_rtc.c ****     }
 272:Drivers/STM32WBxx_HAL_Driver/Src/stm32wbxx_hal_rtc.c ****     /* Init the low level hardware */
 273:Drivers/STM32WBxx_HAL_Driver/Src/stm32wbxx_hal_rtc.c ****     hrtc->MspInitCallback(hrtc);
 274:Drivers/STM32WBxx_HAL_Driver/Src/stm32wbxx_hal_rtc.c **** 
 275:Drivers/STM32WBxx_HAL_Driver/Src/stm32wbxx_hal_rtc.c ****     if (hrtc->MspDeInitCallback == NULL)
 276:Drivers/STM32WBxx_HAL_Driver/Src/stm32wbxx_hal_rtc.c ****     {
 277:Drivers/STM32WBxx_HAL_Driver/Src/stm32wbxx_hal_rtc.c ****       hrtc->MspDeInitCallback = HAL_RTC_MspDeInit;
 278:Drivers/STM32WBxx_HAL_Driver/Src/stm32wbxx_hal_rtc.c ****     }
 279:Drivers/STM32WBxx_HAL_Driver/Src/stm32wbxx_hal_rtc.c ****   }
 280:Drivers/STM32WBxx_HAL_Driver/Src/stm32wbxx_hal_rtc.c **** #else
 281:Drivers/STM32WBxx_HAL_Driver/Src/stm32wbxx_hal_rtc.c ****   if (hrtc->State == HAL_RTC_STATE_RESET)
 282:Drivers/STM32WBxx_HAL_Driver/Src/stm32wbxx_hal_rtc.c ****   {
 283:Drivers/STM32WBxx_HAL_Driver/Src/stm32wbxx_hal_rtc.c ****     /* Allocate lock resource and initialize it */
 284:Drivers/STM32WBxx_HAL_Driver/Src/stm32wbxx_hal_rtc.c ****     hrtc->Lock = HAL_UNLOCKED;
 285:Drivers/STM32WBxx_HAL_Driver/Src/stm32wbxx_hal_rtc.c **** 
 286:Drivers/STM32WBxx_HAL_Driver/Src/stm32wbxx_hal_rtc.c ****     /* Initialize RTC MSP */
 287:Drivers/STM32WBxx_HAL_Driver/Src/stm32wbxx_hal_rtc.c ****     HAL_RTC_MspInit(hrtc);
 288:Drivers/STM32WBxx_HAL_Driver/Src/stm32wbxx_hal_rtc.c ****   }
 289:Drivers/STM32WBxx_HAL_Driver/Src/stm32wbxx_hal_rtc.c **** #endif /* (USE_HAL_RTC_REGISTER_CALLBACKS) */
 290:Drivers/STM32WBxx_HAL_Driver/Src/stm32wbxx_hal_rtc.c **** 
 291:Drivers/STM32WBxx_HAL_Driver/Src/stm32wbxx_hal_rtc.c ****   /* Set RTC state */
 292:Drivers/STM32WBxx_HAL_Driver/Src/stm32wbxx_hal_rtc.c ****   hrtc->State = HAL_RTC_STATE_BUSY;
 293:Drivers/STM32WBxx_HAL_Driver/Src/stm32wbxx_hal_rtc.c **** 
 294:Drivers/STM32WBxx_HAL_Driver/Src/stm32wbxx_hal_rtc.c ****   /* Check if the calendar has been not initialized */
 295:Drivers/STM32WBxx_HAL_Driver/Src/stm32wbxx_hal_rtc.c ****   if (__HAL_RTC_IS_CALENDAR_INITIALIZED(hrtc) == 0U)
 296:Drivers/STM32WBxx_HAL_Driver/Src/stm32wbxx_hal_rtc.c ****   {
 297:Drivers/STM32WBxx_HAL_Driver/Src/stm32wbxx_hal_rtc.c ****     /* Disable the write protection for RTC registers */
 298:Drivers/STM32WBxx_HAL_Driver/Src/stm32wbxx_hal_rtc.c ****     __HAL_RTC_WRITEPROTECTION_DISABLE(hrtc);
 299:Drivers/STM32WBxx_HAL_Driver/Src/stm32wbxx_hal_rtc.c **** 
 300:Drivers/STM32WBxx_HAL_Driver/Src/stm32wbxx_hal_rtc.c ****     /* Set Initialization mode */
 301:Drivers/STM32WBxx_HAL_Driver/Src/stm32wbxx_hal_rtc.c ****     if (RTC_EnterInitMode(hrtc) != HAL_OK)
 302:Drivers/STM32WBxx_HAL_Driver/Src/stm32wbxx_hal_rtc.c ****     {
 303:Drivers/STM32WBxx_HAL_Driver/Src/stm32wbxx_hal_rtc.c ****       /* Enable the write protection for RTC registers */
 304:Drivers/STM32WBxx_HAL_Driver/Src/stm32wbxx_hal_rtc.c ****       __HAL_RTC_WRITEPROTECTION_ENABLE(hrtc);
 305:Drivers/STM32WBxx_HAL_Driver/Src/stm32wbxx_hal_rtc.c **** 
 306:Drivers/STM32WBxx_HAL_Driver/Src/stm32wbxx_hal_rtc.c ****       /* Set RTC state */
 307:Drivers/STM32WBxx_HAL_Driver/Src/stm32wbxx_hal_rtc.c ****       hrtc->State = HAL_RTC_STATE_ERROR;
 308:Drivers/STM32WBxx_HAL_Driver/Src/stm32wbxx_hal_rtc.c **** 
 309:Drivers/STM32WBxx_HAL_Driver/Src/stm32wbxx_hal_rtc.c ****       status = HAL_ERROR;
 310:Drivers/STM32WBxx_HAL_Driver/Src/stm32wbxx_hal_rtc.c ****     }
 311:Drivers/STM32WBxx_HAL_Driver/Src/stm32wbxx_hal_rtc.c ****     else
 312:Drivers/STM32WBxx_HAL_Driver/Src/stm32wbxx_hal_rtc.c ****     {
 313:Drivers/STM32WBxx_HAL_Driver/Src/stm32wbxx_hal_rtc.c ****       /* Clear RTC_CR FMT, OSEL and POL Bits */
 314:Drivers/STM32WBxx_HAL_Driver/Src/stm32wbxx_hal_rtc.c ****       hrtc->Instance->CR &= ((uint32_t)~(RTC_CR_FMT | RTC_CR_OSEL | RTC_CR_POL));
ARM GAS  C:\Users\843E~1\AppData\Local\Temp\ccZjV6EC.s 			page 7


 315:Drivers/STM32WBxx_HAL_Driver/Src/stm32wbxx_hal_rtc.c ****       /* Set RTC_CR register */
 316:Drivers/STM32WBxx_HAL_Driver/Src/stm32wbxx_hal_rtc.c ****       hrtc->Instance->CR |= (uint32_t)(hrtc->Init.HourFormat | hrtc->Init.OutPut | hrtc->Init.OutPu
 317:Drivers/STM32WBxx_HAL_Driver/Src/stm32wbxx_hal_rtc.c **** 
 318:Drivers/STM32WBxx_HAL_Driver/Src/stm32wbxx_hal_rtc.c ****       /* Configure the RTC PRER */
 319:Drivers/STM32WBxx_HAL_Driver/Src/stm32wbxx_hal_rtc.c ****       hrtc->Instance->PRER = (uint32_t)(hrtc->Init.SynchPrediv);
 320:Drivers/STM32WBxx_HAL_Driver/Src/stm32wbxx_hal_rtc.c ****       hrtc->Instance->PRER |= (uint32_t)(hrtc->Init.AsynchPrediv << 16U);
 321:Drivers/STM32WBxx_HAL_Driver/Src/stm32wbxx_hal_rtc.c **** 
 322:Drivers/STM32WBxx_HAL_Driver/Src/stm32wbxx_hal_rtc.c ****       /* Exit Initialization mode */
 323:Drivers/STM32WBxx_HAL_Driver/Src/stm32wbxx_hal_rtc.c ****       hrtc->Instance->ISR &= ((uint32_t)~RTC_ISR_INIT);
 324:Drivers/STM32WBxx_HAL_Driver/Src/stm32wbxx_hal_rtc.c **** 
 325:Drivers/STM32WBxx_HAL_Driver/Src/stm32wbxx_hal_rtc.c **** #if defined(RTC_OR_ALARMOUTTYPE)
 326:Drivers/STM32WBxx_HAL_Driver/Src/stm32wbxx_hal_rtc.c ****       hrtc->Instance->OR &= (uint32_t)~(RTC_OR_ALARMOUTTYPE | RTC_OR_OUT_RMP);
 327:Drivers/STM32WBxx_HAL_Driver/Src/stm32wbxx_hal_rtc.c **** #else
 328:Drivers/STM32WBxx_HAL_Driver/Src/stm32wbxx_hal_rtc.c ****       hrtc->Instance->OR &= (uint32_t)~(RTC_OR_OUT_RMP);
 329:Drivers/STM32WBxx_HAL_Driver/Src/stm32wbxx_hal_rtc.c **** #endif /* RTC_OR_ALARMOUTTYPE */
 330:Drivers/STM32WBxx_HAL_Driver/Src/stm32wbxx_hal_rtc.c ****       hrtc->Instance->OR |= (uint32_t)(hrtc->Init.OutPutType | hrtc->Init.OutPutRemap);
 331:Drivers/STM32WBxx_HAL_Driver/Src/stm32wbxx_hal_rtc.c **** 
 332:Drivers/STM32WBxx_HAL_Driver/Src/stm32wbxx_hal_rtc.c ****       /* If CR_BYPSHAD bit = 0, wait for synchro else this check is not needed */
 333:Drivers/STM32WBxx_HAL_Driver/Src/stm32wbxx_hal_rtc.c ****       if ((hrtc->Instance->CR & RTC_CR_BYPSHAD) == 0U)
 334:Drivers/STM32WBxx_HAL_Driver/Src/stm32wbxx_hal_rtc.c ****       {
 335:Drivers/STM32WBxx_HAL_Driver/Src/stm32wbxx_hal_rtc.c ****         if (HAL_RTC_WaitForSynchro(hrtc) != HAL_OK)
 336:Drivers/STM32WBxx_HAL_Driver/Src/stm32wbxx_hal_rtc.c ****         {
 337:Drivers/STM32WBxx_HAL_Driver/Src/stm32wbxx_hal_rtc.c ****           /* Enable the write protection for RTC registers */
 338:Drivers/STM32WBxx_HAL_Driver/Src/stm32wbxx_hal_rtc.c ****           __HAL_RTC_WRITEPROTECTION_ENABLE(hrtc);
 339:Drivers/STM32WBxx_HAL_Driver/Src/stm32wbxx_hal_rtc.c **** 
 340:Drivers/STM32WBxx_HAL_Driver/Src/stm32wbxx_hal_rtc.c ****           hrtc->State = HAL_RTC_STATE_ERROR;
 341:Drivers/STM32WBxx_HAL_Driver/Src/stm32wbxx_hal_rtc.c **** 
 342:Drivers/STM32WBxx_HAL_Driver/Src/stm32wbxx_hal_rtc.c ****           /* Process Unlocked */
 343:Drivers/STM32WBxx_HAL_Driver/Src/stm32wbxx_hal_rtc.c ****           __HAL_UNLOCK(hrtc);
 344:Drivers/STM32WBxx_HAL_Driver/Src/stm32wbxx_hal_rtc.c **** 
 345:Drivers/STM32WBxx_HAL_Driver/Src/stm32wbxx_hal_rtc.c ****           return HAL_ERROR;
 346:Drivers/STM32WBxx_HAL_Driver/Src/stm32wbxx_hal_rtc.c ****         }
 347:Drivers/STM32WBxx_HAL_Driver/Src/stm32wbxx_hal_rtc.c ****       }
 348:Drivers/STM32WBxx_HAL_Driver/Src/stm32wbxx_hal_rtc.c **** 
 349:Drivers/STM32WBxx_HAL_Driver/Src/stm32wbxx_hal_rtc.c ****       /* Enable the write protection for RTC registers */
 350:Drivers/STM32WBxx_HAL_Driver/Src/stm32wbxx_hal_rtc.c ****       __HAL_RTC_WRITEPROTECTION_ENABLE(hrtc);
 351:Drivers/STM32WBxx_HAL_Driver/Src/stm32wbxx_hal_rtc.c **** 
 352:Drivers/STM32WBxx_HAL_Driver/Src/stm32wbxx_hal_rtc.c ****       /* Set RTC state */
 353:Drivers/STM32WBxx_HAL_Driver/Src/stm32wbxx_hal_rtc.c ****       status = HAL_OK;
 354:Drivers/STM32WBxx_HAL_Driver/Src/stm32wbxx_hal_rtc.c ****     }
 355:Drivers/STM32WBxx_HAL_Driver/Src/stm32wbxx_hal_rtc.c ****   }
 356:Drivers/STM32WBxx_HAL_Driver/Src/stm32wbxx_hal_rtc.c ****   else
 357:Drivers/STM32WBxx_HAL_Driver/Src/stm32wbxx_hal_rtc.c ****   {
 358:Drivers/STM32WBxx_HAL_Driver/Src/stm32wbxx_hal_rtc.c ****     /* Calendar is already initialized */
 359:Drivers/STM32WBxx_HAL_Driver/Src/stm32wbxx_hal_rtc.c ****     /* Set flag to OK */
 360:Drivers/STM32WBxx_HAL_Driver/Src/stm32wbxx_hal_rtc.c ****     status = HAL_OK;
 361:Drivers/STM32WBxx_HAL_Driver/Src/stm32wbxx_hal_rtc.c ****   }
 362:Drivers/STM32WBxx_HAL_Driver/Src/stm32wbxx_hal_rtc.c **** 
 363:Drivers/STM32WBxx_HAL_Driver/Src/stm32wbxx_hal_rtc.c ****   if (status == HAL_OK)
 364:Drivers/STM32WBxx_HAL_Driver/Src/stm32wbxx_hal_rtc.c ****   {
 365:Drivers/STM32WBxx_HAL_Driver/Src/stm32wbxx_hal_rtc.c ****     /* Change RTC state */
 366:Drivers/STM32WBxx_HAL_Driver/Src/stm32wbxx_hal_rtc.c ****     hrtc->State = HAL_RTC_STATE_READY;
 367:Drivers/STM32WBxx_HAL_Driver/Src/stm32wbxx_hal_rtc.c ****   }
 368:Drivers/STM32WBxx_HAL_Driver/Src/stm32wbxx_hal_rtc.c **** 
 369:Drivers/STM32WBxx_HAL_Driver/Src/stm32wbxx_hal_rtc.c ****   return status;
 370:Drivers/STM32WBxx_HAL_Driver/Src/stm32wbxx_hal_rtc.c **** }
 371:Drivers/STM32WBxx_HAL_Driver/Src/stm32wbxx_hal_rtc.c **** 
ARM GAS  C:\Users\843E~1\AppData\Local\Temp\ccZjV6EC.s 			page 8


 372:Drivers/STM32WBxx_HAL_Driver/Src/stm32wbxx_hal_rtc.c **** /**
 373:Drivers/STM32WBxx_HAL_Driver/Src/stm32wbxx_hal_rtc.c ****   * @brief  DeInitialize the RTC peripheral.
 374:Drivers/STM32WBxx_HAL_Driver/Src/stm32wbxx_hal_rtc.c ****   * @param hrtc RTC handle
 375:Drivers/STM32WBxx_HAL_Driver/Src/stm32wbxx_hal_rtc.c ****   * @note   This function doesn't reset the RTC Backup Data registers.
 376:Drivers/STM32WBxx_HAL_Driver/Src/stm32wbxx_hal_rtc.c ****   * @retval HAL status
 377:Drivers/STM32WBxx_HAL_Driver/Src/stm32wbxx_hal_rtc.c ****   */
 378:Drivers/STM32WBxx_HAL_Driver/Src/stm32wbxx_hal_rtc.c **** HAL_StatusTypeDef HAL_RTC_DeInit(RTC_HandleTypeDef *hrtc)
 379:Drivers/STM32WBxx_HAL_Driver/Src/stm32wbxx_hal_rtc.c **** {
 380:Drivers/STM32WBxx_HAL_Driver/Src/stm32wbxx_hal_rtc.c ****   uint32_t tickstart;
 381:Drivers/STM32WBxx_HAL_Driver/Src/stm32wbxx_hal_rtc.c **** 
 382:Drivers/STM32WBxx_HAL_Driver/Src/stm32wbxx_hal_rtc.c ****   /* Check the parameters */
 383:Drivers/STM32WBxx_HAL_Driver/Src/stm32wbxx_hal_rtc.c ****   assert_param(IS_RTC_ALL_INSTANCE(hrtc->Instance));
 384:Drivers/STM32WBxx_HAL_Driver/Src/stm32wbxx_hal_rtc.c **** 
 385:Drivers/STM32WBxx_HAL_Driver/Src/stm32wbxx_hal_rtc.c ****   /* Set RTC state */
 386:Drivers/STM32WBxx_HAL_Driver/Src/stm32wbxx_hal_rtc.c ****   hrtc->State = HAL_RTC_STATE_BUSY;
 387:Drivers/STM32WBxx_HAL_Driver/Src/stm32wbxx_hal_rtc.c **** 
 388:Drivers/STM32WBxx_HAL_Driver/Src/stm32wbxx_hal_rtc.c ****   /* Disable the write protection for RTC registers */
 389:Drivers/STM32WBxx_HAL_Driver/Src/stm32wbxx_hal_rtc.c ****   __HAL_RTC_WRITEPROTECTION_DISABLE(hrtc);
 390:Drivers/STM32WBxx_HAL_Driver/Src/stm32wbxx_hal_rtc.c **** 
 391:Drivers/STM32WBxx_HAL_Driver/Src/stm32wbxx_hal_rtc.c ****   /* Set Initialization mode */
 392:Drivers/STM32WBxx_HAL_Driver/Src/stm32wbxx_hal_rtc.c ****   if (RTC_EnterInitMode(hrtc) != HAL_OK)
 393:Drivers/STM32WBxx_HAL_Driver/Src/stm32wbxx_hal_rtc.c ****   {
 394:Drivers/STM32WBxx_HAL_Driver/Src/stm32wbxx_hal_rtc.c ****     /* Enable the write protection for RTC registers */
 395:Drivers/STM32WBxx_HAL_Driver/Src/stm32wbxx_hal_rtc.c ****     __HAL_RTC_WRITEPROTECTION_ENABLE(hrtc);
 396:Drivers/STM32WBxx_HAL_Driver/Src/stm32wbxx_hal_rtc.c **** 
 397:Drivers/STM32WBxx_HAL_Driver/Src/stm32wbxx_hal_rtc.c ****     /* Set RTC state */
 398:Drivers/STM32WBxx_HAL_Driver/Src/stm32wbxx_hal_rtc.c ****     hrtc->State = HAL_RTC_STATE_ERROR;
 399:Drivers/STM32WBxx_HAL_Driver/Src/stm32wbxx_hal_rtc.c **** 
 400:Drivers/STM32WBxx_HAL_Driver/Src/stm32wbxx_hal_rtc.c ****     return HAL_ERROR;
 401:Drivers/STM32WBxx_HAL_Driver/Src/stm32wbxx_hal_rtc.c ****   }
 402:Drivers/STM32WBxx_HAL_Driver/Src/stm32wbxx_hal_rtc.c ****   else
 403:Drivers/STM32WBxx_HAL_Driver/Src/stm32wbxx_hal_rtc.c ****   {
 404:Drivers/STM32WBxx_HAL_Driver/Src/stm32wbxx_hal_rtc.c ****     /* Reset TR, DR and CR registers */
 405:Drivers/STM32WBxx_HAL_Driver/Src/stm32wbxx_hal_rtc.c ****     hrtc->Instance->TR = (uint32_t)0x00000000U;
 406:Drivers/STM32WBxx_HAL_Driver/Src/stm32wbxx_hal_rtc.c ****     hrtc->Instance->DR = ((uint32_t)(RTC_DR_WDU_0 | RTC_DR_MU_0 | RTC_DR_DU_0));
 407:Drivers/STM32WBxx_HAL_Driver/Src/stm32wbxx_hal_rtc.c ****     /* Reset All CR bits except CR[2:0] */
 408:Drivers/STM32WBxx_HAL_Driver/Src/stm32wbxx_hal_rtc.c ****     hrtc->Instance->CR &= RTC_CR_WUCKSEL;
 409:Drivers/STM32WBxx_HAL_Driver/Src/stm32wbxx_hal_rtc.c **** 
 410:Drivers/STM32WBxx_HAL_Driver/Src/stm32wbxx_hal_rtc.c ****     tickstart = HAL_GetTick();
 411:Drivers/STM32WBxx_HAL_Driver/Src/stm32wbxx_hal_rtc.c **** 
 412:Drivers/STM32WBxx_HAL_Driver/Src/stm32wbxx_hal_rtc.c ****     /* Wait till WUTWF flag is set and if Time out is reached exit */
 413:Drivers/STM32WBxx_HAL_Driver/Src/stm32wbxx_hal_rtc.c ****     while (((hrtc->Instance->ISR) & RTC_ISR_WUTWF) == 0U)
 414:Drivers/STM32WBxx_HAL_Driver/Src/stm32wbxx_hal_rtc.c ****     {
 415:Drivers/STM32WBxx_HAL_Driver/Src/stm32wbxx_hal_rtc.c ****       if ((HAL_GetTick() - tickstart) > RTC_TIMEOUT_VALUE)
 416:Drivers/STM32WBxx_HAL_Driver/Src/stm32wbxx_hal_rtc.c ****       {
 417:Drivers/STM32WBxx_HAL_Driver/Src/stm32wbxx_hal_rtc.c ****         /* Enable the write protection for RTC registers */
 418:Drivers/STM32WBxx_HAL_Driver/Src/stm32wbxx_hal_rtc.c ****         __HAL_RTC_WRITEPROTECTION_ENABLE(hrtc);
 419:Drivers/STM32WBxx_HAL_Driver/Src/stm32wbxx_hal_rtc.c **** 
 420:Drivers/STM32WBxx_HAL_Driver/Src/stm32wbxx_hal_rtc.c ****         /* Set RTC state */
 421:Drivers/STM32WBxx_HAL_Driver/Src/stm32wbxx_hal_rtc.c ****         hrtc->State = HAL_RTC_STATE_TIMEOUT;
 422:Drivers/STM32WBxx_HAL_Driver/Src/stm32wbxx_hal_rtc.c **** 
 423:Drivers/STM32WBxx_HAL_Driver/Src/stm32wbxx_hal_rtc.c ****         return HAL_TIMEOUT;
 424:Drivers/STM32WBxx_HAL_Driver/Src/stm32wbxx_hal_rtc.c ****       }
 425:Drivers/STM32WBxx_HAL_Driver/Src/stm32wbxx_hal_rtc.c ****     }
 426:Drivers/STM32WBxx_HAL_Driver/Src/stm32wbxx_hal_rtc.c **** 
 427:Drivers/STM32WBxx_HAL_Driver/Src/stm32wbxx_hal_rtc.c ****     /* Reset all RTC CR register bits */
 428:Drivers/STM32WBxx_HAL_Driver/Src/stm32wbxx_hal_rtc.c ****     hrtc->Instance->CR &= (uint32_t)0x00000000U;
ARM GAS  C:\Users\843E~1\AppData\Local\Temp\ccZjV6EC.s 			page 9


 429:Drivers/STM32WBxx_HAL_Driver/Src/stm32wbxx_hal_rtc.c ****     hrtc->Instance->WUTR = RTC_WUTR_WUT;
 430:Drivers/STM32WBxx_HAL_Driver/Src/stm32wbxx_hal_rtc.c ****     hrtc->Instance->PRER = ((uint32_t)(RTC_PRER_PREDIV_A | 0x000000FFU));
 431:Drivers/STM32WBxx_HAL_Driver/Src/stm32wbxx_hal_rtc.c ****     hrtc->Instance->ALRMAR = (uint32_t)0x00000000U;
 432:Drivers/STM32WBxx_HAL_Driver/Src/stm32wbxx_hal_rtc.c ****     hrtc->Instance->ALRMBR = (uint32_t)0x00000000U;
 433:Drivers/STM32WBxx_HAL_Driver/Src/stm32wbxx_hal_rtc.c ****     hrtc->Instance->SHIFTR = (uint32_t)0x00000000U;
 434:Drivers/STM32WBxx_HAL_Driver/Src/stm32wbxx_hal_rtc.c ****     hrtc->Instance->CALR = (uint32_t)0x00000000U;
 435:Drivers/STM32WBxx_HAL_Driver/Src/stm32wbxx_hal_rtc.c ****     hrtc->Instance->ALRMASSR = (uint32_t)0x00000000U;
 436:Drivers/STM32WBxx_HAL_Driver/Src/stm32wbxx_hal_rtc.c ****     hrtc->Instance->ALRMBSSR = (uint32_t)0x00000000U;
 437:Drivers/STM32WBxx_HAL_Driver/Src/stm32wbxx_hal_rtc.c **** 
 438:Drivers/STM32WBxx_HAL_Driver/Src/stm32wbxx_hal_rtc.c ****     /* Reset ISR register and exit initialization mode */
 439:Drivers/STM32WBxx_HAL_Driver/Src/stm32wbxx_hal_rtc.c ****     hrtc->Instance->ISR = (uint32_t)0x00000000U;
 440:Drivers/STM32WBxx_HAL_Driver/Src/stm32wbxx_hal_rtc.c **** 
 441:Drivers/STM32WBxx_HAL_Driver/Src/stm32wbxx_hal_rtc.c ****     /* Reset Tamper configuration register */
 442:Drivers/STM32WBxx_HAL_Driver/Src/stm32wbxx_hal_rtc.c ****     hrtc->Instance->TAMPCR = 0x00000000U;
 443:Drivers/STM32WBxx_HAL_Driver/Src/stm32wbxx_hal_rtc.c **** 
 444:Drivers/STM32WBxx_HAL_Driver/Src/stm32wbxx_hal_rtc.c ****     /* Reset Option register */
 445:Drivers/STM32WBxx_HAL_Driver/Src/stm32wbxx_hal_rtc.c ****     hrtc->Instance->OR = 0x00000000U;
 446:Drivers/STM32WBxx_HAL_Driver/Src/stm32wbxx_hal_rtc.c **** 
 447:Drivers/STM32WBxx_HAL_Driver/Src/stm32wbxx_hal_rtc.c ****     /* If  RTC_CR_BYPSHAD bit = 0, wait for synchro else this check is not needed */
 448:Drivers/STM32WBxx_HAL_Driver/Src/stm32wbxx_hal_rtc.c ****     if ((hrtc->Instance->CR & RTC_CR_BYPSHAD) == 0U)
 449:Drivers/STM32WBxx_HAL_Driver/Src/stm32wbxx_hal_rtc.c ****     {
 450:Drivers/STM32WBxx_HAL_Driver/Src/stm32wbxx_hal_rtc.c ****       if (HAL_RTC_WaitForSynchro(hrtc) != HAL_OK)
 451:Drivers/STM32WBxx_HAL_Driver/Src/stm32wbxx_hal_rtc.c ****       {
 452:Drivers/STM32WBxx_HAL_Driver/Src/stm32wbxx_hal_rtc.c ****         /* Enable the write protection for RTC registers */
 453:Drivers/STM32WBxx_HAL_Driver/Src/stm32wbxx_hal_rtc.c ****         __HAL_RTC_WRITEPROTECTION_ENABLE(hrtc);
 454:Drivers/STM32WBxx_HAL_Driver/Src/stm32wbxx_hal_rtc.c **** 
 455:Drivers/STM32WBxx_HAL_Driver/Src/stm32wbxx_hal_rtc.c ****         hrtc->State = HAL_RTC_STATE_ERROR;
 456:Drivers/STM32WBxx_HAL_Driver/Src/stm32wbxx_hal_rtc.c **** 
 457:Drivers/STM32WBxx_HAL_Driver/Src/stm32wbxx_hal_rtc.c ****         return HAL_ERROR;
 458:Drivers/STM32WBxx_HAL_Driver/Src/stm32wbxx_hal_rtc.c ****       }
 459:Drivers/STM32WBxx_HAL_Driver/Src/stm32wbxx_hal_rtc.c ****     }
 460:Drivers/STM32WBxx_HAL_Driver/Src/stm32wbxx_hal_rtc.c ****   }
 461:Drivers/STM32WBxx_HAL_Driver/Src/stm32wbxx_hal_rtc.c **** 
 462:Drivers/STM32WBxx_HAL_Driver/Src/stm32wbxx_hal_rtc.c ****   /* Enable the write protection for RTC registers */
 463:Drivers/STM32WBxx_HAL_Driver/Src/stm32wbxx_hal_rtc.c ****   __HAL_RTC_WRITEPROTECTION_ENABLE(hrtc);
 464:Drivers/STM32WBxx_HAL_Driver/Src/stm32wbxx_hal_rtc.c **** 
 465:Drivers/STM32WBxx_HAL_Driver/Src/stm32wbxx_hal_rtc.c **** #if (USE_HAL_RTC_REGISTER_CALLBACKS == 1)
 466:Drivers/STM32WBxx_HAL_Driver/Src/stm32wbxx_hal_rtc.c ****   if (hrtc->MspDeInitCallback == NULL)
 467:Drivers/STM32WBxx_HAL_Driver/Src/stm32wbxx_hal_rtc.c ****   {
 468:Drivers/STM32WBxx_HAL_Driver/Src/stm32wbxx_hal_rtc.c ****     hrtc->MspDeInitCallback = HAL_RTC_MspDeInit;
 469:Drivers/STM32WBxx_HAL_Driver/Src/stm32wbxx_hal_rtc.c ****   }
 470:Drivers/STM32WBxx_HAL_Driver/Src/stm32wbxx_hal_rtc.c **** 
 471:Drivers/STM32WBxx_HAL_Driver/Src/stm32wbxx_hal_rtc.c ****   /* DeInit the low level hardware: CLOCK, NVIC.*/
 472:Drivers/STM32WBxx_HAL_Driver/Src/stm32wbxx_hal_rtc.c ****   hrtc->MspDeInitCallback(hrtc);
 473:Drivers/STM32WBxx_HAL_Driver/Src/stm32wbxx_hal_rtc.c **** 
 474:Drivers/STM32WBxx_HAL_Driver/Src/stm32wbxx_hal_rtc.c **** #else
 475:Drivers/STM32WBxx_HAL_Driver/Src/stm32wbxx_hal_rtc.c ****   /* De-Initialize RTC MSP */
 476:Drivers/STM32WBxx_HAL_Driver/Src/stm32wbxx_hal_rtc.c ****   HAL_RTC_MspDeInit(hrtc);
 477:Drivers/STM32WBxx_HAL_Driver/Src/stm32wbxx_hal_rtc.c **** #endif /* (USE_HAL_RTC_REGISTER_CALLBACKS) */
 478:Drivers/STM32WBxx_HAL_Driver/Src/stm32wbxx_hal_rtc.c **** 
 479:Drivers/STM32WBxx_HAL_Driver/Src/stm32wbxx_hal_rtc.c ****   hrtc->State = HAL_RTC_STATE_RESET;
 480:Drivers/STM32WBxx_HAL_Driver/Src/stm32wbxx_hal_rtc.c **** 
 481:Drivers/STM32WBxx_HAL_Driver/Src/stm32wbxx_hal_rtc.c ****   /* Release Lock */
 482:Drivers/STM32WBxx_HAL_Driver/Src/stm32wbxx_hal_rtc.c ****   __HAL_UNLOCK(hrtc);
 483:Drivers/STM32WBxx_HAL_Driver/Src/stm32wbxx_hal_rtc.c **** 
 484:Drivers/STM32WBxx_HAL_Driver/Src/stm32wbxx_hal_rtc.c ****   return HAL_OK;
 485:Drivers/STM32WBxx_HAL_Driver/Src/stm32wbxx_hal_rtc.c **** }
ARM GAS  C:\Users\843E~1\AppData\Local\Temp\ccZjV6EC.s 			page 10


 486:Drivers/STM32WBxx_HAL_Driver/Src/stm32wbxx_hal_rtc.c **** 
 487:Drivers/STM32WBxx_HAL_Driver/Src/stm32wbxx_hal_rtc.c **** #if (USE_HAL_RTC_REGISTER_CALLBACKS == 1)
 488:Drivers/STM32WBxx_HAL_Driver/Src/stm32wbxx_hal_rtc.c **** /**
 489:Drivers/STM32WBxx_HAL_Driver/Src/stm32wbxx_hal_rtc.c ****   * @brief  Register a User RTC Callback
 490:Drivers/STM32WBxx_HAL_Driver/Src/stm32wbxx_hal_rtc.c ****   *         To be used instead of the weak predefined callback
 491:Drivers/STM32WBxx_HAL_Driver/Src/stm32wbxx_hal_rtc.c ****   * @param  hrtc RTC handle
 492:Drivers/STM32WBxx_HAL_Driver/Src/stm32wbxx_hal_rtc.c ****   * @param  CallbackID ID of the callback to be registered
 493:Drivers/STM32WBxx_HAL_Driver/Src/stm32wbxx_hal_rtc.c ****   *         This parameter can be one of the following values:
 494:Drivers/STM32WBxx_HAL_Driver/Src/stm32wbxx_hal_rtc.c ****   *          @arg @ref HAL_RTC_ALARM_A_EVENT_CB_ID          Alarm A Event Callback ID
 495:Drivers/STM32WBxx_HAL_Driver/Src/stm32wbxx_hal_rtc.c ****   *          @arg @ref HAL_RTC_ALARM_B_EVENT_CB_ID          Alarm B Event Callback ID
 496:Drivers/STM32WBxx_HAL_Driver/Src/stm32wbxx_hal_rtc.c ****   *          @arg @ref HAL_RTC_TIMESTAMP_EVENT_CB_ID        TimeStamp Event Callback ID
 497:Drivers/STM32WBxx_HAL_Driver/Src/stm32wbxx_hal_rtc.c ****   *          @arg @ref HAL_RTC_WAKEUPTIMER_EVENT_CB_ID      WakeUp Timer Event Callback ID
 498:Drivers/STM32WBxx_HAL_Driver/Src/stm32wbxx_hal_rtc.c ****   *          @arg @ref HAL_RTC_TAMPER1_EVENT_CB_ID          Tamper 1 Callback ID (*)
 499:Drivers/STM32WBxx_HAL_Driver/Src/stm32wbxx_hal_rtc.c ****   *          @arg @ref HAL_RTC_TAMPER2_EVENT_CB_ID          Tamper 2 Callback ID
 500:Drivers/STM32WBxx_HAL_Driver/Src/stm32wbxx_hal_rtc.c ****   *          @arg @ref HAL_RTC_TAMPER3_EVENT_CB_ID          Tamper 3 Callback ID (*)
 501:Drivers/STM32WBxx_HAL_Driver/Src/stm32wbxx_hal_rtc.c ****   *          @arg @ref HAL_RTC_MSPINIT_CB_ID                Msp Init callback ID
 502:Drivers/STM32WBxx_HAL_Driver/Src/stm32wbxx_hal_rtc.c ****   *          @arg @ref HAL_RTC_MSPDEINIT_CB_ID              Msp DeInit callback ID
 503:Drivers/STM32WBxx_HAL_Driver/Src/stm32wbxx_hal_rtc.c ****   *
 504:Drivers/STM32WBxx_HAL_Driver/Src/stm32wbxx_hal_rtc.c ****   *         (*)  Value not defined in all devices. \n
 505:Drivers/STM32WBxx_HAL_Driver/Src/stm32wbxx_hal_rtc.c ****   *
 506:Drivers/STM32WBxx_HAL_Driver/Src/stm32wbxx_hal_rtc.c ****   * @param  pCallback pointer to the Callback function
 507:Drivers/STM32WBxx_HAL_Driver/Src/stm32wbxx_hal_rtc.c ****   * @retval HAL status
 508:Drivers/STM32WBxx_HAL_Driver/Src/stm32wbxx_hal_rtc.c ****   */
 509:Drivers/STM32WBxx_HAL_Driver/Src/stm32wbxx_hal_rtc.c **** HAL_StatusTypeDef HAL_RTC_RegisterCallback(RTC_HandleTypeDef *hrtc, HAL_RTC_CallbackIDTypeDef Callb
 510:Drivers/STM32WBxx_HAL_Driver/Src/stm32wbxx_hal_rtc.c ****                                            pRTC_CallbackTypeDef pCallback)
 511:Drivers/STM32WBxx_HAL_Driver/Src/stm32wbxx_hal_rtc.c **** {
 512:Drivers/STM32WBxx_HAL_Driver/Src/stm32wbxx_hal_rtc.c ****   HAL_StatusTypeDef status = HAL_OK;
 513:Drivers/STM32WBxx_HAL_Driver/Src/stm32wbxx_hal_rtc.c **** 
 514:Drivers/STM32WBxx_HAL_Driver/Src/stm32wbxx_hal_rtc.c ****   if (pCallback == NULL)
 515:Drivers/STM32WBxx_HAL_Driver/Src/stm32wbxx_hal_rtc.c ****   {
 516:Drivers/STM32WBxx_HAL_Driver/Src/stm32wbxx_hal_rtc.c ****     return HAL_ERROR;
 517:Drivers/STM32WBxx_HAL_Driver/Src/stm32wbxx_hal_rtc.c ****   }
 518:Drivers/STM32WBxx_HAL_Driver/Src/stm32wbxx_hal_rtc.c **** 
 519:Drivers/STM32WBxx_HAL_Driver/Src/stm32wbxx_hal_rtc.c ****   /* Process locked */
 520:Drivers/STM32WBxx_HAL_Driver/Src/stm32wbxx_hal_rtc.c ****   __HAL_LOCK(hrtc);
 521:Drivers/STM32WBxx_HAL_Driver/Src/stm32wbxx_hal_rtc.c **** 
 522:Drivers/STM32WBxx_HAL_Driver/Src/stm32wbxx_hal_rtc.c ****   if (HAL_RTC_STATE_READY == hrtc->State)
 523:Drivers/STM32WBxx_HAL_Driver/Src/stm32wbxx_hal_rtc.c ****   {
 524:Drivers/STM32WBxx_HAL_Driver/Src/stm32wbxx_hal_rtc.c ****     switch (CallbackID)
 525:Drivers/STM32WBxx_HAL_Driver/Src/stm32wbxx_hal_rtc.c ****     {
 526:Drivers/STM32WBxx_HAL_Driver/Src/stm32wbxx_hal_rtc.c ****       case HAL_RTC_ALARM_A_EVENT_CB_ID :
 527:Drivers/STM32WBxx_HAL_Driver/Src/stm32wbxx_hal_rtc.c ****         hrtc->AlarmAEventCallback = pCallback;
 528:Drivers/STM32WBxx_HAL_Driver/Src/stm32wbxx_hal_rtc.c ****         break;
 529:Drivers/STM32WBxx_HAL_Driver/Src/stm32wbxx_hal_rtc.c **** 
 530:Drivers/STM32WBxx_HAL_Driver/Src/stm32wbxx_hal_rtc.c ****       case HAL_RTC_ALARM_B_EVENT_CB_ID :
 531:Drivers/STM32WBxx_HAL_Driver/Src/stm32wbxx_hal_rtc.c ****         hrtc->AlarmBEventCallback = pCallback;
 532:Drivers/STM32WBxx_HAL_Driver/Src/stm32wbxx_hal_rtc.c ****         break;
 533:Drivers/STM32WBxx_HAL_Driver/Src/stm32wbxx_hal_rtc.c **** 
 534:Drivers/STM32WBxx_HAL_Driver/Src/stm32wbxx_hal_rtc.c ****       case HAL_RTC_TIMESTAMP_EVENT_CB_ID :
 535:Drivers/STM32WBxx_HAL_Driver/Src/stm32wbxx_hal_rtc.c ****         hrtc->TimeStampEventCallback = pCallback;
 536:Drivers/STM32WBxx_HAL_Driver/Src/stm32wbxx_hal_rtc.c ****         break;
 537:Drivers/STM32WBxx_HAL_Driver/Src/stm32wbxx_hal_rtc.c **** 
 538:Drivers/STM32WBxx_HAL_Driver/Src/stm32wbxx_hal_rtc.c ****       case HAL_RTC_WAKEUPTIMER_EVENT_CB_ID :
 539:Drivers/STM32WBxx_HAL_Driver/Src/stm32wbxx_hal_rtc.c ****         hrtc->WakeUpTimerEventCallback = pCallback;
 540:Drivers/STM32WBxx_HAL_Driver/Src/stm32wbxx_hal_rtc.c ****         break;
 541:Drivers/STM32WBxx_HAL_Driver/Src/stm32wbxx_hal_rtc.c **** 
 542:Drivers/STM32WBxx_HAL_Driver/Src/stm32wbxx_hal_rtc.c **** #if defined(RTC_TAMPER1_SUPPORT)
ARM GAS  C:\Users\843E~1\AppData\Local\Temp\ccZjV6EC.s 			page 11


 543:Drivers/STM32WBxx_HAL_Driver/Src/stm32wbxx_hal_rtc.c ****       case HAL_RTC_TAMPER1_EVENT_CB_ID :
 544:Drivers/STM32WBxx_HAL_Driver/Src/stm32wbxx_hal_rtc.c ****         hrtc->Tamper1EventCallback = pCallback;
 545:Drivers/STM32WBxx_HAL_Driver/Src/stm32wbxx_hal_rtc.c ****         break;
 546:Drivers/STM32WBxx_HAL_Driver/Src/stm32wbxx_hal_rtc.c **** #endif /* RTC_TAMPER1_SUPPORT */
 547:Drivers/STM32WBxx_HAL_Driver/Src/stm32wbxx_hal_rtc.c **** 
 548:Drivers/STM32WBxx_HAL_Driver/Src/stm32wbxx_hal_rtc.c ****       case HAL_RTC_TAMPER2_EVENT_CB_ID :
 549:Drivers/STM32WBxx_HAL_Driver/Src/stm32wbxx_hal_rtc.c ****         hrtc->Tamper2EventCallback = pCallback;
 550:Drivers/STM32WBxx_HAL_Driver/Src/stm32wbxx_hal_rtc.c ****         break;
 551:Drivers/STM32WBxx_HAL_Driver/Src/stm32wbxx_hal_rtc.c **** 
 552:Drivers/STM32WBxx_HAL_Driver/Src/stm32wbxx_hal_rtc.c **** #if defined(RTC_TAMPER3_SUPPORT)
 553:Drivers/STM32WBxx_HAL_Driver/Src/stm32wbxx_hal_rtc.c ****       case HAL_RTC_TAMPER3_EVENT_CB_ID :
 554:Drivers/STM32WBxx_HAL_Driver/Src/stm32wbxx_hal_rtc.c ****         hrtc->Tamper3EventCallback = pCallback;
 555:Drivers/STM32WBxx_HAL_Driver/Src/stm32wbxx_hal_rtc.c ****         break;
 556:Drivers/STM32WBxx_HAL_Driver/Src/stm32wbxx_hal_rtc.c **** #endif /* RTC_TAMPER3_SUPPORT */
 557:Drivers/STM32WBxx_HAL_Driver/Src/stm32wbxx_hal_rtc.c **** 
 558:Drivers/STM32WBxx_HAL_Driver/Src/stm32wbxx_hal_rtc.c ****       case HAL_RTC_MSPINIT_CB_ID :
 559:Drivers/STM32WBxx_HAL_Driver/Src/stm32wbxx_hal_rtc.c ****         hrtc->MspInitCallback = pCallback;
 560:Drivers/STM32WBxx_HAL_Driver/Src/stm32wbxx_hal_rtc.c ****         break;
 561:Drivers/STM32WBxx_HAL_Driver/Src/stm32wbxx_hal_rtc.c **** 
 562:Drivers/STM32WBxx_HAL_Driver/Src/stm32wbxx_hal_rtc.c ****       case HAL_RTC_MSPDEINIT_CB_ID :
 563:Drivers/STM32WBxx_HAL_Driver/Src/stm32wbxx_hal_rtc.c ****         hrtc->MspDeInitCallback = pCallback;
 564:Drivers/STM32WBxx_HAL_Driver/Src/stm32wbxx_hal_rtc.c ****         break;
 565:Drivers/STM32WBxx_HAL_Driver/Src/stm32wbxx_hal_rtc.c **** 
 566:Drivers/STM32WBxx_HAL_Driver/Src/stm32wbxx_hal_rtc.c ****       default :
 567:Drivers/STM32WBxx_HAL_Driver/Src/stm32wbxx_hal_rtc.c ****         /* Return error status */
 568:Drivers/STM32WBxx_HAL_Driver/Src/stm32wbxx_hal_rtc.c ****         status =  HAL_ERROR;
 569:Drivers/STM32WBxx_HAL_Driver/Src/stm32wbxx_hal_rtc.c ****         break;
 570:Drivers/STM32WBxx_HAL_Driver/Src/stm32wbxx_hal_rtc.c ****     }
 571:Drivers/STM32WBxx_HAL_Driver/Src/stm32wbxx_hal_rtc.c ****   }
 572:Drivers/STM32WBxx_HAL_Driver/Src/stm32wbxx_hal_rtc.c ****   else if (HAL_RTC_STATE_RESET == hrtc->State)
 573:Drivers/STM32WBxx_HAL_Driver/Src/stm32wbxx_hal_rtc.c ****   {
 574:Drivers/STM32WBxx_HAL_Driver/Src/stm32wbxx_hal_rtc.c ****     switch (CallbackID)
 575:Drivers/STM32WBxx_HAL_Driver/Src/stm32wbxx_hal_rtc.c ****     {
 576:Drivers/STM32WBxx_HAL_Driver/Src/stm32wbxx_hal_rtc.c ****       case HAL_RTC_MSPINIT_CB_ID :
 577:Drivers/STM32WBxx_HAL_Driver/Src/stm32wbxx_hal_rtc.c ****         hrtc->MspInitCallback = pCallback;
 578:Drivers/STM32WBxx_HAL_Driver/Src/stm32wbxx_hal_rtc.c ****         break;
 579:Drivers/STM32WBxx_HAL_Driver/Src/stm32wbxx_hal_rtc.c **** 
 580:Drivers/STM32WBxx_HAL_Driver/Src/stm32wbxx_hal_rtc.c ****       case HAL_RTC_MSPDEINIT_CB_ID :
 581:Drivers/STM32WBxx_HAL_Driver/Src/stm32wbxx_hal_rtc.c ****         hrtc->MspDeInitCallback = pCallback;
 582:Drivers/STM32WBxx_HAL_Driver/Src/stm32wbxx_hal_rtc.c ****         break;
 583:Drivers/STM32WBxx_HAL_Driver/Src/stm32wbxx_hal_rtc.c **** 
 584:Drivers/STM32WBxx_HAL_Driver/Src/stm32wbxx_hal_rtc.c ****       default :
 585:Drivers/STM32WBxx_HAL_Driver/Src/stm32wbxx_hal_rtc.c ****         /* Return error status */
 586:Drivers/STM32WBxx_HAL_Driver/Src/stm32wbxx_hal_rtc.c ****         status =  HAL_ERROR;
 587:Drivers/STM32WBxx_HAL_Driver/Src/stm32wbxx_hal_rtc.c ****         break;
 588:Drivers/STM32WBxx_HAL_Driver/Src/stm32wbxx_hal_rtc.c ****     }
 589:Drivers/STM32WBxx_HAL_Driver/Src/stm32wbxx_hal_rtc.c ****   }
 590:Drivers/STM32WBxx_HAL_Driver/Src/stm32wbxx_hal_rtc.c ****   else
 591:Drivers/STM32WBxx_HAL_Driver/Src/stm32wbxx_hal_rtc.c ****   {
 592:Drivers/STM32WBxx_HAL_Driver/Src/stm32wbxx_hal_rtc.c ****     /* Return error status */
 593:Drivers/STM32WBxx_HAL_Driver/Src/stm32wbxx_hal_rtc.c ****     status =  HAL_ERROR;
 594:Drivers/STM32WBxx_HAL_Driver/Src/stm32wbxx_hal_rtc.c ****   }
 595:Drivers/STM32WBxx_HAL_Driver/Src/stm32wbxx_hal_rtc.c **** 
 596:Drivers/STM32WBxx_HAL_Driver/Src/stm32wbxx_hal_rtc.c ****   /* Release Lock */
 597:Drivers/STM32WBxx_HAL_Driver/Src/stm32wbxx_hal_rtc.c ****   __HAL_UNLOCK(hrtc);
 598:Drivers/STM32WBxx_HAL_Driver/Src/stm32wbxx_hal_rtc.c **** 
 599:Drivers/STM32WBxx_HAL_Driver/Src/stm32wbxx_hal_rtc.c ****   return status;
ARM GAS  C:\Users\843E~1\AppData\Local\Temp\ccZjV6EC.s 			page 12


 600:Drivers/STM32WBxx_HAL_Driver/Src/stm32wbxx_hal_rtc.c **** }
 601:Drivers/STM32WBxx_HAL_Driver/Src/stm32wbxx_hal_rtc.c **** 
 602:Drivers/STM32WBxx_HAL_Driver/Src/stm32wbxx_hal_rtc.c **** /**
 603:Drivers/STM32WBxx_HAL_Driver/Src/stm32wbxx_hal_rtc.c ****   * @brief  Unregister an RTC Callback
 604:Drivers/STM32WBxx_HAL_Driver/Src/stm32wbxx_hal_rtc.c ****   *         RTC callback is redirected to the weak predefined callback
 605:Drivers/STM32WBxx_HAL_Driver/Src/stm32wbxx_hal_rtc.c ****   * @param  hrtc RTC handle
 606:Drivers/STM32WBxx_HAL_Driver/Src/stm32wbxx_hal_rtc.c ****   * @param  CallbackID ID of the callback to be unregistered
 607:Drivers/STM32WBxx_HAL_Driver/Src/stm32wbxx_hal_rtc.c ****   *         This parameter can be one of the following values:
 608:Drivers/STM32WBxx_HAL_Driver/Src/stm32wbxx_hal_rtc.c ****   *          @arg @ref HAL_RTC_ALARM_A_EVENT_CB_ID          Alarm A Event Callback ID
 609:Drivers/STM32WBxx_HAL_Driver/Src/stm32wbxx_hal_rtc.c ****   *          @arg @ref HAL_RTC_ALARM_B_EVENT_CB_ID          Alarm B Event Callback ID
 610:Drivers/STM32WBxx_HAL_Driver/Src/stm32wbxx_hal_rtc.c ****   *          @arg @ref HAL_RTC_TIMESTAMP_EVENT_CB_ID        TimeStamp Event Callback ID
 611:Drivers/STM32WBxx_HAL_Driver/Src/stm32wbxx_hal_rtc.c ****   *          @arg @ref HAL_RTC_WAKEUPTIMER_EVENT_CB_ID      WakeUp Timer Event Callback ID
 612:Drivers/STM32WBxx_HAL_Driver/Src/stm32wbxx_hal_rtc.c ****   *          @arg @ref HAL_RTC_TAMPER1_EVENT_CB_ID          Tamper 1 Callback ID (*)
 613:Drivers/STM32WBxx_HAL_Driver/Src/stm32wbxx_hal_rtc.c ****   *          @arg @ref HAL_RTC_TAMPER2_EVENT_CB_ID          Tamper 2 Callback ID
 614:Drivers/STM32WBxx_HAL_Driver/Src/stm32wbxx_hal_rtc.c ****   *          @arg @ref HAL_RTC_TAMPER3_EVENT_CB_ID          Tamper 3 Callback ID (*)
 615:Drivers/STM32WBxx_HAL_Driver/Src/stm32wbxx_hal_rtc.c ****   *          @arg @ref HAL_RTC_MSPINIT_CB_ID                Msp Init callback ID
 616:Drivers/STM32WBxx_HAL_Driver/Src/stm32wbxx_hal_rtc.c ****   *          @arg @ref HAL_RTC_MSPDEINIT_CB_ID              Msp DeInit callback ID
 617:Drivers/STM32WBxx_HAL_Driver/Src/stm32wbxx_hal_rtc.c ****   *
 618:Drivers/STM32WBxx_HAL_Driver/Src/stm32wbxx_hal_rtc.c ****   *         (*)  Value not defined in all devices. \n
 619:Drivers/STM32WBxx_HAL_Driver/Src/stm32wbxx_hal_rtc.c ****   *
 620:Drivers/STM32WBxx_HAL_Driver/Src/stm32wbxx_hal_rtc.c ****   * @retval HAL status
 621:Drivers/STM32WBxx_HAL_Driver/Src/stm32wbxx_hal_rtc.c ****   */
 622:Drivers/STM32WBxx_HAL_Driver/Src/stm32wbxx_hal_rtc.c **** HAL_StatusTypeDef HAL_RTC_UnRegisterCallback(RTC_HandleTypeDef *hrtc, HAL_RTC_CallbackIDTypeDef Cal
 623:Drivers/STM32WBxx_HAL_Driver/Src/stm32wbxx_hal_rtc.c **** {
 624:Drivers/STM32WBxx_HAL_Driver/Src/stm32wbxx_hal_rtc.c ****   HAL_StatusTypeDef status = HAL_OK;
 625:Drivers/STM32WBxx_HAL_Driver/Src/stm32wbxx_hal_rtc.c **** 
 626:Drivers/STM32WBxx_HAL_Driver/Src/stm32wbxx_hal_rtc.c ****   /* Process locked */
 627:Drivers/STM32WBxx_HAL_Driver/Src/stm32wbxx_hal_rtc.c ****   __HAL_LOCK(hrtc);
 628:Drivers/STM32WBxx_HAL_Driver/Src/stm32wbxx_hal_rtc.c **** 
 629:Drivers/STM32WBxx_HAL_Driver/Src/stm32wbxx_hal_rtc.c ****   if (HAL_RTC_STATE_READY == hrtc->State)
 630:Drivers/STM32WBxx_HAL_Driver/Src/stm32wbxx_hal_rtc.c ****   {
 631:Drivers/STM32WBxx_HAL_Driver/Src/stm32wbxx_hal_rtc.c ****     switch (CallbackID)
 632:Drivers/STM32WBxx_HAL_Driver/Src/stm32wbxx_hal_rtc.c ****     {
 633:Drivers/STM32WBxx_HAL_Driver/Src/stm32wbxx_hal_rtc.c ****       case HAL_RTC_ALARM_A_EVENT_CB_ID :
 634:Drivers/STM32WBxx_HAL_Driver/Src/stm32wbxx_hal_rtc.c ****         hrtc->AlarmAEventCallback = HAL_RTC_AlarmAEventCallback;             /* Legacy weak AlarmAE
 635:Drivers/STM32WBxx_HAL_Driver/Src/stm32wbxx_hal_rtc.c ****         break;
 636:Drivers/STM32WBxx_HAL_Driver/Src/stm32wbxx_hal_rtc.c **** 
 637:Drivers/STM32WBxx_HAL_Driver/Src/stm32wbxx_hal_rtc.c ****       case HAL_RTC_ALARM_B_EVENT_CB_ID :
 638:Drivers/STM32WBxx_HAL_Driver/Src/stm32wbxx_hal_rtc.c ****         hrtc->AlarmBEventCallback = HAL_RTCEx_AlarmBEventCallback;           /* Legacy weak AlarmBE
 639:Drivers/STM32WBxx_HAL_Driver/Src/stm32wbxx_hal_rtc.c ****         break;
 640:Drivers/STM32WBxx_HAL_Driver/Src/stm32wbxx_hal_rtc.c **** 
 641:Drivers/STM32WBxx_HAL_Driver/Src/stm32wbxx_hal_rtc.c ****       case HAL_RTC_TIMESTAMP_EVENT_CB_ID :
 642:Drivers/STM32WBxx_HAL_Driver/Src/stm32wbxx_hal_rtc.c ****         hrtc->TimeStampEventCallback = HAL_RTCEx_TimeStampEventCallback;     /* Legacy weak TimeSta
 643:Drivers/STM32WBxx_HAL_Driver/Src/stm32wbxx_hal_rtc.c ****         break;
 644:Drivers/STM32WBxx_HAL_Driver/Src/stm32wbxx_hal_rtc.c **** 
 645:Drivers/STM32WBxx_HAL_Driver/Src/stm32wbxx_hal_rtc.c ****       case HAL_RTC_WAKEUPTIMER_EVENT_CB_ID :
 646:Drivers/STM32WBxx_HAL_Driver/Src/stm32wbxx_hal_rtc.c ****         hrtc->WakeUpTimerEventCallback = HAL_RTCEx_WakeUpTimerEventCallback; /* Legacy weak WakeUpT
 647:Drivers/STM32WBxx_HAL_Driver/Src/stm32wbxx_hal_rtc.c ****         break;
 648:Drivers/STM32WBxx_HAL_Driver/Src/stm32wbxx_hal_rtc.c **** 
 649:Drivers/STM32WBxx_HAL_Driver/Src/stm32wbxx_hal_rtc.c **** #if defined(RTC_TAMPER1_SUPPORT)
 650:Drivers/STM32WBxx_HAL_Driver/Src/stm32wbxx_hal_rtc.c ****       case HAL_RTC_TAMPER1_EVENT_CB_ID :
 651:Drivers/STM32WBxx_HAL_Driver/Src/stm32wbxx_hal_rtc.c ****         hrtc->Tamper1EventCallback = HAL_RTCEx_Tamper1EventCallback;         /* Legacy weak Tamper1
 652:Drivers/STM32WBxx_HAL_Driver/Src/stm32wbxx_hal_rtc.c ****         break;
 653:Drivers/STM32WBxx_HAL_Driver/Src/stm32wbxx_hal_rtc.c **** #endif /* RTC_TAMPER1_SUPPORT */
 654:Drivers/STM32WBxx_HAL_Driver/Src/stm32wbxx_hal_rtc.c **** 
 655:Drivers/STM32WBxx_HAL_Driver/Src/stm32wbxx_hal_rtc.c ****       case HAL_RTC_TAMPER2_EVENT_CB_ID :
 656:Drivers/STM32WBxx_HAL_Driver/Src/stm32wbxx_hal_rtc.c ****         hrtc->Tamper2EventCallback = HAL_RTCEx_Tamper2EventCallback;         /* Legacy weak Tamper2
ARM GAS  C:\Users\843E~1\AppData\Local\Temp\ccZjV6EC.s 			page 13


 657:Drivers/STM32WBxx_HAL_Driver/Src/stm32wbxx_hal_rtc.c ****         break;
 658:Drivers/STM32WBxx_HAL_Driver/Src/stm32wbxx_hal_rtc.c **** 
 659:Drivers/STM32WBxx_HAL_Driver/Src/stm32wbxx_hal_rtc.c **** #if defined(RTC_TAMPER3_SUPPORT)
 660:Drivers/STM32WBxx_HAL_Driver/Src/stm32wbxx_hal_rtc.c ****       case HAL_RTC_TAMPER3_EVENT_CB_ID :
 661:Drivers/STM32WBxx_HAL_Driver/Src/stm32wbxx_hal_rtc.c ****         hrtc->Tamper3EventCallback = HAL_RTCEx_Tamper3EventCallback;         /* Legacy weak Tamper3
 662:Drivers/STM32WBxx_HAL_Driver/Src/stm32wbxx_hal_rtc.c ****         break;
 663:Drivers/STM32WBxx_HAL_Driver/Src/stm32wbxx_hal_rtc.c **** #endif /* RTC_TAMPER3_SUPPORT */
 664:Drivers/STM32WBxx_HAL_Driver/Src/stm32wbxx_hal_rtc.c **** 
 665:Drivers/STM32WBxx_HAL_Driver/Src/stm32wbxx_hal_rtc.c ****       case HAL_RTC_MSPINIT_CB_ID :
 666:Drivers/STM32WBxx_HAL_Driver/Src/stm32wbxx_hal_rtc.c ****         hrtc->MspInitCallback = HAL_RTC_MspInit;
 667:Drivers/STM32WBxx_HAL_Driver/Src/stm32wbxx_hal_rtc.c ****         break;
 668:Drivers/STM32WBxx_HAL_Driver/Src/stm32wbxx_hal_rtc.c **** 
 669:Drivers/STM32WBxx_HAL_Driver/Src/stm32wbxx_hal_rtc.c ****       case HAL_RTC_MSPDEINIT_CB_ID :
 670:Drivers/STM32WBxx_HAL_Driver/Src/stm32wbxx_hal_rtc.c ****         hrtc->MspDeInitCallback = HAL_RTC_MspDeInit;
 671:Drivers/STM32WBxx_HAL_Driver/Src/stm32wbxx_hal_rtc.c ****         break;
 672:Drivers/STM32WBxx_HAL_Driver/Src/stm32wbxx_hal_rtc.c **** 
 673:Drivers/STM32WBxx_HAL_Driver/Src/stm32wbxx_hal_rtc.c ****       default :
 674:Drivers/STM32WBxx_HAL_Driver/Src/stm32wbxx_hal_rtc.c ****         /* Return error status */
 675:Drivers/STM32WBxx_HAL_Driver/Src/stm32wbxx_hal_rtc.c ****         status =  HAL_ERROR;
 676:Drivers/STM32WBxx_HAL_Driver/Src/stm32wbxx_hal_rtc.c ****         break;
 677:Drivers/STM32WBxx_HAL_Driver/Src/stm32wbxx_hal_rtc.c ****     }
 678:Drivers/STM32WBxx_HAL_Driver/Src/stm32wbxx_hal_rtc.c ****   }
 679:Drivers/STM32WBxx_HAL_Driver/Src/stm32wbxx_hal_rtc.c ****   else if (HAL_RTC_STATE_RESET == hrtc->State)
 680:Drivers/STM32WBxx_HAL_Driver/Src/stm32wbxx_hal_rtc.c ****   {
 681:Drivers/STM32WBxx_HAL_Driver/Src/stm32wbxx_hal_rtc.c ****     switch (CallbackID)
 682:Drivers/STM32WBxx_HAL_Driver/Src/stm32wbxx_hal_rtc.c ****     {
 683:Drivers/STM32WBxx_HAL_Driver/Src/stm32wbxx_hal_rtc.c ****       case HAL_RTC_MSPINIT_CB_ID :
 684:Drivers/STM32WBxx_HAL_Driver/Src/stm32wbxx_hal_rtc.c ****         hrtc->MspInitCallback = HAL_RTC_MspInit;
 685:Drivers/STM32WBxx_HAL_Driver/Src/stm32wbxx_hal_rtc.c ****         break;
 686:Drivers/STM32WBxx_HAL_Driver/Src/stm32wbxx_hal_rtc.c **** 
 687:Drivers/STM32WBxx_HAL_Driver/Src/stm32wbxx_hal_rtc.c ****       case HAL_RTC_MSPDEINIT_CB_ID :
 688:Drivers/STM32WBxx_HAL_Driver/Src/stm32wbxx_hal_rtc.c ****         hrtc->MspDeInitCallback = HAL_RTC_MspDeInit;
 689:Drivers/STM32WBxx_HAL_Driver/Src/stm32wbxx_hal_rtc.c ****         break;
 690:Drivers/STM32WBxx_HAL_Driver/Src/stm32wbxx_hal_rtc.c **** 
 691:Drivers/STM32WBxx_HAL_Driver/Src/stm32wbxx_hal_rtc.c ****       default :
 692:Drivers/STM32WBxx_HAL_Driver/Src/stm32wbxx_hal_rtc.c ****         /* Return error status */
 693:Drivers/STM32WBxx_HAL_Driver/Src/stm32wbxx_hal_rtc.c ****         status =  HAL_ERROR;
 694:Drivers/STM32WBxx_HAL_Driver/Src/stm32wbxx_hal_rtc.c ****         break;
 695:Drivers/STM32WBxx_HAL_Driver/Src/stm32wbxx_hal_rtc.c ****     }
 696:Drivers/STM32WBxx_HAL_Driver/Src/stm32wbxx_hal_rtc.c ****   }
 697:Drivers/STM32WBxx_HAL_Driver/Src/stm32wbxx_hal_rtc.c ****   else
 698:Drivers/STM32WBxx_HAL_Driver/Src/stm32wbxx_hal_rtc.c ****   {
 699:Drivers/STM32WBxx_HAL_Driver/Src/stm32wbxx_hal_rtc.c ****     /* Return error status */
 700:Drivers/STM32WBxx_HAL_Driver/Src/stm32wbxx_hal_rtc.c ****     status =  HAL_ERROR;
 701:Drivers/STM32WBxx_HAL_Driver/Src/stm32wbxx_hal_rtc.c ****   }
 702:Drivers/STM32WBxx_HAL_Driver/Src/stm32wbxx_hal_rtc.c **** 
 703:Drivers/STM32WBxx_HAL_Driver/Src/stm32wbxx_hal_rtc.c ****   /* Release Lock */
 704:Drivers/STM32WBxx_HAL_Driver/Src/stm32wbxx_hal_rtc.c ****   __HAL_UNLOCK(hrtc);
 705:Drivers/STM32WBxx_HAL_Driver/Src/stm32wbxx_hal_rtc.c **** 
 706:Drivers/STM32WBxx_HAL_Driver/Src/stm32wbxx_hal_rtc.c ****   return status;
 707:Drivers/STM32WBxx_HAL_Driver/Src/stm32wbxx_hal_rtc.c **** }
 708:Drivers/STM32WBxx_HAL_Driver/Src/stm32wbxx_hal_rtc.c **** #endif /* USE_HAL_RTC_REGISTER_CALLBACKS */
 709:Drivers/STM32WBxx_HAL_Driver/Src/stm32wbxx_hal_rtc.c **** 
 710:Drivers/STM32WBxx_HAL_Driver/Src/stm32wbxx_hal_rtc.c **** /**
 711:Drivers/STM32WBxx_HAL_Driver/Src/stm32wbxx_hal_rtc.c ****   * @brief  Initialize the RTC MSP.
 712:Drivers/STM32WBxx_HAL_Driver/Src/stm32wbxx_hal_rtc.c ****   * @param hrtc RTC handle
 713:Drivers/STM32WBxx_HAL_Driver/Src/stm32wbxx_hal_rtc.c ****   * @retval None
ARM GAS  C:\Users\843E~1\AppData\Local\Temp\ccZjV6EC.s 			page 14


 714:Drivers/STM32WBxx_HAL_Driver/Src/stm32wbxx_hal_rtc.c ****   */
 715:Drivers/STM32WBxx_HAL_Driver/Src/stm32wbxx_hal_rtc.c **** __weak void HAL_RTC_MspInit(RTC_HandleTypeDef *hrtc)
 716:Drivers/STM32WBxx_HAL_Driver/Src/stm32wbxx_hal_rtc.c **** {
  30              		.loc 1 716 1 view -0
  31              		.cfi_startproc
  32              		@ args = 0, pretend = 0, frame = 0
  33              		@ frame_needed = 0, uses_anonymous_args = 0
  34              		@ link register save eliminated.
 717:Drivers/STM32WBxx_HAL_Driver/Src/stm32wbxx_hal_rtc.c ****   /* Prevent unused argument(s) compilation warning */
 718:Drivers/STM32WBxx_HAL_Driver/Src/stm32wbxx_hal_rtc.c ****   UNUSED(hrtc);
  35              		.loc 1 718 3 view .LVU1
 719:Drivers/STM32WBxx_HAL_Driver/Src/stm32wbxx_hal_rtc.c **** 
 720:Drivers/STM32WBxx_HAL_Driver/Src/stm32wbxx_hal_rtc.c ****   /* NOTE : This function should not be modified, when the callback is needed,
 721:Drivers/STM32WBxx_HAL_Driver/Src/stm32wbxx_hal_rtc.c ****             the HAL_RTC_MspInit could be implemented in the user file
 722:Drivers/STM32WBxx_HAL_Driver/Src/stm32wbxx_hal_rtc.c ****    */
 723:Drivers/STM32WBxx_HAL_Driver/Src/stm32wbxx_hal_rtc.c **** }
  36              		.loc 1 723 1 is_stmt 0 view .LVU2
  37 0000 7047     		bx	lr
  38              		.cfi_endproc
  39              	.LFE952:
  41              		.section	.text.HAL_RTC_MspDeInit,"ax",%progbits
  42              		.align	1
  43              		.weak	HAL_RTC_MspDeInit
  44              		.syntax unified
  45              		.thumb
  46              		.thumb_func
  48              	HAL_RTC_MspDeInit:
  49              	.LVL1:
  50              	.LFB953:
 724:Drivers/STM32WBxx_HAL_Driver/Src/stm32wbxx_hal_rtc.c **** 
 725:Drivers/STM32WBxx_HAL_Driver/Src/stm32wbxx_hal_rtc.c **** /**
 726:Drivers/STM32WBxx_HAL_Driver/Src/stm32wbxx_hal_rtc.c ****   * @brief  DeInitialize the RTC MSP.
 727:Drivers/STM32WBxx_HAL_Driver/Src/stm32wbxx_hal_rtc.c ****   * @param hrtc RTC handle
 728:Drivers/STM32WBxx_HAL_Driver/Src/stm32wbxx_hal_rtc.c ****   * @retval None
 729:Drivers/STM32WBxx_HAL_Driver/Src/stm32wbxx_hal_rtc.c ****   */
 730:Drivers/STM32WBxx_HAL_Driver/Src/stm32wbxx_hal_rtc.c **** __weak void HAL_RTC_MspDeInit(RTC_HandleTypeDef *hrtc)
 731:Drivers/STM32WBxx_HAL_Driver/Src/stm32wbxx_hal_rtc.c **** {
  51              		.loc 1 731 1 is_stmt 1 view -0
  52              		.cfi_startproc
  53              		@ args = 0, pretend = 0, frame = 0
  54              		@ frame_needed = 0, uses_anonymous_args = 0
  55              		@ link register save eliminated.
 732:Drivers/STM32WBxx_HAL_Driver/Src/stm32wbxx_hal_rtc.c ****   /* Prevent unused argument(s) compilation warning */
 733:Drivers/STM32WBxx_HAL_Driver/Src/stm32wbxx_hal_rtc.c ****   UNUSED(hrtc);
  56              		.loc 1 733 3 view .LVU4
 734:Drivers/STM32WBxx_HAL_Driver/Src/stm32wbxx_hal_rtc.c **** 
 735:Drivers/STM32WBxx_HAL_Driver/Src/stm32wbxx_hal_rtc.c ****   /* NOTE : This function should not be modified, when the callback is needed,
 736:Drivers/STM32WBxx_HAL_Driver/Src/stm32wbxx_hal_rtc.c ****             the HAL_RTC_MspDeInit could be implemented in the user file
 737:Drivers/STM32WBxx_HAL_Driver/Src/stm32wbxx_hal_rtc.c ****    */
 738:Drivers/STM32WBxx_HAL_Driver/Src/stm32wbxx_hal_rtc.c **** }
  57              		.loc 1 738 1 is_stmt 0 view .LVU5
  58 0000 7047     		bx	lr
  59              		.cfi_endproc
  60              	.LFE953:
  62              		.section	.text.HAL_RTC_DST_Add1Hour,"ax",%progbits
  63              		.align	1
  64              		.global	HAL_RTC_DST_Add1Hour
ARM GAS  C:\Users\843E~1\AppData\Local\Temp\ccZjV6EC.s 			page 15


  65              		.syntax unified
  66              		.thumb
  67              		.thumb_func
  69              	HAL_RTC_DST_Add1Hour:
  70              	.LVL2:
  71              	.LFB958:
 739:Drivers/STM32WBxx_HAL_Driver/Src/stm32wbxx_hal_rtc.c **** 
 740:Drivers/STM32WBxx_HAL_Driver/Src/stm32wbxx_hal_rtc.c **** /**
 741:Drivers/STM32WBxx_HAL_Driver/Src/stm32wbxx_hal_rtc.c ****   * @}
 742:Drivers/STM32WBxx_HAL_Driver/Src/stm32wbxx_hal_rtc.c ****   */
 743:Drivers/STM32WBxx_HAL_Driver/Src/stm32wbxx_hal_rtc.c **** 
 744:Drivers/STM32WBxx_HAL_Driver/Src/stm32wbxx_hal_rtc.c **** /** @addtogroup RTC_Exported_Functions_Group2
 745:Drivers/STM32WBxx_HAL_Driver/Src/stm32wbxx_hal_rtc.c ****   *  @brief   RTC Time and Date functions
 746:Drivers/STM32WBxx_HAL_Driver/Src/stm32wbxx_hal_rtc.c ****   *
 747:Drivers/STM32WBxx_HAL_Driver/Src/stm32wbxx_hal_rtc.c **** @verbatim
 748:Drivers/STM32WBxx_HAL_Driver/Src/stm32wbxx_hal_rtc.c ****  ===============================================================================
 749:Drivers/STM32WBxx_HAL_Driver/Src/stm32wbxx_hal_rtc.c ****                  ##### RTC Time and Date functions #####
 750:Drivers/STM32WBxx_HAL_Driver/Src/stm32wbxx_hal_rtc.c ****  ===============================================================================
 751:Drivers/STM32WBxx_HAL_Driver/Src/stm32wbxx_hal_rtc.c **** 
 752:Drivers/STM32WBxx_HAL_Driver/Src/stm32wbxx_hal_rtc.c ****  [..] This section provides functions allowing to configure Time and Date features
 753:Drivers/STM32WBxx_HAL_Driver/Src/stm32wbxx_hal_rtc.c **** 
 754:Drivers/STM32WBxx_HAL_Driver/Src/stm32wbxx_hal_rtc.c **** @endverbatim
 755:Drivers/STM32WBxx_HAL_Driver/Src/stm32wbxx_hal_rtc.c ****   * @{
 756:Drivers/STM32WBxx_HAL_Driver/Src/stm32wbxx_hal_rtc.c ****   */
 757:Drivers/STM32WBxx_HAL_Driver/Src/stm32wbxx_hal_rtc.c **** 
 758:Drivers/STM32WBxx_HAL_Driver/Src/stm32wbxx_hal_rtc.c **** /**
 759:Drivers/STM32WBxx_HAL_Driver/Src/stm32wbxx_hal_rtc.c ****   * @brief  Set RTC current time.
 760:Drivers/STM32WBxx_HAL_Driver/Src/stm32wbxx_hal_rtc.c ****   * @param hrtc RTC handle
 761:Drivers/STM32WBxx_HAL_Driver/Src/stm32wbxx_hal_rtc.c ****   * @param sTime Pointer to Time structure
 762:Drivers/STM32WBxx_HAL_Driver/Src/stm32wbxx_hal_rtc.c ****   * @param Format Specifies the format of the entered parameters.
 763:Drivers/STM32WBxx_HAL_Driver/Src/stm32wbxx_hal_rtc.c ****   *          This parameter can be one of the following values:
 764:Drivers/STM32WBxx_HAL_Driver/Src/stm32wbxx_hal_rtc.c ****   *            @arg RTC_FORMAT_BIN: Binary data format
 765:Drivers/STM32WBxx_HAL_Driver/Src/stm32wbxx_hal_rtc.c ****   *            @arg RTC_FORMAT_BCD: BCD data format
 766:Drivers/STM32WBxx_HAL_Driver/Src/stm32wbxx_hal_rtc.c ****   * @retval HAL status
 767:Drivers/STM32WBxx_HAL_Driver/Src/stm32wbxx_hal_rtc.c ****   */
 768:Drivers/STM32WBxx_HAL_Driver/Src/stm32wbxx_hal_rtc.c **** HAL_StatusTypeDef HAL_RTC_SetTime(RTC_HandleTypeDef *hrtc, RTC_TimeTypeDef *sTime, uint32_t Format)
 769:Drivers/STM32WBxx_HAL_Driver/Src/stm32wbxx_hal_rtc.c **** {
 770:Drivers/STM32WBxx_HAL_Driver/Src/stm32wbxx_hal_rtc.c ****   uint32_t tmpreg;
 771:Drivers/STM32WBxx_HAL_Driver/Src/stm32wbxx_hal_rtc.c **** 
 772:Drivers/STM32WBxx_HAL_Driver/Src/stm32wbxx_hal_rtc.c ****   /* Check the parameters */
 773:Drivers/STM32WBxx_HAL_Driver/Src/stm32wbxx_hal_rtc.c ****   assert_param(IS_RTC_FORMAT(Format));
 774:Drivers/STM32WBxx_HAL_Driver/Src/stm32wbxx_hal_rtc.c **** 
 775:Drivers/STM32WBxx_HAL_Driver/Src/stm32wbxx_hal_rtc.c ****   /* Process Locked */
 776:Drivers/STM32WBxx_HAL_Driver/Src/stm32wbxx_hal_rtc.c ****   __HAL_LOCK(hrtc);
 777:Drivers/STM32WBxx_HAL_Driver/Src/stm32wbxx_hal_rtc.c **** 
 778:Drivers/STM32WBxx_HAL_Driver/Src/stm32wbxx_hal_rtc.c ****   hrtc->State = HAL_RTC_STATE_BUSY;
 779:Drivers/STM32WBxx_HAL_Driver/Src/stm32wbxx_hal_rtc.c **** 
 780:Drivers/STM32WBxx_HAL_Driver/Src/stm32wbxx_hal_rtc.c ****   if (Format == RTC_FORMAT_BIN)
 781:Drivers/STM32WBxx_HAL_Driver/Src/stm32wbxx_hal_rtc.c ****   {
 782:Drivers/STM32WBxx_HAL_Driver/Src/stm32wbxx_hal_rtc.c ****     if ((hrtc->Instance->CR & RTC_CR_FMT) != 0U)
 783:Drivers/STM32WBxx_HAL_Driver/Src/stm32wbxx_hal_rtc.c ****     {
 784:Drivers/STM32WBxx_HAL_Driver/Src/stm32wbxx_hal_rtc.c ****       assert_param(IS_RTC_HOUR12(sTime->Hours));
 785:Drivers/STM32WBxx_HAL_Driver/Src/stm32wbxx_hal_rtc.c ****       assert_param(IS_RTC_HOURFORMAT12(sTime->TimeFormat));
 786:Drivers/STM32WBxx_HAL_Driver/Src/stm32wbxx_hal_rtc.c ****     }
 787:Drivers/STM32WBxx_HAL_Driver/Src/stm32wbxx_hal_rtc.c ****     else
 788:Drivers/STM32WBxx_HAL_Driver/Src/stm32wbxx_hal_rtc.c ****     {
 789:Drivers/STM32WBxx_HAL_Driver/Src/stm32wbxx_hal_rtc.c ****       sTime->TimeFormat = 0x00U;
ARM GAS  C:\Users\843E~1\AppData\Local\Temp\ccZjV6EC.s 			page 16


 790:Drivers/STM32WBxx_HAL_Driver/Src/stm32wbxx_hal_rtc.c ****       assert_param(IS_RTC_HOUR24(sTime->Hours));
 791:Drivers/STM32WBxx_HAL_Driver/Src/stm32wbxx_hal_rtc.c ****     }
 792:Drivers/STM32WBxx_HAL_Driver/Src/stm32wbxx_hal_rtc.c ****     assert_param(IS_RTC_MINUTES(sTime->Minutes));
 793:Drivers/STM32WBxx_HAL_Driver/Src/stm32wbxx_hal_rtc.c ****     assert_param(IS_RTC_SECONDS(sTime->Seconds));
 794:Drivers/STM32WBxx_HAL_Driver/Src/stm32wbxx_hal_rtc.c **** 
 795:Drivers/STM32WBxx_HAL_Driver/Src/stm32wbxx_hal_rtc.c ****     tmpreg = (uint32_t)(((uint32_t)RTC_ByteToBcd2(sTime->Hours) << 16U) | \
 796:Drivers/STM32WBxx_HAL_Driver/Src/stm32wbxx_hal_rtc.c ****                         ((uint32_t)RTC_ByteToBcd2(sTime->Minutes) << 8U) | \
 797:Drivers/STM32WBxx_HAL_Driver/Src/stm32wbxx_hal_rtc.c ****                         ((uint32_t)RTC_ByteToBcd2(sTime->Seconds)) | \
 798:Drivers/STM32WBxx_HAL_Driver/Src/stm32wbxx_hal_rtc.c ****                         (((uint32_t)sTime->TimeFormat) << 16U));
 799:Drivers/STM32WBxx_HAL_Driver/Src/stm32wbxx_hal_rtc.c ****   }
 800:Drivers/STM32WBxx_HAL_Driver/Src/stm32wbxx_hal_rtc.c ****   else
 801:Drivers/STM32WBxx_HAL_Driver/Src/stm32wbxx_hal_rtc.c ****   {
 802:Drivers/STM32WBxx_HAL_Driver/Src/stm32wbxx_hal_rtc.c ****     if ((hrtc->Instance->CR & RTC_CR_FMT) != 0U)
 803:Drivers/STM32WBxx_HAL_Driver/Src/stm32wbxx_hal_rtc.c ****     {
 804:Drivers/STM32WBxx_HAL_Driver/Src/stm32wbxx_hal_rtc.c ****       assert_param(IS_RTC_HOUR12(RTC_Bcd2ToByte(sTime->Hours)));
 805:Drivers/STM32WBxx_HAL_Driver/Src/stm32wbxx_hal_rtc.c ****       assert_param(IS_RTC_HOURFORMAT12(sTime->TimeFormat));
 806:Drivers/STM32WBxx_HAL_Driver/Src/stm32wbxx_hal_rtc.c ****     }
 807:Drivers/STM32WBxx_HAL_Driver/Src/stm32wbxx_hal_rtc.c ****     else
 808:Drivers/STM32WBxx_HAL_Driver/Src/stm32wbxx_hal_rtc.c ****     {
 809:Drivers/STM32WBxx_HAL_Driver/Src/stm32wbxx_hal_rtc.c ****       sTime->TimeFormat = 0x00U;
 810:Drivers/STM32WBxx_HAL_Driver/Src/stm32wbxx_hal_rtc.c ****       assert_param(IS_RTC_HOUR24(RTC_Bcd2ToByte(sTime->Hours)));
 811:Drivers/STM32WBxx_HAL_Driver/Src/stm32wbxx_hal_rtc.c ****     }
 812:Drivers/STM32WBxx_HAL_Driver/Src/stm32wbxx_hal_rtc.c ****     assert_param(IS_RTC_MINUTES(RTC_Bcd2ToByte(sTime->Minutes)));
 813:Drivers/STM32WBxx_HAL_Driver/Src/stm32wbxx_hal_rtc.c ****     assert_param(IS_RTC_SECONDS(RTC_Bcd2ToByte(sTime->Seconds)));
 814:Drivers/STM32WBxx_HAL_Driver/Src/stm32wbxx_hal_rtc.c ****     tmpreg = (((uint32_t)(sTime->Hours) << 16U) | \
 815:Drivers/STM32WBxx_HAL_Driver/Src/stm32wbxx_hal_rtc.c ****               ((uint32_t)(sTime->Minutes) << 8U) | \
 816:Drivers/STM32WBxx_HAL_Driver/Src/stm32wbxx_hal_rtc.c ****               ((uint32_t)sTime->Seconds) | \
 817:Drivers/STM32WBxx_HAL_Driver/Src/stm32wbxx_hal_rtc.c ****               ((uint32_t)(sTime->TimeFormat) << 16U));
 818:Drivers/STM32WBxx_HAL_Driver/Src/stm32wbxx_hal_rtc.c ****   }
 819:Drivers/STM32WBxx_HAL_Driver/Src/stm32wbxx_hal_rtc.c ****   UNUSED(tmpreg);
 820:Drivers/STM32WBxx_HAL_Driver/Src/stm32wbxx_hal_rtc.c ****   /* Disable the write protection for RTC registers */
 821:Drivers/STM32WBxx_HAL_Driver/Src/stm32wbxx_hal_rtc.c ****   __HAL_RTC_WRITEPROTECTION_DISABLE(hrtc);
 822:Drivers/STM32WBxx_HAL_Driver/Src/stm32wbxx_hal_rtc.c **** 
 823:Drivers/STM32WBxx_HAL_Driver/Src/stm32wbxx_hal_rtc.c ****   /* Set Initialization mode */
 824:Drivers/STM32WBxx_HAL_Driver/Src/stm32wbxx_hal_rtc.c ****   if (RTC_EnterInitMode(hrtc) != HAL_OK)
 825:Drivers/STM32WBxx_HAL_Driver/Src/stm32wbxx_hal_rtc.c ****   {
 826:Drivers/STM32WBxx_HAL_Driver/Src/stm32wbxx_hal_rtc.c ****     /* Enable the write protection for RTC registers */
 827:Drivers/STM32WBxx_HAL_Driver/Src/stm32wbxx_hal_rtc.c ****     __HAL_RTC_WRITEPROTECTION_ENABLE(hrtc);
 828:Drivers/STM32WBxx_HAL_Driver/Src/stm32wbxx_hal_rtc.c **** 
 829:Drivers/STM32WBxx_HAL_Driver/Src/stm32wbxx_hal_rtc.c ****     /* Set RTC state */
 830:Drivers/STM32WBxx_HAL_Driver/Src/stm32wbxx_hal_rtc.c ****     hrtc->State = HAL_RTC_STATE_ERROR;
 831:Drivers/STM32WBxx_HAL_Driver/Src/stm32wbxx_hal_rtc.c **** 
 832:Drivers/STM32WBxx_HAL_Driver/Src/stm32wbxx_hal_rtc.c ****     /* Process Unlocked */
 833:Drivers/STM32WBxx_HAL_Driver/Src/stm32wbxx_hal_rtc.c ****     __HAL_UNLOCK(hrtc);
 834:Drivers/STM32WBxx_HAL_Driver/Src/stm32wbxx_hal_rtc.c **** 
 835:Drivers/STM32WBxx_HAL_Driver/Src/stm32wbxx_hal_rtc.c ****     return HAL_ERROR;
 836:Drivers/STM32WBxx_HAL_Driver/Src/stm32wbxx_hal_rtc.c ****   }
 837:Drivers/STM32WBxx_HAL_Driver/Src/stm32wbxx_hal_rtc.c ****   else
 838:Drivers/STM32WBxx_HAL_Driver/Src/stm32wbxx_hal_rtc.c ****   {
 839:Drivers/STM32WBxx_HAL_Driver/Src/stm32wbxx_hal_rtc.c ****     /* Set the RTC_TR register */
 840:Drivers/STM32WBxx_HAL_Driver/Src/stm32wbxx_hal_rtc.c ****     hrtc->Instance->TR = (uint32_t)(tmpreg & RTC_TR_RESERVED_MASK);
 841:Drivers/STM32WBxx_HAL_Driver/Src/stm32wbxx_hal_rtc.c **** 
 842:Drivers/STM32WBxx_HAL_Driver/Src/stm32wbxx_hal_rtc.c ****     /* This interface is deprecated. To manage Daylight Saving Time, please use HAL_RTC_DST_xxx fun
 843:Drivers/STM32WBxx_HAL_Driver/Src/stm32wbxx_hal_rtc.c ****     hrtc->Instance->CR &= ((uint32_t)~RTC_CR_BKP);
 844:Drivers/STM32WBxx_HAL_Driver/Src/stm32wbxx_hal_rtc.c **** 
 845:Drivers/STM32WBxx_HAL_Driver/Src/stm32wbxx_hal_rtc.c ****     /* This interface is deprecated. To manage Daylight Saving Time, please use HAL_RTC_DST_xxx fun
 846:Drivers/STM32WBxx_HAL_Driver/Src/stm32wbxx_hal_rtc.c ****     hrtc->Instance->CR |= (uint32_t)(sTime->DayLightSaving | sTime->StoreOperation);
ARM GAS  C:\Users\843E~1\AppData\Local\Temp\ccZjV6EC.s 			page 17


 847:Drivers/STM32WBxx_HAL_Driver/Src/stm32wbxx_hal_rtc.c **** 
 848:Drivers/STM32WBxx_HAL_Driver/Src/stm32wbxx_hal_rtc.c ****     /* Exit Initialization mode */
 849:Drivers/STM32WBxx_HAL_Driver/Src/stm32wbxx_hal_rtc.c ****     hrtc->Instance->ISR &= ((uint32_t)~RTC_ISR_INIT);
 850:Drivers/STM32WBxx_HAL_Driver/Src/stm32wbxx_hal_rtc.c **** 
 851:Drivers/STM32WBxx_HAL_Driver/Src/stm32wbxx_hal_rtc.c ****     /* If  CR_BYPSHAD bit = 0, wait for synchro else this check is not needed */
 852:Drivers/STM32WBxx_HAL_Driver/Src/stm32wbxx_hal_rtc.c ****     if ((hrtc->Instance->CR & RTC_CR_BYPSHAD) == 0U)
 853:Drivers/STM32WBxx_HAL_Driver/Src/stm32wbxx_hal_rtc.c ****     {
 854:Drivers/STM32WBxx_HAL_Driver/Src/stm32wbxx_hal_rtc.c ****       if (HAL_RTC_WaitForSynchro(hrtc) != HAL_OK)
 855:Drivers/STM32WBxx_HAL_Driver/Src/stm32wbxx_hal_rtc.c ****       {
 856:Drivers/STM32WBxx_HAL_Driver/Src/stm32wbxx_hal_rtc.c ****         /* Enable the write protection for RTC registers */
 857:Drivers/STM32WBxx_HAL_Driver/Src/stm32wbxx_hal_rtc.c ****         __HAL_RTC_WRITEPROTECTION_ENABLE(hrtc);
 858:Drivers/STM32WBxx_HAL_Driver/Src/stm32wbxx_hal_rtc.c **** 
 859:Drivers/STM32WBxx_HAL_Driver/Src/stm32wbxx_hal_rtc.c ****         hrtc->State = HAL_RTC_STATE_ERROR;
 860:Drivers/STM32WBxx_HAL_Driver/Src/stm32wbxx_hal_rtc.c **** 
 861:Drivers/STM32WBxx_HAL_Driver/Src/stm32wbxx_hal_rtc.c ****         /* Process Unlocked */
 862:Drivers/STM32WBxx_HAL_Driver/Src/stm32wbxx_hal_rtc.c ****         __HAL_UNLOCK(hrtc);
 863:Drivers/STM32WBxx_HAL_Driver/Src/stm32wbxx_hal_rtc.c **** 
 864:Drivers/STM32WBxx_HAL_Driver/Src/stm32wbxx_hal_rtc.c ****         return HAL_ERROR;
 865:Drivers/STM32WBxx_HAL_Driver/Src/stm32wbxx_hal_rtc.c ****       }
 866:Drivers/STM32WBxx_HAL_Driver/Src/stm32wbxx_hal_rtc.c ****     }
 867:Drivers/STM32WBxx_HAL_Driver/Src/stm32wbxx_hal_rtc.c **** 
 868:Drivers/STM32WBxx_HAL_Driver/Src/stm32wbxx_hal_rtc.c ****     /* Enable the write protection for RTC registers */
 869:Drivers/STM32WBxx_HAL_Driver/Src/stm32wbxx_hal_rtc.c ****     __HAL_RTC_WRITEPROTECTION_ENABLE(hrtc);
 870:Drivers/STM32WBxx_HAL_Driver/Src/stm32wbxx_hal_rtc.c **** 
 871:Drivers/STM32WBxx_HAL_Driver/Src/stm32wbxx_hal_rtc.c ****     hrtc->State = HAL_RTC_STATE_READY;
 872:Drivers/STM32WBxx_HAL_Driver/Src/stm32wbxx_hal_rtc.c **** 
 873:Drivers/STM32WBxx_HAL_Driver/Src/stm32wbxx_hal_rtc.c ****     __HAL_UNLOCK(hrtc);
 874:Drivers/STM32WBxx_HAL_Driver/Src/stm32wbxx_hal_rtc.c **** 
 875:Drivers/STM32WBxx_HAL_Driver/Src/stm32wbxx_hal_rtc.c ****     return HAL_OK;
 876:Drivers/STM32WBxx_HAL_Driver/Src/stm32wbxx_hal_rtc.c ****   }
 877:Drivers/STM32WBxx_HAL_Driver/Src/stm32wbxx_hal_rtc.c **** }
 878:Drivers/STM32WBxx_HAL_Driver/Src/stm32wbxx_hal_rtc.c **** 
 879:Drivers/STM32WBxx_HAL_Driver/Src/stm32wbxx_hal_rtc.c **** /**
 880:Drivers/STM32WBxx_HAL_Driver/Src/stm32wbxx_hal_rtc.c ****   * @brief  Get RTC current time.
 881:Drivers/STM32WBxx_HAL_Driver/Src/stm32wbxx_hal_rtc.c ****   * @param hrtc RTC handle
 882:Drivers/STM32WBxx_HAL_Driver/Src/stm32wbxx_hal_rtc.c ****   * @param sTime Pointer to Time structure with Hours, Minutes and Seconds fields returned
 883:Drivers/STM32WBxx_HAL_Driver/Src/stm32wbxx_hal_rtc.c ****   *                with input format (BIN or BCD), also SubSeconds field returning the
 884:Drivers/STM32WBxx_HAL_Driver/Src/stm32wbxx_hal_rtc.c ****   *                RTC_SSR register content and SecondFraction field the Synchronous pre-scaler
 885:Drivers/STM32WBxx_HAL_Driver/Src/stm32wbxx_hal_rtc.c ****   *                factor to be used for second fraction ratio computation.
 886:Drivers/STM32WBxx_HAL_Driver/Src/stm32wbxx_hal_rtc.c ****   * @param Format Specifies the format of the entered parameters.
 887:Drivers/STM32WBxx_HAL_Driver/Src/stm32wbxx_hal_rtc.c ****   *          This parameter can be one of the following values:
 888:Drivers/STM32WBxx_HAL_Driver/Src/stm32wbxx_hal_rtc.c ****   *            @arg RTC_FORMAT_BIN: Binary data format
 889:Drivers/STM32WBxx_HAL_Driver/Src/stm32wbxx_hal_rtc.c ****   *            @arg RTC_FORMAT_BCD: BCD data format
 890:Drivers/STM32WBxx_HAL_Driver/Src/stm32wbxx_hal_rtc.c ****   * @note  You can use SubSeconds and SecondFraction (sTime structure fields returned) to convert S
 891:Drivers/STM32WBxx_HAL_Driver/Src/stm32wbxx_hal_rtc.c ****   *        value in second fraction ratio with time unit following generic formula:
 892:Drivers/STM32WBxx_HAL_Driver/Src/stm32wbxx_hal_rtc.c ****   *        Second fraction ratio * time_unit= [(SecondFraction-SubSeconds)/(SecondFraction+1)] * ti
 893:Drivers/STM32WBxx_HAL_Driver/Src/stm32wbxx_hal_rtc.c ****   *        This conversion can be performed only if no shift operation is pending (ie. SHFP=0) when
 894:Drivers/STM32WBxx_HAL_Driver/Src/stm32wbxx_hal_rtc.c ****   * @note  You must call HAL_RTC_GetDate() after HAL_RTC_GetTime() to unlock the values
 895:Drivers/STM32WBxx_HAL_Driver/Src/stm32wbxx_hal_rtc.c ****   *        in the higher-order calendar shadow registers to ensure consistency between the time and
 896:Drivers/STM32WBxx_HAL_Driver/Src/stm32wbxx_hal_rtc.c ****   *        Reading RTC current time locks the values in calendar shadow registers until Current dat
 897:Drivers/STM32WBxx_HAL_Driver/Src/stm32wbxx_hal_rtc.c ****   *        to ensure consistency between the time and date values.
 898:Drivers/STM32WBxx_HAL_Driver/Src/stm32wbxx_hal_rtc.c ****   * @retval HAL status
 899:Drivers/STM32WBxx_HAL_Driver/Src/stm32wbxx_hal_rtc.c ****   */
 900:Drivers/STM32WBxx_HAL_Driver/Src/stm32wbxx_hal_rtc.c **** HAL_StatusTypeDef HAL_RTC_GetTime(RTC_HandleTypeDef *hrtc, RTC_TimeTypeDef *sTime, uint32_t Format)
 901:Drivers/STM32WBxx_HAL_Driver/Src/stm32wbxx_hal_rtc.c **** {
 902:Drivers/STM32WBxx_HAL_Driver/Src/stm32wbxx_hal_rtc.c ****   uint32_t tmpreg;
 903:Drivers/STM32WBxx_HAL_Driver/Src/stm32wbxx_hal_rtc.c **** 
ARM GAS  C:\Users\843E~1\AppData\Local\Temp\ccZjV6EC.s 			page 18


 904:Drivers/STM32WBxx_HAL_Driver/Src/stm32wbxx_hal_rtc.c ****   /* Check the parameters */
 905:Drivers/STM32WBxx_HAL_Driver/Src/stm32wbxx_hal_rtc.c ****   assert_param(IS_RTC_FORMAT(Format));
 906:Drivers/STM32WBxx_HAL_Driver/Src/stm32wbxx_hal_rtc.c **** 
 907:Drivers/STM32WBxx_HAL_Driver/Src/stm32wbxx_hal_rtc.c ****   /* Get subseconds structure field from the corresponding register*/
 908:Drivers/STM32WBxx_HAL_Driver/Src/stm32wbxx_hal_rtc.c ****   sTime->SubSeconds = (uint32_t)(hrtc->Instance->SSR);
 909:Drivers/STM32WBxx_HAL_Driver/Src/stm32wbxx_hal_rtc.c **** 
 910:Drivers/STM32WBxx_HAL_Driver/Src/stm32wbxx_hal_rtc.c ****   /* Get SecondFraction structure field from the corresponding register field*/
 911:Drivers/STM32WBxx_HAL_Driver/Src/stm32wbxx_hal_rtc.c ****   sTime->SecondFraction = (uint32_t)(hrtc->Instance->PRER & RTC_PRER_PREDIV_S);
 912:Drivers/STM32WBxx_HAL_Driver/Src/stm32wbxx_hal_rtc.c **** 
 913:Drivers/STM32WBxx_HAL_Driver/Src/stm32wbxx_hal_rtc.c ****   /* Get the TR register */
 914:Drivers/STM32WBxx_HAL_Driver/Src/stm32wbxx_hal_rtc.c ****   tmpreg = (uint32_t)(hrtc->Instance->TR & RTC_TR_RESERVED_MASK);
 915:Drivers/STM32WBxx_HAL_Driver/Src/stm32wbxx_hal_rtc.c **** 
 916:Drivers/STM32WBxx_HAL_Driver/Src/stm32wbxx_hal_rtc.c ****   /* Fill the structure fields with the read parameters */
 917:Drivers/STM32WBxx_HAL_Driver/Src/stm32wbxx_hal_rtc.c ****   sTime->Hours = (uint8_t)((tmpreg & (RTC_TR_HT | RTC_TR_HU)) >> 16U);
 918:Drivers/STM32WBxx_HAL_Driver/Src/stm32wbxx_hal_rtc.c ****   sTime->Minutes = (uint8_t)((tmpreg & (RTC_TR_MNT | RTC_TR_MNU)) >> 8U);
 919:Drivers/STM32WBxx_HAL_Driver/Src/stm32wbxx_hal_rtc.c ****   sTime->Seconds = (uint8_t)(tmpreg & (RTC_TR_ST | RTC_TR_SU));
 920:Drivers/STM32WBxx_HAL_Driver/Src/stm32wbxx_hal_rtc.c ****   sTime->TimeFormat = (uint8_t)((tmpreg & (RTC_TR_PM)) >> 16U);
 921:Drivers/STM32WBxx_HAL_Driver/Src/stm32wbxx_hal_rtc.c **** 
 922:Drivers/STM32WBxx_HAL_Driver/Src/stm32wbxx_hal_rtc.c ****   /* Check the input parameters format */
 923:Drivers/STM32WBxx_HAL_Driver/Src/stm32wbxx_hal_rtc.c ****   if (Format == RTC_FORMAT_BIN)
 924:Drivers/STM32WBxx_HAL_Driver/Src/stm32wbxx_hal_rtc.c ****   {
 925:Drivers/STM32WBxx_HAL_Driver/Src/stm32wbxx_hal_rtc.c ****     /* Convert the time structure parameters to Binary format */
 926:Drivers/STM32WBxx_HAL_Driver/Src/stm32wbxx_hal_rtc.c ****     sTime->Hours = (uint8_t)RTC_Bcd2ToByte(sTime->Hours);
 927:Drivers/STM32WBxx_HAL_Driver/Src/stm32wbxx_hal_rtc.c ****     sTime->Minutes = (uint8_t)RTC_Bcd2ToByte(sTime->Minutes);
 928:Drivers/STM32WBxx_HAL_Driver/Src/stm32wbxx_hal_rtc.c ****     sTime->Seconds = (uint8_t)RTC_Bcd2ToByte(sTime->Seconds);
 929:Drivers/STM32WBxx_HAL_Driver/Src/stm32wbxx_hal_rtc.c ****   }
 930:Drivers/STM32WBxx_HAL_Driver/Src/stm32wbxx_hal_rtc.c **** 
 931:Drivers/STM32WBxx_HAL_Driver/Src/stm32wbxx_hal_rtc.c ****   return HAL_OK;
 932:Drivers/STM32WBxx_HAL_Driver/Src/stm32wbxx_hal_rtc.c **** }
 933:Drivers/STM32WBxx_HAL_Driver/Src/stm32wbxx_hal_rtc.c **** 
 934:Drivers/STM32WBxx_HAL_Driver/Src/stm32wbxx_hal_rtc.c **** /**
 935:Drivers/STM32WBxx_HAL_Driver/Src/stm32wbxx_hal_rtc.c ****   * @brief  Set RTC current date.
 936:Drivers/STM32WBxx_HAL_Driver/Src/stm32wbxx_hal_rtc.c ****   * @param hrtc RTC handle
 937:Drivers/STM32WBxx_HAL_Driver/Src/stm32wbxx_hal_rtc.c ****   * @param sDate Pointer to date structure
 938:Drivers/STM32WBxx_HAL_Driver/Src/stm32wbxx_hal_rtc.c ****   * @param Format specifies the format of the entered parameters.
 939:Drivers/STM32WBxx_HAL_Driver/Src/stm32wbxx_hal_rtc.c ****   *          This parameter can be one of the following values:
 940:Drivers/STM32WBxx_HAL_Driver/Src/stm32wbxx_hal_rtc.c ****   *            @arg RTC_FORMAT_BIN: Binary data format
 941:Drivers/STM32WBxx_HAL_Driver/Src/stm32wbxx_hal_rtc.c ****   *            @arg RTC_FORMAT_BCD: BCD data format
 942:Drivers/STM32WBxx_HAL_Driver/Src/stm32wbxx_hal_rtc.c ****   * @retval HAL status
 943:Drivers/STM32WBxx_HAL_Driver/Src/stm32wbxx_hal_rtc.c ****   */
 944:Drivers/STM32WBxx_HAL_Driver/Src/stm32wbxx_hal_rtc.c **** HAL_StatusTypeDef HAL_RTC_SetDate(RTC_HandleTypeDef *hrtc, RTC_DateTypeDef *sDate, uint32_t Format)
 945:Drivers/STM32WBxx_HAL_Driver/Src/stm32wbxx_hal_rtc.c **** {
 946:Drivers/STM32WBxx_HAL_Driver/Src/stm32wbxx_hal_rtc.c ****   uint32_t datetmpreg;
 947:Drivers/STM32WBxx_HAL_Driver/Src/stm32wbxx_hal_rtc.c **** 
 948:Drivers/STM32WBxx_HAL_Driver/Src/stm32wbxx_hal_rtc.c ****   /* Check the parameters */
 949:Drivers/STM32WBxx_HAL_Driver/Src/stm32wbxx_hal_rtc.c ****   assert_param(IS_RTC_FORMAT(Format));
 950:Drivers/STM32WBxx_HAL_Driver/Src/stm32wbxx_hal_rtc.c **** 
 951:Drivers/STM32WBxx_HAL_Driver/Src/stm32wbxx_hal_rtc.c ****   /* Process Locked */
 952:Drivers/STM32WBxx_HAL_Driver/Src/stm32wbxx_hal_rtc.c ****   __HAL_LOCK(hrtc);
 953:Drivers/STM32WBxx_HAL_Driver/Src/stm32wbxx_hal_rtc.c **** 
 954:Drivers/STM32WBxx_HAL_Driver/Src/stm32wbxx_hal_rtc.c ****   hrtc->State = HAL_RTC_STATE_BUSY;
 955:Drivers/STM32WBxx_HAL_Driver/Src/stm32wbxx_hal_rtc.c **** 
 956:Drivers/STM32WBxx_HAL_Driver/Src/stm32wbxx_hal_rtc.c ****   if ((Format == RTC_FORMAT_BIN) && ((sDate->Month & 0x10U) == 0x10U))
 957:Drivers/STM32WBxx_HAL_Driver/Src/stm32wbxx_hal_rtc.c ****   {
 958:Drivers/STM32WBxx_HAL_Driver/Src/stm32wbxx_hal_rtc.c ****     sDate->Month = (uint8_t)((sDate->Month & (uint8_t)~(0x10U)) + (uint8_t)0x0AU);
 959:Drivers/STM32WBxx_HAL_Driver/Src/stm32wbxx_hal_rtc.c ****   }
 960:Drivers/STM32WBxx_HAL_Driver/Src/stm32wbxx_hal_rtc.c **** 
ARM GAS  C:\Users\843E~1\AppData\Local\Temp\ccZjV6EC.s 			page 19


 961:Drivers/STM32WBxx_HAL_Driver/Src/stm32wbxx_hal_rtc.c ****   assert_param(IS_RTC_WEEKDAY(sDate->WeekDay));
 962:Drivers/STM32WBxx_HAL_Driver/Src/stm32wbxx_hal_rtc.c **** 
 963:Drivers/STM32WBxx_HAL_Driver/Src/stm32wbxx_hal_rtc.c ****   if (Format == RTC_FORMAT_BIN)
 964:Drivers/STM32WBxx_HAL_Driver/Src/stm32wbxx_hal_rtc.c ****   {
 965:Drivers/STM32WBxx_HAL_Driver/Src/stm32wbxx_hal_rtc.c ****     assert_param(IS_RTC_YEAR(sDate->Year));
 966:Drivers/STM32WBxx_HAL_Driver/Src/stm32wbxx_hal_rtc.c ****     assert_param(IS_RTC_MONTH(sDate->Month));
 967:Drivers/STM32WBxx_HAL_Driver/Src/stm32wbxx_hal_rtc.c ****     assert_param(IS_RTC_DATE(sDate->Date));
 968:Drivers/STM32WBxx_HAL_Driver/Src/stm32wbxx_hal_rtc.c **** 
 969:Drivers/STM32WBxx_HAL_Driver/Src/stm32wbxx_hal_rtc.c ****     datetmpreg = (((uint32_t)RTC_ByteToBcd2(sDate->Year) << 16U) | \
 970:Drivers/STM32WBxx_HAL_Driver/Src/stm32wbxx_hal_rtc.c ****                   ((uint32_t)RTC_ByteToBcd2(sDate->Month) << 8U) | \
 971:Drivers/STM32WBxx_HAL_Driver/Src/stm32wbxx_hal_rtc.c ****                   ((uint32_t)RTC_ByteToBcd2(sDate->Date)) | \
 972:Drivers/STM32WBxx_HAL_Driver/Src/stm32wbxx_hal_rtc.c ****                   ((uint32_t)sDate->WeekDay << 13U));
 973:Drivers/STM32WBxx_HAL_Driver/Src/stm32wbxx_hal_rtc.c ****   }
 974:Drivers/STM32WBxx_HAL_Driver/Src/stm32wbxx_hal_rtc.c ****   else
 975:Drivers/STM32WBxx_HAL_Driver/Src/stm32wbxx_hal_rtc.c ****   {
 976:Drivers/STM32WBxx_HAL_Driver/Src/stm32wbxx_hal_rtc.c ****     assert_param(IS_RTC_YEAR(RTC_Bcd2ToByte(sDate->Year)));
 977:Drivers/STM32WBxx_HAL_Driver/Src/stm32wbxx_hal_rtc.c ****     assert_param(IS_RTC_MONTH(RTC_Bcd2ToByte(sDate->Month)));
 978:Drivers/STM32WBxx_HAL_Driver/Src/stm32wbxx_hal_rtc.c ****     assert_param(IS_RTC_DATE(RTC_Bcd2ToByte(sDate->Date)));
 979:Drivers/STM32WBxx_HAL_Driver/Src/stm32wbxx_hal_rtc.c **** 
 980:Drivers/STM32WBxx_HAL_Driver/Src/stm32wbxx_hal_rtc.c ****     datetmpreg = ((((uint32_t)sDate->Year) << 16U) | \
 981:Drivers/STM32WBxx_HAL_Driver/Src/stm32wbxx_hal_rtc.c ****                   (((uint32_t)sDate->Month) << 8U) | \
 982:Drivers/STM32WBxx_HAL_Driver/Src/stm32wbxx_hal_rtc.c ****                   ((uint32_t)sDate->Date) | \
 983:Drivers/STM32WBxx_HAL_Driver/Src/stm32wbxx_hal_rtc.c ****                   (((uint32_t)sDate->WeekDay) << 13U));
 984:Drivers/STM32WBxx_HAL_Driver/Src/stm32wbxx_hal_rtc.c ****   }
 985:Drivers/STM32WBxx_HAL_Driver/Src/stm32wbxx_hal_rtc.c **** 
 986:Drivers/STM32WBxx_HAL_Driver/Src/stm32wbxx_hal_rtc.c ****   /* Disable the write protection for RTC registers */
 987:Drivers/STM32WBxx_HAL_Driver/Src/stm32wbxx_hal_rtc.c ****   __HAL_RTC_WRITEPROTECTION_DISABLE(hrtc);
 988:Drivers/STM32WBxx_HAL_Driver/Src/stm32wbxx_hal_rtc.c **** 
 989:Drivers/STM32WBxx_HAL_Driver/Src/stm32wbxx_hal_rtc.c ****   /* Set Initialization mode */
 990:Drivers/STM32WBxx_HAL_Driver/Src/stm32wbxx_hal_rtc.c ****   if (RTC_EnterInitMode(hrtc) != HAL_OK)
 991:Drivers/STM32WBxx_HAL_Driver/Src/stm32wbxx_hal_rtc.c ****   {
 992:Drivers/STM32WBxx_HAL_Driver/Src/stm32wbxx_hal_rtc.c ****     /* Enable the write protection for RTC registers */
 993:Drivers/STM32WBxx_HAL_Driver/Src/stm32wbxx_hal_rtc.c ****     __HAL_RTC_WRITEPROTECTION_ENABLE(hrtc);
 994:Drivers/STM32WBxx_HAL_Driver/Src/stm32wbxx_hal_rtc.c **** 
 995:Drivers/STM32WBxx_HAL_Driver/Src/stm32wbxx_hal_rtc.c ****     /* Set RTC state*/
 996:Drivers/STM32WBxx_HAL_Driver/Src/stm32wbxx_hal_rtc.c ****     hrtc->State = HAL_RTC_STATE_ERROR;
 997:Drivers/STM32WBxx_HAL_Driver/Src/stm32wbxx_hal_rtc.c **** 
 998:Drivers/STM32WBxx_HAL_Driver/Src/stm32wbxx_hal_rtc.c ****     /* Process Unlocked */
 999:Drivers/STM32WBxx_HAL_Driver/Src/stm32wbxx_hal_rtc.c ****     __HAL_UNLOCK(hrtc);
1000:Drivers/STM32WBxx_HAL_Driver/Src/stm32wbxx_hal_rtc.c **** 
1001:Drivers/STM32WBxx_HAL_Driver/Src/stm32wbxx_hal_rtc.c ****     return HAL_ERROR;
1002:Drivers/STM32WBxx_HAL_Driver/Src/stm32wbxx_hal_rtc.c ****   }
1003:Drivers/STM32WBxx_HAL_Driver/Src/stm32wbxx_hal_rtc.c ****   else
1004:Drivers/STM32WBxx_HAL_Driver/Src/stm32wbxx_hal_rtc.c ****   {
1005:Drivers/STM32WBxx_HAL_Driver/Src/stm32wbxx_hal_rtc.c ****     /* Set the RTC_DR register */
1006:Drivers/STM32WBxx_HAL_Driver/Src/stm32wbxx_hal_rtc.c ****     hrtc->Instance->DR = (uint32_t)(datetmpreg & RTC_DR_RESERVED_MASK);
1007:Drivers/STM32WBxx_HAL_Driver/Src/stm32wbxx_hal_rtc.c **** 
1008:Drivers/STM32WBxx_HAL_Driver/Src/stm32wbxx_hal_rtc.c ****     /* Exit Initialization mode */
1009:Drivers/STM32WBxx_HAL_Driver/Src/stm32wbxx_hal_rtc.c ****     hrtc->Instance->ISR &= ((uint32_t)~RTC_ISR_INIT);
1010:Drivers/STM32WBxx_HAL_Driver/Src/stm32wbxx_hal_rtc.c **** 
1011:Drivers/STM32WBxx_HAL_Driver/Src/stm32wbxx_hal_rtc.c ****     /* If  CR_BYPSHAD bit = 0, wait for synchro else this check is not needed */
1012:Drivers/STM32WBxx_HAL_Driver/Src/stm32wbxx_hal_rtc.c ****     if ((hrtc->Instance->CR & RTC_CR_BYPSHAD) == 0U)
1013:Drivers/STM32WBxx_HAL_Driver/Src/stm32wbxx_hal_rtc.c ****     {
1014:Drivers/STM32WBxx_HAL_Driver/Src/stm32wbxx_hal_rtc.c ****       if (HAL_RTC_WaitForSynchro(hrtc) != HAL_OK)
1015:Drivers/STM32WBxx_HAL_Driver/Src/stm32wbxx_hal_rtc.c ****       {
1016:Drivers/STM32WBxx_HAL_Driver/Src/stm32wbxx_hal_rtc.c ****         /* Enable the write protection for RTC registers */
1017:Drivers/STM32WBxx_HAL_Driver/Src/stm32wbxx_hal_rtc.c ****         __HAL_RTC_WRITEPROTECTION_ENABLE(hrtc);
ARM GAS  C:\Users\843E~1\AppData\Local\Temp\ccZjV6EC.s 			page 20


1018:Drivers/STM32WBxx_HAL_Driver/Src/stm32wbxx_hal_rtc.c **** 
1019:Drivers/STM32WBxx_HAL_Driver/Src/stm32wbxx_hal_rtc.c ****         hrtc->State = HAL_RTC_STATE_ERROR;
1020:Drivers/STM32WBxx_HAL_Driver/Src/stm32wbxx_hal_rtc.c **** 
1021:Drivers/STM32WBxx_HAL_Driver/Src/stm32wbxx_hal_rtc.c ****         /* Process Unlocked */
1022:Drivers/STM32WBxx_HAL_Driver/Src/stm32wbxx_hal_rtc.c ****         __HAL_UNLOCK(hrtc);
1023:Drivers/STM32WBxx_HAL_Driver/Src/stm32wbxx_hal_rtc.c **** 
1024:Drivers/STM32WBxx_HAL_Driver/Src/stm32wbxx_hal_rtc.c ****         return HAL_ERROR;
1025:Drivers/STM32WBxx_HAL_Driver/Src/stm32wbxx_hal_rtc.c ****       }
1026:Drivers/STM32WBxx_HAL_Driver/Src/stm32wbxx_hal_rtc.c ****     }
1027:Drivers/STM32WBxx_HAL_Driver/Src/stm32wbxx_hal_rtc.c **** 
1028:Drivers/STM32WBxx_HAL_Driver/Src/stm32wbxx_hal_rtc.c ****     /* Enable the write protection for RTC registers */
1029:Drivers/STM32WBxx_HAL_Driver/Src/stm32wbxx_hal_rtc.c ****     __HAL_RTC_WRITEPROTECTION_ENABLE(hrtc);
1030:Drivers/STM32WBxx_HAL_Driver/Src/stm32wbxx_hal_rtc.c **** 
1031:Drivers/STM32WBxx_HAL_Driver/Src/stm32wbxx_hal_rtc.c ****     hrtc->State = HAL_RTC_STATE_READY ;
1032:Drivers/STM32WBxx_HAL_Driver/Src/stm32wbxx_hal_rtc.c **** 
1033:Drivers/STM32WBxx_HAL_Driver/Src/stm32wbxx_hal_rtc.c ****     /* Process Unlocked */
1034:Drivers/STM32WBxx_HAL_Driver/Src/stm32wbxx_hal_rtc.c ****     __HAL_UNLOCK(hrtc);
1035:Drivers/STM32WBxx_HAL_Driver/Src/stm32wbxx_hal_rtc.c **** 
1036:Drivers/STM32WBxx_HAL_Driver/Src/stm32wbxx_hal_rtc.c ****     return HAL_OK;
1037:Drivers/STM32WBxx_HAL_Driver/Src/stm32wbxx_hal_rtc.c ****   }
1038:Drivers/STM32WBxx_HAL_Driver/Src/stm32wbxx_hal_rtc.c **** }
1039:Drivers/STM32WBxx_HAL_Driver/Src/stm32wbxx_hal_rtc.c **** 
1040:Drivers/STM32WBxx_HAL_Driver/Src/stm32wbxx_hal_rtc.c **** /**
1041:Drivers/STM32WBxx_HAL_Driver/Src/stm32wbxx_hal_rtc.c ****   * @brief  Get RTC current date.
1042:Drivers/STM32WBxx_HAL_Driver/Src/stm32wbxx_hal_rtc.c ****   * @param hrtc RTC handle
1043:Drivers/STM32WBxx_HAL_Driver/Src/stm32wbxx_hal_rtc.c ****   * @param sDate Pointer to Date structure
1044:Drivers/STM32WBxx_HAL_Driver/Src/stm32wbxx_hal_rtc.c ****   * @param Format Specifies the format of the entered parameters.
1045:Drivers/STM32WBxx_HAL_Driver/Src/stm32wbxx_hal_rtc.c ****   *          This parameter can be one of the following values:
1046:Drivers/STM32WBxx_HAL_Driver/Src/stm32wbxx_hal_rtc.c ****   *            @arg RTC_FORMAT_BIN:  Binary data format
1047:Drivers/STM32WBxx_HAL_Driver/Src/stm32wbxx_hal_rtc.c ****   *            @arg RTC_FORMAT_BCD:  BCD data format
1048:Drivers/STM32WBxx_HAL_Driver/Src/stm32wbxx_hal_rtc.c ****   * @note  You must call HAL_RTC_GetDate() after HAL_RTC_GetTime() to unlock the values
1049:Drivers/STM32WBxx_HAL_Driver/Src/stm32wbxx_hal_rtc.c ****   *        in the higher-order calendar shadow registers to ensure consistency between the time and
1050:Drivers/STM32WBxx_HAL_Driver/Src/stm32wbxx_hal_rtc.c ****   *        Reading RTC current time locks the values in calendar shadow registers until Current dat
1051:Drivers/STM32WBxx_HAL_Driver/Src/stm32wbxx_hal_rtc.c ****   * @retval HAL status
1052:Drivers/STM32WBxx_HAL_Driver/Src/stm32wbxx_hal_rtc.c ****   */
1053:Drivers/STM32WBxx_HAL_Driver/Src/stm32wbxx_hal_rtc.c **** HAL_StatusTypeDef HAL_RTC_GetDate(RTC_HandleTypeDef *hrtc, RTC_DateTypeDef *sDate, uint32_t Format)
1054:Drivers/STM32WBxx_HAL_Driver/Src/stm32wbxx_hal_rtc.c **** {
1055:Drivers/STM32WBxx_HAL_Driver/Src/stm32wbxx_hal_rtc.c ****   uint32_t datetmpreg;
1056:Drivers/STM32WBxx_HAL_Driver/Src/stm32wbxx_hal_rtc.c **** 
1057:Drivers/STM32WBxx_HAL_Driver/Src/stm32wbxx_hal_rtc.c ****   /* Check the parameters */
1058:Drivers/STM32WBxx_HAL_Driver/Src/stm32wbxx_hal_rtc.c ****   assert_param(IS_RTC_FORMAT(Format));
1059:Drivers/STM32WBxx_HAL_Driver/Src/stm32wbxx_hal_rtc.c **** 
1060:Drivers/STM32WBxx_HAL_Driver/Src/stm32wbxx_hal_rtc.c ****   /* Get the DR register */
1061:Drivers/STM32WBxx_HAL_Driver/Src/stm32wbxx_hal_rtc.c ****   datetmpreg = (uint32_t)(hrtc->Instance->DR & RTC_DR_RESERVED_MASK);
1062:Drivers/STM32WBxx_HAL_Driver/Src/stm32wbxx_hal_rtc.c **** 
1063:Drivers/STM32WBxx_HAL_Driver/Src/stm32wbxx_hal_rtc.c ****   /* Fill the structure fields with the read parameters */
1064:Drivers/STM32WBxx_HAL_Driver/Src/stm32wbxx_hal_rtc.c ****   sDate->Year = (uint8_t)((datetmpreg & (RTC_DR_YT | RTC_DR_YU)) >> 16U);
1065:Drivers/STM32WBxx_HAL_Driver/Src/stm32wbxx_hal_rtc.c ****   sDate->Month = (uint8_t)((datetmpreg & (RTC_DR_MT | RTC_DR_MU)) >> 8U);
1066:Drivers/STM32WBxx_HAL_Driver/Src/stm32wbxx_hal_rtc.c ****   sDate->Date = (uint8_t)(datetmpreg & (RTC_DR_DT | RTC_DR_DU));
1067:Drivers/STM32WBxx_HAL_Driver/Src/stm32wbxx_hal_rtc.c ****   sDate->WeekDay = (uint8_t)((datetmpreg & (RTC_DR_WDU)) >> 13U);
1068:Drivers/STM32WBxx_HAL_Driver/Src/stm32wbxx_hal_rtc.c **** 
1069:Drivers/STM32WBxx_HAL_Driver/Src/stm32wbxx_hal_rtc.c ****   /* Check the input parameters format */
1070:Drivers/STM32WBxx_HAL_Driver/Src/stm32wbxx_hal_rtc.c ****   if (Format == RTC_FORMAT_BIN)
1071:Drivers/STM32WBxx_HAL_Driver/Src/stm32wbxx_hal_rtc.c ****   {
1072:Drivers/STM32WBxx_HAL_Driver/Src/stm32wbxx_hal_rtc.c ****     /* Convert the date structure parameters to Binary format */
1073:Drivers/STM32WBxx_HAL_Driver/Src/stm32wbxx_hal_rtc.c ****     sDate->Year = (uint8_t)RTC_Bcd2ToByte(sDate->Year);
1074:Drivers/STM32WBxx_HAL_Driver/Src/stm32wbxx_hal_rtc.c ****     sDate->Month = (uint8_t)RTC_Bcd2ToByte(sDate->Month);
ARM GAS  C:\Users\843E~1\AppData\Local\Temp\ccZjV6EC.s 			page 21


1075:Drivers/STM32WBxx_HAL_Driver/Src/stm32wbxx_hal_rtc.c ****     sDate->Date = (uint8_t)RTC_Bcd2ToByte(sDate->Date);
1076:Drivers/STM32WBxx_HAL_Driver/Src/stm32wbxx_hal_rtc.c ****   }
1077:Drivers/STM32WBxx_HAL_Driver/Src/stm32wbxx_hal_rtc.c ****   return HAL_OK;
1078:Drivers/STM32WBxx_HAL_Driver/Src/stm32wbxx_hal_rtc.c **** }
1079:Drivers/STM32WBxx_HAL_Driver/Src/stm32wbxx_hal_rtc.c **** 
1080:Drivers/STM32WBxx_HAL_Driver/Src/stm32wbxx_hal_rtc.c **** /**
1081:Drivers/STM32WBxx_HAL_Driver/Src/stm32wbxx_hal_rtc.c ****   * @brief  Daylight Saving Time, Add one hour to the calendar in one single operation
1082:Drivers/STM32WBxx_HAL_Driver/Src/stm32wbxx_hal_rtc.c ****   *         without going through the initialization procedure.
1083:Drivers/STM32WBxx_HAL_Driver/Src/stm32wbxx_hal_rtc.c ****   * @param  hrtc RTC handle
1084:Drivers/STM32WBxx_HAL_Driver/Src/stm32wbxx_hal_rtc.c ****   * @retval None
1085:Drivers/STM32WBxx_HAL_Driver/Src/stm32wbxx_hal_rtc.c ****   */
1086:Drivers/STM32WBxx_HAL_Driver/Src/stm32wbxx_hal_rtc.c **** void HAL_RTC_DST_Add1Hour(RTC_HandleTypeDef *hrtc)
1087:Drivers/STM32WBxx_HAL_Driver/Src/stm32wbxx_hal_rtc.c **** {
  72              		.loc 1 1087 1 is_stmt 1 view -0
  73              		.cfi_startproc
  74              		@ args = 0, pretend = 0, frame = 0
  75              		@ frame_needed = 0, uses_anonymous_args = 0
  76              		@ link register save eliminated.
1088:Drivers/STM32WBxx_HAL_Driver/Src/stm32wbxx_hal_rtc.c ****   UNUSED(hrtc);
  77              		.loc 1 1088 3 view .LVU7
1089:Drivers/STM32WBxx_HAL_Driver/Src/stm32wbxx_hal_rtc.c ****   __HAL_RTC_WRITEPROTECTION_DISABLE(hrtc);
  78              		.loc 1 1089 3 view .LVU8
  79              		.loc 1 1089 3 view .LVU9
  80 0000 0368     		ldr	r3, [r0]
  81 0002 CA22     		movs	r2, #202
  82 0004 5A62     		str	r2, [r3, #36]
  83              		.loc 1 1089 3 view .LVU10
  84 0006 0368     		ldr	r3, [r0]
  85 0008 5322     		movs	r2, #83
  86 000a 5A62     		str	r2, [r3, #36]
  87              		.loc 1 1089 3 view .LVU11
1090:Drivers/STM32WBxx_HAL_Driver/Src/stm32wbxx_hal_rtc.c ****   SET_BIT(RTC->CR, RTC_CR_ADD1H);
  88              		.loc 1 1090 3 view .LVU12
  89 000c 044A     		ldr	r2, .L4
  90 000e 9368     		ldr	r3, [r2, #8]
  91 0010 43F48033 		orr	r3, r3, #65536
  92 0014 9360     		str	r3, [r2, #8]
1091:Drivers/STM32WBxx_HAL_Driver/Src/stm32wbxx_hal_rtc.c ****   __HAL_RTC_WRITEPROTECTION_ENABLE(hrtc);
  93              		.loc 1 1091 3 view .LVU13
  94              		.loc 1 1091 3 view .LVU14
  95 0016 0368     		ldr	r3, [r0]
  96 0018 FF22     		movs	r2, #255
  97 001a 5A62     		str	r2, [r3, #36]
  98              		.loc 1 1091 3 view .LVU15
1092:Drivers/STM32WBxx_HAL_Driver/Src/stm32wbxx_hal_rtc.c **** }
  99              		.loc 1 1092 1 is_stmt 0 view .LVU16
 100 001c 7047     		bx	lr
 101              	.L5:
 102 001e 00BF     		.align	2
 103              	.L4:
 104 0020 00280040 		.word	1073752064
 105              		.cfi_endproc
 106              	.LFE958:
 108              		.section	.text.HAL_RTC_DST_Sub1Hour,"ax",%progbits
 109              		.align	1
 110              		.global	HAL_RTC_DST_Sub1Hour
 111              		.syntax unified
ARM GAS  C:\Users\843E~1\AppData\Local\Temp\ccZjV6EC.s 			page 22


 112              		.thumb
 113              		.thumb_func
 115              	HAL_RTC_DST_Sub1Hour:
 116              	.LVL3:
 117              	.LFB959:
1093:Drivers/STM32WBxx_HAL_Driver/Src/stm32wbxx_hal_rtc.c **** 
1094:Drivers/STM32WBxx_HAL_Driver/Src/stm32wbxx_hal_rtc.c **** /**
1095:Drivers/STM32WBxx_HAL_Driver/Src/stm32wbxx_hal_rtc.c ****   * @brief  Daylight Saving Time, Subtract one hour from the calendar in one
1096:Drivers/STM32WBxx_HAL_Driver/Src/stm32wbxx_hal_rtc.c ****   *         single operation without going through the initialization procedure.
1097:Drivers/STM32WBxx_HAL_Driver/Src/stm32wbxx_hal_rtc.c ****   * @param  hrtc RTC handle
1098:Drivers/STM32WBxx_HAL_Driver/Src/stm32wbxx_hal_rtc.c ****   * @retval None
1099:Drivers/STM32WBxx_HAL_Driver/Src/stm32wbxx_hal_rtc.c ****   */
1100:Drivers/STM32WBxx_HAL_Driver/Src/stm32wbxx_hal_rtc.c **** void HAL_RTC_DST_Sub1Hour(RTC_HandleTypeDef *hrtc)
1101:Drivers/STM32WBxx_HAL_Driver/Src/stm32wbxx_hal_rtc.c **** {
 118              		.loc 1 1101 1 is_stmt 1 view -0
 119              		.cfi_startproc
 120              		@ args = 0, pretend = 0, frame = 0
 121              		@ frame_needed = 0, uses_anonymous_args = 0
 122              		@ link register save eliminated.
1102:Drivers/STM32WBxx_HAL_Driver/Src/stm32wbxx_hal_rtc.c ****   UNUSED(hrtc);
 123              		.loc 1 1102 3 view .LVU18
1103:Drivers/STM32WBxx_HAL_Driver/Src/stm32wbxx_hal_rtc.c ****   __HAL_RTC_WRITEPROTECTION_DISABLE(hrtc);
 124              		.loc 1 1103 3 view .LVU19
 125              		.loc 1 1103 3 view .LVU20
 126 0000 0368     		ldr	r3, [r0]
 127 0002 CA22     		movs	r2, #202
 128 0004 5A62     		str	r2, [r3, #36]
 129              		.loc 1 1103 3 view .LVU21
 130 0006 0368     		ldr	r3, [r0]
 131 0008 5322     		movs	r2, #83
 132 000a 5A62     		str	r2, [r3, #36]
 133              		.loc 1 1103 3 view .LVU22
1104:Drivers/STM32WBxx_HAL_Driver/Src/stm32wbxx_hal_rtc.c ****   SET_BIT(RTC->CR, RTC_CR_SUB1H);
 134              		.loc 1 1104 3 view .LVU23
 135 000c 044A     		ldr	r2, .L7
 136 000e 9368     		ldr	r3, [r2, #8]
 137 0010 43F40033 		orr	r3, r3, #131072
 138 0014 9360     		str	r3, [r2, #8]
1105:Drivers/STM32WBxx_HAL_Driver/Src/stm32wbxx_hal_rtc.c ****   __HAL_RTC_WRITEPROTECTION_ENABLE(hrtc);
 139              		.loc 1 1105 3 view .LVU24
 140              		.loc 1 1105 3 view .LVU25
 141 0016 0368     		ldr	r3, [r0]
 142 0018 FF22     		movs	r2, #255
 143 001a 5A62     		str	r2, [r3, #36]
 144              		.loc 1 1105 3 view .LVU26
1106:Drivers/STM32WBxx_HAL_Driver/Src/stm32wbxx_hal_rtc.c **** }
 145              		.loc 1 1106 1 is_stmt 0 view .LVU27
 146 001c 7047     		bx	lr
 147              	.L8:
 148 001e 00BF     		.align	2
 149              	.L7:
 150 0020 00280040 		.word	1073752064
 151              		.cfi_endproc
 152              	.LFE959:
 154              		.section	.text.HAL_RTC_DST_SetStoreOperation,"ax",%progbits
 155              		.align	1
 156              		.global	HAL_RTC_DST_SetStoreOperation
ARM GAS  C:\Users\843E~1\AppData\Local\Temp\ccZjV6EC.s 			page 23


 157              		.syntax unified
 158              		.thumb
 159              		.thumb_func
 161              	HAL_RTC_DST_SetStoreOperation:
 162              	.LVL4:
 163              	.LFB960:
1107:Drivers/STM32WBxx_HAL_Driver/Src/stm32wbxx_hal_rtc.c **** 
1108:Drivers/STM32WBxx_HAL_Driver/Src/stm32wbxx_hal_rtc.c **** /**
1109:Drivers/STM32WBxx_HAL_Driver/Src/stm32wbxx_hal_rtc.c ****   * @brief  Daylight Saving Time, Set the store operation bit.
1110:Drivers/STM32WBxx_HAL_Driver/Src/stm32wbxx_hal_rtc.c ****   * @note   It can be used by the software in order to memorize the DST status.
1111:Drivers/STM32WBxx_HAL_Driver/Src/stm32wbxx_hal_rtc.c ****   * @param  hrtc RTC handle
1112:Drivers/STM32WBxx_HAL_Driver/Src/stm32wbxx_hal_rtc.c ****   * @retval None
1113:Drivers/STM32WBxx_HAL_Driver/Src/stm32wbxx_hal_rtc.c ****   */
1114:Drivers/STM32WBxx_HAL_Driver/Src/stm32wbxx_hal_rtc.c **** void HAL_RTC_DST_SetStoreOperation(RTC_HandleTypeDef *hrtc)
1115:Drivers/STM32WBxx_HAL_Driver/Src/stm32wbxx_hal_rtc.c **** {
 164              		.loc 1 1115 1 is_stmt 1 view -0
 165              		.cfi_startproc
 166              		@ args = 0, pretend = 0, frame = 0
 167              		@ frame_needed = 0, uses_anonymous_args = 0
 168              		@ link register save eliminated.
1116:Drivers/STM32WBxx_HAL_Driver/Src/stm32wbxx_hal_rtc.c ****   UNUSED(hrtc);
 169              		.loc 1 1116 3 view .LVU29
1117:Drivers/STM32WBxx_HAL_Driver/Src/stm32wbxx_hal_rtc.c ****   __HAL_RTC_WRITEPROTECTION_DISABLE(hrtc);
 170              		.loc 1 1117 3 view .LVU30
 171              		.loc 1 1117 3 view .LVU31
 172 0000 0368     		ldr	r3, [r0]
 173 0002 CA22     		movs	r2, #202
 174 0004 5A62     		str	r2, [r3, #36]
 175              		.loc 1 1117 3 view .LVU32
 176 0006 0368     		ldr	r3, [r0]
 177 0008 5322     		movs	r2, #83
 178 000a 5A62     		str	r2, [r3, #36]
 179              		.loc 1 1117 3 view .LVU33
1118:Drivers/STM32WBxx_HAL_Driver/Src/stm32wbxx_hal_rtc.c ****   SET_BIT(RTC->CR, RTC_CR_BKP);
 180              		.loc 1 1118 3 view .LVU34
 181 000c 044A     		ldr	r2, .L10
 182 000e 9368     		ldr	r3, [r2, #8]
 183 0010 43F48023 		orr	r3, r3, #262144
 184 0014 9360     		str	r3, [r2, #8]
1119:Drivers/STM32WBxx_HAL_Driver/Src/stm32wbxx_hal_rtc.c ****   __HAL_RTC_WRITEPROTECTION_ENABLE(hrtc);
 185              		.loc 1 1119 3 view .LVU35
 186              		.loc 1 1119 3 view .LVU36
 187 0016 0368     		ldr	r3, [r0]
 188 0018 FF22     		movs	r2, #255
 189 001a 5A62     		str	r2, [r3, #36]
 190              		.loc 1 1119 3 view .LVU37
1120:Drivers/STM32WBxx_HAL_Driver/Src/stm32wbxx_hal_rtc.c **** }
 191              		.loc 1 1120 1 is_stmt 0 view .LVU38
 192 001c 7047     		bx	lr
 193              	.L11:
 194 001e 00BF     		.align	2
 195              	.L10:
 196 0020 00280040 		.word	1073752064
 197              		.cfi_endproc
 198              	.LFE960:
 200              		.section	.text.HAL_RTC_DST_ClearStoreOperation,"ax",%progbits
 201              		.align	1
ARM GAS  C:\Users\843E~1\AppData\Local\Temp\ccZjV6EC.s 			page 24


 202              		.global	HAL_RTC_DST_ClearStoreOperation
 203              		.syntax unified
 204              		.thumb
 205              		.thumb_func
 207              	HAL_RTC_DST_ClearStoreOperation:
 208              	.LVL5:
 209              	.LFB961:
1121:Drivers/STM32WBxx_HAL_Driver/Src/stm32wbxx_hal_rtc.c **** 
1122:Drivers/STM32WBxx_HAL_Driver/Src/stm32wbxx_hal_rtc.c **** /**
1123:Drivers/STM32WBxx_HAL_Driver/Src/stm32wbxx_hal_rtc.c ****   * @brief  Daylight Saving Time, Clear the store operation bit.
1124:Drivers/STM32WBxx_HAL_Driver/Src/stm32wbxx_hal_rtc.c ****   * @param  hrtc RTC handle
1125:Drivers/STM32WBxx_HAL_Driver/Src/stm32wbxx_hal_rtc.c ****   * @retval None
1126:Drivers/STM32WBxx_HAL_Driver/Src/stm32wbxx_hal_rtc.c ****   */
1127:Drivers/STM32WBxx_HAL_Driver/Src/stm32wbxx_hal_rtc.c **** void HAL_RTC_DST_ClearStoreOperation(RTC_HandleTypeDef *hrtc)
1128:Drivers/STM32WBxx_HAL_Driver/Src/stm32wbxx_hal_rtc.c **** {
 210              		.loc 1 1128 1 is_stmt 1 view -0
 211              		.cfi_startproc
 212              		@ args = 0, pretend = 0, frame = 0
 213              		@ frame_needed = 0, uses_anonymous_args = 0
 214              		@ link register save eliminated.
1129:Drivers/STM32WBxx_HAL_Driver/Src/stm32wbxx_hal_rtc.c ****   UNUSED(hrtc);
 215              		.loc 1 1129 3 view .LVU40
1130:Drivers/STM32WBxx_HAL_Driver/Src/stm32wbxx_hal_rtc.c ****   __HAL_RTC_WRITEPROTECTION_DISABLE(hrtc);
 216              		.loc 1 1130 3 view .LVU41
 217              		.loc 1 1130 3 view .LVU42
 218 0000 0368     		ldr	r3, [r0]
 219 0002 CA22     		movs	r2, #202
 220 0004 5A62     		str	r2, [r3, #36]
 221              		.loc 1 1130 3 view .LVU43
 222 0006 0368     		ldr	r3, [r0]
 223 0008 5322     		movs	r2, #83
 224 000a 5A62     		str	r2, [r3, #36]
 225              		.loc 1 1130 3 view .LVU44
1131:Drivers/STM32WBxx_HAL_Driver/Src/stm32wbxx_hal_rtc.c ****   CLEAR_BIT(RTC->CR, RTC_CR_BKP);
 226              		.loc 1 1131 3 view .LVU45
 227 000c 044A     		ldr	r2, .L13
 228 000e 9368     		ldr	r3, [r2, #8]
 229 0010 23F48023 		bic	r3, r3, #262144
 230 0014 9360     		str	r3, [r2, #8]
1132:Drivers/STM32WBxx_HAL_Driver/Src/stm32wbxx_hal_rtc.c ****   __HAL_RTC_WRITEPROTECTION_ENABLE(hrtc);
 231              		.loc 1 1132 3 view .LVU46
 232              		.loc 1 1132 3 view .LVU47
 233 0016 0368     		ldr	r3, [r0]
 234 0018 FF22     		movs	r2, #255
 235 001a 5A62     		str	r2, [r3, #36]
 236              		.loc 1 1132 3 view .LVU48
1133:Drivers/STM32WBxx_HAL_Driver/Src/stm32wbxx_hal_rtc.c **** }
 237              		.loc 1 1133 1 is_stmt 0 view .LVU49
 238 001c 7047     		bx	lr
 239              	.L14:
 240 001e 00BF     		.align	2
 241              	.L13:
 242 0020 00280040 		.word	1073752064
 243              		.cfi_endproc
 244              	.LFE961:
 246              		.section	.text.HAL_RTC_DST_ReadStoreOperation,"ax",%progbits
 247              		.align	1
ARM GAS  C:\Users\843E~1\AppData\Local\Temp\ccZjV6EC.s 			page 25


 248              		.global	HAL_RTC_DST_ReadStoreOperation
 249              		.syntax unified
 250              		.thumb
 251              		.thumb_func
 253              	HAL_RTC_DST_ReadStoreOperation:
 254              	.LVL6:
 255              	.LFB962:
1134:Drivers/STM32WBxx_HAL_Driver/Src/stm32wbxx_hal_rtc.c **** 
1135:Drivers/STM32WBxx_HAL_Driver/Src/stm32wbxx_hal_rtc.c **** /**
1136:Drivers/STM32WBxx_HAL_Driver/Src/stm32wbxx_hal_rtc.c ****   * @brief  Daylight Saving Time, Read the store operation bit.
1137:Drivers/STM32WBxx_HAL_Driver/Src/stm32wbxx_hal_rtc.c ****   * @param  hrtc RTC handle
1138:Drivers/STM32WBxx_HAL_Driver/Src/stm32wbxx_hal_rtc.c ****   * @retval operation see RTC_StoreOperation_Definitions
1139:Drivers/STM32WBxx_HAL_Driver/Src/stm32wbxx_hal_rtc.c ****   */
1140:Drivers/STM32WBxx_HAL_Driver/Src/stm32wbxx_hal_rtc.c **** uint32_t HAL_RTC_DST_ReadStoreOperation(RTC_HandleTypeDef *hrtc)
1141:Drivers/STM32WBxx_HAL_Driver/Src/stm32wbxx_hal_rtc.c **** {
 256              		.loc 1 1141 1 is_stmt 1 view -0
 257              		.cfi_startproc
 258              		@ args = 0, pretend = 0, frame = 0
 259              		@ frame_needed = 0, uses_anonymous_args = 0
 260              		@ link register save eliminated.
1142:Drivers/STM32WBxx_HAL_Driver/Src/stm32wbxx_hal_rtc.c ****   UNUSED(hrtc);
 261              		.loc 1 1142 3 view .LVU51
1143:Drivers/STM32WBxx_HAL_Driver/Src/stm32wbxx_hal_rtc.c ****   return READ_BIT(RTC->CR, RTC_CR_BKP);
 262              		.loc 1 1143 3 view .LVU52
 263              		.loc 1 1143 10 is_stmt 0 view .LVU53
 264 0000 024B     		ldr	r3, .L16
 265 0002 9868     		ldr	r0, [r3, #8]
 266              	.LVL7:
1144:Drivers/STM32WBxx_HAL_Driver/Src/stm32wbxx_hal_rtc.c **** }
 267              		.loc 1 1144 1 view .LVU54
 268 0004 00F48020 		and	r0, r0, #262144
 269 0008 7047     		bx	lr
 270              	.L17:
 271 000a 00BF     		.align	2
 272              	.L16:
 273 000c 00280040 		.word	1073752064
 274              		.cfi_endproc
 275              	.LFE962:
 277              		.section	.text.HAL_RTC_DeactivateAlarm,"ax",%progbits
 278              		.align	1
 279              		.global	HAL_RTC_DeactivateAlarm
 280              		.syntax unified
 281              		.thumb
 282              		.thumb_func
 284              	HAL_RTC_DeactivateAlarm:
 285              	.LVL8:
 286              	.LFB965:
1145:Drivers/STM32WBxx_HAL_Driver/Src/stm32wbxx_hal_rtc.c **** 
1146:Drivers/STM32WBxx_HAL_Driver/Src/stm32wbxx_hal_rtc.c **** 
1147:Drivers/STM32WBxx_HAL_Driver/Src/stm32wbxx_hal_rtc.c **** /**
1148:Drivers/STM32WBxx_HAL_Driver/Src/stm32wbxx_hal_rtc.c ****   * @}
1149:Drivers/STM32WBxx_HAL_Driver/Src/stm32wbxx_hal_rtc.c ****   */
1150:Drivers/STM32WBxx_HAL_Driver/Src/stm32wbxx_hal_rtc.c **** 
1151:Drivers/STM32WBxx_HAL_Driver/Src/stm32wbxx_hal_rtc.c **** /** @addtogroup RTC_Exported_Functions_Group3
1152:Drivers/STM32WBxx_HAL_Driver/Src/stm32wbxx_hal_rtc.c ****   *  @brief   RTC Alarm functions
1153:Drivers/STM32WBxx_HAL_Driver/Src/stm32wbxx_hal_rtc.c ****   *
1154:Drivers/STM32WBxx_HAL_Driver/Src/stm32wbxx_hal_rtc.c **** @verbatim
ARM GAS  C:\Users\843E~1\AppData\Local\Temp\ccZjV6EC.s 			page 26


1155:Drivers/STM32WBxx_HAL_Driver/Src/stm32wbxx_hal_rtc.c ****  ===============================================================================
1156:Drivers/STM32WBxx_HAL_Driver/Src/stm32wbxx_hal_rtc.c ****                  ##### RTC Alarm functions #####
1157:Drivers/STM32WBxx_HAL_Driver/Src/stm32wbxx_hal_rtc.c ****  ===============================================================================
1158:Drivers/STM32WBxx_HAL_Driver/Src/stm32wbxx_hal_rtc.c **** 
1159:Drivers/STM32WBxx_HAL_Driver/Src/stm32wbxx_hal_rtc.c ****  [..] This section provides functions allowing to configure Alarm feature
1160:Drivers/STM32WBxx_HAL_Driver/Src/stm32wbxx_hal_rtc.c **** 
1161:Drivers/STM32WBxx_HAL_Driver/Src/stm32wbxx_hal_rtc.c **** @endverbatim
1162:Drivers/STM32WBxx_HAL_Driver/Src/stm32wbxx_hal_rtc.c ****   * @{
1163:Drivers/STM32WBxx_HAL_Driver/Src/stm32wbxx_hal_rtc.c ****   */
1164:Drivers/STM32WBxx_HAL_Driver/Src/stm32wbxx_hal_rtc.c **** /**
1165:Drivers/STM32WBxx_HAL_Driver/Src/stm32wbxx_hal_rtc.c ****   * @brief  Set the specified RTC Alarm.
1166:Drivers/STM32WBxx_HAL_Driver/Src/stm32wbxx_hal_rtc.c ****   * @param hrtc RTC handle
1167:Drivers/STM32WBxx_HAL_Driver/Src/stm32wbxx_hal_rtc.c ****   * @param sAlarm Pointer to Alarm structure
1168:Drivers/STM32WBxx_HAL_Driver/Src/stm32wbxx_hal_rtc.c ****   * @param Format Specifies the format of the entered parameters.
1169:Drivers/STM32WBxx_HAL_Driver/Src/stm32wbxx_hal_rtc.c ****   *          This parameter can be one of the following values:
1170:Drivers/STM32WBxx_HAL_Driver/Src/stm32wbxx_hal_rtc.c ****   *             @arg RTC_FORMAT_BIN: Binary data format
1171:Drivers/STM32WBxx_HAL_Driver/Src/stm32wbxx_hal_rtc.c ****   *             @arg RTC_FORMAT_BCD: BCD data format
1172:Drivers/STM32WBxx_HAL_Driver/Src/stm32wbxx_hal_rtc.c ****   * @retval HAL status
1173:Drivers/STM32WBxx_HAL_Driver/Src/stm32wbxx_hal_rtc.c ****   */
1174:Drivers/STM32WBxx_HAL_Driver/Src/stm32wbxx_hal_rtc.c **** HAL_StatusTypeDef HAL_RTC_SetAlarm(RTC_HandleTypeDef *hrtc, RTC_AlarmTypeDef *sAlarm, uint32_t Form
1175:Drivers/STM32WBxx_HAL_Driver/Src/stm32wbxx_hal_rtc.c **** {
1176:Drivers/STM32WBxx_HAL_Driver/Src/stm32wbxx_hal_rtc.c ****   uint32_t tickstart;
1177:Drivers/STM32WBxx_HAL_Driver/Src/stm32wbxx_hal_rtc.c ****   uint32_t tmpreg;
1178:Drivers/STM32WBxx_HAL_Driver/Src/stm32wbxx_hal_rtc.c ****   uint32_t subsecondtmpreg;
1179:Drivers/STM32WBxx_HAL_Driver/Src/stm32wbxx_hal_rtc.c **** 
1180:Drivers/STM32WBxx_HAL_Driver/Src/stm32wbxx_hal_rtc.c ****   /* Check the parameters */
1181:Drivers/STM32WBxx_HAL_Driver/Src/stm32wbxx_hal_rtc.c ****   assert_param(IS_RTC_FORMAT(Format));
1182:Drivers/STM32WBxx_HAL_Driver/Src/stm32wbxx_hal_rtc.c ****   assert_param(IS_RTC_ALARM(sAlarm->Alarm));
1183:Drivers/STM32WBxx_HAL_Driver/Src/stm32wbxx_hal_rtc.c ****   assert_param(IS_RTC_ALARM_MASK(sAlarm->AlarmMask));
1184:Drivers/STM32WBxx_HAL_Driver/Src/stm32wbxx_hal_rtc.c ****   assert_param(IS_RTC_ALARM_DATE_WEEKDAY_SEL(sAlarm->AlarmDateWeekDaySel));
1185:Drivers/STM32WBxx_HAL_Driver/Src/stm32wbxx_hal_rtc.c ****   assert_param(IS_RTC_ALARM_SUB_SECOND_VALUE(sAlarm->AlarmTime.SubSeconds));
1186:Drivers/STM32WBxx_HAL_Driver/Src/stm32wbxx_hal_rtc.c ****   assert_param(IS_RTC_ALARM_SUB_SECOND_MASK(sAlarm->AlarmSubSecondMask));
1187:Drivers/STM32WBxx_HAL_Driver/Src/stm32wbxx_hal_rtc.c **** 
1188:Drivers/STM32WBxx_HAL_Driver/Src/stm32wbxx_hal_rtc.c ****   /* Process Locked */
1189:Drivers/STM32WBxx_HAL_Driver/Src/stm32wbxx_hal_rtc.c ****   __HAL_LOCK(hrtc);
1190:Drivers/STM32WBxx_HAL_Driver/Src/stm32wbxx_hal_rtc.c **** 
1191:Drivers/STM32WBxx_HAL_Driver/Src/stm32wbxx_hal_rtc.c ****   hrtc->State = HAL_RTC_STATE_BUSY;
1192:Drivers/STM32WBxx_HAL_Driver/Src/stm32wbxx_hal_rtc.c **** 
1193:Drivers/STM32WBxx_HAL_Driver/Src/stm32wbxx_hal_rtc.c ****   if (Format == RTC_FORMAT_BIN)
1194:Drivers/STM32WBxx_HAL_Driver/Src/stm32wbxx_hal_rtc.c ****   {
1195:Drivers/STM32WBxx_HAL_Driver/Src/stm32wbxx_hal_rtc.c ****     if ((hrtc->Instance->CR & RTC_CR_FMT) != 0U)
1196:Drivers/STM32WBxx_HAL_Driver/Src/stm32wbxx_hal_rtc.c ****     {
1197:Drivers/STM32WBxx_HAL_Driver/Src/stm32wbxx_hal_rtc.c ****       assert_param(IS_RTC_HOUR12(sAlarm->AlarmTime.Hours));
1198:Drivers/STM32WBxx_HAL_Driver/Src/stm32wbxx_hal_rtc.c ****       assert_param(IS_RTC_HOURFORMAT12(sAlarm->AlarmTime.TimeFormat));
1199:Drivers/STM32WBxx_HAL_Driver/Src/stm32wbxx_hal_rtc.c ****     }
1200:Drivers/STM32WBxx_HAL_Driver/Src/stm32wbxx_hal_rtc.c ****     else
1201:Drivers/STM32WBxx_HAL_Driver/Src/stm32wbxx_hal_rtc.c ****     {
1202:Drivers/STM32WBxx_HAL_Driver/Src/stm32wbxx_hal_rtc.c ****       sAlarm->AlarmTime.TimeFormat = 0x00U;
1203:Drivers/STM32WBxx_HAL_Driver/Src/stm32wbxx_hal_rtc.c ****       assert_param(IS_RTC_HOUR24(sAlarm->AlarmTime.Hours));
1204:Drivers/STM32WBxx_HAL_Driver/Src/stm32wbxx_hal_rtc.c ****     }
1205:Drivers/STM32WBxx_HAL_Driver/Src/stm32wbxx_hal_rtc.c ****     assert_param(IS_RTC_MINUTES(sAlarm->AlarmTime.Minutes));
1206:Drivers/STM32WBxx_HAL_Driver/Src/stm32wbxx_hal_rtc.c ****     assert_param(IS_RTC_SECONDS(sAlarm->AlarmTime.Seconds));
1207:Drivers/STM32WBxx_HAL_Driver/Src/stm32wbxx_hal_rtc.c **** 
1208:Drivers/STM32WBxx_HAL_Driver/Src/stm32wbxx_hal_rtc.c ****     if (sAlarm->AlarmDateWeekDaySel == RTC_ALARMDATEWEEKDAYSEL_DATE)
1209:Drivers/STM32WBxx_HAL_Driver/Src/stm32wbxx_hal_rtc.c ****     {
1210:Drivers/STM32WBxx_HAL_Driver/Src/stm32wbxx_hal_rtc.c ****       assert_param(IS_RTC_ALARM_DATE_WEEKDAY_DATE(sAlarm->AlarmDateWeekDay));
1211:Drivers/STM32WBxx_HAL_Driver/Src/stm32wbxx_hal_rtc.c ****     }
ARM GAS  C:\Users\843E~1\AppData\Local\Temp\ccZjV6EC.s 			page 27


1212:Drivers/STM32WBxx_HAL_Driver/Src/stm32wbxx_hal_rtc.c ****     else
1213:Drivers/STM32WBxx_HAL_Driver/Src/stm32wbxx_hal_rtc.c ****     {
1214:Drivers/STM32WBxx_HAL_Driver/Src/stm32wbxx_hal_rtc.c ****       assert_param(IS_RTC_ALARM_DATE_WEEKDAY_WEEKDAY(sAlarm->AlarmDateWeekDay));
1215:Drivers/STM32WBxx_HAL_Driver/Src/stm32wbxx_hal_rtc.c ****     }
1216:Drivers/STM32WBxx_HAL_Driver/Src/stm32wbxx_hal_rtc.c **** 
1217:Drivers/STM32WBxx_HAL_Driver/Src/stm32wbxx_hal_rtc.c ****     tmpreg = (((uint32_t)RTC_ByteToBcd2(sAlarm->AlarmTime.Hours) << 16U) | \
1218:Drivers/STM32WBxx_HAL_Driver/Src/stm32wbxx_hal_rtc.c ****               ((uint32_t)RTC_ByteToBcd2(sAlarm->AlarmTime.Minutes) << 8U) | \
1219:Drivers/STM32WBxx_HAL_Driver/Src/stm32wbxx_hal_rtc.c ****               ((uint32_t)RTC_ByteToBcd2(sAlarm->AlarmTime.Seconds)) | \
1220:Drivers/STM32WBxx_HAL_Driver/Src/stm32wbxx_hal_rtc.c ****               ((uint32_t)(sAlarm->AlarmTime.TimeFormat) << 16U) | \
1221:Drivers/STM32WBxx_HAL_Driver/Src/stm32wbxx_hal_rtc.c ****               ((uint32_t)RTC_ByteToBcd2(sAlarm->AlarmDateWeekDay) << 24U) | \
1222:Drivers/STM32WBxx_HAL_Driver/Src/stm32wbxx_hal_rtc.c ****               ((uint32_t)sAlarm->AlarmDateWeekDaySel) | \
1223:Drivers/STM32WBxx_HAL_Driver/Src/stm32wbxx_hal_rtc.c ****               ((uint32_t)sAlarm->AlarmMask));
1224:Drivers/STM32WBxx_HAL_Driver/Src/stm32wbxx_hal_rtc.c ****   }
1225:Drivers/STM32WBxx_HAL_Driver/Src/stm32wbxx_hal_rtc.c ****   else
1226:Drivers/STM32WBxx_HAL_Driver/Src/stm32wbxx_hal_rtc.c ****   {
1227:Drivers/STM32WBxx_HAL_Driver/Src/stm32wbxx_hal_rtc.c ****     if ((hrtc->Instance->CR & RTC_CR_FMT) != 0U)
1228:Drivers/STM32WBxx_HAL_Driver/Src/stm32wbxx_hal_rtc.c ****     {
1229:Drivers/STM32WBxx_HAL_Driver/Src/stm32wbxx_hal_rtc.c ****       assert_param(IS_RTC_HOUR12(RTC_Bcd2ToByte(sAlarm->AlarmTime.Hours)));
1230:Drivers/STM32WBxx_HAL_Driver/Src/stm32wbxx_hal_rtc.c ****       assert_param(IS_RTC_HOURFORMAT12(sAlarm->AlarmTime.TimeFormat));
1231:Drivers/STM32WBxx_HAL_Driver/Src/stm32wbxx_hal_rtc.c ****     }
1232:Drivers/STM32WBxx_HAL_Driver/Src/stm32wbxx_hal_rtc.c ****     else
1233:Drivers/STM32WBxx_HAL_Driver/Src/stm32wbxx_hal_rtc.c ****     {
1234:Drivers/STM32WBxx_HAL_Driver/Src/stm32wbxx_hal_rtc.c ****       sAlarm->AlarmTime.TimeFormat = 0x00U;
1235:Drivers/STM32WBxx_HAL_Driver/Src/stm32wbxx_hal_rtc.c ****       assert_param(IS_RTC_HOUR24(RTC_Bcd2ToByte(sAlarm->AlarmTime.Hours)));
1236:Drivers/STM32WBxx_HAL_Driver/Src/stm32wbxx_hal_rtc.c ****     }
1237:Drivers/STM32WBxx_HAL_Driver/Src/stm32wbxx_hal_rtc.c **** 
1238:Drivers/STM32WBxx_HAL_Driver/Src/stm32wbxx_hal_rtc.c ****     assert_param(IS_RTC_MINUTES(RTC_Bcd2ToByte(sAlarm->AlarmTime.Minutes)));
1239:Drivers/STM32WBxx_HAL_Driver/Src/stm32wbxx_hal_rtc.c ****     assert_param(IS_RTC_SECONDS(RTC_Bcd2ToByte(sAlarm->AlarmTime.Seconds)));
1240:Drivers/STM32WBxx_HAL_Driver/Src/stm32wbxx_hal_rtc.c **** 
1241:Drivers/STM32WBxx_HAL_Driver/Src/stm32wbxx_hal_rtc.c ****     if (sAlarm->AlarmDateWeekDaySel == RTC_ALARMDATEWEEKDAYSEL_DATE)
1242:Drivers/STM32WBxx_HAL_Driver/Src/stm32wbxx_hal_rtc.c ****     {
1243:Drivers/STM32WBxx_HAL_Driver/Src/stm32wbxx_hal_rtc.c ****       assert_param(IS_RTC_ALARM_DATE_WEEKDAY_DATE(RTC_Bcd2ToByte(sAlarm->AlarmDateWeekDay)));
1244:Drivers/STM32WBxx_HAL_Driver/Src/stm32wbxx_hal_rtc.c ****     }
1245:Drivers/STM32WBxx_HAL_Driver/Src/stm32wbxx_hal_rtc.c ****     else
1246:Drivers/STM32WBxx_HAL_Driver/Src/stm32wbxx_hal_rtc.c ****     {
1247:Drivers/STM32WBxx_HAL_Driver/Src/stm32wbxx_hal_rtc.c ****       assert_param(IS_RTC_ALARM_DATE_WEEKDAY_WEEKDAY(RTC_Bcd2ToByte(sAlarm->AlarmDateWeekDay)));
1248:Drivers/STM32WBxx_HAL_Driver/Src/stm32wbxx_hal_rtc.c ****     }
1249:Drivers/STM32WBxx_HAL_Driver/Src/stm32wbxx_hal_rtc.c **** 
1250:Drivers/STM32WBxx_HAL_Driver/Src/stm32wbxx_hal_rtc.c ****     tmpreg = (((uint32_t)(sAlarm->AlarmTime.Hours) << 16U) | \
1251:Drivers/STM32WBxx_HAL_Driver/Src/stm32wbxx_hal_rtc.c ****               ((uint32_t)(sAlarm->AlarmTime.Minutes) << 8U) | \
1252:Drivers/STM32WBxx_HAL_Driver/Src/stm32wbxx_hal_rtc.c ****               ((uint32_t) sAlarm->AlarmTime.Seconds) | \
1253:Drivers/STM32WBxx_HAL_Driver/Src/stm32wbxx_hal_rtc.c ****               ((uint32_t)(sAlarm->AlarmTime.TimeFormat) << 16U) | \
1254:Drivers/STM32WBxx_HAL_Driver/Src/stm32wbxx_hal_rtc.c ****               ((uint32_t)(sAlarm->AlarmDateWeekDay) << 24U) | \
1255:Drivers/STM32WBxx_HAL_Driver/Src/stm32wbxx_hal_rtc.c ****               ((uint32_t)sAlarm->AlarmDateWeekDaySel) | \
1256:Drivers/STM32WBxx_HAL_Driver/Src/stm32wbxx_hal_rtc.c ****               ((uint32_t)sAlarm->AlarmMask));
1257:Drivers/STM32WBxx_HAL_Driver/Src/stm32wbxx_hal_rtc.c ****   }
1258:Drivers/STM32WBxx_HAL_Driver/Src/stm32wbxx_hal_rtc.c **** 
1259:Drivers/STM32WBxx_HAL_Driver/Src/stm32wbxx_hal_rtc.c ****   /* Configure the Alarm A or Alarm B Sub Second registers */
1260:Drivers/STM32WBxx_HAL_Driver/Src/stm32wbxx_hal_rtc.c ****   subsecondtmpreg = (uint32_t)((uint32_t)(sAlarm->AlarmTime.SubSeconds) | (uint32_t)(sAlarm->AlarmS
1261:Drivers/STM32WBxx_HAL_Driver/Src/stm32wbxx_hal_rtc.c **** 
1262:Drivers/STM32WBxx_HAL_Driver/Src/stm32wbxx_hal_rtc.c ****   /* Disable the write protection for RTC registers */
1263:Drivers/STM32WBxx_HAL_Driver/Src/stm32wbxx_hal_rtc.c ****   __HAL_RTC_WRITEPROTECTION_DISABLE(hrtc);
1264:Drivers/STM32WBxx_HAL_Driver/Src/stm32wbxx_hal_rtc.c **** 
1265:Drivers/STM32WBxx_HAL_Driver/Src/stm32wbxx_hal_rtc.c ****   /* Configure the Alarm register */
1266:Drivers/STM32WBxx_HAL_Driver/Src/stm32wbxx_hal_rtc.c ****   if (sAlarm->Alarm == RTC_ALARM_A)
1267:Drivers/STM32WBxx_HAL_Driver/Src/stm32wbxx_hal_rtc.c ****   {
1268:Drivers/STM32WBxx_HAL_Driver/Src/stm32wbxx_hal_rtc.c ****     /* Disable the Alarm A interrupt */
ARM GAS  C:\Users\843E~1\AppData\Local\Temp\ccZjV6EC.s 			page 28


1269:Drivers/STM32WBxx_HAL_Driver/Src/stm32wbxx_hal_rtc.c ****     __HAL_RTC_ALARMA_DISABLE(hrtc);
1270:Drivers/STM32WBxx_HAL_Driver/Src/stm32wbxx_hal_rtc.c **** 
1271:Drivers/STM32WBxx_HAL_Driver/Src/stm32wbxx_hal_rtc.c ****     /* In case of interrupt mode is used, the interrupt source must disabled */
1272:Drivers/STM32WBxx_HAL_Driver/Src/stm32wbxx_hal_rtc.c ****     __HAL_RTC_ALARM_DISABLE_IT(hrtc, RTC_IT_ALRA);
1273:Drivers/STM32WBxx_HAL_Driver/Src/stm32wbxx_hal_rtc.c **** 
1274:Drivers/STM32WBxx_HAL_Driver/Src/stm32wbxx_hal_rtc.c ****     tickstart = HAL_GetTick();
1275:Drivers/STM32WBxx_HAL_Driver/Src/stm32wbxx_hal_rtc.c ****     /* Wait till RTC ALRAWF flag is set and if Time out is reached exit */
1276:Drivers/STM32WBxx_HAL_Driver/Src/stm32wbxx_hal_rtc.c ****     while (__HAL_RTC_ALARM_GET_FLAG(hrtc, RTC_FLAG_ALRAWF) == 0U)
1277:Drivers/STM32WBxx_HAL_Driver/Src/stm32wbxx_hal_rtc.c ****     {
1278:Drivers/STM32WBxx_HAL_Driver/Src/stm32wbxx_hal_rtc.c ****       if ((HAL_GetTick() - tickstart) > RTC_TIMEOUT_VALUE)
1279:Drivers/STM32WBxx_HAL_Driver/Src/stm32wbxx_hal_rtc.c ****       {
1280:Drivers/STM32WBxx_HAL_Driver/Src/stm32wbxx_hal_rtc.c ****         /* Enable the write protection for RTC registers */
1281:Drivers/STM32WBxx_HAL_Driver/Src/stm32wbxx_hal_rtc.c ****         __HAL_RTC_WRITEPROTECTION_ENABLE(hrtc);
1282:Drivers/STM32WBxx_HAL_Driver/Src/stm32wbxx_hal_rtc.c **** 
1283:Drivers/STM32WBxx_HAL_Driver/Src/stm32wbxx_hal_rtc.c ****         hrtc->State = HAL_RTC_STATE_TIMEOUT;
1284:Drivers/STM32WBxx_HAL_Driver/Src/stm32wbxx_hal_rtc.c **** 
1285:Drivers/STM32WBxx_HAL_Driver/Src/stm32wbxx_hal_rtc.c ****         /* Process Unlocked */
1286:Drivers/STM32WBxx_HAL_Driver/Src/stm32wbxx_hal_rtc.c ****         __HAL_UNLOCK(hrtc);
1287:Drivers/STM32WBxx_HAL_Driver/Src/stm32wbxx_hal_rtc.c **** 
1288:Drivers/STM32WBxx_HAL_Driver/Src/stm32wbxx_hal_rtc.c ****         return HAL_TIMEOUT;
1289:Drivers/STM32WBxx_HAL_Driver/Src/stm32wbxx_hal_rtc.c ****       }
1290:Drivers/STM32WBxx_HAL_Driver/Src/stm32wbxx_hal_rtc.c ****     }
1291:Drivers/STM32WBxx_HAL_Driver/Src/stm32wbxx_hal_rtc.c **** 
1292:Drivers/STM32WBxx_HAL_Driver/Src/stm32wbxx_hal_rtc.c ****     hrtc->Instance->ALRMAR = (uint32_t)tmpreg;
1293:Drivers/STM32WBxx_HAL_Driver/Src/stm32wbxx_hal_rtc.c ****     /* Configure the Alarm A Sub Second register */
1294:Drivers/STM32WBxx_HAL_Driver/Src/stm32wbxx_hal_rtc.c ****     hrtc->Instance->ALRMASSR = subsecondtmpreg;
1295:Drivers/STM32WBxx_HAL_Driver/Src/stm32wbxx_hal_rtc.c ****     /* Configure the Alarm state: Enable Alarm */
1296:Drivers/STM32WBxx_HAL_Driver/Src/stm32wbxx_hal_rtc.c ****     __HAL_RTC_ALARMA_ENABLE(hrtc);
1297:Drivers/STM32WBxx_HAL_Driver/Src/stm32wbxx_hal_rtc.c ****   }
1298:Drivers/STM32WBxx_HAL_Driver/Src/stm32wbxx_hal_rtc.c ****   else
1299:Drivers/STM32WBxx_HAL_Driver/Src/stm32wbxx_hal_rtc.c ****   {
1300:Drivers/STM32WBxx_HAL_Driver/Src/stm32wbxx_hal_rtc.c ****     /* Disable the Alarm B interrupt */
1301:Drivers/STM32WBxx_HAL_Driver/Src/stm32wbxx_hal_rtc.c ****     __HAL_RTC_ALARMB_DISABLE(hrtc);
1302:Drivers/STM32WBxx_HAL_Driver/Src/stm32wbxx_hal_rtc.c **** 
1303:Drivers/STM32WBxx_HAL_Driver/Src/stm32wbxx_hal_rtc.c ****     /* In case of interrupt mode is used, the interrupt source must disabled */
1304:Drivers/STM32WBxx_HAL_Driver/Src/stm32wbxx_hal_rtc.c ****     __HAL_RTC_ALARM_DISABLE_IT(hrtc, RTC_IT_ALRB);
1305:Drivers/STM32WBxx_HAL_Driver/Src/stm32wbxx_hal_rtc.c **** 
1306:Drivers/STM32WBxx_HAL_Driver/Src/stm32wbxx_hal_rtc.c ****     tickstart = HAL_GetTick();
1307:Drivers/STM32WBxx_HAL_Driver/Src/stm32wbxx_hal_rtc.c ****     /* Wait till RTC ALRBWF flag is set and if Time out is reached exit */
1308:Drivers/STM32WBxx_HAL_Driver/Src/stm32wbxx_hal_rtc.c ****     while (__HAL_RTC_ALARM_GET_FLAG(hrtc, RTC_FLAG_ALRBWF) == 0U)
1309:Drivers/STM32WBxx_HAL_Driver/Src/stm32wbxx_hal_rtc.c ****     {
1310:Drivers/STM32WBxx_HAL_Driver/Src/stm32wbxx_hal_rtc.c ****       if ((HAL_GetTick() - tickstart) > RTC_TIMEOUT_VALUE)
1311:Drivers/STM32WBxx_HAL_Driver/Src/stm32wbxx_hal_rtc.c ****       {
1312:Drivers/STM32WBxx_HAL_Driver/Src/stm32wbxx_hal_rtc.c ****         /* Enable the write protection for RTC registers */
1313:Drivers/STM32WBxx_HAL_Driver/Src/stm32wbxx_hal_rtc.c ****         __HAL_RTC_WRITEPROTECTION_ENABLE(hrtc);
1314:Drivers/STM32WBxx_HAL_Driver/Src/stm32wbxx_hal_rtc.c **** 
1315:Drivers/STM32WBxx_HAL_Driver/Src/stm32wbxx_hal_rtc.c ****         hrtc->State = HAL_RTC_STATE_TIMEOUT;
1316:Drivers/STM32WBxx_HAL_Driver/Src/stm32wbxx_hal_rtc.c **** 
1317:Drivers/STM32WBxx_HAL_Driver/Src/stm32wbxx_hal_rtc.c ****         /* Process Unlocked */
1318:Drivers/STM32WBxx_HAL_Driver/Src/stm32wbxx_hal_rtc.c ****         __HAL_UNLOCK(hrtc);
1319:Drivers/STM32WBxx_HAL_Driver/Src/stm32wbxx_hal_rtc.c **** 
1320:Drivers/STM32WBxx_HAL_Driver/Src/stm32wbxx_hal_rtc.c ****         return HAL_TIMEOUT;
1321:Drivers/STM32WBxx_HAL_Driver/Src/stm32wbxx_hal_rtc.c ****       }
1322:Drivers/STM32WBxx_HAL_Driver/Src/stm32wbxx_hal_rtc.c ****     }
1323:Drivers/STM32WBxx_HAL_Driver/Src/stm32wbxx_hal_rtc.c **** 
1324:Drivers/STM32WBxx_HAL_Driver/Src/stm32wbxx_hal_rtc.c ****     hrtc->Instance->ALRMBR = (uint32_t)tmpreg;
1325:Drivers/STM32WBxx_HAL_Driver/Src/stm32wbxx_hal_rtc.c ****     /* Configure the Alarm B Sub Second register */
ARM GAS  C:\Users\843E~1\AppData\Local\Temp\ccZjV6EC.s 			page 29


1326:Drivers/STM32WBxx_HAL_Driver/Src/stm32wbxx_hal_rtc.c ****     hrtc->Instance->ALRMBSSR = subsecondtmpreg;
1327:Drivers/STM32WBxx_HAL_Driver/Src/stm32wbxx_hal_rtc.c ****     /* Configure the Alarm state: Enable Alarm */
1328:Drivers/STM32WBxx_HAL_Driver/Src/stm32wbxx_hal_rtc.c ****     __HAL_RTC_ALARMB_ENABLE(hrtc);
1329:Drivers/STM32WBxx_HAL_Driver/Src/stm32wbxx_hal_rtc.c ****   }
1330:Drivers/STM32WBxx_HAL_Driver/Src/stm32wbxx_hal_rtc.c **** 
1331:Drivers/STM32WBxx_HAL_Driver/Src/stm32wbxx_hal_rtc.c ****   /* Enable the write protection for RTC registers */
1332:Drivers/STM32WBxx_HAL_Driver/Src/stm32wbxx_hal_rtc.c ****   __HAL_RTC_WRITEPROTECTION_ENABLE(hrtc);
1333:Drivers/STM32WBxx_HAL_Driver/Src/stm32wbxx_hal_rtc.c **** 
1334:Drivers/STM32WBxx_HAL_Driver/Src/stm32wbxx_hal_rtc.c ****   /* Change RTC state */
1335:Drivers/STM32WBxx_HAL_Driver/Src/stm32wbxx_hal_rtc.c ****   hrtc->State = HAL_RTC_STATE_READY;
1336:Drivers/STM32WBxx_HAL_Driver/Src/stm32wbxx_hal_rtc.c **** 
1337:Drivers/STM32WBxx_HAL_Driver/Src/stm32wbxx_hal_rtc.c ****   /* Process Unlocked */
1338:Drivers/STM32WBxx_HAL_Driver/Src/stm32wbxx_hal_rtc.c ****   __HAL_UNLOCK(hrtc);
1339:Drivers/STM32WBxx_HAL_Driver/Src/stm32wbxx_hal_rtc.c **** 
1340:Drivers/STM32WBxx_HAL_Driver/Src/stm32wbxx_hal_rtc.c ****   return HAL_OK;
1341:Drivers/STM32WBxx_HAL_Driver/Src/stm32wbxx_hal_rtc.c **** }
1342:Drivers/STM32WBxx_HAL_Driver/Src/stm32wbxx_hal_rtc.c **** 
1343:Drivers/STM32WBxx_HAL_Driver/Src/stm32wbxx_hal_rtc.c **** /**
1344:Drivers/STM32WBxx_HAL_Driver/Src/stm32wbxx_hal_rtc.c ****   * @brief  Set the specified RTC Alarm with Interrupt.
1345:Drivers/STM32WBxx_HAL_Driver/Src/stm32wbxx_hal_rtc.c ****   * @param hrtc RTC handle
1346:Drivers/STM32WBxx_HAL_Driver/Src/stm32wbxx_hal_rtc.c ****   * @param sAlarm Pointer to Alarm structure
1347:Drivers/STM32WBxx_HAL_Driver/Src/stm32wbxx_hal_rtc.c ****   * @param Format Specifies the format of the entered parameters.
1348:Drivers/STM32WBxx_HAL_Driver/Src/stm32wbxx_hal_rtc.c ****   *          This parameter can be one of the following values:
1349:Drivers/STM32WBxx_HAL_Driver/Src/stm32wbxx_hal_rtc.c ****   *             @arg RTC_FORMAT_BIN: Binary data format
1350:Drivers/STM32WBxx_HAL_Driver/Src/stm32wbxx_hal_rtc.c ****   *             @arg RTC_FORMAT_BCD: BCD data format
1351:Drivers/STM32WBxx_HAL_Driver/Src/stm32wbxx_hal_rtc.c ****   * @note   The Alarm register can only be written when the corresponding Alarm
1352:Drivers/STM32WBxx_HAL_Driver/Src/stm32wbxx_hal_rtc.c ****   *         is disabled (Use the HAL_RTC_DeactivateAlarm()).
1353:Drivers/STM32WBxx_HAL_Driver/Src/stm32wbxx_hal_rtc.c ****   * @note   The HAL_RTC_SetTime() must be called before enabling the Alarm feature.
1354:Drivers/STM32WBxx_HAL_Driver/Src/stm32wbxx_hal_rtc.c ****   * @retval HAL status
1355:Drivers/STM32WBxx_HAL_Driver/Src/stm32wbxx_hal_rtc.c ****   */
1356:Drivers/STM32WBxx_HAL_Driver/Src/stm32wbxx_hal_rtc.c **** HAL_StatusTypeDef HAL_RTC_SetAlarm_IT(RTC_HandleTypeDef *hrtc, RTC_AlarmTypeDef *sAlarm, uint32_t F
1357:Drivers/STM32WBxx_HAL_Driver/Src/stm32wbxx_hal_rtc.c **** {
1358:Drivers/STM32WBxx_HAL_Driver/Src/stm32wbxx_hal_rtc.c ****   uint32_t tickstart;
1359:Drivers/STM32WBxx_HAL_Driver/Src/stm32wbxx_hal_rtc.c ****   uint32_t tmpreg;
1360:Drivers/STM32WBxx_HAL_Driver/Src/stm32wbxx_hal_rtc.c ****   uint32_t subsecondtmpreg;
1361:Drivers/STM32WBxx_HAL_Driver/Src/stm32wbxx_hal_rtc.c **** 
1362:Drivers/STM32WBxx_HAL_Driver/Src/stm32wbxx_hal_rtc.c ****   /* Check the parameters */
1363:Drivers/STM32WBxx_HAL_Driver/Src/stm32wbxx_hal_rtc.c ****   assert_param(IS_RTC_FORMAT(Format));
1364:Drivers/STM32WBxx_HAL_Driver/Src/stm32wbxx_hal_rtc.c ****   assert_param(IS_RTC_ALARM(sAlarm->Alarm));
1365:Drivers/STM32WBxx_HAL_Driver/Src/stm32wbxx_hal_rtc.c ****   assert_param(IS_RTC_ALARM_MASK(sAlarm->AlarmMask));
1366:Drivers/STM32WBxx_HAL_Driver/Src/stm32wbxx_hal_rtc.c ****   assert_param(IS_RTC_ALARM_DATE_WEEKDAY_SEL(sAlarm->AlarmDateWeekDaySel));
1367:Drivers/STM32WBxx_HAL_Driver/Src/stm32wbxx_hal_rtc.c ****   assert_param(IS_RTC_ALARM_SUB_SECOND_VALUE(sAlarm->AlarmTime.SubSeconds));
1368:Drivers/STM32WBxx_HAL_Driver/Src/stm32wbxx_hal_rtc.c ****   assert_param(IS_RTC_ALARM_SUB_SECOND_MASK(sAlarm->AlarmSubSecondMask));
1369:Drivers/STM32WBxx_HAL_Driver/Src/stm32wbxx_hal_rtc.c **** 
1370:Drivers/STM32WBxx_HAL_Driver/Src/stm32wbxx_hal_rtc.c ****   /* Process Locked */
1371:Drivers/STM32WBxx_HAL_Driver/Src/stm32wbxx_hal_rtc.c ****   __HAL_LOCK(hrtc);
1372:Drivers/STM32WBxx_HAL_Driver/Src/stm32wbxx_hal_rtc.c **** 
1373:Drivers/STM32WBxx_HAL_Driver/Src/stm32wbxx_hal_rtc.c ****   hrtc->State = HAL_RTC_STATE_BUSY;
1374:Drivers/STM32WBxx_HAL_Driver/Src/stm32wbxx_hal_rtc.c **** 
1375:Drivers/STM32WBxx_HAL_Driver/Src/stm32wbxx_hal_rtc.c ****   if (Format == RTC_FORMAT_BIN)
1376:Drivers/STM32WBxx_HAL_Driver/Src/stm32wbxx_hal_rtc.c ****   {
1377:Drivers/STM32WBxx_HAL_Driver/Src/stm32wbxx_hal_rtc.c ****     if ((hrtc->Instance->CR & RTC_CR_FMT) != 0U)
1378:Drivers/STM32WBxx_HAL_Driver/Src/stm32wbxx_hal_rtc.c ****     {
1379:Drivers/STM32WBxx_HAL_Driver/Src/stm32wbxx_hal_rtc.c ****       assert_param(IS_RTC_HOUR12(sAlarm->AlarmTime.Hours));
1380:Drivers/STM32WBxx_HAL_Driver/Src/stm32wbxx_hal_rtc.c ****       assert_param(IS_RTC_HOURFORMAT12(sAlarm->AlarmTime.TimeFormat));
1381:Drivers/STM32WBxx_HAL_Driver/Src/stm32wbxx_hal_rtc.c ****     }
1382:Drivers/STM32WBxx_HAL_Driver/Src/stm32wbxx_hal_rtc.c ****     else
ARM GAS  C:\Users\843E~1\AppData\Local\Temp\ccZjV6EC.s 			page 30


1383:Drivers/STM32WBxx_HAL_Driver/Src/stm32wbxx_hal_rtc.c ****     {
1384:Drivers/STM32WBxx_HAL_Driver/Src/stm32wbxx_hal_rtc.c ****       sAlarm->AlarmTime.TimeFormat = 0x00U;
1385:Drivers/STM32WBxx_HAL_Driver/Src/stm32wbxx_hal_rtc.c ****       assert_param(IS_RTC_HOUR24(sAlarm->AlarmTime.Hours));
1386:Drivers/STM32WBxx_HAL_Driver/Src/stm32wbxx_hal_rtc.c ****     }
1387:Drivers/STM32WBxx_HAL_Driver/Src/stm32wbxx_hal_rtc.c ****     assert_param(IS_RTC_MINUTES(sAlarm->AlarmTime.Minutes));
1388:Drivers/STM32WBxx_HAL_Driver/Src/stm32wbxx_hal_rtc.c ****     assert_param(IS_RTC_SECONDS(sAlarm->AlarmTime.Seconds));
1389:Drivers/STM32WBxx_HAL_Driver/Src/stm32wbxx_hal_rtc.c **** 
1390:Drivers/STM32WBxx_HAL_Driver/Src/stm32wbxx_hal_rtc.c ****     if (sAlarm->AlarmDateWeekDaySel == RTC_ALARMDATEWEEKDAYSEL_DATE)
1391:Drivers/STM32WBxx_HAL_Driver/Src/stm32wbxx_hal_rtc.c ****     {
1392:Drivers/STM32WBxx_HAL_Driver/Src/stm32wbxx_hal_rtc.c ****       assert_param(IS_RTC_ALARM_DATE_WEEKDAY_DATE(sAlarm->AlarmDateWeekDay));
1393:Drivers/STM32WBxx_HAL_Driver/Src/stm32wbxx_hal_rtc.c ****     }
1394:Drivers/STM32WBxx_HAL_Driver/Src/stm32wbxx_hal_rtc.c ****     else
1395:Drivers/STM32WBxx_HAL_Driver/Src/stm32wbxx_hal_rtc.c ****     {
1396:Drivers/STM32WBxx_HAL_Driver/Src/stm32wbxx_hal_rtc.c ****       assert_param(IS_RTC_ALARM_DATE_WEEKDAY_WEEKDAY(sAlarm->AlarmDateWeekDay));
1397:Drivers/STM32WBxx_HAL_Driver/Src/stm32wbxx_hal_rtc.c ****     }
1398:Drivers/STM32WBxx_HAL_Driver/Src/stm32wbxx_hal_rtc.c ****     tmpreg = (((uint32_t)RTC_ByteToBcd2(sAlarm->AlarmTime.Hours) << 16U) | \
1399:Drivers/STM32WBxx_HAL_Driver/Src/stm32wbxx_hal_rtc.c ****               ((uint32_t)RTC_ByteToBcd2(sAlarm->AlarmTime.Minutes) << 8U) | \
1400:Drivers/STM32WBxx_HAL_Driver/Src/stm32wbxx_hal_rtc.c ****               ((uint32_t)RTC_ByteToBcd2(sAlarm->AlarmTime.Seconds)) | \
1401:Drivers/STM32WBxx_HAL_Driver/Src/stm32wbxx_hal_rtc.c ****               ((uint32_t)(sAlarm->AlarmTime.TimeFormat) << 16U) | \
1402:Drivers/STM32WBxx_HAL_Driver/Src/stm32wbxx_hal_rtc.c ****               ((uint32_t)RTC_ByteToBcd2(sAlarm->AlarmDateWeekDay) << 24U) | \
1403:Drivers/STM32WBxx_HAL_Driver/Src/stm32wbxx_hal_rtc.c ****               ((uint32_t)sAlarm->AlarmDateWeekDaySel) | \
1404:Drivers/STM32WBxx_HAL_Driver/Src/stm32wbxx_hal_rtc.c ****               ((uint32_t)sAlarm->AlarmMask));
1405:Drivers/STM32WBxx_HAL_Driver/Src/stm32wbxx_hal_rtc.c ****   }
1406:Drivers/STM32WBxx_HAL_Driver/Src/stm32wbxx_hal_rtc.c ****   else
1407:Drivers/STM32WBxx_HAL_Driver/Src/stm32wbxx_hal_rtc.c ****   {
1408:Drivers/STM32WBxx_HAL_Driver/Src/stm32wbxx_hal_rtc.c ****     if ((hrtc->Instance->CR & RTC_CR_FMT) != 0U)
1409:Drivers/STM32WBxx_HAL_Driver/Src/stm32wbxx_hal_rtc.c ****     {
1410:Drivers/STM32WBxx_HAL_Driver/Src/stm32wbxx_hal_rtc.c ****       assert_param(IS_RTC_HOUR12(RTC_Bcd2ToByte(sAlarm->AlarmTime.Hours)));
1411:Drivers/STM32WBxx_HAL_Driver/Src/stm32wbxx_hal_rtc.c ****       assert_param(IS_RTC_HOURFORMAT12(sAlarm->AlarmTime.TimeFormat));
1412:Drivers/STM32WBxx_HAL_Driver/Src/stm32wbxx_hal_rtc.c ****     }
1413:Drivers/STM32WBxx_HAL_Driver/Src/stm32wbxx_hal_rtc.c ****     else
1414:Drivers/STM32WBxx_HAL_Driver/Src/stm32wbxx_hal_rtc.c ****     {
1415:Drivers/STM32WBxx_HAL_Driver/Src/stm32wbxx_hal_rtc.c ****       sAlarm->AlarmTime.TimeFormat = 0x00U;
1416:Drivers/STM32WBxx_HAL_Driver/Src/stm32wbxx_hal_rtc.c ****       assert_param(IS_RTC_HOUR24(RTC_Bcd2ToByte(sAlarm->AlarmTime.Hours)));
1417:Drivers/STM32WBxx_HAL_Driver/Src/stm32wbxx_hal_rtc.c ****     }
1418:Drivers/STM32WBxx_HAL_Driver/Src/stm32wbxx_hal_rtc.c **** 
1419:Drivers/STM32WBxx_HAL_Driver/Src/stm32wbxx_hal_rtc.c ****     assert_param(IS_RTC_MINUTES(RTC_Bcd2ToByte(sAlarm->AlarmTime.Minutes)));
1420:Drivers/STM32WBxx_HAL_Driver/Src/stm32wbxx_hal_rtc.c ****     assert_param(IS_RTC_SECONDS(RTC_Bcd2ToByte(sAlarm->AlarmTime.Seconds)));
1421:Drivers/STM32WBxx_HAL_Driver/Src/stm32wbxx_hal_rtc.c **** 
1422:Drivers/STM32WBxx_HAL_Driver/Src/stm32wbxx_hal_rtc.c ****     if (sAlarm->AlarmDateWeekDaySel == RTC_ALARMDATEWEEKDAYSEL_DATE)
1423:Drivers/STM32WBxx_HAL_Driver/Src/stm32wbxx_hal_rtc.c ****     {
1424:Drivers/STM32WBxx_HAL_Driver/Src/stm32wbxx_hal_rtc.c ****       assert_param(IS_RTC_ALARM_DATE_WEEKDAY_DATE(RTC_Bcd2ToByte(sAlarm->AlarmDateWeekDay)));
1425:Drivers/STM32WBxx_HAL_Driver/Src/stm32wbxx_hal_rtc.c ****     }
1426:Drivers/STM32WBxx_HAL_Driver/Src/stm32wbxx_hal_rtc.c ****     else
1427:Drivers/STM32WBxx_HAL_Driver/Src/stm32wbxx_hal_rtc.c ****     {
1428:Drivers/STM32WBxx_HAL_Driver/Src/stm32wbxx_hal_rtc.c ****       assert_param(IS_RTC_ALARM_DATE_WEEKDAY_WEEKDAY(RTC_Bcd2ToByte(sAlarm->AlarmDateWeekDay)));
1429:Drivers/STM32WBxx_HAL_Driver/Src/stm32wbxx_hal_rtc.c ****     }
1430:Drivers/STM32WBxx_HAL_Driver/Src/stm32wbxx_hal_rtc.c ****     tmpreg = (((uint32_t)(sAlarm->AlarmTime.Hours) << 16U) | \
1431:Drivers/STM32WBxx_HAL_Driver/Src/stm32wbxx_hal_rtc.c ****               ((uint32_t)(sAlarm->AlarmTime.Minutes) << 8U) | \
1432:Drivers/STM32WBxx_HAL_Driver/Src/stm32wbxx_hal_rtc.c ****               ((uint32_t) sAlarm->AlarmTime.Seconds) | \
1433:Drivers/STM32WBxx_HAL_Driver/Src/stm32wbxx_hal_rtc.c ****               ((uint32_t)(sAlarm->AlarmTime.TimeFormat) << 16U) | \
1434:Drivers/STM32WBxx_HAL_Driver/Src/stm32wbxx_hal_rtc.c ****               ((uint32_t)(sAlarm->AlarmDateWeekDay) << 24U) | \
1435:Drivers/STM32WBxx_HAL_Driver/Src/stm32wbxx_hal_rtc.c ****               ((uint32_t)sAlarm->AlarmDateWeekDaySel) | \
1436:Drivers/STM32WBxx_HAL_Driver/Src/stm32wbxx_hal_rtc.c ****               ((uint32_t)sAlarm->AlarmMask));
1437:Drivers/STM32WBxx_HAL_Driver/Src/stm32wbxx_hal_rtc.c ****   }
1438:Drivers/STM32WBxx_HAL_Driver/Src/stm32wbxx_hal_rtc.c ****   /* Configure the Alarm A or Alarm B Sub Second registers */
1439:Drivers/STM32WBxx_HAL_Driver/Src/stm32wbxx_hal_rtc.c ****   subsecondtmpreg = (uint32_t)((uint32_t)(sAlarm->AlarmTime.SubSeconds) | (uint32_t)(sAlarm->AlarmS
ARM GAS  C:\Users\843E~1\AppData\Local\Temp\ccZjV6EC.s 			page 31


1440:Drivers/STM32WBxx_HAL_Driver/Src/stm32wbxx_hal_rtc.c **** 
1441:Drivers/STM32WBxx_HAL_Driver/Src/stm32wbxx_hal_rtc.c ****   /* Disable the write protection for RTC registers */
1442:Drivers/STM32WBxx_HAL_Driver/Src/stm32wbxx_hal_rtc.c ****   __HAL_RTC_WRITEPROTECTION_DISABLE(hrtc);
1443:Drivers/STM32WBxx_HAL_Driver/Src/stm32wbxx_hal_rtc.c **** 
1444:Drivers/STM32WBxx_HAL_Driver/Src/stm32wbxx_hal_rtc.c ****   /* Configure the Alarm register */
1445:Drivers/STM32WBxx_HAL_Driver/Src/stm32wbxx_hal_rtc.c ****   if (sAlarm->Alarm == RTC_ALARM_A)
1446:Drivers/STM32WBxx_HAL_Driver/Src/stm32wbxx_hal_rtc.c ****   {
1447:Drivers/STM32WBxx_HAL_Driver/Src/stm32wbxx_hal_rtc.c ****     /* Disable the Alarm A interrupt */
1448:Drivers/STM32WBxx_HAL_Driver/Src/stm32wbxx_hal_rtc.c ****     __HAL_RTC_ALARMA_DISABLE(hrtc);
1449:Drivers/STM32WBxx_HAL_Driver/Src/stm32wbxx_hal_rtc.c **** 
1450:Drivers/STM32WBxx_HAL_Driver/Src/stm32wbxx_hal_rtc.c ****     /* Clear flag alarm A */
1451:Drivers/STM32WBxx_HAL_Driver/Src/stm32wbxx_hal_rtc.c ****     __HAL_RTC_ALARM_CLEAR_FLAG(hrtc, RTC_FLAG_ALRAF);
1452:Drivers/STM32WBxx_HAL_Driver/Src/stm32wbxx_hal_rtc.c **** 
1453:Drivers/STM32WBxx_HAL_Driver/Src/stm32wbxx_hal_rtc.c ****     tickstart = HAL_GetTick();
1454:Drivers/STM32WBxx_HAL_Driver/Src/stm32wbxx_hal_rtc.c ****     /* Wait till RTC ALRAWF flag is set and if Time out is reached exit */
1455:Drivers/STM32WBxx_HAL_Driver/Src/stm32wbxx_hal_rtc.c ****     while (__HAL_RTC_ALARM_GET_FLAG(hrtc, RTC_FLAG_ALRAWF) == 0U)
1456:Drivers/STM32WBxx_HAL_Driver/Src/stm32wbxx_hal_rtc.c ****     {
1457:Drivers/STM32WBxx_HAL_Driver/Src/stm32wbxx_hal_rtc.c ****       if ((HAL_GetTick() - tickstart) > RTC_TIMEOUT_VALUE)
1458:Drivers/STM32WBxx_HAL_Driver/Src/stm32wbxx_hal_rtc.c ****       {
1459:Drivers/STM32WBxx_HAL_Driver/Src/stm32wbxx_hal_rtc.c ****         /* Enable the write protection for RTC registers */
1460:Drivers/STM32WBxx_HAL_Driver/Src/stm32wbxx_hal_rtc.c ****         __HAL_RTC_WRITEPROTECTION_ENABLE(hrtc);
1461:Drivers/STM32WBxx_HAL_Driver/Src/stm32wbxx_hal_rtc.c **** 
1462:Drivers/STM32WBxx_HAL_Driver/Src/stm32wbxx_hal_rtc.c ****         hrtc->State = HAL_RTC_STATE_TIMEOUT;
1463:Drivers/STM32WBxx_HAL_Driver/Src/stm32wbxx_hal_rtc.c **** 
1464:Drivers/STM32WBxx_HAL_Driver/Src/stm32wbxx_hal_rtc.c ****         /* Process Unlocked */
1465:Drivers/STM32WBxx_HAL_Driver/Src/stm32wbxx_hal_rtc.c ****         __HAL_UNLOCK(hrtc);
1466:Drivers/STM32WBxx_HAL_Driver/Src/stm32wbxx_hal_rtc.c **** 
1467:Drivers/STM32WBxx_HAL_Driver/Src/stm32wbxx_hal_rtc.c ****         return HAL_TIMEOUT;
1468:Drivers/STM32WBxx_HAL_Driver/Src/stm32wbxx_hal_rtc.c ****       }
1469:Drivers/STM32WBxx_HAL_Driver/Src/stm32wbxx_hal_rtc.c ****     }
1470:Drivers/STM32WBxx_HAL_Driver/Src/stm32wbxx_hal_rtc.c **** 
1471:Drivers/STM32WBxx_HAL_Driver/Src/stm32wbxx_hal_rtc.c ****     hrtc->Instance->ALRMAR = (uint32_t)tmpreg;
1472:Drivers/STM32WBxx_HAL_Driver/Src/stm32wbxx_hal_rtc.c ****     /* Configure the Alarm A Sub Second register */
1473:Drivers/STM32WBxx_HAL_Driver/Src/stm32wbxx_hal_rtc.c ****     hrtc->Instance->ALRMASSR = subsecondtmpreg;
1474:Drivers/STM32WBxx_HAL_Driver/Src/stm32wbxx_hal_rtc.c ****     /* Configure the Alarm state: Enable Alarm */
1475:Drivers/STM32WBxx_HAL_Driver/Src/stm32wbxx_hal_rtc.c ****     __HAL_RTC_ALARMA_ENABLE(hrtc);
1476:Drivers/STM32WBxx_HAL_Driver/Src/stm32wbxx_hal_rtc.c ****     /* Configure the Alarm interrupt */
1477:Drivers/STM32WBxx_HAL_Driver/Src/stm32wbxx_hal_rtc.c ****     __HAL_RTC_ALARM_ENABLE_IT(hrtc, RTC_IT_ALRA);
1478:Drivers/STM32WBxx_HAL_Driver/Src/stm32wbxx_hal_rtc.c ****   }
1479:Drivers/STM32WBxx_HAL_Driver/Src/stm32wbxx_hal_rtc.c ****   else
1480:Drivers/STM32WBxx_HAL_Driver/Src/stm32wbxx_hal_rtc.c ****   {
1481:Drivers/STM32WBxx_HAL_Driver/Src/stm32wbxx_hal_rtc.c ****     /* Disable the Alarm B interrupt */
1482:Drivers/STM32WBxx_HAL_Driver/Src/stm32wbxx_hal_rtc.c ****     __HAL_RTC_ALARMB_DISABLE(hrtc);
1483:Drivers/STM32WBxx_HAL_Driver/Src/stm32wbxx_hal_rtc.c **** 
1484:Drivers/STM32WBxx_HAL_Driver/Src/stm32wbxx_hal_rtc.c ****     /* Clear flag alarm B */
1485:Drivers/STM32WBxx_HAL_Driver/Src/stm32wbxx_hal_rtc.c ****     __HAL_RTC_ALARM_CLEAR_FLAG(hrtc, RTC_FLAG_ALRBF);
1486:Drivers/STM32WBxx_HAL_Driver/Src/stm32wbxx_hal_rtc.c **** 
1487:Drivers/STM32WBxx_HAL_Driver/Src/stm32wbxx_hal_rtc.c ****     tickstart = HAL_GetTick();
1488:Drivers/STM32WBxx_HAL_Driver/Src/stm32wbxx_hal_rtc.c ****     /* Wait till RTC ALRBWF flag is set and if Time out is reached exit */
1489:Drivers/STM32WBxx_HAL_Driver/Src/stm32wbxx_hal_rtc.c ****     while (__HAL_RTC_ALARM_GET_FLAG(hrtc, RTC_FLAG_ALRBWF) == 0U)
1490:Drivers/STM32WBxx_HAL_Driver/Src/stm32wbxx_hal_rtc.c ****     {
1491:Drivers/STM32WBxx_HAL_Driver/Src/stm32wbxx_hal_rtc.c ****       if ((HAL_GetTick() - tickstart) > RTC_TIMEOUT_VALUE)
1492:Drivers/STM32WBxx_HAL_Driver/Src/stm32wbxx_hal_rtc.c ****       {
1493:Drivers/STM32WBxx_HAL_Driver/Src/stm32wbxx_hal_rtc.c ****         /* Enable the write protection for RTC registers */
1494:Drivers/STM32WBxx_HAL_Driver/Src/stm32wbxx_hal_rtc.c ****         __HAL_RTC_WRITEPROTECTION_ENABLE(hrtc);
1495:Drivers/STM32WBxx_HAL_Driver/Src/stm32wbxx_hal_rtc.c **** 
1496:Drivers/STM32WBxx_HAL_Driver/Src/stm32wbxx_hal_rtc.c ****         hrtc->State = HAL_RTC_STATE_TIMEOUT;
ARM GAS  C:\Users\843E~1\AppData\Local\Temp\ccZjV6EC.s 			page 32


1497:Drivers/STM32WBxx_HAL_Driver/Src/stm32wbxx_hal_rtc.c **** 
1498:Drivers/STM32WBxx_HAL_Driver/Src/stm32wbxx_hal_rtc.c ****         /* Process Unlocked */
1499:Drivers/STM32WBxx_HAL_Driver/Src/stm32wbxx_hal_rtc.c ****         __HAL_UNLOCK(hrtc);
1500:Drivers/STM32WBxx_HAL_Driver/Src/stm32wbxx_hal_rtc.c **** 
1501:Drivers/STM32WBxx_HAL_Driver/Src/stm32wbxx_hal_rtc.c ****         return HAL_TIMEOUT;
1502:Drivers/STM32WBxx_HAL_Driver/Src/stm32wbxx_hal_rtc.c ****       }
1503:Drivers/STM32WBxx_HAL_Driver/Src/stm32wbxx_hal_rtc.c ****     }
1504:Drivers/STM32WBxx_HAL_Driver/Src/stm32wbxx_hal_rtc.c **** 
1505:Drivers/STM32WBxx_HAL_Driver/Src/stm32wbxx_hal_rtc.c ****     hrtc->Instance->ALRMBR = (uint32_t)tmpreg;
1506:Drivers/STM32WBxx_HAL_Driver/Src/stm32wbxx_hal_rtc.c ****     /* Configure the Alarm B Sub Second register */
1507:Drivers/STM32WBxx_HAL_Driver/Src/stm32wbxx_hal_rtc.c ****     hrtc->Instance->ALRMBSSR = subsecondtmpreg;
1508:Drivers/STM32WBxx_HAL_Driver/Src/stm32wbxx_hal_rtc.c ****     /* Configure the Alarm state: Enable Alarm */
1509:Drivers/STM32WBxx_HAL_Driver/Src/stm32wbxx_hal_rtc.c ****     __HAL_RTC_ALARMB_ENABLE(hrtc);
1510:Drivers/STM32WBxx_HAL_Driver/Src/stm32wbxx_hal_rtc.c ****     /* Configure the Alarm interrupt */
1511:Drivers/STM32WBxx_HAL_Driver/Src/stm32wbxx_hal_rtc.c ****     __HAL_RTC_ALARM_ENABLE_IT(hrtc, RTC_IT_ALRB);
1512:Drivers/STM32WBxx_HAL_Driver/Src/stm32wbxx_hal_rtc.c ****   }
1513:Drivers/STM32WBxx_HAL_Driver/Src/stm32wbxx_hal_rtc.c **** 
1514:Drivers/STM32WBxx_HAL_Driver/Src/stm32wbxx_hal_rtc.c ****   /* RTC Alarm Interrupt Configuration: EXTI configuration */
1515:Drivers/STM32WBxx_HAL_Driver/Src/stm32wbxx_hal_rtc.c ****   __HAL_RTC_ALARM_EXTI_ENABLE_IT();
1516:Drivers/STM32WBxx_HAL_Driver/Src/stm32wbxx_hal_rtc.c **** 
1517:Drivers/STM32WBxx_HAL_Driver/Src/stm32wbxx_hal_rtc.c ****   __HAL_RTC_ALARM_EXTI_ENABLE_RISING_EDGE();
1518:Drivers/STM32WBxx_HAL_Driver/Src/stm32wbxx_hal_rtc.c **** 
1519:Drivers/STM32WBxx_HAL_Driver/Src/stm32wbxx_hal_rtc.c ****   /* Enable the write protection for RTC registers */
1520:Drivers/STM32WBxx_HAL_Driver/Src/stm32wbxx_hal_rtc.c ****   __HAL_RTC_WRITEPROTECTION_ENABLE(hrtc);
1521:Drivers/STM32WBxx_HAL_Driver/Src/stm32wbxx_hal_rtc.c **** 
1522:Drivers/STM32WBxx_HAL_Driver/Src/stm32wbxx_hal_rtc.c ****   hrtc->State = HAL_RTC_STATE_READY;
1523:Drivers/STM32WBxx_HAL_Driver/Src/stm32wbxx_hal_rtc.c **** 
1524:Drivers/STM32WBxx_HAL_Driver/Src/stm32wbxx_hal_rtc.c ****   /* Process Unlocked */
1525:Drivers/STM32WBxx_HAL_Driver/Src/stm32wbxx_hal_rtc.c ****   __HAL_UNLOCK(hrtc);
1526:Drivers/STM32WBxx_HAL_Driver/Src/stm32wbxx_hal_rtc.c **** 
1527:Drivers/STM32WBxx_HAL_Driver/Src/stm32wbxx_hal_rtc.c ****   return HAL_OK;
1528:Drivers/STM32WBxx_HAL_Driver/Src/stm32wbxx_hal_rtc.c **** }
1529:Drivers/STM32WBxx_HAL_Driver/Src/stm32wbxx_hal_rtc.c **** 
1530:Drivers/STM32WBxx_HAL_Driver/Src/stm32wbxx_hal_rtc.c **** /**
1531:Drivers/STM32WBxx_HAL_Driver/Src/stm32wbxx_hal_rtc.c ****   * @brief  Deactivate the specified RTC Alarm.
1532:Drivers/STM32WBxx_HAL_Driver/Src/stm32wbxx_hal_rtc.c ****   * @param hrtc RTC handle
1533:Drivers/STM32WBxx_HAL_Driver/Src/stm32wbxx_hal_rtc.c ****   * @param Alarm Specifies the Alarm.
1534:Drivers/STM32WBxx_HAL_Driver/Src/stm32wbxx_hal_rtc.c ****   *          This parameter can be one of the following values:
1535:Drivers/STM32WBxx_HAL_Driver/Src/stm32wbxx_hal_rtc.c ****   *            @arg RTC_ALARM_A:  AlarmA
1536:Drivers/STM32WBxx_HAL_Driver/Src/stm32wbxx_hal_rtc.c ****   *            @arg RTC_ALARM_B:  AlarmB
1537:Drivers/STM32WBxx_HAL_Driver/Src/stm32wbxx_hal_rtc.c ****   * @retval HAL status
1538:Drivers/STM32WBxx_HAL_Driver/Src/stm32wbxx_hal_rtc.c ****   */
1539:Drivers/STM32WBxx_HAL_Driver/Src/stm32wbxx_hal_rtc.c **** HAL_StatusTypeDef HAL_RTC_DeactivateAlarm(RTC_HandleTypeDef *hrtc, uint32_t Alarm)
1540:Drivers/STM32WBxx_HAL_Driver/Src/stm32wbxx_hal_rtc.c **** {
 287              		.loc 1 1540 1 is_stmt 1 view -0
 288              		.cfi_startproc
 289              		@ args = 0, pretend = 0, frame = 0
 290              		@ frame_needed = 0, uses_anonymous_args = 0
 291              		.loc 1 1540 1 is_stmt 0 view .LVU56
 292 0000 38B5     		push	{r3, r4, r5, lr}
 293              	.LCFI0:
 294              		.cfi_def_cfa_offset 16
 295              		.cfi_offset 3, -16
 296              		.cfi_offset 4, -12
 297              		.cfi_offset 5, -8
 298              		.cfi_offset 14, -4
1541:Drivers/STM32WBxx_HAL_Driver/Src/stm32wbxx_hal_rtc.c ****   uint32_t tickstart;
ARM GAS  C:\Users\843E~1\AppData\Local\Temp\ccZjV6EC.s 			page 33


 299              		.loc 1 1541 3 is_stmt 1 view .LVU57
1542:Drivers/STM32WBxx_HAL_Driver/Src/stm32wbxx_hal_rtc.c **** 
1543:Drivers/STM32WBxx_HAL_Driver/Src/stm32wbxx_hal_rtc.c ****   /* Check the parameters */
1544:Drivers/STM32WBxx_HAL_Driver/Src/stm32wbxx_hal_rtc.c ****   assert_param(IS_RTC_ALARM(Alarm));
 300              		.loc 1 1544 3 view .LVU58
1545:Drivers/STM32WBxx_HAL_Driver/Src/stm32wbxx_hal_rtc.c **** 
1546:Drivers/STM32WBxx_HAL_Driver/Src/stm32wbxx_hal_rtc.c ****   /* Process Locked */
1547:Drivers/STM32WBxx_HAL_Driver/Src/stm32wbxx_hal_rtc.c ****   __HAL_LOCK(hrtc);
 301              		.loc 1 1547 3 view .LVU59
 302              		.loc 1 1547 3 view .LVU60
 303 0002 90F82030 		ldrb	r3, [r0, #32]	@ zero_extendqisi2
 304 0006 012B     		cmp	r3, #1
 305 0008 5DD0     		beq	.L26
 306 000a 0446     		mov	r4, r0
 307              		.loc 1 1547 3 discriminator 2 view .LVU61
 308 000c 0123     		movs	r3, #1
 309 000e 80F82030 		strb	r3, [r0, #32]
 310              		.loc 1 1547 3 discriminator 2 view .LVU62
1548:Drivers/STM32WBxx_HAL_Driver/Src/stm32wbxx_hal_rtc.c **** 
1549:Drivers/STM32WBxx_HAL_Driver/Src/stm32wbxx_hal_rtc.c ****   hrtc->State = HAL_RTC_STATE_BUSY;
 311              		.loc 1 1549 3 discriminator 2 view .LVU63
 312              		.loc 1 1549 15 is_stmt 0 discriminator 2 view .LVU64
 313 0012 0223     		movs	r3, #2
 314 0014 80F82130 		strb	r3, [r0, #33]
1550:Drivers/STM32WBxx_HAL_Driver/Src/stm32wbxx_hal_rtc.c **** 
1551:Drivers/STM32WBxx_HAL_Driver/Src/stm32wbxx_hal_rtc.c ****   /* Disable the write protection for RTC registers */
1552:Drivers/STM32WBxx_HAL_Driver/Src/stm32wbxx_hal_rtc.c ****   __HAL_RTC_WRITEPROTECTION_DISABLE(hrtc);
 315              		.loc 1 1552 3 is_stmt 1 discriminator 2 view .LVU65
 316              		.loc 1 1552 3 discriminator 2 view .LVU66
 317 0018 0368     		ldr	r3, [r0]
 318 001a CA22     		movs	r2, #202
 319 001c 5A62     		str	r2, [r3, #36]
 320              		.loc 1 1552 3 discriminator 2 view .LVU67
 321 001e 0368     		ldr	r3, [r0]
 322 0020 5322     		movs	r2, #83
 323 0022 5A62     		str	r2, [r3, #36]
 324              		.loc 1 1552 3 discriminator 2 view .LVU68
1553:Drivers/STM32WBxx_HAL_Driver/Src/stm32wbxx_hal_rtc.c **** 
1554:Drivers/STM32WBxx_HAL_Driver/Src/stm32wbxx_hal_rtc.c ****   if (Alarm == RTC_ALARM_A)
 325              		.loc 1 1554 3 discriminator 2 view .LVU69
 326              		.loc 1 1554 6 is_stmt 0 discriminator 2 view .LVU70
 327 0024 B1F5807F 		cmp	r1, #256
 328 0028 21D0     		beq	.L28
1555:Drivers/STM32WBxx_HAL_Driver/Src/stm32wbxx_hal_rtc.c ****   {
1556:Drivers/STM32WBxx_HAL_Driver/Src/stm32wbxx_hal_rtc.c ****     /* AlarmA */
1557:Drivers/STM32WBxx_HAL_Driver/Src/stm32wbxx_hal_rtc.c ****     __HAL_RTC_ALARMA_DISABLE(hrtc);
1558:Drivers/STM32WBxx_HAL_Driver/Src/stm32wbxx_hal_rtc.c **** 
1559:Drivers/STM32WBxx_HAL_Driver/Src/stm32wbxx_hal_rtc.c ****     /* In case of interrupt mode is used, the interrupt source must disabled */
1560:Drivers/STM32WBxx_HAL_Driver/Src/stm32wbxx_hal_rtc.c ****     __HAL_RTC_ALARM_DISABLE_IT(hrtc, RTC_IT_ALRA);
1561:Drivers/STM32WBxx_HAL_Driver/Src/stm32wbxx_hal_rtc.c **** 
1562:Drivers/STM32WBxx_HAL_Driver/Src/stm32wbxx_hal_rtc.c ****     tickstart = HAL_GetTick();
1563:Drivers/STM32WBxx_HAL_Driver/Src/stm32wbxx_hal_rtc.c **** 
1564:Drivers/STM32WBxx_HAL_Driver/Src/stm32wbxx_hal_rtc.c ****     /* Wait till RTC ALRxWF flag is set and if Time out is reached exit */
1565:Drivers/STM32WBxx_HAL_Driver/Src/stm32wbxx_hal_rtc.c ****     while (__HAL_RTC_ALARM_GET_FLAG(hrtc, RTC_FLAG_ALRAWF) == 0U)
1566:Drivers/STM32WBxx_HAL_Driver/Src/stm32wbxx_hal_rtc.c ****     {
1567:Drivers/STM32WBxx_HAL_Driver/Src/stm32wbxx_hal_rtc.c ****       if ((HAL_GetTick()  - tickstart) > RTC_TIMEOUT_VALUE)
1568:Drivers/STM32WBxx_HAL_Driver/Src/stm32wbxx_hal_rtc.c ****       {
ARM GAS  C:\Users\843E~1\AppData\Local\Temp\ccZjV6EC.s 			page 34


1569:Drivers/STM32WBxx_HAL_Driver/Src/stm32wbxx_hal_rtc.c ****         /* Enable the write protection for RTC registers */
1570:Drivers/STM32WBxx_HAL_Driver/Src/stm32wbxx_hal_rtc.c ****         __HAL_RTC_WRITEPROTECTION_ENABLE(hrtc);
1571:Drivers/STM32WBxx_HAL_Driver/Src/stm32wbxx_hal_rtc.c **** 
1572:Drivers/STM32WBxx_HAL_Driver/Src/stm32wbxx_hal_rtc.c ****         hrtc->State = HAL_RTC_STATE_TIMEOUT;
1573:Drivers/STM32WBxx_HAL_Driver/Src/stm32wbxx_hal_rtc.c **** 
1574:Drivers/STM32WBxx_HAL_Driver/Src/stm32wbxx_hal_rtc.c ****         /* Process Unlocked */
1575:Drivers/STM32WBxx_HAL_Driver/Src/stm32wbxx_hal_rtc.c ****         __HAL_UNLOCK(hrtc);
1576:Drivers/STM32WBxx_HAL_Driver/Src/stm32wbxx_hal_rtc.c **** 
1577:Drivers/STM32WBxx_HAL_Driver/Src/stm32wbxx_hal_rtc.c ****         return HAL_TIMEOUT;
1578:Drivers/STM32WBxx_HAL_Driver/Src/stm32wbxx_hal_rtc.c ****       }
1579:Drivers/STM32WBxx_HAL_Driver/Src/stm32wbxx_hal_rtc.c ****     }
1580:Drivers/STM32WBxx_HAL_Driver/Src/stm32wbxx_hal_rtc.c ****   }
1581:Drivers/STM32WBxx_HAL_Driver/Src/stm32wbxx_hal_rtc.c ****   else
1582:Drivers/STM32WBxx_HAL_Driver/Src/stm32wbxx_hal_rtc.c ****   {
1583:Drivers/STM32WBxx_HAL_Driver/Src/stm32wbxx_hal_rtc.c ****     /* AlarmB */
1584:Drivers/STM32WBxx_HAL_Driver/Src/stm32wbxx_hal_rtc.c ****     __HAL_RTC_ALARMB_DISABLE(hrtc);
 329              		.loc 1 1584 5 is_stmt 1 view .LVU71
 330 002a 0268     		ldr	r2, [r0]
 331 002c 9368     		ldr	r3, [r2, #8]
 332 002e 23F40073 		bic	r3, r3, #512
 333 0032 9360     		str	r3, [r2, #8]
1585:Drivers/STM32WBxx_HAL_Driver/Src/stm32wbxx_hal_rtc.c **** 
1586:Drivers/STM32WBxx_HAL_Driver/Src/stm32wbxx_hal_rtc.c ****     /* In case of interrupt mode is used, the interrupt source must disabled */
1587:Drivers/STM32WBxx_HAL_Driver/Src/stm32wbxx_hal_rtc.c ****     __HAL_RTC_ALARM_DISABLE_IT(hrtc, RTC_IT_ALRB);
 334              		.loc 1 1587 5 view .LVU72
 335 0034 0268     		ldr	r2, [r0]
 336 0036 9368     		ldr	r3, [r2, #8]
 337 0038 23F40053 		bic	r3, r3, #8192
 338 003c 9360     		str	r3, [r2, #8]
1588:Drivers/STM32WBxx_HAL_Driver/Src/stm32wbxx_hal_rtc.c **** 
1589:Drivers/STM32WBxx_HAL_Driver/Src/stm32wbxx_hal_rtc.c ****     tickstart = HAL_GetTick();
 339              		.loc 1 1589 5 view .LVU73
 340              		.loc 1 1589 17 is_stmt 0 view .LVU74
 341 003e FFF7FEFF 		bl	HAL_GetTick
 342              	.LVL9:
 343              		.loc 1 1589 17 view .LVU75
 344 0042 0546     		mov	r5, r0
 345              	.LVL10:
1590:Drivers/STM32WBxx_HAL_Driver/Src/stm32wbxx_hal_rtc.c **** 
1591:Drivers/STM32WBxx_HAL_Driver/Src/stm32wbxx_hal_rtc.c ****     /* Wait till RTC ALRxWF flag is set and if Time out is reached exit */
1592:Drivers/STM32WBxx_HAL_Driver/Src/stm32wbxx_hal_rtc.c ****     while (__HAL_RTC_ALARM_GET_FLAG(hrtc, RTC_FLAG_ALRBWF) == 0U)
 346              		.loc 1 1592 5 is_stmt 1 view .LVU76
 347              	.L24:
 348              		.loc 1 1592 11 view .LVU77
 349              		.loc 1 1592 12 is_stmt 0 view .LVU78
 350 0044 2368     		ldr	r3, [r4]
 351 0046 DB68     		ldr	r3, [r3, #12]
 352              		.loc 1 1592 11 view .LVU79
 353 0048 13F0020F 		tst	r3, #2
 354 004c 31D1     		bne	.L23
1593:Drivers/STM32WBxx_HAL_Driver/Src/stm32wbxx_hal_rtc.c ****     {
1594:Drivers/STM32WBxx_HAL_Driver/Src/stm32wbxx_hal_rtc.c ****       if ((HAL_GetTick() - tickstart) > RTC_TIMEOUT_VALUE)
 355              		.loc 1 1594 7 is_stmt 1 view .LVU80
 356              		.loc 1 1594 12 is_stmt 0 view .LVU81
 357 004e FFF7FEFF 		bl	HAL_GetTick
 358              	.LVL11:
 359              		.loc 1 1594 26 view .LVU82
ARM GAS  C:\Users\843E~1\AppData\Local\Temp\ccZjV6EC.s 			page 35


 360 0052 431B     		subs	r3, r0, r5
 361              		.loc 1 1594 10 view .LVU83
 362 0054 B3F57A7F 		cmp	r3, #1000
 363 0058 F4D9     		bls	.L24
1595:Drivers/STM32WBxx_HAL_Driver/Src/stm32wbxx_hal_rtc.c ****       {
1596:Drivers/STM32WBxx_HAL_Driver/Src/stm32wbxx_hal_rtc.c ****         /* Enable the write protection for RTC registers */
1597:Drivers/STM32WBxx_HAL_Driver/Src/stm32wbxx_hal_rtc.c ****         __HAL_RTC_WRITEPROTECTION_ENABLE(hrtc);
 364              		.loc 1 1597 9 is_stmt 1 view .LVU84
 365              		.loc 1 1597 9 view .LVU85
 366 005a 2368     		ldr	r3, [r4]
 367 005c FF22     		movs	r2, #255
 368 005e 5A62     		str	r2, [r3, #36]
 369              		.loc 1 1597 9 view .LVU86
1598:Drivers/STM32WBxx_HAL_Driver/Src/stm32wbxx_hal_rtc.c **** 
1599:Drivers/STM32WBxx_HAL_Driver/Src/stm32wbxx_hal_rtc.c ****         hrtc->State = HAL_RTC_STATE_TIMEOUT;
 370              		.loc 1 1599 9 view .LVU87
 371              		.loc 1 1599 21 is_stmt 0 view .LVU88
 372 0060 0320     		movs	r0, #3
 373 0062 84F82100 		strb	r0, [r4, #33]
1600:Drivers/STM32WBxx_HAL_Driver/Src/stm32wbxx_hal_rtc.c **** 
1601:Drivers/STM32WBxx_HAL_Driver/Src/stm32wbxx_hal_rtc.c ****         /* Process Unlocked */
1602:Drivers/STM32WBxx_HAL_Driver/Src/stm32wbxx_hal_rtc.c ****         __HAL_UNLOCK(hrtc);
 374              		.loc 1 1602 9 is_stmt 1 view .LVU89
 375              		.loc 1 1602 9 view .LVU90
 376 0066 0023     		movs	r3, #0
 377 0068 84F82030 		strb	r3, [r4, #32]
 378              		.loc 1 1602 9 view .LVU91
1603:Drivers/STM32WBxx_HAL_Driver/Src/stm32wbxx_hal_rtc.c **** 
1604:Drivers/STM32WBxx_HAL_Driver/Src/stm32wbxx_hal_rtc.c ****         return HAL_TIMEOUT;
 379              		.loc 1 1604 9 view .LVU92
 380              		.loc 1 1604 16 is_stmt 0 view .LVU93
 381 006c 2AE0     		b	.L19
 382              	.LVL12:
 383              	.L28:
1557:Drivers/STM32WBxx_HAL_Driver/Src/stm32wbxx_hal_rtc.c **** 
 384              		.loc 1 1557 5 is_stmt 1 view .LVU94
 385 006e 0268     		ldr	r2, [r0]
 386 0070 9368     		ldr	r3, [r2, #8]
 387 0072 23F48073 		bic	r3, r3, #256
 388 0076 9360     		str	r3, [r2, #8]
1560:Drivers/STM32WBxx_HAL_Driver/Src/stm32wbxx_hal_rtc.c **** 
 389              		.loc 1 1560 5 view .LVU95
 390 0078 0268     		ldr	r2, [r0]
 391 007a 9368     		ldr	r3, [r2, #8]
 392 007c 23F48053 		bic	r3, r3, #4096
 393 0080 9360     		str	r3, [r2, #8]
1562:Drivers/STM32WBxx_HAL_Driver/Src/stm32wbxx_hal_rtc.c **** 
 394              		.loc 1 1562 5 view .LVU96
1562:Drivers/STM32WBxx_HAL_Driver/Src/stm32wbxx_hal_rtc.c **** 
 395              		.loc 1 1562 17 is_stmt 0 view .LVU97
 396 0082 FFF7FEFF 		bl	HAL_GetTick
 397              	.LVL13:
1562:Drivers/STM32WBxx_HAL_Driver/Src/stm32wbxx_hal_rtc.c **** 
 398              		.loc 1 1562 17 view .LVU98
 399 0086 0546     		mov	r5, r0
 400              	.LVL14:
1565:Drivers/STM32WBxx_HAL_Driver/Src/stm32wbxx_hal_rtc.c ****     {
ARM GAS  C:\Users\843E~1\AppData\Local\Temp\ccZjV6EC.s 			page 36


 401              		.loc 1 1565 5 is_stmt 1 view .LVU99
 402              	.L21:
1565:Drivers/STM32WBxx_HAL_Driver/Src/stm32wbxx_hal_rtc.c ****     {
 403              		.loc 1 1565 11 view .LVU100
1565:Drivers/STM32WBxx_HAL_Driver/Src/stm32wbxx_hal_rtc.c ****     {
 404              		.loc 1 1565 12 is_stmt 0 view .LVU101
 405 0088 2368     		ldr	r3, [r4]
 406 008a DB68     		ldr	r3, [r3, #12]
1565:Drivers/STM32WBxx_HAL_Driver/Src/stm32wbxx_hal_rtc.c ****     {
 407              		.loc 1 1565 11 view .LVU102
 408 008c 13F0010F 		tst	r3, #1
 409 0090 0FD1     		bne	.L23
1567:Drivers/STM32WBxx_HAL_Driver/Src/stm32wbxx_hal_rtc.c ****       {
 410              		.loc 1 1567 7 is_stmt 1 view .LVU103
1567:Drivers/STM32WBxx_HAL_Driver/Src/stm32wbxx_hal_rtc.c ****       {
 411              		.loc 1 1567 12 is_stmt 0 view .LVU104
 412 0092 FFF7FEFF 		bl	HAL_GetTick
 413              	.LVL15:
1567:Drivers/STM32WBxx_HAL_Driver/Src/stm32wbxx_hal_rtc.c ****       {
 414              		.loc 1 1567 27 view .LVU105
 415 0096 401B     		subs	r0, r0, r5
1567:Drivers/STM32WBxx_HAL_Driver/Src/stm32wbxx_hal_rtc.c ****       {
 416              		.loc 1 1567 10 view .LVU106
 417 0098 B0F57A7F 		cmp	r0, #1000
 418 009c F4D9     		bls	.L21
1570:Drivers/STM32WBxx_HAL_Driver/Src/stm32wbxx_hal_rtc.c **** 
 419              		.loc 1 1570 9 is_stmt 1 view .LVU107
1570:Drivers/STM32WBxx_HAL_Driver/Src/stm32wbxx_hal_rtc.c **** 
 420              		.loc 1 1570 9 view .LVU108
 421 009e 2368     		ldr	r3, [r4]
 422 00a0 FF22     		movs	r2, #255
 423 00a2 5A62     		str	r2, [r3, #36]
1570:Drivers/STM32WBxx_HAL_Driver/Src/stm32wbxx_hal_rtc.c **** 
 424              		.loc 1 1570 9 view .LVU109
1572:Drivers/STM32WBxx_HAL_Driver/Src/stm32wbxx_hal_rtc.c **** 
 425              		.loc 1 1572 9 view .LVU110
1572:Drivers/STM32WBxx_HAL_Driver/Src/stm32wbxx_hal_rtc.c **** 
 426              		.loc 1 1572 21 is_stmt 0 view .LVU111
 427 00a4 0320     		movs	r0, #3
 428 00a6 84F82100 		strb	r0, [r4, #33]
1575:Drivers/STM32WBxx_HAL_Driver/Src/stm32wbxx_hal_rtc.c **** 
 429              		.loc 1 1575 9 is_stmt 1 view .LVU112
1575:Drivers/STM32WBxx_HAL_Driver/Src/stm32wbxx_hal_rtc.c **** 
 430              		.loc 1 1575 9 view .LVU113
 431 00aa 0023     		movs	r3, #0
 432 00ac 84F82030 		strb	r3, [r4, #32]
1575:Drivers/STM32WBxx_HAL_Driver/Src/stm32wbxx_hal_rtc.c **** 
 433              		.loc 1 1575 9 view .LVU114
1577:Drivers/STM32WBxx_HAL_Driver/Src/stm32wbxx_hal_rtc.c ****       }
 434              		.loc 1 1577 9 view .LVU115
1577:Drivers/STM32WBxx_HAL_Driver/Src/stm32wbxx_hal_rtc.c ****       }
 435              		.loc 1 1577 16 is_stmt 0 view .LVU116
 436 00b0 08E0     		b	.L19
 437              	.L23:
1605:Drivers/STM32WBxx_HAL_Driver/Src/stm32wbxx_hal_rtc.c ****       }
1606:Drivers/STM32WBxx_HAL_Driver/Src/stm32wbxx_hal_rtc.c ****     }
1607:Drivers/STM32WBxx_HAL_Driver/Src/stm32wbxx_hal_rtc.c ****   }
ARM GAS  C:\Users\843E~1\AppData\Local\Temp\ccZjV6EC.s 			page 37


1608:Drivers/STM32WBxx_HAL_Driver/Src/stm32wbxx_hal_rtc.c ****   /* Enable the write protection for RTC registers */
1609:Drivers/STM32WBxx_HAL_Driver/Src/stm32wbxx_hal_rtc.c ****   __HAL_RTC_WRITEPROTECTION_ENABLE(hrtc);
 438              		.loc 1 1609 3 is_stmt 1 view .LVU117
 439              		.loc 1 1609 3 view .LVU118
 440 00b2 2368     		ldr	r3, [r4]
 441 00b4 FF22     		movs	r2, #255
 442 00b6 5A62     		str	r2, [r3, #36]
 443              		.loc 1 1609 3 view .LVU119
1610:Drivers/STM32WBxx_HAL_Driver/Src/stm32wbxx_hal_rtc.c **** 
1611:Drivers/STM32WBxx_HAL_Driver/Src/stm32wbxx_hal_rtc.c ****   hrtc->State = HAL_RTC_STATE_READY;
 444              		.loc 1 1611 3 view .LVU120
 445              		.loc 1 1611 15 is_stmt 0 view .LVU121
 446 00b8 0123     		movs	r3, #1
 447 00ba 84F82130 		strb	r3, [r4, #33]
1612:Drivers/STM32WBxx_HAL_Driver/Src/stm32wbxx_hal_rtc.c **** 
1613:Drivers/STM32WBxx_HAL_Driver/Src/stm32wbxx_hal_rtc.c ****   /* Process Unlocked */
1614:Drivers/STM32WBxx_HAL_Driver/Src/stm32wbxx_hal_rtc.c ****   __HAL_UNLOCK(hrtc);
 448              		.loc 1 1614 3 is_stmt 1 view .LVU122
 449              		.loc 1 1614 3 view .LVU123
 450 00be 0020     		movs	r0, #0
 451 00c0 84F82000 		strb	r0, [r4, #32]
 452              		.loc 1 1614 3 view .LVU124
1615:Drivers/STM32WBxx_HAL_Driver/Src/stm32wbxx_hal_rtc.c **** 
1616:Drivers/STM32WBxx_HAL_Driver/Src/stm32wbxx_hal_rtc.c ****   return HAL_OK;
 453              		.loc 1 1616 3 view .LVU125
 454              	.LVL16:
 455              	.L19:
1617:Drivers/STM32WBxx_HAL_Driver/Src/stm32wbxx_hal_rtc.c **** }
 456              		.loc 1 1617 1 is_stmt 0 view .LVU126
 457 00c4 38BD     		pop	{r3, r4, r5, pc}
 458              	.LVL17:
 459              	.L26:
1547:Drivers/STM32WBxx_HAL_Driver/Src/stm32wbxx_hal_rtc.c **** 
 460              		.loc 1 1547 3 view .LVU127
 461 00c6 0220     		movs	r0, #2
 462              	.LVL18:
1547:Drivers/STM32WBxx_HAL_Driver/Src/stm32wbxx_hal_rtc.c **** 
 463              		.loc 1 1547 3 view .LVU128
 464 00c8 FCE7     		b	.L19
 465              		.cfi_endproc
 466              	.LFE965:
 468              		.section	.text.HAL_RTC_AlarmAEventCallback,"ax",%progbits
 469              		.align	1
 470              		.weak	HAL_RTC_AlarmAEventCallback
 471              		.syntax unified
 472              		.thumb
 473              		.thumb_func
 475              	HAL_RTC_AlarmAEventCallback:
 476              	.LVL19:
 477              	.LFB968:
1618:Drivers/STM32WBxx_HAL_Driver/Src/stm32wbxx_hal_rtc.c **** 
1619:Drivers/STM32WBxx_HAL_Driver/Src/stm32wbxx_hal_rtc.c **** /**
1620:Drivers/STM32WBxx_HAL_Driver/Src/stm32wbxx_hal_rtc.c ****   * @brief  Get the RTC Alarm value and masks.
1621:Drivers/STM32WBxx_HAL_Driver/Src/stm32wbxx_hal_rtc.c ****   * @param hrtc RTC handle
1622:Drivers/STM32WBxx_HAL_Driver/Src/stm32wbxx_hal_rtc.c ****   * @param sAlarm Pointer to Date structure
1623:Drivers/STM32WBxx_HAL_Driver/Src/stm32wbxx_hal_rtc.c ****   * @param Alarm Specifies the Alarm.
1624:Drivers/STM32WBxx_HAL_Driver/Src/stm32wbxx_hal_rtc.c ****   *          This parameter can be one of the following values:
ARM GAS  C:\Users\843E~1\AppData\Local\Temp\ccZjV6EC.s 			page 38


1625:Drivers/STM32WBxx_HAL_Driver/Src/stm32wbxx_hal_rtc.c ****   *             @arg RTC_ALARM_A: AlarmA
1626:Drivers/STM32WBxx_HAL_Driver/Src/stm32wbxx_hal_rtc.c ****   *             @arg RTC_ALARM_B: AlarmB
1627:Drivers/STM32WBxx_HAL_Driver/Src/stm32wbxx_hal_rtc.c ****   * @param Format Specifies the format of the entered parameters.
1628:Drivers/STM32WBxx_HAL_Driver/Src/stm32wbxx_hal_rtc.c ****   *          This parameter can be one of the following values:
1629:Drivers/STM32WBxx_HAL_Driver/Src/stm32wbxx_hal_rtc.c ****   *             @arg RTC_FORMAT_BIN: Binary data format
1630:Drivers/STM32WBxx_HAL_Driver/Src/stm32wbxx_hal_rtc.c ****   *             @arg RTC_FORMAT_BCD: BCD data format
1631:Drivers/STM32WBxx_HAL_Driver/Src/stm32wbxx_hal_rtc.c ****   * @retval HAL status
1632:Drivers/STM32WBxx_HAL_Driver/Src/stm32wbxx_hal_rtc.c ****   */
1633:Drivers/STM32WBxx_HAL_Driver/Src/stm32wbxx_hal_rtc.c **** HAL_StatusTypeDef HAL_RTC_GetAlarm(RTC_HandleTypeDef *hrtc, RTC_AlarmTypeDef *sAlarm, uint32_t Alar
1634:Drivers/STM32WBxx_HAL_Driver/Src/stm32wbxx_hal_rtc.c **** {
1635:Drivers/STM32WBxx_HAL_Driver/Src/stm32wbxx_hal_rtc.c ****   uint32_t tmpreg;
1636:Drivers/STM32WBxx_HAL_Driver/Src/stm32wbxx_hal_rtc.c ****   uint32_t subsecondtmpreg;
1637:Drivers/STM32WBxx_HAL_Driver/Src/stm32wbxx_hal_rtc.c **** 
1638:Drivers/STM32WBxx_HAL_Driver/Src/stm32wbxx_hal_rtc.c ****   /* Check the parameters */
1639:Drivers/STM32WBxx_HAL_Driver/Src/stm32wbxx_hal_rtc.c ****   assert_param(IS_RTC_FORMAT(Format));
1640:Drivers/STM32WBxx_HAL_Driver/Src/stm32wbxx_hal_rtc.c ****   assert_param(IS_RTC_ALARM(Alarm));
1641:Drivers/STM32WBxx_HAL_Driver/Src/stm32wbxx_hal_rtc.c **** 
1642:Drivers/STM32WBxx_HAL_Driver/Src/stm32wbxx_hal_rtc.c ****   if (Alarm == RTC_ALARM_A)
1643:Drivers/STM32WBxx_HAL_Driver/Src/stm32wbxx_hal_rtc.c ****   {
1644:Drivers/STM32WBxx_HAL_Driver/Src/stm32wbxx_hal_rtc.c ****     /* AlarmA */
1645:Drivers/STM32WBxx_HAL_Driver/Src/stm32wbxx_hal_rtc.c ****     sAlarm->Alarm = RTC_ALARM_A;
1646:Drivers/STM32WBxx_HAL_Driver/Src/stm32wbxx_hal_rtc.c **** 
1647:Drivers/STM32WBxx_HAL_Driver/Src/stm32wbxx_hal_rtc.c ****     tmpreg = (uint32_t)(hrtc->Instance->ALRMAR);
1648:Drivers/STM32WBxx_HAL_Driver/Src/stm32wbxx_hal_rtc.c ****     subsecondtmpreg = (uint32_t)((hrtc->Instance->ALRMASSR) & RTC_ALRMASSR_SS);
1649:Drivers/STM32WBxx_HAL_Driver/Src/stm32wbxx_hal_rtc.c **** 
1650:Drivers/STM32WBxx_HAL_Driver/Src/stm32wbxx_hal_rtc.c ****     /* Fill the structure with the read parameters */
1651:Drivers/STM32WBxx_HAL_Driver/Src/stm32wbxx_hal_rtc.c ****     sAlarm->AlarmTime.Hours = (uint8_t)((tmpreg & (RTC_ALRMAR_HT | RTC_ALRMAR_HU)) >> 16U);
1652:Drivers/STM32WBxx_HAL_Driver/Src/stm32wbxx_hal_rtc.c ****     sAlarm->AlarmTime.Minutes = (uint8_t)((tmpreg & (RTC_ALRMAR_MNT | RTC_ALRMAR_MNU)) >> 8U);
1653:Drivers/STM32WBxx_HAL_Driver/Src/stm32wbxx_hal_rtc.c ****     sAlarm->AlarmTime.Seconds = (uint8_t)(tmpreg & (RTC_ALRMAR_ST | RTC_ALRMAR_SU));
1654:Drivers/STM32WBxx_HAL_Driver/Src/stm32wbxx_hal_rtc.c ****     sAlarm->AlarmTime.TimeFormat = (uint8_t)((tmpreg & RTC_ALRMAR_PM) >> 16U);
1655:Drivers/STM32WBxx_HAL_Driver/Src/stm32wbxx_hal_rtc.c ****     sAlarm->AlarmTime.SubSeconds = (uint32_t) subsecondtmpreg;
1656:Drivers/STM32WBxx_HAL_Driver/Src/stm32wbxx_hal_rtc.c ****     sAlarm->AlarmDateWeekDay = (uint8_t)((tmpreg & (RTC_ALRMAR_DT | RTC_ALRMAR_DU)) >> 24U);
1657:Drivers/STM32WBxx_HAL_Driver/Src/stm32wbxx_hal_rtc.c ****     sAlarm->AlarmDateWeekDaySel = (uint32_t)(tmpreg & RTC_ALRMAR_WDSEL);
1658:Drivers/STM32WBxx_HAL_Driver/Src/stm32wbxx_hal_rtc.c ****     sAlarm->AlarmMask = (uint32_t)(tmpreg & RTC_ALARMMASK_ALL);
1659:Drivers/STM32WBxx_HAL_Driver/Src/stm32wbxx_hal_rtc.c ****   }
1660:Drivers/STM32WBxx_HAL_Driver/Src/stm32wbxx_hal_rtc.c ****   else
1661:Drivers/STM32WBxx_HAL_Driver/Src/stm32wbxx_hal_rtc.c ****   {
1662:Drivers/STM32WBxx_HAL_Driver/Src/stm32wbxx_hal_rtc.c ****     sAlarm->Alarm = RTC_ALARM_B;
1663:Drivers/STM32WBxx_HAL_Driver/Src/stm32wbxx_hal_rtc.c **** 
1664:Drivers/STM32WBxx_HAL_Driver/Src/stm32wbxx_hal_rtc.c ****     tmpreg = (uint32_t)(hrtc->Instance->ALRMBR);
1665:Drivers/STM32WBxx_HAL_Driver/Src/stm32wbxx_hal_rtc.c ****     subsecondtmpreg = (uint32_t)((hrtc->Instance->ALRMBSSR) & RTC_ALRMBSSR_SS);
1666:Drivers/STM32WBxx_HAL_Driver/Src/stm32wbxx_hal_rtc.c **** 
1667:Drivers/STM32WBxx_HAL_Driver/Src/stm32wbxx_hal_rtc.c ****     /* Fill the structure with the read parameters */
1668:Drivers/STM32WBxx_HAL_Driver/Src/stm32wbxx_hal_rtc.c ****     sAlarm->AlarmTime.Hours = (uint8_t)((tmpreg & (RTC_ALRMBR_HT | RTC_ALRMBR_HU)) >> 16U);
1669:Drivers/STM32WBxx_HAL_Driver/Src/stm32wbxx_hal_rtc.c ****     sAlarm->AlarmTime.Minutes = (uint8_t)((tmpreg & (RTC_ALRMBR_MNT | RTC_ALRMBR_MNU)) >> 8U);
1670:Drivers/STM32WBxx_HAL_Driver/Src/stm32wbxx_hal_rtc.c ****     sAlarm->AlarmTime.Seconds = (uint8_t)(tmpreg & (RTC_ALRMBR_ST | RTC_ALRMBR_SU));
1671:Drivers/STM32WBxx_HAL_Driver/Src/stm32wbxx_hal_rtc.c ****     sAlarm->AlarmTime.TimeFormat = (uint8_t)((tmpreg & RTC_ALRMBR_PM) >> 16U);
1672:Drivers/STM32WBxx_HAL_Driver/Src/stm32wbxx_hal_rtc.c ****     sAlarm->AlarmTime.SubSeconds = (uint32_t) subsecondtmpreg;
1673:Drivers/STM32WBxx_HAL_Driver/Src/stm32wbxx_hal_rtc.c ****     sAlarm->AlarmDateWeekDay = (uint8_t)((tmpreg & (RTC_ALRMBR_DT | RTC_ALRMBR_DU)) >> 24U);
1674:Drivers/STM32WBxx_HAL_Driver/Src/stm32wbxx_hal_rtc.c ****     sAlarm->AlarmDateWeekDaySel = (uint32_t)(tmpreg & RTC_ALRMBR_WDSEL);
1675:Drivers/STM32WBxx_HAL_Driver/Src/stm32wbxx_hal_rtc.c ****     sAlarm->AlarmMask = (uint32_t)(tmpreg & RTC_ALARMMASK_ALL);
1676:Drivers/STM32WBxx_HAL_Driver/Src/stm32wbxx_hal_rtc.c ****   }
1677:Drivers/STM32WBxx_HAL_Driver/Src/stm32wbxx_hal_rtc.c **** 
1678:Drivers/STM32WBxx_HAL_Driver/Src/stm32wbxx_hal_rtc.c ****   if (Format == RTC_FORMAT_BIN)
1679:Drivers/STM32WBxx_HAL_Driver/Src/stm32wbxx_hal_rtc.c ****   {
1680:Drivers/STM32WBxx_HAL_Driver/Src/stm32wbxx_hal_rtc.c ****     sAlarm->AlarmTime.Hours = RTC_Bcd2ToByte(sAlarm->AlarmTime.Hours);
1681:Drivers/STM32WBxx_HAL_Driver/Src/stm32wbxx_hal_rtc.c ****     sAlarm->AlarmTime.Minutes = RTC_Bcd2ToByte(sAlarm->AlarmTime.Minutes);
ARM GAS  C:\Users\843E~1\AppData\Local\Temp\ccZjV6EC.s 			page 39


1682:Drivers/STM32WBxx_HAL_Driver/Src/stm32wbxx_hal_rtc.c ****     sAlarm->AlarmTime.Seconds = RTC_Bcd2ToByte(sAlarm->AlarmTime.Seconds);
1683:Drivers/STM32WBxx_HAL_Driver/Src/stm32wbxx_hal_rtc.c ****     sAlarm->AlarmDateWeekDay = RTC_Bcd2ToByte(sAlarm->AlarmDateWeekDay);
1684:Drivers/STM32WBxx_HAL_Driver/Src/stm32wbxx_hal_rtc.c ****   }
1685:Drivers/STM32WBxx_HAL_Driver/Src/stm32wbxx_hal_rtc.c **** 
1686:Drivers/STM32WBxx_HAL_Driver/Src/stm32wbxx_hal_rtc.c ****   return HAL_OK;
1687:Drivers/STM32WBxx_HAL_Driver/Src/stm32wbxx_hal_rtc.c **** }
1688:Drivers/STM32WBxx_HAL_Driver/Src/stm32wbxx_hal_rtc.c **** 
1689:Drivers/STM32WBxx_HAL_Driver/Src/stm32wbxx_hal_rtc.c **** /**
1690:Drivers/STM32WBxx_HAL_Driver/Src/stm32wbxx_hal_rtc.c ****   * @brief  Handle Alarm interrupt request.
1691:Drivers/STM32WBxx_HAL_Driver/Src/stm32wbxx_hal_rtc.c ****   * @param hrtc RTC handle
1692:Drivers/STM32WBxx_HAL_Driver/Src/stm32wbxx_hal_rtc.c ****   * @retval None
1693:Drivers/STM32WBxx_HAL_Driver/Src/stm32wbxx_hal_rtc.c ****   */
1694:Drivers/STM32WBxx_HAL_Driver/Src/stm32wbxx_hal_rtc.c **** void HAL_RTC_AlarmIRQHandler(RTC_HandleTypeDef *hrtc)
1695:Drivers/STM32WBxx_HAL_Driver/Src/stm32wbxx_hal_rtc.c **** {
1696:Drivers/STM32WBxx_HAL_Driver/Src/stm32wbxx_hal_rtc.c ****   /* Get the AlarmA interrupt source enable status */
1697:Drivers/STM32WBxx_HAL_Driver/Src/stm32wbxx_hal_rtc.c ****   if (__HAL_RTC_ALARM_GET_IT_SOURCE(hrtc, RTC_IT_ALRA) != 0U)
1698:Drivers/STM32WBxx_HAL_Driver/Src/stm32wbxx_hal_rtc.c ****   {
1699:Drivers/STM32WBxx_HAL_Driver/Src/stm32wbxx_hal_rtc.c ****     /* Get the pending status of the AlarmA Interrupt */
1700:Drivers/STM32WBxx_HAL_Driver/Src/stm32wbxx_hal_rtc.c ****     if (__HAL_RTC_ALARM_GET_FLAG(hrtc, RTC_FLAG_ALRAF) != 0U)
1701:Drivers/STM32WBxx_HAL_Driver/Src/stm32wbxx_hal_rtc.c ****     {
1702:Drivers/STM32WBxx_HAL_Driver/Src/stm32wbxx_hal_rtc.c ****       /* AlarmA callback */
1703:Drivers/STM32WBxx_HAL_Driver/Src/stm32wbxx_hal_rtc.c **** #if (USE_HAL_RTC_REGISTER_CALLBACKS == 1)
1704:Drivers/STM32WBxx_HAL_Driver/Src/stm32wbxx_hal_rtc.c ****       hrtc->AlarmAEventCallback(hrtc);
1705:Drivers/STM32WBxx_HAL_Driver/Src/stm32wbxx_hal_rtc.c **** #else
1706:Drivers/STM32WBxx_HAL_Driver/Src/stm32wbxx_hal_rtc.c ****       HAL_RTC_AlarmAEventCallback(hrtc);
1707:Drivers/STM32WBxx_HAL_Driver/Src/stm32wbxx_hal_rtc.c **** #endif /* USE_HAL_RTC_REGISTER_CALLBACKS */
1708:Drivers/STM32WBxx_HAL_Driver/Src/stm32wbxx_hal_rtc.c **** 
1709:Drivers/STM32WBxx_HAL_Driver/Src/stm32wbxx_hal_rtc.c ****       /* Clear the AlarmA interrupt pending bit */
1710:Drivers/STM32WBxx_HAL_Driver/Src/stm32wbxx_hal_rtc.c ****       __HAL_RTC_ALARM_CLEAR_FLAG(hrtc, RTC_FLAG_ALRAF);
1711:Drivers/STM32WBxx_HAL_Driver/Src/stm32wbxx_hal_rtc.c ****     }
1712:Drivers/STM32WBxx_HAL_Driver/Src/stm32wbxx_hal_rtc.c ****   }
1713:Drivers/STM32WBxx_HAL_Driver/Src/stm32wbxx_hal_rtc.c **** 
1714:Drivers/STM32WBxx_HAL_Driver/Src/stm32wbxx_hal_rtc.c ****   /* Get the AlarmB interrupt source enable status */
1715:Drivers/STM32WBxx_HAL_Driver/Src/stm32wbxx_hal_rtc.c ****   if (__HAL_RTC_ALARM_GET_IT_SOURCE(hrtc, RTC_IT_ALRB) != 0U)
1716:Drivers/STM32WBxx_HAL_Driver/Src/stm32wbxx_hal_rtc.c ****   {
1717:Drivers/STM32WBxx_HAL_Driver/Src/stm32wbxx_hal_rtc.c ****     /* Get the pending status of the AlarmB Interrupt */
1718:Drivers/STM32WBxx_HAL_Driver/Src/stm32wbxx_hal_rtc.c ****     if (__HAL_RTC_ALARM_GET_FLAG(hrtc, RTC_FLAG_ALRBF) != 0U)
1719:Drivers/STM32WBxx_HAL_Driver/Src/stm32wbxx_hal_rtc.c ****     {
1720:Drivers/STM32WBxx_HAL_Driver/Src/stm32wbxx_hal_rtc.c ****       /* AlarmB callback */
1721:Drivers/STM32WBxx_HAL_Driver/Src/stm32wbxx_hal_rtc.c **** #if (USE_HAL_RTC_REGISTER_CALLBACKS == 1)
1722:Drivers/STM32WBxx_HAL_Driver/Src/stm32wbxx_hal_rtc.c ****       hrtc->AlarmBEventCallback(hrtc);
1723:Drivers/STM32WBxx_HAL_Driver/Src/stm32wbxx_hal_rtc.c **** #else
1724:Drivers/STM32WBxx_HAL_Driver/Src/stm32wbxx_hal_rtc.c ****       HAL_RTCEx_AlarmBEventCallback(hrtc);
1725:Drivers/STM32WBxx_HAL_Driver/Src/stm32wbxx_hal_rtc.c **** #endif /* USE_HAL_RTC_REGISTER_CALLBACKS */
1726:Drivers/STM32WBxx_HAL_Driver/Src/stm32wbxx_hal_rtc.c **** 
1727:Drivers/STM32WBxx_HAL_Driver/Src/stm32wbxx_hal_rtc.c ****       /* Clear the AlarmB interrupt pending bit */
1728:Drivers/STM32WBxx_HAL_Driver/Src/stm32wbxx_hal_rtc.c ****       __HAL_RTC_ALARM_CLEAR_FLAG(hrtc, RTC_FLAG_ALRBF);
1729:Drivers/STM32WBxx_HAL_Driver/Src/stm32wbxx_hal_rtc.c ****     }
1730:Drivers/STM32WBxx_HAL_Driver/Src/stm32wbxx_hal_rtc.c ****   }
1731:Drivers/STM32WBxx_HAL_Driver/Src/stm32wbxx_hal_rtc.c ****   /* Clear the EXTI's line Flag for RTC Alarm */
1732:Drivers/STM32WBxx_HAL_Driver/Src/stm32wbxx_hal_rtc.c ****   __HAL_RTC_ALARM_EXTI_CLEAR_FLAG();
1733:Drivers/STM32WBxx_HAL_Driver/Src/stm32wbxx_hal_rtc.c **** 
1734:Drivers/STM32WBxx_HAL_Driver/Src/stm32wbxx_hal_rtc.c ****   /* Change RTC state */
1735:Drivers/STM32WBxx_HAL_Driver/Src/stm32wbxx_hal_rtc.c ****   hrtc->State = HAL_RTC_STATE_READY;
1736:Drivers/STM32WBxx_HAL_Driver/Src/stm32wbxx_hal_rtc.c **** }
1737:Drivers/STM32WBxx_HAL_Driver/Src/stm32wbxx_hal_rtc.c **** 
1738:Drivers/STM32WBxx_HAL_Driver/Src/stm32wbxx_hal_rtc.c **** /**
ARM GAS  C:\Users\843E~1\AppData\Local\Temp\ccZjV6EC.s 			page 40


1739:Drivers/STM32WBxx_HAL_Driver/Src/stm32wbxx_hal_rtc.c ****   * @brief  Alarm A callback.
1740:Drivers/STM32WBxx_HAL_Driver/Src/stm32wbxx_hal_rtc.c ****   * @param hrtc RTC handle
1741:Drivers/STM32WBxx_HAL_Driver/Src/stm32wbxx_hal_rtc.c ****   * @retval None
1742:Drivers/STM32WBxx_HAL_Driver/Src/stm32wbxx_hal_rtc.c ****   */
1743:Drivers/STM32WBxx_HAL_Driver/Src/stm32wbxx_hal_rtc.c **** __weak void HAL_RTC_AlarmAEventCallback(RTC_HandleTypeDef *hrtc)
1744:Drivers/STM32WBxx_HAL_Driver/Src/stm32wbxx_hal_rtc.c **** {
 478              		.loc 1 1744 1 is_stmt 1 view -0
 479              		.cfi_startproc
 480              		@ args = 0, pretend = 0, frame = 0
 481              		@ frame_needed = 0, uses_anonymous_args = 0
 482              		@ link register save eliminated.
1745:Drivers/STM32WBxx_HAL_Driver/Src/stm32wbxx_hal_rtc.c ****   /* Prevent unused argument(s) compilation warning */
1746:Drivers/STM32WBxx_HAL_Driver/Src/stm32wbxx_hal_rtc.c ****   UNUSED(hrtc);
 483              		.loc 1 1746 3 view .LVU130
1747:Drivers/STM32WBxx_HAL_Driver/Src/stm32wbxx_hal_rtc.c **** 
1748:Drivers/STM32WBxx_HAL_Driver/Src/stm32wbxx_hal_rtc.c ****   /* NOTE : This function should not be modified, when the callback is needed,
1749:Drivers/STM32WBxx_HAL_Driver/Src/stm32wbxx_hal_rtc.c ****             the HAL_RTC_AlarmAEventCallback could be implemented in the user file
1750:Drivers/STM32WBxx_HAL_Driver/Src/stm32wbxx_hal_rtc.c ****    */
1751:Drivers/STM32WBxx_HAL_Driver/Src/stm32wbxx_hal_rtc.c **** }
 484              		.loc 1 1751 1 is_stmt 0 view .LVU131
 485 0000 7047     		bx	lr
 486              		.cfi_endproc
 487              	.LFE968:
 489              		.section	.text.HAL_RTC_AlarmIRQHandler,"ax",%progbits
 490              		.align	1
 491              		.global	HAL_RTC_AlarmIRQHandler
 492              		.syntax unified
 493              		.thumb
 494              		.thumb_func
 496              	HAL_RTC_AlarmIRQHandler:
 497              	.LVL20:
 498              	.LFB967:
1695:Drivers/STM32WBxx_HAL_Driver/Src/stm32wbxx_hal_rtc.c ****   /* Get the AlarmA interrupt source enable status */
 499              		.loc 1 1695 1 is_stmt 1 view -0
 500              		.cfi_startproc
 501              		@ args = 0, pretend = 0, frame = 0
 502              		@ frame_needed = 0, uses_anonymous_args = 0
1695:Drivers/STM32WBxx_HAL_Driver/Src/stm32wbxx_hal_rtc.c ****   /* Get the AlarmA interrupt source enable status */
 503              		.loc 1 1695 1 is_stmt 0 view .LVU133
 504 0000 10B5     		push	{r4, lr}
 505              	.LCFI1:
 506              		.cfi_def_cfa_offset 8
 507              		.cfi_offset 4, -8
 508              		.cfi_offset 14, -4
 509 0002 0446     		mov	r4, r0
1697:Drivers/STM32WBxx_HAL_Driver/Src/stm32wbxx_hal_rtc.c ****   {
 510              		.loc 1 1697 3 is_stmt 1 view .LVU134
1697:Drivers/STM32WBxx_HAL_Driver/Src/stm32wbxx_hal_rtc.c ****   {
 511              		.loc 1 1697 7 is_stmt 0 view .LVU135
 512 0004 0368     		ldr	r3, [r0]
 513 0006 9A68     		ldr	r2, [r3, #8]
1697:Drivers/STM32WBxx_HAL_Driver/Src/stm32wbxx_hal_rtc.c ****   {
 514              		.loc 1 1697 6 view .LVU136
 515 0008 12F4805F 		tst	r2, #4096
 516 000c 03D0     		beq	.L31
1700:Drivers/STM32WBxx_HAL_Driver/Src/stm32wbxx_hal_rtc.c ****     {
 517              		.loc 1 1700 5 is_stmt 1 view .LVU137
ARM GAS  C:\Users\843E~1\AppData\Local\Temp\ccZjV6EC.s 			page 41


1700:Drivers/STM32WBxx_HAL_Driver/Src/stm32wbxx_hal_rtc.c ****     {
 518              		.loc 1 1700 9 is_stmt 0 view .LVU138
 519 000e DB68     		ldr	r3, [r3, #12]
1700:Drivers/STM32WBxx_HAL_Driver/Src/stm32wbxx_hal_rtc.c ****     {
 520              		.loc 1 1700 8 view .LVU139
 521 0010 13F4807F 		tst	r3, #256
 522 0014 10D1     		bne	.L34
 523              	.LVL21:
 524              	.L31:
1715:Drivers/STM32WBxx_HAL_Driver/Src/stm32wbxx_hal_rtc.c ****   {
 525              		.loc 1 1715 3 is_stmt 1 view .LVU140
1715:Drivers/STM32WBxx_HAL_Driver/Src/stm32wbxx_hal_rtc.c ****   {
 526              		.loc 1 1715 7 is_stmt 0 view .LVU141
 527 0016 2368     		ldr	r3, [r4]
 528 0018 9A68     		ldr	r2, [r3, #8]
1715:Drivers/STM32WBxx_HAL_Driver/Src/stm32wbxx_hal_rtc.c ****   {
 529              		.loc 1 1715 6 view .LVU142
 530 001a 12F4005F 		tst	r2, #8192
 531 001e 03D0     		beq	.L32
1718:Drivers/STM32WBxx_HAL_Driver/Src/stm32wbxx_hal_rtc.c ****     {
 532              		.loc 1 1718 5 is_stmt 1 view .LVU143
1718:Drivers/STM32WBxx_HAL_Driver/Src/stm32wbxx_hal_rtc.c ****     {
 533              		.loc 1 1718 9 is_stmt 0 view .LVU144
 534 0020 DB68     		ldr	r3, [r3, #12]
1718:Drivers/STM32WBxx_HAL_Driver/Src/stm32wbxx_hal_rtc.c ****     {
 535              		.loc 1 1718 8 view .LVU145
 536 0022 13F4007F 		tst	r3, #512
 537 0026 10D1     		bne	.L35
 538              	.L32:
1732:Drivers/STM32WBxx_HAL_Driver/Src/stm32wbxx_hal_rtc.c **** 
 539              		.loc 1 1732 3 is_stmt 1 view .LVU146
 540 0028 0D4B     		ldr	r3, .L36
 541 002a 4FF40032 		mov	r2, #131072
 542 002e DA60     		str	r2, [r3, #12]
1735:Drivers/STM32WBxx_HAL_Driver/Src/stm32wbxx_hal_rtc.c **** }
 543              		.loc 1 1735 3 view .LVU147
1735:Drivers/STM32WBxx_HAL_Driver/Src/stm32wbxx_hal_rtc.c **** }
 544              		.loc 1 1735 15 is_stmt 0 view .LVU148
 545 0030 0123     		movs	r3, #1
 546 0032 84F82130 		strb	r3, [r4, #33]
1736:Drivers/STM32WBxx_HAL_Driver/Src/stm32wbxx_hal_rtc.c **** 
 547              		.loc 1 1736 1 view .LVU149
 548 0036 10BD     		pop	{r4, pc}
 549              	.LVL22:
 550              	.L34:
1706:Drivers/STM32WBxx_HAL_Driver/Src/stm32wbxx_hal_rtc.c **** #endif /* USE_HAL_RTC_REGISTER_CALLBACKS */
 551              		.loc 1 1706 7 is_stmt 1 view .LVU150
 552 0038 FFF7FEFF 		bl	HAL_RTC_AlarmAEventCallback
 553              	.LVL23:
1710:Drivers/STM32WBxx_HAL_Driver/Src/stm32wbxx_hal_rtc.c ****     }
 554              		.loc 1 1710 7 view .LVU151
 555 003c 2268     		ldr	r2, [r4]
 556 003e D368     		ldr	r3, [r2, #12]
 557 0040 DBB2     		uxtb	r3, r3
 558 0042 63F4C073 		orn	r3, r3, #384
 559 0046 D360     		str	r3, [r2, #12]
 560 0048 E5E7     		b	.L31
ARM GAS  C:\Users\843E~1\AppData\Local\Temp\ccZjV6EC.s 			page 42


 561              	.L35:
1724:Drivers/STM32WBxx_HAL_Driver/Src/stm32wbxx_hal_rtc.c **** #endif /* USE_HAL_RTC_REGISTER_CALLBACKS */
 562              		.loc 1 1724 7 view .LVU152
 563 004a 2046     		mov	r0, r4
 564 004c FFF7FEFF 		bl	HAL_RTCEx_AlarmBEventCallback
 565              	.LVL24:
1728:Drivers/STM32WBxx_HAL_Driver/Src/stm32wbxx_hal_rtc.c ****     }
 566              		.loc 1 1728 7 view .LVU153
 567 0050 2268     		ldr	r2, [r4]
 568 0052 D368     		ldr	r3, [r2, #12]
 569 0054 DBB2     		uxtb	r3, r3
 570 0056 63F42073 		orn	r3, r3, #640
 571 005a D360     		str	r3, [r2, #12]
 572 005c E4E7     		b	.L32
 573              	.L37:
 574 005e 00BF     		.align	2
 575              	.L36:
 576 0060 00080058 		.word	1476397056
 577              		.cfi_endproc
 578              	.LFE967:
 580              		.section	.text.HAL_RTC_PollForAlarmAEvent,"ax",%progbits
 581              		.align	1
 582              		.global	HAL_RTC_PollForAlarmAEvent
 583              		.syntax unified
 584              		.thumb
 585              		.thumb_func
 587              	HAL_RTC_PollForAlarmAEvent:
 588              	.LVL25:
 589              	.LFB969:
1752:Drivers/STM32WBxx_HAL_Driver/Src/stm32wbxx_hal_rtc.c **** 
1753:Drivers/STM32WBxx_HAL_Driver/Src/stm32wbxx_hal_rtc.c **** /**
1754:Drivers/STM32WBxx_HAL_Driver/Src/stm32wbxx_hal_rtc.c ****   * @brief  Handle AlarmA Polling request.
1755:Drivers/STM32WBxx_HAL_Driver/Src/stm32wbxx_hal_rtc.c ****   * @param hrtc RTC handle
1756:Drivers/STM32WBxx_HAL_Driver/Src/stm32wbxx_hal_rtc.c ****   * @param Timeout Timeout duration
1757:Drivers/STM32WBxx_HAL_Driver/Src/stm32wbxx_hal_rtc.c ****   * @retval HAL status
1758:Drivers/STM32WBxx_HAL_Driver/Src/stm32wbxx_hal_rtc.c ****   */
1759:Drivers/STM32WBxx_HAL_Driver/Src/stm32wbxx_hal_rtc.c **** HAL_StatusTypeDef HAL_RTC_PollForAlarmAEvent(RTC_HandleTypeDef *hrtc, uint32_t Timeout)
1760:Drivers/STM32WBxx_HAL_Driver/Src/stm32wbxx_hal_rtc.c **** {
 590              		.loc 1 1760 1 view -0
 591              		.cfi_startproc
 592              		@ args = 0, pretend = 0, frame = 0
 593              		@ frame_needed = 0, uses_anonymous_args = 0
 594              		.loc 1 1760 1 is_stmt 0 view .LVU155
 595 0000 70B5     		push	{r4, r5, r6, lr}
 596              	.LCFI2:
 597              		.cfi_def_cfa_offset 16
 598              		.cfi_offset 4, -16
 599              		.cfi_offset 5, -12
 600              		.cfi_offset 6, -8
 601              		.cfi_offset 14, -4
 602 0002 0446     		mov	r4, r0
 603 0004 0D46     		mov	r5, r1
1761:Drivers/STM32WBxx_HAL_Driver/Src/stm32wbxx_hal_rtc.c ****   uint32_t tickstart = HAL_GetTick();
 604              		.loc 1 1761 3 is_stmt 1 view .LVU156
 605              		.loc 1 1761 24 is_stmt 0 view .LVU157
 606 0006 FFF7FEFF 		bl	HAL_GetTick
 607              	.LVL26:
ARM GAS  C:\Users\843E~1\AppData\Local\Temp\ccZjV6EC.s 			page 43


 608              		.loc 1 1761 24 view .LVU158
 609 000a 0646     		mov	r6, r0
 610              	.LVL27:
1762:Drivers/STM32WBxx_HAL_Driver/Src/stm32wbxx_hal_rtc.c **** 
1763:Drivers/STM32WBxx_HAL_Driver/Src/stm32wbxx_hal_rtc.c ****   while (__HAL_RTC_ALARM_GET_FLAG(hrtc, RTC_FLAG_ALRAF) == 0U)
 611              		.loc 1 1763 3 is_stmt 1 view .LVU159
 612              	.L40:
 613              		.loc 1 1763 9 view .LVU160
 614              		.loc 1 1763 10 is_stmt 0 view .LVU161
 615 000c 2368     		ldr	r3, [r4]
 616 000e DA68     		ldr	r2, [r3, #12]
 617              		.loc 1 1763 9 view .LVU162
 618 0010 12F4807F 		tst	r2, #256
 619 0014 0DD1     		bne	.L45
1764:Drivers/STM32WBxx_HAL_Driver/Src/stm32wbxx_hal_rtc.c ****   {
1765:Drivers/STM32WBxx_HAL_Driver/Src/stm32wbxx_hal_rtc.c ****     if (Timeout != HAL_MAX_DELAY)
 620              		.loc 1 1765 5 is_stmt 1 view .LVU163
 621              		.loc 1 1765 8 is_stmt 0 view .LVU164
 622 0016 B5F1FF3F 		cmp	r5, #-1
 623 001a F7D0     		beq	.L40
1766:Drivers/STM32WBxx_HAL_Driver/Src/stm32wbxx_hal_rtc.c ****     {
1767:Drivers/STM32WBxx_HAL_Driver/Src/stm32wbxx_hal_rtc.c ****       if (((HAL_GetTick() - tickstart) > Timeout) || (Timeout == 0U))
 624              		.loc 1 1767 7 is_stmt 1 view .LVU165
 625              		.loc 1 1767 13 is_stmt 0 view .LVU166
 626 001c FFF7FEFF 		bl	HAL_GetTick
 627              	.LVL28:
 628              		.loc 1 1767 27 view .LVU167
 629 0020 801B     		subs	r0, r0, r6
 630              		.loc 1 1767 10 view .LVU168
 631 0022 A842     		cmp	r0, r5
 632 0024 01D8     		bhi	.L41
 633              		.loc 1 1767 51 discriminator 1 view .LVU169
 634 0026 002D     		cmp	r5, #0
 635 0028 F0D1     		bne	.L40
 636              	.L41:
1768:Drivers/STM32WBxx_HAL_Driver/Src/stm32wbxx_hal_rtc.c ****       {
1769:Drivers/STM32WBxx_HAL_Driver/Src/stm32wbxx_hal_rtc.c ****         hrtc->State = HAL_RTC_STATE_TIMEOUT;
 637              		.loc 1 1769 9 is_stmt 1 view .LVU170
 638              		.loc 1 1769 21 is_stmt 0 view .LVU171
 639 002a 0320     		movs	r0, #3
 640 002c 84F82100 		strb	r0, [r4, #33]
1770:Drivers/STM32WBxx_HAL_Driver/Src/stm32wbxx_hal_rtc.c ****         return HAL_TIMEOUT;
 641              		.loc 1 1770 9 is_stmt 1 view .LVU172
 642              		.loc 1 1770 16 is_stmt 0 view .LVU173
 643 0030 08E0     		b	.L42
 644              	.L45:
1771:Drivers/STM32WBxx_HAL_Driver/Src/stm32wbxx_hal_rtc.c ****       }
1772:Drivers/STM32WBxx_HAL_Driver/Src/stm32wbxx_hal_rtc.c ****     }
1773:Drivers/STM32WBxx_HAL_Driver/Src/stm32wbxx_hal_rtc.c ****   }
1774:Drivers/STM32WBxx_HAL_Driver/Src/stm32wbxx_hal_rtc.c **** 
1775:Drivers/STM32WBxx_HAL_Driver/Src/stm32wbxx_hal_rtc.c ****   /* Clear the Alarm interrupt pending bit */
1776:Drivers/STM32WBxx_HAL_Driver/Src/stm32wbxx_hal_rtc.c ****   __HAL_RTC_ALARM_CLEAR_FLAG(hrtc, RTC_FLAG_ALRAF);
 645              		.loc 1 1776 3 is_stmt 1 view .LVU174
 646 0032 DA68     		ldr	r2, [r3, #12]
 647 0034 D2B2     		uxtb	r2, r2
 648 0036 62F4C072 		orn	r2, r2, #384
 649 003a DA60     		str	r2, [r3, #12]
ARM GAS  C:\Users\843E~1\AppData\Local\Temp\ccZjV6EC.s 			page 44


1777:Drivers/STM32WBxx_HAL_Driver/Src/stm32wbxx_hal_rtc.c **** 
1778:Drivers/STM32WBxx_HAL_Driver/Src/stm32wbxx_hal_rtc.c ****   /* Change RTC state */
1779:Drivers/STM32WBxx_HAL_Driver/Src/stm32wbxx_hal_rtc.c ****   hrtc->State = HAL_RTC_STATE_READY;
 650              		.loc 1 1779 3 view .LVU175
 651              		.loc 1 1779 15 is_stmt 0 view .LVU176
 652 003c 0123     		movs	r3, #1
 653 003e 84F82130 		strb	r3, [r4, #33]
1780:Drivers/STM32WBxx_HAL_Driver/Src/stm32wbxx_hal_rtc.c **** 
1781:Drivers/STM32WBxx_HAL_Driver/Src/stm32wbxx_hal_rtc.c ****   return HAL_OK;
 654              		.loc 1 1781 3 is_stmt 1 view .LVU177
 655              		.loc 1 1781 10 is_stmt 0 view .LVU178
 656 0042 0020     		movs	r0, #0
 657              	.L42:
1782:Drivers/STM32WBxx_HAL_Driver/Src/stm32wbxx_hal_rtc.c **** }
 658              		.loc 1 1782 1 view .LVU179
 659 0044 70BD     		pop	{r4, r5, r6, pc}
 660              		.loc 1 1782 1 view .LVU180
 661              		.cfi_endproc
 662              	.LFE969:
 664              		.section	.text.HAL_RTC_WaitForSynchro,"ax",%progbits
 665              		.align	1
 666              		.global	HAL_RTC_WaitForSynchro
 667              		.syntax unified
 668              		.thumb
 669              		.thumb_func
 671              	HAL_RTC_WaitForSynchro:
 672              	.LVL29:
 673              	.LFB970:
1783:Drivers/STM32WBxx_HAL_Driver/Src/stm32wbxx_hal_rtc.c **** 
1784:Drivers/STM32WBxx_HAL_Driver/Src/stm32wbxx_hal_rtc.c **** /**
1785:Drivers/STM32WBxx_HAL_Driver/Src/stm32wbxx_hal_rtc.c ****   * @}
1786:Drivers/STM32WBxx_HAL_Driver/Src/stm32wbxx_hal_rtc.c ****   */
1787:Drivers/STM32WBxx_HAL_Driver/Src/stm32wbxx_hal_rtc.c **** 
1788:Drivers/STM32WBxx_HAL_Driver/Src/stm32wbxx_hal_rtc.c **** /** @addtogroup RTC_Exported_Functions_Group4
1789:Drivers/STM32WBxx_HAL_Driver/Src/stm32wbxx_hal_rtc.c ****   *  @brief   Peripheral Control functions
1790:Drivers/STM32WBxx_HAL_Driver/Src/stm32wbxx_hal_rtc.c ****   *
1791:Drivers/STM32WBxx_HAL_Driver/Src/stm32wbxx_hal_rtc.c **** @verbatim
1792:Drivers/STM32WBxx_HAL_Driver/Src/stm32wbxx_hal_rtc.c ****  ===============================================================================
1793:Drivers/STM32WBxx_HAL_Driver/Src/stm32wbxx_hal_rtc.c ****                      ##### Peripheral Control functions #####
1794:Drivers/STM32WBxx_HAL_Driver/Src/stm32wbxx_hal_rtc.c ****  ===============================================================================
1795:Drivers/STM32WBxx_HAL_Driver/Src/stm32wbxx_hal_rtc.c ****     [..]
1796:Drivers/STM32WBxx_HAL_Driver/Src/stm32wbxx_hal_rtc.c ****     This subsection provides functions allowing to
1797:Drivers/STM32WBxx_HAL_Driver/Src/stm32wbxx_hal_rtc.c ****       (+) Wait for RTC Time and Date Synchronization
1798:Drivers/STM32WBxx_HAL_Driver/Src/stm32wbxx_hal_rtc.c **** 
1799:Drivers/STM32WBxx_HAL_Driver/Src/stm32wbxx_hal_rtc.c **** @endverbatim
1800:Drivers/STM32WBxx_HAL_Driver/Src/stm32wbxx_hal_rtc.c ****   * @{
1801:Drivers/STM32WBxx_HAL_Driver/Src/stm32wbxx_hal_rtc.c ****   */
1802:Drivers/STM32WBxx_HAL_Driver/Src/stm32wbxx_hal_rtc.c **** 
1803:Drivers/STM32WBxx_HAL_Driver/Src/stm32wbxx_hal_rtc.c **** /**
1804:Drivers/STM32WBxx_HAL_Driver/Src/stm32wbxx_hal_rtc.c ****   * @brief  Wait until the RTC Time and Date registers (RTC_TR and RTC_DR) are
1805:Drivers/STM32WBxx_HAL_Driver/Src/stm32wbxx_hal_rtc.c ****   *         synchronized with RTC APB clock.
1806:Drivers/STM32WBxx_HAL_Driver/Src/stm32wbxx_hal_rtc.c ****   * @note   The RTC Resynchronization mode is write protected, use the
1807:Drivers/STM32WBxx_HAL_Driver/Src/stm32wbxx_hal_rtc.c ****   *         __HAL_RTC_WRITEPROTECTION_DISABLE() before calling this function.
1808:Drivers/STM32WBxx_HAL_Driver/Src/stm32wbxx_hal_rtc.c ****   * @note   To read the calendar through the shadow registers after Calendar
1809:Drivers/STM32WBxx_HAL_Driver/Src/stm32wbxx_hal_rtc.c ****   *         initialization, calendar update or after wakeup from low power modes
1810:Drivers/STM32WBxx_HAL_Driver/Src/stm32wbxx_hal_rtc.c ****   *         the software must first clear the RSF flag.
1811:Drivers/STM32WBxx_HAL_Driver/Src/stm32wbxx_hal_rtc.c ****   *         The software must then wait until it is set again before reading
ARM GAS  C:\Users\843E~1\AppData\Local\Temp\ccZjV6EC.s 			page 45


1812:Drivers/STM32WBxx_HAL_Driver/Src/stm32wbxx_hal_rtc.c ****   *         the calendar, which means that the calendar registers have been
1813:Drivers/STM32WBxx_HAL_Driver/Src/stm32wbxx_hal_rtc.c ****   *         correctly copied into the RTC_TR and RTC_DR shadow registers.
1814:Drivers/STM32WBxx_HAL_Driver/Src/stm32wbxx_hal_rtc.c ****   * @param hrtc RTC handle
1815:Drivers/STM32WBxx_HAL_Driver/Src/stm32wbxx_hal_rtc.c ****   * @retval HAL status
1816:Drivers/STM32WBxx_HAL_Driver/Src/stm32wbxx_hal_rtc.c ****   */
1817:Drivers/STM32WBxx_HAL_Driver/Src/stm32wbxx_hal_rtc.c **** HAL_StatusTypeDef HAL_RTC_WaitForSynchro(RTC_HandleTypeDef *hrtc)
1818:Drivers/STM32WBxx_HAL_Driver/Src/stm32wbxx_hal_rtc.c **** {
 674              		.loc 1 1818 1 is_stmt 1 view -0
 675              		.cfi_startproc
 676              		@ args = 0, pretend = 0, frame = 0
 677              		@ frame_needed = 0, uses_anonymous_args = 0
 678              		.loc 1 1818 1 is_stmt 0 view .LVU182
 679 0000 38B5     		push	{r3, r4, r5, lr}
 680              	.LCFI3:
 681              		.cfi_def_cfa_offset 16
 682              		.cfi_offset 3, -16
 683              		.cfi_offset 4, -12
 684              		.cfi_offset 5, -8
 685              		.cfi_offset 14, -4
 686 0002 0446     		mov	r4, r0
1819:Drivers/STM32WBxx_HAL_Driver/Src/stm32wbxx_hal_rtc.c ****   uint32_t tickstart;
 687              		.loc 1 1819 3 is_stmt 1 view .LVU183
1820:Drivers/STM32WBxx_HAL_Driver/Src/stm32wbxx_hal_rtc.c **** 
1821:Drivers/STM32WBxx_HAL_Driver/Src/stm32wbxx_hal_rtc.c ****   /* Clear RSF flag */
1822:Drivers/STM32WBxx_HAL_Driver/Src/stm32wbxx_hal_rtc.c ****   hrtc->Instance->ISR &= (uint32_t)RTC_RSF_MASK;
 688              		.loc 1 1822 3 view .LVU184
 689              		.loc 1 1822 7 is_stmt 0 view .LVU185
 690 0004 0268     		ldr	r2, [r0]
 691              		.loc 1 1822 23 view .LVU186
 692 0006 D368     		ldr	r3, [r2, #12]
 693 0008 23F0A003 		bic	r3, r3, #160
 694 000c D360     		str	r3, [r2, #12]
1823:Drivers/STM32WBxx_HAL_Driver/Src/stm32wbxx_hal_rtc.c **** 
1824:Drivers/STM32WBxx_HAL_Driver/Src/stm32wbxx_hal_rtc.c ****   tickstart = HAL_GetTick();
 695              		.loc 1 1824 3 is_stmt 1 view .LVU187
 696              		.loc 1 1824 15 is_stmt 0 view .LVU188
 697 000e FFF7FEFF 		bl	HAL_GetTick
 698              	.LVL30:
 699              		.loc 1 1824 15 view .LVU189
 700 0012 0546     		mov	r5, r0
 701              	.LVL31:
1825:Drivers/STM32WBxx_HAL_Driver/Src/stm32wbxx_hal_rtc.c **** 
1826:Drivers/STM32WBxx_HAL_Driver/Src/stm32wbxx_hal_rtc.c ****   /* Wait the registers to be synchronised */
1827:Drivers/STM32WBxx_HAL_Driver/Src/stm32wbxx_hal_rtc.c ****   while ((hrtc->Instance->ISR & RTC_ISR_RSF) == 0U)
 702              		.loc 1 1827 3 is_stmt 1 view .LVU190
 703              	.L47:
 704              		.loc 1 1827 9 view .LVU191
 705              		.loc 1 1827 15 is_stmt 0 view .LVU192
 706 0014 2368     		ldr	r3, [r4]
 707              		.loc 1 1827 25 view .LVU193
 708 0016 DB68     		ldr	r3, [r3, #12]
 709              		.loc 1 1827 9 view .LVU194
 710 0018 13F0200F 		tst	r3, #32
 711 001c 07D1     		bne	.L52
1828:Drivers/STM32WBxx_HAL_Driver/Src/stm32wbxx_hal_rtc.c ****   {
1829:Drivers/STM32WBxx_HAL_Driver/Src/stm32wbxx_hal_rtc.c ****     if ((HAL_GetTick() - tickstart) > RTC_TIMEOUT_VALUE)
 712              		.loc 1 1829 5 is_stmt 1 view .LVU195
ARM GAS  C:\Users\843E~1\AppData\Local\Temp\ccZjV6EC.s 			page 46


 713              		.loc 1 1829 10 is_stmt 0 view .LVU196
 714 001e FFF7FEFF 		bl	HAL_GetTick
 715              	.LVL32:
 716              		.loc 1 1829 24 view .LVU197
 717 0022 401B     		subs	r0, r0, r5
 718              		.loc 1 1829 8 view .LVU198
 719 0024 B0F57A7F 		cmp	r0, #1000
 720 0028 F4D9     		bls	.L47
1830:Drivers/STM32WBxx_HAL_Driver/Src/stm32wbxx_hal_rtc.c ****     {
1831:Drivers/STM32WBxx_HAL_Driver/Src/stm32wbxx_hal_rtc.c ****       return HAL_TIMEOUT;
 721              		.loc 1 1831 14 view .LVU199
 722 002a 0320     		movs	r0, #3
 723 002c 00E0     		b	.L48
 724              	.L52:
1832:Drivers/STM32WBxx_HAL_Driver/Src/stm32wbxx_hal_rtc.c ****     }
1833:Drivers/STM32WBxx_HAL_Driver/Src/stm32wbxx_hal_rtc.c ****   }
1834:Drivers/STM32WBxx_HAL_Driver/Src/stm32wbxx_hal_rtc.c **** 
1835:Drivers/STM32WBxx_HAL_Driver/Src/stm32wbxx_hal_rtc.c ****   return HAL_OK;
 725              		.loc 1 1835 10 view .LVU200
 726 002e 0020     		movs	r0, #0
 727              	.L48:
1836:Drivers/STM32WBxx_HAL_Driver/Src/stm32wbxx_hal_rtc.c **** }
 728              		.loc 1 1836 1 view .LVU201
 729 0030 38BD     		pop	{r3, r4, r5, pc}
 730              		.loc 1 1836 1 view .LVU202
 731              		.cfi_endproc
 732              	.LFE970:
 734              		.section	.text.HAL_RTC_GetState,"ax",%progbits
 735              		.align	1
 736              		.global	HAL_RTC_GetState
 737              		.syntax unified
 738              		.thumb
 739              		.thumb_func
 741              	HAL_RTC_GetState:
 742              	.LVL33:
 743              	.LFB971:
1837:Drivers/STM32WBxx_HAL_Driver/Src/stm32wbxx_hal_rtc.c **** 
1838:Drivers/STM32WBxx_HAL_Driver/Src/stm32wbxx_hal_rtc.c **** /**
1839:Drivers/STM32WBxx_HAL_Driver/Src/stm32wbxx_hal_rtc.c ****   * @}
1840:Drivers/STM32WBxx_HAL_Driver/Src/stm32wbxx_hal_rtc.c ****   */
1841:Drivers/STM32WBxx_HAL_Driver/Src/stm32wbxx_hal_rtc.c **** 
1842:Drivers/STM32WBxx_HAL_Driver/Src/stm32wbxx_hal_rtc.c **** /** @addtogroup RTC_Exported_Functions_Group5
1843:Drivers/STM32WBxx_HAL_Driver/Src/stm32wbxx_hal_rtc.c ****   *  @brief   Peripheral State functions
1844:Drivers/STM32WBxx_HAL_Driver/Src/stm32wbxx_hal_rtc.c ****   *
1845:Drivers/STM32WBxx_HAL_Driver/Src/stm32wbxx_hal_rtc.c **** @verbatim
1846:Drivers/STM32WBxx_HAL_Driver/Src/stm32wbxx_hal_rtc.c ****  ===============================================================================
1847:Drivers/STM32WBxx_HAL_Driver/Src/stm32wbxx_hal_rtc.c ****                      ##### Peripheral State functions #####
1848:Drivers/STM32WBxx_HAL_Driver/Src/stm32wbxx_hal_rtc.c ****  ===============================================================================
1849:Drivers/STM32WBxx_HAL_Driver/Src/stm32wbxx_hal_rtc.c ****     [..]
1850:Drivers/STM32WBxx_HAL_Driver/Src/stm32wbxx_hal_rtc.c ****     This subsection provides functions allowing to
1851:Drivers/STM32WBxx_HAL_Driver/Src/stm32wbxx_hal_rtc.c ****       (+) Get RTC state
1852:Drivers/STM32WBxx_HAL_Driver/Src/stm32wbxx_hal_rtc.c **** 
1853:Drivers/STM32WBxx_HAL_Driver/Src/stm32wbxx_hal_rtc.c **** @endverbatim
1854:Drivers/STM32WBxx_HAL_Driver/Src/stm32wbxx_hal_rtc.c ****   * @{
1855:Drivers/STM32WBxx_HAL_Driver/Src/stm32wbxx_hal_rtc.c ****   */
1856:Drivers/STM32WBxx_HAL_Driver/Src/stm32wbxx_hal_rtc.c **** /**
1857:Drivers/STM32WBxx_HAL_Driver/Src/stm32wbxx_hal_rtc.c ****   * @brief  Return the RTC handle state.
ARM GAS  C:\Users\843E~1\AppData\Local\Temp\ccZjV6EC.s 			page 47


1858:Drivers/STM32WBxx_HAL_Driver/Src/stm32wbxx_hal_rtc.c ****   * @param hrtc RTC handle
1859:Drivers/STM32WBxx_HAL_Driver/Src/stm32wbxx_hal_rtc.c ****   * @retval HAL state
1860:Drivers/STM32WBxx_HAL_Driver/Src/stm32wbxx_hal_rtc.c ****   */
1861:Drivers/STM32WBxx_HAL_Driver/Src/stm32wbxx_hal_rtc.c **** HAL_RTCStateTypeDef HAL_RTC_GetState(RTC_HandleTypeDef *hrtc)
1862:Drivers/STM32WBxx_HAL_Driver/Src/stm32wbxx_hal_rtc.c **** {
 744              		.loc 1 1862 1 is_stmt 1 view -0
 745              		.cfi_startproc
 746              		@ args = 0, pretend = 0, frame = 0
 747              		@ frame_needed = 0, uses_anonymous_args = 0
 748              		@ link register save eliminated.
1863:Drivers/STM32WBxx_HAL_Driver/Src/stm32wbxx_hal_rtc.c ****   /* Return RTC handle state */
1864:Drivers/STM32WBxx_HAL_Driver/Src/stm32wbxx_hal_rtc.c ****   return hrtc->State;
 749              		.loc 1 1864 3 view .LVU204
 750              		.loc 1 1864 14 is_stmt 0 view .LVU205
 751 0000 90F82100 		ldrb	r0, [r0, #33]	@ zero_extendqisi2
 752              	.LVL34:
1865:Drivers/STM32WBxx_HAL_Driver/Src/stm32wbxx_hal_rtc.c **** }
 753              		.loc 1 1865 1 view .LVU206
 754 0004 7047     		bx	lr
 755              		.cfi_endproc
 756              	.LFE971:
 758              		.section	.text.RTC_EnterInitMode,"ax",%progbits
 759              		.align	1
 760              		.global	RTC_EnterInitMode
 761              		.syntax unified
 762              		.thumb
 763              		.thumb_func
 765              	RTC_EnterInitMode:
 766              	.LVL35:
 767              	.LFB972:
1866:Drivers/STM32WBxx_HAL_Driver/Src/stm32wbxx_hal_rtc.c **** 
1867:Drivers/STM32WBxx_HAL_Driver/Src/stm32wbxx_hal_rtc.c **** /**
1868:Drivers/STM32WBxx_HAL_Driver/Src/stm32wbxx_hal_rtc.c ****   * @}
1869:Drivers/STM32WBxx_HAL_Driver/Src/stm32wbxx_hal_rtc.c ****   */
1870:Drivers/STM32WBxx_HAL_Driver/Src/stm32wbxx_hal_rtc.c **** /**
1871:Drivers/STM32WBxx_HAL_Driver/Src/stm32wbxx_hal_rtc.c ****   * @}
1872:Drivers/STM32WBxx_HAL_Driver/Src/stm32wbxx_hal_rtc.c ****   */
1873:Drivers/STM32WBxx_HAL_Driver/Src/stm32wbxx_hal_rtc.c **** 
1874:Drivers/STM32WBxx_HAL_Driver/Src/stm32wbxx_hal_rtc.c **** /** @addtogroup RTC_Private_Functions
1875:Drivers/STM32WBxx_HAL_Driver/Src/stm32wbxx_hal_rtc.c ****   * @{
1876:Drivers/STM32WBxx_HAL_Driver/Src/stm32wbxx_hal_rtc.c ****   */
1877:Drivers/STM32WBxx_HAL_Driver/Src/stm32wbxx_hal_rtc.c **** /**
1878:Drivers/STM32WBxx_HAL_Driver/Src/stm32wbxx_hal_rtc.c ****   * @brief  Enter the RTC Initialization mode.
1879:Drivers/STM32WBxx_HAL_Driver/Src/stm32wbxx_hal_rtc.c ****   * @note   The RTC Initialization mode is write protected, use the
1880:Drivers/STM32WBxx_HAL_Driver/Src/stm32wbxx_hal_rtc.c ****   *         __HAL_RTC_WRITEPROTECTION_DISABLE() before calling this function.
1881:Drivers/STM32WBxx_HAL_Driver/Src/stm32wbxx_hal_rtc.c ****   * @param hrtc RTC handle
1882:Drivers/STM32WBxx_HAL_Driver/Src/stm32wbxx_hal_rtc.c ****   * @retval HAL status
1883:Drivers/STM32WBxx_HAL_Driver/Src/stm32wbxx_hal_rtc.c ****   */
1884:Drivers/STM32WBxx_HAL_Driver/Src/stm32wbxx_hal_rtc.c **** HAL_StatusTypeDef RTC_EnterInitMode(RTC_HandleTypeDef *hrtc)
1885:Drivers/STM32WBxx_HAL_Driver/Src/stm32wbxx_hal_rtc.c **** {
 768              		.loc 1 1885 1 is_stmt 1 view -0
 769              		.cfi_startproc
 770              		@ args = 0, pretend = 0, frame = 0
 771              		@ frame_needed = 0, uses_anonymous_args = 0
 772              		.loc 1 1885 1 is_stmt 0 view .LVU208
 773 0000 38B5     		push	{r3, r4, r5, lr}
 774              	.LCFI4:
ARM GAS  C:\Users\843E~1\AppData\Local\Temp\ccZjV6EC.s 			page 48


 775              		.cfi_def_cfa_offset 16
 776              		.cfi_offset 3, -16
 777              		.cfi_offset 4, -12
 778              		.cfi_offset 5, -8
 779              		.cfi_offset 14, -4
1886:Drivers/STM32WBxx_HAL_Driver/Src/stm32wbxx_hal_rtc.c ****   uint32_t tickstart;
 780              		.loc 1 1886 3 is_stmt 1 view .LVU209
1887:Drivers/STM32WBxx_HAL_Driver/Src/stm32wbxx_hal_rtc.c **** 
1888:Drivers/STM32WBxx_HAL_Driver/Src/stm32wbxx_hal_rtc.c ****   /* Check if the Initialization mode is set */
1889:Drivers/STM32WBxx_HAL_Driver/Src/stm32wbxx_hal_rtc.c ****   if ((hrtc->Instance->ISR & RTC_ISR_INITF) == 0U)
 781              		.loc 1 1889 3 view .LVU210
 782              		.loc 1 1889 12 is_stmt 0 view .LVU211
 783 0002 0368     		ldr	r3, [r0]
 784              		.loc 1 1889 22 view .LVU212
 785 0004 DA68     		ldr	r2, [r3, #12]
 786              		.loc 1 1889 6 view .LVU213
 787 0006 12F0400F 		tst	r2, #64
 788 000a 01D0     		beq	.L61
1890:Drivers/STM32WBxx_HAL_Driver/Src/stm32wbxx_hal_rtc.c ****   {
1891:Drivers/STM32WBxx_HAL_Driver/Src/stm32wbxx_hal_rtc.c ****     /* Set the Initialization mode */
1892:Drivers/STM32WBxx_HAL_Driver/Src/stm32wbxx_hal_rtc.c ****     hrtc->Instance->ISR = (uint32_t)RTC_INIT_MASK;
1893:Drivers/STM32WBxx_HAL_Driver/Src/stm32wbxx_hal_rtc.c **** 
1894:Drivers/STM32WBxx_HAL_Driver/Src/stm32wbxx_hal_rtc.c ****     tickstart = HAL_GetTick();
1895:Drivers/STM32WBxx_HAL_Driver/Src/stm32wbxx_hal_rtc.c ****     /* Wait till RTC is in INIT state and if Time out is reached exit */
1896:Drivers/STM32WBxx_HAL_Driver/Src/stm32wbxx_hal_rtc.c ****     while ((hrtc->Instance->ISR & RTC_ISR_INITF) == 0U)
1897:Drivers/STM32WBxx_HAL_Driver/Src/stm32wbxx_hal_rtc.c ****     {
1898:Drivers/STM32WBxx_HAL_Driver/Src/stm32wbxx_hal_rtc.c ****       if ((HAL_GetTick()  - tickstart) > RTC_TIMEOUT_VALUE)
1899:Drivers/STM32WBxx_HAL_Driver/Src/stm32wbxx_hal_rtc.c ****       {
1900:Drivers/STM32WBxx_HAL_Driver/Src/stm32wbxx_hal_rtc.c ****         return HAL_TIMEOUT;
1901:Drivers/STM32WBxx_HAL_Driver/Src/stm32wbxx_hal_rtc.c ****       }
1902:Drivers/STM32WBxx_HAL_Driver/Src/stm32wbxx_hal_rtc.c ****     }
1903:Drivers/STM32WBxx_HAL_Driver/Src/stm32wbxx_hal_rtc.c ****   }
1904:Drivers/STM32WBxx_HAL_Driver/Src/stm32wbxx_hal_rtc.c **** 
1905:Drivers/STM32WBxx_HAL_Driver/Src/stm32wbxx_hal_rtc.c ****   return HAL_OK;
 789              		.loc 1 1905 10 view .LVU214
 790 000c 0020     		movs	r0, #0
 791              	.LVL36:
 792              	.L55:
1906:Drivers/STM32WBxx_HAL_Driver/Src/stm32wbxx_hal_rtc.c **** }
 793              		.loc 1 1906 1 view .LVU215
 794 000e 38BD     		pop	{r3, r4, r5, pc}
 795              	.LVL37:
 796              	.L61:
 797              		.loc 1 1906 1 view .LVU216
 798 0010 0446     		mov	r4, r0
1892:Drivers/STM32WBxx_HAL_Driver/Src/stm32wbxx_hal_rtc.c **** 
 799              		.loc 1 1892 5 is_stmt 1 view .LVU217
1892:Drivers/STM32WBxx_HAL_Driver/Src/stm32wbxx_hal_rtc.c **** 
 800              		.loc 1 1892 25 is_stmt 0 view .LVU218
 801 0012 4FF0FF32 		mov	r2, #-1
 802 0016 DA60     		str	r2, [r3, #12]
1894:Drivers/STM32WBxx_HAL_Driver/Src/stm32wbxx_hal_rtc.c ****     /* Wait till RTC is in INIT state and if Time out is reached exit */
 803              		.loc 1 1894 5 is_stmt 1 view .LVU219
1894:Drivers/STM32WBxx_HAL_Driver/Src/stm32wbxx_hal_rtc.c ****     /* Wait till RTC is in INIT state and if Time out is reached exit */
 804              		.loc 1 1894 17 is_stmt 0 view .LVU220
 805 0018 FFF7FEFF 		bl	HAL_GetTick
 806              	.LVL38:
ARM GAS  C:\Users\843E~1\AppData\Local\Temp\ccZjV6EC.s 			page 49


1894:Drivers/STM32WBxx_HAL_Driver/Src/stm32wbxx_hal_rtc.c ****     /* Wait till RTC is in INIT state and if Time out is reached exit */
 807              		.loc 1 1894 17 view .LVU221
 808 001c 0546     		mov	r5, r0
 809              	.LVL39:
1896:Drivers/STM32WBxx_HAL_Driver/Src/stm32wbxx_hal_rtc.c ****     {
 810              		.loc 1 1896 5 is_stmt 1 view .LVU222
 811              	.L56:
1896:Drivers/STM32WBxx_HAL_Driver/Src/stm32wbxx_hal_rtc.c ****     {
 812              		.loc 1 1896 11 view .LVU223
1896:Drivers/STM32WBxx_HAL_Driver/Src/stm32wbxx_hal_rtc.c ****     {
 813              		.loc 1 1896 17 is_stmt 0 view .LVU224
 814 001e 2368     		ldr	r3, [r4]
1896:Drivers/STM32WBxx_HAL_Driver/Src/stm32wbxx_hal_rtc.c ****     {
 815              		.loc 1 1896 27 view .LVU225
 816 0020 DB68     		ldr	r3, [r3, #12]
1896:Drivers/STM32WBxx_HAL_Driver/Src/stm32wbxx_hal_rtc.c ****     {
 817              		.loc 1 1896 11 view .LVU226
 818 0022 13F0400F 		tst	r3, #64
 819 0026 07D1     		bne	.L62
1898:Drivers/STM32WBxx_HAL_Driver/Src/stm32wbxx_hal_rtc.c ****       {
 820              		.loc 1 1898 7 is_stmt 1 view .LVU227
1898:Drivers/STM32WBxx_HAL_Driver/Src/stm32wbxx_hal_rtc.c ****       {
 821              		.loc 1 1898 12 is_stmt 0 view .LVU228
 822 0028 FFF7FEFF 		bl	HAL_GetTick
 823              	.LVL40:
1898:Drivers/STM32WBxx_HAL_Driver/Src/stm32wbxx_hal_rtc.c ****       {
 824              		.loc 1 1898 27 view .LVU229
 825 002c 431B     		subs	r3, r0, r5
1898:Drivers/STM32WBxx_HAL_Driver/Src/stm32wbxx_hal_rtc.c ****       {
 826              		.loc 1 1898 10 view .LVU230
 827 002e B3F57A7F 		cmp	r3, #1000
 828 0032 F4D9     		bls	.L56
1900:Drivers/STM32WBxx_HAL_Driver/Src/stm32wbxx_hal_rtc.c ****       }
 829              		.loc 1 1900 16 view .LVU231
 830 0034 0320     		movs	r0, #3
 831 0036 EAE7     		b	.L55
 832              	.L62:
1905:Drivers/STM32WBxx_HAL_Driver/Src/stm32wbxx_hal_rtc.c **** }
 833              		.loc 1 1905 10 view .LVU232
 834 0038 0020     		movs	r0, #0
 835 003a E8E7     		b	.L55
 836              		.cfi_endproc
 837              	.LFE972:
 839              		.section	.text.HAL_RTC_Init,"ax",%progbits
 840              		.align	1
 841              		.global	HAL_RTC_Init
 842              		.syntax unified
 843              		.thumb
 844              		.thumb_func
 846              	HAL_RTC_Init:
 847              	.LVL41:
 848              	.LFB950:
 231:Drivers/STM32WBxx_HAL_Driver/Src/stm32wbxx_hal_rtc.c ****   HAL_StatusTypeDef status;
 849              		.loc 1 231 1 is_stmt 1 view -0
 850              		.cfi_startproc
 851              		@ args = 0, pretend = 0, frame = 0
 852              		@ frame_needed = 0, uses_anonymous_args = 0
ARM GAS  C:\Users\843E~1\AppData\Local\Temp\ccZjV6EC.s 			page 50


 232:Drivers/STM32WBxx_HAL_Driver/Src/stm32wbxx_hal_rtc.c **** 
 853              		.loc 1 232 3 view .LVU234
 235:Drivers/STM32WBxx_HAL_Driver/Src/stm32wbxx_hal_rtc.c ****   {
 854              		.loc 1 235 3 view .LVU235
 235:Drivers/STM32WBxx_HAL_Driver/Src/stm32wbxx_hal_rtc.c ****   {
 855              		.loc 1 235 6 is_stmt 0 view .LVU236
 856 0000 0028     		cmp	r0, #0
 857 0002 6BD0     		beq	.L69
 231:Drivers/STM32WBxx_HAL_Driver/Src/stm32wbxx_hal_rtc.c ****   HAL_StatusTypeDef status;
 858              		.loc 1 231 1 view .LVU237
 859 0004 10B5     		push	{r4, lr}
 860              	.LCFI5:
 861              		.cfi_def_cfa_offset 8
 862              		.cfi_offset 4, -8
 863              		.cfi_offset 14, -4
 864 0006 0446     		mov	r4, r0
 241:Drivers/STM32WBxx_HAL_Driver/Src/stm32wbxx_hal_rtc.c ****   assert_param(IS_RTC_HOUR_FORMAT(hrtc->Init.HourFormat));
 865              		.loc 1 241 3 is_stmt 1 view .LVU238
 242:Drivers/STM32WBxx_HAL_Driver/Src/stm32wbxx_hal_rtc.c ****   assert_param(IS_RTC_ASYNCH_PREDIV(hrtc->Init.AsynchPrediv));
 866              		.loc 1 242 3 view .LVU239
 243:Drivers/STM32WBxx_HAL_Driver/Src/stm32wbxx_hal_rtc.c ****   assert_param(IS_RTC_SYNCH_PREDIV(hrtc->Init.SynchPrediv));
 867              		.loc 1 243 3 view .LVU240
 244:Drivers/STM32WBxx_HAL_Driver/Src/stm32wbxx_hal_rtc.c ****   assert_param(IS_RTC_OUTPUT(hrtc->Init.OutPut));
 868              		.loc 1 244 3 view .LVU241
 245:Drivers/STM32WBxx_HAL_Driver/Src/stm32wbxx_hal_rtc.c ****   assert_param(IS_RTC_OUTPUT_REMAP(hrtc->Init.OutPutRemap));
 869              		.loc 1 245 3 view .LVU242
 246:Drivers/STM32WBxx_HAL_Driver/Src/stm32wbxx_hal_rtc.c ****   assert_param(IS_RTC_OUTPUT_POL(hrtc->Init.OutPutPolarity));
 870              		.loc 1 246 3 view .LVU243
 247:Drivers/STM32WBxx_HAL_Driver/Src/stm32wbxx_hal_rtc.c ****   assert_param(IS_RTC_OUTPUT_TYPE(hrtc->Init.OutPutType));
 871              		.loc 1 247 3 view .LVU244
 248:Drivers/STM32WBxx_HAL_Driver/Src/stm32wbxx_hal_rtc.c **** 
 872              		.loc 1 248 3 view .LVU245
 281:Drivers/STM32WBxx_HAL_Driver/Src/stm32wbxx_hal_rtc.c ****   {
 873              		.loc 1 281 3 view .LVU246
 281:Drivers/STM32WBxx_HAL_Driver/Src/stm32wbxx_hal_rtc.c ****   {
 874              		.loc 1 281 11 is_stmt 0 view .LVU247
 875 0008 90F82130 		ldrb	r3, [r0, #33]	@ zero_extendqisi2
 281:Drivers/STM32WBxx_HAL_Driver/Src/stm32wbxx_hal_rtc.c ****   {
 876              		.loc 1 281 6 view .LVU248
 877 000c 63B1     		cbz	r3, .L74
 878              	.LVL42:
 879              	.L65:
 292:Drivers/STM32WBxx_HAL_Driver/Src/stm32wbxx_hal_rtc.c **** 
 880              		.loc 1 292 3 is_stmt 1 view .LVU249
 292:Drivers/STM32WBxx_HAL_Driver/Src/stm32wbxx_hal_rtc.c **** 
 881              		.loc 1 292 15 is_stmt 0 view .LVU250
 882 000e 0223     		movs	r3, #2
 883 0010 84F82130 		strb	r3, [r4, #33]
 295:Drivers/STM32WBxx_HAL_Driver/Src/stm32wbxx_hal_rtc.c ****   {
 884              		.loc 1 295 3 is_stmt 1 view .LVU251
 295:Drivers/STM32WBxx_HAL_Driver/Src/stm32wbxx_hal_rtc.c ****   {
 885              		.loc 1 295 7 is_stmt 0 view .LVU252
 886 0014 324B     		ldr	r3, .L77
 887 0016 DB68     		ldr	r3, [r3, #12]
 295:Drivers/STM32WBxx_HAL_Driver/Src/stm32wbxx_hal_rtc.c ****   {
 888              		.loc 1 295 6 view .LVU253
 889 0018 13F0100F 		tst	r3, #16
ARM GAS  C:\Users\843E~1\AppData\Local\Temp\ccZjV6EC.s 			page 51


 890 001c 09D0     		beq	.L75
 891              	.L66:
 366:Drivers/STM32WBxx_HAL_Driver/Src/stm32wbxx_hal_rtc.c ****   }
 892              		.loc 1 366 5 is_stmt 1 view .LVU254
 366:Drivers/STM32WBxx_HAL_Driver/Src/stm32wbxx_hal_rtc.c ****   }
 893              		.loc 1 366 17 is_stmt 0 view .LVU255
 894 001e 0123     		movs	r3, #1
 895 0020 84F82130 		strb	r3, [r4, #33]
 896 0024 0020     		movs	r0, #0
 897              	.L64:
 370:Drivers/STM32WBxx_HAL_Driver/Src/stm32wbxx_hal_rtc.c **** 
 898              		.loc 1 370 1 view .LVU256
 899 0026 10BD     		pop	{r4, pc}
 900              	.LVL43:
 901              	.L74:
 284:Drivers/STM32WBxx_HAL_Driver/Src/stm32wbxx_hal_rtc.c **** 
 902              		.loc 1 284 5 is_stmt 1 view .LVU257
 284:Drivers/STM32WBxx_HAL_Driver/Src/stm32wbxx_hal_rtc.c **** 
 903              		.loc 1 284 16 is_stmt 0 view .LVU258
 904 0028 80F82030 		strb	r3, [r0, #32]
 287:Drivers/STM32WBxx_HAL_Driver/Src/stm32wbxx_hal_rtc.c ****   }
 905              		.loc 1 287 5 is_stmt 1 view .LVU259
 906 002c FFF7FEFF 		bl	HAL_RTC_MspInit
 907              	.LVL44:
 287:Drivers/STM32WBxx_HAL_Driver/Src/stm32wbxx_hal_rtc.c ****   }
 908              		.loc 1 287 5 is_stmt 0 view .LVU260
 909 0030 EDE7     		b	.L65
 910              	.L75:
 298:Drivers/STM32WBxx_HAL_Driver/Src/stm32wbxx_hal_rtc.c **** 
 911              		.loc 1 298 5 is_stmt 1 view .LVU261
 298:Drivers/STM32WBxx_HAL_Driver/Src/stm32wbxx_hal_rtc.c **** 
 912              		.loc 1 298 5 view .LVU262
 913 0032 2368     		ldr	r3, [r4]
 914 0034 CA22     		movs	r2, #202
 915 0036 5A62     		str	r2, [r3, #36]
 298:Drivers/STM32WBxx_HAL_Driver/Src/stm32wbxx_hal_rtc.c **** 
 916              		.loc 1 298 5 view .LVU263
 917 0038 2368     		ldr	r3, [r4]
 918 003a 5322     		movs	r2, #83
 919 003c 5A62     		str	r2, [r3, #36]
 298:Drivers/STM32WBxx_HAL_Driver/Src/stm32wbxx_hal_rtc.c **** 
 920              		.loc 1 298 5 view .LVU264
 301:Drivers/STM32WBxx_HAL_Driver/Src/stm32wbxx_hal_rtc.c ****     {
 921              		.loc 1 301 5 view .LVU265
 301:Drivers/STM32WBxx_HAL_Driver/Src/stm32wbxx_hal_rtc.c ****     {
 922              		.loc 1 301 9 is_stmt 0 view .LVU266
 923 003e 2046     		mov	r0, r4
 924 0040 FFF7FEFF 		bl	RTC_EnterInitMode
 925              	.LVL45:
 301:Drivers/STM32WBxx_HAL_Driver/Src/stm32wbxx_hal_rtc.c ****     {
 926              		.loc 1 301 8 view .LVU267
 927 0044 38B1     		cbz	r0, .L67
 304:Drivers/STM32WBxx_HAL_Driver/Src/stm32wbxx_hal_rtc.c **** 
 928              		.loc 1 304 7 is_stmt 1 view .LVU268
 304:Drivers/STM32WBxx_HAL_Driver/Src/stm32wbxx_hal_rtc.c **** 
 929              		.loc 1 304 7 view .LVU269
 930 0046 2368     		ldr	r3, [r4]
ARM GAS  C:\Users\843E~1\AppData\Local\Temp\ccZjV6EC.s 			page 52


 931 0048 FF22     		movs	r2, #255
 932 004a 5A62     		str	r2, [r3, #36]
 304:Drivers/STM32WBxx_HAL_Driver/Src/stm32wbxx_hal_rtc.c **** 
 933              		.loc 1 304 7 view .LVU270
 307:Drivers/STM32WBxx_HAL_Driver/Src/stm32wbxx_hal_rtc.c **** 
 934              		.loc 1 307 7 view .LVU271
 307:Drivers/STM32WBxx_HAL_Driver/Src/stm32wbxx_hal_rtc.c **** 
 935              		.loc 1 307 19 is_stmt 0 view .LVU272
 936 004c 0423     		movs	r3, #4
 937 004e 84F82130 		strb	r3, [r4, #33]
 309:Drivers/STM32WBxx_HAL_Driver/Src/stm32wbxx_hal_rtc.c ****     }
 938              		.loc 1 309 7 is_stmt 1 view .LVU273
 939              	.LVL46:
 363:Drivers/STM32WBxx_HAL_Driver/Src/stm32wbxx_hal_rtc.c ****   {
 940              		.loc 1 363 3 view .LVU274
 309:Drivers/STM32WBxx_HAL_Driver/Src/stm32wbxx_hal_rtc.c ****     }
 941              		.loc 1 309 14 is_stmt 0 view .LVU275
 942 0052 0120     		movs	r0, #1
 943 0054 E7E7     		b	.L64
 944              	.LVL47:
 945              	.L67:
 314:Drivers/STM32WBxx_HAL_Driver/Src/stm32wbxx_hal_rtc.c ****       /* Set RTC_CR register */
 946              		.loc 1 314 7 is_stmt 1 view .LVU276
 314:Drivers/STM32WBxx_HAL_Driver/Src/stm32wbxx_hal_rtc.c ****       /* Set RTC_CR register */
 947              		.loc 1 314 11 is_stmt 0 view .LVU277
 948 0056 2268     		ldr	r2, [r4]
 314:Drivers/STM32WBxx_HAL_Driver/Src/stm32wbxx_hal_rtc.c ****       /* Set RTC_CR register */
 949              		.loc 1 314 26 view .LVU278
 950 0058 9368     		ldr	r3, [r2, #8]
 951 005a 23F4E003 		bic	r3, r3, #7340032
 952 005e 23F04003 		bic	r3, r3, #64
 953 0062 9360     		str	r3, [r2, #8]
 316:Drivers/STM32WBxx_HAL_Driver/Src/stm32wbxx_hal_rtc.c **** 
 954              		.loc 1 316 7 is_stmt 1 view .LVU279
 316:Drivers/STM32WBxx_HAL_Driver/Src/stm32wbxx_hal_rtc.c **** 
 955              		.loc 1 316 11 is_stmt 0 view .LVU280
 956 0064 2168     		ldr	r1, [r4]
 316:Drivers/STM32WBxx_HAL_Driver/Src/stm32wbxx_hal_rtc.c **** 
 957              		.loc 1 316 26 view .LVU281
 958 0066 8A68     		ldr	r2, [r1, #8]
 316:Drivers/STM32WBxx_HAL_Driver/Src/stm32wbxx_hal_rtc.c **** 
 959              		.loc 1 316 50 view .LVU282
 960 0068 6368     		ldr	r3, [r4, #4]
 316:Drivers/STM32WBxx_HAL_Driver/Src/stm32wbxx_hal_rtc.c **** 
 961              		.loc 1 316 74 view .LVU283
 962 006a 2069     		ldr	r0, [r4, #16]
 316:Drivers/STM32WBxx_HAL_Driver/Src/stm32wbxx_hal_rtc.c **** 
 963              		.loc 1 316 62 view .LVU284
 964 006c 0343     		orrs	r3, r3, r0
 316:Drivers/STM32WBxx_HAL_Driver/Src/stm32wbxx_hal_rtc.c **** 
 965              		.loc 1 316 94 view .LVU285
 966 006e A069     		ldr	r0, [r4, #24]
 316:Drivers/STM32WBxx_HAL_Driver/Src/stm32wbxx_hal_rtc.c **** 
 967              		.loc 1 316 82 view .LVU286
 968 0070 0343     		orrs	r3, r3, r0
 316:Drivers/STM32WBxx_HAL_Driver/Src/stm32wbxx_hal_rtc.c **** 
 969              		.loc 1 316 26 view .LVU287
ARM GAS  C:\Users\843E~1\AppData\Local\Temp\ccZjV6EC.s 			page 53


 970 0072 1343     		orrs	r3, r3, r2
 971 0074 8B60     		str	r3, [r1, #8]
 319:Drivers/STM32WBxx_HAL_Driver/Src/stm32wbxx_hal_rtc.c ****       hrtc->Instance->PRER |= (uint32_t)(hrtc->Init.AsynchPrediv << 16U);
 972              		.loc 1 319 7 is_stmt 1 view .LVU288
 319:Drivers/STM32WBxx_HAL_Driver/Src/stm32wbxx_hal_rtc.c ****       hrtc->Instance->PRER |= (uint32_t)(hrtc->Init.AsynchPrediv << 16U);
 973              		.loc 1 319 11 is_stmt 0 view .LVU289
 974 0076 2368     		ldr	r3, [r4]
 319:Drivers/STM32WBxx_HAL_Driver/Src/stm32wbxx_hal_rtc.c ****       hrtc->Instance->PRER |= (uint32_t)(hrtc->Init.AsynchPrediv << 16U);
 975              		.loc 1 319 51 view .LVU290
 976 0078 E268     		ldr	r2, [r4, #12]
 319:Drivers/STM32WBxx_HAL_Driver/Src/stm32wbxx_hal_rtc.c ****       hrtc->Instance->PRER |= (uint32_t)(hrtc->Init.AsynchPrediv << 16U);
 977              		.loc 1 319 28 view .LVU291
 978 007a 1A61     		str	r2, [r3, #16]
 320:Drivers/STM32WBxx_HAL_Driver/Src/stm32wbxx_hal_rtc.c **** 
 979              		.loc 1 320 7 is_stmt 1 view .LVU292
 320:Drivers/STM32WBxx_HAL_Driver/Src/stm32wbxx_hal_rtc.c **** 
 980              		.loc 1 320 11 is_stmt 0 view .LVU293
 981 007c 2268     		ldr	r2, [r4]
 320:Drivers/STM32WBxx_HAL_Driver/Src/stm32wbxx_hal_rtc.c **** 
 982              		.loc 1 320 28 view .LVU294
 983 007e 1369     		ldr	r3, [r2, #16]
 320:Drivers/STM32WBxx_HAL_Driver/Src/stm32wbxx_hal_rtc.c **** 
 984              		.loc 1 320 52 view .LVU295
 985 0080 A168     		ldr	r1, [r4, #8]
 320:Drivers/STM32WBxx_HAL_Driver/Src/stm32wbxx_hal_rtc.c **** 
 986              		.loc 1 320 28 view .LVU296
 987 0082 43EA0143 		orr	r3, r3, r1, lsl #16
 988 0086 1361     		str	r3, [r2, #16]
 323:Drivers/STM32WBxx_HAL_Driver/Src/stm32wbxx_hal_rtc.c **** 
 989              		.loc 1 323 7 is_stmt 1 view .LVU297
 323:Drivers/STM32WBxx_HAL_Driver/Src/stm32wbxx_hal_rtc.c **** 
 990              		.loc 1 323 11 is_stmt 0 view .LVU298
 991 0088 2268     		ldr	r2, [r4]
 323:Drivers/STM32WBxx_HAL_Driver/Src/stm32wbxx_hal_rtc.c **** 
 992              		.loc 1 323 27 view .LVU299
 993 008a D368     		ldr	r3, [r2, #12]
 994 008c 23F08003 		bic	r3, r3, #128
 995 0090 D360     		str	r3, [r2, #12]
 326:Drivers/STM32WBxx_HAL_Driver/Src/stm32wbxx_hal_rtc.c **** #else
 996              		.loc 1 326 7 is_stmt 1 view .LVU300
 326:Drivers/STM32WBxx_HAL_Driver/Src/stm32wbxx_hal_rtc.c **** #else
 997              		.loc 1 326 11 is_stmt 0 view .LVU301
 998 0092 2268     		ldr	r2, [r4]
 326:Drivers/STM32WBxx_HAL_Driver/Src/stm32wbxx_hal_rtc.c **** #else
 999              		.loc 1 326 26 view .LVU302
 1000 0094 D36C     		ldr	r3, [r2, #76]
 1001 0096 23F00303 		bic	r3, r3, #3
 1002 009a D364     		str	r3, [r2, #76]
 330:Drivers/STM32WBxx_HAL_Driver/Src/stm32wbxx_hal_rtc.c **** 
 1003              		.loc 1 330 7 is_stmt 1 view .LVU303
 330:Drivers/STM32WBxx_HAL_Driver/Src/stm32wbxx_hal_rtc.c **** 
 1004              		.loc 1 330 11 is_stmt 0 view .LVU304
 1005 009c 2168     		ldr	r1, [r4]
 330:Drivers/STM32WBxx_HAL_Driver/Src/stm32wbxx_hal_rtc.c **** 
 1006              		.loc 1 330 26 view .LVU305
 1007 009e CB6C     		ldr	r3, [r1, #76]
 330:Drivers/STM32WBxx_HAL_Driver/Src/stm32wbxx_hal_rtc.c **** 
ARM GAS  C:\Users\843E~1\AppData\Local\Temp\ccZjV6EC.s 			page 54


 1008              		.loc 1 330 50 view .LVU306
 1009 00a0 E269     		ldr	r2, [r4, #28]
 330:Drivers/STM32WBxx_HAL_Driver/Src/stm32wbxx_hal_rtc.c **** 
 1010              		.loc 1 330 74 view .LVU307
 1011 00a2 6069     		ldr	r0, [r4, #20]
 330:Drivers/STM32WBxx_HAL_Driver/Src/stm32wbxx_hal_rtc.c **** 
 1012              		.loc 1 330 62 view .LVU308
 1013 00a4 0243     		orrs	r2, r2, r0
 330:Drivers/STM32WBxx_HAL_Driver/Src/stm32wbxx_hal_rtc.c **** 
 1014              		.loc 1 330 26 view .LVU309
 1015 00a6 1343     		orrs	r3, r3, r2
 1016 00a8 CB64     		str	r3, [r1, #76]
 333:Drivers/STM32WBxx_HAL_Driver/Src/stm32wbxx_hal_rtc.c ****       {
 1017              		.loc 1 333 7 is_stmt 1 view .LVU310
 333:Drivers/STM32WBxx_HAL_Driver/Src/stm32wbxx_hal_rtc.c ****       {
 1018              		.loc 1 333 16 is_stmt 0 view .LVU311
 1019 00aa 2368     		ldr	r3, [r4]
 333:Drivers/STM32WBxx_HAL_Driver/Src/stm32wbxx_hal_rtc.c ****       {
 1020              		.loc 1 333 26 view .LVU312
 1021 00ac 9B68     		ldr	r3, [r3, #8]
 333:Drivers/STM32WBxx_HAL_Driver/Src/stm32wbxx_hal_rtc.c ****       {
 1022              		.loc 1 333 10 view .LVU313
 1023 00ae 13F0200F 		tst	r3, #32
 1024 00b2 03D0     		beq	.L76
 1025              	.L68:
 350:Drivers/STM32WBxx_HAL_Driver/Src/stm32wbxx_hal_rtc.c **** 
 1026              		.loc 1 350 7 is_stmt 1 view .LVU314
 350:Drivers/STM32WBxx_HAL_Driver/Src/stm32wbxx_hal_rtc.c **** 
 1027              		.loc 1 350 7 view .LVU315
 1028 00b4 2368     		ldr	r3, [r4]
 1029 00b6 FF22     		movs	r2, #255
 1030 00b8 5A62     		str	r2, [r3, #36]
 350:Drivers/STM32WBxx_HAL_Driver/Src/stm32wbxx_hal_rtc.c **** 
 1031              		.loc 1 350 7 view .LVU316
 353:Drivers/STM32WBxx_HAL_Driver/Src/stm32wbxx_hal_rtc.c ****     }
 1032              		.loc 1 353 7 view .LVU317
 1033              	.LVL48:
 363:Drivers/STM32WBxx_HAL_Driver/Src/stm32wbxx_hal_rtc.c ****   {
 1034              		.loc 1 363 3 view .LVU318
 1035 00ba B0E7     		b	.L66
 1036              	.LVL49:
 1037              	.L76:
 335:Drivers/STM32WBxx_HAL_Driver/Src/stm32wbxx_hal_rtc.c ****         {
 1038              		.loc 1 335 9 view .LVU319
 335:Drivers/STM32WBxx_HAL_Driver/Src/stm32wbxx_hal_rtc.c ****         {
 1039              		.loc 1 335 13 is_stmt 0 view .LVU320
 1040 00bc 2046     		mov	r0, r4
 1041 00be FFF7FEFF 		bl	HAL_RTC_WaitForSynchro
 1042              	.LVL50:
 335:Drivers/STM32WBxx_HAL_Driver/Src/stm32wbxx_hal_rtc.c ****         {
 1043              		.loc 1 335 12 view .LVU321
 1044 00c2 0028     		cmp	r0, #0
 1045 00c4 F6D0     		beq	.L68
 338:Drivers/STM32WBxx_HAL_Driver/Src/stm32wbxx_hal_rtc.c **** 
 1046              		.loc 1 338 11 is_stmt 1 view .LVU322
 338:Drivers/STM32WBxx_HAL_Driver/Src/stm32wbxx_hal_rtc.c **** 
 1047              		.loc 1 338 11 view .LVU323
ARM GAS  C:\Users\843E~1\AppData\Local\Temp\ccZjV6EC.s 			page 55


 1048 00c6 2368     		ldr	r3, [r4]
 1049 00c8 FF22     		movs	r2, #255
 1050 00ca 5A62     		str	r2, [r3, #36]
 338:Drivers/STM32WBxx_HAL_Driver/Src/stm32wbxx_hal_rtc.c **** 
 1051              		.loc 1 338 11 view .LVU324
 340:Drivers/STM32WBxx_HAL_Driver/Src/stm32wbxx_hal_rtc.c **** 
 1052              		.loc 1 340 11 view .LVU325
 340:Drivers/STM32WBxx_HAL_Driver/Src/stm32wbxx_hal_rtc.c **** 
 1053              		.loc 1 340 23 is_stmt 0 view .LVU326
 1054 00cc 0423     		movs	r3, #4
 1055 00ce 84F82130 		strb	r3, [r4, #33]
 343:Drivers/STM32WBxx_HAL_Driver/Src/stm32wbxx_hal_rtc.c **** 
 1056              		.loc 1 343 11 is_stmt 1 view .LVU327
 343:Drivers/STM32WBxx_HAL_Driver/Src/stm32wbxx_hal_rtc.c **** 
 1057              		.loc 1 343 11 view .LVU328
 1058 00d2 0023     		movs	r3, #0
 1059 00d4 84F82030 		strb	r3, [r4, #32]
 343:Drivers/STM32WBxx_HAL_Driver/Src/stm32wbxx_hal_rtc.c **** 
 1060              		.loc 1 343 11 view .LVU329
 345:Drivers/STM32WBxx_HAL_Driver/Src/stm32wbxx_hal_rtc.c ****         }
 1061              		.loc 1 345 11 view .LVU330
 345:Drivers/STM32WBxx_HAL_Driver/Src/stm32wbxx_hal_rtc.c ****         }
 1062              		.loc 1 345 18 is_stmt 0 view .LVU331
 1063 00d8 0120     		movs	r0, #1
 1064 00da A4E7     		b	.L64
 1065              	.LVL51:
 1066              	.L69:
 1067              	.LCFI6:
 1068              		.cfi_def_cfa_offset 0
 1069              		.cfi_restore 4
 1070              		.cfi_restore 14
 237:Drivers/STM32WBxx_HAL_Driver/Src/stm32wbxx_hal_rtc.c ****   }
 1071              		.loc 1 237 12 view .LVU332
 1072 00dc 0120     		movs	r0, #1
 1073              	.LVL52:
 370:Drivers/STM32WBxx_HAL_Driver/Src/stm32wbxx_hal_rtc.c **** 
 1074              		.loc 1 370 1 view .LVU333
 1075 00de 7047     		bx	lr
 1076              	.L78:
 1077              		.align	2
 1078              	.L77:
 1079 00e0 00280040 		.word	1073752064
 1080              		.cfi_endproc
 1081              	.LFE950:
 1083              		.section	.text.HAL_RTC_DeInit,"ax",%progbits
 1084              		.align	1
 1085              		.global	HAL_RTC_DeInit
 1086              		.syntax unified
 1087              		.thumb
 1088              		.thumb_func
 1090              	HAL_RTC_DeInit:
 1091              	.LVL53:
 1092              	.LFB951:
 379:Drivers/STM32WBxx_HAL_Driver/Src/stm32wbxx_hal_rtc.c ****   uint32_t tickstart;
 1093              		.loc 1 379 1 is_stmt 1 view -0
 1094              		.cfi_startproc
 1095              		@ args = 0, pretend = 0, frame = 0
ARM GAS  C:\Users\843E~1\AppData\Local\Temp\ccZjV6EC.s 			page 56


 1096              		@ frame_needed = 0, uses_anonymous_args = 0
 379:Drivers/STM32WBxx_HAL_Driver/Src/stm32wbxx_hal_rtc.c ****   uint32_t tickstart;
 1097              		.loc 1 379 1 is_stmt 0 view .LVU335
 1098 0000 70B5     		push	{r4, r5, r6, lr}
 1099              	.LCFI7:
 1100              		.cfi_def_cfa_offset 16
 1101              		.cfi_offset 4, -16
 1102              		.cfi_offset 5, -12
 1103              		.cfi_offset 6, -8
 1104              		.cfi_offset 14, -4
 1105 0002 0446     		mov	r4, r0
 380:Drivers/STM32WBxx_HAL_Driver/Src/stm32wbxx_hal_rtc.c **** 
 1106              		.loc 1 380 3 is_stmt 1 view .LVU336
 383:Drivers/STM32WBxx_HAL_Driver/Src/stm32wbxx_hal_rtc.c **** 
 1107              		.loc 1 383 3 view .LVU337
 386:Drivers/STM32WBxx_HAL_Driver/Src/stm32wbxx_hal_rtc.c **** 
 1108              		.loc 1 386 3 view .LVU338
 386:Drivers/STM32WBxx_HAL_Driver/Src/stm32wbxx_hal_rtc.c **** 
 1109              		.loc 1 386 15 is_stmt 0 view .LVU339
 1110 0004 0223     		movs	r3, #2
 1111 0006 80F82130 		strb	r3, [r0, #33]
 389:Drivers/STM32WBxx_HAL_Driver/Src/stm32wbxx_hal_rtc.c **** 
 1112              		.loc 1 389 3 is_stmt 1 view .LVU340
 389:Drivers/STM32WBxx_HAL_Driver/Src/stm32wbxx_hal_rtc.c **** 
 1113              		.loc 1 389 3 view .LVU341
 1114 000a 0368     		ldr	r3, [r0]
 1115 000c CA22     		movs	r2, #202
 1116 000e 5A62     		str	r2, [r3, #36]
 389:Drivers/STM32WBxx_HAL_Driver/Src/stm32wbxx_hal_rtc.c **** 
 1117              		.loc 1 389 3 view .LVU342
 1118 0010 0368     		ldr	r3, [r0]
 1119 0012 5322     		movs	r2, #83
 1120 0014 5A62     		str	r2, [r3, #36]
 389:Drivers/STM32WBxx_HAL_Driver/Src/stm32wbxx_hal_rtc.c **** 
 1121              		.loc 1 389 3 view .LVU343
 392:Drivers/STM32WBxx_HAL_Driver/Src/stm32wbxx_hal_rtc.c ****   {
 1122              		.loc 1 392 3 view .LVU344
 392:Drivers/STM32WBxx_HAL_Driver/Src/stm32wbxx_hal_rtc.c ****   {
 1123              		.loc 1 392 7 is_stmt 0 view .LVU345
 1124 0016 FFF7FEFF 		bl	RTC_EnterInitMode
 1125              	.LVL54:
 392:Drivers/STM32WBxx_HAL_Driver/Src/stm32wbxx_hal_rtc.c ****   {
 1126              		.loc 1 392 6 view .LVU346
 1127 001a 40B1     		cbz	r0, .L80
 395:Drivers/STM32WBxx_HAL_Driver/Src/stm32wbxx_hal_rtc.c **** 
 1128              		.loc 1 395 5 is_stmt 1 view .LVU347
 395:Drivers/STM32WBxx_HAL_Driver/Src/stm32wbxx_hal_rtc.c **** 
 1129              		.loc 1 395 5 view .LVU348
 1130 001c 2368     		ldr	r3, [r4]
 1131 001e FF22     		movs	r2, #255
 1132 0020 5A62     		str	r2, [r3, #36]
 395:Drivers/STM32WBxx_HAL_Driver/Src/stm32wbxx_hal_rtc.c **** 
 1133              		.loc 1 395 5 view .LVU349
 398:Drivers/STM32WBxx_HAL_Driver/Src/stm32wbxx_hal_rtc.c **** 
 1134              		.loc 1 398 5 view .LVU350
 398:Drivers/STM32WBxx_HAL_Driver/Src/stm32wbxx_hal_rtc.c **** 
 1135              		.loc 1 398 17 is_stmt 0 view .LVU351
ARM GAS  C:\Users\843E~1\AppData\Local\Temp\ccZjV6EC.s 			page 57


 1136 0022 0423     		movs	r3, #4
 1137 0024 84F82130 		strb	r3, [r4, #33]
 400:Drivers/STM32WBxx_HAL_Driver/Src/stm32wbxx_hal_rtc.c ****   }
 1138              		.loc 1 400 5 is_stmt 1 view .LVU352
 400:Drivers/STM32WBxx_HAL_Driver/Src/stm32wbxx_hal_rtc.c ****   }
 1139              		.loc 1 400 12 is_stmt 0 view .LVU353
 1140 0028 0126     		movs	r6, #1
 1141              	.L81:
 485:Drivers/STM32WBxx_HAL_Driver/Src/stm32wbxx_hal_rtc.c **** 
 1142              		.loc 1 485 1 view .LVU354
 1143 002a 3046     		mov	r0, r6
 1144 002c 70BD     		pop	{r4, r5, r6, pc}
 1145              	.LVL55:
 1146              	.L80:
 485:Drivers/STM32WBxx_HAL_Driver/Src/stm32wbxx_hal_rtc.c **** 
 1147              		.loc 1 485 1 view .LVU355
 1148 002e 0646     		mov	r6, r0
 405:Drivers/STM32WBxx_HAL_Driver/Src/stm32wbxx_hal_rtc.c ****     hrtc->Instance->DR = ((uint32_t)(RTC_DR_WDU_0 | RTC_DR_MU_0 | RTC_DR_DU_0));
 1149              		.loc 1 405 5 is_stmt 1 view .LVU356
 405:Drivers/STM32WBxx_HAL_Driver/Src/stm32wbxx_hal_rtc.c ****     hrtc->Instance->DR = ((uint32_t)(RTC_DR_WDU_0 | RTC_DR_MU_0 | RTC_DR_DU_0));
 1150              		.loc 1 405 9 is_stmt 0 view .LVU357
 1151 0030 2368     		ldr	r3, [r4]
 405:Drivers/STM32WBxx_HAL_Driver/Src/stm32wbxx_hal_rtc.c ****     hrtc->Instance->DR = ((uint32_t)(RTC_DR_WDU_0 | RTC_DR_MU_0 | RTC_DR_DU_0));
 1152              		.loc 1 405 24 view .LVU358
 1153 0032 0022     		movs	r2, #0
 1154 0034 1A60     		str	r2, [r3]
 406:Drivers/STM32WBxx_HAL_Driver/Src/stm32wbxx_hal_rtc.c ****     /* Reset All CR bits except CR[2:0] */
 1155              		.loc 1 406 5 is_stmt 1 view .LVU359
 406:Drivers/STM32WBxx_HAL_Driver/Src/stm32wbxx_hal_rtc.c ****     /* Reset All CR bits except CR[2:0] */
 1156              		.loc 1 406 9 is_stmt 0 view .LVU360
 1157 0036 2368     		ldr	r3, [r4]
 406:Drivers/STM32WBxx_HAL_Driver/Src/stm32wbxx_hal_rtc.c ****     /* Reset All CR bits except CR[2:0] */
 1158              		.loc 1 406 24 view .LVU361
 1159 0038 42F20112 		movw	r2, #8449
 1160 003c 5A60     		str	r2, [r3, #4]
 408:Drivers/STM32WBxx_HAL_Driver/Src/stm32wbxx_hal_rtc.c **** 
 1161              		.loc 1 408 5 is_stmt 1 view .LVU362
 408:Drivers/STM32WBxx_HAL_Driver/Src/stm32wbxx_hal_rtc.c **** 
 1162              		.loc 1 408 9 is_stmt 0 view .LVU363
 1163 003e 2268     		ldr	r2, [r4]
 408:Drivers/STM32WBxx_HAL_Driver/Src/stm32wbxx_hal_rtc.c **** 
 1164              		.loc 1 408 24 view .LVU364
 1165 0040 9368     		ldr	r3, [r2, #8]
 1166 0042 03F00703 		and	r3, r3, #7
 1167 0046 9360     		str	r3, [r2, #8]
 410:Drivers/STM32WBxx_HAL_Driver/Src/stm32wbxx_hal_rtc.c **** 
 1168              		.loc 1 410 5 is_stmt 1 view .LVU365
 410:Drivers/STM32WBxx_HAL_Driver/Src/stm32wbxx_hal_rtc.c **** 
 1169              		.loc 1 410 17 is_stmt 0 view .LVU366
 1170 0048 FFF7FEFF 		bl	HAL_GetTick
 1171              	.LVL56:
 1172 004c 0546     		mov	r5, r0
 1173              	.LVL57:
 413:Drivers/STM32WBxx_HAL_Driver/Src/stm32wbxx_hal_rtc.c ****     {
 1174              		.loc 1 413 5 is_stmt 1 view .LVU367
 1175              	.L82:
 413:Drivers/STM32WBxx_HAL_Driver/Src/stm32wbxx_hal_rtc.c ****     {
ARM GAS  C:\Users\843E~1\AppData\Local\Temp\ccZjV6EC.s 			page 58


 1176              		.loc 1 413 11 view .LVU368
 413:Drivers/STM32WBxx_HAL_Driver/Src/stm32wbxx_hal_rtc.c ****     {
 1177              		.loc 1 413 18 is_stmt 0 view .LVU369
 1178 004e 2368     		ldr	r3, [r4]
 413:Drivers/STM32WBxx_HAL_Driver/Src/stm32wbxx_hal_rtc.c ****     {
 1179              		.loc 1 413 28 view .LVU370
 1180 0050 DA68     		ldr	r2, [r3, #12]
 413:Drivers/STM32WBxx_HAL_Driver/Src/stm32wbxx_hal_rtc.c ****     {
 1181              		.loc 1 413 11 view .LVU371
 1182 0052 12F0040F 		tst	r2, #4
 1183 0056 0CD1     		bne	.L86
 415:Drivers/STM32WBxx_HAL_Driver/Src/stm32wbxx_hal_rtc.c ****       {
 1184              		.loc 1 415 7 is_stmt 1 view .LVU372
 415:Drivers/STM32WBxx_HAL_Driver/Src/stm32wbxx_hal_rtc.c ****       {
 1185              		.loc 1 415 12 is_stmt 0 view .LVU373
 1186 0058 FFF7FEFF 		bl	HAL_GetTick
 1187              	.LVL58:
 415:Drivers/STM32WBxx_HAL_Driver/Src/stm32wbxx_hal_rtc.c ****       {
 1188              		.loc 1 415 26 view .LVU374
 1189 005c 401B     		subs	r0, r0, r5
 415:Drivers/STM32WBxx_HAL_Driver/Src/stm32wbxx_hal_rtc.c ****       {
 1190              		.loc 1 415 10 view .LVU375
 1191 005e B0F57A7F 		cmp	r0, #1000
 1192 0062 F4D9     		bls	.L82
 418:Drivers/STM32WBxx_HAL_Driver/Src/stm32wbxx_hal_rtc.c **** 
 1193              		.loc 1 418 9 is_stmt 1 view .LVU376
 418:Drivers/STM32WBxx_HAL_Driver/Src/stm32wbxx_hal_rtc.c **** 
 1194              		.loc 1 418 9 view .LVU377
 1195 0064 2368     		ldr	r3, [r4]
 1196 0066 FF22     		movs	r2, #255
 1197 0068 5A62     		str	r2, [r3, #36]
 418:Drivers/STM32WBxx_HAL_Driver/Src/stm32wbxx_hal_rtc.c **** 
 1198              		.loc 1 418 9 view .LVU378
 421:Drivers/STM32WBxx_HAL_Driver/Src/stm32wbxx_hal_rtc.c **** 
 1199              		.loc 1 421 9 view .LVU379
 421:Drivers/STM32WBxx_HAL_Driver/Src/stm32wbxx_hal_rtc.c **** 
 1200              		.loc 1 421 21 is_stmt 0 view .LVU380
 1201 006a 0326     		movs	r6, #3
 1202 006c 84F82160 		strb	r6, [r4, #33]
 423:Drivers/STM32WBxx_HAL_Driver/Src/stm32wbxx_hal_rtc.c ****       }
 1203              		.loc 1 423 9 is_stmt 1 view .LVU381
 423:Drivers/STM32WBxx_HAL_Driver/Src/stm32wbxx_hal_rtc.c ****       }
 1204              		.loc 1 423 16 is_stmt 0 view .LVU382
 1205 0070 DBE7     		b	.L81
 1206              	.L86:
 428:Drivers/STM32WBxx_HAL_Driver/Src/stm32wbxx_hal_rtc.c ****     hrtc->Instance->WUTR = RTC_WUTR_WUT;
 1207              		.loc 1 428 5 is_stmt 1 view .LVU383
 428:Drivers/STM32WBxx_HAL_Driver/Src/stm32wbxx_hal_rtc.c ****     hrtc->Instance->WUTR = RTC_WUTR_WUT;
 1208              		.loc 1 428 24 is_stmt 0 view .LVU384
 1209 0072 9A68     		ldr	r2, [r3, #8]
 1210 0074 0022     		movs	r2, #0
 1211 0076 9A60     		str	r2, [r3, #8]
 429:Drivers/STM32WBxx_HAL_Driver/Src/stm32wbxx_hal_rtc.c ****     hrtc->Instance->PRER = ((uint32_t)(RTC_PRER_PREDIV_A | 0x000000FFU));
 1212              		.loc 1 429 5 is_stmt 1 view .LVU385
 429:Drivers/STM32WBxx_HAL_Driver/Src/stm32wbxx_hal_rtc.c ****     hrtc->Instance->PRER = ((uint32_t)(RTC_PRER_PREDIV_A | 0x000000FFU));
 1213              		.loc 1 429 9 is_stmt 0 view .LVU386
 1214 0078 2368     		ldr	r3, [r4]
ARM GAS  C:\Users\843E~1\AppData\Local\Temp\ccZjV6EC.s 			page 59


 429:Drivers/STM32WBxx_HAL_Driver/Src/stm32wbxx_hal_rtc.c ****     hrtc->Instance->PRER = ((uint32_t)(RTC_PRER_PREDIV_A | 0x000000FFU));
 1215              		.loc 1 429 26 view .LVU387
 1216 007a 4FF6FF71 		movw	r1, #65535
 1217 007e 5961     		str	r1, [r3, #20]
 430:Drivers/STM32WBxx_HAL_Driver/Src/stm32wbxx_hal_rtc.c ****     hrtc->Instance->ALRMAR = (uint32_t)0x00000000U;
 1218              		.loc 1 430 5 is_stmt 1 view .LVU388
 430:Drivers/STM32WBxx_HAL_Driver/Src/stm32wbxx_hal_rtc.c ****     hrtc->Instance->ALRMAR = (uint32_t)0x00000000U;
 1219              		.loc 1 430 9 is_stmt 0 view .LVU389
 1220 0080 2368     		ldr	r3, [r4]
 430:Drivers/STM32WBxx_HAL_Driver/Src/stm32wbxx_hal_rtc.c ****     hrtc->Instance->ALRMAR = (uint32_t)0x00000000U;
 1221              		.loc 1 430 26 view .LVU390
 1222 0082 1849     		ldr	r1, .L88
 1223 0084 1961     		str	r1, [r3, #16]
 431:Drivers/STM32WBxx_HAL_Driver/Src/stm32wbxx_hal_rtc.c ****     hrtc->Instance->ALRMBR = (uint32_t)0x00000000U;
 1224              		.loc 1 431 5 is_stmt 1 view .LVU391
 431:Drivers/STM32WBxx_HAL_Driver/Src/stm32wbxx_hal_rtc.c ****     hrtc->Instance->ALRMBR = (uint32_t)0x00000000U;
 1225              		.loc 1 431 9 is_stmt 0 view .LVU392
 1226 0086 2368     		ldr	r3, [r4]
 431:Drivers/STM32WBxx_HAL_Driver/Src/stm32wbxx_hal_rtc.c ****     hrtc->Instance->ALRMBR = (uint32_t)0x00000000U;
 1227              		.loc 1 431 28 view .LVU393
 1228 0088 DA61     		str	r2, [r3, #28]
 432:Drivers/STM32WBxx_HAL_Driver/Src/stm32wbxx_hal_rtc.c ****     hrtc->Instance->SHIFTR = (uint32_t)0x00000000U;
 1229              		.loc 1 432 5 is_stmt 1 view .LVU394
 432:Drivers/STM32WBxx_HAL_Driver/Src/stm32wbxx_hal_rtc.c ****     hrtc->Instance->SHIFTR = (uint32_t)0x00000000U;
 1230              		.loc 1 432 9 is_stmt 0 view .LVU395
 1231 008a 2368     		ldr	r3, [r4]
 432:Drivers/STM32WBxx_HAL_Driver/Src/stm32wbxx_hal_rtc.c ****     hrtc->Instance->SHIFTR = (uint32_t)0x00000000U;
 1232              		.loc 1 432 28 view .LVU396
 1233 008c 1A62     		str	r2, [r3, #32]
 433:Drivers/STM32WBxx_HAL_Driver/Src/stm32wbxx_hal_rtc.c ****     hrtc->Instance->CALR = (uint32_t)0x00000000U;
 1234              		.loc 1 433 5 is_stmt 1 view .LVU397
 433:Drivers/STM32WBxx_HAL_Driver/Src/stm32wbxx_hal_rtc.c ****     hrtc->Instance->CALR = (uint32_t)0x00000000U;
 1235              		.loc 1 433 9 is_stmt 0 view .LVU398
 1236 008e 2368     		ldr	r3, [r4]
 433:Drivers/STM32WBxx_HAL_Driver/Src/stm32wbxx_hal_rtc.c ****     hrtc->Instance->CALR = (uint32_t)0x00000000U;
 1237              		.loc 1 433 28 view .LVU399
 1238 0090 DA62     		str	r2, [r3, #44]
 434:Drivers/STM32WBxx_HAL_Driver/Src/stm32wbxx_hal_rtc.c ****     hrtc->Instance->ALRMASSR = (uint32_t)0x00000000U;
 1239              		.loc 1 434 5 is_stmt 1 view .LVU400
 434:Drivers/STM32WBxx_HAL_Driver/Src/stm32wbxx_hal_rtc.c ****     hrtc->Instance->ALRMASSR = (uint32_t)0x00000000U;
 1240              		.loc 1 434 9 is_stmt 0 view .LVU401
 1241 0092 2368     		ldr	r3, [r4]
 434:Drivers/STM32WBxx_HAL_Driver/Src/stm32wbxx_hal_rtc.c ****     hrtc->Instance->ALRMASSR = (uint32_t)0x00000000U;
 1242              		.loc 1 434 26 view .LVU402
 1243 0094 DA63     		str	r2, [r3, #60]
 435:Drivers/STM32WBxx_HAL_Driver/Src/stm32wbxx_hal_rtc.c ****     hrtc->Instance->ALRMBSSR = (uint32_t)0x00000000U;
 1244              		.loc 1 435 5 is_stmt 1 view .LVU403
 435:Drivers/STM32WBxx_HAL_Driver/Src/stm32wbxx_hal_rtc.c ****     hrtc->Instance->ALRMBSSR = (uint32_t)0x00000000U;
 1245              		.loc 1 435 9 is_stmt 0 view .LVU404
 1246 0096 2368     		ldr	r3, [r4]
 435:Drivers/STM32WBxx_HAL_Driver/Src/stm32wbxx_hal_rtc.c ****     hrtc->Instance->ALRMBSSR = (uint32_t)0x00000000U;
 1247              		.loc 1 435 30 view .LVU405
 1248 0098 5A64     		str	r2, [r3, #68]
 436:Drivers/STM32WBxx_HAL_Driver/Src/stm32wbxx_hal_rtc.c **** 
 1249              		.loc 1 436 5 is_stmt 1 view .LVU406
 436:Drivers/STM32WBxx_HAL_Driver/Src/stm32wbxx_hal_rtc.c **** 
 1250              		.loc 1 436 9 is_stmt 0 view .LVU407
ARM GAS  C:\Users\843E~1\AppData\Local\Temp\ccZjV6EC.s 			page 60


 1251 009a 2368     		ldr	r3, [r4]
 436:Drivers/STM32WBxx_HAL_Driver/Src/stm32wbxx_hal_rtc.c **** 
 1252              		.loc 1 436 30 view .LVU408
 1253 009c 9A64     		str	r2, [r3, #72]
 439:Drivers/STM32WBxx_HAL_Driver/Src/stm32wbxx_hal_rtc.c **** 
 1254              		.loc 1 439 5 is_stmt 1 view .LVU409
 439:Drivers/STM32WBxx_HAL_Driver/Src/stm32wbxx_hal_rtc.c **** 
 1255              		.loc 1 439 9 is_stmt 0 view .LVU410
 1256 009e 2368     		ldr	r3, [r4]
 439:Drivers/STM32WBxx_HAL_Driver/Src/stm32wbxx_hal_rtc.c **** 
 1257              		.loc 1 439 25 view .LVU411
 1258 00a0 DA60     		str	r2, [r3, #12]
 442:Drivers/STM32WBxx_HAL_Driver/Src/stm32wbxx_hal_rtc.c **** 
 1259              		.loc 1 442 5 is_stmt 1 view .LVU412
 442:Drivers/STM32WBxx_HAL_Driver/Src/stm32wbxx_hal_rtc.c **** 
 1260              		.loc 1 442 9 is_stmt 0 view .LVU413
 1261 00a2 2368     		ldr	r3, [r4]
 442:Drivers/STM32WBxx_HAL_Driver/Src/stm32wbxx_hal_rtc.c **** 
 1262              		.loc 1 442 28 view .LVU414
 1263 00a4 1A64     		str	r2, [r3, #64]
 445:Drivers/STM32WBxx_HAL_Driver/Src/stm32wbxx_hal_rtc.c **** 
 1264              		.loc 1 445 5 is_stmt 1 view .LVU415
 445:Drivers/STM32WBxx_HAL_Driver/Src/stm32wbxx_hal_rtc.c **** 
 1265              		.loc 1 445 9 is_stmt 0 view .LVU416
 1266 00a6 2368     		ldr	r3, [r4]
 445:Drivers/STM32WBxx_HAL_Driver/Src/stm32wbxx_hal_rtc.c **** 
 1267              		.loc 1 445 24 view .LVU417
 1268 00a8 DA64     		str	r2, [r3, #76]
 448:Drivers/STM32WBxx_HAL_Driver/Src/stm32wbxx_hal_rtc.c ****     {
 1269              		.loc 1 448 5 is_stmt 1 view .LVU418
 448:Drivers/STM32WBxx_HAL_Driver/Src/stm32wbxx_hal_rtc.c ****     {
 1270              		.loc 1 448 14 is_stmt 0 view .LVU419
 1271 00aa 2368     		ldr	r3, [r4]
 448:Drivers/STM32WBxx_HAL_Driver/Src/stm32wbxx_hal_rtc.c ****     {
 1272              		.loc 1 448 24 view .LVU420
 1273 00ac 9B68     		ldr	r3, [r3, #8]
 448:Drivers/STM32WBxx_HAL_Driver/Src/stm32wbxx_hal_rtc.c ****     {
 1274              		.loc 1 448 8 view .LVU421
 1275 00ae 13F0200F 		tst	r3, #32
 1276 00b2 03D1     		bne	.L84
 450:Drivers/STM32WBxx_HAL_Driver/Src/stm32wbxx_hal_rtc.c ****       {
 1277              		.loc 1 450 7 is_stmt 1 view .LVU422
 450:Drivers/STM32WBxx_HAL_Driver/Src/stm32wbxx_hal_rtc.c ****       {
 1278              		.loc 1 450 11 is_stmt 0 view .LVU423
 1279 00b4 2046     		mov	r0, r4
 1280 00b6 FFF7FEFF 		bl	HAL_RTC_WaitForSynchro
 1281              	.LVL59:
 450:Drivers/STM32WBxx_HAL_Driver/Src/stm32wbxx_hal_rtc.c ****       {
 1282              		.loc 1 450 10 view .LVU424
 1283 00ba 58B9     		cbnz	r0, .L87
 1284              	.L84:
 463:Drivers/STM32WBxx_HAL_Driver/Src/stm32wbxx_hal_rtc.c **** 
 1285              		.loc 1 463 3 is_stmt 1 view .LVU425
 463:Drivers/STM32WBxx_HAL_Driver/Src/stm32wbxx_hal_rtc.c **** 
 1286              		.loc 1 463 3 view .LVU426
 1287 00bc 2368     		ldr	r3, [r4]
 1288 00be FF22     		movs	r2, #255
ARM GAS  C:\Users\843E~1\AppData\Local\Temp\ccZjV6EC.s 			page 61


 1289 00c0 5A62     		str	r2, [r3, #36]
 463:Drivers/STM32WBxx_HAL_Driver/Src/stm32wbxx_hal_rtc.c **** 
 1290              		.loc 1 463 3 view .LVU427
 476:Drivers/STM32WBxx_HAL_Driver/Src/stm32wbxx_hal_rtc.c **** #endif /* (USE_HAL_RTC_REGISTER_CALLBACKS) */
 1291              		.loc 1 476 3 view .LVU428
 1292 00c2 2046     		mov	r0, r4
 1293 00c4 FFF7FEFF 		bl	HAL_RTC_MspDeInit
 1294              	.LVL60:
 479:Drivers/STM32WBxx_HAL_Driver/Src/stm32wbxx_hal_rtc.c **** 
 1295              		.loc 1 479 3 view .LVU429
 479:Drivers/STM32WBxx_HAL_Driver/Src/stm32wbxx_hal_rtc.c **** 
 1296              		.loc 1 479 15 is_stmt 0 view .LVU430
 1297 00c8 0023     		movs	r3, #0
 1298 00ca 84F82130 		strb	r3, [r4, #33]
 482:Drivers/STM32WBxx_HAL_Driver/Src/stm32wbxx_hal_rtc.c **** 
 1299              		.loc 1 482 3 is_stmt 1 view .LVU431
 482:Drivers/STM32WBxx_HAL_Driver/Src/stm32wbxx_hal_rtc.c **** 
 1300              		.loc 1 482 3 view .LVU432
 1301 00ce 84F82030 		strb	r3, [r4, #32]
 482:Drivers/STM32WBxx_HAL_Driver/Src/stm32wbxx_hal_rtc.c **** 
 1302              		.loc 1 482 3 view .LVU433
 484:Drivers/STM32WBxx_HAL_Driver/Src/stm32wbxx_hal_rtc.c **** }
 1303              		.loc 1 484 3 view .LVU434
 484:Drivers/STM32WBxx_HAL_Driver/Src/stm32wbxx_hal_rtc.c **** }
 1304              		.loc 1 484 10 is_stmt 0 view .LVU435
 1305 00d2 AAE7     		b	.L81
 1306              	.L87:
 453:Drivers/STM32WBxx_HAL_Driver/Src/stm32wbxx_hal_rtc.c **** 
 1307              		.loc 1 453 9 is_stmt 1 view .LVU436
 453:Drivers/STM32WBxx_HAL_Driver/Src/stm32wbxx_hal_rtc.c **** 
 1308              		.loc 1 453 9 view .LVU437
 1309 00d4 2368     		ldr	r3, [r4]
 1310 00d6 FF22     		movs	r2, #255
 1311 00d8 5A62     		str	r2, [r3, #36]
 453:Drivers/STM32WBxx_HAL_Driver/Src/stm32wbxx_hal_rtc.c **** 
 1312              		.loc 1 453 9 view .LVU438
 455:Drivers/STM32WBxx_HAL_Driver/Src/stm32wbxx_hal_rtc.c **** 
 1313              		.loc 1 455 9 view .LVU439
 455:Drivers/STM32WBxx_HAL_Driver/Src/stm32wbxx_hal_rtc.c **** 
 1314              		.loc 1 455 21 is_stmt 0 view .LVU440
 1315 00da 0423     		movs	r3, #4
 1316 00dc 84F82130 		strb	r3, [r4, #33]
 457:Drivers/STM32WBxx_HAL_Driver/Src/stm32wbxx_hal_rtc.c ****       }
 1317              		.loc 1 457 9 is_stmt 1 view .LVU441
 457:Drivers/STM32WBxx_HAL_Driver/Src/stm32wbxx_hal_rtc.c ****       }
 1318              		.loc 1 457 16 is_stmt 0 view .LVU442
 1319 00e0 0126     		movs	r6, #1
 1320 00e2 A2E7     		b	.L81
 1321              	.L89:
 1322              		.align	2
 1323              	.L88:
 1324 00e4 FF007F00 		.word	8323327
 1325              		.cfi_endproc
 1326              	.LFE951:
 1328              		.section	.text.RTC_ByteToBcd2,"ax",%progbits
 1329              		.align	1
 1330              		.global	RTC_ByteToBcd2
ARM GAS  C:\Users\843E~1\AppData\Local\Temp\ccZjV6EC.s 			page 62


 1331              		.syntax unified
 1332              		.thumb
 1333              		.thumb_func
 1335              	RTC_ByteToBcd2:
 1336              	.LVL61:
 1337              	.LFB973:
1907:Drivers/STM32WBxx_HAL_Driver/Src/stm32wbxx_hal_rtc.c **** 
1908:Drivers/STM32WBxx_HAL_Driver/Src/stm32wbxx_hal_rtc.c **** 
1909:Drivers/STM32WBxx_HAL_Driver/Src/stm32wbxx_hal_rtc.c **** /**
1910:Drivers/STM32WBxx_HAL_Driver/Src/stm32wbxx_hal_rtc.c ****   * @brief  Convert a 2 digit decimal to BCD format.
1911:Drivers/STM32WBxx_HAL_Driver/Src/stm32wbxx_hal_rtc.c ****   * @param Value Byte to be converted
1912:Drivers/STM32WBxx_HAL_Driver/Src/stm32wbxx_hal_rtc.c ****   * @retval Converted byte
1913:Drivers/STM32WBxx_HAL_Driver/Src/stm32wbxx_hal_rtc.c ****   */
1914:Drivers/STM32WBxx_HAL_Driver/Src/stm32wbxx_hal_rtc.c **** uint8_t RTC_ByteToBcd2(uint8_t Value)
1915:Drivers/STM32WBxx_HAL_Driver/Src/stm32wbxx_hal_rtc.c **** {
 1338              		.loc 1 1915 1 is_stmt 1 view -0
 1339              		.cfi_startproc
 1340              		@ args = 0, pretend = 0, frame = 0
 1341              		@ frame_needed = 0, uses_anonymous_args = 0
 1342              		@ link register save eliminated.
1916:Drivers/STM32WBxx_HAL_Driver/Src/stm32wbxx_hal_rtc.c ****   uint32_t bcdhigh = 0U;
 1343              		.loc 1 1916 3 view .LVU444
1917:Drivers/STM32WBxx_HAL_Driver/Src/stm32wbxx_hal_rtc.c ****   uint8_t Param = Value;
 1344              		.loc 1 1917 3 view .LVU445
1918:Drivers/STM32WBxx_HAL_Driver/Src/stm32wbxx_hal_rtc.c **** 
1919:Drivers/STM32WBxx_HAL_Driver/Src/stm32wbxx_hal_rtc.c ****   while (Param >= 10U)
 1345              		.loc 1 1919 3 view .LVU446
1916:Drivers/STM32WBxx_HAL_Driver/Src/stm32wbxx_hal_rtc.c ****   uint8_t Param = Value;
 1346              		.loc 1 1916 12 is_stmt 0 view .LVU447
 1347 0000 0023     		movs	r3, #0
 1348              		.loc 1 1919 9 view .LVU448
 1349 0002 02E0     		b	.L91
 1350              	.LVL62:
 1351              	.L92:
1920:Drivers/STM32WBxx_HAL_Driver/Src/stm32wbxx_hal_rtc.c ****   {
1921:Drivers/STM32WBxx_HAL_Driver/Src/stm32wbxx_hal_rtc.c ****     bcdhigh++;
 1352              		.loc 1 1921 5 is_stmt 1 view .LVU449
 1353              		.loc 1 1921 12 is_stmt 0 view .LVU450
 1354 0004 0133     		adds	r3, r3, #1
 1355              	.LVL63:
1922:Drivers/STM32WBxx_HAL_Driver/Src/stm32wbxx_hal_rtc.c ****     Param -= 10U;
 1356              		.loc 1 1922 5 is_stmt 1 view .LVU451
 1357              		.loc 1 1922 11 is_stmt 0 view .LVU452
 1358 0006 0A38     		subs	r0, r0, #10
 1359              	.LVL64:
 1360              		.loc 1 1922 11 view .LVU453
 1361 0008 C0B2     		uxtb	r0, r0
 1362              	.LVL65:
 1363              	.L91:
1919:Drivers/STM32WBxx_HAL_Driver/Src/stm32wbxx_hal_rtc.c ****   {
 1364              		.loc 1 1919 9 is_stmt 1 view .LVU454
 1365 000a 0928     		cmp	r0, #9
 1366 000c FAD8     		bhi	.L92
1923:Drivers/STM32WBxx_HAL_Driver/Src/stm32wbxx_hal_rtc.c ****   }
1924:Drivers/STM32WBxx_HAL_Driver/Src/stm32wbxx_hal_rtc.c **** 
1925:Drivers/STM32WBxx_HAL_Driver/Src/stm32wbxx_hal_rtc.c ****   return ((uint8_t)(bcdhigh << 4U) | Param);
 1367              		.loc 1 1925 3 view .LVU455
ARM GAS  C:\Users\843E~1\AppData\Local\Temp\ccZjV6EC.s 			page 63


 1368              		.loc 1 1925 11 is_stmt 0 view .LVU456
 1369 000e 1B01     		lsls	r3, r3, #4
 1370              	.LVL66:
 1371              		.loc 1 1925 11 view .LVU457
 1372 0010 DBB2     		uxtb	r3, r3
1926:Drivers/STM32WBxx_HAL_Driver/Src/stm32wbxx_hal_rtc.c **** }
 1373              		.loc 1 1926 1 view .LVU458
 1374 0012 1843     		orrs	r0, r0, r3
 1375              	.LVL67:
 1376              		.loc 1 1926 1 view .LVU459
 1377 0014 7047     		bx	lr
 1378              		.cfi_endproc
 1379              	.LFE973:
 1381              		.section	.text.HAL_RTC_SetTime,"ax",%progbits
 1382              		.align	1
 1383              		.global	HAL_RTC_SetTime
 1384              		.syntax unified
 1385              		.thumb
 1386              		.thumb_func
 1388              	HAL_RTC_SetTime:
 1389              	.LVL68:
 1390              	.LFB954:
 769:Drivers/STM32WBxx_HAL_Driver/Src/stm32wbxx_hal_rtc.c ****   uint32_t tmpreg;
 1391              		.loc 1 769 1 is_stmt 1 view -0
 1392              		.cfi_startproc
 1393              		@ args = 0, pretend = 0, frame = 0
 1394              		@ frame_needed = 0, uses_anonymous_args = 0
 769:Drivers/STM32WBxx_HAL_Driver/Src/stm32wbxx_hal_rtc.c ****   uint32_t tmpreg;
 1395              		.loc 1 769 1 is_stmt 0 view .LVU461
 1396 0000 F8B5     		push	{r3, r4, r5, r6, r7, lr}
 1397              	.LCFI8:
 1398              		.cfi_def_cfa_offset 24
 1399              		.cfi_offset 3, -24
 1400              		.cfi_offset 4, -20
 1401              		.cfi_offset 5, -16
 1402              		.cfi_offset 6, -12
 1403              		.cfi_offset 7, -8
 1404              		.cfi_offset 14, -4
 770:Drivers/STM32WBxx_HAL_Driver/Src/stm32wbxx_hal_rtc.c **** 
 1405              		.loc 1 770 3 is_stmt 1 view .LVU462
 773:Drivers/STM32WBxx_HAL_Driver/Src/stm32wbxx_hal_rtc.c **** 
 1406              		.loc 1 773 3 view .LVU463
 776:Drivers/STM32WBxx_HAL_Driver/Src/stm32wbxx_hal_rtc.c **** 
 1407              		.loc 1 776 3 view .LVU464
 776:Drivers/STM32WBxx_HAL_Driver/Src/stm32wbxx_hal_rtc.c **** 
 1408              		.loc 1 776 3 view .LVU465
 1409 0002 90F82030 		ldrb	r3, [r0, #32]	@ zero_extendqisi2
 1410 0006 012B     		cmp	r3, #1
 1411 0008 00F08180 		beq	.L101
 1412 000c 0446     		mov	r4, r0
 1413 000e 0E46     		mov	r6, r1
 776:Drivers/STM32WBxx_HAL_Driver/Src/stm32wbxx_hal_rtc.c **** 
 1414              		.loc 1 776 3 discriminator 2 view .LVU466
 1415 0010 0123     		movs	r3, #1
 1416 0012 80F82030 		strb	r3, [r0, #32]
 776:Drivers/STM32WBxx_HAL_Driver/Src/stm32wbxx_hal_rtc.c **** 
 1417              		.loc 1 776 3 discriminator 2 view .LVU467
ARM GAS  C:\Users\843E~1\AppData\Local\Temp\ccZjV6EC.s 			page 64


 778:Drivers/STM32WBxx_HAL_Driver/Src/stm32wbxx_hal_rtc.c **** 
 1418              		.loc 1 778 3 discriminator 2 view .LVU468
 778:Drivers/STM32WBxx_HAL_Driver/Src/stm32wbxx_hal_rtc.c **** 
 1419              		.loc 1 778 15 is_stmt 0 discriminator 2 view .LVU469
 1420 0016 0223     		movs	r3, #2
 1421 0018 80F82130 		strb	r3, [r0, #33]
 780:Drivers/STM32WBxx_HAL_Driver/Src/stm32wbxx_hal_rtc.c ****   {
 1422              		.loc 1 780 3 is_stmt 1 discriminator 2 view .LVU470
 780:Drivers/STM32WBxx_HAL_Driver/Src/stm32wbxx_hal_rtc.c ****   {
 1423              		.loc 1 780 6 is_stmt 0 discriminator 2 view .LVU471
 1424 001c 002A     		cmp	r2, #0
 1425 001e 49D1     		bne	.L95
 782:Drivers/STM32WBxx_HAL_Driver/Src/stm32wbxx_hal_rtc.c ****     {
 1426              		.loc 1 782 5 is_stmt 1 view .LVU472
 782:Drivers/STM32WBxx_HAL_Driver/Src/stm32wbxx_hal_rtc.c ****     {
 1427              		.loc 1 782 14 is_stmt 0 view .LVU473
 1428 0020 0368     		ldr	r3, [r0]
 782:Drivers/STM32WBxx_HAL_Driver/Src/stm32wbxx_hal_rtc.c ****     {
 1429              		.loc 1 782 24 view .LVU474
 1430 0022 9B68     		ldr	r3, [r3, #8]
 782:Drivers/STM32WBxx_HAL_Driver/Src/stm32wbxx_hal_rtc.c ****     {
 1431              		.loc 1 782 8 view .LVU475
 1432 0024 13F0400F 		tst	r3, #64
 1433 0028 01D1     		bne	.L96
 789:Drivers/STM32WBxx_HAL_Driver/Src/stm32wbxx_hal_rtc.c ****       assert_param(IS_RTC_HOUR24(sTime->Hours));
 1434              		.loc 1 789 7 is_stmt 1 view .LVU476
 789:Drivers/STM32WBxx_HAL_Driver/Src/stm32wbxx_hal_rtc.c ****       assert_param(IS_RTC_HOUR24(sTime->Hours));
 1435              		.loc 1 789 25 is_stmt 0 view .LVU477
 1436 002a 0023     		movs	r3, #0
 1437 002c CB70     		strb	r3, [r1, #3]
 1438              	.L96:
 790:Drivers/STM32WBxx_HAL_Driver/Src/stm32wbxx_hal_rtc.c ****     }
 1439              		.loc 1 790 7 is_stmt 1 view .LVU478
 792:Drivers/STM32WBxx_HAL_Driver/Src/stm32wbxx_hal_rtc.c ****     assert_param(IS_RTC_SECONDS(sTime->Seconds));
 1440              		.loc 1 792 5 view .LVU479
 793:Drivers/STM32WBxx_HAL_Driver/Src/stm32wbxx_hal_rtc.c **** 
 1441              		.loc 1 793 5 view .LVU480
 795:Drivers/STM32WBxx_HAL_Driver/Src/stm32wbxx_hal_rtc.c ****                         ((uint32_t)RTC_ByteToBcd2(sTime->Minutes) << 8U) | \
 1442              		.loc 1 795 5 view .LVU481
 795:Drivers/STM32WBxx_HAL_Driver/Src/stm32wbxx_hal_rtc.c ****                         ((uint32_t)RTC_ByteToBcd2(sTime->Minutes) << 8U) | \
 1443              		.loc 1 795 36 is_stmt 0 view .LVU482
 1444 002e 3078     		ldrb	r0, [r6]	@ zero_extendqisi2
 1445              	.LVL69:
 795:Drivers/STM32WBxx_HAL_Driver/Src/stm32wbxx_hal_rtc.c ****                         ((uint32_t)RTC_ByteToBcd2(sTime->Minutes) << 8U) | \
 1446              		.loc 1 795 36 view .LVU483
 1447 0030 FFF7FEFF 		bl	RTC_ByteToBcd2
 1448              	.LVL70:
 795:Drivers/STM32WBxx_HAL_Driver/Src/stm32wbxx_hal_rtc.c ****                         ((uint32_t)RTC_ByteToBcd2(sTime->Minutes) << 8U) | \
 1449              		.loc 1 795 65 view .LVU484
 1450 0034 0504     		lsls	r5, r0, #16
 796:Drivers/STM32WBxx_HAL_Driver/Src/stm32wbxx_hal_rtc.c ****                         ((uint32_t)RTC_ByteToBcd2(sTime->Seconds)) | \
 1451              		.loc 1 796 36 view .LVU485
 1452 0036 7078     		ldrb	r0, [r6, #1]	@ zero_extendqisi2
 1453 0038 FFF7FEFF 		bl	RTC_ByteToBcd2
 1454              	.LVL71:
 795:Drivers/STM32WBxx_HAL_Driver/Src/stm32wbxx_hal_rtc.c ****                         ((uint32_t)RTC_ByteToBcd2(sTime->Minutes) << 8U) | \
 1455              		.loc 1 795 73 view .LVU486
ARM GAS  C:\Users\843E~1\AppData\Local\Temp\ccZjV6EC.s 			page 65


 1456 003c 45EA0025 		orr	r5, r5, r0, lsl #8
 797:Drivers/STM32WBxx_HAL_Driver/Src/stm32wbxx_hal_rtc.c ****                         (((uint32_t)sTime->TimeFormat) << 16U));
 1457              		.loc 1 797 36 view .LVU487
 1458 0040 B078     		ldrb	r0, [r6, #2]	@ zero_extendqisi2
 1459 0042 FFF7FEFF 		bl	RTC_ByteToBcd2
 1460              	.LVL72:
 796:Drivers/STM32WBxx_HAL_Driver/Src/stm32wbxx_hal_rtc.c ****                         ((uint32_t)RTC_ByteToBcd2(sTime->Seconds)) | \
 1461              		.loc 1 796 74 view .LVU488
 1462 0046 0543     		orrs	r5, r5, r0
 798:Drivers/STM32WBxx_HAL_Driver/Src/stm32wbxx_hal_rtc.c ****   }
 1463              		.loc 1 798 42 view .LVU489
 1464 0048 F078     		ldrb	r0, [r6, #3]	@ zero_extendqisi2
 795:Drivers/STM32WBxx_HAL_Driver/Src/stm32wbxx_hal_rtc.c ****                         ((uint32_t)RTC_ByteToBcd2(sTime->Minutes) << 8U) | \
 1465              		.loc 1 795 12 view .LVU490
 1466 004a 45EA0045 		orr	r5, r5, r0, lsl #16
 1467              	.LVL73:
 1468              	.L97:
 819:Drivers/STM32WBxx_HAL_Driver/Src/stm32wbxx_hal_rtc.c ****   /* Disable the write protection for RTC registers */
 1469              		.loc 1 819 3 is_stmt 1 view .LVU491
 821:Drivers/STM32WBxx_HAL_Driver/Src/stm32wbxx_hal_rtc.c **** 
 1470              		.loc 1 821 3 view .LVU492
 821:Drivers/STM32WBxx_HAL_Driver/Src/stm32wbxx_hal_rtc.c **** 
 1471              		.loc 1 821 3 view .LVU493
 1472 004e 2368     		ldr	r3, [r4]
 1473 0050 CA22     		movs	r2, #202
 1474 0052 5A62     		str	r2, [r3, #36]
 821:Drivers/STM32WBxx_HAL_Driver/Src/stm32wbxx_hal_rtc.c **** 
 1475              		.loc 1 821 3 view .LVU494
 1476 0054 2368     		ldr	r3, [r4]
 1477 0056 5322     		movs	r2, #83
 1478 0058 5A62     		str	r2, [r3, #36]
 821:Drivers/STM32WBxx_HAL_Driver/Src/stm32wbxx_hal_rtc.c **** 
 1479              		.loc 1 821 3 view .LVU495
 824:Drivers/STM32WBxx_HAL_Driver/Src/stm32wbxx_hal_rtc.c ****   {
 1480              		.loc 1 824 3 view .LVU496
 824:Drivers/STM32WBxx_HAL_Driver/Src/stm32wbxx_hal_rtc.c ****   {
 1481              		.loc 1 824 7 is_stmt 0 view .LVU497
 1482 005a 2046     		mov	r0, r4
 1483 005c FFF7FEFF 		bl	RTC_EnterInitMode
 1484              	.LVL74:
 824:Drivers/STM32WBxx_HAL_Driver/Src/stm32wbxx_hal_rtc.c ****   {
 1485              		.loc 1 824 6 view .LVU498
 1486 0060 0746     		mov	r7, r0
 1487 0062 0028     		cmp	r0, #0
 1488 0064 38D1     		bne	.L103
 840:Drivers/STM32WBxx_HAL_Driver/Src/stm32wbxx_hal_rtc.c **** 
 1489              		.loc 1 840 5 is_stmt 1 view .LVU499
 840:Drivers/STM32WBxx_HAL_Driver/Src/stm32wbxx_hal_rtc.c **** 
 1490              		.loc 1 840 9 is_stmt 0 view .LVU500
 1491 0066 2368     		ldr	r3, [r4]
 840:Drivers/STM32WBxx_HAL_Driver/Src/stm32wbxx_hal_rtc.c **** 
 1492              		.loc 1 840 26 view .LVU501
 1493 0068 05F07F35 		and	r5, r5, #2139062143
 1494              	.LVL75:
 840:Drivers/STM32WBxx_HAL_Driver/Src/stm32wbxx_hal_rtc.c **** 
 1495              		.loc 1 840 26 view .LVU502
 1496 006c 25F0FE45 		bic	r5, r5, #2130706432
ARM GAS  C:\Users\843E~1\AppData\Local\Temp\ccZjV6EC.s 			page 66


 840:Drivers/STM32WBxx_HAL_Driver/Src/stm32wbxx_hal_rtc.c **** 
 1497              		.loc 1 840 24 view .LVU503
 1498 0070 1D60     		str	r5, [r3]
 843:Drivers/STM32WBxx_HAL_Driver/Src/stm32wbxx_hal_rtc.c **** 
 1499              		.loc 1 843 5 is_stmt 1 view .LVU504
 843:Drivers/STM32WBxx_HAL_Driver/Src/stm32wbxx_hal_rtc.c **** 
 1500              		.loc 1 843 9 is_stmt 0 view .LVU505
 1501 0072 2268     		ldr	r2, [r4]
 843:Drivers/STM32WBxx_HAL_Driver/Src/stm32wbxx_hal_rtc.c **** 
 1502              		.loc 1 843 24 view .LVU506
 1503 0074 9368     		ldr	r3, [r2, #8]
 1504 0076 23F48023 		bic	r3, r3, #262144
 1505 007a 9360     		str	r3, [r2, #8]
 846:Drivers/STM32WBxx_HAL_Driver/Src/stm32wbxx_hal_rtc.c **** 
 1506              		.loc 1 846 5 is_stmt 1 view .LVU507
 846:Drivers/STM32WBxx_HAL_Driver/Src/stm32wbxx_hal_rtc.c **** 
 1507              		.loc 1 846 9 is_stmt 0 view .LVU508
 1508 007c 2168     		ldr	r1, [r4]
 846:Drivers/STM32WBxx_HAL_Driver/Src/stm32wbxx_hal_rtc.c **** 
 1509              		.loc 1 846 24 view .LVU509
 1510 007e 8B68     		ldr	r3, [r1, #8]
 846:Drivers/STM32WBxx_HAL_Driver/Src/stm32wbxx_hal_rtc.c **** 
 1511              		.loc 1 846 43 view .LVU510
 1512 0080 F268     		ldr	r2, [r6, #12]
 846:Drivers/STM32WBxx_HAL_Driver/Src/stm32wbxx_hal_rtc.c **** 
 1513              		.loc 1 846 67 view .LVU511
 1514 0082 3069     		ldr	r0, [r6, #16]
 846:Drivers/STM32WBxx_HAL_Driver/Src/stm32wbxx_hal_rtc.c **** 
 1515              		.loc 1 846 60 view .LVU512
 1516 0084 0243     		orrs	r2, r2, r0
 846:Drivers/STM32WBxx_HAL_Driver/Src/stm32wbxx_hal_rtc.c **** 
 1517              		.loc 1 846 24 view .LVU513
 1518 0086 1343     		orrs	r3, r3, r2
 1519 0088 8B60     		str	r3, [r1, #8]
 849:Drivers/STM32WBxx_HAL_Driver/Src/stm32wbxx_hal_rtc.c **** 
 1520              		.loc 1 849 5 is_stmt 1 view .LVU514
 849:Drivers/STM32WBxx_HAL_Driver/Src/stm32wbxx_hal_rtc.c **** 
 1521              		.loc 1 849 9 is_stmt 0 view .LVU515
 1522 008a 2268     		ldr	r2, [r4]
 849:Drivers/STM32WBxx_HAL_Driver/Src/stm32wbxx_hal_rtc.c **** 
 1523              		.loc 1 849 25 view .LVU516
 1524 008c D368     		ldr	r3, [r2, #12]
 1525 008e 23F08003 		bic	r3, r3, #128
 1526 0092 D360     		str	r3, [r2, #12]
 852:Drivers/STM32WBxx_HAL_Driver/Src/stm32wbxx_hal_rtc.c ****     {
 1527              		.loc 1 852 5 is_stmt 1 view .LVU517
 852:Drivers/STM32WBxx_HAL_Driver/Src/stm32wbxx_hal_rtc.c ****     {
 1528              		.loc 1 852 14 is_stmt 0 view .LVU518
 1529 0094 2368     		ldr	r3, [r4]
 852:Drivers/STM32WBxx_HAL_Driver/Src/stm32wbxx_hal_rtc.c ****     {
 1530              		.loc 1 852 24 view .LVU519
 1531 0096 9B68     		ldr	r3, [r3, #8]
 852:Drivers/STM32WBxx_HAL_Driver/Src/stm32wbxx_hal_rtc.c ****     {
 1532              		.loc 1 852 8 view .LVU520
 1533 0098 13F0200F 		tst	r3, #32
 1534 009c 27D0     		beq	.L104
 1535              	.L100:
ARM GAS  C:\Users\843E~1\AppData\Local\Temp\ccZjV6EC.s 			page 67


 869:Drivers/STM32WBxx_HAL_Driver/Src/stm32wbxx_hal_rtc.c **** 
 1536              		.loc 1 869 5 is_stmt 1 view .LVU521
 869:Drivers/STM32WBxx_HAL_Driver/Src/stm32wbxx_hal_rtc.c **** 
 1537              		.loc 1 869 5 view .LVU522
 1538 009e 2368     		ldr	r3, [r4]
 1539 00a0 FF22     		movs	r2, #255
 1540 00a2 5A62     		str	r2, [r3, #36]
 869:Drivers/STM32WBxx_HAL_Driver/Src/stm32wbxx_hal_rtc.c **** 
 1541              		.loc 1 869 5 view .LVU523
 871:Drivers/STM32WBxx_HAL_Driver/Src/stm32wbxx_hal_rtc.c **** 
 1542              		.loc 1 871 5 view .LVU524
 871:Drivers/STM32WBxx_HAL_Driver/Src/stm32wbxx_hal_rtc.c **** 
 1543              		.loc 1 871 17 is_stmt 0 view .LVU525
 1544 00a4 0123     		movs	r3, #1
 1545 00a6 84F82130 		strb	r3, [r4, #33]
 873:Drivers/STM32WBxx_HAL_Driver/Src/stm32wbxx_hal_rtc.c **** 
 1546              		.loc 1 873 5 is_stmt 1 view .LVU526
 873:Drivers/STM32WBxx_HAL_Driver/Src/stm32wbxx_hal_rtc.c **** 
 1547              		.loc 1 873 5 view .LVU527
 1548 00aa 0023     		movs	r3, #0
 1549 00ac 84F82030 		strb	r3, [r4, #32]
 873:Drivers/STM32WBxx_HAL_Driver/Src/stm32wbxx_hal_rtc.c **** 
 1550              		.loc 1 873 5 view .LVU528
 875:Drivers/STM32WBxx_HAL_Driver/Src/stm32wbxx_hal_rtc.c ****   }
 1551              		.loc 1 875 5 view .LVU529
 1552              	.LVL76:
 1553              	.L94:
 877:Drivers/STM32WBxx_HAL_Driver/Src/stm32wbxx_hal_rtc.c **** 
 1554              		.loc 1 877 1 is_stmt 0 view .LVU530
 1555 00b0 3846     		mov	r0, r7
 1556 00b2 F8BD     		pop	{r3, r4, r5, r6, r7, pc}
 1557              	.LVL77:
 1558              	.L95:
 802:Drivers/STM32WBxx_HAL_Driver/Src/stm32wbxx_hal_rtc.c ****     {
 1559              		.loc 1 802 5 is_stmt 1 view .LVU531
 802:Drivers/STM32WBxx_HAL_Driver/Src/stm32wbxx_hal_rtc.c ****     {
 1560              		.loc 1 802 14 is_stmt 0 view .LVU532
 1561 00b4 0368     		ldr	r3, [r0]
 802:Drivers/STM32WBxx_HAL_Driver/Src/stm32wbxx_hal_rtc.c ****     {
 1562              		.loc 1 802 24 view .LVU533
 1563 00b6 9B68     		ldr	r3, [r3, #8]
 802:Drivers/STM32WBxx_HAL_Driver/Src/stm32wbxx_hal_rtc.c ****     {
 1564              		.loc 1 802 8 view .LVU534
 1565 00b8 13F0400F 		tst	r3, #64
 1566 00bc 01D1     		bne	.L98
 809:Drivers/STM32WBxx_HAL_Driver/Src/stm32wbxx_hal_rtc.c ****       assert_param(IS_RTC_HOUR24(RTC_Bcd2ToByte(sTime->Hours)));
 1567              		.loc 1 809 7 is_stmt 1 view .LVU535
 809:Drivers/STM32WBxx_HAL_Driver/Src/stm32wbxx_hal_rtc.c ****       assert_param(IS_RTC_HOUR24(RTC_Bcd2ToByte(sTime->Hours)));
 1568              		.loc 1 809 25 is_stmt 0 view .LVU536
 1569 00be 0023     		movs	r3, #0
 1570 00c0 CB70     		strb	r3, [r1, #3]
 1571              	.L98:
 810:Drivers/STM32WBxx_HAL_Driver/Src/stm32wbxx_hal_rtc.c ****     }
 1572              		.loc 1 810 7 is_stmt 1 view .LVU537
 812:Drivers/STM32WBxx_HAL_Driver/Src/stm32wbxx_hal_rtc.c ****     assert_param(IS_RTC_SECONDS(RTC_Bcd2ToByte(sTime->Seconds)));
 1573              		.loc 1 812 5 view .LVU538
 813:Drivers/STM32WBxx_HAL_Driver/Src/stm32wbxx_hal_rtc.c ****     tmpreg = (((uint32_t)(sTime->Hours) << 16U) | \
ARM GAS  C:\Users\843E~1\AppData\Local\Temp\ccZjV6EC.s 			page 68


 1574              		.loc 1 813 5 view .LVU539
 814:Drivers/STM32WBxx_HAL_Driver/Src/stm32wbxx_hal_rtc.c ****               ((uint32_t)(sTime->Minutes) << 8U) | \
 1575              		.loc 1 814 5 view .LVU540
 814:Drivers/STM32WBxx_HAL_Driver/Src/stm32wbxx_hal_rtc.c ****               ((uint32_t)(sTime->Minutes) << 8U) | \
 1576              		.loc 1 814 32 is_stmt 0 view .LVU541
 1577 00c2 3578     		ldrb	r5, [r6]	@ zero_extendqisi2
 815:Drivers/STM32WBxx_HAL_Driver/Src/stm32wbxx_hal_rtc.c ****               ((uint32_t)sTime->Seconds) | \
 1578              		.loc 1 815 32 view .LVU542
 1579 00c4 7078     		ldrb	r0, [r6, #1]	@ zero_extendqisi2
 1580              	.LVL78:
 815:Drivers/STM32WBxx_HAL_Driver/Src/stm32wbxx_hal_rtc.c ****               ((uint32_t)sTime->Seconds) | \
 1581              		.loc 1 815 43 view .LVU543
 1582 00c6 0002     		lsls	r0, r0, #8
 814:Drivers/STM32WBxx_HAL_Driver/Src/stm32wbxx_hal_rtc.c ****               ((uint32_t)(sTime->Minutes) << 8U) | \
 1583              		.loc 1 814 49 view .LVU544
 1584 00c8 40EA0540 		orr	r0, r0, r5, lsl #16
 816:Drivers/STM32WBxx_HAL_Driver/Src/stm32wbxx_hal_rtc.c ****               ((uint32_t)(sTime->TimeFormat) << 16U));
 1585              		.loc 1 816 31 view .LVU545
 1586 00cc B578     		ldrb	r5, [r6, #2]	@ zero_extendqisi2
 815:Drivers/STM32WBxx_HAL_Driver/Src/stm32wbxx_hal_rtc.c ****               ((uint32_t)sTime->Seconds) | \
 1587              		.loc 1 815 50 view .LVU546
 1588 00ce 2843     		orrs	r0, r0, r5
 817:Drivers/STM32WBxx_HAL_Driver/Src/stm32wbxx_hal_rtc.c ****   }
 1589              		.loc 1 817 32 view .LVU547
 1590 00d0 F578     		ldrb	r5, [r6, #3]	@ zero_extendqisi2
 814:Drivers/STM32WBxx_HAL_Driver/Src/stm32wbxx_hal_rtc.c ****               ((uint32_t)(sTime->Minutes) << 8U) | \
 1591              		.loc 1 814 12 view .LVU548
 1592 00d2 40EA0545 		orr	r5, r0, r5, lsl #16
 1593              	.LVL79:
 814:Drivers/STM32WBxx_HAL_Driver/Src/stm32wbxx_hal_rtc.c ****               ((uint32_t)(sTime->Minutes) << 8U) | \
 1594              		.loc 1 814 12 view .LVU549
 1595 00d6 BAE7     		b	.L97
 1596              	.LVL80:
 1597              	.L103:
 827:Drivers/STM32WBxx_HAL_Driver/Src/stm32wbxx_hal_rtc.c **** 
 1598              		.loc 1 827 5 is_stmt 1 view .LVU550
 827:Drivers/STM32WBxx_HAL_Driver/Src/stm32wbxx_hal_rtc.c **** 
 1599              		.loc 1 827 5 view .LVU551
 1600 00d8 2368     		ldr	r3, [r4]
 1601 00da FF22     		movs	r2, #255
 1602 00dc 5A62     		str	r2, [r3, #36]
 827:Drivers/STM32WBxx_HAL_Driver/Src/stm32wbxx_hal_rtc.c **** 
 1603              		.loc 1 827 5 view .LVU552
 830:Drivers/STM32WBxx_HAL_Driver/Src/stm32wbxx_hal_rtc.c **** 
 1604              		.loc 1 830 5 view .LVU553
 830:Drivers/STM32WBxx_HAL_Driver/Src/stm32wbxx_hal_rtc.c **** 
 1605              		.loc 1 830 17 is_stmt 0 view .LVU554
 1606 00de 0423     		movs	r3, #4
 1607 00e0 84F82130 		strb	r3, [r4, #33]
 833:Drivers/STM32WBxx_HAL_Driver/Src/stm32wbxx_hal_rtc.c **** 
 1608              		.loc 1 833 5 is_stmt 1 view .LVU555
 833:Drivers/STM32WBxx_HAL_Driver/Src/stm32wbxx_hal_rtc.c **** 
 1609              		.loc 1 833 5 view .LVU556
 1610 00e4 0023     		movs	r3, #0
 1611 00e6 84F82030 		strb	r3, [r4, #32]
 833:Drivers/STM32WBxx_HAL_Driver/Src/stm32wbxx_hal_rtc.c **** 
 1612              		.loc 1 833 5 view .LVU557
ARM GAS  C:\Users\843E~1\AppData\Local\Temp\ccZjV6EC.s 			page 69


 835:Drivers/STM32WBxx_HAL_Driver/Src/stm32wbxx_hal_rtc.c ****   }
 1613              		.loc 1 835 5 view .LVU558
 835:Drivers/STM32WBxx_HAL_Driver/Src/stm32wbxx_hal_rtc.c ****   }
 1614              		.loc 1 835 12 is_stmt 0 view .LVU559
 1615 00ea 0127     		movs	r7, #1
 1616 00ec E0E7     		b	.L94
 1617              	.LVL81:
 1618              	.L104:
 854:Drivers/STM32WBxx_HAL_Driver/Src/stm32wbxx_hal_rtc.c ****       {
 1619              		.loc 1 854 7 is_stmt 1 view .LVU560
 854:Drivers/STM32WBxx_HAL_Driver/Src/stm32wbxx_hal_rtc.c ****       {
 1620              		.loc 1 854 11 is_stmt 0 view .LVU561
 1621 00ee 2046     		mov	r0, r4
 1622 00f0 FFF7FEFF 		bl	HAL_RTC_WaitForSynchro
 1623              	.LVL82:
 854:Drivers/STM32WBxx_HAL_Driver/Src/stm32wbxx_hal_rtc.c ****       {
 1624              		.loc 1 854 10 view .LVU562
 1625 00f4 0028     		cmp	r0, #0
 1626 00f6 D2D0     		beq	.L100
 857:Drivers/STM32WBxx_HAL_Driver/Src/stm32wbxx_hal_rtc.c **** 
 1627              		.loc 1 857 9 is_stmt 1 view .LVU563
 857:Drivers/STM32WBxx_HAL_Driver/Src/stm32wbxx_hal_rtc.c **** 
 1628              		.loc 1 857 9 view .LVU564
 1629 00f8 2368     		ldr	r3, [r4]
 1630 00fa FF22     		movs	r2, #255
 1631 00fc 5A62     		str	r2, [r3, #36]
 857:Drivers/STM32WBxx_HAL_Driver/Src/stm32wbxx_hal_rtc.c **** 
 1632              		.loc 1 857 9 view .LVU565
 859:Drivers/STM32WBxx_HAL_Driver/Src/stm32wbxx_hal_rtc.c **** 
 1633              		.loc 1 859 9 view .LVU566
 859:Drivers/STM32WBxx_HAL_Driver/Src/stm32wbxx_hal_rtc.c **** 
 1634              		.loc 1 859 21 is_stmt 0 view .LVU567
 1635 00fe 0423     		movs	r3, #4
 1636 0100 84F82130 		strb	r3, [r4, #33]
 862:Drivers/STM32WBxx_HAL_Driver/Src/stm32wbxx_hal_rtc.c **** 
 1637              		.loc 1 862 9 is_stmt 1 view .LVU568
 862:Drivers/STM32WBxx_HAL_Driver/Src/stm32wbxx_hal_rtc.c **** 
 1638              		.loc 1 862 9 view .LVU569
 1639 0104 0023     		movs	r3, #0
 1640 0106 84F82030 		strb	r3, [r4, #32]
 862:Drivers/STM32WBxx_HAL_Driver/Src/stm32wbxx_hal_rtc.c **** 
 1641              		.loc 1 862 9 view .LVU570
 864:Drivers/STM32WBxx_HAL_Driver/Src/stm32wbxx_hal_rtc.c ****       }
 1642              		.loc 1 864 9 view .LVU571
 864:Drivers/STM32WBxx_HAL_Driver/Src/stm32wbxx_hal_rtc.c ****       }
 1643              		.loc 1 864 16 is_stmt 0 view .LVU572
 1644 010a 0127     		movs	r7, #1
 1645 010c D0E7     		b	.L94
 1646              	.LVL83:
 1647              	.L101:
 776:Drivers/STM32WBxx_HAL_Driver/Src/stm32wbxx_hal_rtc.c **** 
 1648              		.loc 1 776 3 view .LVU573
 1649 010e 0227     		movs	r7, #2
 1650 0110 CEE7     		b	.L94
 1651              		.cfi_endproc
 1652              	.LFE954:
 1654              		.section	.text.HAL_RTC_SetDate,"ax",%progbits
ARM GAS  C:\Users\843E~1\AppData\Local\Temp\ccZjV6EC.s 			page 70


 1655              		.align	1
 1656              		.global	HAL_RTC_SetDate
 1657              		.syntax unified
 1658              		.thumb
 1659              		.thumb_func
 1661              	HAL_RTC_SetDate:
 1662              	.LVL84:
 1663              	.LFB956:
 945:Drivers/STM32WBxx_HAL_Driver/Src/stm32wbxx_hal_rtc.c ****   uint32_t datetmpreg;
 1664              		.loc 1 945 1 is_stmt 1 view -0
 1665              		.cfi_startproc
 1666              		@ args = 0, pretend = 0, frame = 0
 1667              		@ frame_needed = 0, uses_anonymous_args = 0
 945:Drivers/STM32WBxx_HAL_Driver/Src/stm32wbxx_hal_rtc.c ****   uint32_t datetmpreg;
 1668              		.loc 1 945 1 is_stmt 0 view .LVU575
 1669 0000 70B5     		push	{r4, r5, r6, lr}
 1670              	.LCFI9:
 1671              		.cfi_def_cfa_offset 16
 1672              		.cfi_offset 4, -16
 1673              		.cfi_offset 5, -12
 1674              		.cfi_offset 6, -8
 1675              		.cfi_offset 14, -4
 946:Drivers/STM32WBxx_HAL_Driver/Src/stm32wbxx_hal_rtc.c **** 
 1676              		.loc 1 946 3 is_stmt 1 view .LVU576
 949:Drivers/STM32WBxx_HAL_Driver/Src/stm32wbxx_hal_rtc.c **** 
 1677              		.loc 1 949 3 view .LVU577
 952:Drivers/STM32WBxx_HAL_Driver/Src/stm32wbxx_hal_rtc.c **** 
 1678              		.loc 1 952 3 view .LVU578
 952:Drivers/STM32WBxx_HAL_Driver/Src/stm32wbxx_hal_rtc.c **** 
 1679              		.loc 1 952 3 view .LVU579
 1680 0002 90F82030 		ldrb	r3, [r0, #32]	@ zero_extendqisi2
 1681 0006 012B     		cmp	r3, #1
 1682 0008 6ED0     		beq	.L112
 1683 000a 0446     		mov	r4, r0
 1684 000c 0E46     		mov	r6, r1
 952:Drivers/STM32WBxx_HAL_Driver/Src/stm32wbxx_hal_rtc.c **** 
 1685              		.loc 1 952 3 discriminator 2 view .LVU580
 1686 000e 0123     		movs	r3, #1
 1687 0010 80F82030 		strb	r3, [r0, #32]
 952:Drivers/STM32WBxx_HAL_Driver/Src/stm32wbxx_hal_rtc.c **** 
 1688              		.loc 1 952 3 discriminator 2 view .LVU581
 954:Drivers/STM32WBxx_HAL_Driver/Src/stm32wbxx_hal_rtc.c **** 
 1689              		.loc 1 954 3 discriminator 2 view .LVU582
 954:Drivers/STM32WBxx_HAL_Driver/Src/stm32wbxx_hal_rtc.c **** 
 1690              		.loc 1 954 15 is_stmt 0 discriminator 2 view .LVU583
 1691 0014 0223     		movs	r3, #2
 1692 0016 80F82130 		strb	r3, [r0, #33]
 956:Drivers/STM32WBxx_HAL_Driver/Src/stm32wbxx_hal_rtc.c ****   {
 1693              		.loc 1 956 3 is_stmt 1 discriminator 2 view .LVU584
 956:Drivers/STM32WBxx_HAL_Driver/Src/stm32wbxx_hal_rtc.c ****   {
 1694              		.loc 1 956 6 is_stmt 0 discriminator 2 view .LVU585
 1695 001a 3AB9     		cbnz	r2, .L107
 956:Drivers/STM32WBxx_HAL_Driver/Src/stm32wbxx_hal_rtc.c ****   {
 1696              		.loc 1 956 44 discriminator 1 view .LVU586
 1697 001c 4B78     		ldrb	r3, [r1, #1]	@ zero_extendqisi2
 956:Drivers/STM32WBxx_HAL_Driver/Src/stm32wbxx_hal_rtc.c ****   {
 1698              		.loc 1 956 34 discriminator 1 view .LVU587
ARM GAS  C:\Users\843E~1\AppData\Local\Temp\ccZjV6EC.s 			page 71


 1699 001e 13F0100F 		tst	r3, #16
 1700 0022 03D0     		beq	.L107
 958:Drivers/STM32WBxx_HAL_Driver/Src/stm32wbxx_hal_rtc.c ****   }
 1701              		.loc 1 958 5 is_stmt 1 view .LVU588
 958:Drivers/STM32WBxx_HAL_Driver/Src/stm32wbxx_hal_rtc.c ****   }
 1702              		.loc 1 958 44 is_stmt 0 view .LVU589
 1703 0024 03F0EF03 		and	r3, r3, #239
 958:Drivers/STM32WBxx_HAL_Driver/Src/stm32wbxx_hal_rtc.c ****   }
 1704              		.loc 1 958 20 view .LVU590
 1705 0028 0A33     		adds	r3, r3, #10
 958:Drivers/STM32WBxx_HAL_Driver/Src/stm32wbxx_hal_rtc.c ****   }
 1706              		.loc 1 958 18 view .LVU591
 1707 002a 4B70     		strb	r3, [r1, #1]
 1708              	.L107:
 961:Drivers/STM32WBxx_HAL_Driver/Src/stm32wbxx_hal_rtc.c **** 
 1709              		.loc 1 961 3 is_stmt 1 view .LVU592
 963:Drivers/STM32WBxx_HAL_Driver/Src/stm32wbxx_hal_rtc.c ****   {
 1710              		.loc 1 963 3 view .LVU593
 963:Drivers/STM32WBxx_HAL_Driver/Src/stm32wbxx_hal_rtc.c ****   {
 1711              		.loc 1 963 6 is_stmt 0 view .LVU594
 1712 002c 002A     		cmp	r2, #0
 1713 002e 35D1     		bne	.L108
 965:Drivers/STM32WBxx_HAL_Driver/Src/stm32wbxx_hal_rtc.c ****     assert_param(IS_RTC_MONTH(sDate->Month));
 1714              		.loc 1 965 5 is_stmt 1 view .LVU595
 966:Drivers/STM32WBxx_HAL_Driver/Src/stm32wbxx_hal_rtc.c ****     assert_param(IS_RTC_DATE(sDate->Date));
 1715              		.loc 1 966 5 view .LVU596
 967:Drivers/STM32WBxx_HAL_Driver/Src/stm32wbxx_hal_rtc.c **** 
 1716              		.loc 1 967 5 view .LVU597
 969:Drivers/STM32WBxx_HAL_Driver/Src/stm32wbxx_hal_rtc.c ****                   ((uint32_t)RTC_ByteToBcd2(sDate->Month) << 8U) | \
 1717              		.loc 1 969 5 view .LVU598
 969:Drivers/STM32WBxx_HAL_Driver/Src/stm32wbxx_hal_rtc.c ****                   ((uint32_t)RTC_ByteToBcd2(sDate->Month) << 8U) | \
 1718              		.loc 1 969 30 is_stmt 0 view .LVU599
 1719 0030 F078     		ldrb	r0, [r6, #3]	@ zero_extendqisi2
 1720              	.LVL85:
 969:Drivers/STM32WBxx_HAL_Driver/Src/stm32wbxx_hal_rtc.c ****                   ((uint32_t)RTC_ByteToBcd2(sDate->Month) << 8U) | \
 1721              		.loc 1 969 30 view .LVU600
 1722 0032 FFF7FEFF 		bl	RTC_ByteToBcd2
 1723              	.LVL86:
 969:Drivers/STM32WBxx_HAL_Driver/Src/stm32wbxx_hal_rtc.c ****                   ((uint32_t)RTC_ByteToBcd2(sDate->Month) << 8U) | \
 1724              		.loc 1 969 58 view .LVU601
 1725 0036 0504     		lsls	r5, r0, #16
 970:Drivers/STM32WBxx_HAL_Driver/Src/stm32wbxx_hal_rtc.c ****                   ((uint32_t)RTC_ByteToBcd2(sDate->Date)) | \
 1726              		.loc 1 970 30 view .LVU602
 1727 0038 7078     		ldrb	r0, [r6, #1]	@ zero_extendqisi2
 1728 003a FFF7FEFF 		bl	RTC_ByteToBcd2
 1729              	.LVL87:
 969:Drivers/STM32WBxx_HAL_Driver/Src/stm32wbxx_hal_rtc.c ****                   ((uint32_t)RTC_ByteToBcd2(sDate->Month) << 8U) | \
 1730              		.loc 1 969 66 view .LVU603
 1731 003e 45EA0025 		orr	r5, r5, r0, lsl #8
 971:Drivers/STM32WBxx_HAL_Driver/Src/stm32wbxx_hal_rtc.c ****                   ((uint32_t)sDate->WeekDay << 13U));
 1732              		.loc 1 971 30 view .LVU604
 1733 0042 B078     		ldrb	r0, [r6, #2]	@ zero_extendqisi2
 1734 0044 FFF7FEFF 		bl	RTC_ByteToBcd2
 1735              	.LVL88:
 970:Drivers/STM32WBxx_HAL_Driver/Src/stm32wbxx_hal_rtc.c ****                   ((uint32_t)RTC_ByteToBcd2(sDate->Date)) | \
 1736              		.loc 1 970 66 view .LVU605
 1737 0048 0543     		orrs	r5, r5, r0
ARM GAS  C:\Users\843E~1\AppData\Local\Temp\ccZjV6EC.s 			page 72


 972:Drivers/STM32WBxx_HAL_Driver/Src/stm32wbxx_hal_rtc.c ****   }
 1738              		.loc 1 972 35 view .LVU606
 1739 004a 3078     		ldrb	r0, [r6]	@ zero_extendqisi2
 969:Drivers/STM32WBxx_HAL_Driver/Src/stm32wbxx_hal_rtc.c ****                   ((uint32_t)RTC_ByteToBcd2(sDate->Month) << 8U) | \
 1740              		.loc 1 969 16 view .LVU607
 1741 004c 45EA4035 		orr	r5, r5, r0, lsl #13
 1742              	.LVL89:
 1743              	.L109:
 987:Drivers/STM32WBxx_HAL_Driver/Src/stm32wbxx_hal_rtc.c **** 
 1744              		.loc 1 987 3 is_stmt 1 view .LVU608
 987:Drivers/STM32WBxx_HAL_Driver/Src/stm32wbxx_hal_rtc.c **** 
 1745              		.loc 1 987 3 view .LVU609
 1746 0050 2368     		ldr	r3, [r4]
 1747 0052 CA22     		movs	r2, #202
 1748 0054 5A62     		str	r2, [r3, #36]
 987:Drivers/STM32WBxx_HAL_Driver/Src/stm32wbxx_hal_rtc.c **** 
 1749              		.loc 1 987 3 view .LVU610
 1750 0056 2368     		ldr	r3, [r4]
 1751 0058 5322     		movs	r2, #83
 1752 005a 5A62     		str	r2, [r3, #36]
 987:Drivers/STM32WBxx_HAL_Driver/Src/stm32wbxx_hal_rtc.c **** 
 1753              		.loc 1 987 3 view .LVU611
 990:Drivers/STM32WBxx_HAL_Driver/Src/stm32wbxx_hal_rtc.c ****   {
 1754              		.loc 1 990 3 view .LVU612
 990:Drivers/STM32WBxx_HAL_Driver/Src/stm32wbxx_hal_rtc.c ****   {
 1755              		.loc 1 990 7 is_stmt 0 view .LVU613
 1756 005c 2046     		mov	r0, r4
 1757 005e FFF7FEFF 		bl	RTC_EnterInitMode
 1758              	.LVL90:
 990:Drivers/STM32WBxx_HAL_Driver/Src/stm32wbxx_hal_rtc.c ****   {
 1759              		.loc 1 990 6 view .LVU614
 1760 0062 0646     		mov	r6, r0
 1761              	.LVL91:
 990:Drivers/STM32WBxx_HAL_Driver/Src/stm32wbxx_hal_rtc.c ****   {
 1762              		.loc 1 990 6 view .LVU615
 1763 0064 28BB     		cbnz	r0, .L114
1006:Drivers/STM32WBxx_HAL_Driver/Src/stm32wbxx_hal_rtc.c **** 
 1764              		.loc 1 1006 5 is_stmt 1 view .LVU616
1006:Drivers/STM32WBxx_HAL_Driver/Src/stm32wbxx_hal_rtc.c **** 
 1765              		.loc 1 1006 9 is_stmt 0 view .LVU617
 1766 0066 2368     		ldr	r3, [r4]
1006:Drivers/STM32WBxx_HAL_Driver/Src/stm32wbxx_hal_rtc.c **** 
 1767              		.loc 1 1006 26 view .LVU618
 1768 0068 25F07F45 		bic	r5, r5, #-16777216
 1769              	.LVL92:
1006:Drivers/STM32WBxx_HAL_Driver/Src/stm32wbxx_hal_rtc.c **** 
 1770              		.loc 1 1006 26 view .LVU619
 1771 006c 25F0C005 		bic	r5, r5, #192
1006:Drivers/STM32WBxx_HAL_Driver/Src/stm32wbxx_hal_rtc.c **** 
 1772              		.loc 1 1006 24 view .LVU620
 1773 0070 5D60     		str	r5, [r3, #4]
1009:Drivers/STM32WBxx_HAL_Driver/Src/stm32wbxx_hal_rtc.c **** 
 1774              		.loc 1 1009 5 is_stmt 1 view .LVU621
1009:Drivers/STM32WBxx_HAL_Driver/Src/stm32wbxx_hal_rtc.c **** 
 1775              		.loc 1 1009 9 is_stmt 0 view .LVU622
 1776 0072 2268     		ldr	r2, [r4]
1009:Drivers/STM32WBxx_HAL_Driver/Src/stm32wbxx_hal_rtc.c **** 
ARM GAS  C:\Users\843E~1\AppData\Local\Temp\ccZjV6EC.s 			page 73


 1777              		.loc 1 1009 25 view .LVU623
 1778 0074 D368     		ldr	r3, [r2, #12]
 1779 0076 23F08003 		bic	r3, r3, #128
 1780 007a D360     		str	r3, [r2, #12]
1012:Drivers/STM32WBxx_HAL_Driver/Src/stm32wbxx_hal_rtc.c ****     {
 1781              		.loc 1 1012 5 is_stmt 1 view .LVU624
1012:Drivers/STM32WBxx_HAL_Driver/Src/stm32wbxx_hal_rtc.c ****     {
 1782              		.loc 1 1012 14 is_stmt 0 view .LVU625
 1783 007c 2368     		ldr	r3, [r4]
1012:Drivers/STM32WBxx_HAL_Driver/Src/stm32wbxx_hal_rtc.c ****     {
 1784              		.loc 1 1012 24 view .LVU626
 1785 007e 9B68     		ldr	r3, [r3, #8]
1012:Drivers/STM32WBxx_HAL_Driver/Src/stm32wbxx_hal_rtc.c ****     {
 1786              		.loc 1 1012 8 view .LVU627
 1787 0080 13F0200F 		tst	r3, #32
 1788 0084 20D0     		beq	.L115
 1789              	.L111:
1029:Drivers/STM32WBxx_HAL_Driver/Src/stm32wbxx_hal_rtc.c **** 
 1790              		.loc 1 1029 5 is_stmt 1 view .LVU628
1029:Drivers/STM32WBxx_HAL_Driver/Src/stm32wbxx_hal_rtc.c **** 
 1791              		.loc 1 1029 5 view .LVU629
 1792 0086 2368     		ldr	r3, [r4]
 1793 0088 FF22     		movs	r2, #255
 1794 008a 5A62     		str	r2, [r3, #36]
1029:Drivers/STM32WBxx_HAL_Driver/Src/stm32wbxx_hal_rtc.c **** 
 1795              		.loc 1 1029 5 view .LVU630
1031:Drivers/STM32WBxx_HAL_Driver/Src/stm32wbxx_hal_rtc.c **** 
 1796              		.loc 1 1031 5 view .LVU631
1031:Drivers/STM32WBxx_HAL_Driver/Src/stm32wbxx_hal_rtc.c **** 
 1797              		.loc 1 1031 17 is_stmt 0 view .LVU632
 1798 008c 0123     		movs	r3, #1
 1799 008e 84F82130 		strb	r3, [r4, #33]
1034:Drivers/STM32WBxx_HAL_Driver/Src/stm32wbxx_hal_rtc.c **** 
 1800              		.loc 1 1034 5 is_stmt 1 view .LVU633
1034:Drivers/STM32WBxx_HAL_Driver/Src/stm32wbxx_hal_rtc.c **** 
 1801              		.loc 1 1034 5 view .LVU634
 1802 0092 0023     		movs	r3, #0
 1803 0094 84F82030 		strb	r3, [r4, #32]
1034:Drivers/STM32WBxx_HAL_Driver/Src/stm32wbxx_hal_rtc.c **** 
 1804              		.loc 1 1034 5 view .LVU635
1036:Drivers/STM32WBxx_HAL_Driver/Src/stm32wbxx_hal_rtc.c ****   }
 1805              		.loc 1 1036 5 view .LVU636
 1806              	.LVL93:
 1807              	.L106:
1038:Drivers/STM32WBxx_HAL_Driver/Src/stm32wbxx_hal_rtc.c **** 
 1808              		.loc 1 1038 1 is_stmt 0 view .LVU637
 1809 0098 3046     		mov	r0, r6
 1810 009a 70BD     		pop	{r4, r5, r6, pc}
 1811              	.LVL94:
 1812              	.L108:
 976:Drivers/STM32WBxx_HAL_Driver/Src/stm32wbxx_hal_rtc.c ****     assert_param(IS_RTC_MONTH(RTC_Bcd2ToByte(sDate->Month)));
 1813              		.loc 1 976 5 is_stmt 1 view .LVU638
 977:Drivers/STM32WBxx_HAL_Driver/Src/stm32wbxx_hal_rtc.c ****     assert_param(IS_RTC_DATE(RTC_Bcd2ToByte(sDate->Date)));
 1814              		.loc 1 977 5 view .LVU639
 978:Drivers/STM32WBxx_HAL_Driver/Src/stm32wbxx_hal_rtc.c **** 
 1815              		.loc 1 978 5 view .LVU640
 980:Drivers/STM32WBxx_HAL_Driver/Src/stm32wbxx_hal_rtc.c ****                   (((uint32_t)sDate->Month) << 8U) | \
ARM GAS  C:\Users\843E~1\AppData\Local\Temp\ccZjV6EC.s 			page 74


 1816              		.loc 1 980 5 view .LVU641
 980:Drivers/STM32WBxx_HAL_Driver/Src/stm32wbxx_hal_rtc.c ****                   (((uint32_t)sDate->Month) << 8U) | \
 1817              		.loc 1 980 36 is_stmt 0 view .LVU642
 1818 009c F578     		ldrb	r5, [r6, #3]	@ zero_extendqisi2
 981:Drivers/STM32WBxx_HAL_Driver/Src/stm32wbxx_hal_rtc.c ****                   ((uint32_t)sDate->Date) | \
 1819              		.loc 1 981 36 view .LVU643
 1820 009e 7078     		ldrb	r0, [r6, #1]	@ zero_extendqisi2
 1821              	.LVL95:
 981:Drivers/STM32WBxx_HAL_Driver/Src/stm32wbxx_hal_rtc.c ****                   ((uint32_t)sDate->Date) | \
 1822              		.loc 1 981 45 view .LVU644
 1823 00a0 0002     		lsls	r0, r0, #8
 980:Drivers/STM32WBxx_HAL_Driver/Src/stm32wbxx_hal_rtc.c ****                   (((uint32_t)sDate->Month) << 8U) | \
 1824              		.loc 1 980 52 view .LVU645
 1825 00a2 40EA0540 		orr	r0, r0, r5, lsl #16
 982:Drivers/STM32WBxx_HAL_Driver/Src/stm32wbxx_hal_rtc.c ****                   (((uint32_t)sDate->WeekDay) << 13U));
 1826              		.loc 1 982 35 view .LVU646
 1827 00a6 B578     		ldrb	r5, [r6, #2]	@ zero_extendqisi2
 981:Drivers/STM32WBxx_HAL_Driver/Src/stm32wbxx_hal_rtc.c ****                   ((uint32_t)sDate->Date) | \
 1828              		.loc 1 981 52 view .LVU647
 1829 00a8 2843     		orrs	r0, r0, r5
 983:Drivers/STM32WBxx_HAL_Driver/Src/stm32wbxx_hal_rtc.c ****   }
 1830              		.loc 1 983 36 view .LVU648
 1831 00aa 3578     		ldrb	r5, [r6]	@ zero_extendqisi2
 980:Drivers/STM32WBxx_HAL_Driver/Src/stm32wbxx_hal_rtc.c ****                   (((uint32_t)sDate->Month) << 8U) | \
 1832              		.loc 1 980 16 view .LVU649
 1833 00ac 40EA4535 		orr	r5, r0, r5, lsl #13
 1834              	.LVL96:
 980:Drivers/STM32WBxx_HAL_Driver/Src/stm32wbxx_hal_rtc.c ****                   (((uint32_t)sDate->Month) << 8U) | \
 1835              		.loc 1 980 16 view .LVU650
 1836 00b0 CEE7     		b	.L109
 1837              	.LVL97:
 1838              	.L114:
 993:Drivers/STM32WBxx_HAL_Driver/Src/stm32wbxx_hal_rtc.c **** 
 1839              		.loc 1 993 5 is_stmt 1 view .LVU651
 993:Drivers/STM32WBxx_HAL_Driver/Src/stm32wbxx_hal_rtc.c **** 
 1840              		.loc 1 993 5 view .LVU652
 1841 00b2 2368     		ldr	r3, [r4]
 1842 00b4 FF22     		movs	r2, #255
 1843 00b6 5A62     		str	r2, [r3, #36]
 993:Drivers/STM32WBxx_HAL_Driver/Src/stm32wbxx_hal_rtc.c **** 
 1844              		.loc 1 993 5 view .LVU653
 996:Drivers/STM32WBxx_HAL_Driver/Src/stm32wbxx_hal_rtc.c **** 
 1845              		.loc 1 996 5 view .LVU654
 996:Drivers/STM32WBxx_HAL_Driver/Src/stm32wbxx_hal_rtc.c **** 
 1846              		.loc 1 996 17 is_stmt 0 view .LVU655
 1847 00b8 0423     		movs	r3, #4
 1848 00ba 84F82130 		strb	r3, [r4, #33]
 999:Drivers/STM32WBxx_HAL_Driver/Src/stm32wbxx_hal_rtc.c **** 
 1849              		.loc 1 999 5 is_stmt 1 view .LVU656
 999:Drivers/STM32WBxx_HAL_Driver/Src/stm32wbxx_hal_rtc.c **** 
 1850              		.loc 1 999 5 view .LVU657
 1851 00be 0023     		movs	r3, #0
 1852 00c0 84F82030 		strb	r3, [r4, #32]
 999:Drivers/STM32WBxx_HAL_Driver/Src/stm32wbxx_hal_rtc.c **** 
 1853              		.loc 1 999 5 view .LVU658
1001:Drivers/STM32WBxx_HAL_Driver/Src/stm32wbxx_hal_rtc.c ****   }
 1854              		.loc 1 1001 5 view .LVU659
ARM GAS  C:\Users\843E~1\AppData\Local\Temp\ccZjV6EC.s 			page 75


1001:Drivers/STM32WBxx_HAL_Driver/Src/stm32wbxx_hal_rtc.c ****   }
 1855              		.loc 1 1001 12 is_stmt 0 view .LVU660
 1856 00c4 0126     		movs	r6, #1
 1857 00c6 E7E7     		b	.L106
 1858              	.LVL98:
 1859              	.L115:
1014:Drivers/STM32WBxx_HAL_Driver/Src/stm32wbxx_hal_rtc.c ****       {
 1860              		.loc 1 1014 7 is_stmt 1 view .LVU661
1014:Drivers/STM32WBxx_HAL_Driver/Src/stm32wbxx_hal_rtc.c ****       {
 1861              		.loc 1 1014 11 is_stmt 0 view .LVU662
 1862 00c8 2046     		mov	r0, r4
 1863 00ca FFF7FEFF 		bl	HAL_RTC_WaitForSynchro
 1864              	.LVL99:
1014:Drivers/STM32WBxx_HAL_Driver/Src/stm32wbxx_hal_rtc.c ****       {
 1865              		.loc 1 1014 10 view .LVU663
 1866 00ce 0028     		cmp	r0, #0
 1867 00d0 D9D0     		beq	.L111
1017:Drivers/STM32WBxx_HAL_Driver/Src/stm32wbxx_hal_rtc.c **** 
 1868              		.loc 1 1017 9 is_stmt 1 view .LVU664
1017:Drivers/STM32WBxx_HAL_Driver/Src/stm32wbxx_hal_rtc.c **** 
 1869              		.loc 1 1017 9 view .LVU665
 1870 00d2 2368     		ldr	r3, [r4]
 1871 00d4 FF22     		movs	r2, #255
 1872 00d6 5A62     		str	r2, [r3, #36]
1017:Drivers/STM32WBxx_HAL_Driver/Src/stm32wbxx_hal_rtc.c **** 
 1873              		.loc 1 1017 9 view .LVU666
1019:Drivers/STM32WBxx_HAL_Driver/Src/stm32wbxx_hal_rtc.c **** 
 1874              		.loc 1 1019 9 view .LVU667
1019:Drivers/STM32WBxx_HAL_Driver/Src/stm32wbxx_hal_rtc.c **** 
 1875              		.loc 1 1019 21 is_stmt 0 view .LVU668
 1876 00d8 0423     		movs	r3, #4
 1877 00da 84F82130 		strb	r3, [r4, #33]
1022:Drivers/STM32WBxx_HAL_Driver/Src/stm32wbxx_hal_rtc.c **** 
 1878              		.loc 1 1022 9 is_stmt 1 view .LVU669
1022:Drivers/STM32WBxx_HAL_Driver/Src/stm32wbxx_hal_rtc.c **** 
 1879              		.loc 1 1022 9 view .LVU670
 1880 00de 0023     		movs	r3, #0
 1881 00e0 84F82030 		strb	r3, [r4, #32]
1022:Drivers/STM32WBxx_HAL_Driver/Src/stm32wbxx_hal_rtc.c **** 
 1882              		.loc 1 1022 9 view .LVU671
1024:Drivers/STM32WBxx_HAL_Driver/Src/stm32wbxx_hal_rtc.c ****       }
 1883              		.loc 1 1024 9 view .LVU672
1024:Drivers/STM32WBxx_HAL_Driver/Src/stm32wbxx_hal_rtc.c ****       }
 1884              		.loc 1 1024 16 is_stmt 0 view .LVU673
 1885 00e4 0126     		movs	r6, #1
 1886 00e6 D7E7     		b	.L106
 1887              	.LVL100:
 1888              	.L112:
 952:Drivers/STM32WBxx_HAL_Driver/Src/stm32wbxx_hal_rtc.c **** 
 1889              		.loc 1 952 3 view .LVU674
 1890 00e8 0226     		movs	r6, #2
 1891 00ea D5E7     		b	.L106
 1892              		.cfi_endproc
 1893              	.LFE956:
 1895              		.section	.text.HAL_RTC_SetAlarm,"ax",%progbits
 1896              		.align	1
 1897              		.global	HAL_RTC_SetAlarm
ARM GAS  C:\Users\843E~1\AppData\Local\Temp\ccZjV6EC.s 			page 76


 1898              		.syntax unified
 1899              		.thumb
 1900              		.thumb_func
 1902              	HAL_RTC_SetAlarm:
 1903              	.LVL101:
 1904              	.LFB963:
1175:Drivers/STM32WBxx_HAL_Driver/Src/stm32wbxx_hal_rtc.c ****   uint32_t tickstart;
 1905              		.loc 1 1175 1 is_stmt 1 view -0
 1906              		.cfi_startproc
 1907              		@ args = 0, pretend = 0, frame = 0
 1908              		@ frame_needed = 0, uses_anonymous_args = 0
1175:Drivers/STM32WBxx_HAL_Driver/Src/stm32wbxx_hal_rtc.c ****   uint32_t tickstart;
 1909              		.loc 1 1175 1 is_stmt 0 view .LVU676
 1910 0000 F8B5     		push	{r3, r4, r5, r6, r7, lr}
 1911              	.LCFI10:
 1912              		.cfi_def_cfa_offset 24
 1913              		.cfi_offset 3, -24
 1914              		.cfi_offset 4, -20
 1915              		.cfi_offset 5, -16
 1916              		.cfi_offset 6, -12
 1917              		.cfi_offset 7, -8
 1918              		.cfi_offset 14, -4
1176:Drivers/STM32WBxx_HAL_Driver/Src/stm32wbxx_hal_rtc.c ****   uint32_t tmpreg;
 1919              		.loc 1 1176 3 is_stmt 1 view .LVU677
1177:Drivers/STM32WBxx_HAL_Driver/Src/stm32wbxx_hal_rtc.c ****   uint32_t subsecondtmpreg;
 1920              		.loc 1 1177 3 view .LVU678
1178:Drivers/STM32WBxx_HAL_Driver/Src/stm32wbxx_hal_rtc.c **** 
 1921              		.loc 1 1178 3 view .LVU679
1181:Drivers/STM32WBxx_HAL_Driver/Src/stm32wbxx_hal_rtc.c ****   assert_param(IS_RTC_ALARM(sAlarm->Alarm));
 1922              		.loc 1 1181 3 view .LVU680
1182:Drivers/STM32WBxx_HAL_Driver/Src/stm32wbxx_hal_rtc.c ****   assert_param(IS_RTC_ALARM_MASK(sAlarm->AlarmMask));
 1923              		.loc 1 1182 3 view .LVU681
1183:Drivers/STM32WBxx_HAL_Driver/Src/stm32wbxx_hal_rtc.c ****   assert_param(IS_RTC_ALARM_DATE_WEEKDAY_SEL(sAlarm->AlarmDateWeekDaySel));
 1924              		.loc 1 1183 3 view .LVU682
1184:Drivers/STM32WBxx_HAL_Driver/Src/stm32wbxx_hal_rtc.c ****   assert_param(IS_RTC_ALARM_SUB_SECOND_VALUE(sAlarm->AlarmTime.SubSeconds));
 1925              		.loc 1 1184 3 view .LVU683
1185:Drivers/STM32WBxx_HAL_Driver/Src/stm32wbxx_hal_rtc.c ****   assert_param(IS_RTC_ALARM_SUB_SECOND_MASK(sAlarm->AlarmSubSecondMask));
 1926              		.loc 1 1185 3 view .LVU684
1186:Drivers/STM32WBxx_HAL_Driver/Src/stm32wbxx_hal_rtc.c **** 
 1927              		.loc 1 1186 3 view .LVU685
1189:Drivers/STM32WBxx_HAL_Driver/Src/stm32wbxx_hal_rtc.c **** 
 1928              		.loc 1 1189 3 view .LVU686
1189:Drivers/STM32WBxx_HAL_Driver/Src/stm32wbxx_hal_rtc.c **** 
 1929              		.loc 1 1189 3 view .LVU687
 1930 0002 90F82030 		ldrb	r3, [r0, #32]	@ zero_extendqisi2
 1931 0006 012B     		cmp	r3, #1
 1932 0008 00F0B180 		beq	.L128
 1933 000c 0446     		mov	r4, r0
 1934 000e 0D46     		mov	r5, r1
1189:Drivers/STM32WBxx_HAL_Driver/Src/stm32wbxx_hal_rtc.c **** 
 1935              		.loc 1 1189 3 discriminator 2 view .LVU688
 1936 0010 0123     		movs	r3, #1
 1937 0012 80F82030 		strb	r3, [r0, #32]
1189:Drivers/STM32WBxx_HAL_Driver/Src/stm32wbxx_hal_rtc.c **** 
 1938              		.loc 1 1189 3 discriminator 2 view .LVU689
1191:Drivers/STM32WBxx_HAL_Driver/Src/stm32wbxx_hal_rtc.c **** 
 1939              		.loc 1 1191 3 discriminator 2 view .LVU690
ARM GAS  C:\Users\843E~1\AppData\Local\Temp\ccZjV6EC.s 			page 77


1191:Drivers/STM32WBxx_HAL_Driver/Src/stm32wbxx_hal_rtc.c **** 
 1940              		.loc 1 1191 15 is_stmt 0 discriminator 2 view .LVU691
 1941 0016 0223     		movs	r3, #2
 1942 0018 80F82130 		strb	r3, [r0, #33]
1193:Drivers/STM32WBxx_HAL_Driver/Src/stm32wbxx_hal_rtc.c ****   {
 1943              		.loc 1 1193 3 is_stmt 1 discriminator 2 view .LVU692
1193:Drivers/STM32WBxx_HAL_Driver/Src/stm32wbxx_hal_rtc.c ****   {
 1944              		.loc 1 1193 6 is_stmt 0 discriminator 2 view .LVU693
 1945 001c 002A     		cmp	r2, #0
 1946 001e 4FD1     		bne	.L118
1195:Drivers/STM32WBxx_HAL_Driver/Src/stm32wbxx_hal_rtc.c ****     {
 1947              		.loc 1 1195 5 is_stmt 1 view .LVU694
1195:Drivers/STM32WBxx_HAL_Driver/Src/stm32wbxx_hal_rtc.c ****     {
 1948              		.loc 1 1195 14 is_stmt 0 view .LVU695
 1949 0020 0368     		ldr	r3, [r0]
1195:Drivers/STM32WBxx_HAL_Driver/Src/stm32wbxx_hal_rtc.c ****     {
 1950              		.loc 1 1195 24 view .LVU696
 1951 0022 9B68     		ldr	r3, [r3, #8]
1195:Drivers/STM32WBxx_HAL_Driver/Src/stm32wbxx_hal_rtc.c ****     {
 1952              		.loc 1 1195 8 view .LVU697
 1953 0024 13F0400F 		tst	r3, #64
 1954 0028 01D1     		bne	.L119
1202:Drivers/STM32WBxx_HAL_Driver/Src/stm32wbxx_hal_rtc.c ****       assert_param(IS_RTC_HOUR24(sAlarm->AlarmTime.Hours));
 1955              		.loc 1 1202 7 is_stmt 1 view .LVU698
1202:Drivers/STM32WBxx_HAL_Driver/Src/stm32wbxx_hal_rtc.c ****       assert_param(IS_RTC_HOUR24(sAlarm->AlarmTime.Hours));
 1956              		.loc 1 1202 36 is_stmt 0 view .LVU699
 1957 002a 0023     		movs	r3, #0
 1958 002c CB70     		strb	r3, [r1, #3]
 1959              	.L119:
1203:Drivers/STM32WBxx_HAL_Driver/Src/stm32wbxx_hal_rtc.c ****     }
 1960              		.loc 1 1203 7 is_stmt 1 view .LVU700
1205:Drivers/STM32WBxx_HAL_Driver/Src/stm32wbxx_hal_rtc.c ****     assert_param(IS_RTC_SECONDS(sAlarm->AlarmTime.Seconds));
 1961              		.loc 1 1205 5 view .LVU701
1206:Drivers/STM32WBxx_HAL_Driver/Src/stm32wbxx_hal_rtc.c **** 
 1962              		.loc 1 1206 5 view .LVU702
1208:Drivers/STM32WBxx_HAL_Driver/Src/stm32wbxx_hal_rtc.c ****     {
 1963              		.loc 1 1208 5 view .LVU703
1208:Drivers/STM32WBxx_HAL_Driver/Src/stm32wbxx_hal_rtc.c ****     {
 1964              		.loc 1 1208 15 is_stmt 0 view .LVU704
 1965 002e EE69     		ldr	r6, [r5, #28]
1214:Drivers/STM32WBxx_HAL_Driver/Src/stm32wbxx_hal_rtc.c ****     }
 1966              		.loc 1 1214 7 is_stmt 1 view .LVU705
1217:Drivers/STM32WBxx_HAL_Driver/Src/stm32wbxx_hal_rtc.c ****               ((uint32_t)RTC_ByteToBcd2(sAlarm->AlarmTime.Minutes) << 8U) | \
 1967              		.loc 1 1217 5 view .LVU706
1217:Drivers/STM32WBxx_HAL_Driver/Src/stm32wbxx_hal_rtc.c ****               ((uint32_t)RTC_ByteToBcd2(sAlarm->AlarmTime.Minutes) << 8U) | \
 1968              		.loc 1 1217 26 is_stmt 0 view .LVU707
 1969 0030 2878     		ldrb	r0, [r5]	@ zero_extendqisi2
 1970              	.LVL102:
1217:Drivers/STM32WBxx_HAL_Driver/Src/stm32wbxx_hal_rtc.c ****               ((uint32_t)RTC_ByteToBcd2(sAlarm->AlarmTime.Minutes) << 8U) | \
 1971              		.loc 1 1217 26 view .LVU708
 1972 0032 FFF7FEFF 		bl	RTC_ByteToBcd2
 1973              	.LVL103:
1217:Drivers/STM32WBxx_HAL_Driver/Src/stm32wbxx_hal_rtc.c ****               ((uint32_t)RTC_ByteToBcd2(sAlarm->AlarmTime.Minutes) << 8U) | \
 1974              		.loc 1 1217 66 view .LVU709
 1975 0036 0704     		lsls	r7, r0, #16
1218:Drivers/STM32WBxx_HAL_Driver/Src/stm32wbxx_hal_rtc.c ****               ((uint32_t)RTC_ByteToBcd2(sAlarm->AlarmTime.Seconds)) | \
 1976              		.loc 1 1218 26 view .LVU710
ARM GAS  C:\Users\843E~1\AppData\Local\Temp\ccZjV6EC.s 			page 78


 1977 0038 6878     		ldrb	r0, [r5, #1]	@ zero_extendqisi2
 1978 003a FFF7FEFF 		bl	RTC_ByteToBcd2
 1979              	.LVL104:
1217:Drivers/STM32WBxx_HAL_Driver/Src/stm32wbxx_hal_rtc.c ****               ((uint32_t)RTC_ByteToBcd2(sAlarm->AlarmTime.Minutes) << 8U) | \
 1980              		.loc 1 1217 74 view .LVU711
 1981 003e 47EA0027 		orr	r7, r7, r0, lsl #8
1219:Drivers/STM32WBxx_HAL_Driver/Src/stm32wbxx_hal_rtc.c ****               ((uint32_t)(sAlarm->AlarmTime.TimeFormat) << 16U) | \
 1982              		.loc 1 1219 26 view .LVU712
 1983 0042 A878     		ldrb	r0, [r5, #2]	@ zero_extendqisi2
 1984 0044 FFF7FEFF 		bl	RTC_ByteToBcd2
 1985              	.LVL105:
1218:Drivers/STM32WBxx_HAL_Driver/Src/stm32wbxx_hal_rtc.c ****               ((uint32_t)RTC_ByteToBcd2(sAlarm->AlarmTime.Seconds)) | \
 1986              		.loc 1 1218 75 view .LVU713
 1987 0048 0743     		orrs	r7, r7, r0
1220:Drivers/STM32WBxx_HAL_Driver/Src/stm32wbxx_hal_rtc.c ****               ((uint32_t)RTC_ByteToBcd2(sAlarm->AlarmDateWeekDay) << 24U) | \
 1988              		.loc 1 1220 44 view .LVU714
 1989 004a E878     		ldrb	r0, [r5, #3]	@ zero_extendqisi2
1219:Drivers/STM32WBxx_HAL_Driver/Src/stm32wbxx_hal_rtc.c ****               ((uint32_t)(sAlarm->AlarmTime.TimeFormat) << 16U) | \
 1990              		.loc 1 1219 69 view .LVU715
 1991 004c 47EA0047 		orr	r7, r7, r0, lsl #16
1221:Drivers/STM32WBxx_HAL_Driver/Src/stm32wbxx_hal_rtc.c ****               ((uint32_t)sAlarm->AlarmDateWeekDaySel) | \
 1992              		.loc 1 1221 26 view .LVU716
 1993 0050 95F82000 		ldrb	r0, [r5, #32]	@ zero_extendqisi2
 1994 0054 FFF7FEFF 		bl	RTC_ByteToBcd2
 1995              	.LVL106:
1220:Drivers/STM32WBxx_HAL_Driver/Src/stm32wbxx_hal_rtc.c ****               ((uint32_t)RTC_ByteToBcd2(sAlarm->AlarmDateWeekDay) << 24U) | \
 1996              		.loc 1 1220 65 view .LVU717
 1997 0058 47EA0067 		orr	r7, r7, r0, lsl #24
1221:Drivers/STM32WBxx_HAL_Driver/Src/stm32wbxx_hal_rtc.c ****               ((uint32_t)sAlarm->AlarmDateWeekDaySel) | \
 1998              		.loc 1 1221 75 view .LVU718
 1999 005c 3E43     		orrs	r6, r6, r7
1223:Drivers/STM32WBxx_HAL_Driver/Src/stm32wbxx_hal_rtc.c ****   }
 2000              		.loc 1 1223 32 view .LVU719
 2001 005e 6B69     		ldr	r3, [r5, #20]
1217:Drivers/STM32WBxx_HAL_Driver/Src/stm32wbxx_hal_rtc.c ****               ((uint32_t)RTC_ByteToBcd2(sAlarm->AlarmTime.Minutes) << 8U) | \
 2002              		.loc 1 1217 12 view .LVU720
 2003 0060 1E43     		orrs	r6, r6, r3
 2004              	.LVL107:
 2005              	.L120:
1260:Drivers/STM32WBxx_HAL_Driver/Src/stm32wbxx_hal_rtc.c **** 
 2006              		.loc 1 1260 3 is_stmt 1 view .LVU721
1260:Drivers/STM32WBxx_HAL_Driver/Src/stm32wbxx_hal_rtc.c **** 
 2007              		.loc 1 1260 60 is_stmt 0 view .LVU722
 2008 0062 6F68     		ldr	r7, [r5, #4]
1260:Drivers/STM32WBxx_HAL_Driver/Src/stm32wbxx_hal_rtc.c **** 
 2009              		.loc 1 1260 92 view .LVU723
 2010 0064 AB69     		ldr	r3, [r5, #24]
1260:Drivers/STM32WBxx_HAL_Driver/Src/stm32wbxx_hal_rtc.c **** 
 2011              		.loc 1 1260 19 view .LVU724
 2012 0066 1F43     		orrs	r7, r7, r3
 2013              	.LVL108:
1263:Drivers/STM32WBxx_HAL_Driver/Src/stm32wbxx_hal_rtc.c **** 
 2014              		.loc 1 1263 3 is_stmt 1 view .LVU725
1263:Drivers/STM32WBxx_HAL_Driver/Src/stm32wbxx_hal_rtc.c **** 
 2015              		.loc 1 1263 3 view .LVU726
 2016 0068 2368     		ldr	r3, [r4]
 2017 006a CA22     		movs	r2, #202
ARM GAS  C:\Users\843E~1\AppData\Local\Temp\ccZjV6EC.s 			page 79


 2018 006c 5A62     		str	r2, [r3, #36]
1263:Drivers/STM32WBxx_HAL_Driver/Src/stm32wbxx_hal_rtc.c **** 
 2019              		.loc 1 1263 3 view .LVU727
 2020 006e 2368     		ldr	r3, [r4]
 2021 0070 5322     		movs	r2, #83
 2022 0072 5A62     		str	r2, [r3, #36]
1263:Drivers/STM32WBxx_HAL_Driver/Src/stm32wbxx_hal_rtc.c **** 
 2023              		.loc 1 1263 3 view .LVU728
1266:Drivers/STM32WBxx_HAL_Driver/Src/stm32wbxx_hal_rtc.c ****   {
 2024              		.loc 1 1266 3 view .LVU729
1266:Drivers/STM32WBxx_HAL_Driver/Src/stm32wbxx_hal_rtc.c ****   {
 2025              		.loc 1 1266 13 is_stmt 0 view .LVU730
 2026 0074 6B6A     		ldr	r3, [r5, #36]
1266:Drivers/STM32WBxx_HAL_Driver/Src/stm32wbxx_hal_rtc.c ****   {
 2027              		.loc 1 1266 6 view .LVU731
 2028 0076 B3F5807F 		cmp	r3, #256
 2029 007a 3BD0     		beq	.L130
1301:Drivers/STM32WBxx_HAL_Driver/Src/stm32wbxx_hal_rtc.c **** 
 2030              		.loc 1 1301 5 is_stmt 1 view .LVU732
 2031 007c 2268     		ldr	r2, [r4]
 2032 007e 9368     		ldr	r3, [r2, #8]
 2033 0080 23F40073 		bic	r3, r3, #512
 2034 0084 9360     		str	r3, [r2, #8]
1304:Drivers/STM32WBxx_HAL_Driver/Src/stm32wbxx_hal_rtc.c **** 
 2035              		.loc 1 1304 5 view .LVU733
 2036 0086 2268     		ldr	r2, [r4]
 2037 0088 9368     		ldr	r3, [r2, #8]
 2038 008a 23F40053 		bic	r3, r3, #8192
 2039 008e 9360     		str	r3, [r2, #8]
1306:Drivers/STM32WBxx_HAL_Driver/Src/stm32wbxx_hal_rtc.c ****     /* Wait till RTC ALRBWF flag is set and if Time out is reached exit */
 2040              		.loc 1 1306 5 view .LVU734
1306:Drivers/STM32WBxx_HAL_Driver/Src/stm32wbxx_hal_rtc.c ****     /* Wait till RTC ALRBWF flag is set and if Time out is reached exit */
 2041              		.loc 1 1306 17 is_stmt 0 view .LVU735
 2042 0090 FFF7FEFF 		bl	HAL_GetTick
 2043              	.LVL109:
 2044 0094 0546     		mov	r5, r0
 2045              	.LVL110:
1308:Drivers/STM32WBxx_HAL_Driver/Src/stm32wbxx_hal_rtc.c ****     {
 2046              		.loc 1 1308 5 is_stmt 1 view .LVU736
 2047              	.L126:
1308:Drivers/STM32WBxx_HAL_Driver/Src/stm32wbxx_hal_rtc.c ****     {
 2048              		.loc 1 1308 11 view .LVU737
1308:Drivers/STM32WBxx_HAL_Driver/Src/stm32wbxx_hal_rtc.c ****     {
 2049              		.loc 1 1308 12 is_stmt 0 view .LVU738
 2050 0096 2368     		ldr	r3, [r4]
 2051 0098 DA68     		ldr	r2, [r3, #12]
1308:Drivers/STM32WBxx_HAL_Driver/Src/stm32wbxx_hal_rtc.c ****     {
 2052              		.loc 1 1308 11 view .LVU739
 2053 009a 12F0020F 		tst	r2, #2
 2054 009e 54D1     		bne	.L131
1310:Drivers/STM32WBxx_HAL_Driver/Src/stm32wbxx_hal_rtc.c ****       {
 2055              		.loc 1 1310 7 is_stmt 1 view .LVU740
1310:Drivers/STM32WBxx_HAL_Driver/Src/stm32wbxx_hal_rtc.c ****       {
 2056              		.loc 1 1310 12 is_stmt 0 view .LVU741
 2057 00a0 FFF7FEFF 		bl	HAL_GetTick
 2058              	.LVL111:
1310:Drivers/STM32WBxx_HAL_Driver/Src/stm32wbxx_hal_rtc.c ****       {
ARM GAS  C:\Users\843E~1\AppData\Local\Temp\ccZjV6EC.s 			page 80


 2059              		.loc 1 1310 26 view .LVU742
 2060 00a4 401B     		subs	r0, r0, r5
1310:Drivers/STM32WBxx_HAL_Driver/Src/stm32wbxx_hal_rtc.c ****       {
 2061              		.loc 1 1310 10 view .LVU743
 2062 00a6 B0F57A7F 		cmp	r0, #1000
 2063 00aa F4D9     		bls	.L126
1313:Drivers/STM32WBxx_HAL_Driver/Src/stm32wbxx_hal_rtc.c **** 
 2064              		.loc 1 1313 9 is_stmt 1 view .LVU744
1313:Drivers/STM32WBxx_HAL_Driver/Src/stm32wbxx_hal_rtc.c **** 
 2065              		.loc 1 1313 9 view .LVU745
 2066 00ac 2368     		ldr	r3, [r4]
 2067 00ae FF22     		movs	r2, #255
 2068 00b0 5A62     		str	r2, [r3, #36]
1313:Drivers/STM32WBxx_HAL_Driver/Src/stm32wbxx_hal_rtc.c **** 
 2069              		.loc 1 1313 9 view .LVU746
1315:Drivers/STM32WBxx_HAL_Driver/Src/stm32wbxx_hal_rtc.c **** 
 2070              		.loc 1 1315 9 view .LVU747
1315:Drivers/STM32WBxx_HAL_Driver/Src/stm32wbxx_hal_rtc.c **** 
 2071              		.loc 1 1315 21 is_stmt 0 view .LVU748
 2072 00b2 0320     		movs	r0, #3
 2073 00b4 84F82100 		strb	r0, [r4, #33]
1318:Drivers/STM32WBxx_HAL_Driver/Src/stm32wbxx_hal_rtc.c **** 
 2074              		.loc 1 1318 9 is_stmt 1 view .LVU749
1318:Drivers/STM32WBxx_HAL_Driver/Src/stm32wbxx_hal_rtc.c **** 
 2075              		.loc 1 1318 9 view .LVU750
 2076 00b8 0023     		movs	r3, #0
 2077 00ba 84F82030 		strb	r3, [r4, #32]
1318:Drivers/STM32WBxx_HAL_Driver/Src/stm32wbxx_hal_rtc.c **** 
 2078              		.loc 1 1318 9 view .LVU751
1320:Drivers/STM32WBxx_HAL_Driver/Src/stm32wbxx_hal_rtc.c ****       }
 2079              		.loc 1 1320 9 view .LVU752
1320:Drivers/STM32WBxx_HAL_Driver/Src/stm32wbxx_hal_rtc.c ****       }
 2080              		.loc 1 1320 16 is_stmt 0 view .LVU753
 2081 00be 55E0     		b	.L117
 2082              	.LVL112:
 2083              	.L118:
1227:Drivers/STM32WBxx_HAL_Driver/Src/stm32wbxx_hal_rtc.c ****     {
 2084              		.loc 1 1227 5 is_stmt 1 view .LVU754
1227:Drivers/STM32WBxx_HAL_Driver/Src/stm32wbxx_hal_rtc.c ****     {
 2085              		.loc 1 1227 14 is_stmt 0 view .LVU755
 2086 00c0 0368     		ldr	r3, [r0]
1227:Drivers/STM32WBxx_HAL_Driver/Src/stm32wbxx_hal_rtc.c ****     {
 2087              		.loc 1 1227 24 view .LVU756
 2088 00c2 9B68     		ldr	r3, [r3, #8]
1227:Drivers/STM32WBxx_HAL_Driver/Src/stm32wbxx_hal_rtc.c ****     {
 2089              		.loc 1 1227 8 view .LVU757
 2090 00c4 13F0400F 		tst	r3, #64
 2091 00c8 01D1     		bne	.L121
1234:Drivers/STM32WBxx_HAL_Driver/Src/stm32wbxx_hal_rtc.c ****       assert_param(IS_RTC_HOUR24(RTC_Bcd2ToByte(sAlarm->AlarmTime.Hours)));
 2092              		.loc 1 1234 7 is_stmt 1 view .LVU758
1234:Drivers/STM32WBxx_HAL_Driver/Src/stm32wbxx_hal_rtc.c ****       assert_param(IS_RTC_HOUR24(RTC_Bcd2ToByte(sAlarm->AlarmTime.Hours)));
 2093              		.loc 1 1234 36 is_stmt 0 view .LVU759
 2094 00ca 0023     		movs	r3, #0
 2095 00cc CB70     		strb	r3, [r1, #3]
 2096              	.L121:
1235:Drivers/STM32WBxx_HAL_Driver/Src/stm32wbxx_hal_rtc.c ****     }
 2097              		.loc 1 1235 7 is_stmt 1 view .LVU760
ARM GAS  C:\Users\843E~1\AppData\Local\Temp\ccZjV6EC.s 			page 81


1238:Drivers/STM32WBxx_HAL_Driver/Src/stm32wbxx_hal_rtc.c ****     assert_param(IS_RTC_SECONDS(RTC_Bcd2ToByte(sAlarm->AlarmTime.Seconds)));
 2098              		.loc 1 1238 5 view .LVU761
1239:Drivers/STM32WBxx_HAL_Driver/Src/stm32wbxx_hal_rtc.c **** 
 2099              		.loc 1 1239 5 view .LVU762
1241:Drivers/STM32WBxx_HAL_Driver/Src/stm32wbxx_hal_rtc.c ****     {
 2100              		.loc 1 1241 5 view .LVU763
1241:Drivers/STM32WBxx_HAL_Driver/Src/stm32wbxx_hal_rtc.c ****     {
 2101              		.loc 1 1241 15 is_stmt 0 view .LVU764
 2102 00ce EE69     		ldr	r6, [r5, #28]
1247:Drivers/STM32WBxx_HAL_Driver/Src/stm32wbxx_hal_rtc.c ****     }
 2103              		.loc 1 1247 7 is_stmt 1 view .LVU765
1250:Drivers/STM32WBxx_HAL_Driver/Src/stm32wbxx_hal_rtc.c ****               ((uint32_t)(sAlarm->AlarmTime.Minutes) << 8U) | \
 2104              		.loc 1 1250 5 view .LVU766
1250:Drivers/STM32WBxx_HAL_Driver/Src/stm32wbxx_hal_rtc.c ****               ((uint32_t)(sAlarm->AlarmTime.Minutes) << 8U) | \
 2105              		.loc 1 1250 44 is_stmt 0 view .LVU767
 2106 00d0 2A78     		ldrb	r2, [r5]	@ zero_extendqisi2
 2107              	.LVL113:
1251:Drivers/STM32WBxx_HAL_Driver/Src/stm32wbxx_hal_rtc.c ****               ((uint32_t) sAlarm->AlarmTime.Seconds) | \
 2108              		.loc 1 1251 44 view .LVU768
 2109 00d2 6B78     		ldrb	r3, [r5, #1]	@ zero_extendqisi2
1251:Drivers/STM32WBxx_HAL_Driver/Src/stm32wbxx_hal_rtc.c ****               ((uint32_t) sAlarm->AlarmTime.Seconds) | \
 2110              		.loc 1 1251 54 view .LVU769
 2111 00d4 1B02     		lsls	r3, r3, #8
1250:Drivers/STM32WBxx_HAL_Driver/Src/stm32wbxx_hal_rtc.c ****               ((uint32_t)(sAlarm->AlarmTime.Minutes) << 8U) | \
 2112              		.loc 1 1250 60 view .LVU770
 2113 00d6 43EA0243 		orr	r3, r3, r2, lsl #16
1252:Drivers/STM32WBxx_HAL_Driver/Src/stm32wbxx_hal_rtc.c ****               ((uint32_t)(sAlarm->AlarmTime.TimeFormat) << 16U) | \
 2114              		.loc 1 1252 44 view .LVU771
 2115 00da AA78     		ldrb	r2, [r5, #2]	@ zero_extendqisi2
1251:Drivers/STM32WBxx_HAL_Driver/Src/stm32wbxx_hal_rtc.c ****               ((uint32_t) sAlarm->AlarmTime.Seconds) | \
 2116              		.loc 1 1251 61 view .LVU772
 2117 00dc 1343     		orrs	r3, r3, r2
1253:Drivers/STM32WBxx_HAL_Driver/Src/stm32wbxx_hal_rtc.c ****               ((uint32_t)(sAlarm->AlarmDateWeekDay) << 24U) | \
 2118              		.loc 1 1253 44 view .LVU773
 2119 00de EA78     		ldrb	r2, [r5, #3]	@ zero_extendqisi2
1252:Drivers/STM32WBxx_HAL_Driver/Src/stm32wbxx_hal_rtc.c ****               ((uint32_t)(sAlarm->AlarmTime.TimeFormat) << 16U) | \
 2120              		.loc 1 1252 54 view .LVU774
 2121 00e0 43EA0243 		orr	r3, r3, r2, lsl #16
1254:Drivers/STM32WBxx_HAL_Driver/Src/stm32wbxx_hal_rtc.c ****               ((uint32_t)sAlarm->AlarmDateWeekDaySel) | \
 2122              		.loc 1 1254 33 view .LVU775
 2123 00e4 95F82020 		ldrb	r2, [r5, #32]	@ zero_extendqisi2
1253:Drivers/STM32WBxx_HAL_Driver/Src/stm32wbxx_hal_rtc.c ****               ((uint32_t)(sAlarm->AlarmDateWeekDay) << 24U) | \
 2124              		.loc 1 1253 65 view .LVU776
 2125 00e8 43EA0263 		orr	r3, r3, r2, lsl #24
1254:Drivers/STM32WBxx_HAL_Driver/Src/stm32wbxx_hal_rtc.c ****               ((uint32_t)sAlarm->AlarmDateWeekDaySel) | \
 2126              		.loc 1 1254 61 view .LVU777
 2127 00ec 1E43     		orrs	r6, r6, r3
1256:Drivers/STM32WBxx_HAL_Driver/Src/stm32wbxx_hal_rtc.c ****   }
 2128              		.loc 1 1256 32 view .LVU778
 2129 00ee 6B69     		ldr	r3, [r5, #20]
1250:Drivers/STM32WBxx_HAL_Driver/Src/stm32wbxx_hal_rtc.c ****               ((uint32_t)(sAlarm->AlarmTime.Minutes) << 8U) | \
 2130              		.loc 1 1250 12 view .LVU779
 2131 00f0 1E43     		orrs	r6, r6, r3
 2132              	.LVL114:
1250:Drivers/STM32WBxx_HAL_Driver/Src/stm32wbxx_hal_rtc.c ****               ((uint32_t)(sAlarm->AlarmTime.Minutes) << 8U) | \
 2133              		.loc 1 1250 12 view .LVU780
 2134 00f2 B6E7     		b	.L120
ARM GAS  C:\Users\843E~1\AppData\Local\Temp\ccZjV6EC.s 			page 82


 2135              	.LVL115:
 2136              	.L130:
1269:Drivers/STM32WBxx_HAL_Driver/Src/stm32wbxx_hal_rtc.c **** 
 2137              		.loc 1 1269 5 is_stmt 1 view .LVU781
 2138 00f4 2268     		ldr	r2, [r4]
 2139 00f6 9368     		ldr	r3, [r2, #8]
 2140 00f8 23F48073 		bic	r3, r3, #256
 2141 00fc 9360     		str	r3, [r2, #8]
1272:Drivers/STM32WBxx_HAL_Driver/Src/stm32wbxx_hal_rtc.c **** 
 2142              		.loc 1 1272 5 view .LVU782
 2143 00fe 2268     		ldr	r2, [r4]
 2144 0100 9368     		ldr	r3, [r2, #8]
 2145 0102 23F48053 		bic	r3, r3, #4096
 2146 0106 9360     		str	r3, [r2, #8]
1274:Drivers/STM32WBxx_HAL_Driver/Src/stm32wbxx_hal_rtc.c ****     /* Wait till RTC ALRAWF flag is set and if Time out is reached exit */
 2147              		.loc 1 1274 5 view .LVU783
1274:Drivers/STM32WBxx_HAL_Driver/Src/stm32wbxx_hal_rtc.c ****     /* Wait till RTC ALRAWF flag is set and if Time out is reached exit */
 2148              		.loc 1 1274 17 is_stmt 0 view .LVU784
 2149 0108 FFF7FEFF 		bl	HAL_GetTick
 2150              	.LVL116:
 2151 010c 0546     		mov	r5, r0
 2152              	.LVL117:
1276:Drivers/STM32WBxx_HAL_Driver/Src/stm32wbxx_hal_rtc.c ****     {
 2153              		.loc 1 1276 5 is_stmt 1 view .LVU785
 2154              	.L123:
1276:Drivers/STM32WBxx_HAL_Driver/Src/stm32wbxx_hal_rtc.c ****     {
 2155              		.loc 1 1276 11 view .LVU786
1276:Drivers/STM32WBxx_HAL_Driver/Src/stm32wbxx_hal_rtc.c ****     {
 2156              		.loc 1 1276 12 is_stmt 0 view .LVU787
 2157 010e 2368     		ldr	r3, [r4]
 2158 0110 DA68     		ldr	r2, [r3, #12]
1276:Drivers/STM32WBxx_HAL_Driver/Src/stm32wbxx_hal_rtc.c ****     {
 2159              		.loc 1 1276 11 view .LVU788
 2160 0112 12F0010F 		tst	r2, #1
 2161 0116 0FD1     		bne	.L132
1278:Drivers/STM32WBxx_HAL_Driver/Src/stm32wbxx_hal_rtc.c ****       {
 2162              		.loc 1 1278 7 is_stmt 1 view .LVU789
1278:Drivers/STM32WBxx_HAL_Driver/Src/stm32wbxx_hal_rtc.c ****       {
 2163              		.loc 1 1278 12 is_stmt 0 view .LVU790
 2164 0118 FFF7FEFF 		bl	HAL_GetTick
 2165              	.LVL118:
1278:Drivers/STM32WBxx_HAL_Driver/Src/stm32wbxx_hal_rtc.c ****       {
 2166              		.loc 1 1278 26 view .LVU791
 2167 011c 401B     		subs	r0, r0, r5
1278:Drivers/STM32WBxx_HAL_Driver/Src/stm32wbxx_hal_rtc.c ****       {
 2168              		.loc 1 1278 10 view .LVU792
 2169 011e B0F57A7F 		cmp	r0, #1000
 2170 0122 F4D9     		bls	.L123
1281:Drivers/STM32WBxx_HAL_Driver/Src/stm32wbxx_hal_rtc.c **** 
 2171              		.loc 1 1281 9 is_stmt 1 view .LVU793
1281:Drivers/STM32WBxx_HAL_Driver/Src/stm32wbxx_hal_rtc.c **** 
 2172              		.loc 1 1281 9 view .LVU794
 2173 0124 2368     		ldr	r3, [r4]
 2174 0126 FF22     		movs	r2, #255
 2175 0128 5A62     		str	r2, [r3, #36]
1281:Drivers/STM32WBxx_HAL_Driver/Src/stm32wbxx_hal_rtc.c **** 
 2176              		.loc 1 1281 9 view .LVU795
ARM GAS  C:\Users\843E~1\AppData\Local\Temp\ccZjV6EC.s 			page 83


1283:Drivers/STM32WBxx_HAL_Driver/Src/stm32wbxx_hal_rtc.c **** 
 2177              		.loc 1 1283 9 view .LVU796
1283:Drivers/STM32WBxx_HAL_Driver/Src/stm32wbxx_hal_rtc.c **** 
 2178              		.loc 1 1283 21 is_stmt 0 view .LVU797
 2179 012a 0320     		movs	r0, #3
 2180 012c 84F82100 		strb	r0, [r4, #33]
1286:Drivers/STM32WBxx_HAL_Driver/Src/stm32wbxx_hal_rtc.c **** 
 2181              		.loc 1 1286 9 is_stmt 1 view .LVU798
1286:Drivers/STM32WBxx_HAL_Driver/Src/stm32wbxx_hal_rtc.c **** 
 2182              		.loc 1 1286 9 view .LVU799
 2183 0130 0023     		movs	r3, #0
 2184 0132 84F82030 		strb	r3, [r4, #32]
1286:Drivers/STM32WBxx_HAL_Driver/Src/stm32wbxx_hal_rtc.c **** 
 2185              		.loc 1 1286 9 view .LVU800
1288:Drivers/STM32WBxx_HAL_Driver/Src/stm32wbxx_hal_rtc.c ****       }
 2186              		.loc 1 1288 9 view .LVU801
1288:Drivers/STM32WBxx_HAL_Driver/Src/stm32wbxx_hal_rtc.c ****       }
 2187              		.loc 1 1288 16 is_stmt 0 view .LVU802
 2188 0136 19E0     		b	.L117
 2189              	.L132:
1292:Drivers/STM32WBxx_HAL_Driver/Src/stm32wbxx_hal_rtc.c ****     /* Configure the Alarm A Sub Second register */
 2190              		.loc 1 1292 5 is_stmt 1 view .LVU803
1292:Drivers/STM32WBxx_HAL_Driver/Src/stm32wbxx_hal_rtc.c ****     /* Configure the Alarm A Sub Second register */
 2191              		.loc 1 1292 28 is_stmt 0 view .LVU804
 2192 0138 DE61     		str	r6, [r3, #28]
1294:Drivers/STM32WBxx_HAL_Driver/Src/stm32wbxx_hal_rtc.c ****     /* Configure the Alarm state: Enable Alarm */
 2193              		.loc 1 1294 5 is_stmt 1 view .LVU805
1294:Drivers/STM32WBxx_HAL_Driver/Src/stm32wbxx_hal_rtc.c ****     /* Configure the Alarm state: Enable Alarm */
 2194              		.loc 1 1294 9 is_stmt 0 view .LVU806
 2195 013a 2368     		ldr	r3, [r4]
1294:Drivers/STM32WBxx_HAL_Driver/Src/stm32wbxx_hal_rtc.c ****     /* Configure the Alarm state: Enable Alarm */
 2196              		.loc 1 1294 30 view .LVU807
 2197 013c 5F64     		str	r7, [r3, #68]
1296:Drivers/STM32WBxx_HAL_Driver/Src/stm32wbxx_hal_rtc.c ****   }
 2198              		.loc 1 1296 5 is_stmt 1 view .LVU808
 2199 013e 2268     		ldr	r2, [r4]
 2200 0140 9368     		ldr	r3, [r2, #8]
 2201 0142 43F48073 		orr	r3, r3, #256
 2202 0146 9360     		str	r3, [r2, #8]
 2203 0148 07E0     		b	.L125
 2204              	.L131:
1324:Drivers/STM32WBxx_HAL_Driver/Src/stm32wbxx_hal_rtc.c ****     /* Configure the Alarm B Sub Second register */
 2205              		.loc 1 1324 5 view .LVU809
1324:Drivers/STM32WBxx_HAL_Driver/Src/stm32wbxx_hal_rtc.c ****     /* Configure the Alarm B Sub Second register */
 2206              		.loc 1 1324 28 is_stmt 0 view .LVU810
 2207 014a 1E62     		str	r6, [r3, #32]
1326:Drivers/STM32WBxx_HAL_Driver/Src/stm32wbxx_hal_rtc.c ****     /* Configure the Alarm state: Enable Alarm */
 2208              		.loc 1 1326 5 is_stmt 1 view .LVU811
1326:Drivers/STM32WBxx_HAL_Driver/Src/stm32wbxx_hal_rtc.c ****     /* Configure the Alarm state: Enable Alarm */
 2209              		.loc 1 1326 9 is_stmt 0 view .LVU812
 2210 014c 2368     		ldr	r3, [r4]
1326:Drivers/STM32WBxx_HAL_Driver/Src/stm32wbxx_hal_rtc.c ****     /* Configure the Alarm state: Enable Alarm */
 2211              		.loc 1 1326 30 view .LVU813
 2212 014e 9F64     		str	r7, [r3, #72]
1328:Drivers/STM32WBxx_HAL_Driver/Src/stm32wbxx_hal_rtc.c ****   }
 2213              		.loc 1 1328 5 is_stmt 1 view .LVU814
 2214 0150 2268     		ldr	r2, [r4]
ARM GAS  C:\Users\843E~1\AppData\Local\Temp\ccZjV6EC.s 			page 84


 2215 0152 9368     		ldr	r3, [r2, #8]
 2216 0154 43F40073 		orr	r3, r3, #512
 2217 0158 9360     		str	r3, [r2, #8]
 2218              	.L125:
1332:Drivers/STM32WBxx_HAL_Driver/Src/stm32wbxx_hal_rtc.c **** 
 2219              		.loc 1 1332 3 view .LVU815
1332:Drivers/STM32WBxx_HAL_Driver/Src/stm32wbxx_hal_rtc.c **** 
 2220              		.loc 1 1332 3 view .LVU816
 2221 015a 2368     		ldr	r3, [r4]
 2222 015c FF22     		movs	r2, #255
 2223 015e 5A62     		str	r2, [r3, #36]
1332:Drivers/STM32WBxx_HAL_Driver/Src/stm32wbxx_hal_rtc.c **** 
 2224              		.loc 1 1332 3 view .LVU817
1335:Drivers/STM32WBxx_HAL_Driver/Src/stm32wbxx_hal_rtc.c **** 
 2225              		.loc 1 1335 3 view .LVU818
1335:Drivers/STM32WBxx_HAL_Driver/Src/stm32wbxx_hal_rtc.c **** 
 2226              		.loc 1 1335 15 is_stmt 0 view .LVU819
 2227 0160 0123     		movs	r3, #1
 2228 0162 84F82130 		strb	r3, [r4, #33]
1338:Drivers/STM32WBxx_HAL_Driver/Src/stm32wbxx_hal_rtc.c **** 
 2229              		.loc 1 1338 3 is_stmt 1 view .LVU820
1338:Drivers/STM32WBxx_HAL_Driver/Src/stm32wbxx_hal_rtc.c **** 
 2230              		.loc 1 1338 3 view .LVU821
 2231 0166 0020     		movs	r0, #0
 2232 0168 84F82000 		strb	r0, [r4, #32]
1338:Drivers/STM32WBxx_HAL_Driver/Src/stm32wbxx_hal_rtc.c **** 
 2233              		.loc 1 1338 3 view .LVU822
1340:Drivers/STM32WBxx_HAL_Driver/Src/stm32wbxx_hal_rtc.c **** }
 2234              		.loc 1 1340 3 view .LVU823
 2235              	.LVL119:
 2236              	.L117:
1341:Drivers/STM32WBxx_HAL_Driver/Src/stm32wbxx_hal_rtc.c **** 
 2237              		.loc 1 1341 1 is_stmt 0 view .LVU824
 2238 016c F8BD     		pop	{r3, r4, r5, r6, r7, pc}
 2239              	.LVL120:
 2240              	.L128:
1189:Drivers/STM32WBxx_HAL_Driver/Src/stm32wbxx_hal_rtc.c **** 
 2241              		.loc 1 1189 3 view .LVU825
 2242 016e 0220     		movs	r0, #2
 2243              	.LVL121:
1189:Drivers/STM32WBxx_HAL_Driver/Src/stm32wbxx_hal_rtc.c **** 
 2244              		.loc 1 1189 3 view .LVU826
 2245 0170 FCE7     		b	.L117
 2246              		.cfi_endproc
 2247              	.LFE963:
 2249              		.section	.text.HAL_RTC_SetAlarm_IT,"ax",%progbits
 2250              		.align	1
 2251              		.global	HAL_RTC_SetAlarm_IT
 2252              		.syntax unified
 2253              		.thumb
 2254              		.thumb_func
 2256              	HAL_RTC_SetAlarm_IT:
 2257              	.LVL122:
 2258              	.LFB964:
1357:Drivers/STM32WBxx_HAL_Driver/Src/stm32wbxx_hal_rtc.c ****   uint32_t tickstart;
 2259              		.loc 1 1357 1 is_stmt 1 view -0
 2260              		.cfi_startproc
ARM GAS  C:\Users\843E~1\AppData\Local\Temp\ccZjV6EC.s 			page 85


 2261              		@ args = 0, pretend = 0, frame = 0
 2262              		@ frame_needed = 0, uses_anonymous_args = 0
1357:Drivers/STM32WBxx_HAL_Driver/Src/stm32wbxx_hal_rtc.c ****   uint32_t tickstart;
 2263              		.loc 1 1357 1 is_stmt 0 view .LVU828
 2264 0000 F8B5     		push	{r3, r4, r5, r6, r7, lr}
 2265              	.LCFI11:
 2266              		.cfi_def_cfa_offset 24
 2267              		.cfi_offset 3, -24
 2268              		.cfi_offset 4, -20
 2269              		.cfi_offset 5, -16
 2270              		.cfi_offset 6, -12
 2271              		.cfi_offset 7, -8
 2272              		.cfi_offset 14, -4
1358:Drivers/STM32WBxx_HAL_Driver/Src/stm32wbxx_hal_rtc.c ****   uint32_t tmpreg;
 2273              		.loc 1 1358 3 is_stmt 1 view .LVU829
1359:Drivers/STM32WBxx_HAL_Driver/Src/stm32wbxx_hal_rtc.c ****   uint32_t subsecondtmpreg;
 2274              		.loc 1 1359 3 view .LVU830
1360:Drivers/STM32WBxx_HAL_Driver/Src/stm32wbxx_hal_rtc.c **** 
 2275              		.loc 1 1360 3 view .LVU831
1363:Drivers/STM32WBxx_HAL_Driver/Src/stm32wbxx_hal_rtc.c ****   assert_param(IS_RTC_ALARM(sAlarm->Alarm));
 2276              		.loc 1 1363 3 view .LVU832
1364:Drivers/STM32WBxx_HAL_Driver/Src/stm32wbxx_hal_rtc.c ****   assert_param(IS_RTC_ALARM_MASK(sAlarm->AlarmMask));
 2277              		.loc 1 1364 3 view .LVU833
1365:Drivers/STM32WBxx_HAL_Driver/Src/stm32wbxx_hal_rtc.c ****   assert_param(IS_RTC_ALARM_DATE_WEEKDAY_SEL(sAlarm->AlarmDateWeekDaySel));
 2278              		.loc 1 1365 3 view .LVU834
1366:Drivers/STM32WBxx_HAL_Driver/Src/stm32wbxx_hal_rtc.c ****   assert_param(IS_RTC_ALARM_SUB_SECOND_VALUE(sAlarm->AlarmTime.SubSeconds));
 2279              		.loc 1 1366 3 view .LVU835
1367:Drivers/STM32WBxx_HAL_Driver/Src/stm32wbxx_hal_rtc.c ****   assert_param(IS_RTC_ALARM_SUB_SECOND_MASK(sAlarm->AlarmSubSecondMask));
 2280              		.loc 1 1367 3 view .LVU836
1368:Drivers/STM32WBxx_HAL_Driver/Src/stm32wbxx_hal_rtc.c **** 
 2281              		.loc 1 1368 3 view .LVU837
1371:Drivers/STM32WBxx_HAL_Driver/Src/stm32wbxx_hal_rtc.c **** 
 2282              		.loc 1 1371 3 view .LVU838
1371:Drivers/STM32WBxx_HAL_Driver/Src/stm32wbxx_hal_rtc.c **** 
 2283              		.loc 1 1371 3 view .LVU839
 2284 0002 90F82030 		ldrb	r3, [r0, #32]	@ zero_extendqisi2
 2285 0006 012B     		cmp	r3, #1
 2286 0008 00F0C880 		beq	.L145
 2287 000c 0446     		mov	r4, r0
 2288 000e 0D46     		mov	r5, r1
1371:Drivers/STM32WBxx_HAL_Driver/Src/stm32wbxx_hal_rtc.c **** 
 2289              		.loc 1 1371 3 discriminator 2 view .LVU840
 2290 0010 0123     		movs	r3, #1
 2291 0012 80F82030 		strb	r3, [r0, #32]
1371:Drivers/STM32WBxx_HAL_Driver/Src/stm32wbxx_hal_rtc.c **** 
 2292              		.loc 1 1371 3 discriminator 2 view .LVU841
1373:Drivers/STM32WBxx_HAL_Driver/Src/stm32wbxx_hal_rtc.c **** 
 2293              		.loc 1 1373 3 discriminator 2 view .LVU842
1373:Drivers/STM32WBxx_HAL_Driver/Src/stm32wbxx_hal_rtc.c **** 
 2294              		.loc 1 1373 15 is_stmt 0 discriminator 2 view .LVU843
 2295 0016 0223     		movs	r3, #2
 2296 0018 80F82130 		strb	r3, [r0, #33]
1375:Drivers/STM32WBxx_HAL_Driver/Src/stm32wbxx_hal_rtc.c ****   {
 2297              		.loc 1 1375 3 is_stmt 1 discriminator 2 view .LVU844
1375:Drivers/STM32WBxx_HAL_Driver/Src/stm32wbxx_hal_rtc.c ****   {
 2298              		.loc 1 1375 6 is_stmt 0 discriminator 2 view .LVU845
 2299 001c 002A     		cmp	r2, #0
ARM GAS  C:\Users\843E~1\AppData\Local\Temp\ccZjV6EC.s 			page 86


 2300 001e 50D1     		bne	.L135
1377:Drivers/STM32WBxx_HAL_Driver/Src/stm32wbxx_hal_rtc.c ****     {
 2301              		.loc 1 1377 5 is_stmt 1 view .LVU846
1377:Drivers/STM32WBxx_HAL_Driver/Src/stm32wbxx_hal_rtc.c ****     {
 2302              		.loc 1 1377 14 is_stmt 0 view .LVU847
 2303 0020 0368     		ldr	r3, [r0]
1377:Drivers/STM32WBxx_HAL_Driver/Src/stm32wbxx_hal_rtc.c ****     {
 2304              		.loc 1 1377 24 view .LVU848
 2305 0022 9B68     		ldr	r3, [r3, #8]
1377:Drivers/STM32WBxx_HAL_Driver/Src/stm32wbxx_hal_rtc.c ****     {
 2306              		.loc 1 1377 8 view .LVU849
 2307 0024 13F0400F 		tst	r3, #64
 2308 0028 01D1     		bne	.L136
1384:Drivers/STM32WBxx_HAL_Driver/Src/stm32wbxx_hal_rtc.c ****       assert_param(IS_RTC_HOUR24(sAlarm->AlarmTime.Hours));
 2309              		.loc 1 1384 7 is_stmt 1 view .LVU850
1384:Drivers/STM32WBxx_HAL_Driver/Src/stm32wbxx_hal_rtc.c ****       assert_param(IS_RTC_HOUR24(sAlarm->AlarmTime.Hours));
 2310              		.loc 1 1384 36 is_stmt 0 view .LVU851
 2311 002a 0023     		movs	r3, #0
 2312 002c CB70     		strb	r3, [r1, #3]
 2313              	.L136:
1385:Drivers/STM32WBxx_HAL_Driver/Src/stm32wbxx_hal_rtc.c ****     }
 2314              		.loc 1 1385 7 is_stmt 1 view .LVU852
1387:Drivers/STM32WBxx_HAL_Driver/Src/stm32wbxx_hal_rtc.c ****     assert_param(IS_RTC_SECONDS(sAlarm->AlarmTime.Seconds));
 2315              		.loc 1 1387 5 view .LVU853
1388:Drivers/STM32WBxx_HAL_Driver/Src/stm32wbxx_hal_rtc.c **** 
 2316              		.loc 1 1388 5 view .LVU854
1390:Drivers/STM32WBxx_HAL_Driver/Src/stm32wbxx_hal_rtc.c ****     {
 2317              		.loc 1 1390 5 view .LVU855
1390:Drivers/STM32WBxx_HAL_Driver/Src/stm32wbxx_hal_rtc.c ****     {
 2318              		.loc 1 1390 15 is_stmt 0 view .LVU856
 2319 002e EE69     		ldr	r6, [r5, #28]
1396:Drivers/STM32WBxx_HAL_Driver/Src/stm32wbxx_hal_rtc.c ****     }
 2320              		.loc 1 1396 7 is_stmt 1 view .LVU857
1398:Drivers/STM32WBxx_HAL_Driver/Src/stm32wbxx_hal_rtc.c ****               ((uint32_t)RTC_ByteToBcd2(sAlarm->AlarmTime.Minutes) << 8U) | \
 2321              		.loc 1 1398 5 view .LVU858
1398:Drivers/STM32WBxx_HAL_Driver/Src/stm32wbxx_hal_rtc.c ****               ((uint32_t)RTC_ByteToBcd2(sAlarm->AlarmTime.Minutes) << 8U) | \
 2322              		.loc 1 1398 26 is_stmt 0 view .LVU859
 2323 0030 2878     		ldrb	r0, [r5]	@ zero_extendqisi2
 2324              	.LVL123:
1398:Drivers/STM32WBxx_HAL_Driver/Src/stm32wbxx_hal_rtc.c ****               ((uint32_t)RTC_ByteToBcd2(sAlarm->AlarmTime.Minutes) << 8U) | \
 2325              		.loc 1 1398 26 view .LVU860
 2326 0032 FFF7FEFF 		bl	RTC_ByteToBcd2
 2327              	.LVL124:
1398:Drivers/STM32WBxx_HAL_Driver/Src/stm32wbxx_hal_rtc.c ****               ((uint32_t)RTC_ByteToBcd2(sAlarm->AlarmTime.Minutes) << 8U) | \
 2328              		.loc 1 1398 66 view .LVU861
 2329 0036 0704     		lsls	r7, r0, #16
1399:Drivers/STM32WBxx_HAL_Driver/Src/stm32wbxx_hal_rtc.c ****               ((uint32_t)RTC_ByteToBcd2(sAlarm->AlarmTime.Seconds)) | \
 2330              		.loc 1 1399 26 view .LVU862
 2331 0038 6878     		ldrb	r0, [r5, #1]	@ zero_extendqisi2
 2332 003a FFF7FEFF 		bl	RTC_ByteToBcd2
 2333              	.LVL125:
1398:Drivers/STM32WBxx_HAL_Driver/Src/stm32wbxx_hal_rtc.c ****               ((uint32_t)RTC_ByteToBcd2(sAlarm->AlarmTime.Minutes) << 8U) | \
 2334              		.loc 1 1398 74 view .LVU863
 2335 003e 47EA0027 		orr	r7, r7, r0, lsl #8
1400:Drivers/STM32WBxx_HAL_Driver/Src/stm32wbxx_hal_rtc.c ****               ((uint32_t)(sAlarm->AlarmTime.TimeFormat) << 16U) | \
 2336              		.loc 1 1400 26 view .LVU864
 2337 0042 A878     		ldrb	r0, [r5, #2]	@ zero_extendqisi2
ARM GAS  C:\Users\843E~1\AppData\Local\Temp\ccZjV6EC.s 			page 87


 2338 0044 FFF7FEFF 		bl	RTC_ByteToBcd2
 2339              	.LVL126:
1399:Drivers/STM32WBxx_HAL_Driver/Src/stm32wbxx_hal_rtc.c ****               ((uint32_t)RTC_ByteToBcd2(sAlarm->AlarmTime.Seconds)) | \
 2340              		.loc 1 1399 75 view .LVU865
 2341 0048 0743     		orrs	r7, r7, r0
1401:Drivers/STM32WBxx_HAL_Driver/Src/stm32wbxx_hal_rtc.c ****               ((uint32_t)RTC_ByteToBcd2(sAlarm->AlarmDateWeekDay) << 24U) | \
 2342              		.loc 1 1401 44 view .LVU866
 2343 004a E878     		ldrb	r0, [r5, #3]	@ zero_extendqisi2
1400:Drivers/STM32WBxx_HAL_Driver/Src/stm32wbxx_hal_rtc.c ****               ((uint32_t)(sAlarm->AlarmTime.TimeFormat) << 16U) | \
 2344              		.loc 1 1400 69 view .LVU867
 2345 004c 47EA0047 		orr	r7, r7, r0, lsl #16
1402:Drivers/STM32WBxx_HAL_Driver/Src/stm32wbxx_hal_rtc.c ****               ((uint32_t)sAlarm->AlarmDateWeekDaySel) | \
 2346              		.loc 1 1402 26 view .LVU868
 2347 0050 95F82000 		ldrb	r0, [r5, #32]	@ zero_extendqisi2
 2348 0054 FFF7FEFF 		bl	RTC_ByteToBcd2
 2349              	.LVL127:
1401:Drivers/STM32WBxx_HAL_Driver/Src/stm32wbxx_hal_rtc.c ****               ((uint32_t)RTC_ByteToBcd2(sAlarm->AlarmDateWeekDay) << 24U) | \
 2350              		.loc 1 1401 65 view .LVU869
 2351 0058 47EA0067 		orr	r7, r7, r0, lsl #24
1402:Drivers/STM32WBxx_HAL_Driver/Src/stm32wbxx_hal_rtc.c ****               ((uint32_t)sAlarm->AlarmDateWeekDaySel) | \
 2352              		.loc 1 1402 75 view .LVU870
 2353 005c 3E43     		orrs	r6, r6, r7
1404:Drivers/STM32WBxx_HAL_Driver/Src/stm32wbxx_hal_rtc.c ****   }
 2354              		.loc 1 1404 32 view .LVU871
 2355 005e 6B69     		ldr	r3, [r5, #20]
1398:Drivers/STM32WBxx_HAL_Driver/Src/stm32wbxx_hal_rtc.c ****               ((uint32_t)RTC_ByteToBcd2(sAlarm->AlarmTime.Minutes) << 8U) | \
 2356              		.loc 1 1398 12 view .LVU872
 2357 0060 1E43     		orrs	r6, r6, r3
 2358              	.LVL128:
 2359              	.L137:
1439:Drivers/STM32WBxx_HAL_Driver/Src/stm32wbxx_hal_rtc.c **** 
 2360              		.loc 1 1439 3 is_stmt 1 view .LVU873
1439:Drivers/STM32WBxx_HAL_Driver/Src/stm32wbxx_hal_rtc.c **** 
 2361              		.loc 1 1439 60 is_stmt 0 view .LVU874
 2362 0062 6F68     		ldr	r7, [r5, #4]
1439:Drivers/STM32WBxx_HAL_Driver/Src/stm32wbxx_hal_rtc.c **** 
 2363              		.loc 1 1439 92 view .LVU875
 2364 0064 AB69     		ldr	r3, [r5, #24]
1439:Drivers/STM32WBxx_HAL_Driver/Src/stm32wbxx_hal_rtc.c **** 
 2365              		.loc 1 1439 19 view .LVU876
 2366 0066 1F43     		orrs	r7, r7, r3
 2367              	.LVL129:
1442:Drivers/STM32WBxx_HAL_Driver/Src/stm32wbxx_hal_rtc.c **** 
 2368              		.loc 1 1442 3 is_stmt 1 view .LVU877
1442:Drivers/STM32WBxx_HAL_Driver/Src/stm32wbxx_hal_rtc.c **** 
 2369              		.loc 1 1442 3 view .LVU878
 2370 0068 2368     		ldr	r3, [r4]
 2371 006a CA22     		movs	r2, #202
 2372 006c 5A62     		str	r2, [r3, #36]
1442:Drivers/STM32WBxx_HAL_Driver/Src/stm32wbxx_hal_rtc.c **** 
 2373              		.loc 1 1442 3 view .LVU879
 2374 006e 2368     		ldr	r3, [r4]
 2375 0070 5322     		movs	r2, #83
 2376 0072 5A62     		str	r2, [r3, #36]
1442:Drivers/STM32WBxx_HAL_Driver/Src/stm32wbxx_hal_rtc.c **** 
 2377              		.loc 1 1442 3 view .LVU880
1445:Drivers/STM32WBxx_HAL_Driver/Src/stm32wbxx_hal_rtc.c ****   {
ARM GAS  C:\Users\843E~1\AppData\Local\Temp\ccZjV6EC.s 			page 88


 2378              		.loc 1 1445 3 view .LVU881
1445:Drivers/STM32WBxx_HAL_Driver/Src/stm32wbxx_hal_rtc.c ****   {
 2379              		.loc 1 1445 13 is_stmt 0 view .LVU882
 2380 0074 6B6A     		ldr	r3, [r5, #36]
1445:Drivers/STM32WBxx_HAL_Driver/Src/stm32wbxx_hal_rtc.c ****   {
 2381              		.loc 1 1445 6 view .LVU883
 2382 0076 B3F5807F 		cmp	r3, #256
 2383 007a 3CD0     		beq	.L147
1482:Drivers/STM32WBxx_HAL_Driver/Src/stm32wbxx_hal_rtc.c **** 
 2384              		.loc 1 1482 5 is_stmt 1 view .LVU884
 2385 007c 2268     		ldr	r2, [r4]
 2386 007e 9368     		ldr	r3, [r2, #8]
 2387 0080 23F40073 		bic	r3, r3, #512
 2388 0084 9360     		str	r3, [r2, #8]
1485:Drivers/STM32WBxx_HAL_Driver/Src/stm32wbxx_hal_rtc.c **** 
 2389              		.loc 1 1485 5 view .LVU885
 2390 0086 2268     		ldr	r2, [r4]
 2391 0088 D368     		ldr	r3, [r2, #12]
 2392 008a DBB2     		uxtb	r3, r3
 2393 008c 63F42073 		orn	r3, r3, #640
 2394 0090 D360     		str	r3, [r2, #12]
1487:Drivers/STM32WBxx_HAL_Driver/Src/stm32wbxx_hal_rtc.c ****     /* Wait till RTC ALRBWF flag is set and if Time out is reached exit */
 2395              		.loc 1 1487 5 view .LVU886
1487:Drivers/STM32WBxx_HAL_Driver/Src/stm32wbxx_hal_rtc.c ****     /* Wait till RTC ALRBWF flag is set and if Time out is reached exit */
 2396              		.loc 1 1487 17 is_stmt 0 view .LVU887
 2397 0092 FFF7FEFF 		bl	HAL_GetTick
 2398              	.LVL130:
 2399 0096 0546     		mov	r5, r0
 2400              	.LVL131:
1489:Drivers/STM32WBxx_HAL_Driver/Src/stm32wbxx_hal_rtc.c ****     {
 2401              		.loc 1 1489 5 is_stmt 1 view .LVU888
 2402              	.L143:
1489:Drivers/STM32WBxx_HAL_Driver/Src/stm32wbxx_hal_rtc.c ****     {
 2403              		.loc 1 1489 11 view .LVU889
1489:Drivers/STM32WBxx_HAL_Driver/Src/stm32wbxx_hal_rtc.c ****     {
 2404              		.loc 1 1489 12 is_stmt 0 view .LVU890
 2405 0098 2368     		ldr	r3, [r4]
 2406 009a DA68     		ldr	r2, [r3, #12]
1489:Drivers/STM32WBxx_HAL_Driver/Src/stm32wbxx_hal_rtc.c ****     {
 2407              		.loc 1 1489 11 view .LVU891
 2408 009c 12F0020F 		tst	r2, #2
 2409 00a0 5AD1     		bne	.L148
1491:Drivers/STM32WBxx_HAL_Driver/Src/stm32wbxx_hal_rtc.c ****       {
 2410              		.loc 1 1491 7 is_stmt 1 view .LVU892
1491:Drivers/STM32WBxx_HAL_Driver/Src/stm32wbxx_hal_rtc.c ****       {
 2411              		.loc 1 1491 12 is_stmt 0 view .LVU893
 2412 00a2 FFF7FEFF 		bl	HAL_GetTick
 2413              	.LVL132:
1491:Drivers/STM32WBxx_HAL_Driver/Src/stm32wbxx_hal_rtc.c ****       {
 2414              		.loc 1 1491 26 view .LVU894
 2415 00a6 401B     		subs	r0, r0, r5
1491:Drivers/STM32WBxx_HAL_Driver/Src/stm32wbxx_hal_rtc.c ****       {
 2416              		.loc 1 1491 10 view .LVU895
 2417 00a8 B0F57A7F 		cmp	r0, #1000
 2418 00ac F4D9     		bls	.L143
1494:Drivers/STM32WBxx_HAL_Driver/Src/stm32wbxx_hal_rtc.c **** 
 2419              		.loc 1 1494 9 is_stmt 1 view .LVU896
ARM GAS  C:\Users\843E~1\AppData\Local\Temp\ccZjV6EC.s 			page 89


1494:Drivers/STM32WBxx_HAL_Driver/Src/stm32wbxx_hal_rtc.c **** 
 2420              		.loc 1 1494 9 view .LVU897
 2421 00ae 2368     		ldr	r3, [r4]
 2422 00b0 FF22     		movs	r2, #255
 2423 00b2 5A62     		str	r2, [r3, #36]
1494:Drivers/STM32WBxx_HAL_Driver/Src/stm32wbxx_hal_rtc.c **** 
 2424              		.loc 1 1494 9 view .LVU898
1496:Drivers/STM32WBxx_HAL_Driver/Src/stm32wbxx_hal_rtc.c **** 
 2425              		.loc 1 1496 9 view .LVU899
1496:Drivers/STM32WBxx_HAL_Driver/Src/stm32wbxx_hal_rtc.c **** 
 2426              		.loc 1 1496 21 is_stmt 0 view .LVU900
 2427 00b4 0320     		movs	r0, #3
 2428 00b6 84F82100 		strb	r0, [r4, #33]
1499:Drivers/STM32WBxx_HAL_Driver/Src/stm32wbxx_hal_rtc.c **** 
 2429              		.loc 1 1499 9 is_stmt 1 view .LVU901
1499:Drivers/STM32WBxx_HAL_Driver/Src/stm32wbxx_hal_rtc.c **** 
 2430              		.loc 1 1499 9 view .LVU902
 2431 00ba 0023     		movs	r3, #0
 2432 00bc 84F82030 		strb	r3, [r4, #32]
1499:Drivers/STM32WBxx_HAL_Driver/Src/stm32wbxx_hal_rtc.c **** 
 2433              		.loc 1 1499 9 view .LVU903
1501:Drivers/STM32WBxx_HAL_Driver/Src/stm32wbxx_hal_rtc.c ****       }
 2434              		.loc 1 1501 9 view .LVU904
1501:Drivers/STM32WBxx_HAL_Driver/Src/stm32wbxx_hal_rtc.c ****       }
 2435              		.loc 1 1501 16 is_stmt 0 view .LVU905
 2436 00c0 6BE0     		b	.L134
 2437              	.LVL133:
 2438              	.L135:
1408:Drivers/STM32WBxx_HAL_Driver/Src/stm32wbxx_hal_rtc.c ****     {
 2439              		.loc 1 1408 5 is_stmt 1 view .LVU906
1408:Drivers/STM32WBxx_HAL_Driver/Src/stm32wbxx_hal_rtc.c ****     {
 2440              		.loc 1 1408 14 is_stmt 0 view .LVU907
 2441 00c2 0368     		ldr	r3, [r0]
1408:Drivers/STM32WBxx_HAL_Driver/Src/stm32wbxx_hal_rtc.c ****     {
 2442              		.loc 1 1408 24 view .LVU908
 2443 00c4 9B68     		ldr	r3, [r3, #8]
1408:Drivers/STM32WBxx_HAL_Driver/Src/stm32wbxx_hal_rtc.c ****     {
 2444              		.loc 1 1408 8 view .LVU909
 2445 00c6 13F0400F 		tst	r3, #64
 2446 00ca 01D1     		bne	.L138
1415:Drivers/STM32WBxx_HAL_Driver/Src/stm32wbxx_hal_rtc.c ****       assert_param(IS_RTC_HOUR24(RTC_Bcd2ToByte(sAlarm->AlarmTime.Hours)));
 2447              		.loc 1 1415 7 is_stmt 1 view .LVU910
1415:Drivers/STM32WBxx_HAL_Driver/Src/stm32wbxx_hal_rtc.c ****       assert_param(IS_RTC_HOUR24(RTC_Bcd2ToByte(sAlarm->AlarmTime.Hours)));
 2448              		.loc 1 1415 36 is_stmt 0 view .LVU911
 2449 00cc 0023     		movs	r3, #0
 2450 00ce CB70     		strb	r3, [r1, #3]
 2451              	.L138:
1416:Drivers/STM32WBxx_HAL_Driver/Src/stm32wbxx_hal_rtc.c ****     }
 2452              		.loc 1 1416 7 is_stmt 1 view .LVU912
1419:Drivers/STM32WBxx_HAL_Driver/Src/stm32wbxx_hal_rtc.c ****     assert_param(IS_RTC_SECONDS(RTC_Bcd2ToByte(sAlarm->AlarmTime.Seconds)));
 2453              		.loc 1 1419 5 view .LVU913
1420:Drivers/STM32WBxx_HAL_Driver/Src/stm32wbxx_hal_rtc.c **** 
 2454              		.loc 1 1420 5 view .LVU914
1422:Drivers/STM32WBxx_HAL_Driver/Src/stm32wbxx_hal_rtc.c ****     {
 2455              		.loc 1 1422 5 view .LVU915
1422:Drivers/STM32WBxx_HAL_Driver/Src/stm32wbxx_hal_rtc.c ****     {
 2456              		.loc 1 1422 15 is_stmt 0 view .LVU916
ARM GAS  C:\Users\843E~1\AppData\Local\Temp\ccZjV6EC.s 			page 90


 2457 00d0 EE69     		ldr	r6, [r5, #28]
1428:Drivers/STM32WBxx_HAL_Driver/Src/stm32wbxx_hal_rtc.c ****     }
 2458              		.loc 1 1428 7 is_stmt 1 view .LVU917
1430:Drivers/STM32WBxx_HAL_Driver/Src/stm32wbxx_hal_rtc.c ****               ((uint32_t)(sAlarm->AlarmTime.Minutes) << 8U) | \
 2459              		.loc 1 1430 5 view .LVU918
1430:Drivers/STM32WBxx_HAL_Driver/Src/stm32wbxx_hal_rtc.c ****               ((uint32_t)(sAlarm->AlarmTime.Minutes) << 8U) | \
 2460              		.loc 1 1430 44 is_stmt 0 view .LVU919
 2461 00d2 2A78     		ldrb	r2, [r5]	@ zero_extendqisi2
 2462              	.LVL134:
1431:Drivers/STM32WBxx_HAL_Driver/Src/stm32wbxx_hal_rtc.c ****               ((uint32_t) sAlarm->AlarmTime.Seconds) | \
 2463              		.loc 1 1431 44 view .LVU920
 2464 00d4 6B78     		ldrb	r3, [r5, #1]	@ zero_extendqisi2
1431:Drivers/STM32WBxx_HAL_Driver/Src/stm32wbxx_hal_rtc.c ****               ((uint32_t) sAlarm->AlarmTime.Seconds) | \
 2465              		.loc 1 1431 54 view .LVU921
 2466 00d6 1B02     		lsls	r3, r3, #8
1430:Drivers/STM32WBxx_HAL_Driver/Src/stm32wbxx_hal_rtc.c ****               ((uint32_t)(sAlarm->AlarmTime.Minutes) << 8U) | \
 2467              		.loc 1 1430 60 view .LVU922
 2468 00d8 43EA0243 		orr	r3, r3, r2, lsl #16
1432:Drivers/STM32WBxx_HAL_Driver/Src/stm32wbxx_hal_rtc.c ****               ((uint32_t)(sAlarm->AlarmTime.TimeFormat) << 16U) | \
 2469              		.loc 1 1432 44 view .LVU923
 2470 00dc AA78     		ldrb	r2, [r5, #2]	@ zero_extendqisi2
1431:Drivers/STM32WBxx_HAL_Driver/Src/stm32wbxx_hal_rtc.c ****               ((uint32_t) sAlarm->AlarmTime.Seconds) | \
 2471              		.loc 1 1431 61 view .LVU924
 2472 00de 1343     		orrs	r3, r3, r2
1433:Drivers/STM32WBxx_HAL_Driver/Src/stm32wbxx_hal_rtc.c ****               ((uint32_t)(sAlarm->AlarmDateWeekDay) << 24U) | \
 2473              		.loc 1 1433 44 view .LVU925
 2474 00e0 EA78     		ldrb	r2, [r5, #3]	@ zero_extendqisi2
1432:Drivers/STM32WBxx_HAL_Driver/Src/stm32wbxx_hal_rtc.c ****               ((uint32_t)(sAlarm->AlarmTime.TimeFormat) << 16U) | \
 2475              		.loc 1 1432 54 view .LVU926
 2476 00e2 43EA0243 		orr	r3, r3, r2, lsl #16
1434:Drivers/STM32WBxx_HAL_Driver/Src/stm32wbxx_hal_rtc.c ****               ((uint32_t)sAlarm->AlarmDateWeekDaySel) | \
 2477              		.loc 1 1434 33 view .LVU927
 2478 00e6 95F82020 		ldrb	r2, [r5, #32]	@ zero_extendqisi2
1433:Drivers/STM32WBxx_HAL_Driver/Src/stm32wbxx_hal_rtc.c ****               ((uint32_t)(sAlarm->AlarmDateWeekDay) << 24U) | \
 2479              		.loc 1 1433 65 view .LVU928
 2480 00ea 43EA0263 		orr	r3, r3, r2, lsl #24
1434:Drivers/STM32WBxx_HAL_Driver/Src/stm32wbxx_hal_rtc.c ****               ((uint32_t)sAlarm->AlarmDateWeekDaySel) | \
 2481              		.loc 1 1434 61 view .LVU929
 2482 00ee 1E43     		orrs	r6, r6, r3
1436:Drivers/STM32WBxx_HAL_Driver/Src/stm32wbxx_hal_rtc.c ****   }
 2483              		.loc 1 1436 32 view .LVU930
 2484 00f0 6B69     		ldr	r3, [r5, #20]
1430:Drivers/STM32WBxx_HAL_Driver/Src/stm32wbxx_hal_rtc.c ****               ((uint32_t)(sAlarm->AlarmTime.Minutes) << 8U) | \
 2485              		.loc 1 1430 12 view .LVU931
 2486 00f2 1E43     		orrs	r6, r6, r3
 2487              	.LVL135:
1430:Drivers/STM32WBxx_HAL_Driver/Src/stm32wbxx_hal_rtc.c ****               ((uint32_t)(sAlarm->AlarmTime.Minutes) << 8U) | \
 2488              		.loc 1 1430 12 view .LVU932
 2489 00f4 B5E7     		b	.L137
 2490              	.LVL136:
 2491              	.L147:
1448:Drivers/STM32WBxx_HAL_Driver/Src/stm32wbxx_hal_rtc.c **** 
 2492              		.loc 1 1448 5 is_stmt 1 view .LVU933
 2493 00f6 2268     		ldr	r2, [r4]
 2494 00f8 9368     		ldr	r3, [r2, #8]
 2495 00fa 23F48073 		bic	r3, r3, #256
 2496 00fe 9360     		str	r3, [r2, #8]
ARM GAS  C:\Users\843E~1\AppData\Local\Temp\ccZjV6EC.s 			page 91


1451:Drivers/STM32WBxx_HAL_Driver/Src/stm32wbxx_hal_rtc.c **** 
 2497              		.loc 1 1451 5 view .LVU934
 2498 0100 2268     		ldr	r2, [r4]
 2499 0102 D368     		ldr	r3, [r2, #12]
 2500 0104 DBB2     		uxtb	r3, r3
 2501 0106 63F4C073 		orn	r3, r3, #384
 2502 010a D360     		str	r3, [r2, #12]
1453:Drivers/STM32WBxx_HAL_Driver/Src/stm32wbxx_hal_rtc.c ****     /* Wait till RTC ALRAWF flag is set and if Time out is reached exit */
 2503              		.loc 1 1453 5 view .LVU935
1453:Drivers/STM32WBxx_HAL_Driver/Src/stm32wbxx_hal_rtc.c ****     /* Wait till RTC ALRAWF flag is set and if Time out is reached exit */
 2504              		.loc 1 1453 17 is_stmt 0 view .LVU936
 2505 010c FFF7FEFF 		bl	HAL_GetTick
 2506              	.LVL137:
 2507 0110 0546     		mov	r5, r0
 2508              	.LVL138:
1455:Drivers/STM32WBxx_HAL_Driver/Src/stm32wbxx_hal_rtc.c ****     {
 2509              		.loc 1 1455 5 is_stmt 1 view .LVU937
 2510              	.L140:
1455:Drivers/STM32WBxx_HAL_Driver/Src/stm32wbxx_hal_rtc.c ****     {
 2511              		.loc 1 1455 11 view .LVU938
1455:Drivers/STM32WBxx_HAL_Driver/Src/stm32wbxx_hal_rtc.c ****     {
 2512              		.loc 1 1455 12 is_stmt 0 view .LVU939
 2513 0112 2368     		ldr	r3, [r4]
 2514 0114 DA68     		ldr	r2, [r3, #12]
1455:Drivers/STM32WBxx_HAL_Driver/Src/stm32wbxx_hal_rtc.c ****     {
 2515              		.loc 1 1455 11 view .LVU940
 2516 0116 12F0010F 		tst	r2, #1
 2517 011a 0FD1     		bne	.L149
1457:Drivers/STM32WBxx_HAL_Driver/Src/stm32wbxx_hal_rtc.c ****       {
 2518              		.loc 1 1457 7 is_stmt 1 view .LVU941
1457:Drivers/STM32WBxx_HAL_Driver/Src/stm32wbxx_hal_rtc.c ****       {
 2519              		.loc 1 1457 12 is_stmt 0 view .LVU942
 2520 011c FFF7FEFF 		bl	HAL_GetTick
 2521              	.LVL139:
1457:Drivers/STM32WBxx_HAL_Driver/Src/stm32wbxx_hal_rtc.c ****       {
 2522              		.loc 1 1457 26 view .LVU943
 2523 0120 401B     		subs	r0, r0, r5
1457:Drivers/STM32WBxx_HAL_Driver/Src/stm32wbxx_hal_rtc.c ****       {
 2524              		.loc 1 1457 10 view .LVU944
 2525 0122 B0F57A7F 		cmp	r0, #1000
 2526 0126 F4D9     		bls	.L140
1460:Drivers/STM32WBxx_HAL_Driver/Src/stm32wbxx_hal_rtc.c **** 
 2527              		.loc 1 1460 9 is_stmt 1 view .LVU945
1460:Drivers/STM32WBxx_HAL_Driver/Src/stm32wbxx_hal_rtc.c **** 
 2528              		.loc 1 1460 9 view .LVU946
 2529 0128 2368     		ldr	r3, [r4]
 2530 012a FF22     		movs	r2, #255
 2531 012c 5A62     		str	r2, [r3, #36]
1460:Drivers/STM32WBxx_HAL_Driver/Src/stm32wbxx_hal_rtc.c **** 
 2532              		.loc 1 1460 9 view .LVU947
1462:Drivers/STM32WBxx_HAL_Driver/Src/stm32wbxx_hal_rtc.c **** 
 2533              		.loc 1 1462 9 view .LVU948
1462:Drivers/STM32WBxx_HAL_Driver/Src/stm32wbxx_hal_rtc.c **** 
 2534              		.loc 1 1462 21 is_stmt 0 view .LVU949
 2535 012e 0320     		movs	r0, #3
 2536 0130 84F82100 		strb	r0, [r4, #33]
1465:Drivers/STM32WBxx_HAL_Driver/Src/stm32wbxx_hal_rtc.c **** 
ARM GAS  C:\Users\843E~1\AppData\Local\Temp\ccZjV6EC.s 			page 92


 2537              		.loc 1 1465 9 is_stmt 1 view .LVU950
1465:Drivers/STM32WBxx_HAL_Driver/Src/stm32wbxx_hal_rtc.c **** 
 2538              		.loc 1 1465 9 view .LVU951
 2539 0134 0023     		movs	r3, #0
 2540 0136 84F82030 		strb	r3, [r4, #32]
1465:Drivers/STM32WBxx_HAL_Driver/Src/stm32wbxx_hal_rtc.c **** 
 2541              		.loc 1 1465 9 view .LVU952
1467:Drivers/STM32WBxx_HAL_Driver/Src/stm32wbxx_hal_rtc.c ****       }
 2542              		.loc 1 1467 9 view .LVU953
1467:Drivers/STM32WBxx_HAL_Driver/Src/stm32wbxx_hal_rtc.c ****       }
 2543              		.loc 1 1467 16 is_stmt 0 view .LVU954
 2544 013a 2EE0     		b	.L134
 2545              	.L149:
1471:Drivers/STM32WBxx_HAL_Driver/Src/stm32wbxx_hal_rtc.c ****     /* Configure the Alarm A Sub Second register */
 2546              		.loc 1 1471 5 is_stmt 1 view .LVU955
1471:Drivers/STM32WBxx_HAL_Driver/Src/stm32wbxx_hal_rtc.c ****     /* Configure the Alarm A Sub Second register */
 2547              		.loc 1 1471 28 is_stmt 0 view .LVU956
 2548 013c DE61     		str	r6, [r3, #28]
1473:Drivers/STM32WBxx_HAL_Driver/Src/stm32wbxx_hal_rtc.c ****     /* Configure the Alarm state: Enable Alarm */
 2549              		.loc 1 1473 5 is_stmt 1 view .LVU957
1473:Drivers/STM32WBxx_HAL_Driver/Src/stm32wbxx_hal_rtc.c ****     /* Configure the Alarm state: Enable Alarm */
 2550              		.loc 1 1473 9 is_stmt 0 view .LVU958
 2551 013e 2368     		ldr	r3, [r4]
1473:Drivers/STM32WBxx_HAL_Driver/Src/stm32wbxx_hal_rtc.c ****     /* Configure the Alarm state: Enable Alarm */
 2552              		.loc 1 1473 30 view .LVU959
 2553 0140 5F64     		str	r7, [r3, #68]
1475:Drivers/STM32WBxx_HAL_Driver/Src/stm32wbxx_hal_rtc.c ****     /* Configure the Alarm interrupt */
 2554              		.loc 1 1475 5 is_stmt 1 view .LVU960
 2555 0142 2268     		ldr	r2, [r4]
 2556 0144 9368     		ldr	r3, [r2, #8]
 2557 0146 43F48073 		orr	r3, r3, #256
 2558 014a 9360     		str	r3, [r2, #8]
1477:Drivers/STM32WBxx_HAL_Driver/Src/stm32wbxx_hal_rtc.c ****   }
 2559              		.loc 1 1477 5 view .LVU961
 2560 014c 2268     		ldr	r2, [r4]
 2561 014e 9368     		ldr	r3, [r2, #8]
 2562 0150 43F48053 		orr	r3, r3, #4096
 2563 0154 9360     		str	r3, [r2, #8]
 2564 0156 0CE0     		b	.L142
 2565              	.L148:
1505:Drivers/STM32WBxx_HAL_Driver/Src/stm32wbxx_hal_rtc.c ****     /* Configure the Alarm B Sub Second register */
 2566              		.loc 1 1505 5 view .LVU962
1505:Drivers/STM32WBxx_HAL_Driver/Src/stm32wbxx_hal_rtc.c ****     /* Configure the Alarm B Sub Second register */
 2567              		.loc 1 1505 28 is_stmt 0 view .LVU963
 2568 0158 1E62     		str	r6, [r3, #32]
1507:Drivers/STM32WBxx_HAL_Driver/Src/stm32wbxx_hal_rtc.c ****     /* Configure the Alarm state: Enable Alarm */
 2569              		.loc 1 1507 5 is_stmt 1 view .LVU964
1507:Drivers/STM32WBxx_HAL_Driver/Src/stm32wbxx_hal_rtc.c ****     /* Configure the Alarm state: Enable Alarm */
 2570              		.loc 1 1507 9 is_stmt 0 view .LVU965
 2571 015a 2368     		ldr	r3, [r4]
1507:Drivers/STM32WBxx_HAL_Driver/Src/stm32wbxx_hal_rtc.c ****     /* Configure the Alarm state: Enable Alarm */
 2572              		.loc 1 1507 30 view .LVU966
 2573 015c 9F64     		str	r7, [r3, #72]
1509:Drivers/STM32WBxx_HAL_Driver/Src/stm32wbxx_hal_rtc.c ****     /* Configure the Alarm interrupt */
 2574              		.loc 1 1509 5 is_stmt 1 view .LVU967
 2575 015e 2268     		ldr	r2, [r4]
 2576 0160 9368     		ldr	r3, [r2, #8]
ARM GAS  C:\Users\843E~1\AppData\Local\Temp\ccZjV6EC.s 			page 93


 2577 0162 43F40073 		orr	r3, r3, #512
 2578 0166 9360     		str	r3, [r2, #8]
1511:Drivers/STM32WBxx_HAL_Driver/Src/stm32wbxx_hal_rtc.c ****   }
 2579              		.loc 1 1511 5 view .LVU968
 2580 0168 2268     		ldr	r2, [r4]
 2581 016a 9368     		ldr	r3, [r2, #8]
 2582 016c 43F40053 		orr	r3, r3, #8192
 2583 0170 9360     		str	r3, [r2, #8]
 2584              	.L142:
1515:Drivers/STM32WBxx_HAL_Driver/Src/stm32wbxx_hal_rtc.c **** 
 2585              		.loc 1 1515 3 view .LVU969
 2586 0172 0B4B     		ldr	r3, .L150
 2587 0174 D3F88020 		ldr	r2, [r3, #128]
 2588 0178 42F40032 		orr	r2, r2, #131072
 2589 017c C3F88020 		str	r2, [r3, #128]
1517:Drivers/STM32WBxx_HAL_Driver/Src/stm32wbxx_hal_rtc.c **** 
 2590              		.loc 1 1517 3 view .LVU970
 2591 0180 1A68     		ldr	r2, [r3]
 2592 0182 42F40032 		orr	r2, r2, #131072
 2593 0186 1A60     		str	r2, [r3]
1520:Drivers/STM32WBxx_HAL_Driver/Src/stm32wbxx_hal_rtc.c **** 
 2594              		.loc 1 1520 3 view .LVU971
1520:Drivers/STM32WBxx_HAL_Driver/Src/stm32wbxx_hal_rtc.c **** 
 2595              		.loc 1 1520 3 view .LVU972
 2596 0188 2368     		ldr	r3, [r4]
 2597 018a FF22     		movs	r2, #255
 2598 018c 5A62     		str	r2, [r3, #36]
1520:Drivers/STM32WBxx_HAL_Driver/Src/stm32wbxx_hal_rtc.c **** 
 2599              		.loc 1 1520 3 view .LVU973
1522:Drivers/STM32WBxx_HAL_Driver/Src/stm32wbxx_hal_rtc.c **** 
 2600              		.loc 1 1522 3 view .LVU974
1522:Drivers/STM32WBxx_HAL_Driver/Src/stm32wbxx_hal_rtc.c **** 
 2601              		.loc 1 1522 15 is_stmt 0 view .LVU975
 2602 018e 0123     		movs	r3, #1
 2603 0190 84F82130 		strb	r3, [r4, #33]
1525:Drivers/STM32WBxx_HAL_Driver/Src/stm32wbxx_hal_rtc.c **** 
 2604              		.loc 1 1525 3 is_stmt 1 view .LVU976
1525:Drivers/STM32WBxx_HAL_Driver/Src/stm32wbxx_hal_rtc.c **** 
 2605              		.loc 1 1525 3 view .LVU977
 2606 0194 0020     		movs	r0, #0
 2607 0196 84F82000 		strb	r0, [r4, #32]
1525:Drivers/STM32WBxx_HAL_Driver/Src/stm32wbxx_hal_rtc.c **** 
 2608              		.loc 1 1525 3 view .LVU978
1527:Drivers/STM32WBxx_HAL_Driver/Src/stm32wbxx_hal_rtc.c **** }
 2609              		.loc 1 1527 3 view .LVU979
 2610              	.LVL140:
 2611              	.L134:
1528:Drivers/STM32WBxx_HAL_Driver/Src/stm32wbxx_hal_rtc.c **** 
 2612              		.loc 1 1528 1 is_stmt 0 view .LVU980
 2613 019a F8BD     		pop	{r3, r4, r5, r6, r7, pc}
 2614              	.LVL141:
 2615              	.L145:
1371:Drivers/STM32WBxx_HAL_Driver/Src/stm32wbxx_hal_rtc.c **** 
 2616              		.loc 1 1371 3 view .LVU981
 2617 019c 0220     		movs	r0, #2
 2618              	.LVL142:
1371:Drivers/STM32WBxx_HAL_Driver/Src/stm32wbxx_hal_rtc.c **** 
ARM GAS  C:\Users\843E~1\AppData\Local\Temp\ccZjV6EC.s 			page 94


 2619              		.loc 1 1371 3 view .LVU982
 2620 019e FCE7     		b	.L134
 2621              	.L151:
 2622              		.align	2
 2623              	.L150:
 2624 01a0 00080058 		.word	1476397056
 2625              		.cfi_endproc
 2626              	.LFE964:
 2628              		.section	.text.RTC_Bcd2ToByte,"ax",%progbits
 2629              		.align	1
 2630              		.global	RTC_Bcd2ToByte
 2631              		.syntax unified
 2632              		.thumb
 2633              		.thumb_func
 2635              	RTC_Bcd2ToByte:
 2636              	.LVL143:
 2637              	.LFB974:
1927:Drivers/STM32WBxx_HAL_Driver/Src/stm32wbxx_hal_rtc.c **** 
1928:Drivers/STM32WBxx_HAL_Driver/Src/stm32wbxx_hal_rtc.c **** /**
1929:Drivers/STM32WBxx_HAL_Driver/Src/stm32wbxx_hal_rtc.c ****   * @brief  Convert from 2 digit BCD to Binary.
1930:Drivers/STM32WBxx_HAL_Driver/Src/stm32wbxx_hal_rtc.c ****   * @param Value BCD value to be converted
1931:Drivers/STM32WBxx_HAL_Driver/Src/stm32wbxx_hal_rtc.c ****   * @retval Converted word
1932:Drivers/STM32WBxx_HAL_Driver/Src/stm32wbxx_hal_rtc.c ****   */
1933:Drivers/STM32WBxx_HAL_Driver/Src/stm32wbxx_hal_rtc.c **** uint8_t RTC_Bcd2ToByte(uint8_t Value)
1934:Drivers/STM32WBxx_HAL_Driver/Src/stm32wbxx_hal_rtc.c **** {
 2638              		.loc 1 1934 1 is_stmt 1 view -0
 2639              		.cfi_startproc
 2640              		@ args = 0, pretend = 0, frame = 0
 2641              		@ frame_needed = 0, uses_anonymous_args = 0
 2642              		@ link register save eliminated.
1935:Drivers/STM32WBxx_HAL_Driver/Src/stm32wbxx_hal_rtc.c ****   uint32_t tmp;
 2643              		.loc 1 1935 3 view .LVU984
1936:Drivers/STM32WBxx_HAL_Driver/Src/stm32wbxx_hal_rtc.c ****   tmp = (((uint32_t)Value & 0xF0U) >> 4U) * 10U;
 2644              		.loc 1 1936 3 view .LVU985
 2645              		.loc 1 1936 36 is_stmt 0 view .LVU986
 2646 0000 0309     		lsrs	r3, r0, #4
 2647              		.loc 1 1936 7 view .LVU987
 2648 0002 03EB8303 		add	r3, r3, r3, lsl #2
 2649              	.LVL144:
1937:Drivers/STM32WBxx_HAL_Driver/Src/stm32wbxx_hal_rtc.c ****   return (uint8_t)(tmp + ((uint32_t)Value & 0x0FU));
 2650              		.loc 1 1937 3 is_stmt 1 view .LVU988
 2651              		.loc 1 1937 43 is_stmt 0 view .LVU989
 2652 0006 00F00F00 		and	r0, r0, #15
 2653              	.LVL145:
 2654              		.loc 1 1937 10 view .LVU990
 2655 000a 00EB4300 		add	r0, r0, r3, lsl #1
1938:Drivers/STM32WBxx_HAL_Driver/Src/stm32wbxx_hal_rtc.c **** }
 2656              		.loc 1 1938 1 view .LVU991
 2657 000e C0B2     		uxtb	r0, r0
 2658 0010 7047     		bx	lr
 2659              		.cfi_endproc
 2660              	.LFE974:
 2662              		.section	.text.HAL_RTC_GetTime,"ax",%progbits
 2663              		.align	1
 2664              		.global	HAL_RTC_GetTime
 2665              		.syntax unified
 2666              		.thumb
ARM GAS  C:\Users\843E~1\AppData\Local\Temp\ccZjV6EC.s 			page 95


 2667              		.thumb_func
 2669              	HAL_RTC_GetTime:
 2670              	.LVL146:
 2671              	.LFB955:
 901:Drivers/STM32WBxx_HAL_Driver/Src/stm32wbxx_hal_rtc.c ****   uint32_t tmpreg;
 2672              		.loc 1 901 1 is_stmt 1 view -0
 2673              		.cfi_startproc
 2674              		@ args = 0, pretend = 0, frame = 0
 2675              		@ frame_needed = 0, uses_anonymous_args = 0
 901:Drivers/STM32WBxx_HAL_Driver/Src/stm32wbxx_hal_rtc.c ****   uint32_t tmpreg;
 2676              		.loc 1 901 1 is_stmt 0 view .LVU993
 2677 0000 70B5     		push	{r4, r5, r6, lr}
 2678              	.LCFI12:
 2679              		.cfi_def_cfa_offset 16
 2680              		.cfi_offset 4, -16
 2681              		.cfi_offset 5, -12
 2682              		.cfi_offset 6, -8
 2683              		.cfi_offset 14, -4
 2684 0002 0C46     		mov	r4, r1
 902:Drivers/STM32WBxx_HAL_Driver/Src/stm32wbxx_hal_rtc.c **** 
 2685              		.loc 1 902 3 is_stmt 1 view .LVU994
 905:Drivers/STM32WBxx_HAL_Driver/Src/stm32wbxx_hal_rtc.c **** 
 2686              		.loc 1 905 3 view .LVU995
 908:Drivers/STM32WBxx_HAL_Driver/Src/stm32wbxx_hal_rtc.c **** 
 2687              		.loc 1 908 3 view .LVU996
 908:Drivers/STM32WBxx_HAL_Driver/Src/stm32wbxx_hal_rtc.c **** 
 2688              		.loc 1 908 38 is_stmt 0 view .LVU997
 2689 0004 0368     		ldr	r3, [r0]
 908:Drivers/STM32WBxx_HAL_Driver/Src/stm32wbxx_hal_rtc.c **** 
 2690              		.loc 1 908 48 view .LVU998
 2691 0006 9B6A     		ldr	r3, [r3, #40]
 908:Drivers/STM32WBxx_HAL_Driver/Src/stm32wbxx_hal_rtc.c **** 
 2692              		.loc 1 908 21 view .LVU999
 2693 0008 4B60     		str	r3, [r1, #4]
 911:Drivers/STM32WBxx_HAL_Driver/Src/stm32wbxx_hal_rtc.c **** 
 2694              		.loc 1 911 3 is_stmt 1 view .LVU1000
 911:Drivers/STM32WBxx_HAL_Driver/Src/stm32wbxx_hal_rtc.c **** 
 2695              		.loc 1 911 42 is_stmt 0 view .LVU1001
 2696 000a 0368     		ldr	r3, [r0]
 911:Drivers/STM32WBxx_HAL_Driver/Src/stm32wbxx_hal_rtc.c **** 
 2697              		.loc 1 911 52 view .LVU1002
 2698 000c 1B69     		ldr	r3, [r3, #16]
 911:Drivers/STM32WBxx_HAL_Driver/Src/stm32wbxx_hal_rtc.c **** 
 2699              		.loc 1 911 27 view .LVU1003
 2700 000e C3F30E03 		ubfx	r3, r3, #0, #15
 911:Drivers/STM32WBxx_HAL_Driver/Src/stm32wbxx_hal_rtc.c **** 
 2701              		.loc 1 911 25 view .LVU1004
 2702 0012 8B60     		str	r3, [r1, #8]
 914:Drivers/STM32WBxx_HAL_Driver/Src/stm32wbxx_hal_rtc.c **** 
 2703              		.loc 1 914 3 is_stmt 1 view .LVU1005
 914:Drivers/STM32WBxx_HAL_Driver/Src/stm32wbxx_hal_rtc.c **** 
 2704              		.loc 1 914 27 is_stmt 0 view .LVU1006
 2705 0014 0368     		ldr	r3, [r0]
 914:Drivers/STM32WBxx_HAL_Driver/Src/stm32wbxx_hal_rtc.c **** 
 2706              		.loc 1 914 37 view .LVU1007
 2707 0016 1D68     		ldr	r5, [r3]
 2708              	.LVL147:
ARM GAS  C:\Users\843E~1\AppData\Local\Temp\ccZjV6EC.s 			page 96


 917:Drivers/STM32WBxx_HAL_Driver/Src/stm32wbxx_hal_rtc.c ****   sTime->Minutes = (uint8_t)((tmpreg & (RTC_TR_MNT | RTC_TR_MNU)) >> 8U);
 2709              		.loc 1 917 3 is_stmt 1 view .LVU1008
 917:Drivers/STM32WBxx_HAL_Driver/Src/stm32wbxx_hal_rtc.c ****   sTime->Minutes = (uint8_t)((tmpreg & (RTC_TR_MNT | RTC_TR_MNU)) >> 8U);
 2710              		.loc 1 917 18 is_stmt 0 view .LVU1009
 2711 0018 C5F30641 		ubfx	r1, r5, #16, #7
 2712              	.LVL148:
 917:Drivers/STM32WBxx_HAL_Driver/Src/stm32wbxx_hal_rtc.c ****   sTime->Minutes = (uint8_t)((tmpreg & (RTC_TR_MNT | RTC_TR_MNU)) >> 8U);
 2713              		.loc 1 917 18 view .LVU1010
 2714 001c C5F30540 		ubfx	r0, r5, #16, #6
 2715              	.LVL149:
 917:Drivers/STM32WBxx_HAL_Driver/Src/stm32wbxx_hal_rtc.c ****   sTime->Minutes = (uint8_t)((tmpreg & (RTC_TR_MNT | RTC_TR_MNU)) >> 8U);
 2716              		.loc 1 917 16 view .LVU1011
 2717 0020 2070     		strb	r0, [r4]
 918:Drivers/STM32WBxx_HAL_Driver/Src/stm32wbxx_hal_rtc.c ****   sTime->Seconds = (uint8_t)(tmpreg & (RTC_TR_ST | RTC_TR_SU));
 2718              		.loc 1 918 3 is_stmt 1 view .LVU1012
 918:Drivers/STM32WBxx_HAL_Driver/Src/stm32wbxx_hal_rtc.c ****   sTime->Seconds = (uint8_t)(tmpreg & (RTC_TR_ST | RTC_TR_SU));
 2719              		.loc 1 918 20 is_stmt 0 view .LVU1013
 2720 0022 C5F30626 		ubfx	r6, r5, #8, #7
 918:Drivers/STM32WBxx_HAL_Driver/Src/stm32wbxx_hal_rtc.c ****   sTime->Seconds = (uint8_t)(tmpreg & (RTC_TR_ST | RTC_TR_SU));
 2721              		.loc 1 918 18 view .LVU1014
 2722 0026 6670     		strb	r6, [r4, #1]
 919:Drivers/STM32WBxx_HAL_Driver/Src/stm32wbxx_hal_rtc.c ****   sTime->TimeFormat = (uint8_t)((tmpreg & (RTC_TR_PM)) >> 16U);
 2723              		.loc 1 919 3 is_stmt 1 view .LVU1015
 919:Drivers/STM32WBxx_HAL_Driver/Src/stm32wbxx_hal_rtc.c ****   sTime->TimeFormat = (uint8_t)((tmpreg & (RTC_TR_PM)) >> 16U);
 2724              		.loc 1 919 20 is_stmt 0 view .LVU1016
 2725 0028 05F07F05 		and	r5, r5, #127
 2726              	.LVL150:
 919:Drivers/STM32WBxx_HAL_Driver/Src/stm32wbxx_hal_rtc.c ****   sTime->TimeFormat = (uint8_t)((tmpreg & (RTC_TR_PM)) >> 16U);
 2727              		.loc 1 919 18 view .LVU1017
 2728 002c A570     		strb	r5, [r4, #2]
 920:Drivers/STM32WBxx_HAL_Driver/Src/stm32wbxx_hal_rtc.c **** 
 2729              		.loc 1 920 3 is_stmt 1 view .LVU1018
 920:Drivers/STM32WBxx_HAL_Driver/Src/stm32wbxx_hal_rtc.c **** 
 2730              		.loc 1 920 23 is_stmt 0 view .LVU1019
 2731 002e 01F04003 		and	r3, r1, #64
 920:Drivers/STM32WBxx_HAL_Driver/Src/stm32wbxx_hal_rtc.c **** 
 2732              		.loc 1 920 21 view .LVU1020
 2733 0032 E370     		strb	r3, [r4, #3]
 923:Drivers/STM32WBxx_HAL_Driver/Src/stm32wbxx_hal_rtc.c ****   {
 2734              		.loc 1 923 3 is_stmt 1 view .LVU1021
 923:Drivers/STM32WBxx_HAL_Driver/Src/stm32wbxx_hal_rtc.c ****   {
 2735              		.loc 1 923 6 is_stmt 0 view .LVU1022
 2736 0034 52B9     		cbnz	r2, .L154
 926:Drivers/STM32WBxx_HAL_Driver/Src/stm32wbxx_hal_rtc.c ****     sTime->Minutes = (uint8_t)RTC_Bcd2ToByte(sTime->Minutes);
 2737              		.loc 1 926 5 is_stmt 1 view .LVU1023
 926:Drivers/STM32WBxx_HAL_Driver/Src/stm32wbxx_hal_rtc.c ****     sTime->Minutes = (uint8_t)RTC_Bcd2ToByte(sTime->Minutes);
 2738              		.loc 1 926 29 is_stmt 0 view .LVU1024
 2739 0036 FFF7FEFF 		bl	RTC_Bcd2ToByte
 2740              	.LVL151:
 926:Drivers/STM32WBxx_HAL_Driver/Src/stm32wbxx_hal_rtc.c ****     sTime->Minutes = (uint8_t)RTC_Bcd2ToByte(sTime->Minutes);
 2741              		.loc 1 926 18 view .LVU1025
 2742 003a 2070     		strb	r0, [r4]
 927:Drivers/STM32WBxx_HAL_Driver/Src/stm32wbxx_hal_rtc.c ****     sTime->Seconds = (uint8_t)RTC_Bcd2ToByte(sTime->Seconds);
 2743              		.loc 1 927 5 is_stmt 1 view .LVU1026
 927:Drivers/STM32WBxx_HAL_Driver/Src/stm32wbxx_hal_rtc.c ****     sTime->Seconds = (uint8_t)RTC_Bcd2ToByte(sTime->Seconds);
 2744              		.loc 1 927 31 is_stmt 0 view .LVU1027
 2745 003c 3046     		mov	r0, r6
ARM GAS  C:\Users\843E~1\AppData\Local\Temp\ccZjV6EC.s 			page 97


 2746 003e FFF7FEFF 		bl	RTC_Bcd2ToByte
 2747              	.LVL152:
 927:Drivers/STM32WBxx_HAL_Driver/Src/stm32wbxx_hal_rtc.c ****     sTime->Seconds = (uint8_t)RTC_Bcd2ToByte(sTime->Seconds);
 2748              		.loc 1 927 20 view .LVU1028
 2749 0042 6070     		strb	r0, [r4, #1]
 928:Drivers/STM32WBxx_HAL_Driver/Src/stm32wbxx_hal_rtc.c ****   }
 2750              		.loc 1 928 5 is_stmt 1 view .LVU1029
 928:Drivers/STM32WBxx_HAL_Driver/Src/stm32wbxx_hal_rtc.c ****   }
 2751              		.loc 1 928 31 is_stmt 0 view .LVU1030
 2752 0044 2846     		mov	r0, r5
 2753 0046 FFF7FEFF 		bl	RTC_Bcd2ToByte
 2754              	.LVL153:
 928:Drivers/STM32WBxx_HAL_Driver/Src/stm32wbxx_hal_rtc.c ****   }
 2755              		.loc 1 928 20 view .LVU1031
 2756 004a A070     		strb	r0, [r4, #2]
 2757              	.L154:
 931:Drivers/STM32WBxx_HAL_Driver/Src/stm32wbxx_hal_rtc.c **** }
 2758              		.loc 1 931 3 is_stmt 1 view .LVU1032
 932:Drivers/STM32WBxx_HAL_Driver/Src/stm32wbxx_hal_rtc.c **** 
 2759              		.loc 1 932 1 is_stmt 0 view .LVU1033
 2760 004c 0020     		movs	r0, #0
 2761 004e 70BD     		pop	{r4, r5, r6, pc}
 932:Drivers/STM32WBxx_HAL_Driver/Src/stm32wbxx_hal_rtc.c **** 
 2762              		.loc 1 932 1 view .LVU1034
 2763              		.cfi_endproc
 2764              	.LFE955:
 2766              		.section	.text.HAL_RTC_GetDate,"ax",%progbits
 2767              		.align	1
 2768              		.global	HAL_RTC_GetDate
 2769              		.syntax unified
 2770              		.thumb
 2771              		.thumb_func
 2773              	HAL_RTC_GetDate:
 2774              	.LVL154:
 2775              	.LFB957:
1054:Drivers/STM32WBxx_HAL_Driver/Src/stm32wbxx_hal_rtc.c ****   uint32_t datetmpreg;
 2776              		.loc 1 1054 1 is_stmt 1 view -0
 2777              		.cfi_startproc
 2778              		@ args = 0, pretend = 0, frame = 0
 2779              		@ frame_needed = 0, uses_anonymous_args = 0
1054:Drivers/STM32WBxx_HAL_Driver/Src/stm32wbxx_hal_rtc.c ****   uint32_t datetmpreg;
 2780              		.loc 1 1054 1 is_stmt 0 view .LVU1036
 2781 0000 70B5     		push	{r4, r5, r6, lr}
 2782              	.LCFI13:
 2783              		.cfi_def_cfa_offset 16
 2784              		.cfi_offset 4, -16
 2785              		.cfi_offset 5, -12
 2786              		.cfi_offset 6, -8
 2787              		.cfi_offset 14, -4
1055:Drivers/STM32WBxx_HAL_Driver/Src/stm32wbxx_hal_rtc.c **** 
 2788              		.loc 1 1055 3 is_stmt 1 view .LVU1037
1058:Drivers/STM32WBxx_HAL_Driver/Src/stm32wbxx_hal_rtc.c **** 
 2789              		.loc 1 1058 3 view .LVU1038
1061:Drivers/STM32WBxx_HAL_Driver/Src/stm32wbxx_hal_rtc.c **** 
 2790              		.loc 1 1061 3 view .LVU1039
1061:Drivers/STM32WBxx_HAL_Driver/Src/stm32wbxx_hal_rtc.c **** 
 2791              		.loc 1 1061 31 is_stmt 0 view .LVU1040
ARM GAS  C:\Users\843E~1\AppData\Local\Temp\ccZjV6EC.s 			page 98


 2792 0002 0368     		ldr	r3, [r0]
1061:Drivers/STM32WBxx_HAL_Driver/Src/stm32wbxx_hal_rtc.c **** 
 2793              		.loc 1 1061 41 view .LVU1041
 2794 0004 5B68     		ldr	r3, [r3, #4]
 2795              	.LVL155:
1064:Drivers/STM32WBxx_HAL_Driver/Src/stm32wbxx_hal_rtc.c ****   sDate->Month = (uint8_t)((datetmpreg & (RTC_DR_MT | RTC_DR_MU)) >> 8U);
 2796              		.loc 1 1064 3 is_stmt 1 view .LVU1042
1064:Drivers/STM32WBxx_HAL_Driver/Src/stm32wbxx_hal_rtc.c ****   sDate->Month = (uint8_t)((datetmpreg & (RTC_DR_MT | RTC_DR_MU)) >> 8U);
 2797              		.loc 1 1064 17 is_stmt 0 view .LVU1043
 2798 0006 C3F30740 		ubfx	r0, r3, #16, #8
 2799              	.LVL156:
1064:Drivers/STM32WBxx_HAL_Driver/Src/stm32wbxx_hal_rtc.c ****   sDate->Month = (uint8_t)((datetmpreg & (RTC_DR_MT | RTC_DR_MU)) >> 8U);
 2800              		.loc 1 1064 15 view .LVU1044
 2801 000a C870     		strb	r0, [r1, #3]
1065:Drivers/STM32WBxx_HAL_Driver/Src/stm32wbxx_hal_rtc.c ****   sDate->Date = (uint8_t)(datetmpreg & (RTC_DR_DT | RTC_DR_DU));
 2802              		.loc 1 1065 3 is_stmt 1 view .LVU1045
1065:Drivers/STM32WBxx_HAL_Driver/Src/stm32wbxx_hal_rtc.c ****   sDate->Date = (uint8_t)(datetmpreg & (RTC_DR_DT | RTC_DR_DU));
 2803              		.loc 1 1065 18 is_stmt 0 view .LVU1046
 2804 000c C3F30426 		ubfx	r6, r3, #8, #5
1065:Drivers/STM32WBxx_HAL_Driver/Src/stm32wbxx_hal_rtc.c ****   sDate->Date = (uint8_t)(datetmpreg & (RTC_DR_DT | RTC_DR_DU));
 2805              		.loc 1 1065 16 view .LVU1047
 2806 0010 4E70     		strb	r6, [r1, #1]
1066:Drivers/STM32WBxx_HAL_Driver/Src/stm32wbxx_hal_rtc.c ****   sDate->WeekDay = (uint8_t)((datetmpreg & (RTC_DR_WDU)) >> 13U);
 2807              		.loc 1 1066 3 is_stmt 1 view .LVU1048
1066:Drivers/STM32WBxx_HAL_Driver/Src/stm32wbxx_hal_rtc.c ****   sDate->WeekDay = (uint8_t)((datetmpreg & (RTC_DR_WDU)) >> 13U);
 2808              		.loc 1 1066 17 is_stmt 0 view .LVU1049
 2809 0012 03F03F05 		and	r5, r3, #63
1066:Drivers/STM32WBxx_HAL_Driver/Src/stm32wbxx_hal_rtc.c ****   sDate->WeekDay = (uint8_t)((datetmpreg & (RTC_DR_WDU)) >> 13U);
 2810              		.loc 1 1066 15 view .LVU1050
 2811 0016 8D70     		strb	r5, [r1, #2]
1067:Drivers/STM32WBxx_HAL_Driver/Src/stm32wbxx_hal_rtc.c **** 
 2812              		.loc 1 1067 3 is_stmt 1 view .LVU1051
1067:Drivers/STM32WBxx_HAL_Driver/Src/stm32wbxx_hal_rtc.c **** 
 2813              		.loc 1 1067 20 is_stmt 0 view .LVU1052
 2814 0018 C3F34233 		ubfx	r3, r3, #13, #3
 2815              	.LVL157:
1067:Drivers/STM32WBxx_HAL_Driver/Src/stm32wbxx_hal_rtc.c **** 
 2816              		.loc 1 1067 18 view .LVU1053
 2817 001c 0B70     		strb	r3, [r1]
1070:Drivers/STM32WBxx_HAL_Driver/Src/stm32wbxx_hal_rtc.c ****   {
 2818              		.loc 1 1070 3 is_stmt 1 view .LVU1054
1070:Drivers/STM32WBxx_HAL_Driver/Src/stm32wbxx_hal_rtc.c ****   {
 2819              		.loc 1 1070 6 is_stmt 0 view .LVU1055
 2820 001e 5AB9     		cbnz	r2, .L157
 2821 0020 0C46     		mov	r4, r1
1073:Drivers/STM32WBxx_HAL_Driver/Src/stm32wbxx_hal_rtc.c ****     sDate->Month = (uint8_t)RTC_Bcd2ToByte(sDate->Month);
 2822              		.loc 1 1073 5 is_stmt 1 view .LVU1056
1073:Drivers/STM32WBxx_HAL_Driver/Src/stm32wbxx_hal_rtc.c ****     sDate->Month = (uint8_t)RTC_Bcd2ToByte(sDate->Month);
 2823              		.loc 1 1073 28 is_stmt 0 view .LVU1057
 2824 0022 FFF7FEFF 		bl	RTC_Bcd2ToByte
 2825              	.LVL158:
1073:Drivers/STM32WBxx_HAL_Driver/Src/stm32wbxx_hal_rtc.c ****     sDate->Month = (uint8_t)RTC_Bcd2ToByte(sDate->Month);
 2826              		.loc 1 1073 17 view .LVU1058
 2827 0026 E070     		strb	r0, [r4, #3]
1074:Drivers/STM32WBxx_HAL_Driver/Src/stm32wbxx_hal_rtc.c ****     sDate->Date = (uint8_t)RTC_Bcd2ToByte(sDate->Date);
 2828              		.loc 1 1074 5 is_stmt 1 view .LVU1059
1074:Drivers/STM32WBxx_HAL_Driver/Src/stm32wbxx_hal_rtc.c ****     sDate->Date = (uint8_t)RTC_Bcd2ToByte(sDate->Date);
ARM GAS  C:\Users\843E~1\AppData\Local\Temp\ccZjV6EC.s 			page 99


 2829              		.loc 1 1074 29 is_stmt 0 view .LVU1060
 2830 0028 3046     		mov	r0, r6
 2831 002a FFF7FEFF 		bl	RTC_Bcd2ToByte
 2832              	.LVL159:
1074:Drivers/STM32WBxx_HAL_Driver/Src/stm32wbxx_hal_rtc.c ****     sDate->Date = (uint8_t)RTC_Bcd2ToByte(sDate->Date);
 2833              		.loc 1 1074 18 view .LVU1061
 2834 002e 6070     		strb	r0, [r4, #1]
1075:Drivers/STM32WBxx_HAL_Driver/Src/stm32wbxx_hal_rtc.c ****   }
 2835              		.loc 1 1075 5 is_stmt 1 view .LVU1062
1075:Drivers/STM32WBxx_HAL_Driver/Src/stm32wbxx_hal_rtc.c ****   }
 2836              		.loc 1 1075 28 is_stmt 0 view .LVU1063
 2837 0030 2846     		mov	r0, r5
 2838 0032 FFF7FEFF 		bl	RTC_Bcd2ToByte
 2839              	.LVL160:
1075:Drivers/STM32WBxx_HAL_Driver/Src/stm32wbxx_hal_rtc.c ****   }
 2840              		.loc 1 1075 17 view .LVU1064
 2841 0036 A070     		strb	r0, [r4, #2]
 2842              	.LVL161:
 2843              	.L157:
1077:Drivers/STM32WBxx_HAL_Driver/Src/stm32wbxx_hal_rtc.c **** }
 2844              		.loc 1 1077 3 is_stmt 1 view .LVU1065
1078:Drivers/STM32WBxx_HAL_Driver/Src/stm32wbxx_hal_rtc.c **** 
 2845              		.loc 1 1078 1 is_stmt 0 view .LVU1066
 2846 0038 0020     		movs	r0, #0
 2847 003a 70BD     		pop	{r4, r5, r6, pc}
 2848              		.cfi_endproc
 2849              	.LFE957:
 2851              		.section	.text.HAL_RTC_GetAlarm,"ax",%progbits
 2852              		.align	1
 2853              		.global	HAL_RTC_GetAlarm
 2854              		.syntax unified
 2855              		.thumb
 2856              		.thumb_func
 2858              	HAL_RTC_GetAlarm:
 2859              	.LVL162:
 2860              	.LFB966:
1634:Drivers/STM32WBxx_HAL_Driver/Src/stm32wbxx_hal_rtc.c ****   uint32_t tmpreg;
 2861              		.loc 1 1634 1 is_stmt 1 view -0
 2862              		.cfi_startproc
 2863              		@ args = 0, pretend = 0, frame = 0
 2864              		@ frame_needed = 0, uses_anonymous_args = 0
1634:Drivers/STM32WBxx_HAL_Driver/Src/stm32wbxx_hal_rtc.c ****   uint32_t tmpreg;
 2865              		.loc 1 1634 1 is_stmt 0 view .LVU1068
 2866 0000 10B5     		push	{r4, lr}
 2867              	.LCFI14:
 2868              		.cfi_def_cfa_offset 8
 2869              		.cfi_offset 4, -8
 2870              		.cfi_offset 14, -4
 2871 0002 0C46     		mov	r4, r1
1635:Drivers/STM32WBxx_HAL_Driver/Src/stm32wbxx_hal_rtc.c ****   uint32_t subsecondtmpreg;
 2872              		.loc 1 1635 3 is_stmt 1 view .LVU1069
1636:Drivers/STM32WBxx_HAL_Driver/Src/stm32wbxx_hal_rtc.c **** 
 2873              		.loc 1 1636 3 view .LVU1070
1639:Drivers/STM32WBxx_HAL_Driver/Src/stm32wbxx_hal_rtc.c ****   assert_param(IS_RTC_ALARM(Alarm));
 2874              		.loc 1 1639 3 view .LVU1071
1640:Drivers/STM32WBxx_HAL_Driver/Src/stm32wbxx_hal_rtc.c **** 
 2875              		.loc 1 1640 3 view .LVU1072
ARM GAS  C:\Users\843E~1\AppData\Local\Temp\ccZjV6EC.s 			page 100


1642:Drivers/STM32WBxx_HAL_Driver/Src/stm32wbxx_hal_rtc.c ****   {
 2876              		.loc 1 1642 3 view .LVU1073
1642:Drivers/STM32WBxx_HAL_Driver/Src/stm32wbxx_hal_rtc.c ****   {
 2877              		.loc 1 1642 6 is_stmt 0 view .LVU1074
 2878 0004 B2F5807F 		cmp	r2, #256
 2879 0008 38D0     		beq	.L164
1662:Drivers/STM32WBxx_HAL_Driver/Src/stm32wbxx_hal_rtc.c **** 
 2880              		.loc 1 1662 5 is_stmt 1 view .LVU1075
1662:Drivers/STM32WBxx_HAL_Driver/Src/stm32wbxx_hal_rtc.c **** 
 2881              		.loc 1 1662 19 is_stmt 0 view .LVU1076
 2882 000a 4FF40072 		mov	r2, #512
 2883              	.LVL163:
1662:Drivers/STM32WBxx_HAL_Driver/Src/stm32wbxx_hal_rtc.c **** 
 2884              		.loc 1 1662 19 view .LVU1077
 2885 000e 4A62     		str	r2, [r1, #36]
1664:Drivers/STM32WBxx_HAL_Driver/Src/stm32wbxx_hal_rtc.c ****     subsecondtmpreg = (uint32_t)((hrtc->Instance->ALRMBSSR) & RTC_ALRMBSSR_SS);
 2886              		.loc 1 1664 5 is_stmt 1 view .LVU1078
1664:Drivers/STM32WBxx_HAL_Driver/Src/stm32wbxx_hal_rtc.c ****     subsecondtmpreg = (uint32_t)((hrtc->Instance->ALRMBSSR) & RTC_ALRMBSSR_SS);
 2887              		.loc 1 1664 29 is_stmt 0 view .LVU1079
 2888 0010 0168     		ldr	r1, [r0]
 2889              	.LVL164:
1664:Drivers/STM32WBxx_HAL_Driver/Src/stm32wbxx_hal_rtc.c ****     subsecondtmpreg = (uint32_t)((hrtc->Instance->ALRMBSSR) & RTC_ALRMBSSR_SS);
 2890              		.loc 1 1664 12 view .LVU1080
 2891 0012 0A6A     		ldr	r2, [r1, #32]
 2892              	.LVL165:
1665:Drivers/STM32WBxx_HAL_Driver/Src/stm32wbxx_hal_rtc.c **** 
 2893              		.loc 1 1665 5 is_stmt 1 view .LVU1081
1665:Drivers/STM32WBxx_HAL_Driver/Src/stm32wbxx_hal_rtc.c **** 
 2894              		.loc 1 1665 49 is_stmt 0 view .LVU1082
 2895 0014 896C     		ldr	r1, [r1, #72]
1665:Drivers/STM32WBxx_HAL_Driver/Src/stm32wbxx_hal_rtc.c **** 
 2896              		.loc 1 1665 21 view .LVU1083
 2897 0016 C1F30E01 		ubfx	r1, r1, #0, #15
 2898              	.LVL166:
1668:Drivers/STM32WBxx_HAL_Driver/Src/stm32wbxx_hal_rtc.c ****     sAlarm->AlarmTime.Minutes = (uint8_t)((tmpreg & (RTC_ALRMBR_MNT | RTC_ALRMBR_MNU)) >> 8U);
 2899              		.loc 1 1668 5 is_stmt 1 view .LVU1084
1668:Drivers/STM32WBxx_HAL_Driver/Src/stm32wbxx_hal_rtc.c ****     sAlarm->AlarmTime.Minutes = (uint8_t)((tmpreg & (RTC_ALRMBR_MNT | RTC_ALRMBR_MNU)) >> 8U);
 2900              		.loc 1 1668 31 is_stmt 0 view .LVU1085
 2901 001a C2F30740 		ubfx	r0, r2, #16, #8
 2902              	.LVL167:
1668:Drivers/STM32WBxx_HAL_Driver/Src/stm32wbxx_hal_rtc.c ****     sAlarm->AlarmTime.Minutes = (uint8_t)((tmpreg & (RTC_ALRMBR_MNT | RTC_ALRMBR_MNU)) >> 8U);
 2903              		.loc 1 1668 31 view .LVU1086
 2904 001e C2F3054C 		ubfx	ip, r2, #16, #6
1668:Drivers/STM32WBxx_HAL_Driver/Src/stm32wbxx_hal_rtc.c ****     sAlarm->AlarmTime.Minutes = (uint8_t)((tmpreg & (RTC_ALRMBR_MNT | RTC_ALRMBR_MNU)) >> 8U);
 2905              		.loc 1 1668 29 view .LVU1087
 2906 0022 84F800C0 		strb	ip, [r4]
1669:Drivers/STM32WBxx_HAL_Driver/Src/stm32wbxx_hal_rtc.c ****     sAlarm->AlarmTime.Seconds = (uint8_t)(tmpreg & (RTC_ALRMBR_ST | RTC_ALRMBR_SU));
 2907              		.loc 1 1669 5 is_stmt 1 view .LVU1088
1669:Drivers/STM32WBxx_HAL_Driver/Src/stm32wbxx_hal_rtc.c ****     sAlarm->AlarmTime.Seconds = (uint8_t)(tmpreg & (RTC_ALRMBR_ST | RTC_ALRMBR_SU));
 2908              		.loc 1 1669 33 is_stmt 0 view .LVU1089
 2909 0026 C2F3062C 		ubfx	ip, r2, #8, #7
1669:Drivers/STM32WBxx_HAL_Driver/Src/stm32wbxx_hal_rtc.c ****     sAlarm->AlarmTime.Seconds = (uint8_t)(tmpreg & (RTC_ALRMBR_ST | RTC_ALRMBR_SU));
 2910              		.loc 1 1669 31 view .LVU1090
 2911 002a 84F801C0 		strb	ip, [r4, #1]
1670:Drivers/STM32WBxx_HAL_Driver/Src/stm32wbxx_hal_rtc.c ****     sAlarm->AlarmTime.TimeFormat = (uint8_t)((tmpreg & RTC_ALRMBR_PM) >> 16U);
 2912              		.loc 1 1670 5 is_stmt 1 view .LVU1091
1670:Drivers/STM32WBxx_HAL_Driver/Src/stm32wbxx_hal_rtc.c ****     sAlarm->AlarmTime.TimeFormat = (uint8_t)((tmpreg & RTC_ALRMBR_PM) >> 16U);
ARM GAS  C:\Users\843E~1\AppData\Local\Temp\ccZjV6EC.s 			page 101


 2913              		.loc 1 1670 33 is_stmt 0 view .LVU1092
 2914 002e 02F07F0C 		and	ip, r2, #127
1670:Drivers/STM32WBxx_HAL_Driver/Src/stm32wbxx_hal_rtc.c ****     sAlarm->AlarmTime.TimeFormat = (uint8_t)((tmpreg & RTC_ALRMBR_PM) >> 16U);
 2915              		.loc 1 1670 31 view .LVU1093
 2916 0032 84F802C0 		strb	ip, [r4, #2]
1671:Drivers/STM32WBxx_HAL_Driver/Src/stm32wbxx_hal_rtc.c ****     sAlarm->AlarmTime.SubSeconds = (uint32_t) subsecondtmpreg;
 2917              		.loc 1 1671 5 is_stmt 1 view .LVU1094
1671:Drivers/STM32WBxx_HAL_Driver/Src/stm32wbxx_hal_rtc.c ****     sAlarm->AlarmTime.SubSeconds = (uint32_t) subsecondtmpreg;
 2918              		.loc 1 1671 36 is_stmt 0 view .LVU1095
 2919 0036 00F04000 		and	r0, r0, #64
1671:Drivers/STM32WBxx_HAL_Driver/Src/stm32wbxx_hal_rtc.c ****     sAlarm->AlarmTime.SubSeconds = (uint32_t) subsecondtmpreg;
 2920              		.loc 1 1671 34 view .LVU1096
 2921 003a E070     		strb	r0, [r4, #3]
1672:Drivers/STM32WBxx_HAL_Driver/Src/stm32wbxx_hal_rtc.c ****     sAlarm->AlarmDateWeekDay = (uint8_t)((tmpreg & (RTC_ALRMBR_DT | RTC_ALRMBR_DU)) >> 24U);
 2922              		.loc 1 1672 5 is_stmt 1 view .LVU1097
1672:Drivers/STM32WBxx_HAL_Driver/Src/stm32wbxx_hal_rtc.c ****     sAlarm->AlarmDateWeekDay = (uint8_t)((tmpreg & (RTC_ALRMBR_DT | RTC_ALRMBR_DU)) >> 24U);
 2923              		.loc 1 1672 34 is_stmt 0 view .LVU1098
 2924 003c 6160     		str	r1, [r4, #4]
1673:Drivers/STM32WBxx_HAL_Driver/Src/stm32wbxx_hal_rtc.c ****     sAlarm->AlarmDateWeekDaySel = (uint32_t)(tmpreg & RTC_ALRMBR_WDSEL);
 2925              		.loc 1 1673 5 is_stmt 1 view .LVU1099
1673:Drivers/STM32WBxx_HAL_Driver/Src/stm32wbxx_hal_rtc.c ****     sAlarm->AlarmDateWeekDaySel = (uint32_t)(tmpreg & RTC_ALRMBR_WDSEL);
 2926              		.loc 1 1673 32 is_stmt 0 view .LVU1100
 2927 003e C2F30561 		ubfx	r1, r2, #24, #6
 2928              	.LVL168:
1673:Drivers/STM32WBxx_HAL_Driver/Src/stm32wbxx_hal_rtc.c ****     sAlarm->AlarmDateWeekDaySel = (uint32_t)(tmpreg & RTC_ALRMBR_WDSEL);
 2929              		.loc 1 1673 30 view .LVU1101
 2930 0042 84F82010 		strb	r1, [r4, #32]
1674:Drivers/STM32WBxx_HAL_Driver/Src/stm32wbxx_hal_rtc.c ****     sAlarm->AlarmMask = (uint32_t)(tmpreg & RTC_ALARMMASK_ALL);
 2931              		.loc 1 1674 5 is_stmt 1 view .LVU1102
1674:Drivers/STM32WBxx_HAL_Driver/Src/stm32wbxx_hal_rtc.c ****     sAlarm->AlarmMask = (uint32_t)(tmpreg & RTC_ALARMMASK_ALL);
 2932              		.loc 1 1674 35 is_stmt 0 view .LVU1103
 2933 0046 02F08041 		and	r1, r2, #1073741824
1674:Drivers/STM32WBxx_HAL_Driver/Src/stm32wbxx_hal_rtc.c ****     sAlarm->AlarmMask = (uint32_t)(tmpreg & RTC_ALARMMASK_ALL);
 2934              		.loc 1 1674 33 view .LVU1104
 2935 004a E161     		str	r1, [r4, #28]
1675:Drivers/STM32WBxx_HAL_Driver/Src/stm32wbxx_hal_rtc.c ****   }
 2936              		.loc 1 1675 5 is_stmt 1 view .LVU1105
1675:Drivers/STM32WBxx_HAL_Driver/Src/stm32wbxx_hal_rtc.c ****   }
 2937              		.loc 1 1675 25 is_stmt 0 view .LVU1106
 2938 004c 02F08032 		and	r2, r2, #-2139062144
 2939              	.LVL169:
1675:Drivers/STM32WBxx_HAL_Driver/Src/stm32wbxx_hal_rtc.c ****   }
 2940              		.loc 1 1675 23 view .LVU1107
 2941 0050 6261     		str	r2, [r4, #20]
 2942              	.LVL170:
 2943              	.L161:
1678:Drivers/STM32WBxx_HAL_Driver/Src/stm32wbxx_hal_rtc.c ****   {
 2944              		.loc 1 1678 3 is_stmt 1 view .LVU1108
1678:Drivers/STM32WBxx_HAL_Driver/Src/stm32wbxx_hal_rtc.c ****   {
 2945              		.loc 1 1678 6 is_stmt 0 view .LVU1109
 2946 0052 8BB9     		cbnz	r3, .L162
1680:Drivers/STM32WBxx_HAL_Driver/Src/stm32wbxx_hal_rtc.c ****     sAlarm->AlarmTime.Minutes = RTC_Bcd2ToByte(sAlarm->AlarmTime.Minutes);
 2947              		.loc 1 1680 5 is_stmt 1 view .LVU1110
1680:Drivers/STM32WBxx_HAL_Driver/Src/stm32wbxx_hal_rtc.c ****     sAlarm->AlarmTime.Minutes = RTC_Bcd2ToByte(sAlarm->AlarmTime.Minutes);
 2948              		.loc 1 1680 31 is_stmt 0 view .LVU1111
 2949 0054 2078     		ldrb	r0, [r4]	@ zero_extendqisi2
 2950 0056 FFF7FEFF 		bl	RTC_Bcd2ToByte
ARM GAS  C:\Users\843E~1\AppData\Local\Temp\ccZjV6EC.s 			page 102


 2951              	.LVL171:
1680:Drivers/STM32WBxx_HAL_Driver/Src/stm32wbxx_hal_rtc.c ****     sAlarm->AlarmTime.Minutes = RTC_Bcd2ToByte(sAlarm->AlarmTime.Minutes);
 2952              		.loc 1 1680 29 view .LVU1112
 2953 005a 2070     		strb	r0, [r4]
1681:Drivers/STM32WBxx_HAL_Driver/Src/stm32wbxx_hal_rtc.c ****     sAlarm->AlarmTime.Seconds = RTC_Bcd2ToByte(sAlarm->AlarmTime.Seconds);
 2954              		.loc 1 1681 5 is_stmt 1 view .LVU1113
1681:Drivers/STM32WBxx_HAL_Driver/Src/stm32wbxx_hal_rtc.c ****     sAlarm->AlarmTime.Seconds = RTC_Bcd2ToByte(sAlarm->AlarmTime.Seconds);
 2955              		.loc 1 1681 33 is_stmt 0 view .LVU1114
 2956 005c 6078     		ldrb	r0, [r4, #1]	@ zero_extendqisi2
 2957 005e FFF7FEFF 		bl	RTC_Bcd2ToByte
 2958              	.LVL172:
1681:Drivers/STM32WBxx_HAL_Driver/Src/stm32wbxx_hal_rtc.c ****     sAlarm->AlarmTime.Seconds = RTC_Bcd2ToByte(sAlarm->AlarmTime.Seconds);
 2959              		.loc 1 1681 31 view .LVU1115
 2960 0062 6070     		strb	r0, [r4, #1]
1682:Drivers/STM32WBxx_HAL_Driver/Src/stm32wbxx_hal_rtc.c ****     sAlarm->AlarmDateWeekDay = RTC_Bcd2ToByte(sAlarm->AlarmDateWeekDay);
 2961              		.loc 1 1682 5 is_stmt 1 view .LVU1116
1682:Drivers/STM32WBxx_HAL_Driver/Src/stm32wbxx_hal_rtc.c ****     sAlarm->AlarmDateWeekDay = RTC_Bcd2ToByte(sAlarm->AlarmDateWeekDay);
 2962              		.loc 1 1682 33 is_stmt 0 view .LVU1117
 2963 0064 A078     		ldrb	r0, [r4, #2]	@ zero_extendqisi2
 2964 0066 FFF7FEFF 		bl	RTC_Bcd2ToByte
 2965              	.LVL173:
1682:Drivers/STM32WBxx_HAL_Driver/Src/stm32wbxx_hal_rtc.c ****     sAlarm->AlarmDateWeekDay = RTC_Bcd2ToByte(sAlarm->AlarmDateWeekDay);
 2966              		.loc 1 1682 31 view .LVU1118
 2967 006a A070     		strb	r0, [r4, #2]
1683:Drivers/STM32WBxx_HAL_Driver/Src/stm32wbxx_hal_rtc.c ****   }
 2968              		.loc 1 1683 5 is_stmt 1 view .LVU1119
1683:Drivers/STM32WBxx_HAL_Driver/Src/stm32wbxx_hal_rtc.c ****   }
 2969              		.loc 1 1683 32 is_stmt 0 view .LVU1120
 2970 006c 94F82000 		ldrb	r0, [r4, #32]	@ zero_extendqisi2
 2971 0070 FFF7FEFF 		bl	RTC_Bcd2ToByte
 2972              	.LVL174:
1683:Drivers/STM32WBxx_HAL_Driver/Src/stm32wbxx_hal_rtc.c ****   }
 2973              		.loc 1 1683 30 view .LVU1121
 2974 0074 84F82000 		strb	r0, [r4, #32]
 2975              	.L162:
1686:Drivers/STM32WBxx_HAL_Driver/Src/stm32wbxx_hal_rtc.c **** }
 2976              		.loc 1 1686 3 is_stmt 1 view .LVU1122
1687:Drivers/STM32WBxx_HAL_Driver/Src/stm32wbxx_hal_rtc.c **** 
 2977              		.loc 1 1687 1 is_stmt 0 view .LVU1123
 2978 0078 0020     		movs	r0, #0
 2979 007a 10BD     		pop	{r4, pc}
 2980              	.LVL175:
 2981              	.L164:
1645:Drivers/STM32WBxx_HAL_Driver/Src/stm32wbxx_hal_rtc.c **** 
 2982              		.loc 1 1645 5 is_stmt 1 view .LVU1124
1645:Drivers/STM32WBxx_HAL_Driver/Src/stm32wbxx_hal_rtc.c **** 
 2983              		.loc 1 1645 19 is_stmt 0 view .LVU1125
 2984 007c 4A62     		str	r2, [r1, #36]
1647:Drivers/STM32WBxx_HAL_Driver/Src/stm32wbxx_hal_rtc.c ****     subsecondtmpreg = (uint32_t)((hrtc->Instance->ALRMASSR) & RTC_ALRMASSR_SS);
 2985              		.loc 1 1647 5 is_stmt 1 view .LVU1126
1647:Drivers/STM32WBxx_HAL_Driver/Src/stm32wbxx_hal_rtc.c ****     subsecondtmpreg = (uint32_t)((hrtc->Instance->ALRMASSR) & RTC_ALRMASSR_SS);
 2986              		.loc 1 1647 29 is_stmt 0 view .LVU1127
 2987 007e 0168     		ldr	r1, [r0]
 2988              	.LVL176:
1647:Drivers/STM32WBxx_HAL_Driver/Src/stm32wbxx_hal_rtc.c ****     subsecondtmpreg = (uint32_t)((hrtc->Instance->ALRMASSR) & RTC_ALRMASSR_SS);
 2989              		.loc 1 1647 12 view .LVU1128
 2990 0080 CA69     		ldr	r2, [r1, #28]
ARM GAS  C:\Users\843E~1\AppData\Local\Temp\ccZjV6EC.s 			page 103


 2991              	.LVL177:
1648:Drivers/STM32WBxx_HAL_Driver/Src/stm32wbxx_hal_rtc.c **** 
 2992              		.loc 1 1648 5 is_stmt 1 view .LVU1129
1648:Drivers/STM32WBxx_HAL_Driver/Src/stm32wbxx_hal_rtc.c **** 
 2993              		.loc 1 1648 49 is_stmt 0 view .LVU1130
 2994 0082 496C     		ldr	r1, [r1, #68]
1648:Drivers/STM32WBxx_HAL_Driver/Src/stm32wbxx_hal_rtc.c **** 
 2995              		.loc 1 1648 21 view .LVU1131
 2996 0084 C1F30E01 		ubfx	r1, r1, #0, #15
 2997              	.LVL178:
1651:Drivers/STM32WBxx_HAL_Driver/Src/stm32wbxx_hal_rtc.c ****     sAlarm->AlarmTime.Minutes = (uint8_t)((tmpreg & (RTC_ALRMAR_MNT | RTC_ALRMAR_MNU)) >> 8U);
 2998              		.loc 1 1651 5 is_stmt 1 view .LVU1132
1651:Drivers/STM32WBxx_HAL_Driver/Src/stm32wbxx_hal_rtc.c ****     sAlarm->AlarmTime.Minutes = (uint8_t)((tmpreg & (RTC_ALRMAR_MNT | RTC_ALRMAR_MNU)) >> 8U);
 2999              		.loc 1 1651 31 is_stmt 0 view .LVU1133
 3000 0088 C2F30740 		ubfx	r0, r2, #16, #8
 3001              	.LVL179:
1651:Drivers/STM32WBxx_HAL_Driver/Src/stm32wbxx_hal_rtc.c ****     sAlarm->AlarmTime.Minutes = (uint8_t)((tmpreg & (RTC_ALRMAR_MNT | RTC_ALRMAR_MNU)) >> 8U);
 3002              		.loc 1 1651 31 view .LVU1134
 3003 008c C2F3054C 		ubfx	ip, r2, #16, #6
1651:Drivers/STM32WBxx_HAL_Driver/Src/stm32wbxx_hal_rtc.c ****     sAlarm->AlarmTime.Minutes = (uint8_t)((tmpreg & (RTC_ALRMAR_MNT | RTC_ALRMAR_MNU)) >> 8U);
 3004              		.loc 1 1651 29 view .LVU1135
 3005 0090 84F800C0 		strb	ip, [r4]
1652:Drivers/STM32WBxx_HAL_Driver/Src/stm32wbxx_hal_rtc.c ****     sAlarm->AlarmTime.Seconds = (uint8_t)(tmpreg & (RTC_ALRMAR_ST | RTC_ALRMAR_SU));
 3006              		.loc 1 1652 5 is_stmt 1 view .LVU1136
1652:Drivers/STM32WBxx_HAL_Driver/Src/stm32wbxx_hal_rtc.c ****     sAlarm->AlarmTime.Seconds = (uint8_t)(tmpreg & (RTC_ALRMAR_ST | RTC_ALRMAR_SU));
 3007              		.loc 1 1652 33 is_stmt 0 view .LVU1137
 3008 0094 C2F3062C 		ubfx	ip, r2, #8, #7
1652:Drivers/STM32WBxx_HAL_Driver/Src/stm32wbxx_hal_rtc.c ****     sAlarm->AlarmTime.Seconds = (uint8_t)(tmpreg & (RTC_ALRMAR_ST | RTC_ALRMAR_SU));
 3009              		.loc 1 1652 31 view .LVU1138
 3010 0098 84F801C0 		strb	ip, [r4, #1]
1653:Drivers/STM32WBxx_HAL_Driver/Src/stm32wbxx_hal_rtc.c ****     sAlarm->AlarmTime.TimeFormat = (uint8_t)((tmpreg & RTC_ALRMAR_PM) >> 16U);
 3011              		.loc 1 1653 5 is_stmt 1 view .LVU1139
1653:Drivers/STM32WBxx_HAL_Driver/Src/stm32wbxx_hal_rtc.c ****     sAlarm->AlarmTime.TimeFormat = (uint8_t)((tmpreg & RTC_ALRMAR_PM) >> 16U);
 3012              		.loc 1 1653 33 is_stmt 0 view .LVU1140
 3013 009c 02F07F0C 		and	ip, r2, #127
1653:Drivers/STM32WBxx_HAL_Driver/Src/stm32wbxx_hal_rtc.c ****     sAlarm->AlarmTime.TimeFormat = (uint8_t)((tmpreg & RTC_ALRMAR_PM) >> 16U);
 3014              		.loc 1 1653 31 view .LVU1141
 3015 00a0 84F802C0 		strb	ip, [r4, #2]
1654:Drivers/STM32WBxx_HAL_Driver/Src/stm32wbxx_hal_rtc.c ****     sAlarm->AlarmTime.SubSeconds = (uint32_t) subsecondtmpreg;
 3016              		.loc 1 1654 5 is_stmt 1 view .LVU1142
1654:Drivers/STM32WBxx_HAL_Driver/Src/stm32wbxx_hal_rtc.c ****     sAlarm->AlarmTime.SubSeconds = (uint32_t) subsecondtmpreg;
 3017              		.loc 1 1654 36 is_stmt 0 view .LVU1143
 3018 00a4 00F04000 		and	r0, r0, #64
1654:Drivers/STM32WBxx_HAL_Driver/Src/stm32wbxx_hal_rtc.c ****     sAlarm->AlarmTime.SubSeconds = (uint32_t) subsecondtmpreg;
 3019              		.loc 1 1654 34 view .LVU1144
 3020 00a8 E070     		strb	r0, [r4, #3]
1655:Drivers/STM32WBxx_HAL_Driver/Src/stm32wbxx_hal_rtc.c ****     sAlarm->AlarmDateWeekDay = (uint8_t)((tmpreg & (RTC_ALRMAR_DT | RTC_ALRMAR_DU)) >> 24U);
 3021              		.loc 1 1655 5 is_stmt 1 view .LVU1145
1655:Drivers/STM32WBxx_HAL_Driver/Src/stm32wbxx_hal_rtc.c ****     sAlarm->AlarmDateWeekDay = (uint8_t)((tmpreg & (RTC_ALRMAR_DT | RTC_ALRMAR_DU)) >> 24U);
 3022              		.loc 1 1655 34 is_stmt 0 view .LVU1146
 3023 00aa 6160     		str	r1, [r4, #4]
1656:Drivers/STM32WBxx_HAL_Driver/Src/stm32wbxx_hal_rtc.c ****     sAlarm->AlarmDateWeekDaySel = (uint32_t)(tmpreg & RTC_ALRMAR_WDSEL);
 3024              		.loc 1 1656 5 is_stmt 1 view .LVU1147
1656:Drivers/STM32WBxx_HAL_Driver/Src/stm32wbxx_hal_rtc.c ****     sAlarm->AlarmDateWeekDaySel = (uint32_t)(tmpreg & RTC_ALRMAR_WDSEL);
 3025              		.loc 1 1656 32 is_stmt 0 view .LVU1148
 3026 00ac C2F30561 		ubfx	r1, r2, #24, #6
 3027              	.LVL180:
ARM GAS  C:\Users\843E~1\AppData\Local\Temp\ccZjV6EC.s 			page 104


1656:Drivers/STM32WBxx_HAL_Driver/Src/stm32wbxx_hal_rtc.c ****     sAlarm->AlarmDateWeekDaySel = (uint32_t)(tmpreg & RTC_ALRMAR_WDSEL);
 3028              		.loc 1 1656 30 view .LVU1149
 3029 00b0 84F82010 		strb	r1, [r4, #32]
1657:Drivers/STM32WBxx_HAL_Driver/Src/stm32wbxx_hal_rtc.c ****     sAlarm->AlarmMask = (uint32_t)(tmpreg & RTC_ALARMMASK_ALL);
 3030              		.loc 1 1657 5 is_stmt 1 view .LVU1150
1657:Drivers/STM32WBxx_HAL_Driver/Src/stm32wbxx_hal_rtc.c ****     sAlarm->AlarmMask = (uint32_t)(tmpreg & RTC_ALARMMASK_ALL);
 3031              		.loc 1 1657 35 is_stmt 0 view .LVU1151
 3032 00b4 02F08041 		and	r1, r2, #1073741824
1657:Drivers/STM32WBxx_HAL_Driver/Src/stm32wbxx_hal_rtc.c ****     sAlarm->AlarmMask = (uint32_t)(tmpreg & RTC_ALARMMASK_ALL);
 3033              		.loc 1 1657 33 view .LVU1152
 3034 00b8 E161     		str	r1, [r4, #28]
1658:Drivers/STM32WBxx_HAL_Driver/Src/stm32wbxx_hal_rtc.c ****   }
 3035              		.loc 1 1658 5 is_stmt 1 view .LVU1153
1658:Drivers/STM32WBxx_HAL_Driver/Src/stm32wbxx_hal_rtc.c ****   }
 3036              		.loc 1 1658 25 is_stmt 0 view .LVU1154
 3037 00ba 02F08032 		and	r2, r2, #-2139062144
 3038              	.LVL181:
1658:Drivers/STM32WBxx_HAL_Driver/Src/stm32wbxx_hal_rtc.c ****   }
 3039              		.loc 1 1658 23 view .LVU1155
 3040 00be 6261     		str	r2, [r4, #20]
 3041 00c0 C7E7     		b	.L161
 3042              		.cfi_endproc
 3043              	.LFE966:
 3045              		.text
 3046              	.Letext0:
 3047              		.file 2 "g:\\arm\\10 2021.10\\arm-none-eabi\\include\\machine\\_default_types.h"
 3048              		.file 3 "g:\\arm\\10 2021.10\\arm-none-eabi\\include\\sys\\_stdint.h"
 3049              		.file 4 "Drivers/CMSIS/Device/ST/STM32WBxx/Include/stm32wb55xx.h"
 3050              		.file 5 "Drivers/STM32WBxx_HAL_Driver/Inc/stm32wbxx_hal_def.h"
 3051              		.file 6 "Drivers/STM32WBxx_HAL_Driver/Inc/stm32wbxx_hal_rtc.h"
 3052              		.file 7 "Drivers/STM32WBxx_HAL_Driver/Inc/stm32wbxx_hal.h"
 3053              		.file 8 "Drivers/STM32WBxx_HAL_Driver/Inc/stm32wbxx_hal_rtc_ex.h"
ARM GAS  C:\Users\843E~1\AppData\Local\Temp\ccZjV6EC.s 			page 105


DEFINED SYMBOLS
                            *ABS*:00000000 stm32wbxx_hal_rtc.c
C:\Users\843E~1\AppData\Local\Temp\ccZjV6EC.s:20     .text.HAL_RTC_MspInit:00000000 $t
C:\Users\843E~1\AppData\Local\Temp\ccZjV6EC.s:26     .text.HAL_RTC_MspInit:00000000 HAL_RTC_MspInit
C:\Users\843E~1\AppData\Local\Temp\ccZjV6EC.s:42     .text.HAL_RTC_MspDeInit:00000000 $t
C:\Users\843E~1\AppData\Local\Temp\ccZjV6EC.s:48     .text.HAL_RTC_MspDeInit:00000000 HAL_RTC_MspDeInit
C:\Users\843E~1\AppData\Local\Temp\ccZjV6EC.s:63     .text.HAL_RTC_DST_Add1Hour:00000000 $t
C:\Users\843E~1\AppData\Local\Temp\ccZjV6EC.s:69     .text.HAL_RTC_DST_Add1Hour:00000000 HAL_RTC_DST_Add1Hour
C:\Users\843E~1\AppData\Local\Temp\ccZjV6EC.s:104    .text.HAL_RTC_DST_Add1Hour:00000020 $d
C:\Users\843E~1\AppData\Local\Temp\ccZjV6EC.s:109    .text.HAL_RTC_DST_Sub1Hour:00000000 $t
C:\Users\843E~1\AppData\Local\Temp\ccZjV6EC.s:115    .text.HAL_RTC_DST_Sub1Hour:00000000 HAL_RTC_DST_Sub1Hour
C:\Users\843E~1\AppData\Local\Temp\ccZjV6EC.s:150    .text.HAL_RTC_DST_Sub1Hour:00000020 $d
C:\Users\843E~1\AppData\Local\Temp\ccZjV6EC.s:155    .text.HAL_RTC_DST_SetStoreOperation:00000000 $t
C:\Users\843E~1\AppData\Local\Temp\ccZjV6EC.s:161    .text.HAL_RTC_DST_SetStoreOperation:00000000 HAL_RTC_DST_SetStoreOperation
C:\Users\843E~1\AppData\Local\Temp\ccZjV6EC.s:196    .text.HAL_RTC_DST_SetStoreOperation:00000020 $d
C:\Users\843E~1\AppData\Local\Temp\ccZjV6EC.s:201    .text.HAL_RTC_DST_ClearStoreOperation:00000000 $t
C:\Users\843E~1\AppData\Local\Temp\ccZjV6EC.s:207    .text.HAL_RTC_DST_ClearStoreOperation:00000000 HAL_RTC_DST_ClearStoreOperation
C:\Users\843E~1\AppData\Local\Temp\ccZjV6EC.s:242    .text.HAL_RTC_DST_ClearStoreOperation:00000020 $d
C:\Users\843E~1\AppData\Local\Temp\ccZjV6EC.s:247    .text.HAL_RTC_DST_ReadStoreOperation:00000000 $t
C:\Users\843E~1\AppData\Local\Temp\ccZjV6EC.s:253    .text.HAL_RTC_DST_ReadStoreOperation:00000000 HAL_RTC_DST_ReadStoreOperation
C:\Users\843E~1\AppData\Local\Temp\ccZjV6EC.s:273    .text.HAL_RTC_DST_ReadStoreOperation:0000000c $d
C:\Users\843E~1\AppData\Local\Temp\ccZjV6EC.s:278    .text.HAL_RTC_DeactivateAlarm:00000000 $t
C:\Users\843E~1\AppData\Local\Temp\ccZjV6EC.s:284    .text.HAL_RTC_DeactivateAlarm:00000000 HAL_RTC_DeactivateAlarm
C:\Users\843E~1\AppData\Local\Temp\ccZjV6EC.s:469    .text.HAL_RTC_AlarmAEventCallback:00000000 $t
C:\Users\843E~1\AppData\Local\Temp\ccZjV6EC.s:475    .text.HAL_RTC_AlarmAEventCallback:00000000 HAL_RTC_AlarmAEventCallback
C:\Users\843E~1\AppData\Local\Temp\ccZjV6EC.s:490    .text.HAL_RTC_AlarmIRQHandler:00000000 $t
C:\Users\843E~1\AppData\Local\Temp\ccZjV6EC.s:496    .text.HAL_RTC_AlarmIRQHandler:00000000 HAL_RTC_AlarmIRQHandler
C:\Users\843E~1\AppData\Local\Temp\ccZjV6EC.s:576    .text.HAL_RTC_AlarmIRQHandler:00000060 $d
C:\Users\843E~1\AppData\Local\Temp\ccZjV6EC.s:581    .text.HAL_RTC_PollForAlarmAEvent:00000000 $t
C:\Users\843E~1\AppData\Local\Temp\ccZjV6EC.s:587    .text.HAL_RTC_PollForAlarmAEvent:00000000 HAL_RTC_PollForAlarmAEvent
C:\Users\843E~1\AppData\Local\Temp\ccZjV6EC.s:665    .text.HAL_RTC_WaitForSynchro:00000000 $t
C:\Users\843E~1\AppData\Local\Temp\ccZjV6EC.s:671    .text.HAL_RTC_WaitForSynchro:00000000 HAL_RTC_WaitForSynchro
C:\Users\843E~1\AppData\Local\Temp\ccZjV6EC.s:735    .text.HAL_RTC_GetState:00000000 $t
C:\Users\843E~1\AppData\Local\Temp\ccZjV6EC.s:741    .text.HAL_RTC_GetState:00000000 HAL_RTC_GetState
C:\Users\843E~1\AppData\Local\Temp\ccZjV6EC.s:759    .text.RTC_EnterInitMode:00000000 $t
C:\Users\843E~1\AppData\Local\Temp\ccZjV6EC.s:765    .text.RTC_EnterInitMode:00000000 RTC_EnterInitMode
C:\Users\843E~1\AppData\Local\Temp\ccZjV6EC.s:840    .text.HAL_RTC_Init:00000000 $t
C:\Users\843E~1\AppData\Local\Temp\ccZjV6EC.s:846    .text.HAL_RTC_Init:00000000 HAL_RTC_Init
C:\Users\843E~1\AppData\Local\Temp\ccZjV6EC.s:1079   .text.HAL_RTC_Init:000000e0 $d
C:\Users\843E~1\AppData\Local\Temp\ccZjV6EC.s:1084   .text.HAL_RTC_DeInit:00000000 $t
C:\Users\843E~1\AppData\Local\Temp\ccZjV6EC.s:1090   .text.HAL_RTC_DeInit:00000000 HAL_RTC_DeInit
C:\Users\843E~1\AppData\Local\Temp\ccZjV6EC.s:1324   .text.HAL_RTC_DeInit:000000e4 $d
C:\Users\843E~1\AppData\Local\Temp\ccZjV6EC.s:1329   .text.RTC_ByteToBcd2:00000000 $t
C:\Users\843E~1\AppData\Local\Temp\ccZjV6EC.s:1335   .text.RTC_ByteToBcd2:00000000 RTC_ByteToBcd2
C:\Users\843E~1\AppData\Local\Temp\ccZjV6EC.s:1382   .text.HAL_RTC_SetTime:00000000 $t
C:\Users\843E~1\AppData\Local\Temp\ccZjV6EC.s:1388   .text.HAL_RTC_SetTime:00000000 HAL_RTC_SetTime
C:\Users\843E~1\AppData\Local\Temp\ccZjV6EC.s:1655   .text.HAL_RTC_SetDate:00000000 $t
C:\Users\843E~1\AppData\Local\Temp\ccZjV6EC.s:1661   .text.HAL_RTC_SetDate:00000000 HAL_RTC_SetDate
C:\Users\843E~1\AppData\Local\Temp\ccZjV6EC.s:1896   .text.HAL_RTC_SetAlarm:00000000 $t
C:\Users\843E~1\AppData\Local\Temp\ccZjV6EC.s:1902   .text.HAL_RTC_SetAlarm:00000000 HAL_RTC_SetAlarm
C:\Users\843E~1\AppData\Local\Temp\ccZjV6EC.s:2250   .text.HAL_RTC_SetAlarm_IT:00000000 $t
C:\Users\843E~1\AppData\Local\Temp\ccZjV6EC.s:2256   .text.HAL_RTC_SetAlarm_IT:00000000 HAL_RTC_SetAlarm_IT
C:\Users\843E~1\AppData\Local\Temp\ccZjV6EC.s:2624   .text.HAL_RTC_SetAlarm_IT:000001a0 $d
C:\Users\843E~1\AppData\Local\Temp\ccZjV6EC.s:2629   .text.RTC_Bcd2ToByte:00000000 $t
C:\Users\843E~1\AppData\Local\Temp\ccZjV6EC.s:2635   .text.RTC_Bcd2ToByte:00000000 RTC_Bcd2ToByte
C:\Users\843E~1\AppData\Local\Temp\ccZjV6EC.s:2663   .text.HAL_RTC_GetTime:00000000 $t
C:\Users\843E~1\AppData\Local\Temp\ccZjV6EC.s:2669   .text.HAL_RTC_GetTime:00000000 HAL_RTC_GetTime
ARM GAS  C:\Users\843E~1\AppData\Local\Temp\ccZjV6EC.s 			page 106


C:\Users\843E~1\AppData\Local\Temp\ccZjV6EC.s:2767   .text.HAL_RTC_GetDate:00000000 $t
C:\Users\843E~1\AppData\Local\Temp\ccZjV6EC.s:2773   .text.HAL_RTC_GetDate:00000000 HAL_RTC_GetDate
C:\Users\843E~1\AppData\Local\Temp\ccZjV6EC.s:2852   .text.HAL_RTC_GetAlarm:00000000 $t
C:\Users\843E~1\AppData\Local\Temp\ccZjV6EC.s:2858   .text.HAL_RTC_GetAlarm:00000000 HAL_RTC_GetAlarm

UNDEFINED SYMBOLS
HAL_GetTick
HAL_RTCEx_AlarmBEventCallback
