ARM GAS  C:\Users\843E~1\AppData\Local\Temp\ccQhwJ9j.s 			page 1


   1              		.cpu cortex-m4
   2              		.arch armv7e-m
   3              		.fpu fpv4-sp-d16
   4              		.eabi_attribute 27, 1
   5              		.eabi_attribute 28, 1
   6              		.eabi_attribute 20, 1
   7              		.eabi_attribute 21, 1
   8              		.eabi_attribute 23, 3
   9              		.eabi_attribute 24, 1
  10              		.eabi_attribute 25, 1
  11              		.eabi_attribute 26, 1
  12              		.eabi_attribute 30, 1
  13              		.eabi_attribute 34, 1
  14              		.eabi_attribute 18, 4
  15              		.file	"stm32wbxx_hal_dma.c"
  16              		.text
  17              	.Ltext0:
  18              		.cfi_sections	.debug_frame
  19              		.section	.text.DMA_SetConfig,"ax",%progbits
  20              		.align	1
  21              		.syntax unified
  22              		.thumb
  23              		.thumb_func
  25              	DMA_SetConfig:
  26              	.LVL0:
  27              	.LFB962:
  28              		.file 1 "Drivers/STM32WBxx_HAL_Driver/Src/stm32wbxx_hal_dma.c"
   1:Drivers/STM32WBxx_HAL_Driver/Src/stm32wbxx_hal_dma.c **** /**
   2:Drivers/STM32WBxx_HAL_Driver/Src/stm32wbxx_hal_dma.c ****   ******************************************************************************
   3:Drivers/STM32WBxx_HAL_Driver/Src/stm32wbxx_hal_dma.c ****   * @file    stm32wbxx_hal_dma.c
   4:Drivers/STM32WBxx_HAL_Driver/Src/stm32wbxx_hal_dma.c ****   * @author  MCD Application Team
   5:Drivers/STM32WBxx_HAL_Driver/Src/stm32wbxx_hal_dma.c ****   * @brief   DMA HAL module driver.
   6:Drivers/STM32WBxx_HAL_Driver/Src/stm32wbxx_hal_dma.c ****   *         This file provides firmware functions to manage the following
   7:Drivers/STM32WBxx_HAL_Driver/Src/stm32wbxx_hal_dma.c ****   *         functionalities of the Direct Memory Access (DMA) peripheral:
   8:Drivers/STM32WBxx_HAL_Driver/Src/stm32wbxx_hal_dma.c ****   *           + Initialization and de-initialization functions
   9:Drivers/STM32WBxx_HAL_Driver/Src/stm32wbxx_hal_dma.c ****   *           + IO operation functions
  10:Drivers/STM32WBxx_HAL_Driver/Src/stm32wbxx_hal_dma.c ****   *           + Peripheral State and errors functions
  11:Drivers/STM32WBxx_HAL_Driver/Src/stm32wbxx_hal_dma.c ****   ******************************************************************************
  12:Drivers/STM32WBxx_HAL_Driver/Src/stm32wbxx_hal_dma.c ****   * @attention
  13:Drivers/STM32WBxx_HAL_Driver/Src/stm32wbxx_hal_dma.c ****   *
  14:Drivers/STM32WBxx_HAL_Driver/Src/stm32wbxx_hal_dma.c ****   * Copyright (c) 2019 STMicroelectronics.
  15:Drivers/STM32WBxx_HAL_Driver/Src/stm32wbxx_hal_dma.c ****   * All rights reserved.
  16:Drivers/STM32WBxx_HAL_Driver/Src/stm32wbxx_hal_dma.c ****   *
  17:Drivers/STM32WBxx_HAL_Driver/Src/stm32wbxx_hal_dma.c ****   * This software is licensed under terms that can be found in the LICENSE file
  18:Drivers/STM32WBxx_HAL_Driver/Src/stm32wbxx_hal_dma.c ****   * in the root directory of this software component.
  19:Drivers/STM32WBxx_HAL_Driver/Src/stm32wbxx_hal_dma.c ****   * If no LICENSE file comes with this software, it is provided AS-IS.
  20:Drivers/STM32WBxx_HAL_Driver/Src/stm32wbxx_hal_dma.c ****   *
  21:Drivers/STM32WBxx_HAL_Driver/Src/stm32wbxx_hal_dma.c ****   ******************************************************************************
  22:Drivers/STM32WBxx_HAL_Driver/Src/stm32wbxx_hal_dma.c ****   @verbatim
  23:Drivers/STM32WBxx_HAL_Driver/Src/stm32wbxx_hal_dma.c ****   ==============================================================================
  24:Drivers/STM32WBxx_HAL_Driver/Src/stm32wbxx_hal_dma.c ****                         ##### How to use this driver #####
  25:Drivers/STM32WBxx_HAL_Driver/Src/stm32wbxx_hal_dma.c ****   ==============================================================================
  26:Drivers/STM32WBxx_HAL_Driver/Src/stm32wbxx_hal_dma.c ****   [..]
  27:Drivers/STM32WBxx_HAL_Driver/Src/stm32wbxx_hal_dma.c ****    (#) Enable and configure the peripheral to be connected to the DMA Channel
  28:Drivers/STM32WBxx_HAL_Driver/Src/stm32wbxx_hal_dma.c ****        (except for internal SRAM / FLASH memories: no initialization is
  29:Drivers/STM32WBxx_HAL_Driver/Src/stm32wbxx_hal_dma.c ****        necessary). Please refer to the Reference manual for connection between peripherals
  30:Drivers/STM32WBxx_HAL_Driver/Src/stm32wbxx_hal_dma.c ****        and DMA requests.
ARM GAS  C:\Users\843E~1\AppData\Local\Temp\ccQhwJ9j.s 			page 2


  31:Drivers/STM32WBxx_HAL_Driver/Src/stm32wbxx_hal_dma.c **** 
  32:Drivers/STM32WBxx_HAL_Driver/Src/stm32wbxx_hal_dma.c ****    (#) For a given Channel, program the required configuration through the following parameters:
  33:Drivers/STM32WBxx_HAL_Driver/Src/stm32wbxx_hal_dma.c ****        Channel request, Transfer Direction, Source and Destination data formats,
  34:Drivers/STM32WBxx_HAL_Driver/Src/stm32wbxx_hal_dma.c ****        Circular or Normal mode, Channel Priority level, Source and Destination Increment mode
  35:Drivers/STM32WBxx_HAL_Driver/Src/stm32wbxx_hal_dma.c ****        using HAL_DMA_Init() function.
  36:Drivers/STM32WBxx_HAL_Driver/Src/stm32wbxx_hal_dma.c **** 
  37:Drivers/STM32WBxx_HAL_Driver/Src/stm32wbxx_hal_dma.c ****        Prior to HAL_DMA_Init the peripheral clock shall be enabled for both DMA & DMAMUX
  38:Drivers/STM32WBxx_HAL_Driver/Src/stm32wbxx_hal_dma.c ****        thanks to:
  39:Drivers/STM32WBxx_HAL_Driver/Src/stm32wbxx_hal_dma.c ****       (##) DMA1 or DMA2: __HAL_RCC_DMA1_CLK_ENABLE() or  __HAL_RCC_DMA2_CLK_ENABLE() ;
  40:Drivers/STM32WBxx_HAL_Driver/Src/stm32wbxx_hal_dma.c ****       (##) DMAMUX1:      __HAL_RCC_DMAMUX1_CLK_ENABLE();
  41:Drivers/STM32WBxx_HAL_Driver/Src/stm32wbxx_hal_dma.c **** 
  42:Drivers/STM32WBxx_HAL_Driver/Src/stm32wbxx_hal_dma.c ****    (#) Use HAL_DMA_GetState() function to return the DMA state and HAL_DMA_GetError() in case of er
  43:Drivers/STM32WBxx_HAL_Driver/Src/stm32wbxx_hal_dma.c ****        detection.
  44:Drivers/STM32WBxx_HAL_Driver/Src/stm32wbxx_hal_dma.c **** 
  45:Drivers/STM32WBxx_HAL_Driver/Src/stm32wbxx_hal_dma.c ****    (#) Use HAL_DMA_Abort() function to abort the current transfer
  46:Drivers/STM32WBxx_HAL_Driver/Src/stm32wbxx_hal_dma.c **** 
  47:Drivers/STM32WBxx_HAL_Driver/Src/stm32wbxx_hal_dma.c ****      -@-   In Memory-to-Memory transfer mode, Circular mode is not allowed.
  48:Drivers/STM32WBxx_HAL_Driver/Src/stm32wbxx_hal_dma.c **** 
  49:Drivers/STM32WBxx_HAL_Driver/Src/stm32wbxx_hal_dma.c ****      *** Polling mode IO operation ***
  50:Drivers/STM32WBxx_HAL_Driver/Src/stm32wbxx_hal_dma.c ****      =================================
  51:Drivers/STM32WBxx_HAL_Driver/Src/stm32wbxx_hal_dma.c ****     [..]
  52:Drivers/STM32WBxx_HAL_Driver/Src/stm32wbxx_hal_dma.c ****           (+) Use HAL_DMA_Start() to start DMA transfer after the configuration of Source
  53:Drivers/STM32WBxx_HAL_Driver/Src/stm32wbxx_hal_dma.c ****               address and destination address and the Length of data to be transferred
  54:Drivers/STM32WBxx_HAL_Driver/Src/stm32wbxx_hal_dma.c ****           (+) Use HAL_DMA_PollForTransfer() to poll for the end of current transfer, in this
  55:Drivers/STM32WBxx_HAL_Driver/Src/stm32wbxx_hal_dma.c ****               case a fixed Timeout can be configured by User depending from his application.
  56:Drivers/STM32WBxx_HAL_Driver/Src/stm32wbxx_hal_dma.c **** 
  57:Drivers/STM32WBxx_HAL_Driver/Src/stm32wbxx_hal_dma.c ****      *** Interrupt mode IO operation ***
  58:Drivers/STM32WBxx_HAL_Driver/Src/stm32wbxx_hal_dma.c ****      ===================================
  59:Drivers/STM32WBxx_HAL_Driver/Src/stm32wbxx_hal_dma.c ****     [..]
  60:Drivers/STM32WBxx_HAL_Driver/Src/stm32wbxx_hal_dma.c ****           (+) Configure the DMA interrupt priority using HAL_NVIC_SetPriority()
  61:Drivers/STM32WBxx_HAL_Driver/Src/stm32wbxx_hal_dma.c ****           (+) Enable the DMA IRQ handler using HAL_NVIC_EnableIRQ()
  62:Drivers/STM32WBxx_HAL_Driver/Src/stm32wbxx_hal_dma.c ****           (+) Use HAL_DMA_Start_IT() to start DMA transfer after the configuration of
  63:Drivers/STM32WBxx_HAL_Driver/Src/stm32wbxx_hal_dma.c ****               Source address and destination address and the Length of data to be transferred.
  64:Drivers/STM32WBxx_HAL_Driver/Src/stm32wbxx_hal_dma.c ****               In this case the DMA interrupt is configured
  65:Drivers/STM32WBxx_HAL_Driver/Src/stm32wbxx_hal_dma.c ****           (+) Use HAL_DMA_IRQHandler() called under DMA_IRQHandler() Interrupt subroutine
  66:Drivers/STM32WBxx_HAL_Driver/Src/stm32wbxx_hal_dma.c ****           (+) At the end of data transfer HAL_DMA_IRQHandler() function is executed and user can
  67:Drivers/STM32WBxx_HAL_Driver/Src/stm32wbxx_hal_dma.c ****               add his own function to register callbacks with HAL_DMA_RegisterCallback().
  68:Drivers/STM32WBxx_HAL_Driver/Src/stm32wbxx_hal_dma.c **** 
  69:Drivers/STM32WBxx_HAL_Driver/Src/stm32wbxx_hal_dma.c ****      *** DMA HAL driver macros list ***
  70:Drivers/STM32WBxx_HAL_Driver/Src/stm32wbxx_hal_dma.c ****      =============================================
  71:Drivers/STM32WBxx_HAL_Driver/Src/stm32wbxx_hal_dma.c ****       [..]
  72:Drivers/STM32WBxx_HAL_Driver/Src/stm32wbxx_hal_dma.c ****        Below the list of macros in DMA HAL driver.
  73:Drivers/STM32WBxx_HAL_Driver/Src/stm32wbxx_hal_dma.c **** 
  74:Drivers/STM32WBxx_HAL_Driver/Src/stm32wbxx_hal_dma.c ****        (+) __HAL_DMA_ENABLE: Enable the specified DMA Channel.
  75:Drivers/STM32WBxx_HAL_Driver/Src/stm32wbxx_hal_dma.c ****        (+) __HAL_DMA_DISABLE: Disable the specified DMA Channel.
  76:Drivers/STM32WBxx_HAL_Driver/Src/stm32wbxx_hal_dma.c ****        (+) __HAL_DMA_GET_FLAG: Get the DMA Channel pending flags.
  77:Drivers/STM32WBxx_HAL_Driver/Src/stm32wbxx_hal_dma.c ****        (+) __HAL_DMA_CLEAR_FLAG: Clear the DMA Channel pending flags.
  78:Drivers/STM32WBxx_HAL_Driver/Src/stm32wbxx_hal_dma.c ****        (+) __HAL_DMA_ENABLE_IT: Enable the specified DMA Channel interrupts.
  79:Drivers/STM32WBxx_HAL_Driver/Src/stm32wbxx_hal_dma.c ****        (+) __HAL_DMA_DISABLE_IT: Disable the specified DMA Channel interrupts.
  80:Drivers/STM32WBxx_HAL_Driver/Src/stm32wbxx_hal_dma.c ****        (+) __HAL_DMA_GET_IT_SOURCE: Check whether the specified DMA Channel interrupt is enabled or
  81:Drivers/STM32WBxx_HAL_Driver/Src/stm32wbxx_hal_dma.c **** 
  82:Drivers/STM32WBxx_HAL_Driver/Src/stm32wbxx_hal_dma.c ****      [..]
  83:Drivers/STM32WBxx_HAL_Driver/Src/stm32wbxx_hal_dma.c ****       (@) You can refer to the DMA HAL driver header file for more useful macros
  84:Drivers/STM32WBxx_HAL_Driver/Src/stm32wbxx_hal_dma.c **** 
  85:Drivers/STM32WBxx_HAL_Driver/Src/stm32wbxx_hal_dma.c ****   @endverbatim
  86:Drivers/STM32WBxx_HAL_Driver/Src/stm32wbxx_hal_dma.c ****   ******************************************************************************
  87:Drivers/STM32WBxx_HAL_Driver/Src/stm32wbxx_hal_dma.c ****   */
ARM GAS  C:\Users\843E~1\AppData\Local\Temp\ccQhwJ9j.s 			page 3


  88:Drivers/STM32WBxx_HAL_Driver/Src/stm32wbxx_hal_dma.c **** 
  89:Drivers/STM32WBxx_HAL_Driver/Src/stm32wbxx_hal_dma.c **** /* Includes ------------------------------------------------------------------*/
  90:Drivers/STM32WBxx_HAL_Driver/Src/stm32wbxx_hal_dma.c **** #include "stm32wbxx_hal.h"
  91:Drivers/STM32WBxx_HAL_Driver/Src/stm32wbxx_hal_dma.c **** 
  92:Drivers/STM32WBxx_HAL_Driver/Src/stm32wbxx_hal_dma.c **** /** @addtogroup STM32WBxx_HAL_Driver
  93:Drivers/STM32WBxx_HAL_Driver/Src/stm32wbxx_hal_dma.c ****   * @{
  94:Drivers/STM32WBxx_HAL_Driver/Src/stm32wbxx_hal_dma.c ****   */
  95:Drivers/STM32WBxx_HAL_Driver/Src/stm32wbxx_hal_dma.c **** 
  96:Drivers/STM32WBxx_HAL_Driver/Src/stm32wbxx_hal_dma.c **** /** @defgroup DMA DMA
  97:Drivers/STM32WBxx_HAL_Driver/Src/stm32wbxx_hal_dma.c ****   * @brief DMA HAL module driver
  98:Drivers/STM32WBxx_HAL_Driver/Src/stm32wbxx_hal_dma.c ****   * @{
  99:Drivers/STM32WBxx_HAL_Driver/Src/stm32wbxx_hal_dma.c ****   */
 100:Drivers/STM32WBxx_HAL_Driver/Src/stm32wbxx_hal_dma.c **** 
 101:Drivers/STM32WBxx_HAL_Driver/Src/stm32wbxx_hal_dma.c **** #ifdef HAL_DMA_MODULE_ENABLED
 102:Drivers/STM32WBxx_HAL_Driver/Src/stm32wbxx_hal_dma.c **** 
 103:Drivers/STM32WBxx_HAL_Driver/Src/stm32wbxx_hal_dma.c **** /* Private typedef -----------------------------------------------------------*/
 104:Drivers/STM32WBxx_HAL_Driver/Src/stm32wbxx_hal_dma.c **** /* Private define ------------------------------------------------------------*/
 105:Drivers/STM32WBxx_HAL_Driver/Src/stm32wbxx_hal_dma.c **** /* Private macro -------------------------------------------------------------*/
 106:Drivers/STM32WBxx_HAL_Driver/Src/stm32wbxx_hal_dma.c **** /* Private variables ---------------------------------------------------------*/
 107:Drivers/STM32WBxx_HAL_Driver/Src/stm32wbxx_hal_dma.c **** /* Private function prototypes -----------------------------------------------*/
 108:Drivers/STM32WBxx_HAL_Driver/Src/stm32wbxx_hal_dma.c **** /** @defgroup DMA_Private_Functions DMA Private Functions
 109:Drivers/STM32WBxx_HAL_Driver/Src/stm32wbxx_hal_dma.c ****   * @{
 110:Drivers/STM32WBxx_HAL_Driver/Src/stm32wbxx_hal_dma.c ****   */
 111:Drivers/STM32WBxx_HAL_Driver/Src/stm32wbxx_hal_dma.c **** static void DMA_SetConfig(DMA_HandleTypeDef *hdma, uint32_t SrcAddress, uint32_t DstAddress, uint32
 112:Drivers/STM32WBxx_HAL_Driver/Src/stm32wbxx_hal_dma.c **** static void DMA_CalcDMAMUXChannelBaseAndMask(DMA_HandleTypeDef *hdma);
 113:Drivers/STM32WBxx_HAL_Driver/Src/stm32wbxx_hal_dma.c **** static void DMA_CalcDMAMUXRequestGenBaseAndMask(DMA_HandleTypeDef *hdma);
 114:Drivers/STM32WBxx_HAL_Driver/Src/stm32wbxx_hal_dma.c **** 
 115:Drivers/STM32WBxx_HAL_Driver/Src/stm32wbxx_hal_dma.c **** /**
 116:Drivers/STM32WBxx_HAL_Driver/Src/stm32wbxx_hal_dma.c ****   * @}
 117:Drivers/STM32WBxx_HAL_Driver/Src/stm32wbxx_hal_dma.c ****   */
 118:Drivers/STM32WBxx_HAL_Driver/Src/stm32wbxx_hal_dma.c **** 
 119:Drivers/STM32WBxx_HAL_Driver/Src/stm32wbxx_hal_dma.c **** /* Exported functions ---------------------------------------------------------*/
 120:Drivers/STM32WBxx_HAL_Driver/Src/stm32wbxx_hal_dma.c **** 
 121:Drivers/STM32WBxx_HAL_Driver/Src/stm32wbxx_hal_dma.c **** /** @defgroup DMA_Exported_Functions DMA Exported Functions
 122:Drivers/STM32WBxx_HAL_Driver/Src/stm32wbxx_hal_dma.c ****   * @{
 123:Drivers/STM32WBxx_HAL_Driver/Src/stm32wbxx_hal_dma.c ****   */
 124:Drivers/STM32WBxx_HAL_Driver/Src/stm32wbxx_hal_dma.c **** 
 125:Drivers/STM32WBxx_HAL_Driver/Src/stm32wbxx_hal_dma.c **** /** @defgroup DMA_Exported_Functions_Group1 Initialization and de-initialization functions
 126:Drivers/STM32WBxx_HAL_Driver/Src/stm32wbxx_hal_dma.c ****   *  @brief   Initialization and de-initialization functions
 127:Drivers/STM32WBxx_HAL_Driver/Src/stm32wbxx_hal_dma.c ****   *
 128:Drivers/STM32WBxx_HAL_Driver/Src/stm32wbxx_hal_dma.c **** @verbatim
 129:Drivers/STM32WBxx_HAL_Driver/Src/stm32wbxx_hal_dma.c ****  ===============================================================================
 130:Drivers/STM32WBxx_HAL_Driver/Src/stm32wbxx_hal_dma.c ****              ##### Initialization and de-initialization functions  #####
 131:Drivers/STM32WBxx_HAL_Driver/Src/stm32wbxx_hal_dma.c ****  ===============================================================================
 132:Drivers/STM32WBxx_HAL_Driver/Src/stm32wbxx_hal_dma.c ****     [..]
 133:Drivers/STM32WBxx_HAL_Driver/Src/stm32wbxx_hal_dma.c ****     This section provides functions allowing to initialize the DMA Channel source
 134:Drivers/STM32WBxx_HAL_Driver/Src/stm32wbxx_hal_dma.c ****     and destination addresses, incrementation and data sizes, transfer direction,
 135:Drivers/STM32WBxx_HAL_Driver/Src/stm32wbxx_hal_dma.c ****     circular/normal mode selection, memory-to-memory mode selection and Channel priority value.
 136:Drivers/STM32WBxx_HAL_Driver/Src/stm32wbxx_hal_dma.c ****     [..]
 137:Drivers/STM32WBxx_HAL_Driver/Src/stm32wbxx_hal_dma.c ****     The HAL_DMA_Init() function follows the DMA configuration procedures as described in
 138:Drivers/STM32WBxx_HAL_Driver/Src/stm32wbxx_hal_dma.c ****     reference manual.
 139:Drivers/STM32WBxx_HAL_Driver/Src/stm32wbxx_hal_dma.c **** 
 140:Drivers/STM32WBxx_HAL_Driver/Src/stm32wbxx_hal_dma.c **** @endverbatim
 141:Drivers/STM32WBxx_HAL_Driver/Src/stm32wbxx_hal_dma.c ****   * @{
 142:Drivers/STM32WBxx_HAL_Driver/Src/stm32wbxx_hal_dma.c ****   */
 143:Drivers/STM32WBxx_HAL_Driver/Src/stm32wbxx_hal_dma.c **** 
 144:Drivers/STM32WBxx_HAL_Driver/Src/stm32wbxx_hal_dma.c **** /**
ARM GAS  C:\Users\843E~1\AppData\Local\Temp\ccQhwJ9j.s 			page 4


 145:Drivers/STM32WBxx_HAL_Driver/Src/stm32wbxx_hal_dma.c ****   * @brief  Initialize the DMA according to the specified
 146:Drivers/STM32WBxx_HAL_Driver/Src/stm32wbxx_hal_dma.c ****   *         parameters in the DMA_InitTypeDef and initialize the associated handle.
 147:Drivers/STM32WBxx_HAL_Driver/Src/stm32wbxx_hal_dma.c ****   * @param hdma Pointer to a DMA_HandleTypeDef structure that contains
 148:Drivers/STM32WBxx_HAL_Driver/Src/stm32wbxx_hal_dma.c ****   *               the configuration information for the specified DMA Channel.
 149:Drivers/STM32WBxx_HAL_Driver/Src/stm32wbxx_hal_dma.c ****   * @retval HAL status
 150:Drivers/STM32WBxx_HAL_Driver/Src/stm32wbxx_hal_dma.c ****   */
 151:Drivers/STM32WBxx_HAL_Driver/Src/stm32wbxx_hal_dma.c **** HAL_StatusTypeDef HAL_DMA_Init(DMA_HandleTypeDef *hdma)
 152:Drivers/STM32WBxx_HAL_Driver/Src/stm32wbxx_hal_dma.c **** {
 153:Drivers/STM32WBxx_HAL_Driver/Src/stm32wbxx_hal_dma.c ****   uint32_t tmp;
 154:Drivers/STM32WBxx_HAL_Driver/Src/stm32wbxx_hal_dma.c **** 
 155:Drivers/STM32WBxx_HAL_Driver/Src/stm32wbxx_hal_dma.c ****   /* Check the DMA handle allocation */
 156:Drivers/STM32WBxx_HAL_Driver/Src/stm32wbxx_hal_dma.c ****   if (hdma == NULL)
 157:Drivers/STM32WBxx_HAL_Driver/Src/stm32wbxx_hal_dma.c ****   {
 158:Drivers/STM32WBxx_HAL_Driver/Src/stm32wbxx_hal_dma.c ****     return HAL_ERROR;
 159:Drivers/STM32WBxx_HAL_Driver/Src/stm32wbxx_hal_dma.c ****   }
 160:Drivers/STM32WBxx_HAL_Driver/Src/stm32wbxx_hal_dma.c **** 
 161:Drivers/STM32WBxx_HAL_Driver/Src/stm32wbxx_hal_dma.c ****   /* Check the parameters */
 162:Drivers/STM32WBxx_HAL_Driver/Src/stm32wbxx_hal_dma.c ****   assert_param(IS_DMA_ALL_INSTANCE(hdma->Instance));
 163:Drivers/STM32WBxx_HAL_Driver/Src/stm32wbxx_hal_dma.c ****   assert_param(IS_DMA_DIRECTION(hdma->Init.Direction));
 164:Drivers/STM32WBxx_HAL_Driver/Src/stm32wbxx_hal_dma.c ****   assert_param(IS_DMA_PERIPHERAL_INC_STATE(hdma->Init.PeriphInc));
 165:Drivers/STM32WBxx_HAL_Driver/Src/stm32wbxx_hal_dma.c ****   assert_param(IS_DMA_MEMORY_INC_STATE(hdma->Init.MemInc));
 166:Drivers/STM32WBxx_HAL_Driver/Src/stm32wbxx_hal_dma.c ****   assert_param(IS_DMA_PERIPHERAL_DATA_SIZE(hdma->Init.PeriphDataAlignment));
 167:Drivers/STM32WBxx_HAL_Driver/Src/stm32wbxx_hal_dma.c ****   assert_param(IS_DMA_MEMORY_DATA_SIZE(hdma->Init.MemDataAlignment));
 168:Drivers/STM32WBxx_HAL_Driver/Src/stm32wbxx_hal_dma.c ****   assert_param(IS_DMA_MODE(hdma->Init.Mode));
 169:Drivers/STM32WBxx_HAL_Driver/Src/stm32wbxx_hal_dma.c ****   assert_param(IS_DMA_PRIORITY(hdma->Init.Priority));
 170:Drivers/STM32WBxx_HAL_Driver/Src/stm32wbxx_hal_dma.c **** 
 171:Drivers/STM32WBxx_HAL_Driver/Src/stm32wbxx_hal_dma.c ****   assert_param(IS_DMA_ALL_REQUEST(hdma->Init.Request));
 172:Drivers/STM32WBxx_HAL_Driver/Src/stm32wbxx_hal_dma.c **** 
 173:Drivers/STM32WBxx_HAL_Driver/Src/stm32wbxx_hal_dma.c **** #if defined(DMA2)
 174:Drivers/STM32WBxx_HAL_Driver/Src/stm32wbxx_hal_dma.c ****   /* Compute the channel index */
 175:Drivers/STM32WBxx_HAL_Driver/Src/stm32wbxx_hal_dma.c ****   if ((uint32_t)(hdma->Instance) < (uint32_t)(DMA2_Channel1))
 176:Drivers/STM32WBxx_HAL_Driver/Src/stm32wbxx_hal_dma.c ****   {
 177:Drivers/STM32WBxx_HAL_Driver/Src/stm32wbxx_hal_dma.c ****     /* DMA1 */
 178:Drivers/STM32WBxx_HAL_Driver/Src/stm32wbxx_hal_dma.c ****     hdma->ChannelIndex = (((uint32_t)hdma->Instance - (uint32_t)DMA1_Channel1) / ((uint32_t)DMA1_Ch
 179:Drivers/STM32WBxx_HAL_Driver/Src/stm32wbxx_hal_dma.c ****     hdma->DmaBaseAddress = DMA1;
 180:Drivers/STM32WBxx_HAL_Driver/Src/stm32wbxx_hal_dma.c ****   }
 181:Drivers/STM32WBxx_HAL_Driver/Src/stm32wbxx_hal_dma.c ****   else
 182:Drivers/STM32WBxx_HAL_Driver/Src/stm32wbxx_hal_dma.c ****   {
 183:Drivers/STM32WBxx_HAL_Driver/Src/stm32wbxx_hal_dma.c ****     /* DMA2 */
 184:Drivers/STM32WBxx_HAL_Driver/Src/stm32wbxx_hal_dma.c ****     hdma->ChannelIndex = (((uint32_t)hdma->Instance - (uint32_t)DMA2_Channel1) / ((uint32_t)DMA2_Ch
 185:Drivers/STM32WBxx_HAL_Driver/Src/stm32wbxx_hal_dma.c ****     hdma->DmaBaseAddress = DMA2;
 186:Drivers/STM32WBxx_HAL_Driver/Src/stm32wbxx_hal_dma.c ****   }
 187:Drivers/STM32WBxx_HAL_Driver/Src/stm32wbxx_hal_dma.c **** #else
 188:Drivers/STM32WBxx_HAL_Driver/Src/stm32wbxx_hal_dma.c ****   /* DMA1 */
 189:Drivers/STM32WBxx_HAL_Driver/Src/stm32wbxx_hal_dma.c ****   hdma->ChannelIndex = (((uint32_t)hdma->Instance - (uint32_t)DMA1_Channel1) / ((uint32_t)DMA1_Chan
 190:Drivers/STM32WBxx_HAL_Driver/Src/stm32wbxx_hal_dma.c ****   hdma->DmaBaseAddress = DMA1;
 191:Drivers/STM32WBxx_HAL_Driver/Src/stm32wbxx_hal_dma.c **** #endif /* DMA2 */
 192:Drivers/STM32WBxx_HAL_Driver/Src/stm32wbxx_hal_dma.c **** 
 193:Drivers/STM32WBxx_HAL_Driver/Src/stm32wbxx_hal_dma.c ****   /* Change DMA peripheral state */
 194:Drivers/STM32WBxx_HAL_Driver/Src/stm32wbxx_hal_dma.c ****   hdma->State = HAL_DMA_STATE_BUSY;
 195:Drivers/STM32WBxx_HAL_Driver/Src/stm32wbxx_hal_dma.c **** 
 196:Drivers/STM32WBxx_HAL_Driver/Src/stm32wbxx_hal_dma.c ****   /* Get the CR register value */
 197:Drivers/STM32WBxx_HAL_Driver/Src/stm32wbxx_hal_dma.c ****   tmp = hdma->Instance->CCR;
 198:Drivers/STM32WBxx_HAL_Driver/Src/stm32wbxx_hal_dma.c **** 
 199:Drivers/STM32WBxx_HAL_Driver/Src/stm32wbxx_hal_dma.c ****   /* Clear PL, MSIZE, PSIZE, MINC, PINC, CIRC, DIR and MEM2MEM bits */
 200:Drivers/STM32WBxx_HAL_Driver/Src/stm32wbxx_hal_dma.c ****   tmp &= ((uint32_t)~(DMA_CCR_PL    | DMA_CCR_MSIZE  | DMA_CCR_PSIZE  |
 201:Drivers/STM32WBxx_HAL_Driver/Src/stm32wbxx_hal_dma.c ****                       DMA_CCR_MINC  | DMA_CCR_PINC   | DMA_CCR_CIRC   |
ARM GAS  C:\Users\843E~1\AppData\Local\Temp\ccQhwJ9j.s 			page 5


 202:Drivers/STM32WBxx_HAL_Driver/Src/stm32wbxx_hal_dma.c ****                       DMA_CCR_DIR   | DMA_CCR_MEM2MEM));
 203:Drivers/STM32WBxx_HAL_Driver/Src/stm32wbxx_hal_dma.c **** 
 204:Drivers/STM32WBxx_HAL_Driver/Src/stm32wbxx_hal_dma.c ****   /* Prepare the DMA Channel configuration */
 205:Drivers/STM32WBxx_HAL_Driver/Src/stm32wbxx_hal_dma.c ****   tmp |=  hdma->Init.Direction        |
 206:Drivers/STM32WBxx_HAL_Driver/Src/stm32wbxx_hal_dma.c ****           hdma->Init.PeriphInc           | hdma->Init.MemInc           |
 207:Drivers/STM32WBxx_HAL_Driver/Src/stm32wbxx_hal_dma.c ****           hdma->Init.PeriphDataAlignment | hdma->Init.MemDataAlignment |
 208:Drivers/STM32WBxx_HAL_Driver/Src/stm32wbxx_hal_dma.c ****           hdma->Init.Mode                | hdma->Init.Priority;
 209:Drivers/STM32WBxx_HAL_Driver/Src/stm32wbxx_hal_dma.c **** 
 210:Drivers/STM32WBxx_HAL_Driver/Src/stm32wbxx_hal_dma.c ****   /* Write to DMA Channel CR register */
 211:Drivers/STM32WBxx_HAL_Driver/Src/stm32wbxx_hal_dma.c ****   hdma->Instance->CCR = tmp;
 212:Drivers/STM32WBxx_HAL_Driver/Src/stm32wbxx_hal_dma.c **** 
 213:Drivers/STM32WBxx_HAL_Driver/Src/stm32wbxx_hal_dma.c ****   /* Initialize parameters for DMAMUX channel :
 214:Drivers/STM32WBxx_HAL_Driver/Src/stm32wbxx_hal_dma.c ****      DMAmuxChannel, DMAmuxChannelStatus and DMAmuxChannelStatusMask
 215:Drivers/STM32WBxx_HAL_Driver/Src/stm32wbxx_hal_dma.c ****   */
 216:Drivers/STM32WBxx_HAL_Driver/Src/stm32wbxx_hal_dma.c ****   DMA_CalcDMAMUXChannelBaseAndMask(hdma);
 217:Drivers/STM32WBxx_HAL_Driver/Src/stm32wbxx_hal_dma.c **** 
 218:Drivers/STM32WBxx_HAL_Driver/Src/stm32wbxx_hal_dma.c ****   if (hdma->Init.Direction == DMA_MEMORY_TO_MEMORY)
 219:Drivers/STM32WBxx_HAL_Driver/Src/stm32wbxx_hal_dma.c ****   {
 220:Drivers/STM32WBxx_HAL_Driver/Src/stm32wbxx_hal_dma.c ****     /* if memory to memory force the request to 0*/
 221:Drivers/STM32WBxx_HAL_Driver/Src/stm32wbxx_hal_dma.c ****     hdma->Init.Request = DMA_REQUEST_MEM2MEM;
 222:Drivers/STM32WBxx_HAL_Driver/Src/stm32wbxx_hal_dma.c ****   }
 223:Drivers/STM32WBxx_HAL_Driver/Src/stm32wbxx_hal_dma.c **** 
 224:Drivers/STM32WBxx_HAL_Driver/Src/stm32wbxx_hal_dma.c ****   /* Set peripheral request  to DMAMUX channel */
 225:Drivers/STM32WBxx_HAL_Driver/Src/stm32wbxx_hal_dma.c ****   hdma->DMAmuxChannel->CCR = (hdma->Init.Request & DMAMUX_CxCR_DMAREQ_ID);
 226:Drivers/STM32WBxx_HAL_Driver/Src/stm32wbxx_hal_dma.c **** 
 227:Drivers/STM32WBxx_HAL_Driver/Src/stm32wbxx_hal_dma.c ****   /* Clear the DMAMUX synchro overrun flag */
 228:Drivers/STM32WBxx_HAL_Driver/Src/stm32wbxx_hal_dma.c ****   hdma->DMAmuxChannelStatus->CFR = hdma->DMAmuxChannelStatusMask;
 229:Drivers/STM32WBxx_HAL_Driver/Src/stm32wbxx_hal_dma.c **** 
 230:Drivers/STM32WBxx_HAL_Driver/Src/stm32wbxx_hal_dma.c ****   if (((hdma->Init.Request >  0U) && (hdma->Init.Request <= DMA_REQUEST_GENERATOR3)))
 231:Drivers/STM32WBxx_HAL_Driver/Src/stm32wbxx_hal_dma.c ****   {
 232:Drivers/STM32WBxx_HAL_Driver/Src/stm32wbxx_hal_dma.c ****     /* Initialize parameters for DMAMUX request generator :
 233:Drivers/STM32WBxx_HAL_Driver/Src/stm32wbxx_hal_dma.c ****        DMAmuxRequestGen, DMAmuxRequestGenStatus and DMAmuxRequestGenStatusMask
 234:Drivers/STM32WBxx_HAL_Driver/Src/stm32wbxx_hal_dma.c ****     */
 235:Drivers/STM32WBxx_HAL_Driver/Src/stm32wbxx_hal_dma.c ****     DMA_CalcDMAMUXRequestGenBaseAndMask(hdma);
 236:Drivers/STM32WBxx_HAL_Driver/Src/stm32wbxx_hal_dma.c **** 
 237:Drivers/STM32WBxx_HAL_Driver/Src/stm32wbxx_hal_dma.c ****     /* Reset the DMAMUX request generator register*/
 238:Drivers/STM32WBxx_HAL_Driver/Src/stm32wbxx_hal_dma.c ****     hdma->DMAmuxRequestGen->RGCR = 0U;
 239:Drivers/STM32WBxx_HAL_Driver/Src/stm32wbxx_hal_dma.c **** 
 240:Drivers/STM32WBxx_HAL_Driver/Src/stm32wbxx_hal_dma.c ****     /* Clear the DMAMUX request generator overrun flag */
 241:Drivers/STM32WBxx_HAL_Driver/Src/stm32wbxx_hal_dma.c ****     hdma->DMAmuxRequestGenStatus->RGCFR = hdma->DMAmuxRequestGenStatusMask;
 242:Drivers/STM32WBxx_HAL_Driver/Src/stm32wbxx_hal_dma.c ****   }
 243:Drivers/STM32WBxx_HAL_Driver/Src/stm32wbxx_hal_dma.c ****   else
 244:Drivers/STM32WBxx_HAL_Driver/Src/stm32wbxx_hal_dma.c ****   {
 245:Drivers/STM32WBxx_HAL_Driver/Src/stm32wbxx_hal_dma.c ****     hdma->DMAmuxRequestGen = 0U;
 246:Drivers/STM32WBxx_HAL_Driver/Src/stm32wbxx_hal_dma.c ****     hdma->DMAmuxRequestGenStatus = 0U;
 247:Drivers/STM32WBxx_HAL_Driver/Src/stm32wbxx_hal_dma.c ****     hdma->DMAmuxRequestGenStatusMask = 0U;
 248:Drivers/STM32WBxx_HAL_Driver/Src/stm32wbxx_hal_dma.c ****   }
 249:Drivers/STM32WBxx_HAL_Driver/Src/stm32wbxx_hal_dma.c **** 
 250:Drivers/STM32WBxx_HAL_Driver/Src/stm32wbxx_hal_dma.c ****   /* Initialize the error code */
 251:Drivers/STM32WBxx_HAL_Driver/Src/stm32wbxx_hal_dma.c ****   hdma->ErrorCode = HAL_DMA_ERROR_NONE;
 252:Drivers/STM32WBxx_HAL_Driver/Src/stm32wbxx_hal_dma.c **** 
 253:Drivers/STM32WBxx_HAL_Driver/Src/stm32wbxx_hal_dma.c ****   /* Initialize the DMA state*/
 254:Drivers/STM32WBxx_HAL_Driver/Src/stm32wbxx_hal_dma.c ****   hdma->State  = HAL_DMA_STATE_READY;
 255:Drivers/STM32WBxx_HAL_Driver/Src/stm32wbxx_hal_dma.c **** 
 256:Drivers/STM32WBxx_HAL_Driver/Src/stm32wbxx_hal_dma.c ****   /* Allocate lock resource and initialize it */
 257:Drivers/STM32WBxx_HAL_Driver/Src/stm32wbxx_hal_dma.c ****   hdma->Lock = HAL_UNLOCKED;
 258:Drivers/STM32WBxx_HAL_Driver/Src/stm32wbxx_hal_dma.c **** 
ARM GAS  C:\Users\843E~1\AppData\Local\Temp\ccQhwJ9j.s 			page 6


 259:Drivers/STM32WBxx_HAL_Driver/Src/stm32wbxx_hal_dma.c ****   return HAL_OK;
 260:Drivers/STM32WBxx_HAL_Driver/Src/stm32wbxx_hal_dma.c **** }
 261:Drivers/STM32WBxx_HAL_Driver/Src/stm32wbxx_hal_dma.c **** 
 262:Drivers/STM32WBxx_HAL_Driver/Src/stm32wbxx_hal_dma.c **** /**
 263:Drivers/STM32WBxx_HAL_Driver/Src/stm32wbxx_hal_dma.c ****   * @brief  DeInitialize the DMA peripheral.
 264:Drivers/STM32WBxx_HAL_Driver/Src/stm32wbxx_hal_dma.c ****   * @param hdma Pointer to a DMA_HandleTypeDef structure that contains
 265:Drivers/STM32WBxx_HAL_Driver/Src/stm32wbxx_hal_dma.c ****   *               the configuration information for the specified DMA Channel.
 266:Drivers/STM32WBxx_HAL_Driver/Src/stm32wbxx_hal_dma.c ****   * @retval HAL status
 267:Drivers/STM32WBxx_HAL_Driver/Src/stm32wbxx_hal_dma.c ****   */
 268:Drivers/STM32WBxx_HAL_Driver/Src/stm32wbxx_hal_dma.c **** HAL_StatusTypeDef HAL_DMA_DeInit(DMA_HandleTypeDef *hdma)
 269:Drivers/STM32WBxx_HAL_Driver/Src/stm32wbxx_hal_dma.c **** {
 270:Drivers/STM32WBxx_HAL_Driver/Src/stm32wbxx_hal_dma.c **** 
 271:Drivers/STM32WBxx_HAL_Driver/Src/stm32wbxx_hal_dma.c ****   /* Check the DMA handle allocation */
 272:Drivers/STM32WBxx_HAL_Driver/Src/stm32wbxx_hal_dma.c ****   if (NULL == hdma)
 273:Drivers/STM32WBxx_HAL_Driver/Src/stm32wbxx_hal_dma.c ****   {
 274:Drivers/STM32WBxx_HAL_Driver/Src/stm32wbxx_hal_dma.c ****     return HAL_ERROR;
 275:Drivers/STM32WBxx_HAL_Driver/Src/stm32wbxx_hal_dma.c ****   }
 276:Drivers/STM32WBxx_HAL_Driver/Src/stm32wbxx_hal_dma.c **** 
 277:Drivers/STM32WBxx_HAL_Driver/Src/stm32wbxx_hal_dma.c ****   /* Check the parameters */
 278:Drivers/STM32WBxx_HAL_Driver/Src/stm32wbxx_hal_dma.c ****   assert_param(IS_DMA_ALL_INSTANCE(hdma->Instance));
 279:Drivers/STM32WBxx_HAL_Driver/Src/stm32wbxx_hal_dma.c **** 
 280:Drivers/STM32WBxx_HAL_Driver/Src/stm32wbxx_hal_dma.c ****   /* Disable the selected DMA Channelx */
 281:Drivers/STM32WBxx_HAL_Driver/Src/stm32wbxx_hal_dma.c ****   __HAL_DMA_DISABLE(hdma);
 282:Drivers/STM32WBxx_HAL_Driver/Src/stm32wbxx_hal_dma.c **** 
 283:Drivers/STM32WBxx_HAL_Driver/Src/stm32wbxx_hal_dma.c **** #if defined(DMA2)
 284:Drivers/STM32WBxx_HAL_Driver/Src/stm32wbxx_hal_dma.c ****   /* Compute the channel index */
 285:Drivers/STM32WBxx_HAL_Driver/Src/stm32wbxx_hal_dma.c ****   if ((uint32_t)(hdma->Instance) < (uint32_t)(DMA2_Channel1))
 286:Drivers/STM32WBxx_HAL_Driver/Src/stm32wbxx_hal_dma.c ****   {
 287:Drivers/STM32WBxx_HAL_Driver/Src/stm32wbxx_hal_dma.c ****     /* DMA1 */
 288:Drivers/STM32WBxx_HAL_Driver/Src/stm32wbxx_hal_dma.c ****     hdma->ChannelIndex = (((uint32_t)hdma->Instance - (uint32_t)DMA1_Channel1) / ((uint32_t)DMA1_Ch
 289:Drivers/STM32WBxx_HAL_Driver/Src/stm32wbxx_hal_dma.c ****     hdma->DmaBaseAddress = DMA1;
 290:Drivers/STM32WBxx_HAL_Driver/Src/stm32wbxx_hal_dma.c ****   }
 291:Drivers/STM32WBxx_HAL_Driver/Src/stm32wbxx_hal_dma.c ****   else
 292:Drivers/STM32WBxx_HAL_Driver/Src/stm32wbxx_hal_dma.c ****   {
 293:Drivers/STM32WBxx_HAL_Driver/Src/stm32wbxx_hal_dma.c ****     /* DMA2 */
 294:Drivers/STM32WBxx_HAL_Driver/Src/stm32wbxx_hal_dma.c ****     hdma->ChannelIndex = (((uint32_t)hdma->Instance - (uint32_t)DMA2_Channel1) / ((uint32_t)DMA2_Ch
 295:Drivers/STM32WBxx_HAL_Driver/Src/stm32wbxx_hal_dma.c ****     hdma->DmaBaseAddress = DMA2;
 296:Drivers/STM32WBxx_HAL_Driver/Src/stm32wbxx_hal_dma.c ****   }
 297:Drivers/STM32WBxx_HAL_Driver/Src/stm32wbxx_hal_dma.c **** #else
 298:Drivers/STM32WBxx_HAL_Driver/Src/stm32wbxx_hal_dma.c ****   /* DMA1 */
 299:Drivers/STM32WBxx_HAL_Driver/Src/stm32wbxx_hal_dma.c ****   hdma->ChannelIndex = (((uint32_t)hdma->Instance - (uint32_t)DMA1_Channel1) / ((uint32_t)DMA1_Chan
 300:Drivers/STM32WBxx_HAL_Driver/Src/stm32wbxx_hal_dma.c ****   hdma->DmaBaseAddress = DMA1;
 301:Drivers/STM32WBxx_HAL_Driver/Src/stm32wbxx_hal_dma.c **** #endif /* DMA2 */
 302:Drivers/STM32WBxx_HAL_Driver/Src/stm32wbxx_hal_dma.c **** 
 303:Drivers/STM32WBxx_HAL_Driver/Src/stm32wbxx_hal_dma.c ****   /* Reset DMA Channel control register */
 304:Drivers/STM32WBxx_HAL_Driver/Src/stm32wbxx_hal_dma.c ****   hdma->Instance->CCR  = 0U;
 305:Drivers/STM32WBxx_HAL_Driver/Src/stm32wbxx_hal_dma.c **** 
 306:Drivers/STM32WBxx_HAL_Driver/Src/stm32wbxx_hal_dma.c ****   /* Clear all flags */
 307:Drivers/STM32WBxx_HAL_Driver/Src/stm32wbxx_hal_dma.c ****   hdma->DmaBaseAddress->IFCR = (DMA_ISR_GIF1 << (hdma->ChannelIndex & 0x1cU));
 308:Drivers/STM32WBxx_HAL_Driver/Src/stm32wbxx_hal_dma.c **** 
 309:Drivers/STM32WBxx_HAL_Driver/Src/stm32wbxx_hal_dma.c ****   /* Initialize parameters for DMAMUX channel :
 310:Drivers/STM32WBxx_HAL_Driver/Src/stm32wbxx_hal_dma.c ****      DMAmuxChannel, DMAmuxChannelStatus and DMAmuxChannelStatusMask */
 311:Drivers/STM32WBxx_HAL_Driver/Src/stm32wbxx_hal_dma.c **** 
 312:Drivers/STM32WBxx_HAL_Driver/Src/stm32wbxx_hal_dma.c ****   DMA_CalcDMAMUXChannelBaseAndMask(hdma);
 313:Drivers/STM32WBxx_HAL_Driver/Src/stm32wbxx_hal_dma.c **** 
 314:Drivers/STM32WBxx_HAL_Driver/Src/stm32wbxx_hal_dma.c ****   /* Reset the DMAMUX channel that corresponds to the DMA channel */
 315:Drivers/STM32WBxx_HAL_Driver/Src/stm32wbxx_hal_dma.c ****   hdma->DMAmuxChannel->CCR = 0U;
ARM GAS  C:\Users\843E~1\AppData\Local\Temp\ccQhwJ9j.s 			page 7


 316:Drivers/STM32WBxx_HAL_Driver/Src/stm32wbxx_hal_dma.c **** 
 317:Drivers/STM32WBxx_HAL_Driver/Src/stm32wbxx_hal_dma.c ****   /* Clear the DMAMUX synchro overrun flag */
 318:Drivers/STM32WBxx_HAL_Driver/Src/stm32wbxx_hal_dma.c ****   hdma->DMAmuxChannelStatus->CFR = hdma->DMAmuxChannelStatusMask;
 319:Drivers/STM32WBxx_HAL_Driver/Src/stm32wbxx_hal_dma.c **** 
 320:Drivers/STM32WBxx_HAL_Driver/Src/stm32wbxx_hal_dma.c ****   /* Reset Request generator parameters if any */
 321:Drivers/STM32WBxx_HAL_Driver/Src/stm32wbxx_hal_dma.c ****   if (((hdma->Init.Request >  0U) && (hdma->Init.Request <= DMA_REQUEST_GENERATOR3)))
 322:Drivers/STM32WBxx_HAL_Driver/Src/stm32wbxx_hal_dma.c ****   {
 323:Drivers/STM32WBxx_HAL_Driver/Src/stm32wbxx_hal_dma.c ****     /* Initialize parameters for DMAMUX request generator :
 324:Drivers/STM32WBxx_HAL_Driver/Src/stm32wbxx_hal_dma.c ****        DMAmuxRequestGen, DMAmuxRequestGenStatus and DMAmuxRequestGenStatusMask
 325:Drivers/STM32WBxx_HAL_Driver/Src/stm32wbxx_hal_dma.c ****     */
 326:Drivers/STM32WBxx_HAL_Driver/Src/stm32wbxx_hal_dma.c ****     DMA_CalcDMAMUXRequestGenBaseAndMask(hdma);
 327:Drivers/STM32WBxx_HAL_Driver/Src/stm32wbxx_hal_dma.c **** 
 328:Drivers/STM32WBxx_HAL_Driver/Src/stm32wbxx_hal_dma.c ****     /* Reset the DMAMUX request generator register*/
 329:Drivers/STM32WBxx_HAL_Driver/Src/stm32wbxx_hal_dma.c ****     hdma->DMAmuxRequestGen->RGCR = 0U;
 330:Drivers/STM32WBxx_HAL_Driver/Src/stm32wbxx_hal_dma.c **** 
 331:Drivers/STM32WBxx_HAL_Driver/Src/stm32wbxx_hal_dma.c ****     /* Clear the DMAMUX request generator overrun flag */
 332:Drivers/STM32WBxx_HAL_Driver/Src/stm32wbxx_hal_dma.c ****     hdma->DMAmuxRequestGenStatus->RGCFR = hdma->DMAmuxRequestGenStatusMask;
 333:Drivers/STM32WBxx_HAL_Driver/Src/stm32wbxx_hal_dma.c ****   }
 334:Drivers/STM32WBxx_HAL_Driver/Src/stm32wbxx_hal_dma.c **** 
 335:Drivers/STM32WBxx_HAL_Driver/Src/stm32wbxx_hal_dma.c ****   hdma->DMAmuxRequestGen = 0U;
 336:Drivers/STM32WBxx_HAL_Driver/Src/stm32wbxx_hal_dma.c ****   hdma->DMAmuxRequestGenStatus = 0U;
 337:Drivers/STM32WBxx_HAL_Driver/Src/stm32wbxx_hal_dma.c ****   hdma->DMAmuxRequestGenStatusMask = 0U;
 338:Drivers/STM32WBxx_HAL_Driver/Src/stm32wbxx_hal_dma.c **** 
 339:Drivers/STM32WBxx_HAL_Driver/Src/stm32wbxx_hal_dma.c ****   /* Clean callbacks */
 340:Drivers/STM32WBxx_HAL_Driver/Src/stm32wbxx_hal_dma.c ****   hdma->XferCpltCallback = NULL;
 341:Drivers/STM32WBxx_HAL_Driver/Src/stm32wbxx_hal_dma.c ****   hdma->XferHalfCpltCallback = NULL;
 342:Drivers/STM32WBxx_HAL_Driver/Src/stm32wbxx_hal_dma.c ****   hdma->XferErrorCallback = NULL;
 343:Drivers/STM32WBxx_HAL_Driver/Src/stm32wbxx_hal_dma.c ****   hdma->XferAbortCallback = NULL;
 344:Drivers/STM32WBxx_HAL_Driver/Src/stm32wbxx_hal_dma.c **** 
 345:Drivers/STM32WBxx_HAL_Driver/Src/stm32wbxx_hal_dma.c ****   /* Initialize the error code */
 346:Drivers/STM32WBxx_HAL_Driver/Src/stm32wbxx_hal_dma.c ****   hdma->ErrorCode = HAL_DMA_ERROR_NONE;
 347:Drivers/STM32WBxx_HAL_Driver/Src/stm32wbxx_hal_dma.c **** 
 348:Drivers/STM32WBxx_HAL_Driver/Src/stm32wbxx_hal_dma.c ****   /* Initialize the DMA state */
 349:Drivers/STM32WBxx_HAL_Driver/Src/stm32wbxx_hal_dma.c ****   hdma->State = HAL_DMA_STATE_RESET;
 350:Drivers/STM32WBxx_HAL_Driver/Src/stm32wbxx_hal_dma.c **** 
 351:Drivers/STM32WBxx_HAL_Driver/Src/stm32wbxx_hal_dma.c ****   /* Release Lock */
 352:Drivers/STM32WBxx_HAL_Driver/Src/stm32wbxx_hal_dma.c ****   __HAL_UNLOCK(hdma);
 353:Drivers/STM32WBxx_HAL_Driver/Src/stm32wbxx_hal_dma.c **** 
 354:Drivers/STM32WBxx_HAL_Driver/Src/stm32wbxx_hal_dma.c ****   return HAL_OK;
 355:Drivers/STM32WBxx_HAL_Driver/Src/stm32wbxx_hal_dma.c **** }
 356:Drivers/STM32WBxx_HAL_Driver/Src/stm32wbxx_hal_dma.c **** 
 357:Drivers/STM32WBxx_HAL_Driver/Src/stm32wbxx_hal_dma.c **** /**
 358:Drivers/STM32WBxx_HAL_Driver/Src/stm32wbxx_hal_dma.c ****   * @}
 359:Drivers/STM32WBxx_HAL_Driver/Src/stm32wbxx_hal_dma.c ****   */
 360:Drivers/STM32WBxx_HAL_Driver/Src/stm32wbxx_hal_dma.c **** 
 361:Drivers/STM32WBxx_HAL_Driver/Src/stm32wbxx_hal_dma.c **** /** @defgroup DMA_Exported_Functions_Group2 Input and Output operation functions
 362:Drivers/STM32WBxx_HAL_Driver/Src/stm32wbxx_hal_dma.c ****   *  @brief   Input and Output operation functions
 363:Drivers/STM32WBxx_HAL_Driver/Src/stm32wbxx_hal_dma.c ****   *
 364:Drivers/STM32WBxx_HAL_Driver/Src/stm32wbxx_hal_dma.c **** @verbatim
 365:Drivers/STM32WBxx_HAL_Driver/Src/stm32wbxx_hal_dma.c ****  ===============================================================================
 366:Drivers/STM32WBxx_HAL_Driver/Src/stm32wbxx_hal_dma.c ****                       #####  IO operation functions  #####
 367:Drivers/STM32WBxx_HAL_Driver/Src/stm32wbxx_hal_dma.c ****  ===============================================================================
 368:Drivers/STM32WBxx_HAL_Driver/Src/stm32wbxx_hal_dma.c ****     [..]  This section provides functions allowing to:
 369:Drivers/STM32WBxx_HAL_Driver/Src/stm32wbxx_hal_dma.c ****       (+) Configure the source, destination address and data length and Start DMA transfer
 370:Drivers/STM32WBxx_HAL_Driver/Src/stm32wbxx_hal_dma.c ****       (+) Configure the source, destination address and data length and
 371:Drivers/STM32WBxx_HAL_Driver/Src/stm32wbxx_hal_dma.c ****           Start DMA transfer with interrupt
 372:Drivers/STM32WBxx_HAL_Driver/Src/stm32wbxx_hal_dma.c ****       (+) Abort DMA transfer
ARM GAS  C:\Users\843E~1\AppData\Local\Temp\ccQhwJ9j.s 			page 8


 373:Drivers/STM32WBxx_HAL_Driver/Src/stm32wbxx_hal_dma.c ****       (+) Poll for transfer complete
 374:Drivers/STM32WBxx_HAL_Driver/Src/stm32wbxx_hal_dma.c ****       (+) Handle DMA interrupt request
 375:Drivers/STM32WBxx_HAL_Driver/Src/stm32wbxx_hal_dma.c **** 
 376:Drivers/STM32WBxx_HAL_Driver/Src/stm32wbxx_hal_dma.c **** @endverbatim
 377:Drivers/STM32WBxx_HAL_Driver/Src/stm32wbxx_hal_dma.c ****   * @{
 378:Drivers/STM32WBxx_HAL_Driver/Src/stm32wbxx_hal_dma.c ****   */
 379:Drivers/STM32WBxx_HAL_Driver/Src/stm32wbxx_hal_dma.c **** 
 380:Drivers/STM32WBxx_HAL_Driver/Src/stm32wbxx_hal_dma.c **** /**
 381:Drivers/STM32WBxx_HAL_Driver/Src/stm32wbxx_hal_dma.c ****   * @brief  Start the DMA Transfer.
 382:Drivers/STM32WBxx_HAL_Driver/Src/stm32wbxx_hal_dma.c ****   * @param hdma Pointer to a DMA_HandleTypeDef structure that contains
 383:Drivers/STM32WBxx_HAL_Driver/Src/stm32wbxx_hal_dma.c ****   *               the configuration information for the specified DMA Channel.
 384:Drivers/STM32WBxx_HAL_Driver/Src/stm32wbxx_hal_dma.c ****   * @param SrcAddress The source memory Buffer address
 385:Drivers/STM32WBxx_HAL_Driver/Src/stm32wbxx_hal_dma.c ****   * @param DstAddress The destination memory Buffer address
 386:Drivers/STM32WBxx_HAL_Driver/Src/stm32wbxx_hal_dma.c ****   * @param DataLength The length of data to be transferred from source to destination
 387:Drivers/STM32WBxx_HAL_Driver/Src/stm32wbxx_hal_dma.c ****   * @retval HAL status
 388:Drivers/STM32WBxx_HAL_Driver/Src/stm32wbxx_hal_dma.c ****   */
 389:Drivers/STM32WBxx_HAL_Driver/Src/stm32wbxx_hal_dma.c **** HAL_StatusTypeDef HAL_DMA_Start(DMA_HandleTypeDef *hdma, uint32_t SrcAddress, uint32_t DstAddress, 
 390:Drivers/STM32WBxx_HAL_Driver/Src/stm32wbxx_hal_dma.c **** {
 391:Drivers/STM32WBxx_HAL_Driver/Src/stm32wbxx_hal_dma.c ****   HAL_StatusTypeDef status = HAL_OK;
 392:Drivers/STM32WBxx_HAL_Driver/Src/stm32wbxx_hal_dma.c **** 
 393:Drivers/STM32WBxx_HAL_Driver/Src/stm32wbxx_hal_dma.c ****   /* Check the parameters */
 394:Drivers/STM32WBxx_HAL_Driver/Src/stm32wbxx_hal_dma.c ****   assert_param(IS_DMA_BUFFER_SIZE(DataLength));
 395:Drivers/STM32WBxx_HAL_Driver/Src/stm32wbxx_hal_dma.c **** 
 396:Drivers/STM32WBxx_HAL_Driver/Src/stm32wbxx_hal_dma.c ****   /* Process locked */
 397:Drivers/STM32WBxx_HAL_Driver/Src/stm32wbxx_hal_dma.c ****   __HAL_LOCK(hdma);
 398:Drivers/STM32WBxx_HAL_Driver/Src/stm32wbxx_hal_dma.c **** 
 399:Drivers/STM32WBxx_HAL_Driver/Src/stm32wbxx_hal_dma.c ****   if (HAL_DMA_STATE_READY == hdma->State)
 400:Drivers/STM32WBxx_HAL_Driver/Src/stm32wbxx_hal_dma.c ****   {
 401:Drivers/STM32WBxx_HAL_Driver/Src/stm32wbxx_hal_dma.c ****     /* Change DMA peripheral state */
 402:Drivers/STM32WBxx_HAL_Driver/Src/stm32wbxx_hal_dma.c ****     hdma->State = HAL_DMA_STATE_BUSY;
 403:Drivers/STM32WBxx_HAL_Driver/Src/stm32wbxx_hal_dma.c ****     hdma->ErrorCode = HAL_DMA_ERROR_NONE;
 404:Drivers/STM32WBxx_HAL_Driver/Src/stm32wbxx_hal_dma.c **** 
 405:Drivers/STM32WBxx_HAL_Driver/Src/stm32wbxx_hal_dma.c ****     /* Disable the peripheral */
 406:Drivers/STM32WBxx_HAL_Driver/Src/stm32wbxx_hal_dma.c ****     __HAL_DMA_DISABLE(hdma);
 407:Drivers/STM32WBxx_HAL_Driver/Src/stm32wbxx_hal_dma.c **** 
 408:Drivers/STM32WBxx_HAL_Driver/Src/stm32wbxx_hal_dma.c ****     /* Configure the source, destination address and the data length & clear flags*/
 409:Drivers/STM32WBxx_HAL_Driver/Src/stm32wbxx_hal_dma.c ****     DMA_SetConfig(hdma, SrcAddress, DstAddress, DataLength);
 410:Drivers/STM32WBxx_HAL_Driver/Src/stm32wbxx_hal_dma.c **** 
 411:Drivers/STM32WBxx_HAL_Driver/Src/stm32wbxx_hal_dma.c ****     /* Enable the Peripheral */
 412:Drivers/STM32WBxx_HAL_Driver/Src/stm32wbxx_hal_dma.c ****     __HAL_DMA_ENABLE(hdma);
 413:Drivers/STM32WBxx_HAL_Driver/Src/stm32wbxx_hal_dma.c ****   }
 414:Drivers/STM32WBxx_HAL_Driver/Src/stm32wbxx_hal_dma.c ****   else
 415:Drivers/STM32WBxx_HAL_Driver/Src/stm32wbxx_hal_dma.c ****   {
 416:Drivers/STM32WBxx_HAL_Driver/Src/stm32wbxx_hal_dma.c ****     /* Process Unlocked */
 417:Drivers/STM32WBxx_HAL_Driver/Src/stm32wbxx_hal_dma.c ****     __HAL_UNLOCK(hdma);
 418:Drivers/STM32WBxx_HAL_Driver/Src/stm32wbxx_hal_dma.c ****     status = HAL_BUSY;
 419:Drivers/STM32WBxx_HAL_Driver/Src/stm32wbxx_hal_dma.c ****   }
 420:Drivers/STM32WBxx_HAL_Driver/Src/stm32wbxx_hal_dma.c ****   return status;
 421:Drivers/STM32WBxx_HAL_Driver/Src/stm32wbxx_hal_dma.c **** }
 422:Drivers/STM32WBxx_HAL_Driver/Src/stm32wbxx_hal_dma.c **** 
 423:Drivers/STM32WBxx_HAL_Driver/Src/stm32wbxx_hal_dma.c **** /**
 424:Drivers/STM32WBxx_HAL_Driver/Src/stm32wbxx_hal_dma.c ****   * @brief  Start the DMA Transfer with interrupt enabled.
 425:Drivers/STM32WBxx_HAL_Driver/Src/stm32wbxx_hal_dma.c ****   * @param hdma Pointer to a DMA_HandleTypeDef structure that contains
 426:Drivers/STM32WBxx_HAL_Driver/Src/stm32wbxx_hal_dma.c ****   *               the configuration information for the specified DMA Channel.
 427:Drivers/STM32WBxx_HAL_Driver/Src/stm32wbxx_hal_dma.c ****   * @param SrcAddress The source memory Buffer address
 428:Drivers/STM32WBxx_HAL_Driver/Src/stm32wbxx_hal_dma.c ****   * @param DstAddress The destination memory Buffer address
 429:Drivers/STM32WBxx_HAL_Driver/Src/stm32wbxx_hal_dma.c ****   * @param DataLength The length of data to be transferred from source to destination
ARM GAS  C:\Users\843E~1\AppData\Local\Temp\ccQhwJ9j.s 			page 9


 430:Drivers/STM32WBxx_HAL_Driver/Src/stm32wbxx_hal_dma.c ****   * @retval HAL status
 431:Drivers/STM32WBxx_HAL_Driver/Src/stm32wbxx_hal_dma.c ****   */
 432:Drivers/STM32WBxx_HAL_Driver/Src/stm32wbxx_hal_dma.c **** HAL_StatusTypeDef HAL_DMA_Start_IT(DMA_HandleTypeDef *hdma, uint32_t SrcAddress, uint32_t DstAddres
 433:Drivers/STM32WBxx_HAL_Driver/Src/stm32wbxx_hal_dma.c ****                                    uint32_t DataLength)
 434:Drivers/STM32WBxx_HAL_Driver/Src/stm32wbxx_hal_dma.c **** {
 435:Drivers/STM32WBxx_HAL_Driver/Src/stm32wbxx_hal_dma.c ****   HAL_StatusTypeDef status = HAL_OK;
 436:Drivers/STM32WBxx_HAL_Driver/Src/stm32wbxx_hal_dma.c **** 
 437:Drivers/STM32WBxx_HAL_Driver/Src/stm32wbxx_hal_dma.c ****   /* Check the parameters */
 438:Drivers/STM32WBxx_HAL_Driver/Src/stm32wbxx_hal_dma.c ****   assert_param(IS_DMA_BUFFER_SIZE(DataLength));
 439:Drivers/STM32WBxx_HAL_Driver/Src/stm32wbxx_hal_dma.c **** 
 440:Drivers/STM32WBxx_HAL_Driver/Src/stm32wbxx_hal_dma.c ****   /* Process locked */
 441:Drivers/STM32WBxx_HAL_Driver/Src/stm32wbxx_hal_dma.c ****   __HAL_LOCK(hdma);
 442:Drivers/STM32WBxx_HAL_Driver/Src/stm32wbxx_hal_dma.c **** 
 443:Drivers/STM32WBxx_HAL_Driver/Src/stm32wbxx_hal_dma.c ****   if (HAL_DMA_STATE_READY == hdma->State)
 444:Drivers/STM32WBxx_HAL_Driver/Src/stm32wbxx_hal_dma.c ****   {
 445:Drivers/STM32WBxx_HAL_Driver/Src/stm32wbxx_hal_dma.c ****     /* Change DMA peripheral state */
 446:Drivers/STM32WBxx_HAL_Driver/Src/stm32wbxx_hal_dma.c ****     hdma->State = HAL_DMA_STATE_BUSY;
 447:Drivers/STM32WBxx_HAL_Driver/Src/stm32wbxx_hal_dma.c ****     hdma->ErrorCode = HAL_DMA_ERROR_NONE;
 448:Drivers/STM32WBxx_HAL_Driver/Src/stm32wbxx_hal_dma.c **** 
 449:Drivers/STM32WBxx_HAL_Driver/Src/stm32wbxx_hal_dma.c ****     /* Disable the peripheral */
 450:Drivers/STM32WBxx_HAL_Driver/Src/stm32wbxx_hal_dma.c ****     __HAL_DMA_DISABLE(hdma);
 451:Drivers/STM32WBxx_HAL_Driver/Src/stm32wbxx_hal_dma.c **** 
 452:Drivers/STM32WBxx_HAL_Driver/Src/stm32wbxx_hal_dma.c ****     /* Configure the source, destination address and the data length & clear flags*/
 453:Drivers/STM32WBxx_HAL_Driver/Src/stm32wbxx_hal_dma.c ****     DMA_SetConfig(hdma, SrcAddress, DstAddress, DataLength);
 454:Drivers/STM32WBxx_HAL_Driver/Src/stm32wbxx_hal_dma.c **** 
 455:Drivers/STM32WBxx_HAL_Driver/Src/stm32wbxx_hal_dma.c ****     /* Enable the transfer complete interrupt */
 456:Drivers/STM32WBxx_HAL_Driver/Src/stm32wbxx_hal_dma.c ****     /* Enable the transfer Error interrupt */
 457:Drivers/STM32WBxx_HAL_Driver/Src/stm32wbxx_hal_dma.c ****     if (NULL != hdma->XferHalfCpltCallback)
 458:Drivers/STM32WBxx_HAL_Driver/Src/stm32wbxx_hal_dma.c ****     {
 459:Drivers/STM32WBxx_HAL_Driver/Src/stm32wbxx_hal_dma.c ****       /* Enable the Half transfer complete interrupt as well */
 460:Drivers/STM32WBxx_HAL_Driver/Src/stm32wbxx_hal_dma.c ****       __HAL_DMA_ENABLE_IT(hdma, (DMA_IT_TC | DMA_IT_HT | DMA_IT_TE));
 461:Drivers/STM32WBxx_HAL_Driver/Src/stm32wbxx_hal_dma.c ****     }
 462:Drivers/STM32WBxx_HAL_Driver/Src/stm32wbxx_hal_dma.c ****     else
 463:Drivers/STM32WBxx_HAL_Driver/Src/stm32wbxx_hal_dma.c ****     {
 464:Drivers/STM32WBxx_HAL_Driver/Src/stm32wbxx_hal_dma.c ****       __HAL_DMA_DISABLE_IT(hdma, DMA_IT_HT);
 465:Drivers/STM32WBxx_HAL_Driver/Src/stm32wbxx_hal_dma.c ****       __HAL_DMA_ENABLE_IT(hdma, (DMA_IT_TC | DMA_IT_TE));
 466:Drivers/STM32WBxx_HAL_Driver/Src/stm32wbxx_hal_dma.c ****     }
 467:Drivers/STM32WBxx_HAL_Driver/Src/stm32wbxx_hal_dma.c **** 
 468:Drivers/STM32WBxx_HAL_Driver/Src/stm32wbxx_hal_dma.c ****     /* Check if DMAMUX Synchronization is enabled*/
 469:Drivers/STM32WBxx_HAL_Driver/Src/stm32wbxx_hal_dma.c ****     if ((hdma->DMAmuxChannel->CCR & DMAMUX_CxCR_SE) != 0U)
 470:Drivers/STM32WBxx_HAL_Driver/Src/stm32wbxx_hal_dma.c ****     {
 471:Drivers/STM32WBxx_HAL_Driver/Src/stm32wbxx_hal_dma.c ****       /* Enable DMAMUX sync overrun IT*/
 472:Drivers/STM32WBxx_HAL_Driver/Src/stm32wbxx_hal_dma.c ****       hdma->DMAmuxChannel->CCR |= DMAMUX_CxCR_SOIE;
 473:Drivers/STM32WBxx_HAL_Driver/Src/stm32wbxx_hal_dma.c ****     }
 474:Drivers/STM32WBxx_HAL_Driver/Src/stm32wbxx_hal_dma.c **** 
 475:Drivers/STM32WBxx_HAL_Driver/Src/stm32wbxx_hal_dma.c ****     if (hdma->DMAmuxRequestGen != 0U)
 476:Drivers/STM32WBxx_HAL_Driver/Src/stm32wbxx_hal_dma.c ****     {
 477:Drivers/STM32WBxx_HAL_Driver/Src/stm32wbxx_hal_dma.c ****       /* if using DMAMUX request generator, enable the DMAMUX request generator overrun IT*/
 478:Drivers/STM32WBxx_HAL_Driver/Src/stm32wbxx_hal_dma.c ****       /* enable the request gen overrun IT*/
 479:Drivers/STM32WBxx_HAL_Driver/Src/stm32wbxx_hal_dma.c ****       hdma->DMAmuxRequestGen->RGCR |= DMAMUX_RGxCR_OIE;
 480:Drivers/STM32WBxx_HAL_Driver/Src/stm32wbxx_hal_dma.c ****     }
 481:Drivers/STM32WBxx_HAL_Driver/Src/stm32wbxx_hal_dma.c **** 
 482:Drivers/STM32WBxx_HAL_Driver/Src/stm32wbxx_hal_dma.c ****     /* Enable the Peripheral */
 483:Drivers/STM32WBxx_HAL_Driver/Src/stm32wbxx_hal_dma.c ****     __HAL_DMA_ENABLE(hdma);
 484:Drivers/STM32WBxx_HAL_Driver/Src/stm32wbxx_hal_dma.c ****   }
 485:Drivers/STM32WBxx_HAL_Driver/Src/stm32wbxx_hal_dma.c ****   else
 486:Drivers/STM32WBxx_HAL_Driver/Src/stm32wbxx_hal_dma.c ****   {
ARM GAS  C:\Users\843E~1\AppData\Local\Temp\ccQhwJ9j.s 			page 10


 487:Drivers/STM32WBxx_HAL_Driver/Src/stm32wbxx_hal_dma.c ****     /* Process Unlocked */
 488:Drivers/STM32WBxx_HAL_Driver/Src/stm32wbxx_hal_dma.c ****     __HAL_UNLOCK(hdma);
 489:Drivers/STM32WBxx_HAL_Driver/Src/stm32wbxx_hal_dma.c **** 
 490:Drivers/STM32WBxx_HAL_Driver/Src/stm32wbxx_hal_dma.c ****     /* Remain BUSY */
 491:Drivers/STM32WBxx_HAL_Driver/Src/stm32wbxx_hal_dma.c ****     status = HAL_BUSY;
 492:Drivers/STM32WBxx_HAL_Driver/Src/stm32wbxx_hal_dma.c ****   }
 493:Drivers/STM32WBxx_HAL_Driver/Src/stm32wbxx_hal_dma.c ****   return status;
 494:Drivers/STM32WBxx_HAL_Driver/Src/stm32wbxx_hal_dma.c **** }
 495:Drivers/STM32WBxx_HAL_Driver/Src/stm32wbxx_hal_dma.c **** 
 496:Drivers/STM32WBxx_HAL_Driver/Src/stm32wbxx_hal_dma.c **** /**
 497:Drivers/STM32WBxx_HAL_Driver/Src/stm32wbxx_hal_dma.c ****   * @brief  Abort the DMA Transfer.
 498:Drivers/STM32WBxx_HAL_Driver/Src/stm32wbxx_hal_dma.c ****   * @param hdma Pointer to a DMA_HandleTypeDef structure that contains
 499:Drivers/STM32WBxx_HAL_Driver/Src/stm32wbxx_hal_dma.c ****   *               the configuration information for the specified DMA Channel.
 500:Drivers/STM32WBxx_HAL_Driver/Src/stm32wbxx_hal_dma.c ****     * @retval HAL status
 501:Drivers/STM32WBxx_HAL_Driver/Src/stm32wbxx_hal_dma.c ****   */
 502:Drivers/STM32WBxx_HAL_Driver/Src/stm32wbxx_hal_dma.c **** HAL_StatusTypeDef HAL_DMA_Abort(DMA_HandleTypeDef *hdma)
 503:Drivers/STM32WBxx_HAL_Driver/Src/stm32wbxx_hal_dma.c **** {
 504:Drivers/STM32WBxx_HAL_Driver/Src/stm32wbxx_hal_dma.c **** 
 505:Drivers/STM32WBxx_HAL_Driver/Src/stm32wbxx_hal_dma.c ****   /* Check the DMA peripheral handle */
 506:Drivers/STM32WBxx_HAL_Driver/Src/stm32wbxx_hal_dma.c ****   if (NULL == hdma)
 507:Drivers/STM32WBxx_HAL_Driver/Src/stm32wbxx_hal_dma.c ****   {
 508:Drivers/STM32WBxx_HAL_Driver/Src/stm32wbxx_hal_dma.c ****     return HAL_ERROR;
 509:Drivers/STM32WBxx_HAL_Driver/Src/stm32wbxx_hal_dma.c ****   }
 510:Drivers/STM32WBxx_HAL_Driver/Src/stm32wbxx_hal_dma.c **** 
 511:Drivers/STM32WBxx_HAL_Driver/Src/stm32wbxx_hal_dma.c ****   /* Check the DMA peripheral state */
 512:Drivers/STM32WBxx_HAL_Driver/Src/stm32wbxx_hal_dma.c ****   if (hdma->State != HAL_DMA_STATE_BUSY)
 513:Drivers/STM32WBxx_HAL_Driver/Src/stm32wbxx_hal_dma.c ****   {
 514:Drivers/STM32WBxx_HAL_Driver/Src/stm32wbxx_hal_dma.c ****     hdma->ErrorCode = HAL_DMA_ERROR_NO_XFER;
 515:Drivers/STM32WBxx_HAL_Driver/Src/stm32wbxx_hal_dma.c **** 
 516:Drivers/STM32WBxx_HAL_Driver/Src/stm32wbxx_hal_dma.c ****     /* Process Unlocked */
 517:Drivers/STM32WBxx_HAL_Driver/Src/stm32wbxx_hal_dma.c ****     __HAL_UNLOCK(hdma);
 518:Drivers/STM32WBxx_HAL_Driver/Src/stm32wbxx_hal_dma.c **** 
 519:Drivers/STM32WBxx_HAL_Driver/Src/stm32wbxx_hal_dma.c ****     return HAL_ERROR;
 520:Drivers/STM32WBxx_HAL_Driver/Src/stm32wbxx_hal_dma.c ****   }
 521:Drivers/STM32WBxx_HAL_Driver/Src/stm32wbxx_hal_dma.c ****   else
 522:Drivers/STM32WBxx_HAL_Driver/Src/stm32wbxx_hal_dma.c ****   {
 523:Drivers/STM32WBxx_HAL_Driver/Src/stm32wbxx_hal_dma.c ****     /* Disable DMA IT */
 524:Drivers/STM32WBxx_HAL_Driver/Src/stm32wbxx_hal_dma.c ****     __HAL_DMA_DISABLE_IT(hdma, (DMA_IT_TC | DMA_IT_HT | DMA_IT_TE));
 525:Drivers/STM32WBxx_HAL_Driver/Src/stm32wbxx_hal_dma.c **** 
 526:Drivers/STM32WBxx_HAL_Driver/Src/stm32wbxx_hal_dma.c ****     /* disable the DMAMUX sync overrun IT*/
 527:Drivers/STM32WBxx_HAL_Driver/Src/stm32wbxx_hal_dma.c ****     hdma->DMAmuxChannel->CCR &= ~DMAMUX_CxCR_SOIE;
 528:Drivers/STM32WBxx_HAL_Driver/Src/stm32wbxx_hal_dma.c **** 
 529:Drivers/STM32WBxx_HAL_Driver/Src/stm32wbxx_hal_dma.c ****     /* Disable the channel */
 530:Drivers/STM32WBxx_HAL_Driver/Src/stm32wbxx_hal_dma.c ****     __HAL_DMA_DISABLE(hdma);
 531:Drivers/STM32WBxx_HAL_Driver/Src/stm32wbxx_hal_dma.c **** 
 532:Drivers/STM32WBxx_HAL_Driver/Src/stm32wbxx_hal_dma.c ****     /* Clear all flags */
 533:Drivers/STM32WBxx_HAL_Driver/Src/stm32wbxx_hal_dma.c ****     hdma->DmaBaseAddress->IFCR = (DMA_ISR_GIF1 << (hdma->ChannelIndex & 0x1cU));
 534:Drivers/STM32WBxx_HAL_Driver/Src/stm32wbxx_hal_dma.c **** 
 535:Drivers/STM32WBxx_HAL_Driver/Src/stm32wbxx_hal_dma.c ****     /* Clear the DMAMUX synchro overrun flag */
 536:Drivers/STM32WBxx_HAL_Driver/Src/stm32wbxx_hal_dma.c ****     hdma->DMAmuxChannelStatus->CFR = hdma->DMAmuxChannelStatusMask;
 537:Drivers/STM32WBxx_HAL_Driver/Src/stm32wbxx_hal_dma.c **** 
 538:Drivers/STM32WBxx_HAL_Driver/Src/stm32wbxx_hal_dma.c ****     if (hdma->DMAmuxRequestGen != 0U)
 539:Drivers/STM32WBxx_HAL_Driver/Src/stm32wbxx_hal_dma.c ****     {
 540:Drivers/STM32WBxx_HAL_Driver/Src/stm32wbxx_hal_dma.c ****       /* if using DMAMUX request generator, disable the DMAMUX request generator overrun IT*/
 541:Drivers/STM32WBxx_HAL_Driver/Src/stm32wbxx_hal_dma.c ****       /* disable the request gen overrun IT*/
 542:Drivers/STM32WBxx_HAL_Driver/Src/stm32wbxx_hal_dma.c ****       hdma->DMAmuxRequestGen->RGCR &= ~DMAMUX_RGxCR_OIE;
 543:Drivers/STM32WBxx_HAL_Driver/Src/stm32wbxx_hal_dma.c **** 
ARM GAS  C:\Users\843E~1\AppData\Local\Temp\ccQhwJ9j.s 			page 11


 544:Drivers/STM32WBxx_HAL_Driver/Src/stm32wbxx_hal_dma.c ****       /* Clear the DMAMUX request generator overrun flag */
 545:Drivers/STM32WBxx_HAL_Driver/Src/stm32wbxx_hal_dma.c ****       hdma->DMAmuxRequestGenStatus->RGCFR = hdma->DMAmuxRequestGenStatusMask;
 546:Drivers/STM32WBxx_HAL_Driver/Src/stm32wbxx_hal_dma.c ****     }
 547:Drivers/STM32WBxx_HAL_Driver/Src/stm32wbxx_hal_dma.c **** 
 548:Drivers/STM32WBxx_HAL_Driver/Src/stm32wbxx_hal_dma.c ****     /* Change the DMA state */
 549:Drivers/STM32WBxx_HAL_Driver/Src/stm32wbxx_hal_dma.c ****     hdma->State = HAL_DMA_STATE_READY;
 550:Drivers/STM32WBxx_HAL_Driver/Src/stm32wbxx_hal_dma.c **** 
 551:Drivers/STM32WBxx_HAL_Driver/Src/stm32wbxx_hal_dma.c ****     /* Process Unlocked */
 552:Drivers/STM32WBxx_HAL_Driver/Src/stm32wbxx_hal_dma.c ****     __HAL_UNLOCK(hdma);
 553:Drivers/STM32WBxx_HAL_Driver/Src/stm32wbxx_hal_dma.c ****   }
 554:Drivers/STM32WBxx_HAL_Driver/Src/stm32wbxx_hal_dma.c **** 
 555:Drivers/STM32WBxx_HAL_Driver/Src/stm32wbxx_hal_dma.c ****   return HAL_OK;
 556:Drivers/STM32WBxx_HAL_Driver/Src/stm32wbxx_hal_dma.c **** }
 557:Drivers/STM32WBxx_HAL_Driver/Src/stm32wbxx_hal_dma.c **** 
 558:Drivers/STM32WBxx_HAL_Driver/Src/stm32wbxx_hal_dma.c **** /**
 559:Drivers/STM32WBxx_HAL_Driver/Src/stm32wbxx_hal_dma.c ****   * @brief  Aborts the DMA Transfer in Interrupt mode.
 560:Drivers/STM32WBxx_HAL_Driver/Src/stm32wbxx_hal_dma.c ****   * @param  hdma  Pointer to a DMA_HandleTypeDef structure that contains
 561:Drivers/STM32WBxx_HAL_Driver/Src/stm32wbxx_hal_dma.c ****   *                 the configuration information for the specified DMA Channel.
 562:Drivers/STM32WBxx_HAL_Driver/Src/stm32wbxx_hal_dma.c ****   * @retval HAL status
 563:Drivers/STM32WBxx_HAL_Driver/Src/stm32wbxx_hal_dma.c ****   */
 564:Drivers/STM32WBxx_HAL_Driver/Src/stm32wbxx_hal_dma.c **** HAL_StatusTypeDef HAL_DMA_Abort_IT(DMA_HandleTypeDef *hdma)
 565:Drivers/STM32WBxx_HAL_Driver/Src/stm32wbxx_hal_dma.c **** {
 566:Drivers/STM32WBxx_HAL_Driver/Src/stm32wbxx_hal_dma.c ****   HAL_StatusTypeDef status = HAL_OK;
 567:Drivers/STM32WBxx_HAL_Driver/Src/stm32wbxx_hal_dma.c **** 
 568:Drivers/STM32WBxx_HAL_Driver/Src/stm32wbxx_hal_dma.c ****   if (HAL_DMA_STATE_BUSY != hdma->State)
 569:Drivers/STM32WBxx_HAL_Driver/Src/stm32wbxx_hal_dma.c ****   {
 570:Drivers/STM32WBxx_HAL_Driver/Src/stm32wbxx_hal_dma.c ****     /* no transfer ongoing */
 571:Drivers/STM32WBxx_HAL_Driver/Src/stm32wbxx_hal_dma.c ****     hdma->ErrorCode = HAL_DMA_ERROR_NO_XFER;
 572:Drivers/STM32WBxx_HAL_Driver/Src/stm32wbxx_hal_dma.c **** 
 573:Drivers/STM32WBxx_HAL_Driver/Src/stm32wbxx_hal_dma.c ****     status = HAL_ERROR;
 574:Drivers/STM32WBxx_HAL_Driver/Src/stm32wbxx_hal_dma.c ****   }
 575:Drivers/STM32WBxx_HAL_Driver/Src/stm32wbxx_hal_dma.c ****   else
 576:Drivers/STM32WBxx_HAL_Driver/Src/stm32wbxx_hal_dma.c ****   {
 577:Drivers/STM32WBxx_HAL_Driver/Src/stm32wbxx_hal_dma.c ****     /* Disable DMA IT */
 578:Drivers/STM32WBxx_HAL_Driver/Src/stm32wbxx_hal_dma.c ****     __HAL_DMA_DISABLE_IT(hdma, (DMA_IT_TC | DMA_IT_HT | DMA_IT_TE));
 579:Drivers/STM32WBxx_HAL_Driver/Src/stm32wbxx_hal_dma.c **** 
 580:Drivers/STM32WBxx_HAL_Driver/Src/stm32wbxx_hal_dma.c ****     /* Disable the channel */
 581:Drivers/STM32WBxx_HAL_Driver/Src/stm32wbxx_hal_dma.c ****     __HAL_DMA_DISABLE(hdma);
 582:Drivers/STM32WBxx_HAL_Driver/Src/stm32wbxx_hal_dma.c **** 
 583:Drivers/STM32WBxx_HAL_Driver/Src/stm32wbxx_hal_dma.c ****     /* disable the DMAMUX sync overrun IT*/
 584:Drivers/STM32WBxx_HAL_Driver/Src/stm32wbxx_hal_dma.c ****     hdma->DMAmuxChannel->CCR &= ~DMAMUX_CxCR_SOIE;
 585:Drivers/STM32WBxx_HAL_Driver/Src/stm32wbxx_hal_dma.c **** 
 586:Drivers/STM32WBxx_HAL_Driver/Src/stm32wbxx_hal_dma.c ****     /* Clear all flags */
 587:Drivers/STM32WBxx_HAL_Driver/Src/stm32wbxx_hal_dma.c ****     hdma->DmaBaseAddress->IFCR = (DMA_ISR_GIF1 << (hdma->ChannelIndex & 0x1cU));
 588:Drivers/STM32WBxx_HAL_Driver/Src/stm32wbxx_hal_dma.c **** 
 589:Drivers/STM32WBxx_HAL_Driver/Src/stm32wbxx_hal_dma.c ****     /* Clear the DMAMUX synchro overrun flag */
 590:Drivers/STM32WBxx_HAL_Driver/Src/stm32wbxx_hal_dma.c ****     hdma->DMAmuxChannelStatus->CFR = hdma->DMAmuxChannelStatusMask;
 591:Drivers/STM32WBxx_HAL_Driver/Src/stm32wbxx_hal_dma.c **** 
 592:Drivers/STM32WBxx_HAL_Driver/Src/stm32wbxx_hal_dma.c ****     if (hdma->DMAmuxRequestGen != 0U)
 593:Drivers/STM32WBxx_HAL_Driver/Src/stm32wbxx_hal_dma.c ****     {
 594:Drivers/STM32WBxx_HAL_Driver/Src/stm32wbxx_hal_dma.c ****       /* if using DMAMUX request generator, disable the DMAMUX request generator overrun IT*/
 595:Drivers/STM32WBxx_HAL_Driver/Src/stm32wbxx_hal_dma.c ****       /* disable the request gen overrun IT*/
 596:Drivers/STM32WBxx_HAL_Driver/Src/stm32wbxx_hal_dma.c ****       hdma->DMAmuxRequestGen->RGCR &= ~DMAMUX_RGxCR_OIE;
 597:Drivers/STM32WBxx_HAL_Driver/Src/stm32wbxx_hal_dma.c **** 
 598:Drivers/STM32WBxx_HAL_Driver/Src/stm32wbxx_hal_dma.c ****       /* Clear the DMAMUX request generator overrun flag */
 599:Drivers/STM32WBxx_HAL_Driver/Src/stm32wbxx_hal_dma.c ****       hdma->DMAmuxRequestGenStatus->RGCFR = hdma->DMAmuxRequestGenStatusMask;
 600:Drivers/STM32WBxx_HAL_Driver/Src/stm32wbxx_hal_dma.c ****     }
ARM GAS  C:\Users\843E~1\AppData\Local\Temp\ccQhwJ9j.s 			page 12


 601:Drivers/STM32WBxx_HAL_Driver/Src/stm32wbxx_hal_dma.c **** 
 602:Drivers/STM32WBxx_HAL_Driver/Src/stm32wbxx_hal_dma.c ****     /* Change the DMA state */
 603:Drivers/STM32WBxx_HAL_Driver/Src/stm32wbxx_hal_dma.c ****     hdma->State = HAL_DMA_STATE_READY;
 604:Drivers/STM32WBxx_HAL_Driver/Src/stm32wbxx_hal_dma.c **** 
 605:Drivers/STM32WBxx_HAL_Driver/Src/stm32wbxx_hal_dma.c ****     /* Process Unlocked */
 606:Drivers/STM32WBxx_HAL_Driver/Src/stm32wbxx_hal_dma.c ****     __HAL_UNLOCK(hdma);
 607:Drivers/STM32WBxx_HAL_Driver/Src/stm32wbxx_hal_dma.c **** 
 608:Drivers/STM32WBxx_HAL_Driver/Src/stm32wbxx_hal_dma.c ****     /* Call User Abort callback */
 609:Drivers/STM32WBxx_HAL_Driver/Src/stm32wbxx_hal_dma.c ****     if (hdma->XferAbortCallback != NULL)
 610:Drivers/STM32WBxx_HAL_Driver/Src/stm32wbxx_hal_dma.c ****     {
 611:Drivers/STM32WBxx_HAL_Driver/Src/stm32wbxx_hal_dma.c ****       hdma->XferAbortCallback(hdma);
 612:Drivers/STM32WBxx_HAL_Driver/Src/stm32wbxx_hal_dma.c ****     }
 613:Drivers/STM32WBxx_HAL_Driver/Src/stm32wbxx_hal_dma.c ****   }
 614:Drivers/STM32WBxx_HAL_Driver/Src/stm32wbxx_hal_dma.c ****   return status;
 615:Drivers/STM32WBxx_HAL_Driver/Src/stm32wbxx_hal_dma.c **** }
 616:Drivers/STM32WBxx_HAL_Driver/Src/stm32wbxx_hal_dma.c **** 
 617:Drivers/STM32WBxx_HAL_Driver/Src/stm32wbxx_hal_dma.c **** /**
 618:Drivers/STM32WBxx_HAL_Driver/Src/stm32wbxx_hal_dma.c ****   * @brief  Polling for transfer complete.
 619:Drivers/STM32WBxx_HAL_Driver/Src/stm32wbxx_hal_dma.c ****   * @param hdma Pointer to a DMA_HandleTypeDef structure that contains
 620:Drivers/STM32WBxx_HAL_Driver/Src/stm32wbxx_hal_dma.c ****   *                  the configuration information for the specified DMA Channel.
 621:Drivers/STM32WBxx_HAL_Driver/Src/stm32wbxx_hal_dma.c ****   * @param CompleteLevel Specifies the DMA level complete.
 622:Drivers/STM32WBxx_HAL_Driver/Src/stm32wbxx_hal_dma.c ****   * @param Timeout Timeout duration.
 623:Drivers/STM32WBxx_HAL_Driver/Src/stm32wbxx_hal_dma.c ****   * @retval HAL status
 624:Drivers/STM32WBxx_HAL_Driver/Src/stm32wbxx_hal_dma.c ****   */
 625:Drivers/STM32WBxx_HAL_Driver/Src/stm32wbxx_hal_dma.c **** HAL_StatusTypeDef HAL_DMA_PollForTransfer(DMA_HandleTypeDef *hdma, HAL_DMA_LevelCompleteTypeDef Com
 626:Drivers/STM32WBxx_HAL_Driver/Src/stm32wbxx_hal_dma.c ****                                           uint32_t Timeout)
 627:Drivers/STM32WBxx_HAL_Driver/Src/stm32wbxx_hal_dma.c **** {
 628:Drivers/STM32WBxx_HAL_Driver/Src/stm32wbxx_hal_dma.c ****   uint32_t temp;
 629:Drivers/STM32WBxx_HAL_Driver/Src/stm32wbxx_hal_dma.c ****   uint32_t tickstart;
 630:Drivers/STM32WBxx_HAL_Driver/Src/stm32wbxx_hal_dma.c **** 
 631:Drivers/STM32WBxx_HAL_Driver/Src/stm32wbxx_hal_dma.c ****   if (HAL_DMA_STATE_BUSY != hdma->State)
 632:Drivers/STM32WBxx_HAL_Driver/Src/stm32wbxx_hal_dma.c ****   {
 633:Drivers/STM32WBxx_HAL_Driver/Src/stm32wbxx_hal_dma.c ****     /* no transfer ongoing */
 634:Drivers/STM32WBxx_HAL_Driver/Src/stm32wbxx_hal_dma.c ****     hdma->ErrorCode = HAL_DMA_ERROR_NO_XFER;
 635:Drivers/STM32WBxx_HAL_Driver/Src/stm32wbxx_hal_dma.c ****     __HAL_UNLOCK(hdma);
 636:Drivers/STM32WBxx_HAL_Driver/Src/stm32wbxx_hal_dma.c ****     return HAL_ERROR;
 637:Drivers/STM32WBxx_HAL_Driver/Src/stm32wbxx_hal_dma.c ****   }
 638:Drivers/STM32WBxx_HAL_Driver/Src/stm32wbxx_hal_dma.c **** 
 639:Drivers/STM32WBxx_HAL_Driver/Src/stm32wbxx_hal_dma.c ****   /* Polling mode not supported in circular mode */
 640:Drivers/STM32WBxx_HAL_Driver/Src/stm32wbxx_hal_dma.c ****   if ((hdma->Instance->CCR & DMA_CCR_CIRC) != 0U)
 641:Drivers/STM32WBxx_HAL_Driver/Src/stm32wbxx_hal_dma.c ****   {
 642:Drivers/STM32WBxx_HAL_Driver/Src/stm32wbxx_hal_dma.c ****     hdma->ErrorCode = HAL_DMA_ERROR_NOT_SUPPORTED;
 643:Drivers/STM32WBxx_HAL_Driver/Src/stm32wbxx_hal_dma.c ****     return HAL_ERROR;
 644:Drivers/STM32WBxx_HAL_Driver/Src/stm32wbxx_hal_dma.c ****   }
 645:Drivers/STM32WBxx_HAL_Driver/Src/stm32wbxx_hal_dma.c **** 
 646:Drivers/STM32WBxx_HAL_Driver/Src/stm32wbxx_hal_dma.c ****   /* Get the level transfer complete flag */
 647:Drivers/STM32WBxx_HAL_Driver/Src/stm32wbxx_hal_dma.c ****   if (HAL_DMA_FULL_TRANSFER == CompleteLevel)
 648:Drivers/STM32WBxx_HAL_Driver/Src/stm32wbxx_hal_dma.c ****   {
 649:Drivers/STM32WBxx_HAL_Driver/Src/stm32wbxx_hal_dma.c ****     /* Transfer Complete flag */
 650:Drivers/STM32WBxx_HAL_Driver/Src/stm32wbxx_hal_dma.c ****     temp = DMA_FLAG_TC1 << (hdma->ChannelIndex & 0x1cU);
 651:Drivers/STM32WBxx_HAL_Driver/Src/stm32wbxx_hal_dma.c ****   }
 652:Drivers/STM32WBxx_HAL_Driver/Src/stm32wbxx_hal_dma.c ****   else
 653:Drivers/STM32WBxx_HAL_Driver/Src/stm32wbxx_hal_dma.c ****   {
 654:Drivers/STM32WBxx_HAL_Driver/Src/stm32wbxx_hal_dma.c ****     /* Half Transfer Complete flag */
 655:Drivers/STM32WBxx_HAL_Driver/Src/stm32wbxx_hal_dma.c ****     temp = DMA_FLAG_HT1 << (hdma->ChannelIndex  & 0x1cU);
 656:Drivers/STM32WBxx_HAL_Driver/Src/stm32wbxx_hal_dma.c ****   }
 657:Drivers/STM32WBxx_HAL_Driver/Src/stm32wbxx_hal_dma.c **** 
ARM GAS  C:\Users\843E~1\AppData\Local\Temp\ccQhwJ9j.s 			page 13


 658:Drivers/STM32WBxx_HAL_Driver/Src/stm32wbxx_hal_dma.c ****   /* Get tick */
 659:Drivers/STM32WBxx_HAL_Driver/Src/stm32wbxx_hal_dma.c ****   tickstart = HAL_GetTick();
 660:Drivers/STM32WBxx_HAL_Driver/Src/stm32wbxx_hal_dma.c **** 
 661:Drivers/STM32WBxx_HAL_Driver/Src/stm32wbxx_hal_dma.c ****   while ((hdma->DmaBaseAddress->ISR & temp) == 0U)
 662:Drivers/STM32WBxx_HAL_Driver/Src/stm32wbxx_hal_dma.c ****   {
 663:Drivers/STM32WBxx_HAL_Driver/Src/stm32wbxx_hal_dma.c ****     if ((hdma->DmaBaseAddress->ISR & (DMA_FLAG_TE1 << (hdma->ChannelIndex & 0x1CU))) != 0U)
 664:Drivers/STM32WBxx_HAL_Driver/Src/stm32wbxx_hal_dma.c ****     {
 665:Drivers/STM32WBxx_HAL_Driver/Src/stm32wbxx_hal_dma.c ****       /* When a DMA transfer error occurs */
 666:Drivers/STM32WBxx_HAL_Driver/Src/stm32wbxx_hal_dma.c ****       /* A hardware clear of its EN bits is performed */
 667:Drivers/STM32WBxx_HAL_Driver/Src/stm32wbxx_hal_dma.c ****       /* Clear all flags */
 668:Drivers/STM32WBxx_HAL_Driver/Src/stm32wbxx_hal_dma.c ****       hdma->DmaBaseAddress->IFCR = (DMA_ISR_GIF1 << (hdma->ChannelIndex & 0x1cU));
 669:Drivers/STM32WBxx_HAL_Driver/Src/stm32wbxx_hal_dma.c **** 
 670:Drivers/STM32WBxx_HAL_Driver/Src/stm32wbxx_hal_dma.c ****       /* Update error code */
 671:Drivers/STM32WBxx_HAL_Driver/Src/stm32wbxx_hal_dma.c ****       hdma->ErrorCode = HAL_DMA_ERROR_TE;
 672:Drivers/STM32WBxx_HAL_Driver/Src/stm32wbxx_hal_dma.c **** 
 673:Drivers/STM32WBxx_HAL_Driver/Src/stm32wbxx_hal_dma.c ****       /* Change the DMA state */
 674:Drivers/STM32WBxx_HAL_Driver/Src/stm32wbxx_hal_dma.c ****       hdma->State = HAL_DMA_STATE_READY;
 675:Drivers/STM32WBxx_HAL_Driver/Src/stm32wbxx_hal_dma.c **** 
 676:Drivers/STM32WBxx_HAL_Driver/Src/stm32wbxx_hal_dma.c ****       /* Process Unlocked */
 677:Drivers/STM32WBxx_HAL_Driver/Src/stm32wbxx_hal_dma.c ****       __HAL_UNLOCK(hdma);
 678:Drivers/STM32WBxx_HAL_Driver/Src/stm32wbxx_hal_dma.c **** 
 679:Drivers/STM32WBxx_HAL_Driver/Src/stm32wbxx_hal_dma.c ****       return HAL_ERROR;
 680:Drivers/STM32WBxx_HAL_Driver/Src/stm32wbxx_hal_dma.c ****     }
 681:Drivers/STM32WBxx_HAL_Driver/Src/stm32wbxx_hal_dma.c ****     /* Check for the Timeout */
 682:Drivers/STM32WBxx_HAL_Driver/Src/stm32wbxx_hal_dma.c ****     if (Timeout != HAL_MAX_DELAY)
 683:Drivers/STM32WBxx_HAL_Driver/Src/stm32wbxx_hal_dma.c ****     {
 684:Drivers/STM32WBxx_HAL_Driver/Src/stm32wbxx_hal_dma.c ****       if (((HAL_GetTick() - tickstart) > Timeout) || (Timeout == 0U))
 685:Drivers/STM32WBxx_HAL_Driver/Src/stm32wbxx_hal_dma.c ****       {
 686:Drivers/STM32WBxx_HAL_Driver/Src/stm32wbxx_hal_dma.c ****         /* Update error code */
 687:Drivers/STM32WBxx_HAL_Driver/Src/stm32wbxx_hal_dma.c ****         hdma->ErrorCode = HAL_DMA_ERROR_TIMEOUT;
 688:Drivers/STM32WBxx_HAL_Driver/Src/stm32wbxx_hal_dma.c **** 
 689:Drivers/STM32WBxx_HAL_Driver/Src/stm32wbxx_hal_dma.c ****         /* Change the DMA state */
 690:Drivers/STM32WBxx_HAL_Driver/Src/stm32wbxx_hal_dma.c ****         hdma->State = HAL_DMA_STATE_READY;
 691:Drivers/STM32WBxx_HAL_Driver/Src/stm32wbxx_hal_dma.c **** 
 692:Drivers/STM32WBxx_HAL_Driver/Src/stm32wbxx_hal_dma.c ****         /* Process Unlocked */
 693:Drivers/STM32WBxx_HAL_Driver/Src/stm32wbxx_hal_dma.c ****         __HAL_UNLOCK(hdma);
 694:Drivers/STM32WBxx_HAL_Driver/Src/stm32wbxx_hal_dma.c **** 
 695:Drivers/STM32WBxx_HAL_Driver/Src/stm32wbxx_hal_dma.c ****         return HAL_ERROR;
 696:Drivers/STM32WBxx_HAL_Driver/Src/stm32wbxx_hal_dma.c ****       }
 697:Drivers/STM32WBxx_HAL_Driver/Src/stm32wbxx_hal_dma.c ****     }
 698:Drivers/STM32WBxx_HAL_Driver/Src/stm32wbxx_hal_dma.c ****   }
 699:Drivers/STM32WBxx_HAL_Driver/Src/stm32wbxx_hal_dma.c **** 
 700:Drivers/STM32WBxx_HAL_Driver/Src/stm32wbxx_hal_dma.c ****   /*Check for DMAMUX Request generator (if used) overrun status */
 701:Drivers/STM32WBxx_HAL_Driver/Src/stm32wbxx_hal_dma.c ****   if (hdma->DMAmuxRequestGen != 0U)
 702:Drivers/STM32WBxx_HAL_Driver/Src/stm32wbxx_hal_dma.c ****   {
 703:Drivers/STM32WBxx_HAL_Driver/Src/stm32wbxx_hal_dma.c ****     /* if using DMAMUX request generator Check for DMAMUX request generator overrun */
 704:Drivers/STM32WBxx_HAL_Driver/Src/stm32wbxx_hal_dma.c ****     if ((hdma->DMAmuxRequestGenStatus->RGSR & hdma->DMAmuxRequestGenStatusMask) != 0U)
 705:Drivers/STM32WBxx_HAL_Driver/Src/stm32wbxx_hal_dma.c ****     {
 706:Drivers/STM32WBxx_HAL_Driver/Src/stm32wbxx_hal_dma.c ****       /* Disable the request gen overrun interrupt */
 707:Drivers/STM32WBxx_HAL_Driver/Src/stm32wbxx_hal_dma.c ****       hdma->DMAmuxRequestGen->RGCR |= DMAMUX_RGxCR_OIE;
 708:Drivers/STM32WBxx_HAL_Driver/Src/stm32wbxx_hal_dma.c **** 
 709:Drivers/STM32WBxx_HAL_Driver/Src/stm32wbxx_hal_dma.c ****       /* Clear the DMAMUX request generator overrun flag */
 710:Drivers/STM32WBxx_HAL_Driver/Src/stm32wbxx_hal_dma.c ****       hdma->DMAmuxRequestGenStatus->RGCFR = hdma->DMAmuxRequestGenStatusMask;
 711:Drivers/STM32WBxx_HAL_Driver/Src/stm32wbxx_hal_dma.c **** 
 712:Drivers/STM32WBxx_HAL_Driver/Src/stm32wbxx_hal_dma.c ****       /* Update error code */
 713:Drivers/STM32WBxx_HAL_Driver/Src/stm32wbxx_hal_dma.c ****       hdma->ErrorCode |= HAL_DMA_ERROR_REQGEN;
 714:Drivers/STM32WBxx_HAL_Driver/Src/stm32wbxx_hal_dma.c ****     }
ARM GAS  C:\Users\843E~1\AppData\Local\Temp\ccQhwJ9j.s 			page 14


 715:Drivers/STM32WBxx_HAL_Driver/Src/stm32wbxx_hal_dma.c ****   }
 716:Drivers/STM32WBxx_HAL_Driver/Src/stm32wbxx_hal_dma.c **** 
 717:Drivers/STM32WBxx_HAL_Driver/Src/stm32wbxx_hal_dma.c ****   /* Check for DMAMUX Synchronization overrun */
 718:Drivers/STM32WBxx_HAL_Driver/Src/stm32wbxx_hal_dma.c ****   if ((hdma->DMAmuxChannelStatus->CSR & hdma->DMAmuxChannelStatusMask) != 0U)
 719:Drivers/STM32WBxx_HAL_Driver/Src/stm32wbxx_hal_dma.c ****   {
 720:Drivers/STM32WBxx_HAL_Driver/Src/stm32wbxx_hal_dma.c ****     /* Clear the DMAMUX synchro overrun flag */
 721:Drivers/STM32WBxx_HAL_Driver/Src/stm32wbxx_hal_dma.c ****     hdma->DMAmuxChannelStatus->CFR = hdma->DMAmuxChannelStatusMask;
 722:Drivers/STM32WBxx_HAL_Driver/Src/stm32wbxx_hal_dma.c **** 
 723:Drivers/STM32WBxx_HAL_Driver/Src/stm32wbxx_hal_dma.c ****     /* Update error code */
 724:Drivers/STM32WBxx_HAL_Driver/Src/stm32wbxx_hal_dma.c ****     hdma->ErrorCode |= HAL_DMA_ERROR_SYNC;
 725:Drivers/STM32WBxx_HAL_Driver/Src/stm32wbxx_hal_dma.c ****   }
 726:Drivers/STM32WBxx_HAL_Driver/Src/stm32wbxx_hal_dma.c **** 
 727:Drivers/STM32WBxx_HAL_Driver/Src/stm32wbxx_hal_dma.c ****   if (HAL_DMA_FULL_TRANSFER == CompleteLevel)
 728:Drivers/STM32WBxx_HAL_Driver/Src/stm32wbxx_hal_dma.c ****   {
 729:Drivers/STM32WBxx_HAL_Driver/Src/stm32wbxx_hal_dma.c ****     /* Clear the transfer complete flag */
 730:Drivers/STM32WBxx_HAL_Driver/Src/stm32wbxx_hal_dma.c ****     hdma->DmaBaseAddress->IFCR = (DMA_FLAG_TC1 << (hdma->ChannelIndex & 0x1cU));
 731:Drivers/STM32WBxx_HAL_Driver/Src/stm32wbxx_hal_dma.c **** 
 732:Drivers/STM32WBxx_HAL_Driver/Src/stm32wbxx_hal_dma.c ****     /* Process unlocked */
 733:Drivers/STM32WBxx_HAL_Driver/Src/stm32wbxx_hal_dma.c ****     __HAL_UNLOCK(hdma);
 734:Drivers/STM32WBxx_HAL_Driver/Src/stm32wbxx_hal_dma.c **** 
 735:Drivers/STM32WBxx_HAL_Driver/Src/stm32wbxx_hal_dma.c ****     /* The selected Channelx EN bit is cleared (DMA is disabled and
 736:Drivers/STM32WBxx_HAL_Driver/Src/stm32wbxx_hal_dma.c ****     all transfers are complete) */
 737:Drivers/STM32WBxx_HAL_Driver/Src/stm32wbxx_hal_dma.c ****     hdma->State = HAL_DMA_STATE_READY;
 738:Drivers/STM32WBxx_HAL_Driver/Src/stm32wbxx_hal_dma.c ****   }
 739:Drivers/STM32WBxx_HAL_Driver/Src/stm32wbxx_hal_dma.c ****   else
 740:Drivers/STM32WBxx_HAL_Driver/Src/stm32wbxx_hal_dma.c ****   {
 741:Drivers/STM32WBxx_HAL_Driver/Src/stm32wbxx_hal_dma.c ****     /* Clear the half transfer complete flag */
 742:Drivers/STM32WBxx_HAL_Driver/Src/stm32wbxx_hal_dma.c ****     hdma->DmaBaseAddress->IFCR = (DMA_FLAG_HT1 << (hdma->ChannelIndex & 0x1cU));
 743:Drivers/STM32WBxx_HAL_Driver/Src/stm32wbxx_hal_dma.c ****   }
 744:Drivers/STM32WBxx_HAL_Driver/Src/stm32wbxx_hal_dma.c **** 
 745:Drivers/STM32WBxx_HAL_Driver/Src/stm32wbxx_hal_dma.c ****   return HAL_OK;
 746:Drivers/STM32WBxx_HAL_Driver/Src/stm32wbxx_hal_dma.c **** }
 747:Drivers/STM32WBxx_HAL_Driver/Src/stm32wbxx_hal_dma.c **** 
 748:Drivers/STM32WBxx_HAL_Driver/Src/stm32wbxx_hal_dma.c **** /**
 749:Drivers/STM32WBxx_HAL_Driver/Src/stm32wbxx_hal_dma.c ****   * @brief  Handle DMA interrupt request.
 750:Drivers/STM32WBxx_HAL_Driver/Src/stm32wbxx_hal_dma.c ****   * @param hdma Pointer to a DMA_HandleTypeDef structure that contains
 751:Drivers/STM32WBxx_HAL_Driver/Src/stm32wbxx_hal_dma.c ****   *               the configuration information for the specified DMA Channel.
 752:Drivers/STM32WBxx_HAL_Driver/Src/stm32wbxx_hal_dma.c ****   * @retval None
 753:Drivers/STM32WBxx_HAL_Driver/Src/stm32wbxx_hal_dma.c ****   */
 754:Drivers/STM32WBxx_HAL_Driver/Src/stm32wbxx_hal_dma.c **** void HAL_DMA_IRQHandler(DMA_HandleTypeDef *hdma)
 755:Drivers/STM32WBxx_HAL_Driver/Src/stm32wbxx_hal_dma.c **** {
 756:Drivers/STM32WBxx_HAL_Driver/Src/stm32wbxx_hal_dma.c ****   uint32_t flag_it = hdma->DmaBaseAddress->ISR;
 757:Drivers/STM32WBxx_HAL_Driver/Src/stm32wbxx_hal_dma.c ****   uint32_t source_it = hdma->Instance->CCR;
 758:Drivers/STM32WBxx_HAL_Driver/Src/stm32wbxx_hal_dma.c **** 
 759:Drivers/STM32WBxx_HAL_Driver/Src/stm32wbxx_hal_dma.c ****   /* Half Transfer Complete Interrupt management ******************************/
 760:Drivers/STM32WBxx_HAL_Driver/Src/stm32wbxx_hal_dma.c ****   if (((flag_it & (DMA_FLAG_HT1 << (hdma->ChannelIndex & 0x1cU))) != 0U) && ((source_it & DMA_IT_HT
 761:Drivers/STM32WBxx_HAL_Driver/Src/stm32wbxx_hal_dma.c ****   {
 762:Drivers/STM32WBxx_HAL_Driver/Src/stm32wbxx_hal_dma.c ****     /* Disable the half transfer interrupt if the DMA mode is not CIRCULAR */
 763:Drivers/STM32WBxx_HAL_Driver/Src/stm32wbxx_hal_dma.c ****     if ((hdma->Instance->CCR & DMA_CCR_CIRC) == 0U)
 764:Drivers/STM32WBxx_HAL_Driver/Src/stm32wbxx_hal_dma.c ****     {
 765:Drivers/STM32WBxx_HAL_Driver/Src/stm32wbxx_hal_dma.c ****       /* Disable the half transfer interrupt */
 766:Drivers/STM32WBxx_HAL_Driver/Src/stm32wbxx_hal_dma.c ****       __HAL_DMA_DISABLE_IT(hdma, DMA_IT_HT);
 767:Drivers/STM32WBxx_HAL_Driver/Src/stm32wbxx_hal_dma.c ****     }
 768:Drivers/STM32WBxx_HAL_Driver/Src/stm32wbxx_hal_dma.c ****     /* Clear the half transfer complete flag */
 769:Drivers/STM32WBxx_HAL_Driver/Src/stm32wbxx_hal_dma.c ****     hdma->DmaBaseAddress->IFCR = (DMA_ISR_HTIF1 << (hdma->ChannelIndex & 0x1CU));
 770:Drivers/STM32WBxx_HAL_Driver/Src/stm32wbxx_hal_dma.c **** 
 771:Drivers/STM32WBxx_HAL_Driver/Src/stm32wbxx_hal_dma.c ****     /* DMA peripheral state is not updated in Half Transfer */
ARM GAS  C:\Users\843E~1\AppData\Local\Temp\ccQhwJ9j.s 			page 15


 772:Drivers/STM32WBxx_HAL_Driver/Src/stm32wbxx_hal_dma.c ****     /* but in Transfer Complete case */
 773:Drivers/STM32WBxx_HAL_Driver/Src/stm32wbxx_hal_dma.c **** 
 774:Drivers/STM32WBxx_HAL_Driver/Src/stm32wbxx_hal_dma.c ****     if (hdma->XferHalfCpltCallback != NULL)
 775:Drivers/STM32WBxx_HAL_Driver/Src/stm32wbxx_hal_dma.c ****     {
 776:Drivers/STM32WBxx_HAL_Driver/Src/stm32wbxx_hal_dma.c ****       /* Half transfer callback */
 777:Drivers/STM32WBxx_HAL_Driver/Src/stm32wbxx_hal_dma.c ****       hdma->XferHalfCpltCallback(hdma);
 778:Drivers/STM32WBxx_HAL_Driver/Src/stm32wbxx_hal_dma.c ****     }
 779:Drivers/STM32WBxx_HAL_Driver/Src/stm32wbxx_hal_dma.c ****   }
 780:Drivers/STM32WBxx_HAL_Driver/Src/stm32wbxx_hal_dma.c **** 
 781:Drivers/STM32WBxx_HAL_Driver/Src/stm32wbxx_hal_dma.c ****   /* Transfer Complete Interrupt management ***********************************/
 782:Drivers/STM32WBxx_HAL_Driver/Src/stm32wbxx_hal_dma.c ****   else if (((flag_it & (DMA_FLAG_TC1 << (hdma->ChannelIndex & 0x1cU))) != 0U) && ((source_it & DMA_
 783:Drivers/STM32WBxx_HAL_Driver/Src/stm32wbxx_hal_dma.c ****   {
 784:Drivers/STM32WBxx_HAL_Driver/Src/stm32wbxx_hal_dma.c ****     if ((hdma->Instance->CCR & DMA_CCR_CIRC) == 0U)
 785:Drivers/STM32WBxx_HAL_Driver/Src/stm32wbxx_hal_dma.c ****     {
 786:Drivers/STM32WBxx_HAL_Driver/Src/stm32wbxx_hal_dma.c ****       /* Disable the transfer complete and error interrupt */
 787:Drivers/STM32WBxx_HAL_Driver/Src/stm32wbxx_hal_dma.c ****       __HAL_DMA_DISABLE_IT(hdma, DMA_IT_TE | DMA_IT_TC);
 788:Drivers/STM32WBxx_HAL_Driver/Src/stm32wbxx_hal_dma.c **** 
 789:Drivers/STM32WBxx_HAL_Driver/Src/stm32wbxx_hal_dma.c ****       /* Change the DMA state */
 790:Drivers/STM32WBxx_HAL_Driver/Src/stm32wbxx_hal_dma.c ****       hdma->State = HAL_DMA_STATE_READY;
 791:Drivers/STM32WBxx_HAL_Driver/Src/stm32wbxx_hal_dma.c ****     }
 792:Drivers/STM32WBxx_HAL_Driver/Src/stm32wbxx_hal_dma.c ****     /* Clear the transfer complete flag */
 793:Drivers/STM32WBxx_HAL_Driver/Src/stm32wbxx_hal_dma.c ****     hdma->DmaBaseAddress->IFCR = (DMA_ISR_TCIF1 << (hdma->ChannelIndex & 0x1cU));
 794:Drivers/STM32WBxx_HAL_Driver/Src/stm32wbxx_hal_dma.c **** 
 795:Drivers/STM32WBxx_HAL_Driver/Src/stm32wbxx_hal_dma.c ****     /* Process Unlocked */
 796:Drivers/STM32WBxx_HAL_Driver/Src/stm32wbxx_hal_dma.c ****     __HAL_UNLOCK(hdma);
 797:Drivers/STM32WBxx_HAL_Driver/Src/stm32wbxx_hal_dma.c **** 
 798:Drivers/STM32WBxx_HAL_Driver/Src/stm32wbxx_hal_dma.c ****     if (hdma->XferCpltCallback != NULL)
 799:Drivers/STM32WBxx_HAL_Driver/Src/stm32wbxx_hal_dma.c ****     {
 800:Drivers/STM32WBxx_HAL_Driver/Src/stm32wbxx_hal_dma.c ****       /* Transfer complete callback */
 801:Drivers/STM32WBxx_HAL_Driver/Src/stm32wbxx_hal_dma.c ****       hdma->XferCpltCallback(hdma);
 802:Drivers/STM32WBxx_HAL_Driver/Src/stm32wbxx_hal_dma.c ****     }
 803:Drivers/STM32WBxx_HAL_Driver/Src/stm32wbxx_hal_dma.c ****   }
 804:Drivers/STM32WBxx_HAL_Driver/Src/stm32wbxx_hal_dma.c **** 
 805:Drivers/STM32WBxx_HAL_Driver/Src/stm32wbxx_hal_dma.c ****   /* Transfer Error Interrupt management **************************************/
 806:Drivers/STM32WBxx_HAL_Driver/Src/stm32wbxx_hal_dma.c ****   else if (((flag_it & (DMA_FLAG_TE1 << (hdma->ChannelIndex & 0x1cU))) != 0U) && ((source_it & DMA_
 807:Drivers/STM32WBxx_HAL_Driver/Src/stm32wbxx_hal_dma.c ****   {
 808:Drivers/STM32WBxx_HAL_Driver/Src/stm32wbxx_hal_dma.c ****     /* When a DMA transfer error occurs */
 809:Drivers/STM32WBxx_HAL_Driver/Src/stm32wbxx_hal_dma.c ****     /* A hardware clear of its EN bits is performed */
 810:Drivers/STM32WBxx_HAL_Driver/Src/stm32wbxx_hal_dma.c ****     /* Disable ALL DMA IT */
 811:Drivers/STM32WBxx_HAL_Driver/Src/stm32wbxx_hal_dma.c ****     __HAL_DMA_DISABLE_IT(hdma, (DMA_IT_TC | DMA_IT_HT | DMA_IT_TE));
 812:Drivers/STM32WBxx_HAL_Driver/Src/stm32wbxx_hal_dma.c **** 
 813:Drivers/STM32WBxx_HAL_Driver/Src/stm32wbxx_hal_dma.c ****     /* Clear all flags */
 814:Drivers/STM32WBxx_HAL_Driver/Src/stm32wbxx_hal_dma.c ****     hdma->DmaBaseAddress->IFCR = (DMA_ISR_GIF1 << (hdma->ChannelIndex & 0x1cU));
 815:Drivers/STM32WBxx_HAL_Driver/Src/stm32wbxx_hal_dma.c **** 
 816:Drivers/STM32WBxx_HAL_Driver/Src/stm32wbxx_hal_dma.c ****     /* Update error code */
 817:Drivers/STM32WBxx_HAL_Driver/Src/stm32wbxx_hal_dma.c ****     hdma->ErrorCode = HAL_DMA_ERROR_TE;
 818:Drivers/STM32WBxx_HAL_Driver/Src/stm32wbxx_hal_dma.c **** 
 819:Drivers/STM32WBxx_HAL_Driver/Src/stm32wbxx_hal_dma.c ****     /* Change the DMA state */
 820:Drivers/STM32WBxx_HAL_Driver/Src/stm32wbxx_hal_dma.c ****     hdma->State = HAL_DMA_STATE_READY;
 821:Drivers/STM32WBxx_HAL_Driver/Src/stm32wbxx_hal_dma.c **** 
 822:Drivers/STM32WBxx_HAL_Driver/Src/stm32wbxx_hal_dma.c ****     /* Process Unlocked */
 823:Drivers/STM32WBxx_HAL_Driver/Src/stm32wbxx_hal_dma.c ****     __HAL_UNLOCK(hdma);
 824:Drivers/STM32WBxx_HAL_Driver/Src/stm32wbxx_hal_dma.c **** 
 825:Drivers/STM32WBxx_HAL_Driver/Src/stm32wbxx_hal_dma.c ****     if (hdma->XferErrorCallback != NULL)
 826:Drivers/STM32WBxx_HAL_Driver/Src/stm32wbxx_hal_dma.c ****     {
 827:Drivers/STM32WBxx_HAL_Driver/Src/stm32wbxx_hal_dma.c ****       /* Transfer error callback */
 828:Drivers/STM32WBxx_HAL_Driver/Src/stm32wbxx_hal_dma.c ****       hdma->XferErrorCallback(hdma);
ARM GAS  C:\Users\843E~1\AppData\Local\Temp\ccQhwJ9j.s 			page 16


 829:Drivers/STM32WBxx_HAL_Driver/Src/stm32wbxx_hal_dma.c ****     }
 830:Drivers/STM32WBxx_HAL_Driver/Src/stm32wbxx_hal_dma.c ****   }
 831:Drivers/STM32WBxx_HAL_Driver/Src/stm32wbxx_hal_dma.c ****   else
 832:Drivers/STM32WBxx_HAL_Driver/Src/stm32wbxx_hal_dma.c ****   {
 833:Drivers/STM32WBxx_HAL_Driver/Src/stm32wbxx_hal_dma.c ****     /* Nothing To Do */
 834:Drivers/STM32WBxx_HAL_Driver/Src/stm32wbxx_hal_dma.c ****   }
 835:Drivers/STM32WBxx_HAL_Driver/Src/stm32wbxx_hal_dma.c ****   return;
 836:Drivers/STM32WBxx_HAL_Driver/Src/stm32wbxx_hal_dma.c **** }
 837:Drivers/STM32WBxx_HAL_Driver/Src/stm32wbxx_hal_dma.c **** 
 838:Drivers/STM32WBxx_HAL_Driver/Src/stm32wbxx_hal_dma.c **** /**
 839:Drivers/STM32WBxx_HAL_Driver/Src/stm32wbxx_hal_dma.c ****   * @brief  Register callbacks
 840:Drivers/STM32WBxx_HAL_Driver/Src/stm32wbxx_hal_dma.c ****   * @param hdma Pointer to a DMA_HandleTypeDef structure that contains
 841:Drivers/STM32WBxx_HAL_Driver/Src/stm32wbxx_hal_dma.c ****   *                               the configuration information for the specified DMA Channel.
 842:Drivers/STM32WBxx_HAL_Driver/Src/stm32wbxx_hal_dma.c ****   * @param CallbackID User Callback identifier
 843:Drivers/STM32WBxx_HAL_Driver/Src/stm32wbxx_hal_dma.c ****   *                               a HAL_DMA_CallbackIDTypeDef ENUM as parameter.
 844:Drivers/STM32WBxx_HAL_Driver/Src/stm32wbxx_hal_dma.c ****   * @param pCallback Pointer to private callback function which has pointer to
 845:Drivers/STM32WBxx_HAL_Driver/Src/stm32wbxx_hal_dma.c ****   *                               a DMA_HandleTypeDef structure as parameter.
 846:Drivers/STM32WBxx_HAL_Driver/Src/stm32wbxx_hal_dma.c ****   * @retval HAL status
 847:Drivers/STM32WBxx_HAL_Driver/Src/stm32wbxx_hal_dma.c ****   */
 848:Drivers/STM32WBxx_HAL_Driver/Src/stm32wbxx_hal_dma.c **** HAL_StatusTypeDef HAL_DMA_RegisterCallback(DMA_HandleTypeDef *hdma, HAL_DMA_CallbackIDTypeDef Callb
 849:Drivers/STM32WBxx_HAL_Driver/Src/stm32wbxx_hal_dma.c **** {
 850:Drivers/STM32WBxx_HAL_Driver/Src/stm32wbxx_hal_dma.c ****   HAL_StatusTypeDef status = HAL_OK;
 851:Drivers/STM32WBxx_HAL_Driver/Src/stm32wbxx_hal_dma.c **** 
 852:Drivers/STM32WBxx_HAL_Driver/Src/stm32wbxx_hal_dma.c ****   /* Process locked */
 853:Drivers/STM32WBxx_HAL_Driver/Src/stm32wbxx_hal_dma.c ****   __HAL_LOCK(hdma);
 854:Drivers/STM32WBxx_HAL_Driver/Src/stm32wbxx_hal_dma.c **** 
 855:Drivers/STM32WBxx_HAL_Driver/Src/stm32wbxx_hal_dma.c ****   if (HAL_DMA_STATE_READY == hdma->State)
 856:Drivers/STM32WBxx_HAL_Driver/Src/stm32wbxx_hal_dma.c ****   {
 857:Drivers/STM32WBxx_HAL_Driver/Src/stm32wbxx_hal_dma.c ****     switch (CallbackID)
 858:Drivers/STM32WBxx_HAL_Driver/Src/stm32wbxx_hal_dma.c ****     {
 859:Drivers/STM32WBxx_HAL_Driver/Src/stm32wbxx_hal_dma.c ****       case  HAL_DMA_XFER_CPLT_CB_ID:
 860:Drivers/STM32WBxx_HAL_Driver/Src/stm32wbxx_hal_dma.c ****         hdma->XferCpltCallback = pCallback;
 861:Drivers/STM32WBxx_HAL_Driver/Src/stm32wbxx_hal_dma.c ****         break;
 862:Drivers/STM32WBxx_HAL_Driver/Src/stm32wbxx_hal_dma.c **** 
 863:Drivers/STM32WBxx_HAL_Driver/Src/stm32wbxx_hal_dma.c ****       case  HAL_DMA_XFER_HALFCPLT_CB_ID:
 864:Drivers/STM32WBxx_HAL_Driver/Src/stm32wbxx_hal_dma.c ****         hdma->XferHalfCpltCallback = pCallback;
 865:Drivers/STM32WBxx_HAL_Driver/Src/stm32wbxx_hal_dma.c ****         break;
 866:Drivers/STM32WBxx_HAL_Driver/Src/stm32wbxx_hal_dma.c **** 
 867:Drivers/STM32WBxx_HAL_Driver/Src/stm32wbxx_hal_dma.c ****       case  HAL_DMA_XFER_ERROR_CB_ID:
 868:Drivers/STM32WBxx_HAL_Driver/Src/stm32wbxx_hal_dma.c ****         hdma->XferErrorCallback = pCallback;
 869:Drivers/STM32WBxx_HAL_Driver/Src/stm32wbxx_hal_dma.c ****         break;
 870:Drivers/STM32WBxx_HAL_Driver/Src/stm32wbxx_hal_dma.c **** 
 871:Drivers/STM32WBxx_HAL_Driver/Src/stm32wbxx_hal_dma.c ****       case  HAL_DMA_XFER_ABORT_CB_ID:
 872:Drivers/STM32WBxx_HAL_Driver/Src/stm32wbxx_hal_dma.c ****         hdma->XferAbortCallback = pCallback;
 873:Drivers/STM32WBxx_HAL_Driver/Src/stm32wbxx_hal_dma.c ****         break;
 874:Drivers/STM32WBxx_HAL_Driver/Src/stm32wbxx_hal_dma.c **** 
 875:Drivers/STM32WBxx_HAL_Driver/Src/stm32wbxx_hal_dma.c ****       default:
 876:Drivers/STM32WBxx_HAL_Driver/Src/stm32wbxx_hal_dma.c ****         status = HAL_ERROR;
 877:Drivers/STM32WBxx_HAL_Driver/Src/stm32wbxx_hal_dma.c ****         break;
 878:Drivers/STM32WBxx_HAL_Driver/Src/stm32wbxx_hal_dma.c ****     }
 879:Drivers/STM32WBxx_HAL_Driver/Src/stm32wbxx_hal_dma.c ****   }
 880:Drivers/STM32WBxx_HAL_Driver/Src/stm32wbxx_hal_dma.c ****   else
 881:Drivers/STM32WBxx_HAL_Driver/Src/stm32wbxx_hal_dma.c ****   {
 882:Drivers/STM32WBxx_HAL_Driver/Src/stm32wbxx_hal_dma.c ****     status = HAL_ERROR;
 883:Drivers/STM32WBxx_HAL_Driver/Src/stm32wbxx_hal_dma.c ****   }
 884:Drivers/STM32WBxx_HAL_Driver/Src/stm32wbxx_hal_dma.c **** 
 885:Drivers/STM32WBxx_HAL_Driver/Src/stm32wbxx_hal_dma.c ****   /* Release Lock */
ARM GAS  C:\Users\843E~1\AppData\Local\Temp\ccQhwJ9j.s 			page 17


 886:Drivers/STM32WBxx_HAL_Driver/Src/stm32wbxx_hal_dma.c ****   __HAL_UNLOCK(hdma);
 887:Drivers/STM32WBxx_HAL_Driver/Src/stm32wbxx_hal_dma.c **** 
 888:Drivers/STM32WBxx_HAL_Driver/Src/stm32wbxx_hal_dma.c ****   return status;
 889:Drivers/STM32WBxx_HAL_Driver/Src/stm32wbxx_hal_dma.c **** }
 890:Drivers/STM32WBxx_HAL_Driver/Src/stm32wbxx_hal_dma.c **** 
 891:Drivers/STM32WBxx_HAL_Driver/Src/stm32wbxx_hal_dma.c **** /**
 892:Drivers/STM32WBxx_HAL_Driver/Src/stm32wbxx_hal_dma.c ****   * @brief  UnRegister callbacks
 893:Drivers/STM32WBxx_HAL_Driver/Src/stm32wbxx_hal_dma.c ****   * @param hdma Pointer to a DMA_HandleTypeDef structure that contains
 894:Drivers/STM32WBxx_HAL_Driver/Src/stm32wbxx_hal_dma.c ****   *                               the configuration information for the specified DMA Channel.
 895:Drivers/STM32WBxx_HAL_Driver/Src/stm32wbxx_hal_dma.c ****   * @param CallbackID User Callback identifier
 896:Drivers/STM32WBxx_HAL_Driver/Src/stm32wbxx_hal_dma.c ****   *                               a HAL_DMA_CallbackIDTypeDef ENUM as parameter.
 897:Drivers/STM32WBxx_HAL_Driver/Src/stm32wbxx_hal_dma.c ****   * @retval HAL status
 898:Drivers/STM32WBxx_HAL_Driver/Src/stm32wbxx_hal_dma.c ****   */
 899:Drivers/STM32WBxx_HAL_Driver/Src/stm32wbxx_hal_dma.c **** HAL_StatusTypeDef HAL_DMA_UnRegisterCallback(DMA_HandleTypeDef *hdma, HAL_DMA_CallbackIDTypeDef Cal
 900:Drivers/STM32WBxx_HAL_Driver/Src/stm32wbxx_hal_dma.c **** {
 901:Drivers/STM32WBxx_HAL_Driver/Src/stm32wbxx_hal_dma.c ****   HAL_StatusTypeDef status = HAL_OK;
 902:Drivers/STM32WBxx_HAL_Driver/Src/stm32wbxx_hal_dma.c **** 
 903:Drivers/STM32WBxx_HAL_Driver/Src/stm32wbxx_hal_dma.c ****   /* Process locked */
 904:Drivers/STM32WBxx_HAL_Driver/Src/stm32wbxx_hal_dma.c ****   __HAL_LOCK(hdma);
 905:Drivers/STM32WBxx_HAL_Driver/Src/stm32wbxx_hal_dma.c **** 
 906:Drivers/STM32WBxx_HAL_Driver/Src/stm32wbxx_hal_dma.c ****   if (HAL_DMA_STATE_READY == hdma->State)
 907:Drivers/STM32WBxx_HAL_Driver/Src/stm32wbxx_hal_dma.c ****   {
 908:Drivers/STM32WBxx_HAL_Driver/Src/stm32wbxx_hal_dma.c ****     switch (CallbackID)
 909:Drivers/STM32WBxx_HAL_Driver/Src/stm32wbxx_hal_dma.c ****     {
 910:Drivers/STM32WBxx_HAL_Driver/Src/stm32wbxx_hal_dma.c ****       case  HAL_DMA_XFER_CPLT_CB_ID:
 911:Drivers/STM32WBxx_HAL_Driver/Src/stm32wbxx_hal_dma.c ****         hdma->XferCpltCallback = NULL;
 912:Drivers/STM32WBxx_HAL_Driver/Src/stm32wbxx_hal_dma.c ****         break;
 913:Drivers/STM32WBxx_HAL_Driver/Src/stm32wbxx_hal_dma.c **** 
 914:Drivers/STM32WBxx_HAL_Driver/Src/stm32wbxx_hal_dma.c ****       case  HAL_DMA_XFER_HALFCPLT_CB_ID:
 915:Drivers/STM32WBxx_HAL_Driver/Src/stm32wbxx_hal_dma.c ****         hdma->XferHalfCpltCallback = NULL;
 916:Drivers/STM32WBxx_HAL_Driver/Src/stm32wbxx_hal_dma.c ****         break;
 917:Drivers/STM32WBxx_HAL_Driver/Src/stm32wbxx_hal_dma.c **** 
 918:Drivers/STM32WBxx_HAL_Driver/Src/stm32wbxx_hal_dma.c ****       case  HAL_DMA_XFER_ERROR_CB_ID:
 919:Drivers/STM32WBxx_HAL_Driver/Src/stm32wbxx_hal_dma.c ****         hdma->XferErrorCallback = NULL;
 920:Drivers/STM32WBxx_HAL_Driver/Src/stm32wbxx_hal_dma.c ****         break;
 921:Drivers/STM32WBxx_HAL_Driver/Src/stm32wbxx_hal_dma.c **** 
 922:Drivers/STM32WBxx_HAL_Driver/Src/stm32wbxx_hal_dma.c ****       case  HAL_DMA_XFER_ABORT_CB_ID:
 923:Drivers/STM32WBxx_HAL_Driver/Src/stm32wbxx_hal_dma.c ****         hdma->XferAbortCallback = NULL;
 924:Drivers/STM32WBxx_HAL_Driver/Src/stm32wbxx_hal_dma.c ****         break;
 925:Drivers/STM32WBxx_HAL_Driver/Src/stm32wbxx_hal_dma.c **** 
 926:Drivers/STM32WBxx_HAL_Driver/Src/stm32wbxx_hal_dma.c ****       case   HAL_DMA_XFER_ALL_CB_ID:
 927:Drivers/STM32WBxx_HAL_Driver/Src/stm32wbxx_hal_dma.c ****         hdma->XferCpltCallback = NULL;
 928:Drivers/STM32WBxx_HAL_Driver/Src/stm32wbxx_hal_dma.c ****         hdma->XferHalfCpltCallback = NULL;
 929:Drivers/STM32WBxx_HAL_Driver/Src/stm32wbxx_hal_dma.c ****         hdma->XferErrorCallback = NULL;
 930:Drivers/STM32WBxx_HAL_Driver/Src/stm32wbxx_hal_dma.c ****         hdma->XferAbortCallback = NULL;
 931:Drivers/STM32WBxx_HAL_Driver/Src/stm32wbxx_hal_dma.c ****         break;
 932:Drivers/STM32WBxx_HAL_Driver/Src/stm32wbxx_hal_dma.c **** 
 933:Drivers/STM32WBxx_HAL_Driver/Src/stm32wbxx_hal_dma.c ****       default:
 934:Drivers/STM32WBxx_HAL_Driver/Src/stm32wbxx_hal_dma.c ****         status = HAL_ERROR;
 935:Drivers/STM32WBxx_HAL_Driver/Src/stm32wbxx_hal_dma.c ****         break;
 936:Drivers/STM32WBxx_HAL_Driver/Src/stm32wbxx_hal_dma.c ****     }
 937:Drivers/STM32WBxx_HAL_Driver/Src/stm32wbxx_hal_dma.c ****   }
 938:Drivers/STM32WBxx_HAL_Driver/Src/stm32wbxx_hal_dma.c ****   else
 939:Drivers/STM32WBxx_HAL_Driver/Src/stm32wbxx_hal_dma.c ****   {
 940:Drivers/STM32WBxx_HAL_Driver/Src/stm32wbxx_hal_dma.c ****     status = HAL_ERROR;
 941:Drivers/STM32WBxx_HAL_Driver/Src/stm32wbxx_hal_dma.c ****   }
 942:Drivers/STM32WBxx_HAL_Driver/Src/stm32wbxx_hal_dma.c **** 
ARM GAS  C:\Users\843E~1\AppData\Local\Temp\ccQhwJ9j.s 			page 18


 943:Drivers/STM32WBxx_HAL_Driver/Src/stm32wbxx_hal_dma.c ****   /* Release Lock */
 944:Drivers/STM32WBxx_HAL_Driver/Src/stm32wbxx_hal_dma.c ****   __HAL_UNLOCK(hdma);
 945:Drivers/STM32WBxx_HAL_Driver/Src/stm32wbxx_hal_dma.c **** 
 946:Drivers/STM32WBxx_HAL_Driver/Src/stm32wbxx_hal_dma.c ****   return status;
 947:Drivers/STM32WBxx_HAL_Driver/Src/stm32wbxx_hal_dma.c **** }
 948:Drivers/STM32WBxx_HAL_Driver/Src/stm32wbxx_hal_dma.c **** 
 949:Drivers/STM32WBxx_HAL_Driver/Src/stm32wbxx_hal_dma.c **** /**
 950:Drivers/STM32WBxx_HAL_Driver/Src/stm32wbxx_hal_dma.c ****   * @}
 951:Drivers/STM32WBxx_HAL_Driver/Src/stm32wbxx_hal_dma.c ****   */
 952:Drivers/STM32WBxx_HAL_Driver/Src/stm32wbxx_hal_dma.c **** 
 953:Drivers/STM32WBxx_HAL_Driver/Src/stm32wbxx_hal_dma.c **** 
 954:Drivers/STM32WBxx_HAL_Driver/Src/stm32wbxx_hal_dma.c **** 
 955:Drivers/STM32WBxx_HAL_Driver/Src/stm32wbxx_hal_dma.c **** /** @defgroup DMA_Exported_Functions_Group3 Peripheral State and Errors functions
 956:Drivers/STM32WBxx_HAL_Driver/Src/stm32wbxx_hal_dma.c ****   *  @brief    Peripheral State and Errors functions
 957:Drivers/STM32WBxx_HAL_Driver/Src/stm32wbxx_hal_dma.c ****   *
 958:Drivers/STM32WBxx_HAL_Driver/Src/stm32wbxx_hal_dma.c **** @verbatim
 959:Drivers/STM32WBxx_HAL_Driver/Src/stm32wbxx_hal_dma.c ****  ===============================================================================
 960:Drivers/STM32WBxx_HAL_Driver/Src/stm32wbxx_hal_dma.c ****             ##### Peripheral State and Errors functions #####
 961:Drivers/STM32WBxx_HAL_Driver/Src/stm32wbxx_hal_dma.c ****  ===============================================================================
 962:Drivers/STM32WBxx_HAL_Driver/Src/stm32wbxx_hal_dma.c ****     [..]
 963:Drivers/STM32WBxx_HAL_Driver/Src/stm32wbxx_hal_dma.c ****     This subsection provides functions allowing to
 964:Drivers/STM32WBxx_HAL_Driver/Src/stm32wbxx_hal_dma.c ****       (+) Check the DMA state
 965:Drivers/STM32WBxx_HAL_Driver/Src/stm32wbxx_hal_dma.c ****       (+) Get error code
 966:Drivers/STM32WBxx_HAL_Driver/Src/stm32wbxx_hal_dma.c **** 
 967:Drivers/STM32WBxx_HAL_Driver/Src/stm32wbxx_hal_dma.c **** @endverbatim
 968:Drivers/STM32WBxx_HAL_Driver/Src/stm32wbxx_hal_dma.c ****   * @{
 969:Drivers/STM32WBxx_HAL_Driver/Src/stm32wbxx_hal_dma.c ****   */
 970:Drivers/STM32WBxx_HAL_Driver/Src/stm32wbxx_hal_dma.c **** 
 971:Drivers/STM32WBxx_HAL_Driver/Src/stm32wbxx_hal_dma.c **** /**
 972:Drivers/STM32WBxx_HAL_Driver/Src/stm32wbxx_hal_dma.c ****   * @brief  Return the DMA handle state.
 973:Drivers/STM32WBxx_HAL_Driver/Src/stm32wbxx_hal_dma.c ****   * @param hdma Pointer to a DMA_HandleTypeDef structure that contains
 974:Drivers/STM32WBxx_HAL_Driver/Src/stm32wbxx_hal_dma.c ****   *               the configuration information for the specified DMA Channel.
 975:Drivers/STM32WBxx_HAL_Driver/Src/stm32wbxx_hal_dma.c ****   * @retval HAL state
 976:Drivers/STM32WBxx_HAL_Driver/Src/stm32wbxx_hal_dma.c ****   */
 977:Drivers/STM32WBxx_HAL_Driver/Src/stm32wbxx_hal_dma.c **** HAL_DMA_StateTypeDef HAL_DMA_GetState(DMA_HandleTypeDef *hdma)
 978:Drivers/STM32WBxx_HAL_Driver/Src/stm32wbxx_hal_dma.c **** {
 979:Drivers/STM32WBxx_HAL_Driver/Src/stm32wbxx_hal_dma.c ****   /* Return DMA handle state */
 980:Drivers/STM32WBxx_HAL_Driver/Src/stm32wbxx_hal_dma.c ****   return hdma->State;
 981:Drivers/STM32WBxx_HAL_Driver/Src/stm32wbxx_hal_dma.c **** }
 982:Drivers/STM32WBxx_HAL_Driver/Src/stm32wbxx_hal_dma.c **** 
 983:Drivers/STM32WBxx_HAL_Driver/Src/stm32wbxx_hal_dma.c **** /**
 984:Drivers/STM32WBxx_HAL_Driver/Src/stm32wbxx_hal_dma.c ****   * @brief  Return the DMA error code.
 985:Drivers/STM32WBxx_HAL_Driver/Src/stm32wbxx_hal_dma.c ****   * @param  hdma Pointer to a DMA_HandleTypeDef structure that contains
 986:Drivers/STM32WBxx_HAL_Driver/Src/stm32wbxx_hal_dma.c ****   *              the configuration information for the specified DMA Channel.
 987:Drivers/STM32WBxx_HAL_Driver/Src/stm32wbxx_hal_dma.c ****   * @retval DMA Error Code
 988:Drivers/STM32WBxx_HAL_Driver/Src/stm32wbxx_hal_dma.c ****   */
 989:Drivers/STM32WBxx_HAL_Driver/Src/stm32wbxx_hal_dma.c **** uint32_t HAL_DMA_GetError(DMA_HandleTypeDef *hdma)
 990:Drivers/STM32WBxx_HAL_Driver/Src/stm32wbxx_hal_dma.c **** {
 991:Drivers/STM32WBxx_HAL_Driver/Src/stm32wbxx_hal_dma.c ****   return hdma->ErrorCode;
 992:Drivers/STM32WBxx_HAL_Driver/Src/stm32wbxx_hal_dma.c **** }
 993:Drivers/STM32WBxx_HAL_Driver/Src/stm32wbxx_hal_dma.c **** 
 994:Drivers/STM32WBxx_HAL_Driver/Src/stm32wbxx_hal_dma.c **** /**
 995:Drivers/STM32WBxx_HAL_Driver/Src/stm32wbxx_hal_dma.c ****   * @}
 996:Drivers/STM32WBxx_HAL_Driver/Src/stm32wbxx_hal_dma.c ****   */
 997:Drivers/STM32WBxx_HAL_Driver/Src/stm32wbxx_hal_dma.c **** 
 998:Drivers/STM32WBxx_HAL_Driver/Src/stm32wbxx_hal_dma.c **** /**
 999:Drivers/STM32WBxx_HAL_Driver/Src/stm32wbxx_hal_dma.c ****   * @}
ARM GAS  C:\Users\843E~1\AppData\Local\Temp\ccQhwJ9j.s 			page 19


1000:Drivers/STM32WBxx_HAL_Driver/Src/stm32wbxx_hal_dma.c ****   */
1001:Drivers/STM32WBxx_HAL_Driver/Src/stm32wbxx_hal_dma.c **** 
1002:Drivers/STM32WBxx_HAL_Driver/Src/stm32wbxx_hal_dma.c **** /** @addtogroup DMA_Private_Functions
1003:Drivers/STM32WBxx_HAL_Driver/Src/stm32wbxx_hal_dma.c ****   * @{
1004:Drivers/STM32WBxx_HAL_Driver/Src/stm32wbxx_hal_dma.c ****   */
1005:Drivers/STM32WBxx_HAL_Driver/Src/stm32wbxx_hal_dma.c **** 
1006:Drivers/STM32WBxx_HAL_Driver/Src/stm32wbxx_hal_dma.c **** /**
1007:Drivers/STM32WBxx_HAL_Driver/Src/stm32wbxx_hal_dma.c ****   * @brief  Sets the DMA Transfer parameter.
1008:Drivers/STM32WBxx_HAL_Driver/Src/stm32wbxx_hal_dma.c ****   * @param hdma Pointer to a DMA_HandleTypeDef structure that contains
1009:Drivers/STM32WBxx_HAL_Driver/Src/stm32wbxx_hal_dma.c ****   *                     the configuration information for the specified DMA Channel.
1010:Drivers/STM32WBxx_HAL_Driver/Src/stm32wbxx_hal_dma.c ****   * @param SrcAddress The source memory Buffer address
1011:Drivers/STM32WBxx_HAL_Driver/Src/stm32wbxx_hal_dma.c ****   * @param DstAddress The destination memory Buffer address
1012:Drivers/STM32WBxx_HAL_Driver/Src/stm32wbxx_hal_dma.c ****   * @param DataLength The length of data to be transferred from source to destination
1013:Drivers/STM32WBxx_HAL_Driver/Src/stm32wbxx_hal_dma.c ****   * @retval HAL status
1014:Drivers/STM32WBxx_HAL_Driver/Src/stm32wbxx_hal_dma.c ****   */
1015:Drivers/STM32WBxx_HAL_Driver/Src/stm32wbxx_hal_dma.c **** static void DMA_SetConfig(DMA_HandleTypeDef *hdma, uint32_t SrcAddress, uint32_t DstAddress, uint32
1016:Drivers/STM32WBxx_HAL_Driver/Src/stm32wbxx_hal_dma.c **** {
  29              		.loc 1 1016 1 view -0
  30              		.cfi_startproc
  31              		@ args = 0, pretend = 0, frame = 0
  32              		@ frame_needed = 0, uses_anonymous_args = 0
  33              		@ link register save eliminated.
  34              		.loc 1 1016 1 is_stmt 0 view .LVU1
  35 0000 30B4     		push	{r4, r5}
  36              	.LCFI0:
  37              		.cfi_def_cfa_offset 8
  38              		.cfi_offset 4, -8
  39              		.cfi_offset 5, -4
1017:Drivers/STM32WBxx_HAL_Driver/Src/stm32wbxx_hal_dma.c ****   /* Clear the DMAMUX synchro overrun flag */
1018:Drivers/STM32WBxx_HAL_Driver/Src/stm32wbxx_hal_dma.c ****   hdma->DMAmuxChannelStatus->CFR = hdma->DMAmuxChannelStatusMask;
  40              		.loc 1 1018 3 is_stmt 1 view .LVU2
  41              		.loc 1 1018 7 is_stmt 0 view .LVU3
  42 0002 C46C     		ldr	r4, [r0, #76]
  43              		.loc 1 1018 34 view .LVU4
  44 0004 056D     		ldr	r5, [r0, #80]
  45 0006 6560     		str	r5, [r4, #4]
1019:Drivers/STM32WBxx_HAL_Driver/Src/stm32wbxx_hal_dma.c **** 
1020:Drivers/STM32WBxx_HAL_Driver/Src/stm32wbxx_hal_dma.c ****   if (hdma->DMAmuxRequestGen != 0U)
  46              		.loc 1 1020 3 is_stmt 1 view .LVU5
  47              		.loc 1 1020 11 is_stmt 0 view .LVU6
  48 0008 446D     		ldr	r4, [r0, #84]
  49              		.loc 1 1020 6 view .LVU7
  50 000a 14B1     		cbz	r4, .L2
1021:Drivers/STM32WBxx_HAL_Driver/Src/stm32wbxx_hal_dma.c ****   {
1022:Drivers/STM32WBxx_HAL_Driver/Src/stm32wbxx_hal_dma.c ****     /* Clear the DMAMUX request generator overrun flag */
1023:Drivers/STM32WBxx_HAL_Driver/Src/stm32wbxx_hal_dma.c ****     hdma->DMAmuxRequestGenStatus->RGCFR = hdma->DMAmuxRequestGenStatusMask;
  51              		.loc 1 1023 5 is_stmt 1 view .LVU8
  52              		.loc 1 1023 9 is_stmt 0 view .LVU9
  53 000c 846D     		ldr	r4, [r0, #88]
  54              		.loc 1 1023 41 view .LVU10
  55 000e C56D     		ldr	r5, [r0, #92]
  56 0010 6560     		str	r5, [r4, #4]
  57              	.L2:
1024:Drivers/STM32WBxx_HAL_Driver/Src/stm32wbxx_hal_dma.c ****   }
1025:Drivers/STM32WBxx_HAL_Driver/Src/stm32wbxx_hal_dma.c **** 
1026:Drivers/STM32WBxx_HAL_Driver/Src/stm32wbxx_hal_dma.c ****   /* Clear all flags */
1027:Drivers/STM32WBxx_HAL_Driver/Src/stm32wbxx_hal_dma.c ****   hdma->DmaBaseAddress->IFCR = (DMA_ISR_GIF1 << (hdma->ChannelIndex & 0x1cU));
ARM GAS  C:\Users\843E~1\AppData\Local\Temp\ccQhwJ9j.s 			page 20


  58              		.loc 1 1027 3 is_stmt 1 view .LVU11
  59              		.loc 1 1027 54 is_stmt 0 view .LVU12
  60 0012 446C     		ldr	r4, [r0, #68]
  61              		.loc 1 1027 69 view .LVU13
  62 0014 04F01C0C 		and	ip, r4, #28
  63              		.loc 1 1027 46 view .LVU14
  64 0018 0124     		movs	r4, #1
  65 001a 04FA0CF4 		lsl	r4, r4, ip
  66              		.loc 1 1027 30 view .LVU15
  67 001e 056C     		ldr	r5, [r0, #64]
  68 0020 6C60     		str	r4, [r5, #4]
1028:Drivers/STM32WBxx_HAL_Driver/Src/stm32wbxx_hal_dma.c **** 
1029:Drivers/STM32WBxx_HAL_Driver/Src/stm32wbxx_hal_dma.c ****   /* Configure DMA Channel data length */
1030:Drivers/STM32WBxx_HAL_Driver/Src/stm32wbxx_hal_dma.c ****   hdma->Instance->CNDTR = DataLength;
  69              		.loc 1 1030 3 is_stmt 1 view .LVU16
  70              		.loc 1 1030 7 is_stmt 0 view .LVU17
  71 0022 0468     		ldr	r4, [r0]
  72              		.loc 1 1030 25 view .LVU18
  73 0024 6360     		str	r3, [r4, #4]
1031:Drivers/STM32WBxx_HAL_Driver/Src/stm32wbxx_hal_dma.c **** 
1032:Drivers/STM32WBxx_HAL_Driver/Src/stm32wbxx_hal_dma.c ****   /* Memory to Peripheral */
1033:Drivers/STM32WBxx_HAL_Driver/Src/stm32wbxx_hal_dma.c ****   if ((hdma->Init.Direction) == DMA_MEMORY_TO_PERIPH)
  74              		.loc 1 1033 3 is_stmt 1 view .LVU19
  75              		.loc 1 1033 18 is_stmt 0 view .LVU20
  76 0026 8368     		ldr	r3, [r0, #8]
  77              	.LVL1:
  78              		.loc 1 1033 6 view .LVU21
  79 0028 102B     		cmp	r3, #16
  80 002a 05D0     		beq	.L6
1034:Drivers/STM32WBxx_HAL_Driver/Src/stm32wbxx_hal_dma.c ****   {
1035:Drivers/STM32WBxx_HAL_Driver/Src/stm32wbxx_hal_dma.c ****     /* Configure DMA Channel destination address */
1036:Drivers/STM32WBxx_HAL_Driver/Src/stm32wbxx_hal_dma.c ****     hdma->Instance->CPAR = DstAddress;
1037:Drivers/STM32WBxx_HAL_Driver/Src/stm32wbxx_hal_dma.c **** 
1038:Drivers/STM32WBxx_HAL_Driver/Src/stm32wbxx_hal_dma.c ****     /* Configure DMA Channel source address */
1039:Drivers/STM32WBxx_HAL_Driver/Src/stm32wbxx_hal_dma.c ****     hdma->Instance->CMAR = SrcAddress;
1040:Drivers/STM32WBxx_HAL_Driver/Src/stm32wbxx_hal_dma.c ****   }
1041:Drivers/STM32WBxx_HAL_Driver/Src/stm32wbxx_hal_dma.c ****   /* Peripheral to Memory */
1042:Drivers/STM32WBxx_HAL_Driver/Src/stm32wbxx_hal_dma.c ****   else
1043:Drivers/STM32WBxx_HAL_Driver/Src/stm32wbxx_hal_dma.c ****   {
1044:Drivers/STM32WBxx_HAL_Driver/Src/stm32wbxx_hal_dma.c ****     /* Configure DMA Channel source address */
1045:Drivers/STM32WBxx_HAL_Driver/Src/stm32wbxx_hal_dma.c ****     hdma->Instance->CPAR = SrcAddress;
  81              		.loc 1 1045 5 is_stmt 1 view .LVU22
  82              		.loc 1 1045 9 is_stmt 0 view .LVU23
  83 002c 0368     		ldr	r3, [r0]
  84              		.loc 1 1045 26 view .LVU24
  85 002e 9960     		str	r1, [r3, #8]
  86              	.LVL2:
1046:Drivers/STM32WBxx_HAL_Driver/Src/stm32wbxx_hal_dma.c **** 
1047:Drivers/STM32WBxx_HAL_Driver/Src/stm32wbxx_hal_dma.c ****     /* Configure DMA Channel destination address */
1048:Drivers/STM32WBxx_HAL_Driver/Src/stm32wbxx_hal_dma.c ****     hdma->Instance->CMAR = DstAddress;
  87              		.loc 1 1048 5 is_stmt 1 view .LVU25
  88              		.loc 1 1048 9 is_stmt 0 view .LVU26
  89 0030 0368     		ldr	r3, [r0]
  90              		.loc 1 1048 26 view .LVU27
  91 0032 DA60     		str	r2, [r3, #12]
  92              	.L1:
1049:Drivers/STM32WBxx_HAL_Driver/Src/stm32wbxx_hal_dma.c ****   }
ARM GAS  C:\Users\843E~1\AppData\Local\Temp\ccQhwJ9j.s 			page 21


1050:Drivers/STM32WBxx_HAL_Driver/Src/stm32wbxx_hal_dma.c **** }
  93              		.loc 1 1050 1 view .LVU28
  94 0034 30BC     		pop	{r4, r5}
  95              	.LCFI1:
  96              		.cfi_remember_state
  97              		.cfi_restore 5
  98              		.cfi_restore 4
  99              		.cfi_def_cfa_offset 0
 100 0036 7047     		bx	lr
 101              	.LVL3:
 102              	.L6:
 103              	.LCFI2:
 104              		.cfi_restore_state
1036:Drivers/STM32WBxx_HAL_Driver/Src/stm32wbxx_hal_dma.c **** 
 105              		.loc 1 1036 5 is_stmt 1 view .LVU29
1036:Drivers/STM32WBxx_HAL_Driver/Src/stm32wbxx_hal_dma.c **** 
 106              		.loc 1 1036 9 is_stmt 0 view .LVU30
 107 0038 0368     		ldr	r3, [r0]
1036:Drivers/STM32WBxx_HAL_Driver/Src/stm32wbxx_hal_dma.c **** 
 108              		.loc 1 1036 26 view .LVU31
 109 003a 9A60     		str	r2, [r3, #8]
 110              	.LVL4:
1039:Drivers/STM32WBxx_HAL_Driver/Src/stm32wbxx_hal_dma.c ****   }
 111              		.loc 1 1039 5 is_stmt 1 view .LVU32
1039:Drivers/STM32WBxx_HAL_Driver/Src/stm32wbxx_hal_dma.c ****   }
 112              		.loc 1 1039 9 is_stmt 0 view .LVU33
 113 003c 0368     		ldr	r3, [r0]
1039:Drivers/STM32WBxx_HAL_Driver/Src/stm32wbxx_hal_dma.c ****   }
 114              		.loc 1 1039 26 view .LVU34
 115 003e D960     		str	r1, [r3, #12]
 116 0040 F8E7     		b	.L1
 117              		.cfi_endproc
 118              	.LFE962:
 120              		.section	.text.DMA_CalcDMAMUXChannelBaseAndMask,"ax",%progbits
 121              		.align	1
 122              		.syntax unified
 123              		.thumb
 124              		.thumb_func
 126              	DMA_CalcDMAMUXChannelBaseAndMask:
 127              	.LVL5:
 128              	.LFB963:
1051:Drivers/STM32WBxx_HAL_Driver/Src/stm32wbxx_hal_dma.c **** 
1052:Drivers/STM32WBxx_HAL_Driver/Src/stm32wbxx_hal_dma.c **** /**
1053:Drivers/STM32WBxx_HAL_Driver/Src/stm32wbxx_hal_dma.c ****   * @brief  Updates the DMA handle with the DMAMUX  channel and status mask depending on channel nu
1054:Drivers/STM32WBxx_HAL_Driver/Src/stm32wbxx_hal_dma.c ****   * @param  hdma Pointer to a DMA_HandleTypeDef structure that contains
1055:Drivers/STM32WBxx_HAL_Driver/Src/stm32wbxx_hal_dma.c ****   *                     the configuration information for the specified DMA Channel.
1056:Drivers/STM32WBxx_HAL_Driver/Src/stm32wbxx_hal_dma.c ****   * @retval None
1057:Drivers/STM32WBxx_HAL_Driver/Src/stm32wbxx_hal_dma.c ****   */
1058:Drivers/STM32WBxx_HAL_Driver/Src/stm32wbxx_hal_dma.c **** static void DMA_CalcDMAMUXChannelBaseAndMask(DMA_HandleTypeDef *hdma)
1059:Drivers/STM32WBxx_HAL_Driver/Src/stm32wbxx_hal_dma.c **** {
 129              		.loc 1 1059 1 is_stmt 1 view -0
 130              		.cfi_startproc
 131              		@ args = 0, pretend = 0, frame = 0
 132              		@ frame_needed = 0, uses_anonymous_args = 0
 133              		@ link register save eliminated.
1060:Drivers/STM32WBxx_HAL_Driver/Src/stm32wbxx_hal_dma.c ****   uint32_t channel_number;
 134              		.loc 1 1060 3 view .LVU36
ARM GAS  C:\Users\843E~1\AppData\Local\Temp\ccQhwJ9j.s 			page 22


1061:Drivers/STM32WBxx_HAL_Driver/Src/stm32wbxx_hal_dma.c **** 
1062:Drivers/STM32WBxx_HAL_Driver/Src/stm32wbxx_hal_dma.c ****   /* check if instance is not outside the DMA channel range */
1063:Drivers/STM32WBxx_HAL_Driver/Src/stm32wbxx_hal_dma.c **** #if defined(DMA2)
1064:Drivers/STM32WBxx_HAL_Driver/Src/stm32wbxx_hal_dma.c ****   if ((uint32_t)hdma->Instance < (uint32_t)DMA2_Channel1)
 135              		.loc 1 1064 3 view .LVU37
 136              		.loc 1 1064 21 is_stmt 0 view .LVU38
 137 0000 0368     		ldr	r3, [r0]
 138              		.loc 1 1064 6 view .LVU39
 139 0002 104A     		ldr	r2, .L10
 140 0004 9342     		cmp	r3, r2
 141 0006 15D8     		bhi	.L8
1065:Drivers/STM32WBxx_HAL_Driver/Src/stm32wbxx_hal_dma.c ****   {
1066:Drivers/STM32WBxx_HAL_Driver/Src/stm32wbxx_hal_dma.c ****     /* DMA1 */
1067:Drivers/STM32WBxx_HAL_Driver/Src/stm32wbxx_hal_dma.c ****     hdma->DMAmuxChannel = (DMAMUX1_Channel0 + (hdma->ChannelIndex >> 2U));
 142              		.loc 1 1067 5 is_stmt 1 view .LVU40
 143              		.loc 1 1067 52 is_stmt 0 view .LVU41
 144 0008 426C     		ldr	r2, [r0, #68]
 145              		.loc 1 1067 45 view .LVU42
 146 000a 22F00302 		bic	r2, r2, #3
 147 000e 02F18042 		add	r2, r2, #1073741824
 148 0012 02F50232 		add	r2, r2, #133120
 149              		.loc 1 1067 25 view .LVU43
 150 0016 8264     		str	r2, [r0, #72]
 151              	.L9:
1068:Drivers/STM32WBxx_HAL_Driver/Src/stm32wbxx_hal_dma.c ****   }
1069:Drivers/STM32WBxx_HAL_Driver/Src/stm32wbxx_hal_dma.c ****   else
1070:Drivers/STM32WBxx_HAL_Driver/Src/stm32wbxx_hal_dma.c ****   {
1071:Drivers/STM32WBxx_HAL_Driver/Src/stm32wbxx_hal_dma.c ****     /* DMA2 */
1072:Drivers/STM32WBxx_HAL_Driver/Src/stm32wbxx_hal_dma.c ****     hdma->DMAmuxChannel = (DMAMUX1_Channel7 + (hdma->ChannelIndex >> 2U));
1073:Drivers/STM32WBxx_HAL_Driver/Src/stm32wbxx_hal_dma.c ****   }
1074:Drivers/STM32WBxx_HAL_Driver/Src/stm32wbxx_hal_dma.c **** #else
1075:Drivers/STM32WBxx_HAL_Driver/Src/stm32wbxx_hal_dma.c ****   /* DMA1 */
1076:Drivers/STM32WBxx_HAL_Driver/Src/stm32wbxx_hal_dma.c ****   hdma->DMAmuxChannel = (DMAMUX1_Channel0 + (hdma->ChannelIndex >> 2U));
1077:Drivers/STM32WBxx_HAL_Driver/Src/stm32wbxx_hal_dma.c **** #endif /* DMA2 */
1078:Drivers/STM32WBxx_HAL_Driver/Src/stm32wbxx_hal_dma.c ****   channel_number = (((uint32_t)hdma->Instance & 0xFFU) - 8U) / 20U;
 152              		.loc 1 1078 3 is_stmt 1 view .LVU44
 153              		.loc 1 1078 47 is_stmt 0 view .LVU45
 154 0018 DBB2     		uxtb	r3, r3
 155              		.loc 1 1078 56 view .LVU46
 156 001a 083B     		subs	r3, r3, #8
 157              		.loc 1 1078 18 view .LVU47
 158 001c 0A4A     		ldr	r2, .L10+4
 159 001e A2FB0323 		umull	r2, r3, r2, r3
 160              	.LVL6:
1079:Drivers/STM32WBxx_HAL_Driver/Src/stm32wbxx_hal_dma.c ****   hdma->DMAmuxChannelStatus = DMAMUX1_ChannelStatus;
 161              		.loc 1 1079 3 is_stmt 1 view .LVU48
 162              		.loc 1 1079 29 is_stmt 0 view .LVU49
 163 0022 0A4A     		ldr	r2, .L10+8
 164 0024 C264     		str	r2, [r0, #76]
1080:Drivers/STM32WBxx_HAL_Driver/Src/stm32wbxx_hal_dma.c **** 
1081:Drivers/STM32WBxx_HAL_Driver/Src/stm32wbxx_hal_dma.c ****   /* Initialize the field DMAmuxChannelStatusMask with the corresponding index of the DMAMUX channe
1082:Drivers/STM32WBxx_HAL_Driver/Src/stm32wbxx_hal_dma.c ****   hdma->DMAmuxChannelStatusMask = 1UL << (channel_number & 0x1FU);
 165              		.loc 1 1082 3 is_stmt 1 view .LVU50
 166              		.loc 1 1082 58 is_stmt 0 view .LVU51
 167 0026 C3F30413 		ubfx	r3, r3, #4, #5
 168              	.LVL7:
 169              		.loc 1 1082 39 view .LVU52
ARM GAS  C:\Users\843E~1\AppData\Local\Temp\ccQhwJ9j.s 			page 23


 170 002a 0122     		movs	r2, #1
 171 002c 02FA03F3 		lsl	r3, r2, r3
 172              		.loc 1 1082 33 view .LVU53
 173 0030 0365     		str	r3, [r0, #80]
1083:Drivers/STM32WBxx_HAL_Driver/Src/stm32wbxx_hal_dma.c **** }
 174              		.loc 1 1083 1 view .LVU54
 175 0032 7047     		bx	lr
 176              	.L8:
1072:Drivers/STM32WBxx_HAL_Driver/Src/stm32wbxx_hal_dma.c ****   }
 177              		.loc 1 1072 5 is_stmt 1 view .LVU55
1072:Drivers/STM32WBxx_HAL_Driver/Src/stm32wbxx_hal_dma.c ****   }
 178              		.loc 1 1072 52 is_stmt 0 view .LVU56
 179 0034 426C     		ldr	r2, [r0, #68]
1072:Drivers/STM32WBxx_HAL_Driver/Src/stm32wbxx_hal_dma.c ****   }
 180              		.loc 1 1072 45 view .LVU57
 181 0036 22F00301 		bic	r1, r2, #3
 182 003a 054A     		ldr	r2, .L10+12
 183 003c 0A44     		add	r2, r2, r1
1072:Drivers/STM32WBxx_HAL_Driver/Src/stm32wbxx_hal_dma.c ****   }
 184              		.loc 1 1072 25 view .LVU58
 185 003e 8264     		str	r2, [r0, #72]
 186 0040 EAE7     		b	.L9
 187              	.L11:
 188 0042 00BF     		.align	2
 189              	.L10:
 190 0044 07040240 		.word	1073873927
 191 0048 CDCCCCCC 		.word	-858993459
 192 004c 80080240 		.word	1073875072
 193 0050 1C080240 		.word	1073874972
 194              		.cfi_endproc
 195              	.LFE963:
 197              		.section	.text.DMA_CalcDMAMUXRequestGenBaseAndMask,"ax",%progbits
 198              		.align	1
 199              		.syntax unified
 200              		.thumb
 201              		.thumb_func
 203              	DMA_CalcDMAMUXRequestGenBaseAndMask:
 204              	.LVL8:
 205              	.LFB964:
1084:Drivers/STM32WBxx_HAL_Driver/Src/stm32wbxx_hal_dma.c **** 
1085:Drivers/STM32WBxx_HAL_Driver/Src/stm32wbxx_hal_dma.c **** /**
1086:Drivers/STM32WBxx_HAL_Driver/Src/stm32wbxx_hal_dma.c ****   * @brief  Updates the DMA handle with the DMAMUX  request generator params
1087:Drivers/STM32WBxx_HAL_Driver/Src/stm32wbxx_hal_dma.c ****   * @param  hdma Pointer to a DMA_HandleTypeDef structure that contains
1088:Drivers/STM32WBxx_HAL_Driver/Src/stm32wbxx_hal_dma.c ****   *                     the configuration information for the specified DMA Channel.
1089:Drivers/STM32WBxx_HAL_Driver/Src/stm32wbxx_hal_dma.c ****   * @retval None
1090:Drivers/STM32WBxx_HAL_Driver/Src/stm32wbxx_hal_dma.c ****   */
1091:Drivers/STM32WBxx_HAL_Driver/Src/stm32wbxx_hal_dma.c **** 
1092:Drivers/STM32WBxx_HAL_Driver/Src/stm32wbxx_hal_dma.c **** static void DMA_CalcDMAMUXRequestGenBaseAndMask(DMA_HandleTypeDef *hdma)
1093:Drivers/STM32WBxx_HAL_Driver/Src/stm32wbxx_hal_dma.c **** {
 206              		.loc 1 1093 1 is_stmt 1 view -0
 207              		.cfi_startproc
 208              		@ args = 0, pretend = 0, frame = 0
 209              		@ frame_needed = 0, uses_anonymous_args = 0
 210              		@ link register save eliminated.
1094:Drivers/STM32WBxx_HAL_Driver/Src/stm32wbxx_hal_dma.c ****   uint32_t request =  hdma->Init.Request & DMAMUX_CxCR_DMAREQ_ID;
 211              		.loc 1 1094 3 view .LVU60
 212              		.loc 1 1094 33 is_stmt 0 view .LVU61
ARM GAS  C:\Users\843E~1\AppData\Local\Temp\ccQhwJ9j.s 			page 24


 213 0000 4368     		ldr	r3, [r0, #4]
 214              		.loc 1 1094 12 view .LVU62
 215 0002 03F03F03 		and	r3, r3, #63
 216              	.LVL9:
1095:Drivers/STM32WBxx_HAL_Driver/Src/stm32wbxx_hal_dma.c **** 
1096:Drivers/STM32WBxx_HAL_Driver/Src/stm32wbxx_hal_dma.c ****   /* DMA Channels are connected to DMAMUX1 request generator blocks*/
1097:Drivers/STM32WBxx_HAL_Driver/Src/stm32wbxx_hal_dma.c ****   hdma->DMAmuxRequestGen = (DMAMUX_RequestGen_TypeDef *)((uint32_t)(((uint32_t)DMAMUX1_RequestGener
 217              		.loc 1 1097 3 is_stmt 1 view .LVU63
 218              		.loc 1 1097 58 is_stmt 0 view .LVU64
 219 0006 074A     		ldr	r2, .L13
 220 0008 1A44     		add	r2, r2, r3
 221 000a 9200     		lsls	r2, r2, #2
 222              		.loc 1 1097 26 view .LVU65
 223 000c 4265     		str	r2, [r0, #84]
1098:Drivers/STM32WBxx_HAL_Driver/Src/stm32wbxx_hal_dma.c **** 
1099:Drivers/STM32WBxx_HAL_Driver/Src/stm32wbxx_hal_dma.c ****   hdma->DMAmuxRequestGenStatus = DMAMUX1_RequestGenStatus;
 224              		.loc 1 1099 3 is_stmt 1 view .LVU66
 225              		.loc 1 1099 32 is_stmt 0 view .LVU67
 226 000e 064A     		ldr	r2, .L13+4
 227 0010 8265     		str	r2, [r0, #88]
1100:Drivers/STM32WBxx_HAL_Driver/Src/stm32wbxx_hal_dma.c **** 
1101:Drivers/STM32WBxx_HAL_Driver/Src/stm32wbxx_hal_dma.c ****   /* here "Request" is either DMA_REQUEST_GENERATOR0 to DMA_REQUEST_GENERATOR3, i.e. <= 4*/
1102:Drivers/STM32WBxx_HAL_Driver/Src/stm32wbxx_hal_dma.c ****   hdma->DMAmuxRequestGenStatusMask = 1UL << ((request - 1U) & 0x3U);
 228              		.loc 1 1102 3 is_stmt 1 view .LVU68
 229              		.loc 1 1102 55 is_stmt 0 view .LVU69
 230 0012 013B     		subs	r3, r3, #1
 231              	.LVL10:
 232              		.loc 1 1102 61 view .LVU70
 233 0014 03F00303 		and	r3, r3, #3
 234              	.LVL11:
 235              		.loc 1 1102 42 view .LVU71
 236 0018 0122     		movs	r2, #1
 237 001a 02FA03F3 		lsl	r3, r2, r3
 238              		.loc 1 1102 36 view .LVU72
 239 001e C365     		str	r3, [r0, #92]
1103:Drivers/STM32WBxx_HAL_Driver/Src/stm32wbxx_hal_dma.c **** }
 240              		.loc 1 1103 1 view .LVU73
 241 0020 7047     		bx	lr
 242              	.L14:
 243 0022 00BF     		.align	2
 244              	.L13:
 245 0024 3F820010 		.word	268468799
 246 0028 40090240 		.word	1073875264
 247              		.cfi_endproc
 248              	.LFE964:
 250              		.section	.text.HAL_DMA_Init,"ax",%progbits
 251              		.align	1
 252              		.global	HAL_DMA_Init
 253              		.syntax unified
 254              		.thumb
 255              		.thumb_func
 257              	HAL_DMA_Init:
 258              	.LVL12:
 259              	.LFB950:
 152:Drivers/STM32WBxx_HAL_Driver/Src/stm32wbxx_hal_dma.c ****   uint32_t tmp;
 260              		.loc 1 152 1 is_stmt 1 view -0
 261              		.cfi_startproc
ARM GAS  C:\Users\843E~1\AppData\Local\Temp\ccQhwJ9j.s 			page 25


 262              		@ args = 0, pretend = 0, frame = 0
 263              		@ frame_needed = 0, uses_anonymous_args = 0
 153:Drivers/STM32WBxx_HAL_Driver/Src/stm32wbxx_hal_dma.c **** 
 264              		.loc 1 153 3 view .LVU75
 156:Drivers/STM32WBxx_HAL_Driver/Src/stm32wbxx_hal_dma.c ****   {
 265              		.loc 1 156 3 view .LVU76
 156:Drivers/STM32WBxx_HAL_Driver/Src/stm32wbxx_hal_dma.c ****   {
 266              		.loc 1 156 6 is_stmt 0 view .LVU77
 267 0000 0028     		cmp	r0, #0
 268 0002 5DD0     		beq	.L22
 152:Drivers/STM32WBxx_HAL_Driver/Src/stm32wbxx_hal_dma.c ****   uint32_t tmp;
 269              		.loc 1 152 1 view .LVU78
 270 0004 10B5     		push	{r4, lr}
 271              	.LCFI3:
 272              		.cfi_def_cfa_offset 8
 273              		.cfi_offset 4, -8
 274              		.cfi_offset 14, -4
 275 0006 0446     		mov	r4, r0
 162:Drivers/STM32WBxx_HAL_Driver/Src/stm32wbxx_hal_dma.c ****   assert_param(IS_DMA_DIRECTION(hdma->Init.Direction));
 276              		.loc 1 162 3 is_stmt 1 view .LVU79
 163:Drivers/STM32WBxx_HAL_Driver/Src/stm32wbxx_hal_dma.c ****   assert_param(IS_DMA_PERIPHERAL_INC_STATE(hdma->Init.PeriphInc));
 277              		.loc 1 163 3 view .LVU80
 164:Drivers/STM32WBxx_HAL_Driver/Src/stm32wbxx_hal_dma.c ****   assert_param(IS_DMA_MEMORY_INC_STATE(hdma->Init.MemInc));
 278              		.loc 1 164 3 view .LVU81
 165:Drivers/STM32WBxx_HAL_Driver/Src/stm32wbxx_hal_dma.c ****   assert_param(IS_DMA_PERIPHERAL_DATA_SIZE(hdma->Init.PeriphDataAlignment));
 279              		.loc 1 165 3 view .LVU82
 166:Drivers/STM32WBxx_HAL_Driver/Src/stm32wbxx_hal_dma.c ****   assert_param(IS_DMA_MEMORY_DATA_SIZE(hdma->Init.MemDataAlignment));
 280              		.loc 1 166 3 view .LVU83
 167:Drivers/STM32WBxx_HAL_Driver/Src/stm32wbxx_hal_dma.c ****   assert_param(IS_DMA_MODE(hdma->Init.Mode));
 281              		.loc 1 167 3 view .LVU84
 168:Drivers/STM32WBxx_HAL_Driver/Src/stm32wbxx_hal_dma.c ****   assert_param(IS_DMA_PRIORITY(hdma->Init.Priority));
 282              		.loc 1 168 3 view .LVU85
 169:Drivers/STM32WBxx_HAL_Driver/Src/stm32wbxx_hal_dma.c **** 
 283              		.loc 1 169 3 view .LVU86
 171:Drivers/STM32WBxx_HAL_Driver/Src/stm32wbxx_hal_dma.c **** 
 284              		.loc 1 171 3 view .LVU87
 175:Drivers/STM32WBxx_HAL_Driver/Src/stm32wbxx_hal_dma.c ****   {
 285              		.loc 1 175 3 view .LVU88
 175:Drivers/STM32WBxx_HAL_Driver/Src/stm32wbxx_hal_dma.c ****   {
 286              		.loc 1 175 22 is_stmt 0 view .LVU89
 287 0008 0168     		ldr	r1, [r0]
 175:Drivers/STM32WBxx_HAL_Driver/Src/stm32wbxx_hal_dma.c ****   {
 288              		.loc 1 175 6 view .LVU90
 289 000a 2E4B     		ldr	r3, .L29
 290 000c 9942     		cmp	r1, r3
 291 000e 3FD8     		bhi	.L17
 178:Drivers/STM32WBxx_HAL_Driver/Src/stm32wbxx_hal_dma.c ****     hdma->DmaBaseAddress = DMA1;
 292              		.loc 1 178 5 is_stmt 1 view .LVU91
 178:Drivers/STM32WBxx_HAL_Driver/Src/stm32wbxx_hal_dma.c ****     hdma->DmaBaseAddress = DMA1;
 293              		.loc 1 178 53 is_stmt 0 view .LVU92
 294 0010 2D4B     		ldr	r3, .L29+4
 295 0012 0B44     		add	r3, r3, r1
 178:Drivers/STM32WBxx_HAL_Driver/Src/stm32wbxx_hal_dma.c ****     hdma->DmaBaseAddress = DMA1;
 296              		.loc 1 178 80 view .LVU93
 297 0014 2D4A     		ldr	r2, .L29+8
 298 0016 A2FB0323 		umull	r2, r3, r2, r3
 299 001a 1B09     		lsrs	r3, r3, #4
ARM GAS  C:\Users\843E~1\AppData\Local\Temp\ccQhwJ9j.s 			page 26


 178:Drivers/STM32WBxx_HAL_Driver/Src/stm32wbxx_hal_dma.c ****     hdma->DmaBaseAddress = DMA1;
 300              		.loc 1 178 135 view .LVU94
 301 001c 9B00     		lsls	r3, r3, #2
 178:Drivers/STM32WBxx_HAL_Driver/Src/stm32wbxx_hal_dma.c ****     hdma->DmaBaseAddress = DMA1;
 302              		.loc 1 178 24 view .LVU95
 303 001e 4364     		str	r3, [r0, #68]
 179:Drivers/STM32WBxx_HAL_Driver/Src/stm32wbxx_hal_dma.c ****   }
 304              		.loc 1 179 5 is_stmt 1 view .LVU96
 179:Drivers/STM32WBxx_HAL_Driver/Src/stm32wbxx_hal_dma.c ****   }
 305              		.loc 1 179 26 is_stmt 0 view .LVU97
 306 0020 2B4B     		ldr	r3, .L29+12
 307 0022 0364     		str	r3, [r0, #64]
 308              	.L18:
 194:Drivers/STM32WBxx_HAL_Driver/Src/stm32wbxx_hal_dma.c **** 
 309              		.loc 1 194 3 is_stmt 1 view .LVU98
 194:Drivers/STM32WBxx_HAL_Driver/Src/stm32wbxx_hal_dma.c **** 
 310              		.loc 1 194 15 is_stmt 0 view .LVU99
 311 0024 0223     		movs	r3, #2
 312 0026 84F82530 		strb	r3, [r4, #37]
 197:Drivers/STM32WBxx_HAL_Driver/Src/stm32wbxx_hal_dma.c **** 
 313              		.loc 1 197 3 is_stmt 1 view .LVU100
 197:Drivers/STM32WBxx_HAL_Driver/Src/stm32wbxx_hal_dma.c **** 
 314              		.loc 1 197 7 is_stmt 0 view .LVU101
 315 002a 0A68     		ldr	r2, [r1]
 316              	.LVL13:
 200:Drivers/STM32WBxx_HAL_Driver/Src/stm32wbxx_hal_dma.c ****                       DMA_CCR_MINC  | DMA_CCR_PINC   | DMA_CCR_CIRC   |
 317              		.loc 1 200 3 is_stmt 1 view .LVU102
 200:Drivers/STM32WBxx_HAL_Driver/Src/stm32wbxx_hal_dma.c ****                       DMA_CCR_MINC  | DMA_CCR_PINC   | DMA_CCR_CIRC   |
 318              		.loc 1 200 7 is_stmt 0 view .LVU103
 319 002c 22F4FF42 		bic	r2, r2, #32640
 320              	.LVL14:
 200:Drivers/STM32WBxx_HAL_Driver/Src/stm32wbxx_hal_dma.c ****                       DMA_CCR_MINC  | DMA_CCR_PINC   | DMA_CCR_CIRC   |
 321              		.loc 1 200 7 view .LVU104
 322 0030 22F07002 		bic	r2, r2, #112
 323              	.LVL15:
 205:Drivers/STM32WBxx_HAL_Driver/Src/stm32wbxx_hal_dma.c ****           hdma->Init.PeriphInc           | hdma->Init.MemInc           |
 324              		.loc 1 205 3 is_stmt 1 view .LVU105
 205:Drivers/STM32WBxx_HAL_Driver/Src/stm32wbxx_hal_dma.c ****           hdma->Init.PeriphInc           | hdma->Init.MemInc           |
 325              		.loc 1 205 21 is_stmt 0 view .LVU106
 326 0034 A368     		ldr	r3, [r4, #8]
 206:Drivers/STM32WBxx_HAL_Driver/Src/stm32wbxx_hal_dma.c ****           hdma->Init.PeriphDataAlignment | hdma->Init.MemDataAlignment |
 327              		.loc 1 206 21 view .LVU107
 328 0036 E068     		ldr	r0, [r4, #12]
 329              	.LVL16:
 205:Drivers/STM32WBxx_HAL_Driver/Src/stm32wbxx_hal_dma.c ****           hdma->Init.PeriphInc           | hdma->Init.MemInc           |
 330              		.loc 1 205 39 view .LVU108
 331 0038 0343     		orrs	r3, r3, r0
 206:Drivers/STM32WBxx_HAL_Driver/Src/stm32wbxx_hal_dma.c ****           hdma->Init.PeriphDataAlignment | hdma->Init.MemDataAlignment |
 332              		.loc 1 206 54 view .LVU109
 333 003a 2069     		ldr	r0, [r4, #16]
 206:Drivers/STM32WBxx_HAL_Driver/Src/stm32wbxx_hal_dma.c ****           hdma->Init.PeriphDataAlignment | hdma->Init.MemDataAlignment |
 334              		.loc 1 206 42 view .LVU110
 335 003c 0343     		orrs	r3, r3, r0
 207:Drivers/STM32WBxx_HAL_Driver/Src/stm32wbxx_hal_dma.c ****           hdma->Init.Mode                | hdma->Init.Priority;
 336              		.loc 1 207 21 view .LVU111
 337 003e 6069     		ldr	r0, [r4, #20]
 206:Drivers/STM32WBxx_HAL_Driver/Src/stm32wbxx_hal_dma.c ****           hdma->Init.PeriphDataAlignment | hdma->Init.MemDataAlignment |
ARM GAS  C:\Users\843E~1\AppData\Local\Temp\ccQhwJ9j.s 			page 27


 338              		.loc 1 206 72 view .LVU112
 339 0040 0343     		orrs	r3, r3, r0
 207:Drivers/STM32WBxx_HAL_Driver/Src/stm32wbxx_hal_dma.c ****           hdma->Init.Mode                | hdma->Init.Priority;
 340              		.loc 1 207 54 view .LVU113
 341 0042 A069     		ldr	r0, [r4, #24]
 207:Drivers/STM32WBxx_HAL_Driver/Src/stm32wbxx_hal_dma.c ****           hdma->Init.Mode                | hdma->Init.Priority;
 342              		.loc 1 207 42 view .LVU114
 343 0044 0343     		orrs	r3, r3, r0
 208:Drivers/STM32WBxx_HAL_Driver/Src/stm32wbxx_hal_dma.c **** 
 344              		.loc 1 208 21 view .LVU115
 345 0046 E069     		ldr	r0, [r4, #28]
 207:Drivers/STM32WBxx_HAL_Driver/Src/stm32wbxx_hal_dma.c ****           hdma->Init.Mode                | hdma->Init.Priority;
 346              		.loc 1 207 72 view .LVU116
 347 0048 0343     		orrs	r3, r3, r0
 208:Drivers/STM32WBxx_HAL_Driver/Src/stm32wbxx_hal_dma.c **** 
 348              		.loc 1 208 54 view .LVU117
 349 004a 206A     		ldr	r0, [r4, #32]
 208:Drivers/STM32WBxx_HAL_Driver/Src/stm32wbxx_hal_dma.c **** 
 350              		.loc 1 208 42 view .LVU118
 351 004c 0343     		orrs	r3, r3, r0
 205:Drivers/STM32WBxx_HAL_Driver/Src/stm32wbxx_hal_dma.c ****           hdma->Init.PeriphInc           | hdma->Init.MemInc           |
 352              		.loc 1 205 7 view .LVU119
 353 004e 1343     		orrs	r3, r3, r2
 354              	.LVL17:
 211:Drivers/STM32WBxx_HAL_Driver/Src/stm32wbxx_hal_dma.c **** 
 355              		.loc 1 211 3 is_stmt 1 view .LVU120
 211:Drivers/STM32WBxx_HAL_Driver/Src/stm32wbxx_hal_dma.c **** 
 356              		.loc 1 211 23 is_stmt 0 view .LVU121
 357 0050 0B60     		str	r3, [r1]
 216:Drivers/STM32WBxx_HAL_Driver/Src/stm32wbxx_hal_dma.c **** 
 358              		.loc 1 216 3 is_stmt 1 view .LVU122
 359 0052 2046     		mov	r0, r4
 360 0054 FFF7FEFF 		bl	DMA_CalcDMAMUXChannelBaseAndMask
 361              	.LVL18:
 218:Drivers/STM32WBxx_HAL_Driver/Src/stm32wbxx_hal_dma.c ****   {
 362              		.loc 1 218 3 view .LVU123
 218:Drivers/STM32WBxx_HAL_Driver/Src/stm32wbxx_hal_dma.c ****   {
 363              		.loc 1 218 17 is_stmt 0 view .LVU124
 364 0058 A368     		ldr	r3, [r4, #8]
 218:Drivers/STM32WBxx_HAL_Driver/Src/stm32wbxx_hal_dma.c ****   {
 365              		.loc 1 218 6 view .LVU125
 366 005a B3F5804F 		cmp	r3, #16384
 367 005e 22D0     		beq	.L27
 368              	.L19:
 225:Drivers/STM32WBxx_HAL_Driver/Src/stm32wbxx_hal_dma.c **** 
 369              		.loc 1 225 3 is_stmt 1 view .LVU126
 225:Drivers/STM32WBxx_HAL_Driver/Src/stm32wbxx_hal_dma.c **** 
 370              		.loc 1 225 41 is_stmt 0 view .LVU127
 371 0060 6368     		ldr	r3, [r4, #4]
 225:Drivers/STM32WBxx_HAL_Driver/Src/stm32wbxx_hal_dma.c **** 
 372              		.loc 1 225 7 view .LVU128
 373 0062 A26C     		ldr	r2, [r4, #72]
 225:Drivers/STM32WBxx_HAL_Driver/Src/stm32wbxx_hal_dma.c **** 
 374              		.loc 1 225 50 view .LVU129
 375 0064 03F03F03 		and	r3, r3, #63
 225:Drivers/STM32WBxx_HAL_Driver/Src/stm32wbxx_hal_dma.c **** 
 376              		.loc 1 225 28 view .LVU130
ARM GAS  C:\Users\843E~1\AppData\Local\Temp\ccQhwJ9j.s 			page 28


 377 0068 1360     		str	r3, [r2]
 228:Drivers/STM32WBxx_HAL_Driver/Src/stm32wbxx_hal_dma.c **** 
 378              		.loc 1 228 3 is_stmt 1 view .LVU131
 228:Drivers/STM32WBxx_HAL_Driver/Src/stm32wbxx_hal_dma.c **** 
 379              		.loc 1 228 7 is_stmt 0 view .LVU132
 380 006a E36C     		ldr	r3, [r4, #76]
 228:Drivers/STM32WBxx_HAL_Driver/Src/stm32wbxx_hal_dma.c **** 
 381              		.loc 1 228 40 view .LVU133
 382 006c 226D     		ldr	r2, [r4, #80]
 228:Drivers/STM32WBxx_HAL_Driver/Src/stm32wbxx_hal_dma.c **** 
 383              		.loc 1 228 34 view .LVU134
 384 006e 5A60     		str	r2, [r3, #4]
 230:Drivers/STM32WBxx_HAL_Driver/Src/stm32wbxx_hal_dma.c ****   {
 385              		.loc 1 230 3 is_stmt 1 view .LVU135
 230:Drivers/STM32WBxx_HAL_Driver/Src/stm32wbxx_hal_dma.c ****   {
 386              		.loc 1 230 19 is_stmt 0 view .LVU136
 387 0070 6368     		ldr	r3, [r4, #4]
 230:Drivers/STM32WBxx_HAL_Driver/Src/stm32wbxx_hal_dma.c ****   {
 388              		.loc 1 230 35 view .LVU137
 389 0072 013B     		subs	r3, r3, #1
 230:Drivers/STM32WBxx_HAL_Driver/Src/stm32wbxx_hal_dma.c ****   {
 390              		.loc 1 230 6 view .LVU138
 391 0074 032B     		cmp	r3, #3
 392 0076 19D9     		bls	.L28
 245:Drivers/STM32WBxx_HAL_Driver/Src/stm32wbxx_hal_dma.c ****     hdma->DMAmuxRequestGenStatus = 0U;
 393              		.loc 1 245 5 is_stmt 1 view .LVU139
 245:Drivers/STM32WBxx_HAL_Driver/Src/stm32wbxx_hal_dma.c ****     hdma->DMAmuxRequestGenStatus = 0U;
 394              		.loc 1 245 28 is_stmt 0 view .LVU140
 395 0078 0023     		movs	r3, #0
 396 007a 6365     		str	r3, [r4, #84]
 246:Drivers/STM32WBxx_HAL_Driver/Src/stm32wbxx_hal_dma.c ****     hdma->DMAmuxRequestGenStatusMask = 0U;
 397              		.loc 1 246 5 is_stmt 1 view .LVU141
 246:Drivers/STM32WBxx_HAL_Driver/Src/stm32wbxx_hal_dma.c ****     hdma->DMAmuxRequestGenStatusMask = 0U;
 398              		.loc 1 246 34 is_stmt 0 view .LVU142
 399 007c A365     		str	r3, [r4, #88]
 247:Drivers/STM32WBxx_HAL_Driver/Src/stm32wbxx_hal_dma.c ****   }
 400              		.loc 1 247 5 is_stmt 1 view .LVU143
 247:Drivers/STM32WBxx_HAL_Driver/Src/stm32wbxx_hal_dma.c ****   }
 401              		.loc 1 247 38 is_stmt 0 view .LVU144
 402 007e E365     		str	r3, [r4, #92]
 403              	.L21:
 251:Drivers/STM32WBxx_HAL_Driver/Src/stm32wbxx_hal_dma.c **** 
 404              		.loc 1 251 3 is_stmt 1 view .LVU145
 251:Drivers/STM32WBxx_HAL_Driver/Src/stm32wbxx_hal_dma.c **** 
 405              		.loc 1 251 19 is_stmt 0 view .LVU146
 406 0080 0020     		movs	r0, #0
 407 0082 E063     		str	r0, [r4, #60]
 254:Drivers/STM32WBxx_HAL_Driver/Src/stm32wbxx_hal_dma.c **** 
 408              		.loc 1 254 3 is_stmt 1 view .LVU147
 254:Drivers/STM32WBxx_HAL_Driver/Src/stm32wbxx_hal_dma.c **** 
 409              		.loc 1 254 16 is_stmt 0 view .LVU148
 410 0084 0123     		movs	r3, #1
 411 0086 84F82530 		strb	r3, [r4, #37]
 257:Drivers/STM32WBxx_HAL_Driver/Src/stm32wbxx_hal_dma.c **** 
 412              		.loc 1 257 3 is_stmt 1 view .LVU149
 257:Drivers/STM32WBxx_HAL_Driver/Src/stm32wbxx_hal_dma.c **** 
 413              		.loc 1 257 14 is_stmt 0 view .LVU150
ARM GAS  C:\Users\843E~1\AppData\Local\Temp\ccQhwJ9j.s 			page 29


 414 008a 84F82400 		strb	r0, [r4, #36]
 259:Drivers/STM32WBxx_HAL_Driver/Src/stm32wbxx_hal_dma.c **** }
 415              		.loc 1 259 3 is_stmt 1 view .LVU151
 260:Drivers/STM32WBxx_HAL_Driver/Src/stm32wbxx_hal_dma.c **** 
 416              		.loc 1 260 1 is_stmt 0 view .LVU152
 417 008e 10BD     		pop	{r4, pc}
 418              	.LVL19:
 419              	.L17:
 184:Drivers/STM32WBxx_HAL_Driver/Src/stm32wbxx_hal_dma.c ****     hdma->DmaBaseAddress = DMA2;
 420              		.loc 1 184 5 is_stmt 1 view .LVU153
 184:Drivers/STM32WBxx_HAL_Driver/Src/stm32wbxx_hal_dma.c ****     hdma->DmaBaseAddress = DMA2;
 421              		.loc 1 184 53 is_stmt 0 view .LVU154
 422 0090 104B     		ldr	r3, .L29+16
 423 0092 0B44     		add	r3, r3, r1
 184:Drivers/STM32WBxx_HAL_Driver/Src/stm32wbxx_hal_dma.c ****     hdma->DmaBaseAddress = DMA2;
 424              		.loc 1 184 80 view .LVU155
 425 0094 0D4A     		ldr	r2, .L29+8
 426 0096 A2FB0323 		umull	r2, r3, r2, r3
 427 009a 1B09     		lsrs	r3, r3, #4
 184:Drivers/STM32WBxx_HAL_Driver/Src/stm32wbxx_hal_dma.c ****     hdma->DmaBaseAddress = DMA2;
 428              		.loc 1 184 135 view .LVU156
 429 009c 9B00     		lsls	r3, r3, #2
 184:Drivers/STM32WBxx_HAL_Driver/Src/stm32wbxx_hal_dma.c ****     hdma->DmaBaseAddress = DMA2;
 430              		.loc 1 184 24 view .LVU157
 431 009e 4364     		str	r3, [r0, #68]
 185:Drivers/STM32WBxx_HAL_Driver/Src/stm32wbxx_hal_dma.c ****   }
 432              		.loc 1 185 5 is_stmt 1 view .LVU158
 185:Drivers/STM32WBxx_HAL_Driver/Src/stm32wbxx_hal_dma.c ****   }
 433              		.loc 1 185 26 is_stmt 0 view .LVU159
 434 00a0 0D4B     		ldr	r3, .L29+20
 435 00a2 0364     		str	r3, [r0, #64]
 436 00a4 BEE7     		b	.L18
 437              	.LVL20:
 438              	.L27:
 221:Drivers/STM32WBxx_HAL_Driver/Src/stm32wbxx_hal_dma.c ****   }
 439              		.loc 1 221 5 is_stmt 1 view .LVU160
 221:Drivers/STM32WBxx_HAL_Driver/Src/stm32wbxx_hal_dma.c ****   }
 440              		.loc 1 221 24 is_stmt 0 view .LVU161
 441 00a6 0023     		movs	r3, #0
 442 00a8 6360     		str	r3, [r4, #4]
 443 00aa D9E7     		b	.L19
 444              	.L28:
 235:Drivers/STM32WBxx_HAL_Driver/Src/stm32wbxx_hal_dma.c **** 
 445              		.loc 1 235 5 is_stmt 1 view .LVU162
 446 00ac 2046     		mov	r0, r4
 447 00ae FFF7FEFF 		bl	DMA_CalcDMAMUXRequestGenBaseAndMask
 448              	.LVL21:
 238:Drivers/STM32WBxx_HAL_Driver/Src/stm32wbxx_hal_dma.c **** 
 449              		.loc 1 238 5 view .LVU163
 238:Drivers/STM32WBxx_HAL_Driver/Src/stm32wbxx_hal_dma.c **** 
 450              		.loc 1 238 9 is_stmt 0 view .LVU164
 451 00b2 636D     		ldr	r3, [r4, #84]
 238:Drivers/STM32WBxx_HAL_Driver/Src/stm32wbxx_hal_dma.c **** 
 452              		.loc 1 238 34 view .LVU165
 453 00b4 0022     		movs	r2, #0
 454 00b6 1A60     		str	r2, [r3]
 241:Drivers/STM32WBxx_HAL_Driver/Src/stm32wbxx_hal_dma.c ****   }
ARM GAS  C:\Users\843E~1\AppData\Local\Temp\ccQhwJ9j.s 			page 30


 455              		.loc 1 241 5 is_stmt 1 view .LVU166
 241:Drivers/STM32WBxx_HAL_Driver/Src/stm32wbxx_hal_dma.c ****   }
 456              		.loc 1 241 9 is_stmt 0 view .LVU167
 457 00b8 A36D     		ldr	r3, [r4, #88]
 241:Drivers/STM32WBxx_HAL_Driver/Src/stm32wbxx_hal_dma.c ****   }
 458              		.loc 1 241 47 view .LVU168
 459 00ba E26D     		ldr	r2, [r4, #92]
 241:Drivers/STM32WBxx_HAL_Driver/Src/stm32wbxx_hal_dma.c ****   }
 460              		.loc 1 241 41 view .LVU169
 461 00bc 5A60     		str	r2, [r3, #4]
 462 00be DFE7     		b	.L21
 463              	.LVL22:
 464              	.L22:
 465              	.LCFI4:
 466              		.cfi_def_cfa_offset 0
 467              		.cfi_restore 4
 468              		.cfi_restore 14
 158:Drivers/STM32WBxx_HAL_Driver/Src/stm32wbxx_hal_dma.c ****   }
 469              		.loc 1 158 12 view .LVU170
 470 00c0 0120     		movs	r0, #1
 471              	.LVL23:
 260:Drivers/STM32WBxx_HAL_Driver/Src/stm32wbxx_hal_dma.c **** 
 472              		.loc 1 260 1 view .LVU171
 473 00c2 7047     		bx	lr
 474              	.L30:
 475              		.align	2
 476              	.L29:
 477 00c4 07040240 		.word	1073873927
 478 00c8 F8FFFDBF 		.word	-1073872904
 479 00cc CDCCCCCC 		.word	-858993459
 480 00d0 00000240 		.word	1073872896
 481 00d4 F8FBFDBF 		.word	-1073873928
 482 00d8 00040240 		.word	1073873920
 483              		.cfi_endproc
 484              	.LFE950:
 486              		.section	.text.HAL_DMA_DeInit,"ax",%progbits
 487              		.align	1
 488              		.global	HAL_DMA_DeInit
 489              		.syntax unified
 490              		.thumb
 491              		.thumb_func
 493              	HAL_DMA_DeInit:
 494              	.LVL24:
 495              	.LFB951:
 269:Drivers/STM32WBxx_HAL_Driver/Src/stm32wbxx_hal_dma.c **** 
 496              		.loc 1 269 1 is_stmt 1 view -0
 497              		.cfi_startproc
 498              		@ args = 0, pretend = 0, frame = 0
 499              		@ frame_needed = 0, uses_anonymous_args = 0
 272:Drivers/STM32WBxx_HAL_Driver/Src/stm32wbxx_hal_dma.c ****   {
 500              		.loc 1 272 3 view .LVU173
 272:Drivers/STM32WBxx_HAL_Driver/Src/stm32wbxx_hal_dma.c ****   {
 501              		.loc 1 272 6 is_stmt 0 view .LVU174
 502 0000 0028     		cmp	r0, #0
 503 0002 4BD0     		beq	.L36
 269:Drivers/STM32WBxx_HAL_Driver/Src/stm32wbxx_hal_dma.c **** 
 504              		.loc 1 269 1 view .LVU175
ARM GAS  C:\Users\843E~1\AppData\Local\Temp\ccQhwJ9j.s 			page 31


 505 0004 38B5     		push	{r3, r4, r5, lr}
 506              	.LCFI5:
 507              		.cfi_def_cfa_offset 16
 508              		.cfi_offset 3, -16
 509              		.cfi_offset 4, -12
 510              		.cfi_offset 5, -8
 511              		.cfi_offset 14, -4
 512 0006 0446     		mov	r4, r0
 278:Drivers/STM32WBxx_HAL_Driver/Src/stm32wbxx_hal_dma.c **** 
 513              		.loc 1 278 3 is_stmt 1 view .LVU176
 281:Drivers/STM32WBxx_HAL_Driver/Src/stm32wbxx_hal_dma.c **** 
 514              		.loc 1 281 3 view .LVU177
 515 0008 0268     		ldr	r2, [r0]
 516 000a 1368     		ldr	r3, [r2]
 517 000c 23F00103 		bic	r3, r3, #1
 518 0010 1360     		str	r3, [r2]
 285:Drivers/STM32WBxx_HAL_Driver/Src/stm32wbxx_hal_dma.c ****   {
 519              		.loc 1 285 3 view .LVU178
 285:Drivers/STM32WBxx_HAL_Driver/Src/stm32wbxx_hal_dma.c ****   {
 520              		.loc 1 285 22 is_stmt 0 view .LVU179
 521 0012 0268     		ldr	r2, [r0]
 285:Drivers/STM32WBxx_HAL_Driver/Src/stm32wbxx_hal_dma.c ****   {
 522              		.loc 1 285 6 view .LVU180
 523 0014 224B     		ldr	r3, .L42
 524 0016 9A42     		cmp	r2, r3
 525 0018 2CD8     		bhi	.L33
 288:Drivers/STM32WBxx_HAL_Driver/Src/stm32wbxx_hal_dma.c ****     hdma->DmaBaseAddress = DMA1;
 526              		.loc 1 288 5 is_stmt 1 view .LVU181
 288:Drivers/STM32WBxx_HAL_Driver/Src/stm32wbxx_hal_dma.c ****     hdma->DmaBaseAddress = DMA1;
 527              		.loc 1 288 53 is_stmt 0 view .LVU182
 528 001a 224B     		ldr	r3, .L42+4
 529 001c 1344     		add	r3, r3, r2
 288:Drivers/STM32WBxx_HAL_Driver/Src/stm32wbxx_hal_dma.c ****     hdma->DmaBaseAddress = DMA1;
 530              		.loc 1 288 80 view .LVU183
 531 001e 2249     		ldr	r1, .L42+8
 532 0020 A1FB0313 		umull	r1, r3, r1, r3
 533 0024 1B09     		lsrs	r3, r3, #4
 288:Drivers/STM32WBxx_HAL_Driver/Src/stm32wbxx_hal_dma.c ****     hdma->DmaBaseAddress = DMA1;
 534              		.loc 1 288 135 view .LVU184
 535 0026 9B00     		lsls	r3, r3, #2
 288:Drivers/STM32WBxx_HAL_Driver/Src/stm32wbxx_hal_dma.c ****     hdma->DmaBaseAddress = DMA1;
 536              		.loc 1 288 24 view .LVU185
 537 0028 4364     		str	r3, [r0, #68]
 289:Drivers/STM32WBxx_HAL_Driver/Src/stm32wbxx_hal_dma.c ****   }
 538              		.loc 1 289 5 is_stmt 1 view .LVU186
 289:Drivers/STM32WBxx_HAL_Driver/Src/stm32wbxx_hal_dma.c ****   }
 539              		.loc 1 289 26 is_stmt 0 view .LVU187
 540 002a 204B     		ldr	r3, .L42+12
 541 002c 0364     		str	r3, [r0, #64]
 542              	.L34:
 304:Drivers/STM32WBxx_HAL_Driver/Src/stm32wbxx_hal_dma.c **** 
 543              		.loc 1 304 3 is_stmt 1 view .LVU188
 304:Drivers/STM32WBxx_HAL_Driver/Src/stm32wbxx_hal_dma.c **** 
 544              		.loc 1 304 24 is_stmt 0 view .LVU189
 545 002e 0025     		movs	r5, #0
 546 0030 1560     		str	r5, [r2]
 307:Drivers/STM32WBxx_HAL_Driver/Src/stm32wbxx_hal_dma.c **** 
ARM GAS  C:\Users\843E~1\AppData\Local\Temp\ccQhwJ9j.s 			page 32


 547              		.loc 1 307 3 is_stmt 1 view .LVU190
 307:Drivers/STM32WBxx_HAL_Driver/Src/stm32wbxx_hal_dma.c **** 
 548              		.loc 1 307 54 is_stmt 0 view .LVU191
 549 0032 636C     		ldr	r3, [r4, #68]
 307:Drivers/STM32WBxx_HAL_Driver/Src/stm32wbxx_hal_dma.c **** 
 550              		.loc 1 307 69 view .LVU192
 551 0034 03F01C02 		and	r2, r3, #28
 307:Drivers/STM32WBxx_HAL_Driver/Src/stm32wbxx_hal_dma.c **** 
 552              		.loc 1 307 7 view .LVU193
 553 0038 216C     		ldr	r1, [r4, #64]
 307:Drivers/STM32WBxx_HAL_Driver/Src/stm32wbxx_hal_dma.c **** 
 554              		.loc 1 307 46 view .LVU194
 555 003a 0123     		movs	r3, #1
 556 003c 9340     		lsls	r3, r3, r2
 307:Drivers/STM32WBxx_HAL_Driver/Src/stm32wbxx_hal_dma.c **** 
 557              		.loc 1 307 30 view .LVU195
 558 003e 4B60     		str	r3, [r1, #4]
 312:Drivers/STM32WBxx_HAL_Driver/Src/stm32wbxx_hal_dma.c **** 
 559              		.loc 1 312 3 is_stmt 1 view .LVU196
 560 0040 2046     		mov	r0, r4
 561              	.LVL25:
 312:Drivers/STM32WBxx_HAL_Driver/Src/stm32wbxx_hal_dma.c **** 
 562              		.loc 1 312 3 is_stmt 0 view .LVU197
 563 0042 FFF7FEFF 		bl	DMA_CalcDMAMUXChannelBaseAndMask
 564              	.LVL26:
 315:Drivers/STM32WBxx_HAL_Driver/Src/stm32wbxx_hal_dma.c **** 
 565              		.loc 1 315 3 is_stmt 1 view .LVU198
 315:Drivers/STM32WBxx_HAL_Driver/Src/stm32wbxx_hal_dma.c **** 
 566              		.loc 1 315 7 is_stmt 0 view .LVU199
 567 0046 A36C     		ldr	r3, [r4, #72]
 315:Drivers/STM32WBxx_HAL_Driver/Src/stm32wbxx_hal_dma.c **** 
 568              		.loc 1 315 28 view .LVU200
 569 0048 1D60     		str	r5, [r3]
 318:Drivers/STM32WBxx_HAL_Driver/Src/stm32wbxx_hal_dma.c **** 
 570              		.loc 1 318 3 is_stmt 1 view .LVU201
 318:Drivers/STM32WBxx_HAL_Driver/Src/stm32wbxx_hal_dma.c **** 
 571              		.loc 1 318 7 is_stmt 0 view .LVU202
 572 004a E36C     		ldr	r3, [r4, #76]
 318:Drivers/STM32WBxx_HAL_Driver/Src/stm32wbxx_hal_dma.c **** 
 573              		.loc 1 318 40 view .LVU203
 574 004c 226D     		ldr	r2, [r4, #80]
 318:Drivers/STM32WBxx_HAL_Driver/Src/stm32wbxx_hal_dma.c **** 
 575              		.loc 1 318 34 view .LVU204
 576 004e 5A60     		str	r2, [r3, #4]
 321:Drivers/STM32WBxx_HAL_Driver/Src/stm32wbxx_hal_dma.c ****   {
 577              		.loc 1 321 3 is_stmt 1 view .LVU205
 321:Drivers/STM32WBxx_HAL_Driver/Src/stm32wbxx_hal_dma.c ****   {
 578              		.loc 1 321 19 is_stmt 0 view .LVU206
 579 0050 6368     		ldr	r3, [r4, #4]
 321:Drivers/STM32WBxx_HAL_Driver/Src/stm32wbxx_hal_dma.c ****   {
 580              		.loc 1 321 35 view .LVU207
 581 0052 013B     		subs	r3, r3, #1
 321:Drivers/STM32WBxx_HAL_Driver/Src/stm32wbxx_hal_dma.c ****   {
 582              		.loc 1 321 6 view .LVU208
 583 0054 032B     		cmp	r3, #3
 584 0056 18D9     		bls	.L41
 585              	.L35:
ARM GAS  C:\Users\843E~1\AppData\Local\Temp\ccQhwJ9j.s 			page 33


 335:Drivers/STM32WBxx_HAL_Driver/Src/stm32wbxx_hal_dma.c ****   hdma->DMAmuxRequestGenStatus = 0U;
 586              		.loc 1 335 3 is_stmt 1 view .LVU209
 335:Drivers/STM32WBxx_HAL_Driver/Src/stm32wbxx_hal_dma.c ****   hdma->DMAmuxRequestGenStatus = 0U;
 587              		.loc 1 335 26 is_stmt 0 view .LVU210
 588 0058 0020     		movs	r0, #0
 589 005a 6065     		str	r0, [r4, #84]
 336:Drivers/STM32WBxx_HAL_Driver/Src/stm32wbxx_hal_dma.c ****   hdma->DMAmuxRequestGenStatusMask = 0U;
 590              		.loc 1 336 3 is_stmt 1 view .LVU211
 336:Drivers/STM32WBxx_HAL_Driver/Src/stm32wbxx_hal_dma.c ****   hdma->DMAmuxRequestGenStatusMask = 0U;
 591              		.loc 1 336 32 is_stmt 0 view .LVU212
 592 005c A065     		str	r0, [r4, #88]
 337:Drivers/STM32WBxx_HAL_Driver/Src/stm32wbxx_hal_dma.c **** 
 593              		.loc 1 337 3 is_stmt 1 view .LVU213
 337:Drivers/STM32WBxx_HAL_Driver/Src/stm32wbxx_hal_dma.c **** 
 594              		.loc 1 337 36 is_stmt 0 view .LVU214
 595 005e E065     		str	r0, [r4, #92]
 340:Drivers/STM32WBxx_HAL_Driver/Src/stm32wbxx_hal_dma.c ****   hdma->XferHalfCpltCallback = NULL;
 596              		.loc 1 340 3 is_stmt 1 view .LVU215
 340:Drivers/STM32WBxx_HAL_Driver/Src/stm32wbxx_hal_dma.c ****   hdma->XferHalfCpltCallback = NULL;
 597              		.loc 1 340 26 is_stmt 0 view .LVU216
 598 0060 E062     		str	r0, [r4, #44]
 341:Drivers/STM32WBxx_HAL_Driver/Src/stm32wbxx_hal_dma.c ****   hdma->XferErrorCallback = NULL;
 599              		.loc 1 341 3 is_stmt 1 view .LVU217
 341:Drivers/STM32WBxx_HAL_Driver/Src/stm32wbxx_hal_dma.c ****   hdma->XferErrorCallback = NULL;
 600              		.loc 1 341 30 is_stmt 0 view .LVU218
 601 0062 2063     		str	r0, [r4, #48]
 342:Drivers/STM32WBxx_HAL_Driver/Src/stm32wbxx_hal_dma.c ****   hdma->XferAbortCallback = NULL;
 602              		.loc 1 342 3 is_stmt 1 view .LVU219
 342:Drivers/STM32WBxx_HAL_Driver/Src/stm32wbxx_hal_dma.c ****   hdma->XferAbortCallback = NULL;
 603              		.loc 1 342 27 is_stmt 0 view .LVU220
 604 0064 6063     		str	r0, [r4, #52]
 343:Drivers/STM32WBxx_HAL_Driver/Src/stm32wbxx_hal_dma.c **** 
 605              		.loc 1 343 3 is_stmt 1 view .LVU221
 343:Drivers/STM32WBxx_HAL_Driver/Src/stm32wbxx_hal_dma.c **** 
 606              		.loc 1 343 27 is_stmt 0 view .LVU222
 607 0066 A063     		str	r0, [r4, #56]
 346:Drivers/STM32WBxx_HAL_Driver/Src/stm32wbxx_hal_dma.c **** 
 608              		.loc 1 346 3 is_stmt 1 view .LVU223
 346:Drivers/STM32WBxx_HAL_Driver/Src/stm32wbxx_hal_dma.c **** 
 609              		.loc 1 346 19 is_stmt 0 view .LVU224
 610 0068 E063     		str	r0, [r4, #60]
 349:Drivers/STM32WBxx_HAL_Driver/Src/stm32wbxx_hal_dma.c **** 
 611              		.loc 1 349 3 is_stmt 1 view .LVU225
 349:Drivers/STM32WBxx_HAL_Driver/Src/stm32wbxx_hal_dma.c **** 
 612              		.loc 1 349 15 is_stmt 0 view .LVU226
 613 006a 84F82500 		strb	r0, [r4, #37]
 352:Drivers/STM32WBxx_HAL_Driver/Src/stm32wbxx_hal_dma.c **** 
 614              		.loc 1 352 3 is_stmt 1 view .LVU227
 352:Drivers/STM32WBxx_HAL_Driver/Src/stm32wbxx_hal_dma.c **** 
 615              		.loc 1 352 3 view .LVU228
 616 006e 84F82400 		strb	r0, [r4, #36]
 352:Drivers/STM32WBxx_HAL_Driver/Src/stm32wbxx_hal_dma.c **** 
 617              		.loc 1 352 3 view .LVU229
 354:Drivers/STM32WBxx_HAL_Driver/Src/stm32wbxx_hal_dma.c **** }
 618              		.loc 1 354 3 view .LVU230
 355:Drivers/STM32WBxx_HAL_Driver/Src/stm32wbxx_hal_dma.c **** 
 619              		.loc 1 355 1 is_stmt 0 view .LVU231
ARM GAS  C:\Users\843E~1\AppData\Local\Temp\ccQhwJ9j.s 			page 34


 620 0072 38BD     		pop	{r3, r4, r5, pc}
 621              	.LVL27:
 622              	.L33:
 294:Drivers/STM32WBxx_HAL_Driver/Src/stm32wbxx_hal_dma.c ****     hdma->DmaBaseAddress = DMA2;
 623              		.loc 1 294 5 is_stmt 1 view .LVU232
 294:Drivers/STM32WBxx_HAL_Driver/Src/stm32wbxx_hal_dma.c ****     hdma->DmaBaseAddress = DMA2;
 624              		.loc 1 294 53 is_stmt 0 view .LVU233
 625 0074 0E4B     		ldr	r3, .L42+16
 626 0076 1344     		add	r3, r3, r2
 294:Drivers/STM32WBxx_HAL_Driver/Src/stm32wbxx_hal_dma.c ****     hdma->DmaBaseAddress = DMA2;
 627              		.loc 1 294 80 view .LVU234
 628 0078 0B49     		ldr	r1, .L42+8
 629 007a A1FB0313 		umull	r1, r3, r1, r3
 630 007e 1B09     		lsrs	r3, r3, #4
 294:Drivers/STM32WBxx_HAL_Driver/Src/stm32wbxx_hal_dma.c ****     hdma->DmaBaseAddress = DMA2;
 631              		.loc 1 294 135 view .LVU235
 632 0080 9B00     		lsls	r3, r3, #2
 294:Drivers/STM32WBxx_HAL_Driver/Src/stm32wbxx_hal_dma.c ****     hdma->DmaBaseAddress = DMA2;
 633              		.loc 1 294 24 view .LVU236
 634 0082 4364     		str	r3, [r0, #68]
 295:Drivers/STM32WBxx_HAL_Driver/Src/stm32wbxx_hal_dma.c ****   }
 635              		.loc 1 295 5 is_stmt 1 view .LVU237
 295:Drivers/STM32WBxx_HAL_Driver/Src/stm32wbxx_hal_dma.c ****   }
 636              		.loc 1 295 26 is_stmt 0 view .LVU238
 637 0084 0B4B     		ldr	r3, .L42+20
 638 0086 0364     		str	r3, [r0, #64]
 639 0088 D1E7     		b	.L34
 640              	.LVL28:
 641              	.L41:
 326:Drivers/STM32WBxx_HAL_Driver/Src/stm32wbxx_hal_dma.c **** 
 642              		.loc 1 326 5 is_stmt 1 view .LVU239
 643 008a 2046     		mov	r0, r4
 644 008c FFF7FEFF 		bl	DMA_CalcDMAMUXRequestGenBaseAndMask
 645              	.LVL29:
 329:Drivers/STM32WBxx_HAL_Driver/Src/stm32wbxx_hal_dma.c **** 
 646              		.loc 1 329 5 view .LVU240
 329:Drivers/STM32WBxx_HAL_Driver/Src/stm32wbxx_hal_dma.c **** 
 647              		.loc 1 329 9 is_stmt 0 view .LVU241
 648 0090 636D     		ldr	r3, [r4, #84]
 329:Drivers/STM32WBxx_HAL_Driver/Src/stm32wbxx_hal_dma.c **** 
 649              		.loc 1 329 34 view .LVU242
 650 0092 1D60     		str	r5, [r3]
 332:Drivers/STM32WBxx_HAL_Driver/Src/stm32wbxx_hal_dma.c ****   }
 651              		.loc 1 332 5 is_stmt 1 view .LVU243
 332:Drivers/STM32WBxx_HAL_Driver/Src/stm32wbxx_hal_dma.c ****   }
 652              		.loc 1 332 9 is_stmt 0 view .LVU244
 653 0094 A36D     		ldr	r3, [r4, #88]
 332:Drivers/STM32WBxx_HAL_Driver/Src/stm32wbxx_hal_dma.c ****   }
 654              		.loc 1 332 47 view .LVU245
 655 0096 E26D     		ldr	r2, [r4, #92]
 332:Drivers/STM32WBxx_HAL_Driver/Src/stm32wbxx_hal_dma.c ****   }
 656              		.loc 1 332 41 view .LVU246
 657 0098 5A60     		str	r2, [r3, #4]
 658 009a DDE7     		b	.L35
 659              	.LVL30:
 660              	.L36:
 661              	.LCFI6:
ARM GAS  C:\Users\843E~1\AppData\Local\Temp\ccQhwJ9j.s 			page 35


 662              		.cfi_def_cfa_offset 0
 663              		.cfi_restore 3
 664              		.cfi_restore 4
 665              		.cfi_restore 5
 666              		.cfi_restore 14
 274:Drivers/STM32WBxx_HAL_Driver/Src/stm32wbxx_hal_dma.c ****   }
 667              		.loc 1 274 12 view .LVU247
 668 009c 0120     		movs	r0, #1
 669              	.LVL31:
 355:Drivers/STM32WBxx_HAL_Driver/Src/stm32wbxx_hal_dma.c **** 
 670              		.loc 1 355 1 view .LVU248
 671 009e 7047     		bx	lr
 672              	.L43:
 673              		.align	2
 674              	.L42:
 675 00a0 07040240 		.word	1073873927
 676 00a4 F8FFFDBF 		.word	-1073872904
 677 00a8 CDCCCCCC 		.word	-858993459
 678 00ac 00000240 		.word	1073872896
 679 00b0 F8FBFDBF 		.word	-1073873928
 680 00b4 00040240 		.word	1073873920
 681              		.cfi_endproc
 682              	.LFE951:
 684              		.section	.text.HAL_DMA_Start,"ax",%progbits
 685              		.align	1
 686              		.global	HAL_DMA_Start
 687              		.syntax unified
 688              		.thumb
 689              		.thumb_func
 691              	HAL_DMA_Start:
 692              	.LVL32:
 693              	.LFB952:
 390:Drivers/STM32WBxx_HAL_Driver/Src/stm32wbxx_hal_dma.c ****   HAL_StatusTypeDef status = HAL_OK;
 694              		.loc 1 390 1 is_stmt 1 view -0
 695              		.cfi_startproc
 696              		@ args = 0, pretend = 0, frame = 0
 697              		@ frame_needed = 0, uses_anonymous_args = 0
 390:Drivers/STM32WBxx_HAL_Driver/Src/stm32wbxx_hal_dma.c ****   HAL_StatusTypeDef status = HAL_OK;
 698              		.loc 1 390 1 is_stmt 0 view .LVU250
 699 0000 70B5     		push	{r4, r5, r6, lr}
 700              	.LCFI7:
 701              		.cfi_def_cfa_offset 16
 702              		.cfi_offset 4, -16
 703              		.cfi_offset 5, -12
 704              		.cfi_offset 6, -8
 705              		.cfi_offset 14, -4
 706 0002 0446     		mov	r4, r0
 391:Drivers/STM32WBxx_HAL_Driver/Src/stm32wbxx_hal_dma.c **** 
 707              		.loc 1 391 3 is_stmt 1 view .LVU251
 708              	.LVL33:
 394:Drivers/STM32WBxx_HAL_Driver/Src/stm32wbxx_hal_dma.c **** 
 709              		.loc 1 394 3 view .LVU252
 397:Drivers/STM32WBxx_HAL_Driver/Src/stm32wbxx_hal_dma.c **** 
 710              		.loc 1 397 3 view .LVU253
 397:Drivers/STM32WBxx_HAL_Driver/Src/stm32wbxx_hal_dma.c **** 
 711              		.loc 1 397 3 view .LVU254
 712 0004 90F82400 		ldrb	r0, [r0, #36]	@ zero_extendqisi2
ARM GAS  C:\Users\843E~1\AppData\Local\Temp\ccQhwJ9j.s 			page 36


 713              	.LVL34:
 397:Drivers/STM32WBxx_HAL_Driver/Src/stm32wbxx_hal_dma.c **** 
 714              		.loc 1 397 3 is_stmt 0 view .LVU255
 715 0008 0128     		cmp	r0, #1
 716 000a 20D0     		beq	.L47
 397:Drivers/STM32WBxx_HAL_Driver/Src/stm32wbxx_hal_dma.c **** 
 717              		.loc 1 397 3 is_stmt 1 discriminator 2 view .LVU256
 718 000c 0120     		movs	r0, #1
 719 000e 84F82400 		strb	r0, [r4, #36]
 397:Drivers/STM32WBxx_HAL_Driver/Src/stm32wbxx_hal_dma.c **** 
 720              		.loc 1 397 3 discriminator 2 view .LVU257
 399:Drivers/STM32WBxx_HAL_Driver/Src/stm32wbxx_hal_dma.c ****   {
 721              		.loc 1 399 3 discriminator 2 view .LVU258
 399:Drivers/STM32WBxx_HAL_Driver/Src/stm32wbxx_hal_dma.c ****   {
 722              		.loc 1 399 34 is_stmt 0 discriminator 2 view .LVU259
 723 0012 94F82500 		ldrb	r0, [r4, #37]	@ zero_extendqisi2
 724 0016 C0B2     		uxtb	r0, r0
 399:Drivers/STM32WBxx_HAL_Driver/Src/stm32wbxx_hal_dma.c ****   {
 725              		.loc 1 399 6 discriminator 2 view .LVU260
 726 0018 0128     		cmp	r0, #1
 727 001a 04D0     		beq	.L49
 417:Drivers/STM32WBxx_HAL_Driver/Src/stm32wbxx_hal_dma.c ****     status = HAL_BUSY;
 728              		.loc 1 417 5 is_stmt 1 view .LVU261
 417:Drivers/STM32WBxx_HAL_Driver/Src/stm32wbxx_hal_dma.c ****     status = HAL_BUSY;
 729              		.loc 1 417 5 view .LVU262
 730 001c 0023     		movs	r3, #0
 731              	.LVL35:
 417:Drivers/STM32WBxx_HAL_Driver/Src/stm32wbxx_hal_dma.c ****     status = HAL_BUSY;
 732              		.loc 1 417 5 is_stmt 0 view .LVU263
 733 001e 84F82430 		strb	r3, [r4, #36]
 417:Drivers/STM32WBxx_HAL_Driver/Src/stm32wbxx_hal_dma.c ****     status = HAL_BUSY;
 734              		.loc 1 417 5 is_stmt 1 view .LVU264
 418:Drivers/STM32WBxx_HAL_Driver/Src/stm32wbxx_hal_dma.c ****   }
 735              		.loc 1 418 5 view .LVU265
 736              	.LVL36:
 418:Drivers/STM32WBxx_HAL_Driver/Src/stm32wbxx_hal_dma.c ****   }
 737              		.loc 1 418 12 is_stmt 0 view .LVU266
 738 0022 0220     		movs	r0, #2
 739              	.LVL37:
 740              	.L45:
 421:Drivers/STM32WBxx_HAL_Driver/Src/stm32wbxx_hal_dma.c **** 
 741              		.loc 1 421 1 view .LVU267
 742 0024 70BD     		pop	{r4, r5, r6, pc}
 743              	.LVL38:
 744              	.L49:
 402:Drivers/STM32WBxx_HAL_Driver/Src/stm32wbxx_hal_dma.c ****     hdma->ErrorCode = HAL_DMA_ERROR_NONE;
 745              		.loc 1 402 5 is_stmt 1 view .LVU268
 402:Drivers/STM32WBxx_HAL_Driver/Src/stm32wbxx_hal_dma.c ****     hdma->ErrorCode = HAL_DMA_ERROR_NONE;
 746              		.loc 1 402 17 is_stmt 0 view .LVU269
 747 0026 0220     		movs	r0, #2
 748 0028 84F82500 		strb	r0, [r4, #37]
 403:Drivers/STM32WBxx_HAL_Driver/Src/stm32wbxx_hal_dma.c **** 
 749              		.loc 1 403 5 is_stmt 1 view .LVU270
 403:Drivers/STM32WBxx_HAL_Driver/Src/stm32wbxx_hal_dma.c **** 
 750              		.loc 1 403 21 is_stmt 0 view .LVU271
 751 002c 0025     		movs	r5, #0
 752 002e E563     		str	r5, [r4, #60]
ARM GAS  C:\Users\843E~1\AppData\Local\Temp\ccQhwJ9j.s 			page 37


 406:Drivers/STM32WBxx_HAL_Driver/Src/stm32wbxx_hal_dma.c **** 
 753              		.loc 1 406 5 is_stmt 1 view .LVU272
 754 0030 2668     		ldr	r6, [r4]
 755 0032 3068     		ldr	r0, [r6]
 756 0034 20F00100 		bic	r0, r0, #1
 757 0038 3060     		str	r0, [r6]
 409:Drivers/STM32WBxx_HAL_Driver/Src/stm32wbxx_hal_dma.c **** 
 758              		.loc 1 409 5 view .LVU273
 759 003a 2046     		mov	r0, r4
 760 003c FFF7FEFF 		bl	DMA_SetConfig
 761              	.LVL39:
 412:Drivers/STM32WBxx_HAL_Driver/Src/stm32wbxx_hal_dma.c ****   }
 762              		.loc 1 412 5 view .LVU274
 763 0040 2268     		ldr	r2, [r4]
 764 0042 1368     		ldr	r3, [r2]
 765 0044 43F00103 		orr	r3, r3, #1
 766 0048 1360     		str	r3, [r2]
 391:Drivers/STM32WBxx_HAL_Driver/Src/stm32wbxx_hal_dma.c **** 
 767              		.loc 1 391 21 is_stmt 0 view .LVU275
 768 004a 2846     		mov	r0, r5
 769 004c EAE7     		b	.L45
 770              	.LVL40:
 771              	.L47:
 397:Drivers/STM32WBxx_HAL_Driver/Src/stm32wbxx_hal_dma.c **** 
 772              		.loc 1 397 3 view .LVU276
 773 004e 0220     		movs	r0, #2
 774 0050 E8E7     		b	.L45
 775              		.cfi_endproc
 776              	.LFE952:
 778              		.section	.text.HAL_DMA_Start_IT,"ax",%progbits
 779              		.align	1
 780              		.global	HAL_DMA_Start_IT
 781              		.syntax unified
 782              		.thumb
 783              		.thumb_func
 785              	HAL_DMA_Start_IT:
 786              	.LVL41:
 787              	.LFB953:
 434:Drivers/STM32WBxx_HAL_Driver/Src/stm32wbxx_hal_dma.c ****   HAL_StatusTypeDef status = HAL_OK;
 788              		.loc 1 434 1 is_stmt 1 view -0
 789              		.cfi_startproc
 790              		@ args = 0, pretend = 0, frame = 0
 791              		@ frame_needed = 0, uses_anonymous_args = 0
 434:Drivers/STM32WBxx_HAL_Driver/Src/stm32wbxx_hal_dma.c ****   HAL_StatusTypeDef status = HAL_OK;
 792              		.loc 1 434 1 is_stmt 0 view .LVU278
 793 0000 38B5     		push	{r3, r4, r5, lr}
 794              	.LCFI8:
 795              		.cfi_def_cfa_offset 16
 796              		.cfi_offset 3, -16
 797              		.cfi_offset 4, -12
 798              		.cfi_offset 5, -8
 799              		.cfi_offset 14, -4
 800 0002 0446     		mov	r4, r0
 435:Drivers/STM32WBxx_HAL_Driver/Src/stm32wbxx_hal_dma.c **** 
 801              		.loc 1 435 3 is_stmt 1 view .LVU279
 802              	.LVL42:
 438:Drivers/STM32WBxx_HAL_Driver/Src/stm32wbxx_hal_dma.c **** 
ARM GAS  C:\Users\843E~1\AppData\Local\Temp\ccQhwJ9j.s 			page 38


 803              		.loc 1 438 3 view .LVU280
 441:Drivers/STM32WBxx_HAL_Driver/Src/stm32wbxx_hal_dma.c **** 
 804              		.loc 1 441 3 view .LVU281
 441:Drivers/STM32WBxx_HAL_Driver/Src/stm32wbxx_hal_dma.c **** 
 805              		.loc 1 441 3 view .LVU282
 806 0004 90F82400 		ldrb	r0, [r0, #36]	@ zero_extendqisi2
 807              	.LVL43:
 441:Drivers/STM32WBxx_HAL_Driver/Src/stm32wbxx_hal_dma.c **** 
 808              		.loc 1 441 3 is_stmt 0 view .LVU283
 809 0008 0128     		cmp	r0, #1
 810 000a 41D0     		beq	.L57
 441:Drivers/STM32WBxx_HAL_Driver/Src/stm32wbxx_hal_dma.c **** 
 811              		.loc 1 441 3 is_stmt 1 discriminator 2 view .LVU284
 812 000c 0120     		movs	r0, #1
 813 000e 84F82400 		strb	r0, [r4, #36]
 441:Drivers/STM32WBxx_HAL_Driver/Src/stm32wbxx_hal_dma.c **** 
 814              		.loc 1 441 3 discriminator 2 view .LVU285
 443:Drivers/STM32WBxx_HAL_Driver/Src/stm32wbxx_hal_dma.c ****   {
 815              		.loc 1 443 3 discriminator 2 view .LVU286
 443:Drivers/STM32WBxx_HAL_Driver/Src/stm32wbxx_hal_dma.c ****   {
 816              		.loc 1 443 34 is_stmt 0 discriminator 2 view .LVU287
 817 0012 94F82500 		ldrb	r0, [r4, #37]	@ zero_extendqisi2
 818 0016 C0B2     		uxtb	r0, r0
 443:Drivers/STM32WBxx_HAL_Driver/Src/stm32wbxx_hal_dma.c ****   {
 819              		.loc 1 443 6 discriminator 2 view .LVU288
 820 0018 0128     		cmp	r0, #1
 821 001a 04D0     		beq	.L59
 488:Drivers/STM32WBxx_HAL_Driver/Src/stm32wbxx_hal_dma.c **** 
 822              		.loc 1 488 5 is_stmt 1 view .LVU289
 488:Drivers/STM32WBxx_HAL_Driver/Src/stm32wbxx_hal_dma.c **** 
 823              		.loc 1 488 5 view .LVU290
 824 001c 0023     		movs	r3, #0
 825              	.LVL44:
 488:Drivers/STM32WBxx_HAL_Driver/Src/stm32wbxx_hal_dma.c **** 
 826              		.loc 1 488 5 is_stmt 0 view .LVU291
 827 001e 84F82430 		strb	r3, [r4, #36]
 488:Drivers/STM32WBxx_HAL_Driver/Src/stm32wbxx_hal_dma.c **** 
 828              		.loc 1 488 5 is_stmt 1 view .LVU292
 491:Drivers/STM32WBxx_HAL_Driver/Src/stm32wbxx_hal_dma.c ****   }
 829              		.loc 1 491 5 view .LVU293
 830              	.LVL45:
 491:Drivers/STM32WBxx_HAL_Driver/Src/stm32wbxx_hal_dma.c ****   }
 831              		.loc 1 491 12 is_stmt 0 view .LVU294
 832 0022 0220     		movs	r0, #2
 833              	.LVL46:
 834              	.L51:
 494:Drivers/STM32WBxx_HAL_Driver/Src/stm32wbxx_hal_dma.c **** 
 835              		.loc 1 494 1 view .LVU295
 836 0024 38BD     		pop	{r3, r4, r5, pc}
 837              	.LVL47:
 838              	.L59:
 446:Drivers/STM32WBxx_HAL_Driver/Src/stm32wbxx_hal_dma.c ****     hdma->ErrorCode = HAL_DMA_ERROR_NONE;
 839              		.loc 1 446 5 is_stmt 1 view .LVU296
 446:Drivers/STM32WBxx_HAL_Driver/Src/stm32wbxx_hal_dma.c ****     hdma->ErrorCode = HAL_DMA_ERROR_NONE;
 840              		.loc 1 446 17 is_stmt 0 view .LVU297
 841 0026 0220     		movs	r0, #2
 842 0028 84F82500 		strb	r0, [r4, #37]
ARM GAS  C:\Users\843E~1\AppData\Local\Temp\ccQhwJ9j.s 			page 39


 447:Drivers/STM32WBxx_HAL_Driver/Src/stm32wbxx_hal_dma.c **** 
 843              		.loc 1 447 5 is_stmt 1 view .LVU298
 447:Drivers/STM32WBxx_HAL_Driver/Src/stm32wbxx_hal_dma.c **** 
 844              		.loc 1 447 21 is_stmt 0 view .LVU299
 845 002c 0020     		movs	r0, #0
 846 002e E063     		str	r0, [r4, #60]
 450:Drivers/STM32WBxx_HAL_Driver/Src/stm32wbxx_hal_dma.c **** 
 847              		.loc 1 450 5 is_stmt 1 view .LVU300
 848 0030 2568     		ldr	r5, [r4]
 849 0032 2868     		ldr	r0, [r5]
 850 0034 20F00100 		bic	r0, r0, #1
 851 0038 2860     		str	r0, [r5]
 453:Drivers/STM32WBxx_HAL_Driver/Src/stm32wbxx_hal_dma.c **** 
 852              		.loc 1 453 5 view .LVU301
 853 003a 2046     		mov	r0, r4
 854 003c FFF7FEFF 		bl	DMA_SetConfig
 855              	.LVL48:
 457:Drivers/STM32WBxx_HAL_Driver/Src/stm32wbxx_hal_dma.c ****     {
 856              		.loc 1 457 5 view .LVU302
 457:Drivers/STM32WBxx_HAL_Driver/Src/stm32wbxx_hal_dma.c ****     {
 857              		.loc 1 457 21 is_stmt 0 view .LVU303
 858 0040 236B     		ldr	r3, [r4, #48]
 457:Drivers/STM32WBxx_HAL_Driver/Src/stm32wbxx_hal_dma.c ****     {
 859              		.loc 1 457 8 view .LVU304
 860 0042 D3B1     		cbz	r3, .L53
 460:Drivers/STM32WBxx_HAL_Driver/Src/stm32wbxx_hal_dma.c ****     }
 861              		.loc 1 460 7 is_stmt 1 view .LVU305
 862 0044 2268     		ldr	r2, [r4]
 863 0046 1368     		ldr	r3, [r2]
 864 0048 43F00E03 		orr	r3, r3, #14
 865 004c 1360     		str	r3, [r2]
 866              	.L54:
 469:Drivers/STM32WBxx_HAL_Driver/Src/stm32wbxx_hal_dma.c ****     {
 867              		.loc 1 469 5 view .LVU306
 469:Drivers/STM32WBxx_HAL_Driver/Src/stm32wbxx_hal_dma.c ****     {
 868              		.loc 1 469 14 is_stmt 0 view .LVU307
 869 004e A36C     		ldr	r3, [r4, #72]
 469:Drivers/STM32WBxx_HAL_Driver/Src/stm32wbxx_hal_dma.c ****     {
 870              		.loc 1 469 29 view .LVU308
 871 0050 1A68     		ldr	r2, [r3]
 469:Drivers/STM32WBxx_HAL_Driver/Src/stm32wbxx_hal_dma.c ****     {
 872              		.loc 1 469 8 view .LVU309
 873 0052 12F4803F 		tst	r2, #65536
 874 0056 03D0     		beq	.L55
 472:Drivers/STM32WBxx_HAL_Driver/Src/stm32wbxx_hal_dma.c ****     }
 875              		.loc 1 472 7 is_stmt 1 view .LVU310
 472:Drivers/STM32WBxx_HAL_Driver/Src/stm32wbxx_hal_dma.c ****     }
 876              		.loc 1 472 32 is_stmt 0 view .LVU311
 877 0058 1A68     		ldr	r2, [r3]
 878 005a 42F48072 		orr	r2, r2, #256
 879 005e 1A60     		str	r2, [r3]
 880              	.L55:
 475:Drivers/STM32WBxx_HAL_Driver/Src/stm32wbxx_hal_dma.c ****     {
 881              		.loc 1 475 5 is_stmt 1 view .LVU312
 475:Drivers/STM32WBxx_HAL_Driver/Src/stm32wbxx_hal_dma.c ****     {
 882              		.loc 1 475 13 is_stmt 0 view .LVU313
 883 0060 636D     		ldr	r3, [r4, #84]
ARM GAS  C:\Users\843E~1\AppData\Local\Temp\ccQhwJ9j.s 			page 40


 475:Drivers/STM32WBxx_HAL_Driver/Src/stm32wbxx_hal_dma.c ****     {
 884              		.loc 1 475 8 view .LVU314
 885 0062 1BB1     		cbz	r3, .L56
 479:Drivers/STM32WBxx_HAL_Driver/Src/stm32wbxx_hal_dma.c ****     }
 886              		.loc 1 479 7 is_stmt 1 view .LVU315
 479:Drivers/STM32WBxx_HAL_Driver/Src/stm32wbxx_hal_dma.c ****     }
 887              		.loc 1 479 36 is_stmt 0 view .LVU316
 888 0064 1A68     		ldr	r2, [r3]
 889 0066 42F48072 		orr	r2, r2, #256
 890 006a 1A60     		str	r2, [r3]
 891              	.L56:
 483:Drivers/STM32WBxx_HAL_Driver/Src/stm32wbxx_hal_dma.c ****   }
 892              		.loc 1 483 5 is_stmt 1 view .LVU317
 893 006c 2268     		ldr	r2, [r4]
 894 006e 1368     		ldr	r3, [r2]
 895 0070 43F00103 		orr	r3, r3, #1
 896 0074 1360     		str	r3, [r2]
 435:Drivers/STM32WBxx_HAL_Driver/Src/stm32wbxx_hal_dma.c **** 
 897              		.loc 1 435 21 is_stmt 0 view .LVU318
 898 0076 0020     		movs	r0, #0
 899 0078 D4E7     		b	.L51
 900              	.L53:
 464:Drivers/STM32WBxx_HAL_Driver/Src/stm32wbxx_hal_dma.c ****       __HAL_DMA_ENABLE_IT(hdma, (DMA_IT_TC | DMA_IT_TE));
 901              		.loc 1 464 7 is_stmt 1 view .LVU319
 902 007a 2268     		ldr	r2, [r4]
 903 007c 1368     		ldr	r3, [r2]
 904 007e 23F00403 		bic	r3, r3, #4
 905 0082 1360     		str	r3, [r2]
 465:Drivers/STM32WBxx_HAL_Driver/Src/stm32wbxx_hal_dma.c ****     }
 906              		.loc 1 465 7 view .LVU320
 907 0084 2268     		ldr	r2, [r4]
 908 0086 1368     		ldr	r3, [r2]
 909 0088 43F00A03 		orr	r3, r3, #10
 910 008c 1360     		str	r3, [r2]
 911 008e DEE7     		b	.L54
 912              	.LVL49:
 913              	.L57:
 441:Drivers/STM32WBxx_HAL_Driver/Src/stm32wbxx_hal_dma.c **** 
 914              		.loc 1 441 3 is_stmt 0 view .LVU321
 915 0090 0220     		movs	r0, #2
 916 0092 C7E7     		b	.L51
 917              		.cfi_endproc
 918              	.LFE953:
 920              		.section	.text.HAL_DMA_Abort,"ax",%progbits
 921              		.align	1
 922              		.global	HAL_DMA_Abort
 923              		.syntax unified
 924              		.thumb
 925              		.thumb_func
 927              	HAL_DMA_Abort:
 928              	.LVL50:
 929              	.LFB954:
 503:Drivers/STM32WBxx_HAL_Driver/Src/stm32wbxx_hal_dma.c **** 
 930              		.loc 1 503 1 is_stmt 1 view -0
 931              		.cfi_startproc
 932              		@ args = 0, pretend = 0, frame = 0
 933              		@ frame_needed = 0, uses_anonymous_args = 0
ARM GAS  C:\Users\843E~1\AppData\Local\Temp\ccQhwJ9j.s 			page 41


 934              		@ link register save eliminated.
 506:Drivers/STM32WBxx_HAL_Driver/Src/stm32wbxx_hal_dma.c ****   {
 935              		.loc 1 506 3 view .LVU323
 506:Drivers/STM32WBxx_HAL_Driver/Src/stm32wbxx_hal_dma.c ****   {
 936              		.loc 1 506 6 is_stmt 0 view .LVU324
 937 0000 0346     		mov	r3, r0
 938 0002 0028     		cmp	r0, #0
 939 0004 34D0     		beq	.L64
 512:Drivers/STM32WBxx_HAL_Driver/Src/stm32wbxx_hal_dma.c ****   {
 940              		.loc 1 512 3 is_stmt 1 view .LVU325
 512:Drivers/STM32WBxx_HAL_Driver/Src/stm32wbxx_hal_dma.c ****   {
 941              		.loc 1 512 11 is_stmt 0 view .LVU326
 942 0006 90F82520 		ldrb	r2, [r0, #37]	@ zero_extendqisi2
 943 000a D2B2     		uxtb	r2, r2
 512:Drivers/STM32WBxx_HAL_Driver/Src/stm32wbxx_hal_dma.c ****   {
 944              		.loc 1 512 6 view .LVU327
 945 000c 022A     		cmp	r2, #2
 946 000e 06D0     		beq	.L62
 514:Drivers/STM32WBxx_HAL_Driver/Src/stm32wbxx_hal_dma.c **** 
 947              		.loc 1 514 5 is_stmt 1 view .LVU328
 514:Drivers/STM32WBxx_HAL_Driver/Src/stm32wbxx_hal_dma.c **** 
 948              		.loc 1 514 21 is_stmt 0 view .LVU329
 949 0010 0422     		movs	r2, #4
 950 0012 C263     		str	r2, [r0, #60]
 517:Drivers/STM32WBxx_HAL_Driver/Src/stm32wbxx_hal_dma.c **** 
 951              		.loc 1 517 5 is_stmt 1 view .LVU330
 517:Drivers/STM32WBxx_HAL_Driver/Src/stm32wbxx_hal_dma.c **** 
 952              		.loc 1 517 5 view .LVU331
 953 0014 0022     		movs	r2, #0
 954 0016 80F82420 		strb	r2, [r0, #36]
 517:Drivers/STM32WBxx_HAL_Driver/Src/stm32wbxx_hal_dma.c **** 
 955              		.loc 1 517 5 view .LVU332
 519:Drivers/STM32WBxx_HAL_Driver/Src/stm32wbxx_hal_dma.c ****   }
 956              		.loc 1 519 5 view .LVU333
 519:Drivers/STM32WBxx_HAL_Driver/Src/stm32wbxx_hal_dma.c ****   }
 957              		.loc 1 519 12 is_stmt 0 view .LVU334
 958 001a 0120     		movs	r0, #1
 959              	.LVL51:
 519:Drivers/STM32WBxx_HAL_Driver/Src/stm32wbxx_hal_dma.c ****   }
 960              		.loc 1 519 12 view .LVU335
 961 001c 7047     		bx	lr
 962              	.LVL52:
 963              	.L62:
 524:Drivers/STM32WBxx_HAL_Driver/Src/stm32wbxx_hal_dma.c **** 
 964              		.loc 1 524 5 is_stmt 1 view .LVU336
 965 001e 0168     		ldr	r1, [r0]
 966 0020 0A68     		ldr	r2, [r1]
 967 0022 22F00E02 		bic	r2, r2, #14
 968 0026 0A60     		str	r2, [r1]
 527:Drivers/STM32WBxx_HAL_Driver/Src/stm32wbxx_hal_dma.c **** 
 969              		.loc 1 527 5 view .LVU337
 527:Drivers/STM32WBxx_HAL_Driver/Src/stm32wbxx_hal_dma.c **** 
 970              		.loc 1 527 9 is_stmt 0 view .LVU338
 971 0028 816C     		ldr	r1, [r0, #72]
 527:Drivers/STM32WBxx_HAL_Driver/Src/stm32wbxx_hal_dma.c **** 
 972              		.loc 1 527 30 view .LVU339
 973 002a 0A68     		ldr	r2, [r1]
ARM GAS  C:\Users\843E~1\AppData\Local\Temp\ccQhwJ9j.s 			page 42


 974 002c 22F48072 		bic	r2, r2, #256
 975 0030 0A60     		str	r2, [r1]
 530:Drivers/STM32WBxx_HAL_Driver/Src/stm32wbxx_hal_dma.c **** 
 976              		.loc 1 530 5 is_stmt 1 view .LVU340
 977 0032 0168     		ldr	r1, [r0]
 978 0034 0A68     		ldr	r2, [r1]
 979 0036 22F00102 		bic	r2, r2, #1
 980 003a 0A60     		str	r2, [r1]
 533:Drivers/STM32WBxx_HAL_Driver/Src/stm32wbxx_hal_dma.c **** 
 981              		.loc 1 533 5 view .LVU341
 533:Drivers/STM32WBxx_HAL_Driver/Src/stm32wbxx_hal_dma.c **** 
 982              		.loc 1 533 56 is_stmt 0 view .LVU342
 983 003c 426C     		ldr	r2, [r0, #68]
 533:Drivers/STM32WBxx_HAL_Driver/Src/stm32wbxx_hal_dma.c **** 
 984              		.loc 1 533 71 view .LVU343
 985 003e 02F01C01 		and	r1, r2, #28
 533:Drivers/STM32WBxx_HAL_Driver/Src/stm32wbxx_hal_dma.c **** 
 986              		.loc 1 533 9 view .LVU344
 987 0042 006C     		ldr	r0, [r0, #64]
 988              	.LVL53:
 533:Drivers/STM32WBxx_HAL_Driver/Src/stm32wbxx_hal_dma.c **** 
 989              		.loc 1 533 48 view .LVU345
 990 0044 0122     		movs	r2, #1
 991 0046 8A40     		lsls	r2, r2, r1
 533:Drivers/STM32WBxx_HAL_Driver/Src/stm32wbxx_hal_dma.c **** 
 992              		.loc 1 533 32 view .LVU346
 993 0048 4260     		str	r2, [r0, #4]
 536:Drivers/STM32WBxx_HAL_Driver/Src/stm32wbxx_hal_dma.c **** 
 994              		.loc 1 536 5 is_stmt 1 view .LVU347
 536:Drivers/STM32WBxx_HAL_Driver/Src/stm32wbxx_hal_dma.c **** 
 995              		.loc 1 536 9 is_stmt 0 view .LVU348
 996 004a DA6C     		ldr	r2, [r3, #76]
 536:Drivers/STM32WBxx_HAL_Driver/Src/stm32wbxx_hal_dma.c **** 
 997              		.loc 1 536 42 view .LVU349
 998 004c 196D     		ldr	r1, [r3, #80]
 536:Drivers/STM32WBxx_HAL_Driver/Src/stm32wbxx_hal_dma.c **** 
 999              		.loc 1 536 36 view .LVU350
 1000 004e 5160     		str	r1, [r2, #4]
 538:Drivers/STM32WBxx_HAL_Driver/Src/stm32wbxx_hal_dma.c ****     {
 1001              		.loc 1 538 5 is_stmt 1 view .LVU351
 538:Drivers/STM32WBxx_HAL_Driver/Src/stm32wbxx_hal_dma.c ****     {
 1002              		.loc 1 538 13 is_stmt 0 view .LVU352
 1003 0050 5A6D     		ldr	r2, [r3, #84]
 538:Drivers/STM32WBxx_HAL_Driver/Src/stm32wbxx_hal_dma.c ****     {
 1004              		.loc 1 538 8 view .LVU353
 1005 0052 32B1     		cbz	r2, .L63
 542:Drivers/STM32WBxx_HAL_Driver/Src/stm32wbxx_hal_dma.c **** 
 1006              		.loc 1 542 7 is_stmt 1 view .LVU354
 542:Drivers/STM32WBxx_HAL_Driver/Src/stm32wbxx_hal_dma.c **** 
 1007              		.loc 1 542 36 is_stmt 0 view .LVU355
 1008 0054 1168     		ldr	r1, [r2]
 1009 0056 21F48071 		bic	r1, r1, #256
 1010 005a 1160     		str	r1, [r2]
 545:Drivers/STM32WBxx_HAL_Driver/Src/stm32wbxx_hal_dma.c ****     }
 1011              		.loc 1 545 7 is_stmt 1 view .LVU356
 545:Drivers/STM32WBxx_HAL_Driver/Src/stm32wbxx_hal_dma.c ****     }
 1012              		.loc 1 545 11 is_stmt 0 view .LVU357
ARM GAS  C:\Users\843E~1\AppData\Local\Temp\ccQhwJ9j.s 			page 43


 1013 005c 9A6D     		ldr	r2, [r3, #88]
 545:Drivers/STM32WBxx_HAL_Driver/Src/stm32wbxx_hal_dma.c ****     }
 1014              		.loc 1 545 49 view .LVU358
 1015 005e D96D     		ldr	r1, [r3, #92]
 545:Drivers/STM32WBxx_HAL_Driver/Src/stm32wbxx_hal_dma.c ****     }
 1016              		.loc 1 545 43 view .LVU359
 1017 0060 5160     		str	r1, [r2, #4]
 1018              	.L63:
 549:Drivers/STM32WBxx_HAL_Driver/Src/stm32wbxx_hal_dma.c **** 
 1019              		.loc 1 549 5 is_stmt 1 view .LVU360
 549:Drivers/STM32WBxx_HAL_Driver/Src/stm32wbxx_hal_dma.c **** 
 1020              		.loc 1 549 17 is_stmt 0 view .LVU361
 1021 0062 0122     		movs	r2, #1
 1022 0064 83F82520 		strb	r2, [r3, #37]
 552:Drivers/STM32WBxx_HAL_Driver/Src/stm32wbxx_hal_dma.c ****   }
 1023              		.loc 1 552 5 is_stmt 1 view .LVU362
 552:Drivers/STM32WBxx_HAL_Driver/Src/stm32wbxx_hal_dma.c ****   }
 1024              		.loc 1 552 5 view .LVU363
 1025 0068 0020     		movs	r0, #0
 1026 006a 83F82400 		strb	r0, [r3, #36]
 552:Drivers/STM32WBxx_HAL_Driver/Src/stm32wbxx_hal_dma.c ****   }
 1027              		.loc 1 552 5 view .LVU364
 555:Drivers/STM32WBxx_HAL_Driver/Src/stm32wbxx_hal_dma.c **** }
 1028              		.loc 1 555 3 view .LVU365
 555:Drivers/STM32WBxx_HAL_Driver/Src/stm32wbxx_hal_dma.c **** }
 1029              		.loc 1 555 10 is_stmt 0 view .LVU366
 1030 006e 7047     		bx	lr
 1031              	.LVL54:
 1032              	.L64:
 508:Drivers/STM32WBxx_HAL_Driver/Src/stm32wbxx_hal_dma.c ****   }
 1033              		.loc 1 508 12 view .LVU367
 1034 0070 0120     		movs	r0, #1
 1035              	.LVL55:
 556:Drivers/STM32WBxx_HAL_Driver/Src/stm32wbxx_hal_dma.c **** 
 1036              		.loc 1 556 1 view .LVU368
 1037 0072 7047     		bx	lr
 1038              		.cfi_endproc
 1039              	.LFE954:
 1041              		.section	.text.HAL_DMA_Abort_IT,"ax",%progbits
 1042              		.align	1
 1043              		.global	HAL_DMA_Abort_IT
 1044              		.syntax unified
 1045              		.thumb
 1046              		.thumb_func
 1048              	HAL_DMA_Abort_IT:
 1049              	.LVL56:
 1050              	.LFB955:
 565:Drivers/STM32WBxx_HAL_Driver/Src/stm32wbxx_hal_dma.c ****   HAL_StatusTypeDef status = HAL_OK;
 1051              		.loc 1 565 1 is_stmt 1 view -0
 1052              		.cfi_startproc
 1053              		@ args = 0, pretend = 0, frame = 0
 1054              		@ frame_needed = 0, uses_anonymous_args = 0
 565:Drivers/STM32WBxx_HAL_Driver/Src/stm32wbxx_hal_dma.c ****   HAL_StatusTypeDef status = HAL_OK;
 1055              		.loc 1 565 1 is_stmt 0 view .LVU370
 1056 0000 08B5     		push	{r3, lr}
 1057              	.LCFI9:
 1058              		.cfi_def_cfa_offset 8
ARM GAS  C:\Users\843E~1\AppData\Local\Temp\ccQhwJ9j.s 			page 44


 1059              		.cfi_offset 3, -8
 1060              		.cfi_offset 14, -4
 566:Drivers/STM32WBxx_HAL_Driver/Src/stm32wbxx_hal_dma.c **** 
 1061              		.loc 1 566 3 is_stmt 1 view .LVU371
 1062              	.LVL57:
 568:Drivers/STM32WBxx_HAL_Driver/Src/stm32wbxx_hal_dma.c ****   {
 1063              		.loc 1 568 3 view .LVU372
 568:Drivers/STM32WBxx_HAL_Driver/Src/stm32wbxx_hal_dma.c ****   {
 1064              		.loc 1 568 33 is_stmt 0 view .LVU373
 1065 0002 90F82530 		ldrb	r3, [r0, #37]	@ zero_extendqisi2
 1066 0006 DBB2     		uxtb	r3, r3
 568:Drivers/STM32WBxx_HAL_Driver/Src/stm32wbxx_hal_dma.c ****   {
 1067              		.loc 1 568 6 view .LVU374
 1068 0008 022B     		cmp	r3, #2
 1069 000a 03D0     		beq	.L66
 571:Drivers/STM32WBxx_HAL_Driver/Src/stm32wbxx_hal_dma.c **** 
 1070              		.loc 1 571 5 is_stmt 1 view .LVU375
 571:Drivers/STM32WBxx_HAL_Driver/Src/stm32wbxx_hal_dma.c **** 
 1071              		.loc 1 571 21 is_stmt 0 view .LVU376
 1072 000c 0423     		movs	r3, #4
 1073 000e C363     		str	r3, [r0, #60]
 573:Drivers/STM32WBxx_HAL_Driver/Src/stm32wbxx_hal_dma.c ****   }
 1074              		.loc 1 573 5 is_stmt 1 view .LVU377
 1075              	.LVL58:
 573:Drivers/STM32WBxx_HAL_Driver/Src/stm32wbxx_hal_dma.c ****   }
 1076              		.loc 1 573 12 is_stmt 0 view .LVU378
 1077 0010 0120     		movs	r0, #1
 1078              	.LVL59:
 1079              	.L67:
 614:Drivers/STM32WBxx_HAL_Driver/Src/stm32wbxx_hal_dma.c **** }
 1080              		.loc 1 614 3 is_stmt 1 view .LVU379
 615:Drivers/STM32WBxx_HAL_Driver/Src/stm32wbxx_hal_dma.c **** 
 1081              		.loc 1 615 1 is_stmt 0 view .LVU380
 1082 0012 08BD     		pop	{r3, pc}
 1083              	.LVL60:
 1084              	.L66:
 578:Drivers/STM32WBxx_HAL_Driver/Src/stm32wbxx_hal_dma.c **** 
 1085              		.loc 1 578 5 is_stmt 1 view .LVU381
 1086 0014 0268     		ldr	r2, [r0]
 1087 0016 1368     		ldr	r3, [r2]
 1088 0018 23F00E03 		bic	r3, r3, #14
 1089 001c 1360     		str	r3, [r2]
 581:Drivers/STM32WBxx_HAL_Driver/Src/stm32wbxx_hal_dma.c **** 
 1090              		.loc 1 581 5 view .LVU382
 1091 001e 0268     		ldr	r2, [r0]
 1092 0020 1368     		ldr	r3, [r2]
 1093 0022 23F00103 		bic	r3, r3, #1
 1094 0026 1360     		str	r3, [r2]
 584:Drivers/STM32WBxx_HAL_Driver/Src/stm32wbxx_hal_dma.c **** 
 1095              		.loc 1 584 5 view .LVU383
 584:Drivers/STM32WBxx_HAL_Driver/Src/stm32wbxx_hal_dma.c **** 
 1096              		.loc 1 584 9 is_stmt 0 view .LVU384
 1097 0028 826C     		ldr	r2, [r0, #72]
 584:Drivers/STM32WBxx_HAL_Driver/Src/stm32wbxx_hal_dma.c **** 
 1098              		.loc 1 584 30 view .LVU385
 1099 002a 1368     		ldr	r3, [r2]
 1100 002c 23F48073 		bic	r3, r3, #256
ARM GAS  C:\Users\843E~1\AppData\Local\Temp\ccQhwJ9j.s 			page 45


 1101 0030 1360     		str	r3, [r2]
 587:Drivers/STM32WBxx_HAL_Driver/Src/stm32wbxx_hal_dma.c **** 
 1102              		.loc 1 587 5 is_stmt 1 view .LVU386
 587:Drivers/STM32WBxx_HAL_Driver/Src/stm32wbxx_hal_dma.c **** 
 1103              		.loc 1 587 56 is_stmt 0 view .LVU387
 1104 0032 436C     		ldr	r3, [r0, #68]
 587:Drivers/STM32WBxx_HAL_Driver/Src/stm32wbxx_hal_dma.c **** 
 1105              		.loc 1 587 71 view .LVU388
 1106 0034 03F01C02 		and	r2, r3, #28
 587:Drivers/STM32WBxx_HAL_Driver/Src/stm32wbxx_hal_dma.c **** 
 1107              		.loc 1 587 9 view .LVU389
 1108 0038 016C     		ldr	r1, [r0, #64]
 587:Drivers/STM32WBxx_HAL_Driver/Src/stm32wbxx_hal_dma.c **** 
 1109              		.loc 1 587 48 view .LVU390
 1110 003a 0123     		movs	r3, #1
 1111 003c 9340     		lsls	r3, r3, r2
 587:Drivers/STM32WBxx_HAL_Driver/Src/stm32wbxx_hal_dma.c **** 
 1112              		.loc 1 587 32 view .LVU391
 1113 003e 4B60     		str	r3, [r1, #4]
 590:Drivers/STM32WBxx_HAL_Driver/Src/stm32wbxx_hal_dma.c **** 
 1114              		.loc 1 590 5 is_stmt 1 view .LVU392
 590:Drivers/STM32WBxx_HAL_Driver/Src/stm32wbxx_hal_dma.c **** 
 1115              		.loc 1 590 9 is_stmt 0 view .LVU393
 1116 0040 C36C     		ldr	r3, [r0, #76]
 590:Drivers/STM32WBxx_HAL_Driver/Src/stm32wbxx_hal_dma.c **** 
 1117              		.loc 1 590 42 view .LVU394
 1118 0042 026D     		ldr	r2, [r0, #80]
 590:Drivers/STM32WBxx_HAL_Driver/Src/stm32wbxx_hal_dma.c **** 
 1119              		.loc 1 590 36 view .LVU395
 1120 0044 5A60     		str	r2, [r3, #4]
 592:Drivers/STM32WBxx_HAL_Driver/Src/stm32wbxx_hal_dma.c ****     {
 1121              		.loc 1 592 5 is_stmt 1 view .LVU396
 592:Drivers/STM32WBxx_HAL_Driver/Src/stm32wbxx_hal_dma.c ****     {
 1122              		.loc 1 592 13 is_stmt 0 view .LVU397
 1123 0046 436D     		ldr	r3, [r0, #84]
 592:Drivers/STM32WBxx_HAL_Driver/Src/stm32wbxx_hal_dma.c ****     {
 1124              		.loc 1 592 8 view .LVU398
 1125 0048 33B1     		cbz	r3, .L68
 596:Drivers/STM32WBxx_HAL_Driver/Src/stm32wbxx_hal_dma.c **** 
 1126              		.loc 1 596 7 is_stmt 1 view .LVU399
 596:Drivers/STM32WBxx_HAL_Driver/Src/stm32wbxx_hal_dma.c **** 
 1127              		.loc 1 596 36 is_stmt 0 view .LVU400
 1128 004a 1A68     		ldr	r2, [r3]
 1129 004c 22F48072 		bic	r2, r2, #256
 1130 0050 1A60     		str	r2, [r3]
 599:Drivers/STM32WBxx_HAL_Driver/Src/stm32wbxx_hal_dma.c ****     }
 1131              		.loc 1 599 7 is_stmt 1 view .LVU401
 599:Drivers/STM32WBxx_HAL_Driver/Src/stm32wbxx_hal_dma.c ****     }
 1132              		.loc 1 599 11 is_stmt 0 view .LVU402
 1133 0052 836D     		ldr	r3, [r0, #88]
 599:Drivers/STM32WBxx_HAL_Driver/Src/stm32wbxx_hal_dma.c ****     }
 1134              		.loc 1 599 49 view .LVU403
 1135 0054 C26D     		ldr	r2, [r0, #92]
 599:Drivers/STM32WBxx_HAL_Driver/Src/stm32wbxx_hal_dma.c ****     }
 1136              		.loc 1 599 43 view .LVU404
 1137 0056 5A60     		str	r2, [r3, #4]
 1138              	.L68:
ARM GAS  C:\Users\843E~1\AppData\Local\Temp\ccQhwJ9j.s 			page 46


 603:Drivers/STM32WBxx_HAL_Driver/Src/stm32wbxx_hal_dma.c **** 
 1139              		.loc 1 603 5 is_stmt 1 view .LVU405
 603:Drivers/STM32WBxx_HAL_Driver/Src/stm32wbxx_hal_dma.c **** 
 1140              		.loc 1 603 17 is_stmt 0 view .LVU406
 1141 0058 0123     		movs	r3, #1
 1142 005a 80F82530 		strb	r3, [r0, #37]
 606:Drivers/STM32WBxx_HAL_Driver/Src/stm32wbxx_hal_dma.c **** 
 1143              		.loc 1 606 5 is_stmt 1 view .LVU407
 606:Drivers/STM32WBxx_HAL_Driver/Src/stm32wbxx_hal_dma.c **** 
 1144              		.loc 1 606 5 view .LVU408
 1145 005e 0023     		movs	r3, #0
 1146 0060 80F82430 		strb	r3, [r0, #36]
 606:Drivers/STM32WBxx_HAL_Driver/Src/stm32wbxx_hal_dma.c **** 
 1147              		.loc 1 606 5 view .LVU409
 609:Drivers/STM32WBxx_HAL_Driver/Src/stm32wbxx_hal_dma.c ****     {
 1148              		.loc 1 609 5 view .LVU410
 609:Drivers/STM32WBxx_HAL_Driver/Src/stm32wbxx_hal_dma.c ****     {
 1149              		.loc 1 609 13 is_stmt 0 view .LVU411
 1150 0064 836B     		ldr	r3, [r0, #56]
 609:Drivers/STM32WBxx_HAL_Driver/Src/stm32wbxx_hal_dma.c ****     {
 1151              		.loc 1 609 8 view .LVU412
 1152 0066 13B1     		cbz	r3, .L69
 611:Drivers/STM32WBxx_HAL_Driver/Src/stm32wbxx_hal_dma.c ****     }
 1153              		.loc 1 611 7 is_stmt 1 view .LVU413
 1154 0068 9847     		blx	r3
 1155              	.LVL61:
 566:Drivers/STM32WBxx_HAL_Driver/Src/stm32wbxx_hal_dma.c **** 
 1156              		.loc 1 566 21 is_stmt 0 view .LVU414
 1157 006a 0020     		movs	r0, #0
 1158 006c D1E7     		b	.L67
 1159              	.LVL62:
 1160              	.L69:
 566:Drivers/STM32WBxx_HAL_Driver/Src/stm32wbxx_hal_dma.c **** 
 1161              		.loc 1 566 21 view .LVU415
 1162 006e 0020     		movs	r0, #0
 1163              	.LVL63:
 566:Drivers/STM32WBxx_HAL_Driver/Src/stm32wbxx_hal_dma.c **** 
 1164              		.loc 1 566 21 view .LVU416
 1165 0070 CFE7     		b	.L67
 1166              		.cfi_endproc
 1167              	.LFE955:
 1169              		.section	.text.HAL_DMA_PollForTransfer,"ax",%progbits
 1170              		.align	1
 1171              		.global	HAL_DMA_PollForTransfer
 1172              		.syntax unified
 1173              		.thumb
 1174              		.thumb_func
 1176              	HAL_DMA_PollForTransfer:
 1177              	.LVL64:
 1178              	.LFB956:
 627:Drivers/STM32WBxx_HAL_Driver/Src/stm32wbxx_hal_dma.c ****   uint32_t temp;
 1179              		.loc 1 627 1 is_stmt 1 view -0
 1180              		.cfi_startproc
 1181              		@ args = 0, pretend = 0, frame = 0
 1182              		@ frame_needed = 0, uses_anonymous_args = 0
 627:Drivers/STM32WBxx_HAL_Driver/Src/stm32wbxx_hal_dma.c ****   uint32_t temp;
 1183              		.loc 1 627 1 is_stmt 0 view .LVU418
ARM GAS  C:\Users\843E~1\AppData\Local\Temp\ccQhwJ9j.s 			page 47


 1184 0000 2DE9F041 		push	{r4, r5, r6, r7, r8, lr}
 1185              	.LCFI10:
 1186              		.cfi_def_cfa_offset 24
 1187              		.cfi_offset 4, -24
 1188              		.cfi_offset 5, -20
 1189              		.cfi_offset 6, -16
 1190              		.cfi_offset 7, -12
 1191              		.cfi_offset 8, -8
 1192              		.cfi_offset 14, -4
 1193 0004 0446     		mov	r4, r0
 628:Drivers/STM32WBxx_HAL_Driver/Src/stm32wbxx_hal_dma.c ****   uint32_t tickstart;
 1194              		.loc 1 628 3 is_stmt 1 view .LVU419
 629:Drivers/STM32WBxx_HAL_Driver/Src/stm32wbxx_hal_dma.c **** 
 1195              		.loc 1 629 3 view .LVU420
 631:Drivers/STM32WBxx_HAL_Driver/Src/stm32wbxx_hal_dma.c ****   {
 1196              		.loc 1 631 3 view .LVU421
 631:Drivers/STM32WBxx_HAL_Driver/Src/stm32wbxx_hal_dma.c ****   {
 1197              		.loc 1 631 33 is_stmt 0 view .LVU422
 1198 0006 90F82530 		ldrb	r3, [r0, #37]	@ zero_extendqisi2
 1199 000a DBB2     		uxtb	r3, r3
 631:Drivers/STM32WBxx_HAL_Driver/Src/stm32wbxx_hal_dma.c ****   {
 1200              		.loc 1 631 6 view .LVU423
 1201 000c 022B     		cmp	r3, #2
 1202 000e 07D0     		beq	.L72
 634:Drivers/STM32WBxx_HAL_Driver/Src/stm32wbxx_hal_dma.c ****     __HAL_UNLOCK(hdma);
 1203              		.loc 1 634 5 is_stmt 1 view .LVU424
 634:Drivers/STM32WBxx_HAL_Driver/Src/stm32wbxx_hal_dma.c ****     __HAL_UNLOCK(hdma);
 1204              		.loc 1 634 21 is_stmt 0 view .LVU425
 1205 0010 0423     		movs	r3, #4
 1206 0012 C363     		str	r3, [r0, #60]
 635:Drivers/STM32WBxx_HAL_Driver/Src/stm32wbxx_hal_dma.c ****     return HAL_ERROR;
 1207              		.loc 1 635 5 is_stmt 1 view .LVU426
 635:Drivers/STM32WBxx_HAL_Driver/Src/stm32wbxx_hal_dma.c ****     return HAL_ERROR;
 1208              		.loc 1 635 5 view .LVU427
 1209 0014 0023     		movs	r3, #0
 1210 0016 80F82430 		strb	r3, [r0, #36]
 635:Drivers/STM32WBxx_HAL_Driver/Src/stm32wbxx_hal_dma.c ****     return HAL_ERROR;
 1211              		.loc 1 635 5 view .LVU428
 636:Drivers/STM32WBxx_HAL_Driver/Src/stm32wbxx_hal_dma.c ****   }
 1212              		.loc 1 636 5 view .LVU429
 636:Drivers/STM32WBxx_HAL_Driver/Src/stm32wbxx_hal_dma.c ****   }
 1213              		.loc 1 636 12 is_stmt 0 view .LVU430
 1214 001a 0120     		movs	r0, #1
 1215              	.LVL65:
 1216              	.L73:
 746:Drivers/STM32WBxx_HAL_Driver/Src/stm32wbxx_hal_dma.c **** 
 1217              		.loc 1 746 1 view .LVU431
 1218 001c BDE8F081 		pop	{r4, r5, r6, r7, r8, pc}
 1219              	.LVL66:
 1220              	.L72:
 746:Drivers/STM32WBxx_HAL_Driver/Src/stm32wbxx_hal_dma.c **** 
 1221              		.loc 1 746 1 view .LVU432
 1222 0020 0E46     		mov	r6, r1
 1223 0022 1546     		mov	r5, r2
 640:Drivers/STM32WBxx_HAL_Driver/Src/stm32wbxx_hal_dma.c ****   {
 1224              		.loc 1 640 3 is_stmt 1 view .LVU433
 640:Drivers/STM32WBxx_HAL_Driver/Src/stm32wbxx_hal_dma.c ****   {
ARM GAS  C:\Users\843E~1\AppData\Local\Temp\ccQhwJ9j.s 			page 48


 1225              		.loc 1 640 12 is_stmt 0 view .LVU434
 1226 0024 0368     		ldr	r3, [r0]
 640:Drivers/STM32WBxx_HAL_Driver/Src/stm32wbxx_hal_dma.c ****   {
 1227              		.loc 1 640 22 view .LVU435
 1228 0026 1B68     		ldr	r3, [r3]
 640:Drivers/STM32WBxx_HAL_Driver/Src/stm32wbxx_hal_dma.c ****   {
 1229              		.loc 1 640 6 view .LVU436
 1230 0028 13F0200F 		tst	r3, #32
 1231 002c 2CD1     		bne	.L86
 647:Drivers/STM32WBxx_HAL_Driver/Src/stm32wbxx_hal_dma.c ****   {
 1232              		.loc 1 647 3 is_stmt 1 view .LVU437
 647:Drivers/STM32WBxx_HAL_Driver/Src/stm32wbxx_hal_dma.c ****   {
 1233              		.loc 1 647 6 is_stmt 0 view .LVU438
 1234 002e 81BB     		cbnz	r1, .L75
 650:Drivers/STM32WBxx_HAL_Driver/Src/stm32wbxx_hal_dma.c ****   }
 1235              		.loc 1 650 5 is_stmt 1 view .LVU439
 650:Drivers/STM32WBxx_HAL_Driver/Src/stm32wbxx_hal_dma.c ****   }
 1236              		.loc 1 650 33 is_stmt 0 view .LVU440
 1237 0030 476C     		ldr	r7, [r0, #68]
 650:Drivers/STM32WBxx_HAL_Driver/Src/stm32wbxx_hal_dma.c ****   }
 1238              		.loc 1 650 48 view .LVU441
 1239 0032 07F01C07 		and	r7, r7, #28
 650:Drivers/STM32WBxx_HAL_Driver/Src/stm32wbxx_hal_dma.c ****   }
 1240              		.loc 1 650 10 view .LVU442
 1241 0036 0223     		movs	r3, #2
 1242 0038 03FA07F7 		lsl	r7, r3, r7
 1243              	.LVL67:
 1244              	.L76:
 659:Drivers/STM32WBxx_HAL_Driver/Src/stm32wbxx_hal_dma.c **** 
 1245              		.loc 1 659 3 is_stmt 1 view .LVU443
 659:Drivers/STM32WBxx_HAL_Driver/Src/stm32wbxx_hal_dma.c **** 
 1246              		.loc 1 659 15 is_stmt 0 view .LVU444
 1247 003c FFF7FEFF 		bl	HAL_GetTick
 1248              	.LVL68:
 659:Drivers/STM32WBxx_HAL_Driver/Src/stm32wbxx_hal_dma.c **** 
 1249              		.loc 1 659 15 view .LVU445
 1250 0040 8046     		mov	r8, r0
 1251              	.LVL69:
 661:Drivers/STM32WBxx_HAL_Driver/Src/stm32wbxx_hal_dma.c ****   {
 1252              		.loc 1 661 3 is_stmt 1 view .LVU446
 1253              	.L79:
 661:Drivers/STM32WBxx_HAL_Driver/Src/stm32wbxx_hal_dma.c ****   {
 1254              		.loc 1 661 9 view .LVU447
 661:Drivers/STM32WBxx_HAL_Driver/Src/stm32wbxx_hal_dma.c ****   {
 1255              		.loc 1 661 15 is_stmt 0 view .LVU448
 1256 0042 226C     		ldr	r2, [r4, #64]
 661:Drivers/STM32WBxx_HAL_Driver/Src/stm32wbxx_hal_dma.c ****   {
 1257              		.loc 1 661 31 view .LVU449
 1258 0044 1368     		ldr	r3, [r2]
 661:Drivers/STM32WBxx_HAL_Driver/Src/stm32wbxx_hal_dma.c ****   {
 1259              		.loc 1 661 9 view .LVU450
 1260 0046 3B42     		tst	r3, r7
 1261 0048 35D1     		bne	.L87
 663:Drivers/STM32WBxx_HAL_Driver/Src/stm32wbxx_hal_dma.c ****     {
 1262              		.loc 1 663 5 is_stmt 1 view .LVU451
 663:Drivers/STM32WBxx_HAL_Driver/Src/stm32wbxx_hal_dma.c ****     {
 1263              		.loc 1 663 30 is_stmt 0 view .LVU452
ARM GAS  C:\Users\843E~1\AppData\Local\Temp\ccQhwJ9j.s 			page 49


 1264 004a 1168     		ldr	r1, [r2]
 663:Drivers/STM32WBxx_HAL_Driver/Src/stm32wbxx_hal_dma.c ****     {
 1265              		.loc 1 663 60 view .LVU453
 1266 004c 636C     		ldr	r3, [r4, #68]
 663:Drivers/STM32WBxx_HAL_Driver/Src/stm32wbxx_hal_dma.c ****     {
 1267              		.loc 1 663 75 view .LVU454
 1268 004e 03F01C03 		and	r3, r3, #28
 663:Drivers/STM32WBxx_HAL_Driver/Src/stm32wbxx_hal_dma.c ****     {
 1269              		.loc 1 663 52 view .LVU455
 1270 0052 4FF0080C 		mov	ip, #8
 1271 0056 0CFA03FC 		lsl	ip, ip, r3
 663:Drivers/STM32WBxx_HAL_Driver/Src/stm32wbxx_hal_dma.c ****     {
 1272              		.loc 1 663 8 view .LVU456
 1273 005a 11EA0C0F 		tst	r1, ip
 1274 005e 1FD1     		bne	.L88
 682:Drivers/STM32WBxx_HAL_Driver/Src/stm32wbxx_hal_dma.c ****     {
 1275              		.loc 1 682 5 is_stmt 1 view .LVU457
 682:Drivers/STM32WBxx_HAL_Driver/Src/stm32wbxx_hal_dma.c ****     {
 1276              		.loc 1 682 8 is_stmt 0 view .LVU458
 1277 0060 B5F1FF3F 		cmp	r5, #-1
 1278 0064 EDD0     		beq	.L79
 684:Drivers/STM32WBxx_HAL_Driver/Src/stm32wbxx_hal_dma.c ****       {
 1279              		.loc 1 684 7 is_stmt 1 view .LVU459
 684:Drivers/STM32WBxx_HAL_Driver/Src/stm32wbxx_hal_dma.c ****       {
 1280              		.loc 1 684 13 is_stmt 0 view .LVU460
 1281 0066 FFF7FEFF 		bl	HAL_GetTick
 1282              	.LVL70:
 684:Drivers/STM32WBxx_HAL_Driver/Src/stm32wbxx_hal_dma.c ****       {
 1283              		.loc 1 684 27 view .LVU461
 1284 006a A0EB0800 		sub	r0, r0, r8
 684:Drivers/STM32WBxx_HAL_Driver/Src/stm32wbxx_hal_dma.c ****       {
 1285              		.loc 1 684 10 view .LVU462
 1286 006e A842     		cmp	r0, r5
 1287 0070 01D8     		bhi	.L80
 684:Drivers/STM32WBxx_HAL_Driver/Src/stm32wbxx_hal_dma.c ****       {
 1288              		.loc 1 684 51 discriminator 1 view .LVU463
 1289 0072 002D     		cmp	r5, #0
 1290 0074 E5D1     		bne	.L79
 1291              	.L80:
 687:Drivers/STM32WBxx_HAL_Driver/Src/stm32wbxx_hal_dma.c **** 
 1292              		.loc 1 687 9 is_stmt 1 view .LVU464
 687:Drivers/STM32WBxx_HAL_Driver/Src/stm32wbxx_hal_dma.c **** 
 1293              		.loc 1 687 25 is_stmt 0 view .LVU465
 1294 0076 2023     		movs	r3, #32
 1295 0078 E363     		str	r3, [r4, #60]
 690:Drivers/STM32WBxx_HAL_Driver/Src/stm32wbxx_hal_dma.c **** 
 1296              		.loc 1 690 9 is_stmt 1 view .LVU466
 690:Drivers/STM32WBxx_HAL_Driver/Src/stm32wbxx_hal_dma.c **** 
 1297              		.loc 1 690 21 is_stmt 0 view .LVU467
 1298 007a 0120     		movs	r0, #1
 1299 007c 84F82500 		strb	r0, [r4, #37]
 693:Drivers/STM32WBxx_HAL_Driver/Src/stm32wbxx_hal_dma.c **** 
 1300              		.loc 1 693 9 is_stmt 1 view .LVU468
 693:Drivers/STM32WBxx_HAL_Driver/Src/stm32wbxx_hal_dma.c **** 
 1301              		.loc 1 693 9 view .LVU469
 1302 0080 0023     		movs	r3, #0
 1303 0082 84F82430 		strb	r3, [r4, #36]
ARM GAS  C:\Users\843E~1\AppData\Local\Temp\ccQhwJ9j.s 			page 50


 693:Drivers/STM32WBxx_HAL_Driver/Src/stm32wbxx_hal_dma.c **** 
 1304              		.loc 1 693 9 view .LVU470
 695:Drivers/STM32WBxx_HAL_Driver/Src/stm32wbxx_hal_dma.c ****       }
 1305              		.loc 1 695 9 view .LVU471
 695:Drivers/STM32WBxx_HAL_Driver/Src/stm32wbxx_hal_dma.c ****       }
 1306              		.loc 1 695 16 is_stmt 0 view .LVU472
 1307 0086 C9E7     		b	.L73
 1308              	.LVL71:
 1309              	.L86:
 642:Drivers/STM32WBxx_HAL_Driver/Src/stm32wbxx_hal_dma.c ****     return HAL_ERROR;
 1310              		.loc 1 642 5 is_stmt 1 view .LVU473
 642:Drivers/STM32WBxx_HAL_Driver/Src/stm32wbxx_hal_dma.c ****     return HAL_ERROR;
 1311              		.loc 1 642 21 is_stmt 0 view .LVU474
 1312 0088 4FF48073 		mov	r3, #256
 1313 008c C363     		str	r3, [r0, #60]
 643:Drivers/STM32WBxx_HAL_Driver/Src/stm32wbxx_hal_dma.c ****   }
 1314              		.loc 1 643 5 is_stmt 1 view .LVU475
 643:Drivers/STM32WBxx_HAL_Driver/Src/stm32wbxx_hal_dma.c ****   }
 1315              		.loc 1 643 12 is_stmt 0 view .LVU476
 1316 008e 0120     		movs	r0, #1
 1317              	.LVL72:
 643:Drivers/STM32WBxx_HAL_Driver/Src/stm32wbxx_hal_dma.c ****   }
 1318              		.loc 1 643 12 view .LVU477
 1319 0090 C4E7     		b	.L73
 1320              	.LVL73:
 1321              	.L75:
 655:Drivers/STM32WBxx_HAL_Driver/Src/stm32wbxx_hal_dma.c ****   }
 1322              		.loc 1 655 5 is_stmt 1 view .LVU478
 655:Drivers/STM32WBxx_HAL_Driver/Src/stm32wbxx_hal_dma.c ****   }
 1323              		.loc 1 655 33 is_stmt 0 view .LVU479
 1324 0092 476C     		ldr	r7, [r0, #68]
 655:Drivers/STM32WBxx_HAL_Driver/Src/stm32wbxx_hal_dma.c ****   }
 1325              		.loc 1 655 49 view .LVU480
 1326 0094 07F01C07 		and	r7, r7, #28
 655:Drivers/STM32WBxx_HAL_Driver/Src/stm32wbxx_hal_dma.c ****   }
 1327              		.loc 1 655 10 view .LVU481
 1328 0098 0423     		movs	r3, #4
 1329 009a 03FA07F7 		lsl	r7, r3, r7
 1330              	.LVL74:
 655:Drivers/STM32WBxx_HAL_Driver/Src/stm32wbxx_hal_dma.c ****   }
 1331              		.loc 1 655 10 view .LVU482
 1332 009e CDE7     		b	.L76
 1333              	.LVL75:
 1334              	.L88:
 668:Drivers/STM32WBxx_HAL_Driver/Src/stm32wbxx_hal_dma.c **** 
 1335              		.loc 1 668 7 is_stmt 1 view .LVU483
 668:Drivers/STM32WBxx_HAL_Driver/Src/stm32wbxx_hal_dma.c **** 
 1336              		.loc 1 668 50 is_stmt 0 view .LVU484
 1337 00a0 0120     		movs	r0, #1
 1338 00a2 00FA03F3 		lsl	r3, r0, r3
 668:Drivers/STM32WBxx_HAL_Driver/Src/stm32wbxx_hal_dma.c **** 
 1339              		.loc 1 668 34 view .LVU485
 1340 00a6 5360     		str	r3, [r2, #4]
 671:Drivers/STM32WBxx_HAL_Driver/Src/stm32wbxx_hal_dma.c **** 
 1341              		.loc 1 671 7 is_stmt 1 view .LVU486
 671:Drivers/STM32WBxx_HAL_Driver/Src/stm32wbxx_hal_dma.c **** 
 1342              		.loc 1 671 23 is_stmt 0 view .LVU487
ARM GAS  C:\Users\843E~1\AppData\Local\Temp\ccQhwJ9j.s 			page 51


 1343 00a8 E063     		str	r0, [r4, #60]
 674:Drivers/STM32WBxx_HAL_Driver/Src/stm32wbxx_hal_dma.c **** 
 1344              		.loc 1 674 7 is_stmt 1 view .LVU488
 674:Drivers/STM32WBxx_HAL_Driver/Src/stm32wbxx_hal_dma.c **** 
 1345              		.loc 1 674 19 is_stmt 0 view .LVU489
 1346 00aa 84F82500 		strb	r0, [r4, #37]
 677:Drivers/STM32WBxx_HAL_Driver/Src/stm32wbxx_hal_dma.c **** 
 1347              		.loc 1 677 7 is_stmt 1 view .LVU490
 677:Drivers/STM32WBxx_HAL_Driver/Src/stm32wbxx_hal_dma.c **** 
 1348              		.loc 1 677 7 view .LVU491
 1349 00ae 0023     		movs	r3, #0
 1350 00b0 84F82430 		strb	r3, [r4, #36]
 677:Drivers/STM32WBxx_HAL_Driver/Src/stm32wbxx_hal_dma.c **** 
 1351              		.loc 1 677 7 view .LVU492
 679:Drivers/STM32WBxx_HAL_Driver/Src/stm32wbxx_hal_dma.c ****     }
 1352              		.loc 1 679 7 view .LVU493
 679:Drivers/STM32WBxx_HAL_Driver/Src/stm32wbxx_hal_dma.c ****     }
 1353              		.loc 1 679 14 is_stmt 0 view .LVU494
 1354 00b4 B2E7     		b	.L73
 1355              	.L87:
 701:Drivers/STM32WBxx_HAL_Driver/Src/stm32wbxx_hal_dma.c ****   {
 1356              		.loc 1 701 3 is_stmt 1 view .LVU495
 701:Drivers/STM32WBxx_HAL_Driver/Src/stm32wbxx_hal_dma.c ****   {
 1357              		.loc 1 701 11 is_stmt 0 view .LVU496
 1358 00b6 636D     		ldr	r3, [r4, #84]
 701:Drivers/STM32WBxx_HAL_Driver/Src/stm32wbxx_hal_dma.c ****   {
 1359              		.loc 1 701 6 view .LVU497
 1360 00b8 7BB1     		cbz	r3, .L82
 704:Drivers/STM32WBxx_HAL_Driver/Src/stm32wbxx_hal_dma.c ****     {
 1361              		.loc 1 704 5 is_stmt 1 view .LVU498
 704:Drivers/STM32WBxx_HAL_Driver/Src/stm32wbxx_hal_dma.c ****     {
 1362              		.loc 1 704 14 is_stmt 0 view .LVU499
 1363 00ba A26D     		ldr	r2, [r4, #88]
 704:Drivers/STM32WBxx_HAL_Driver/Src/stm32wbxx_hal_dma.c ****     {
 1364              		.loc 1 704 38 view .LVU500
 1365 00bc 1168     		ldr	r1, [r2]
 704:Drivers/STM32WBxx_HAL_Driver/Src/stm32wbxx_hal_dma.c ****     {
 1366              		.loc 1 704 51 view .LVU501
 1367 00be E26D     		ldr	r2, [r4, #92]
 704:Drivers/STM32WBxx_HAL_Driver/Src/stm32wbxx_hal_dma.c ****     {
 1368              		.loc 1 704 8 view .LVU502
 1369 00c0 1142     		tst	r1, r2
 1370 00c2 0AD0     		beq	.L82
 707:Drivers/STM32WBxx_HAL_Driver/Src/stm32wbxx_hal_dma.c **** 
 1371              		.loc 1 707 7 is_stmt 1 view .LVU503
 707:Drivers/STM32WBxx_HAL_Driver/Src/stm32wbxx_hal_dma.c **** 
 1372              		.loc 1 707 36 is_stmt 0 view .LVU504
 1373 00c4 1A68     		ldr	r2, [r3]
 1374 00c6 42F48072 		orr	r2, r2, #256
 1375 00ca 1A60     		str	r2, [r3]
 710:Drivers/STM32WBxx_HAL_Driver/Src/stm32wbxx_hal_dma.c **** 
 1376              		.loc 1 710 7 is_stmt 1 view .LVU505
 710:Drivers/STM32WBxx_HAL_Driver/Src/stm32wbxx_hal_dma.c **** 
 1377              		.loc 1 710 11 is_stmt 0 view .LVU506
 1378 00cc A36D     		ldr	r3, [r4, #88]
 710:Drivers/STM32WBxx_HAL_Driver/Src/stm32wbxx_hal_dma.c **** 
 1379              		.loc 1 710 49 view .LVU507
ARM GAS  C:\Users\843E~1\AppData\Local\Temp\ccQhwJ9j.s 			page 52


 1380 00ce E26D     		ldr	r2, [r4, #92]
 710:Drivers/STM32WBxx_HAL_Driver/Src/stm32wbxx_hal_dma.c **** 
 1381              		.loc 1 710 43 view .LVU508
 1382 00d0 5A60     		str	r2, [r3, #4]
 713:Drivers/STM32WBxx_HAL_Driver/Src/stm32wbxx_hal_dma.c ****     }
 1383              		.loc 1 713 7 is_stmt 1 view .LVU509
 713:Drivers/STM32WBxx_HAL_Driver/Src/stm32wbxx_hal_dma.c ****     }
 1384              		.loc 1 713 23 is_stmt 0 view .LVU510
 1385 00d2 E36B     		ldr	r3, [r4, #60]
 1386 00d4 43F48063 		orr	r3, r3, #1024
 1387 00d8 E363     		str	r3, [r4, #60]
 1388              	.L82:
 718:Drivers/STM32WBxx_HAL_Driver/Src/stm32wbxx_hal_dma.c ****   {
 1389              		.loc 1 718 3 is_stmt 1 view .LVU511
 718:Drivers/STM32WBxx_HAL_Driver/Src/stm32wbxx_hal_dma.c ****   {
 1390              		.loc 1 718 12 is_stmt 0 view .LVU512
 1391 00da E36C     		ldr	r3, [r4, #76]
 718:Drivers/STM32WBxx_HAL_Driver/Src/stm32wbxx_hal_dma.c ****   {
 1392              		.loc 1 718 33 view .LVU513
 1393 00dc 1968     		ldr	r1, [r3]
 718:Drivers/STM32WBxx_HAL_Driver/Src/stm32wbxx_hal_dma.c ****   {
 1394              		.loc 1 718 45 view .LVU514
 1395 00de 226D     		ldr	r2, [r4, #80]
 718:Drivers/STM32WBxx_HAL_Driver/Src/stm32wbxx_hal_dma.c ****   {
 1396              		.loc 1 718 6 view .LVU515
 1397 00e0 1142     		tst	r1, r2
 1398 00e2 04D0     		beq	.L83
 721:Drivers/STM32WBxx_HAL_Driver/Src/stm32wbxx_hal_dma.c **** 
 1399              		.loc 1 721 5 is_stmt 1 view .LVU516
 721:Drivers/STM32WBxx_HAL_Driver/Src/stm32wbxx_hal_dma.c **** 
 1400              		.loc 1 721 36 is_stmt 0 view .LVU517
 1401 00e4 5A60     		str	r2, [r3, #4]
 724:Drivers/STM32WBxx_HAL_Driver/Src/stm32wbxx_hal_dma.c ****   }
 1402              		.loc 1 724 5 is_stmt 1 view .LVU518
 724:Drivers/STM32WBxx_HAL_Driver/Src/stm32wbxx_hal_dma.c ****   }
 1403              		.loc 1 724 21 is_stmt 0 view .LVU519
 1404 00e6 E36B     		ldr	r3, [r4, #60]
 1405 00e8 43F40073 		orr	r3, r3, #512
 1406 00ec E363     		str	r3, [r4, #60]
 1407              	.L83:
 727:Drivers/STM32WBxx_HAL_Driver/Src/stm32wbxx_hal_dma.c ****   {
 1408              		.loc 1 727 3 is_stmt 1 view .LVU520
 727:Drivers/STM32WBxx_HAL_Driver/Src/stm32wbxx_hal_dma.c ****   {
 1409              		.loc 1 727 6 is_stmt 0 view .LVU521
 1410 00ee 76B9     		cbnz	r6, .L84
 730:Drivers/STM32WBxx_HAL_Driver/Src/stm32wbxx_hal_dma.c **** 
 1411              		.loc 1 730 5 is_stmt 1 view .LVU522
 730:Drivers/STM32WBxx_HAL_Driver/Src/stm32wbxx_hal_dma.c **** 
 1412              		.loc 1 730 56 is_stmt 0 view .LVU523
 1413 00f0 636C     		ldr	r3, [r4, #68]
 730:Drivers/STM32WBxx_HAL_Driver/Src/stm32wbxx_hal_dma.c **** 
 1414              		.loc 1 730 71 view .LVU524
 1415 00f2 03F01C02 		and	r2, r3, #28
 730:Drivers/STM32WBxx_HAL_Driver/Src/stm32wbxx_hal_dma.c **** 
 1416              		.loc 1 730 9 view .LVU525
 1417 00f6 216C     		ldr	r1, [r4, #64]
 730:Drivers/STM32WBxx_HAL_Driver/Src/stm32wbxx_hal_dma.c **** 
ARM GAS  C:\Users\843E~1\AppData\Local\Temp\ccQhwJ9j.s 			page 53


 1418              		.loc 1 730 48 view .LVU526
 1419 00f8 0223     		movs	r3, #2
 1420 00fa 9340     		lsls	r3, r3, r2
 730:Drivers/STM32WBxx_HAL_Driver/Src/stm32wbxx_hal_dma.c **** 
 1421              		.loc 1 730 32 view .LVU527
 1422 00fc 4B60     		str	r3, [r1, #4]
 733:Drivers/STM32WBxx_HAL_Driver/Src/stm32wbxx_hal_dma.c **** 
 1423              		.loc 1 733 5 is_stmt 1 view .LVU528
 733:Drivers/STM32WBxx_HAL_Driver/Src/stm32wbxx_hal_dma.c **** 
 1424              		.loc 1 733 5 view .LVU529
 1425 00fe 0023     		movs	r3, #0
 1426 0100 84F82430 		strb	r3, [r4, #36]
 733:Drivers/STM32WBxx_HAL_Driver/Src/stm32wbxx_hal_dma.c **** 
 1427              		.loc 1 733 5 view .LVU530
 737:Drivers/STM32WBxx_HAL_Driver/Src/stm32wbxx_hal_dma.c ****   }
 1428              		.loc 1 737 5 view .LVU531
 737:Drivers/STM32WBxx_HAL_Driver/Src/stm32wbxx_hal_dma.c ****   }
 1429              		.loc 1 737 17 is_stmt 0 view .LVU532
 1430 0104 0123     		movs	r3, #1
 1431 0106 84F82530 		strb	r3, [r4, #37]
 745:Drivers/STM32WBxx_HAL_Driver/Src/stm32wbxx_hal_dma.c **** }
 1432              		.loc 1 745 10 view .LVU533
 1433 010a 3046     		mov	r0, r6
 1434 010c 86E7     		b	.L73
 1435              	.L84:
 742:Drivers/STM32WBxx_HAL_Driver/Src/stm32wbxx_hal_dma.c ****   }
 1436              		.loc 1 742 5 is_stmt 1 view .LVU534
 742:Drivers/STM32WBxx_HAL_Driver/Src/stm32wbxx_hal_dma.c ****   }
 1437              		.loc 1 742 56 is_stmt 0 view .LVU535
 1438 010e 636C     		ldr	r3, [r4, #68]
 742:Drivers/STM32WBxx_HAL_Driver/Src/stm32wbxx_hal_dma.c ****   }
 1439              		.loc 1 742 71 view .LVU536
 1440 0110 03F01C02 		and	r2, r3, #28
 742:Drivers/STM32WBxx_HAL_Driver/Src/stm32wbxx_hal_dma.c ****   }
 1441              		.loc 1 742 9 view .LVU537
 1442 0114 216C     		ldr	r1, [r4, #64]
 742:Drivers/STM32WBxx_HAL_Driver/Src/stm32wbxx_hal_dma.c ****   }
 1443              		.loc 1 742 48 view .LVU538
 1444 0116 0423     		movs	r3, #4
 1445 0118 9340     		lsls	r3, r3, r2
 742:Drivers/STM32WBxx_HAL_Driver/Src/stm32wbxx_hal_dma.c ****   }
 1446              		.loc 1 742 32 view .LVU539
 1447 011a 4B60     		str	r3, [r1, #4]
 745:Drivers/STM32WBxx_HAL_Driver/Src/stm32wbxx_hal_dma.c **** }
 1448              		.loc 1 745 10 view .LVU540
 1449 011c 0020     		movs	r0, #0
 1450 011e 7DE7     		b	.L73
 1451              		.cfi_endproc
 1452              	.LFE956:
 1454              		.section	.text.HAL_DMA_IRQHandler,"ax",%progbits
 1455              		.align	1
 1456              		.global	HAL_DMA_IRQHandler
 1457              		.syntax unified
 1458              		.thumb
 1459              		.thumb_func
 1461              	HAL_DMA_IRQHandler:
 1462              	.LVL76:
ARM GAS  C:\Users\843E~1\AppData\Local\Temp\ccQhwJ9j.s 			page 54


 1463              	.LFB957:
 755:Drivers/STM32WBxx_HAL_Driver/Src/stm32wbxx_hal_dma.c ****   uint32_t flag_it = hdma->DmaBaseAddress->ISR;
 1464              		.loc 1 755 1 is_stmt 1 view -0
 1465              		.cfi_startproc
 1466              		@ args = 0, pretend = 0, frame = 0
 1467              		@ frame_needed = 0, uses_anonymous_args = 0
 755:Drivers/STM32WBxx_HAL_Driver/Src/stm32wbxx_hal_dma.c ****   uint32_t flag_it = hdma->DmaBaseAddress->ISR;
 1468              		.loc 1 755 1 is_stmt 0 view .LVU542
 1469 0000 38B5     		push	{r3, r4, r5, lr}
 1470              	.LCFI11:
 1471              		.cfi_def_cfa_offset 16
 1472              		.cfi_offset 3, -16
 1473              		.cfi_offset 4, -12
 1474              		.cfi_offset 5, -8
 1475              		.cfi_offset 14, -4
 756:Drivers/STM32WBxx_HAL_Driver/Src/stm32wbxx_hal_dma.c ****   uint32_t source_it = hdma->Instance->CCR;
 1476              		.loc 1 756 3 is_stmt 1 view .LVU543
 756:Drivers/STM32WBxx_HAL_Driver/Src/stm32wbxx_hal_dma.c ****   uint32_t source_it = hdma->Instance->CCR;
 1477              		.loc 1 756 26 is_stmt 0 view .LVU544
 1478 0002 036C     		ldr	r3, [r0, #64]
 756:Drivers/STM32WBxx_HAL_Driver/Src/stm32wbxx_hal_dma.c ****   uint32_t source_it = hdma->Instance->CCR;
 1479              		.loc 1 756 12 view .LVU545
 1480 0004 1968     		ldr	r1, [r3]
 1481              	.LVL77:
 757:Drivers/STM32WBxx_HAL_Driver/Src/stm32wbxx_hal_dma.c **** 
 1482              		.loc 1 757 3 is_stmt 1 view .LVU546
 757:Drivers/STM32WBxx_HAL_Driver/Src/stm32wbxx_hal_dma.c **** 
 1483              		.loc 1 757 28 is_stmt 0 view .LVU547
 1484 0006 0468     		ldr	r4, [r0]
 757:Drivers/STM32WBxx_HAL_Driver/Src/stm32wbxx_hal_dma.c **** 
 1485              		.loc 1 757 12 view .LVU548
 1486 0008 2568     		ldr	r5, [r4]
 1487              	.LVL78:
 760:Drivers/STM32WBxx_HAL_Driver/Src/stm32wbxx_hal_dma.c ****   {
 1488              		.loc 1 760 3 is_stmt 1 view .LVU549
 760:Drivers/STM32WBxx_HAL_Driver/Src/stm32wbxx_hal_dma.c ****   {
 1489              		.loc 1 760 41 is_stmt 0 view .LVU550
 1490 000a 436C     		ldr	r3, [r0, #68]
 760:Drivers/STM32WBxx_HAL_Driver/Src/stm32wbxx_hal_dma.c ****   {
 1491              		.loc 1 760 56 view .LVU551
 1492 000c 03F01C03 		and	r3, r3, #28
 760:Drivers/STM32WBxx_HAL_Driver/Src/stm32wbxx_hal_dma.c ****   {
 1493              		.loc 1 760 33 view .LVU552
 1494 0010 0422     		movs	r2, #4
 1495 0012 9A40     		lsls	r2, r2, r3
 760:Drivers/STM32WBxx_HAL_Driver/Src/stm32wbxx_hal_dma.c ****   {
 1496              		.loc 1 760 6 view .LVU553
 1497 0014 0A42     		tst	r2, r1
 1498 0016 15D0     		beq	.L90
 760:Drivers/STM32WBxx_HAL_Driver/Src/stm32wbxx_hal_dma.c ****   {
 1499              		.loc 1 760 74 discriminator 1 view .LVU554
 1500 0018 15F0040F 		tst	r5, #4
 1501 001c 12D0     		beq	.L90
 763:Drivers/STM32WBxx_HAL_Driver/Src/stm32wbxx_hal_dma.c ****     {
 1502              		.loc 1 763 5 is_stmt 1 view .LVU555
 763:Drivers/STM32WBxx_HAL_Driver/Src/stm32wbxx_hal_dma.c ****     {
 1503              		.loc 1 763 24 is_stmt 0 view .LVU556
ARM GAS  C:\Users\843E~1\AppData\Local\Temp\ccQhwJ9j.s 			page 55


 1504 001e 2368     		ldr	r3, [r4]
 763:Drivers/STM32WBxx_HAL_Driver/Src/stm32wbxx_hal_dma.c ****     {
 1505              		.loc 1 763 8 view .LVU557
 1506 0020 13F0200F 		tst	r3, #32
 1507 0024 03D1     		bne	.L91
 766:Drivers/STM32WBxx_HAL_Driver/Src/stm32wbxx_hal_dma.c ****     }
 1508              		.loc 1 766 7 is_stmt 1 view .LVU558
 1509 0026 2368     		ldr	r3, [r4]
 1510 0028 23F00403 		bic	r3, r3, #4
 1511 002c 2360     		str	r3, [r4]
 1512              	.L91:
 769:Drivers/STM32WBxx_HAL_Driver/Src/stm32wbxx_hal_dma.c **** 
 1513              		.loc 1 769 5 view .LVU559
 769:Drivers/STM32WBxx_HAL_Driver/Src/stm32wbxx_hal_dma.c **** 
 1514              		.loc 1 769 57 is_stmt 0 view .LVU560
 1515 002e 436C     		ldr	r3, [r0, #68]
 769:Drivers/STM32WBxx_HAL_Driver/Src/stm32wbxx_hal_dma.c **** 
 1516              		.loc 1 769 72 view .LVU561
 1517 0030 03F01C02 		and	r2, r3, #28
 769:Drivers/STM32WBxx_HAL_Driver/Src/stm32wbxx_hal_dma.c **** 
 1518              		.loc 1 769 9 view .LVU562
 1519 0034 016C     		ldr	r1, [r0, #64]
 1520              	.LVL79:
 769:Drivers/STM32WBxx_HAL_Driver/Src/stm32wbxx_hal_dma.c **** 
 1521              		.loc 1 769 49 view .LVU563
 1522 0036 0423     		movs	r3, #4
 1523 0038 9340     		lsls	r3, r3, r2
 769:Drivers/STM32WBxx_HAL_Driver/Src/stm32wbxx_hal_dma.c **** 
 1524              		.loc 1 769 32 view .LVU564
 1525 003a 4B60     		str	r3, [r1, #4]
 774:Drivers/STM32WBxx_HAL_Driver/Src/stm32wbxx_hal_dma.c ****     {
 1526              		.loc 1 774 5 is_stmt 1 view .LVU565
 774:Drivers/STM32WBxx_HAL_Driver/Src/stm32wbxx_hal_dma.c ****     {
 1527              		.loc 1 774 13 is_stmt 0 view .LVU566
 1528 003c 036B     		ldr	r3, [r0, #48]
 774:Drivers/STM32WBxx_HAL_Driver/Src/stm32wbxx_hal_dma.c ****     {
 1529              		.loc 1 774 8 view .LVU567
 1530 003e 03B1     		cbz	r3, .L89
 777:Drivers/STM32WBxx_HAL_Driver/Src/stm32wbxx_hal_dma.c ****     }
 1531              		.loc 1 777 7 is_stmt 1 view .LVU568
 1532 0040 9847     		blx	r3
 1533              	.LVL80:
 1534              	.L89:
 836:Drivers/STM32WBxx_HAL_Driver/Src/stm32wbxx_hal_dma.c **** 
 1535              		.loc 1 836 1 is_stmt 0 view .LVU569
 1536 0042 38BD     		pop	{r3, r4, r5, pc}
 1537              	.LVL81:
 1538              	.L90:
 782:Drivers/STM32WBxx_HAL_Driver/Src/stm32wbxx_hal_dma.c ****   {
 1539              		.loc 1 782 8 is_stmt 1 view .LVU570
 782:Drivers/STM32WBxx_HAL_Driver/Src/stm32wbxx_hal_dma.c ****   {
 1540              		.loc 1 782 38 is_stmt 0 view .LVU571
 1541 0044 0222     		movs	r2, #2
 1542 0046 9A40     		lsls	r2, r2, r3
 782:Drivers/STM32WBxx_HAL_Driver/Src/stm32wbxx_hal_dma.c ****   {
 1543              		.loc 1 782 11 view .LVU572
 1544 0048 0A42     		tst	r2, r1
ARM GAS  C:\Users\843E~1\AppData\Local\Temp\ccQhwJ9j.s 			page 56


 1545 004a 1CD0     		beq	.L93
 782:Drivers/STM32WBxx_HAL_Driver/Src/stm32wbxx_hal_dma.c ****   {
 1546              		.loc 1 782 79 discriminator 1 view .LVU573
 1547 004c 15F0020F 		tst	r5, #2
 1548 0050 19D0     		beq	.L93
 784:Drivers/STM32WBxx_HAL_Driver/Src/stm32wbxx_hal_dma.c ****     {
 1549              		.loc 1 784 5 is_stmt 1 view .LVU574
 784:Drivers/STM32WBxx_HAL_Driver/Src/stm32wbxx_hal_dma.c ****     {
 1550              		.loc 1 784 24 is_stmt 0 view .LVU575
 1551 0052 2368     		ldr	r3, [r4]
 784:Drivers/STM32WBxx_HAL_Driver/Src/stm32wbxx_hal_dma.c ****     {
 1552              		.loc 1 784 8 view .LVU576
 1553 0054 13F0200F 		tst	r3, #32
 1554 0058 06D1     		bne	.L94
 787:Drivers/STM32WBxx_HAL_Driver/Src/stm32wbxx_hal_dma.c **** 
 1555              		.loc 1 787 7 is_stmt 1 view .LVU577
 1556 005a 2368     		ldr	r3, [r4]
 1557 005c 23F00A03 		bic	r3, r3, #10
 1558 0060 2360     		str	r3, [r4]
 790:Drivers/STM32WBxx_HAL_Driver/Src/stm32wbxx_hal_dma.c ****     }
 1559              		.loc 1 790 7 view .LVU578
 790:Drivers/STM32WBxx_HAL_Driver/Src/stm32wbxx_hal_dma.c ****     }
 1560              		.loc 1 790 19 is_stmt 0 view .LVU579
 1561 0062 0123     		movs	r3, #1
 1562 0064 80F82530 		strb	r3, [r0, #37]
 1563              	.L94:
 793:Drivers/STM32WBxx_HAL_Driver/Src/stm32wbxx_hal_dma.c **** 
 1564              		.loc 1 793 5 is_stmt 1 view .LVU580
 793:Drivers/STM32WBxx_HAL_Driver/Src/stm32wbxx_hal_dma.c **** 
 1565              		.loc 1 793 57 is_stmt 0 view .LVU581
 1566 0068 436C     		ldr	r3, [r0, #68]
 793:Drivers/STM32WBxx_HAL_Driver/Src/stm32wbxx_hal_dma.c **** 
 1567              		.loc 1 793 72 view .LVU582
 1568 006a 03F01C02 		and	r2, r3, #28
 793:Drivers/STM32WBxx_HAL_Driver/Src/stm32wbxx_hal_dma.c **** 
 1569              		.loc 1 793 9 view .LVU583
 1570 006e 016C     		ldr	r1, [r0, #64]
 1571              	.LVL82:
 793:Drivers/STM32WBxx_HAL_Driver/Src/stm32wbxx_hal_dma.c **** 
 1572              		.loc 1 793 49 view .LVU584
 1573 0070 0223     		movs	r3, #2
 1574 0072 9340     		lsls	r3, r3, r2
 793:Drivers/STM32WBxx_HAL_Driver/Src/stm32wbxx_hal_dma.c **** 
 1575              		.loc 1 793 32 view .LVU585
 1576 0074 4B60     		str	r3, [r1, #4]
 796:Drivers/STM32WBxx_HAL_Driver/Src/stm32wbxx_hal_dma.c **** 
 1577              		.loc 1 796 5 is_stmt 1 view .LVU586
 796:Drivers/STM32WBxx_HAL_Driver/Src/stm32wbxx_hal_dma.c **** 
 1578              		.loc 1 796 5 view .LVU587
 1579 0076 0023     		movs	r3, #0
 1580 0078 80F82430 		strb	r3, [r0, #36]
 796:Drivers/STM32WBxx_HAL_Driver/Src/stm32wbxx_hal_dma.c **** 
 1581              		.loc 1 796 5 view .LVU588
 798:Drivers/STM32WBxx_HAL_Driver/Src/stm32wbxx_hal_dma.c ****     {
 1582              		.loc 1 798 5 view .LVU589
 798:Drivers/STM32WBxx_HAL_Driver/Src/stm32wbxx_hal_dma.c ****     {
 1583              		.loc 1 798 13 is_stmt 0 view .LVU590
ARM GAS  C:\Users\843E~1\AppData\Local\Temp\ccQhwJ9j.s 			page 57


 1584 007c C36A     		ldr	r3, [r0, #44]
 798:Drivers/STM32WBxx_HAL_Driver/Src/stm32wbxx_hal_dma.c ****     {
 1585              		.loc 1 798 8 view .LVU591
 1586 007e 002B     		cmp	r3, #0
 1587 0080 DFD0     		beq	.L89
 801:Drivers/STM32WBxx_HAL_Driver/Src/stm32wbxx_hal_dma.c ****     }
 1588              		.loc 1 801 7 is_stmt 1 view .LVU592
 1589 0082 9847     		blx	r3
 1590              	.LVL83:
 801:Drivers/STM32WBxx_HAL_Driver/Src/stm32wbxx_hal_dma.c ****     }
 1591              		.loc 1 801 7 is_stmt 0 view .LVU593
 1592 0084 DDE7     		b	.L89
 1593              	.LVL84:
 1594              	.L93:
 806:Drivers/STM32WBxx_HAL_Driver/Src/stm32wbxx_hal_dma.c ****   {
 1595              		.loc 1 806 8 is_stmt 1 view .LVU594
 806:Drivers/STM32WBxx_HAL_Driver/Src/stm32wbxx_hal_dma.c ****   {
 1596              		.loc 1 806 38 is_stmt 0 view .LVU595
 1597 0086 0822     		movs	r2, #8
 1598 0088 02FA03F3 		lsl	r3, r2, r3
 806:Drivers/STM32WBxx_HAL_Driver/Src/stm32wbxx_hal_dma.c ****   {
 1599              		.loc 1 806 11 view .LVU596
 1600 008c 0B42     		tst	r3, r1
 1601 008e D8D0     		beq	.L89
 806:Drivers/STM32WBxx_HAL_Driver/Src/stm32wbxx_hal_dma.c ****   {
 1602              		.loc 1 806 79 discriminator 1 view .LVU597
 1603 0090 15F0080F 		tst	r5, #8
 1604 0094 D5D0     		beq	.L89
 811:Drivers/STM32WBxx_HAL_Driver/Src/stm32wbxx_hal_dma.c **** 
 1605              		.loc 1 811 5 is_stmt 1 view .LVU598
 1606 0096 2368     		ldr	r3, [r4]
 1607 0098 23F00E03 		bic	r3, r3, #14
 1608 009c 2360     		str	r3, [r4]
 814:Drivers/STM32WBxx_HAL_Driver/Src/stm32wbxx_hal_dma.c **** 
 1609              		.loc 1 814 5 view .LVU599
 814:Drivers/STM32WBxx_HAL_Driver/Src/stm32wbxx_hal_dma.c **** 
 1610              		.loc 1 814 56 is_stmt 0 view .LVU600
 1611 009e 436C     		ldr	r3, [r0, #68]
 814:Drivers/STM32WBxx_HAL_Driver/Src/stm32wbxx_hal_dma.c **** 
 1612              		.loc 1 814 71 view .LVU601
 1613 00a0 03F01C03 		and	r3, r3, #28
 814:Drivers/STM32WBxx_HAL_Driver/Src/stm32wbxx_hal_dma.c **** 
 1614              		.loc 1 814 9 view .LVU602
 1615 00a4 016C     		ldr	r1, [r0, #64]
 1616              	.LVL85:
 814:Drivers/STM32WBxx_HAL_Driver/Src/stm32wbxx_hal_dma.c **** 
 1617              		.loc 1 814 48 view .LVU603
 1618 00a6 0122     		movs	r2, #1
 1619 00a8 02FA03F3 		lsl	r3, r2, r3
 814:Drivers/STM32WBxx_HAL_Driver/Src/stm32wbxx_hal_dma.c **** 
 1620              		.loc 1 814 32 view .LVU604
 1621 00ac 4B60     		str	r3, [r1, #4]
 817:Drivers/STM32WBxx_HAL_Driver/Src/stm32wbxx_hal_dma.c **** 
 1622              		.loc 1 817 5 is_stmt 1 view .LVU605
 817:Drivers/STM32WBxx_HAL_Driver/Src/stm32wbxx_hal_dma.c **** 
 1623              		.loc 1 817 21 is_stmt 0 view .LVU606
 1624 00ae C263     		str	r2, [r0, #60]
ARM GAS  C:\Users\843E~1\AppData\Local\Temp\ccQhwJ9j.s 			page 58


 820:Drivers/STM32WBxx_HAL_Driver/Src/stm32wbxx_hal_dma.c **** 
 1625              		.loc 1 820 5 is_stmt 1 view .LVU607
 820:Drivers/STM32WBxx_HAL_Driver/Src/stm32wbxx_hal_dma.c **** 
 1626              		.loc 1 820 17 is_stmt 0 view .LVU608
 1627 00b0 80F82520 		strb	r2, [r0, #37]
 823:Drivers/STM32WBxx_HAL_Driver/Src/stm32wbxx_hal_dma.c **** 
 1628              		.loc 1 823 5 is_stmt 1 view .LVU609
 823:Drivers/STM32WBxx_HAL_Driver/Src/stm32wbxx_hal_dma.c **** 
 1629              		.loc 1 823 5 view .LVU610
 1630 00b4 0023     		movs	r3, #0
 1631 00b6 80F82430 		strb	r3, [r0, #36]
 823:Drivers/STM32WBxx_HAL_Driver/Src/stm32wbxx_hal_dma.c **** 
 1632              		.loc 1 823 5 view .LVU611
 825:Drivers/STM32WBxx_HAL_Driver/Src/stm32wbxx_hal_dma.c ****     {
 1633              		.loc 1 825 5 view .LVU612
 825:Drivers/STM32WBxx_HAL_Driver/Src/stm32wbxx_hal_dma.c ****     {
 1634              		.loc 1 825 13 is_stmt 0 view .LVU613
 1635 00ba 436B     		ldr	r3, [r0, #52]
 825:Drivers/STM32WBxx_HAL_Driver/Src/stm32wbxx_hal_dma.c ****     {
 1636              		.loc 1 825 8 view .LVU614
 1637 00bc 002B     		cmp	r3, #0
 1638 00be C0D0     		beq	.L89
 828:Drivers/STM32WBxx_HAL_Driver/Src/stm32wbxx_hal_dma.c ****     }
 1639              		.loc 1 828 7 is_stmt 1 view .LVU615
 1640 00c0 9847     		blx	r3
 1641              	.LVL86:
 834:Drivers/STM32WBxx_HAL_Driver/Src/stm32wbxx_hal_dma.c ****   return;
 1642              		.loc 1 834 3 view .LVU616
 835:Drivers/STM32WBxx_HAL_Driver/Src/stm32wbxx_hal_dma.c **** }
 1643              		.loc 1 835 3 view .LVU617
 1644 00c2 BEE7     		b	.L89
 1645              		.cfi_endproc
 1646              	.LFE957:
 1648              		.section	.text.HAL_DMA_RegisterCallback,"ax",%progbits
 1649              		.align	1
 1650              		.global	HAL_DMA_RegisterCallback
 1651              		.syntax unified
 1652              		.thumb
 1653              		.thumb_func
 1655              	HAL_DMA_RegisterCallback:
 1656              	.LVL87:
 1657              	.LFB958:
 849:Drivers/STM32WBxx_HAL_Driver/Src/stm32wbxx_hal_dma.c ****   HAL_StatusTypeDef status = HAL_OK;
 1658              		.loc 1 849 1 view -0
 1659              		.cfi_startproc
 1660              		@ args = 0, pretend = 0, frame = 0
 1661              		@ frame_needed = 0, uses_anonymous_args = 0
 1662              		@ link register save eliminated.
 849:Drivers/STM32WBxx_HAL_Driver/Src/stm32wbxx_hal_dma.c ****   HAL_StatusTypeDef status = HAL_OK;
 1663              		.loc 1 849 1 is_stmt 0 view .LVU619
 1664 0000 0346     		mov	r3, r0
 850:Drivers/STM32WBxx_HAL_Driver/Src/stm32wbxx_hal_dma.c **** 
 1665              		.loc 1 850 3 is_stmt 1 view .LVU620
 1666              	.LVL88:
 853:Drivers/STM32WBxx_HAL_Driver/Src/stm32wbxx_hal_dma.c **** 
 1667              		.loc 1 853 3 view .LVU621
 853:Drivers/STM32WBxx_HAL_Driver/Src/stm32wbxx_hal_dma.c **** 
ARM GAS  C:\Users\843E~1\AppData\Local\Temp\ccQhwJ9j.s 			page 59


 1668              		.loc 1 853 3 view .LVU622
 1669 0002 90F82400 		ldrb	r0, [r0, #36]	@ zero_extendqisi2
 1670              	.LVL89:
 853:Drivers/STM32WBxx_HAL_Driver/Src/stm32wbxx_hal_dma.c **** 
 1671              		.loc 1 853 3 is_stmt 0 view .LVU623
 1672 0006 0128     		cmp	r0, #1
 1673 0008 1ED0     		beq	.L104
 853:Drivers/STM32WBxx_HAL_Driver/Src/stm32wbxx_hal_dma.c **** 
 1674              		.loc 1 853 3 is_stmt 1 discriminator 2 view .LVU624
 1675 000a 0120     		movs	r0, #1
 1676 000c 83F82400 		strb	r0, [r3, #36]
 853:Drivers/STM32WBxx_HAL_Driver/Src/stm32wbxx_hal_dma.c **** 
 1677              		.loc 1 853 3 discriminator 2 view .LVU625
 855:Drivers/STM32WBxx_HAL_Driver/Src/stm32wbxx_hal_dma.c ****   {
 1678              		.loc 1 855 3 discriminator 2 view .LVU626
 855:Drivers/STM32WBxx_HAL_Driver/Src/stm32wbxx_hal_dma.c ****   {
 1679              		.loc 1 855 34 is_stmt 0 discriminator 2 view .LVU627
 1680 0010 93F82500 		ldrb	r0, [r3, #37]	@ zero_extendqisi2
 1681 0014 C0B2     		uxtb	r0, r0
 855:Drivers/STM32WBxx_HAL_Driver/Src/stm32wbxx_hal_dma.c ****   {
 1682              		.loc 1 855 6 discriminator 2 view .LVU628
 1683 0016 0128     		cmp	r0, #1
 1684 0018 04D0     		beq	.L106
 882:Drivers/STM32WBxx_HAL_Driver/Src/stm32wbxx_hal_dma.c ****   }
 1685              		.loc 1 882 12 view .LVU629
 1686 001a 0120     		movs	r0, #1
 1687              	.L98:
 1688              	.LVL90:
 886:Drivers/STM32WBxx_HAL_Driver/Src/stm32wbxx_hal_dma.c **** 
 1689              		.loc 1 886 3 is_stmt 1 view .LVU630
 886:Drivers/STM32WBxx_HAL_Driver/Src/stm32wbxx_hal_dma.c **** 
 1690              		.loc 1 886 3 view .LVU631
 1691 001c 0022     		movs	r2, #0
 1692              	.LVL91:
 886:Drivers/STM32WBxx_HAL_Driver/Src/stm32wbxx_hal_dma.c **** 
 1693              		.loc 1 886 3 is_stmt 0 view .LVU632
 1694 001e 83F82420 		strb	r2, [r3, #36]
 886:Drivers/STM32WBxx_HAL_Driver/Src/stm32wbxx_hal_dma.c **** 
 1695              		.loc 1 886 3 is_stmt 1 view .LVU633
 888:Drivers/STM32WBxx_HAL_Driver/Src/stm32wbxx_hal_dma.c **** }
 1696              		.loc 1 888 3 view .LVU634
 888:Drivers/STM32WBxx_HAL_Driver/Src/stm32wbxx_hal_dma.c **** }
 1697              		.loc 1 888 10 is_stmt 0 view .LVU635
 1698 0022 7047     		bx	lr
 1699              	.LVL92:
 1700              	.L106:
 857:Drivers/STM32WBxx_HAL_Driver/Src/stm32wbxx_hal_dma.c ****     {
 1701              		.loc 1 857 5 is_stmt 1 view .LVU636
 1702 0024 0329     		cmp	r1, #3
 1703 0026 F9D8     		bhi	.L98
 1704 0028 DFE801F0 		tbb	[pc, r1]
 1705              	.L100:
 1706 002c 02       		.byte	(.L103-.L100)/2
 1707 002d 05       		.byte	(.L102-.L100)/2
 1708 002e 08       		.byte	(.L101-.L100)/2
 1709 002f 0B       		.byte	(.L99-.L100)/2
 1710              		.p2align 1
ARM GAS  C:\Users\843E~1\AppData\Local\Temp\ccQhwJ9j.s 			page 60


 1711              	.L103:
 860:Drivers/STM32WBxx_HAL_Driver/Src/stm32wbxx_hal_dma.c ****         break;
 1712              		.loc 1 860 9 view .LVU637
 860:Drivers/STM32WBxx_HAL_Driver/Src/stm32wbxx_hal_dma.c ****         break;
 1713              		.loc 1 860 32 is_stmt 0 view .LVU638
 1714 0030 DA62     		str	r2, [r3, #44]
 861:Drivers/STM32WBxx_HAL_Driver/Src/stm32wbxx_hal_dma.c **** 
 1715              		.loc 1 861 9 is_stmt 1 view .LVU639
 850:Drivers/STM32WBxx_HAL_Driver/Src/stm32wbxx_hal_dma.c **** 
 1716              		.loc 1 850 21 is_stmt 0 view .LVU640
 1717 0032 0846     		mov	r0, r1
 861:Drivers/STM32WBxx_HAL_Driver/Src/stm32wbxx_hal_dma.c **** 
 1718              		.loc 1 861 9 view .LVU641
 1719 0034 F2E7     		b	.L98
 1720              	.L102:
 864:Drivers/STM32WBxx_HAL_Driver/Src/stm32wbxx_hal_dma.c ****         break;
 1721              		.loc 1 864 9 is_stmt 1 view .LVU642
 864:Drivers/STM32WBxx_HAL_Driver/Src/stm32wbxx_hal_dma.c ****         break;
 1722              		.loc 1 864 36 is_stmt 0 view .LVU643
 1723 0036 1A63     		str	r2, [r3, #48]
 865:Drivers/STM32WBxx_HAL_Driver/Src/stm32wbxx_hal_dma.c **** 
 1724              		.loc 1 865 9 is_stmt 1 view .LVU644
 850:Drivers/STM32WBxx_HAL_Driver/Src/stm32wbxx_hal_dma.c **** 
 1725              		.loc 1 850 21 is_stmt 0 view .LVU645
 1726 0038 0020     		movs	r0, #0
 865:Drivers/STM32WBxx_HAL_Driver/Src/stm32wbxx_hal_dma.c **** 
 1727              		.loc 1 865 9 view .LVU646
 1728 003a EFE7     		b	.L98
 1729              	.L101:
 868:Drivers/STM32WBxx_HAL_Driver/Src/stm32wbxx_hal_dma.c ****         break;
 1730              		.loc 1 868 9 is_stmt 1 view .LVU647
 868:Drivers/STM32WBxx_HAL_Driver/Src/stm32wbxx_hal_dma.c ****         break;
 1731              		.loc 1 868 33 is_stmt 0 view .LVU648
 1732 003c 5A63     		str	r2, [r3, #52]
 869:Drivers/STM32WBxx_HAL_Driver/Src/stm32wbxx_hal_dma.c **** 
 1733              		.loc 1 869 9 is_stmt 1 view .LVU649
 850:Drivers/STM32WBxx_HAL_Driver/Src/stm32wbxx_hal_dma.c **** 
 1734              		.loc 1 850 21 is_stmt 0 view .LVU650
 1735 003e 0020     		movs	r0, #0
 869:Drivers/STM32WBxx_HAL_Driver/Src/stm32wbxx_hal_dma.c **** 
 1736              		.loc 1 869 9 view .LVU651
 1737 0040 ECE7     		b	.L98
 1738              	.L99:
 872:Drivers/STM32WBxx_HAL_Driver/Src/stm32wbxx_hal_dma.c ****         break;
 1739              		.loc 1 872 9 is_stmt 1 view .LVU652
 872:Drivers/STM32WBxx_HAL_Driver/Src/stm32wbxx_hal_dma.c ****         break;
 1740              		.loc 1 872 33 is_stmt 0 view .LVU653
 1741 0042 9A63     		str	r2, [r3, #56]
 873:Drivers/STM32WBxx_HAL_Driver/Src/stm32wbxx_hal_dma.c **** 
 1742              		.loc 1 873 9 is_stmt 1 view .LVU654
 850:Drivers/STM32WBxx_HAL_Driver/Src/stm32wbxx_hal_dma.c **** 
 1743              		.loc 1 850 21 is_stmt 0 view .LVU655
 1744 0044 0020     		movs	r0, #0
 873:Drivers/STM32WBxx_HAL_Driver/Src/stm32wbxx_hal_dma.c **** 
 1745              		.loc 1 873 9 view .LVU656
 1746 0046 E9E7     		b	.L98
 1747              	.L104:
ARM GAS  C:\Users\843E~1\AppData\Local\Temp\ccQhwJ9j.s 			page 61


 853:Drivers/STM32WBxx_HAL_Driver/Src/stm32wbxx_hal_dma.c **** 
 1748              		.loc 1 853 3 view .LVU657
 1749 0048 0220     		movs	r0, #2
 889:Drivers/STM32WBxx_HAL_Driver/Src/stm32wbxx_hal_dma.c **** 
 1750              		.loc 1 889 1 view .LVU658
 1751 004a 7047     		bx	lr
 1752              		.cfi_endproc
 1753              	.LFE958:
 1755              		.section	.text.HAL_DMA_UnRegisterCallback,"ax",%progbits
 1756              		.align	1
 1757              		.global	HAL_DMA_UnRegisterCallback
 1758              		.syntax unified
 1759              		.thumb
 1760              		.thumb_func
 1762              	HAL_DMA_UnRegisterCallback:
 1763              	.LVL93:
 1764              	.LFB959:
 900:Drivers/STM32WBxx_HAL_Driver/Src/stm32wbxx_hal_dma.c ****   HAL_StatusTypeDef status = HAL_OK;
 1765              		.loc 1 900 1 is_stmt 1 view -0
 1766              		.cfi_startproc
 1767              		@ args = 0, pretend = 0, frame = 0
 1768              		@ frame_needed = 0, uses_anonymous_args = 0
 1769              		@ link register save eliminated.
 900:Drivers/STM32WBxx_HAL_Driver/Src/stm32wbxx_hal_dma.c ****   HAL_StatusTypeDef status = HAL_OK;
 1770              		.loc 1 900 1 is_stmt 0 view .LVU660
 1771 0000 0346     		mov	r3, r0
 901:Drivers/STM32WBxx_HAL_Driver/Src/stm32wbxx_hal_dma.c **** 
 1772              		.loc 1 901 3 is_stmt 1 view .LVU661
 1773              	.LVL94:
 904:Drivers/STM32WBxx_HAL_Driver/Src/stm32wbxx_hal_dma.c **** 
 1774              		.loc 1 904 3 view .LVU662
 904:Drivers/STM32WBxx_HAL_Driver/Src/stm32wbxx_hal_dma.c **** 
 1775              		.loc 1 904 3 view .LVU663
 1776 0002 90F82420 		ldrb	r2, [r0, #36]	@ zero_extendqisi2
 1777 0006 012A     		cmp	r2, #1
 1778 0008 26D0     		beq	.L116
 904:Drivers/STM32WBxx_HAL_Driver/Src/stm32wbxx_hal_dma.c **** 
 1779              		.loc 1 904 3 discriminator 2 view .LVU664
 1780 000a 0122     		movs	r2, #1
 1781 000c 80F82420 		strb	r2, [r0, #36]
 904:Drivers/STM32WBxx_HAL_Driver/Src/stm32wbxx_hal_dma.c **** 
 1782              		.loc 1 904 3 discriminator 2 view .LVU665
 906:Drivers/STM32WBxx_HAL_Driver/Src/stm32wbxx_hal_dma.c ****   {
 1783              		.loc 1 906 3 discriminator 2 view .LVU666
 906:Drivers/STM32WBxx_HAL_Driver/Src/stm32wbxx_hal_dma.c ****   {
 1784              		.loc 1 906 34 is_stmt 0 discriminator 2 view .LVU667
 1785 0010 90F82500 		ldrb	r0, [r0, #37]	@ zero_extendqisi2
 1786              	.LVL95:
 906:Drivers/STM32WBxx_HAL_Driver/Src/stm32wbxx_hal_dma.c ****   {
 1787              		.loc 1 906 34 discriminator 2 view .LVU668
 1788 0014 C0B2     		uxtb	r0, r0
 906:Drivers/STM32WBxx_HAL_Driver/Src/stm32wbxx_hal_dma.c ****   {
 1789              		.loc 1 906 6 discriminator 2 view .LVU669
 1790 0016 9042     		cmp	r0, r2
 1791 0018 04D0     		beq	.L118
 940:Drivers/STM32WBxx_HAL_Driver/Src/stm32wbxx_hal_dma.c ****   }
 1792              		.loc 1 940 12 view .LVU670
ARM GAS  C:\Users\843E~1\AppData\Local\Temp\ccQhwJ9j.s 			page 62


 1793 001a 0120     		movs	r0, #1
 1794              	.L109:
 1795              	.LVL96:
 944:Drivers/STM32WBxx_HAL_Driver/Src/stm32wbxx_hal_dma.c **** 
 1796              		.loc 1 944 3 is_stmt 1 view .LVU671
 944:Drivers/STM32WBxx_HAL_Driver/Src/stm32wbxx_hal_dma.c **** 
 1797              		.loc 1 944 3 view .LVU672
 1798 001c 0022     		movs	r2, #0
 1799 001e 83F82420 		strb	r2, [r3, #36]
 944:Drivers/STM32WBxx_HAL_Driver/Src/stm32wbxx_hal_dma.c **** 
 1800              		.loc 1 944 3 view .LVU673
 946:Drivers/STM32WBxx_HAL_Driver/Src/stm32wbxx_hal_dma.c **** }
 1801              		.loc 1 946 3 view .LVU674
 946:Drivers/STM32WBxx_HAL_Driver/Src/stm32wbxx_hal_dma.c **** }
 1802              		.loc 1 946 10 is_stmt 0 view .LVU675
 1803 0022 7047     		bx	lr
 1804              	.LVL97:
 1805              	.L118:
 908:Drivers/STM32WBxx_HAL_Driver/Src/stm32wbxx_hal_dma.c ****     {
 1806              		.loc 1 908 5 is_stmt 1 view .LVU676
 1807 0024 0429     		cmp	r1, #4
 1808 0026 F9D8     		bhi	.L109
 1809 0028 DFE801F0 		tbb	[pc, r1]
 1810              	.L111:
 1811 002c 03       		.byte	(.L115-.L111)/2
 1812 002d 07       		.byte	(.L114-.L111)/2
 1813 002e 0A       		.byte	(.L113-.L111)/2
 1814 002f 0D       		.byte	(.L112-.L111)/2
 1815 0030 10       		.byte	(.L110-.L111)/2
 1816 0031 00       		.p2align 1
 1817              	.L115:
 911:Drivers/STM32WBxx_HAL_Driver/Src/stm32wbxx_hal_dma.c ****         break;
 1818              		.loc 1 911 9 view .LVU677
 911:Drivers/STM32WBxx_HAL_Driver/Src/stm32wbxx_hal_dma.c ****         break;
 1819              		.loc 1 911 32 is_stmt 0 view .LVU678
 1820 0032 0022     		movs	r2, #0
 1821 0034 DA62     		str	r2, [r3, #44]
 912:Drivers/STM32WBxx_HAL_Driver/Src/stm32wbxx_hal_dma.c **** 
 1822              		.loc 1 912 9 is_stmt 1 view .LVU679
 901:Drivers/STM32WBxx_HAL_Driver/Src/stm32wbxx_hal_dma.c **** 
 1823              		.loc 1 901 21 is_stmt 0 view .LVU680
 1824 0036 0846     		mov	r0, r1
 912:Drivers/STM32WBxx_HAL_Driver/Src/stm32wbxx_hal_dma.c **** 
 1825              		.loc 1 912 9 view .LVU681
 1826 0038 F0E7     		b	.L109
 1827              	.L114:
 915:Drivers/STM32WBxx_HAL_Driver/Src/stm32wbxx_hal_dma.c ****         break;
 1828              		.loc 1 915 9 is_stmt 1 view .LVU682
 915:Drivers/STM32WBxx_HAL_Driver/Src/stm32wbxx_hal_dma.c ****         break;
 1829              		.loc 1 915 36 is_stmt 0 view .LVU683
 1830 003a 0020     		movs	r0, #0
 1831 003c 1863     		str	r0, [r3, #48]
 916:Drivers/STM32WBxx_HAL_Driver/Src/stm32wbxx_hal_dma.c **** 
 1832              		.loc 1 916 9 is_stmt 1 view .LVU684
 1833 003e EDE7     		b	.L109
 1834              	.L113:
 919:Drivers/STM32WBxx_HAL_Driver/Src/stm32wbxx_hal_dma.c ****         break;
ARM GAS  C:\Users\843E~1\AppData\Local\Temp\ccQhwJ9j.s 			page 63


 1835              		.loc 1 919 9 view .LVU685
 919:Drivers/STM32WBxx_HAL_Driver/Src/stm32wbxx_hal_dma.c ****         break;
 1836              		.loc 1 919 33 is_stmt 0 view .LVU686
 1837 0040 0020     		movs	r0, #0
 1838 0042 5863     		str	r0, [r3, #52]
 920:Drivers/STM32WBxx_HAL_Driver/Src/stm32wbxx_hal_dma.c **** 
 1839              		.loc 1 920 9 is_stmt 1 view .LVU687
 1840 0044 EAE7     		b	.L109
 1841              	.L112:
 923:Drivers/STM32WBxx_HAL_Driver/Src/stm32wbxx_hal_dma.c ****         break;
 1842              		.loc 1 923 9 view .LVU688
 923:Drivers/STM32WBxx_HAL_Driver/Src/stm32wbxx_hal_dma.c ****         break;
 1843              		.loc 1 923 33 is_stmt 0 view .LVU689
 1844 0046 0020     		movs	r0, #0
 1845 0048 9863     		str	r0, [r3, #56]
 924:Drivers/STM32WBxx_HAL_Driver/Src/stm32wbxx_hal_dma.c **** 
 1846              		.loc 1 924 9 is_stmt 1 view .LVU690
 1847 004a E7E7     		b	.L109
 1848              	.L110:
 927:Drivers/STM32WBxx_HAL_Driver/Src/stm32wbxx_hal_dma.c ****         hdma->XferHalfCpltCallback = NULL;
 1849              		.loc 1 927 9 view .LVU691
 927:Drivers/STM32WBxx_HAL_Driver/Src/stm32wbxx_hal_dma.c ****         hdma->XferHalfCpltCallback = NULL;
 1850              		.loc 1 927 32 is_stmt 0 view .LVU692
 1851 004c 0020     		movs	r0, #0
 1852 004e D862     		str	r0, [r3, #44]
 928:Drivers/STM32WBxx_HAL_Driver/Src/stm32wbxx_hal_dma.c ****         hdma->XferErrorCallback = NULL;
 1853              		.loc 1 928 9 is_stmt 1 view .LVU693
 928:Drivers/STM32WBxx_HAL_Driver/Src/stm32wbxx_hal_dma.c ****         hdma->XferErrorCallback = NULL;
 1854              		.loc 1 928 36 is_stmt 0 view .LVU694
 1855 0050 1863     		str	r0, [r3, #48]
 929:Drivers/STM32WBxx_HAL_Driver/Src/stm32wbxx_hal_dma.c ****         hdma->XferAbortCallback = NULL;
 1856              		.loc 1 929 9 is_stmt 1 view .LVU695
 929:Drivers/STM32WBxx_HAL_Driver/Src/stm32wbxx_hal_dma.c ****         hdma->XferAbortCallback = NULL;
 1857              		.loc 1 929 33 is_stmt 0 view .LVU696
 1858 0052 5863     		str	r0, [r3, #52]
 930:Drivers/STM32WBxx_HAL_Driver/Src/stm32wbxx_hal_dma.c ****         break;
 1859              		.loc 1 930 9 is_stmt 1 view .LVU697
 930:Drivers/STM32WBxx_HAL_Driver/Src/stm32wbxx_hal_dma.c ****         break;
 1860              		.loc 1 930 33 is_stmt 0 view .LVU698
 1861 0054 9863     		str	r0, [r3, #56]
 931:Drivers/STM32WBxx_HAL_Driver/Src/stm32wbxx_hal_dma.c **** 
 1862              		.loc 1 931 9 is_stmt 1 view .LVU699
 1863 0056 E1E7     		b	.L109
 1864              	.LVL98:
 1865              	.L116:
 904:Drivers/STM32WBxx_HAL_Driver/Src/stm32wbxx_hal_dma.c **** 
 1866              		.loc 1 904 3 is_stmt 0 view .LVU700
 1867 0058 0220     		movs	r0, #2
 1868              	.LVL99:
 947:Drivers/STM32WBxx_HAL_Driver/Src/stm32wbxx_hal_dma.c **** 
 1869              		.loc 1 947 1 view .LVU701
 1870 005a 7047     		bx	lr
 1871              		.cfi_endproc
 1872              	.LFE959:
 1874              		.section	.text.HAL_DMA_GetState,"ax",%progbits
 1875              		.align	1
 1876              		.global	HAL_DMA_GetState
ARM GAS  C:\Users\843E~1\AppData\Local\Temp\ccQhwJ9j.s 			page 64


 1877              		.syntax unified
 1878              		.thumb
 1879              		.thumb_func
 1881              	HAL_DMA_GetState:
 1882              	.LVL100:
 1883              	.LFB960:
 978:Drivers/STM32WBxx_HAL_Driver/Src/stm32wbxx_hal_dma.c ****   /* Return DMA handle state */
 1884              		.loc 1 978 1 is_stmt 1 view -0
 1885              		.cfi_startproc
 1886              		@ args = 0, pretend = 0, frame = 0
 1887              		@ frame_needed = 0, uses_anonymous_args = 0
 1888              		@ link register save eliminated.
 980:Drivers/STM32WBxx_HAL_Driver/Src/stm32wbxx_hal_dma.c **** }
 1889              		.loc 1 980 3 view .LVU703
 980:Drivers/STM32WBxx_HAL_Driver/Src/stm32wbxx_hal_dma.c **** }
 1890              		.loc 1 980 14 is_stmt 0 view .LVU704
 1891 0000 90F82500 		ldrb	r0, [r0, #37]	@ zero_extendqisi2
 1892              	.LVL101:
 981:Drivers/STM32WBxx_HAL_Driver/Src/stm32wbxx_hal_dma.c **** 
 1893              		.loc 1 981 1 view .LVU705
 1894 0004 7047     		bx	lr
 1895              		.cfi_endproc
 1896              	.LFE960:
 1898              		.section	.text.HAL_DMA_GetError,"ax",%progbits
 1899              		.align	1
 1900              		.global	HAL_DMA_GetError
 1901              		.syntax unified
 1902              		.thumb
 1903              		.thumb_func
 1905              	HAL_DMA_GetError:
 1906              	.LVL102:
 1907              	.LFB961:
 990:Drivers/STM32WBxx_HAL_Driver/Src/stm32wbxx_hal_dma.c ****   return hdma->ErrorCode;
 1908              		.loc 1 990 1 is_stmt 1 view -0
 1909              		.cfi_startproc
 1910              		@ args = 0, pretend = 0, frame = 0
 1911              		@ frame_needed = 0, uses_anonymous_args = 0
 1912              		@ link register save eliminated.
 991:Drivers/STM32WBxx_HAL_Driver/Src/stm32wbxx_hal_dma.c **** }
 1913              		.loc 1 991 3 view .LVU707
 991:Drivers/STM32WBxx_HAL_Driver/Src/stm32wbxx_hal_dma.c **** }
 1914              		.loc 1 991 14 is_stmt 0 view .LVU708
 1915 0000 C06B     		ldr	r0, [r0, #60]
 1916              	.LVL103:
 992:Drivers/STM32WBxx_HAL_Driver/Src/stm32wbxx_hal_dma.c **** 
 1917              		.loc 1 992 1 view .LVU709
 1918 0002 7047     		bx	lr
 1919              		.cfi_endproc
 1920              	.LFE961:
 1922              		.text
 1923              	.Letext0:
 1924              		.file 2 "g:\\arm\\10 2021.10\\arm-none-eabi\\include\\machine\\_default_types.h"
 1925              		.file 3 "g:\\arm\\10 2021.10\\arm-none-eabi\\include\\sys\\_stdint.h"
 1926              		.file 4 "Drivers/CMSIS/Device/ST/STM32WBxx/Include/stm32wb55xx.h"
 1927              		.file 5 "Drivers/STM32WBxx_HAL_Driver/Inc/stm32wbxx_hal_def.h"
 1928              		.file 6 "Drivers/STM32WBxx_HAL_Driver/Inc/stm32wbxx_hal_dma.h"
 1929              		.file 7 "Drivers/STM32WBxx_HAL_Driver/Inc/stm32wbxx_hal.h"
ARM GAS  C:\Users\843E~1\AppData\Local\Temp\ccQhwJ9j.s 			page 65


ARM GAS  C:\Users\843E~1\AppData\Local\Temp\ccQhwJ9j.s 			page 66


DEFINED SYMBOLS
                            *ABS*:00000000 stm32wbxx_hal_dma.c
C:\Users\843E~1\AppData\Local\Temp\ccQhwJ9j.s:20     .text.DMA_SetConfig:00000000 $t
C:\Users\843E~1\AppData\Local\Temp\ccQhwJ9j.s:25     .text.DMA_SetConfig:00000000 DMA_SetConfig
C:\Users\843E~1\AppData\Local\Temp\ccQhwJ9j.s:121    .text.DMA_CalcDMAMUXChannelBaseAndMask:00000000 $t
C:\Users\843E~1\AppData\Local\Temp\ccQhwJ9j.s:126    .text.DMA_CalcDMAMUXChannelBaseAndMask:00000000 DMA_CalcDMAMUXChannelBaseAndMask
C:\Users\843E~1\AppData\Local\Temp\ccQhwJ9j.s:190    .text.DMA_CalcDMAMUXChannelBaseAndMask:00000044 $d
C:\Users\843E~1\AppData\Local\Temp\ccQhwJ9j.s:198    .text.DMA_CalcDMAMUXRequestGenBaseAndMask:00000000 $t
C:\Users\843E~1\AppData\Local\Temp\ccQhwJ9j.s:203    .text.DMA_CalcDMAMUXRequestGenBaseAndMask:00000000 DMA_CalcDMAMUXRequestGenBaseAndMask
C:\Users\843E~1\AppData\Local\Temp\ccQhwJ9j.s:245    .text.DMA_CalcDMAMUXRequestGenBaseAndMask:00000024 $d
C:\Users\843E~1\AppData\Local\Temp\ccQhwJ9j.s:251    .text.HAL_DMA_Init:00000000 $t
C:\Users\843E~1\AppData\Local\Temp\ccQhwJ9j.s:257    .text.HAL_DMA_Init:00000000 HAL_DMA_Init
C:\Users\843E~1\AppData\Local\Temp\ccQhwJ9j.s:477    .text.HAL_DMA_Init:000000c4 $d
C:\Users\843E~1\AppData\Local\Temp\ccQhwJ9j.s:487    .text.HAL_DMA_DeInit:00000000 $t
C:\Users\843E~1\AppData\Local\Temp\ccQhwJ9j.s:493    .text.HAL_DMA_DeInit:00000000 HAL_DMA_DeInit
C:\Users\843E~1\AppData\Local\Temp\ccQhwJ9j.s:675    .text.HAL_DMA_DeInit:000000a0 $d
C:\Users\843E~1\AppData\Local\Temp\ccQhwJ9j.s:685    .text.HAL_DMA_Start:00000000 $t
C:\Users\843E~1\AppData\Local\Temp\ccQhwJ9j.s:691    .text.HAL_DMA_Start:00000000 HAL_DMA_Start
C:\Users\843E~1\AppData\Local\Temp\ccQhwJ9j.s:779    .text.HAL_DMA_Start_IT:00000000 $t
C:\Users\843E~1\AppData\Local\Temp\ccQhwJ9j.s:785    .text.HAL_DMA_Start_IT:00000000 HAL_DMA_Start_IT
C:\Users\843E~1\AppData\Local\Temp\ccQhwJ9j.s:921    .text.HAL_DMA_Abort:00000000 $t
C:\Users\843E~1\AppData\Local\Temp\ccQhwJ9j.s:927    .text.HAL_DMA_Abort:00000000 HAL_DMA_Abort
C:\Users\843E~1\AppData\Local\Temp\ccQhwJ9j.s:1042   .text.HAL_DMA_Abort_IT:00000000 $t
C:\Users\843E~1\AppData\Local\Temp\ccQhwJ9j.s:1048   .text.HAL_DMA_Abort_IT:00000000 HAL_DMA_Abort_IT
C:\Users\843E~1\AppData\Local\Temp\ccQhwJ9j.s:1170   .text.HAL_DMA_PollForTransfer:00000000 $t
C:\Users\843E~1\AppData\Local\Temp\ccQhwJ9j.s:1176   .text.HAL_DMA_PollForTransfer:00000000 HAL_DMA_PollForTransfer
C:\Users\843E~1\AppData\Local\Temp\ccQhwJ9j.s:1455   .text.HAL_DMA_IRQHandler:00000000 $t
C:\Users\843E~1\AppData\Local\Temp\ccQhwJ9j.s:1461   .text.HAL_DMA_IRQHandler:00000000 HAL_DMA_IRQHandler
C:\Users\843E~1\AppData\Local\Temp\ccQhwJ9j.s:1649   .text.HAL_DMA_RegisterCallback:00000000 $t
C:\Users\843E~1\AppData\Local\Temp\ccQhwJ9j.s:1655   .text.HAL_DMA_RegisterCallback:00000000 HAL_DMA_RegisterCallback
C:\Users\843E~1\AppData\Local\Temp\ccQhwJ9j.s:1706   .text.HAL_DMA_RegisterCallback:0000002c $d
C:\Users\843E~1\AppData\Local\Temp\ccQhwJ9j.s:1710   .text.HAL_DMA_RegisterCallback:00000030 $t
C:\Users\843E~1\AppData\Local\Temp\ccQhwJ9j.s:1756   .text.HAL_DMA_UnRegisterCallback:00000000 $t
C:\Users\843E~1\AppData\Local\Temp\ccQhwJ9j.s:1762   .text.HAL_DMA_UnRegisterCallback:00000000 HAL_DMA_UnRegisterCallback
C:\Users\843E~1\AppData\Local\Temp\ccQhwJ9j.s:1811   .text.HAL_DMA_UnRegisterCallback:0000002c $d
C:\Users\843E~1\AppData\Local\Temp\ccQhwJ9j.s:1875   .text.HAL_DMA_GetState:00000000 $t
C:\Users\843E~1\AppData\Local\Temp\ccQhwJ9j.s:1881   .text.HAL_DMA_GetState:00000000 HAL_DMA_GetState
C:\Users\843E~1\AppData\Local\Temp\ccQhwJ9j.s:1899   .text.HAL_DMA_GetError:00000000 $t
C:\Users\843E~1\AppData\Local\Temp\ccQhwJ9j.s:1905   .text.HAL_DMA_GetError:00000000 HAL_DMA_GetError
C:\Users\843E~1\AppData\Local\Temp\ccQhwJ9j.s:1816   .text.HAL_DMA_UnRegisterCallback:00000031 $d
C:\Users\843E~1\AppData\Local\Temp\ccQhwJ9j.s:1816   .text.HAL_DMA_UnRegisterCallback:00000032 $t

UNDEFINED SYMBOLS
HAL_GetTick
