ARM GAS  C:\Users\843E~1\AppData\Local\Temp\cc5PNIRY.s 			page 1


   1              		.cpu cortex-m4
   2              		.arch armv7e-m
   3              		.fpu fpv4-sp-d16
   4              		.eabi_attribute 27, 1
   5              		.eabi_attribute 28, 1
   6              		.eabi_attribute 20, 1
   7              		.eabi_attribute 21, 1
   8              		.eabi_attribute 23, 3
   9              		.eabi_attribute 24, 1
  10              		.eabi_attribute 25, 1
  11              		.eabi_attribute 26, 1
  12              		.eabi_attribute 30, 1
  13              		.eabi_attribute 34, 1
  14              		.eabi_attribute 18, 4
  15              		.file	"stm32wbxx_hal_rcc.c"
  16              		.text
  17              	.Ltext0:
  18              		.cfi_sections	.debug_frame
  19              		.section	.text.RCC_SetFlashLatency,"ax",%progbits
  20              		.align	1
  21              		.syntax unified
  22              		.thumb
  23              		.thumb_func
  25              	RCC_SetFlashLatency:
  26              	.LVL0:
  27              	.LFB967:
  28              		.file 1 "Drivers/STM32WBxx_HAL_Driver/Src/stm32wbxx_hal_rcc.c"
   1:Drivers/STM32WBxx_HAL_Driver/Src/stm32wbxx_hal_rcc.c **** /**
   2:Drivers/STM32WBxx_HAL_Driver/Src/stm32wbxx_hal_rcc.c ****   ******************************************************************************
   3:Drivers/STM32WBxx_HAL_Driver/Src/stm32wbxx_hal_rcc.c ****   * @file    stm32wbxx_hal_rcc.c
   4:Drivers/STM32WBxx_HAL_Driver/Src/stm32wbxx_hal_rcc.c ****   * @author  MCD Application Team
   5:Drivers/STM32WBxx_HAL_Driver/Src/stm32wbxx_hal_rcc.c ****   * @brief   RCC HAL module driver.
   6:Drivers/STM32WBxx_HAL_Driver/Src/stm32wbxx_hal_rcc.c ****   *          This file provides firmware functions to manage the following
   7:Drivers/STM32WBxx_HAL_Driver/Src/stm32wbxx_hal_rcc.c ****   *          functionalities of the Reset and Clock Control (RCC) peripheral:
   8:Drivers/STM32WBxx_HAL_Driver/Src/stm32wbxx_hal_rcc.c ****   *           + Initialization and de-initialization functions
   9:Drivers/STM32WBxx_HAL_Driver/Src/stm32wbxx_hal_rcc.c ****   *           + Peripheral Control functions
  10:Drivers/STM32WBxx_HAL_Driver/Src/stm32wbxx_hal_rcc.c ****   ******************************************************************************
  11:Drivers/STM32WBxx_HAL_Driver/Src/stm32wbxx_hal_rcc.c ****   * @attention
  12:Drivers/STM32WBxx_HAL_Driver/Src/stm32wbxx_hal_rcc.c ****   *
  13:Drivers/STM32WBxx_HAL_Driver/Src/stm32wbxx_hal_rcc.c ****   * Copyright (c) 2019 STMicroelectronics.
  14:Drivers/STM32WBxx_HAL_Driver/Src/stm32wbxx_hal_rcc.c ****   * All rights reserved.
  15:Drivers/STM32WBxx_HAL_Driver/Src/stm32wbxx_hal_rcc.c ****   *
  16:Drivers/STM32WBxx_HAL_Driver/Src/stm32wbxx_hal_rcc.c ****   * This software is licensed under terms that can be found in the LICENSE file
  17:Drivers/STM32WBxx_HAL_Driver/Src/stm32wbxx_hal_rcc.c ****   * in the root directory of this software component.
  18:Drivers/STM32WBxx_HAL_Driver/Src/stm32wbxx_hal_rcc.c ****   * If no LICENSE file comes with this software, it is provided AS-IS.
  19:Drivers/STM32WBxx_HAL_Driver/Src/stm32wbxx_hal_rcc.c ****   *
  20:Drivers/STM32WBxx_HAL_Driver/Src/stm32wbxx_hal_rcc.c ****   ******************************************************************************
  21:Drivers/STM32WBxx_HAL_Driver/Src/stm32wbxx_hal_rcc.c ****   @verbatim
  22:Drivers/STM32WBxx_HAL_Driver/Src/stm32wbxx_hal_rcc.c ****   ==============================================================================
  23:Drivers/STM32WBxx_HAL_Driver/Src/stm32wbxx_hal_rcc.c ****                       ##### RCC specific features #####
  24:Drivers/STM32WBxx_HAL_Driver/Src/stm32wbxx_hal_rcc.c ****   ==============================================================================
  25:Drivers/STM32WBxx_HAL_Driver/Src/stm32wbxx_hal_rcc.c ****     [..]
  26:Drivers/STM32WBxx_HAL_Driver/Src/stm32wbxx_hal_rcc.c ****       After reset the device is running from Multiple Speed Internal oscillator
  27:Drivers/STM32WBxx_HAL_Driver/Src/stm32wbxx_hal_rcc.c ****       (4 MHz) with Flash 0 wait state. Flash prefetch buffer, D-Cache
  28:Drivers/STM32WBxx_HAL_Driver/Src/stm32wbxx_hal_rcc.c ****       and I-Cache are disabled, and all peripherals are off except internal
  29:Drivers/STM32WBxx_HAL_Driver/Src/stm32wbxx_hal_rcc.c ****       SRAM, Flash and JTAG.
  30:Drivers/STM32WBxx_HAL_Driver/Src/stm32wbxx_hal_rcc.c **** 
ARM GAS  C:\Users\843E~1\AppData\Local\Temp\cc5PNIRY.s 			page 2


  31:Drivers/STM32WBxx_HAL_Driver/Src/stm32wbxx_hal_rcc.c ****       (+) There is no prescaler on High speed (AHBs) and Low speed (APBs) buses:
  32:Drivers/STM32WBxx_HAL_Driver/Src/stm32wbxx_hal_rcc.c ****           all peripherals mapped on these buses are running at MSI speed.
  33:Drivers/STM32WBxx_HAL_Driver/Src/stm32wbxx_hal_rcc.c ****       (+) The clock for all peripherals is switched off, except the SRAM and FLASH.
  34:Drivers/STM32WBxx_HAL_Driver/Src/stm32wbxx_hal_rcc.c ****       (+) All GPIOs are in analog mode, except the JTAG pins which
  35:Drivers/STM32WBxx_HAL_Driver/Src/stm32wbxx_hal_rcc.c ****           are assigned to be used for debug purpose.
  36:Drivers/STM32WBxx_HAL_Driver/Src/stm32wbxx_hal_rcc.c **** 
  37:Drivers/STM32WBxx_HAL_Driver/Src/stm32wbxx_hal_rcc.c ****     [..]
  38:Drivers/STM32WBxx_HAL_Driver/Src/stm32wbxx_hal_rcc.c ****       Once the device started from reset, the user application has to:
  39:Drivers/STM32WBxx_HAL_Driver/Src/stm32wbxx_hal_rcc.c ****       (+) Configure the clock source to be used to drive the System clock
  40:Drivers/STM32WBxx_HAL_Driver/Src/stm32wbxx_hal_rcc.c ****           (if the application needs higher frequency/performance)
  41:Drivers/STM32WBxx_HAL_Driver/Src/stm32wbxx_hal_rcc.c ****       (+) Configure the System clock frequency and Flash settings
  42:Drivers/STM32WBxx_HAL_Driver/Src/stm32wbxx_hal_rcc.c ****       (+) Configure the AHB and APB buses prescalers
  43:Drivers/STM32WBxx_HAL_Driver/Src/stm32wbxx_hal_rcc.c ****       (+) Enable the clock for the peripheral(s) to be used
  44:Drivers/STM32WBxx_HAL_Driver/Src/stm32wbxx_hal_rcc.c ****       (+) Configure the clock source(s) for peripherals which clocks are not
  45:Drivers/STM32WBxx_HAL_Driver/Src/stm32wbxx_hal_rcc.c ****           derived from the System clock (SAI1, RTC, ADC, USB/RNG, USART1, LPUART1, LPTIMx, I2Cx, SM
  46:Drivers/STM32WBxx_HAL_Driver/Src/stm32wbxx_hal_rcc.c **** 
  47:Drivers/STM32WBxx_HAL_Driver/Src/stm32wbxx_hal_rcc.c ****   @endverbatim
  48:Drivers/STM32WBxx_HAL_Driver/Src/stm32wbxx_hal_rcc.c ****   ******************************************************************************
  49:Drivers/STM32WBxx_HAL_Driver/Src/stm32wbxx_hal_rcc.c ****   */
  50:Drivers/STM32WBxx_HAL_Driver/Src/stm32wbxx_hal_rcc.c **** 
  51:Drivers/STM32WBxx_HAL_Driver/Src/stm32wbxx_hal_rcc.c **** /* Includes ------------------------------------------------------------------*/
  52:Drivers/STM32WBxx_HAL_Driver/Src/stm32wbxx_hal_rcc.c **** #include "stm32wbxx_hal.h"
  53:Drivers/STM32WBxx_HAL_Driver/Src/stm32wbxx_hal_rcc.c **** 
  54:Drivers/STM32WBxx_HAL_Driver/Src/stm32wbxx_hal_rcc.c **** /** @addtogroup STM32WBxx_HAL_Driver
  55:Drivers/STM32WBxx_HAL_Driver/Src/stm32wbxx_hal_rcc.c ****   * @{
  56:Drivers/STM32WBxx_HAL_Driver/Src/stm32wbxx_hal_rcc.c ****   */
  57:Drivers/STM32WBxx_HAL_Driver/Src/stm32wbxx_hal_rcc.c **** 
  58:Drivers/STM32WBxx_HAL_Driver/Src/stm32wbxx_hal_rcc.c **** /** @defgroup RCC RCC
  59:Drivers/STM32WBxx_HAL_Driver/Src/stm32wbxx_hal_rcc.c ****   * @brief RCC HAL module driver
  60:Drivers/STM32WBxx_HAL_Driver/Src/stm32wbxx_hal_rcc.c ****   * @{
  61:Drivers/STM32WBxx_HAL_Driver/Src/stm32wbxx_hal_rcc.c ****   */
  62:Drivers/STM32WBxx_HAL_Driver/Src/stm32wbxx_hal_rcc.c **** 
  63:Drivers/STM32WBxx_HAL_Driver/Src/stm32wbxx_hal_rcc.c **** #ifdef HAL_RCC_MODULE_ENABLED
  64:Drivers/STM32WBxx_HAL_Driver/Src/stm32wbxx_hal_rcc.c **** 
  65:Drivers/STM32WBxx_HAL_Driver/Src/stm32wbxx_hal_rcc.c **** /* Private typedef -----------------------------------------------------------*/
  66:Drivers/STM32WBxx_HAL_Driver/Src/stm32wbxx_hal_rcc.c **** /* Private define ------------------------------------------------------------*/
  67:Drivers/STM32WBxx_HAL_Driver/Src/stm32wbxx_hal_rcc.c **** /** @defgroup RCC_Private_Constants RCC Private Constants
  68:Drivers/STM32WBxx_HAL_Driver/Src/stm32wbxx_hal_rcc.c ****   * @{
  69:Drivers/STM32WBxx_HAL_Driver/Src/stm32wbxx_hal_rcc.c ****   */
  70:Drivers/STM32WBxx_HAL_Driver/Src/stm32wbxx_hal_rcc.c **** #define HSE_TIMEOUT_VALUE          HSE_STARTUP_TIMEOUT
  71:Drivers/STM32WBxx_HAL_Driver/Src/stm32wbxx_hal_rcc.c **** #define HSI_TIMEOUT_VALUE          (2U)    /* 2 ms (minimum Tick + 1)   */
  72:Drivers/STM32WBxx_HAL_Driver/Src/stm32wbxx_hal_rcc.c **** #define MSI_TIMEOUT_VALUE          (2U)    /* 2 ms (minimum Tick + 1)   */
  73:Drivers/STM32WBxx_HAL_Driver/Src/stm32wbxx_hal_rcc.c **** #define LSI1_TIMEOUT_VALUE         (2U)    /* 2 ms (minimum Tick + 1)   */
  74:Drivers/STM32WBxx_HAL_Driver/Src/stm32wbxx_hal_rcc.c **** #define LSI2_TIMEOUT_VALUE         (3U)    /* to be adjusted with DS    */
  75:Drivers/STM32WBxx_HAL_Driver/Src/stm32wbxx_hal_rcc.c **** #define HSI48_TIMEOUT_VALUE        (2U)    /* 2 ms (minimum Tick + 1)   */
  76:Drivers/STM32WBxx_HAL_Driver/Src/stm32wbxx_hal_rcc.c **** #define PLL_TIMEOUT_VALUE          (2U)    /* 2 ms (minimum Tick + 1)   */
  77:Drivers/STM32WBxx_HAL_Driver/Src/stm32wbxx_hal_rcc.c **** #if defined(SAI1)
  78:Drivers/STM32WBxx_HAL_Driver/Src/stm32wbxx_hal_rcc.c **** #define PLLSAI1_TIMEOUT_VALUE      (2U)    /* 2 ms (minimum Tick + 1)   */
  79:Drivers/STM32WBxx_HAL_Driver/Src/stm32wbxx_hal_rcc.c **** #endif /* SAI1 */
  80:Drivers/STM32WBxx_HAL_Driver/Src/stm32wbxx_hal_rcc.c **** #define PRESCALER_TIMEOUT_VALUE    (2U)    /* 2 ms (minimum Tick + 1)   */
  81:Drivers/STM32WBxx_HAL_Driver/Src/stm32wbxx_hal_rcc.c **** #define LATENCY_TIMEOUT_VALUE      (2U)    /* 2 ms (minimum Tick + 1)   */
  82:Drivers/STM32WBxx_HAL_Driver/Src/stm32wbxx_hal_rcc.c **** #define CLOCKSWITCH_TIMEOUT_VALUE  (5000U) /* 5 s                       */
  83:Drivers/STM32WBxx_HAL_Driver/Src/stm32wbxx_hal_rcc.c **** 
  84:Drivers/STM32WBxx_HAL_Driver/Src/stm32wbxx_hal_rcc.c **** #define PLLSOURCE_NONE             (0U)
  85:Drivers/STM32WBxx_HAL_Driver/Src/stm32wbxx_hal_rcc.c **** #define MEGA_HZ                    (1000000U) /* Division factor to convert Hz in Mhz */
  86:Drivers/STM32WBxx_HAL_Driver/Src/stm32wbxx_hal_rcc.c **** /**
  87:Drivers/STM32WBxx_HAL_Driver/Src/stm32wbxx_hal_rcc.c ****   * @}
ARM GAS  C:\Users\843E~1\AppData\Local\Temp\cc5PNIRY.s 			page 3


  88:Drivers/STM32WBxx_HAL_Driver/Src/stm32wbxx_hal_rcc.c ****   */
  89:Drivers/STM32WBxx_HAL_Driver/Src/stm32wbxx_hal_rcc.c **** 
  90:Drivers/STM32WBxx_HAL_Driver/Src/stm32wbxx_hal_rcc.c **** /* Private macro -------------------------------------------------------------*/
  91:Drivers/STM32WBxx_HAL_Driver/Src/stm32wbxx_hal_rcc.c **** /** @defgroup RCC_Private_Macros RCC Private Macros
  92:Drivers/STM32WBxx_HAL_Driver/Src/stm32wbxx_hal_rcc.c ****   * @{
  93:Drivers/STM32WBxx_HAL_Driver/Src/stm32wbxx_hal_rcc.c ****   */
  94:Drivers/STM32WBxx_HAL_Driver/Src/stm32wbxx_hal_rcc.c **** 
  95:Drivers/STM32WBxx_HAL_Driver/Src/stm32wbxx_hal_rcc.c **** #define RCC_GET_MCO_GPIO_PIN(__RCC_MCOx__)   ((__RCC_MCOx__) & GPIO_PIN_MASK)
  96:Drivers/STM32WBxx_HAL_Driver/Src/stm32wbxx_hal_rcc.c **** 
  97:Drivers/STM32WBxx_HAL_Driver/Src/stm32wbxx_hal_rcc.c **** #define RCC_GET_MCO_GPIO_AF(__RCC_MCOx__)    (((__RCC_MCOx__) & RCC_MCO_GPIOAF_MASK) >> RCC_MCO_GPI
  98:Drivers/STM32WBxx_HAL_Driver/Src/stm32wbxx_hal_rcc.c **** 
  99:Drivers/STM32WBxx_HAL_Driver/Src/stm32wbxx_hal_rcc.c **** #define RCC_GET_MCO_GPIO_INDEX(__RCC_MCOx__) (((__RCC_MCOx__) & RCC_MCO_GPIOPORT_MASK) >> RCC_MCO_G
 100:Drivers/STM32WBxx_HAL_Driver/Src/stm32wbxx_hal_rcc.c **** 
 101:Drivers/STM32WBxx_HAL_Driver/Src/stm32wbxx_hal_rcc.c **** #define RCC_GET_MCO_GPIO_PORT(__RCC_MCOx__)  (IOPORT_BASE + ((0x00000400UL) * RCC_GET_MCO_GPIO_INDE
 102:Drivers/STM32WBxx_HAL_Driver/Src/stm32wbxx_hal_rcc.c **** 
 103:Drivers/STM32WBxx_HAL_Driver/Src/stm32wbxx_hal_rcc.c **** #define RCC_PLL_OSCSOURCE_CONFIG(__HAL_RCC_PLLSOURCE__) \
 104:Drivers/STM32WBxx_HAL_Driver/Src/stm32wbxx_hal_rcc.c ****   (MODIFY_REG(RCC->PLLCFGR, RCC_PLLCFGR_PLLSRC, (uint32_t)(__HAL_RCC_PLLSOURCE__)))
 105:Drivers/STM32WBxx_HAL_Driver/Src/stm32wbxx_hal_rcc.c **** 
 106:Drivers/STM32WBxx_HAL_Driver/Src/stm32wbxx_hal_rcc.c **** #define __COUNTOF(_A_)   (sizeof(_A_) / sizeof(*(_A_)))
 107:Drivers/STM32WBxx_HAL_Driver/Src/stm32wbxx_hal_rcc.c **** /**
 108:Drivers/STM32WBxx_HAL_Driver/Src/stm32wbxx_hal_rcc.c ****   * @}
 109:Drivers/STM32WBxx_HAL_Driver/Src/stm32wbxx_hal_rcc.c ****   */
 110:Drivers/STM32WBxx_HAL_Driver/Src/stm32wbxx_hal_rcc.c **** 
 111:Drivers/STM32WBxx_HAL_Driver/Src/stm32wbxx_hal_rcc.c **** /* Private variables ---------------------------------------------------------*/
 112:Drivers/STM32WBxx_HAL_Driver/Src/stm32wbxx_hal_rcc.c **** /** @defgroup RCC_Private_Variables RCC Private Variables
 113:Drivers/STM32WBxx_HAL_Driver/Src/stm32wbxx_hal_rcc.c ****   * @{
 114:Drivers/STM32WBxx_HAL_Driver/Src/stm32wbxx_hal_rcc.c ****   */
 115:Drivers/STM32WBxx_HAL_Driver/Src/stm32wbxx_hal_rcc.c **** 
 116:Drivers/STM32WBxx_HAL_Driver/Src/stm32wbxx_hal_rcc.c **** 
 117:Drivers/STM32WBxx_HAL_Driver/Src/stm32wbxx_hal_rcc.c **** /**
 118:Drivers/STM32WBxx_HAL_Driver/Src/stm32wbxx_hal_rcc.c ****   * @}
 119:Drivers/STM32WBxx_HAL_Driver/Src/stm32wbxx_hal_rcc.c ****   */
 120:Drivers/STM32WBxx_HAL_Driver/Src/stm32wbxx_hal_rcc.c **** 
 121:Drivers/STM32WBxx_HAL_Driver/Src/stm32wbxx_hal_rcc.c **** /* Private function prototypes -----------------------------------------------*/
 122:Drivers/STM32WBxx_HAL_Driver/Src/stm32wbxx_hal_rcc.c **** /** @defgroup RCC_Private_Functions RCC Private Functions
 123:Drivers/STM32WBxx_HAL_Driver/Src/stm32wbxx_hal_rcc.c ****   * @{
 124:Drivers/STM32WBxx_HAL_Driver/Src/stm32wbxx_hal_rcc.c ****   */
 125:Drivers/STM32WBxx_HAL_Driver/Src/stm32wbxx_hal_rcc.c **** static HAL_StatusTypeDef RCC_SetFlashLatencyFromMSIRange(uint32_t MSI_Range);
 126:Drivers/STM32WBxx_HAL_Driver/Src/stm32wbxx_hal_rcc.c **** static HAL_StatusTypeDef RCC_SetFlashLatency(uint32_t Flash_ClkSrcFreq, uint32_t VCORE_Voltage);
 127:Drivers/STM32WBxx_HAL_Driver/Src/stm32wbxx_hal_rcc.c **** /**
 128:Drivers/STM32WBxx_HAL_Driver/Src/stm32wbxx_hal_rcc.c ****   * @}
 129:Drivers/STM32WBxx_HAL_Driver/Src/stm32wbxx_hal_rcc.c ****   */
 130:Drivers/STM32WBxx_HAL_Driver/Src/stm32wbxx_hal_rcc.c **** 
 131:Drivers/STM32WBxx_HAL_Driver/Src/stm32wbxx_hal_rcc.c **** /* Exported functions --------------------------------------------------------*/
 132:Drivers/STM32WBxx_HAL_Driver/Src/stm32wbxx_hal_rcc.c **** 
 133:Drivers/STM32WBxx_HAL_Driver/Src/stm32wbxx_hal_rcc.c **** /** @defgroup RCC_Exported_Functions RCC Exported Functions
 134:Drivers/STM32WBxx_HAL_Driver/Src/stm32wbxx_hal_rcc.c ****   * @{
 135:Drivers/STM32WBxx_HAL_Driver/Src/stm32wbxx_hal_rcc.c ****   */
 136:Drivers/STM32WBxx_HAL_Driver/Src/stm32wbxx_hal_rcc.c **** 
 137:Drivers/STM32WBxx_HAL_Driver/Src/stm32wbxx_hal_rcc.c **** /** @defgroup RCC_Exported_Functions_Group1 Initialization and de-initialization functions
 138:Drivers/STM32WBxx_HAL_Driver/Src/stm32wbxx_hal_rcc.c ****   *  @brief    Initialization and Configuration functions
 139:Drivers/STM32WBxx_HAL_Driver/Src/stm32wbxx_hal_rcc.c ****   *
 140:Drivers/STM32WBxx_HAL_Driver/Src/stm32wbxx_hal_rcc.c ****   @verbatim
 141:Drivers/STM32WBxx_HAL_Driver/Src/stm32wbxx_hal_rcc.c ****  ===============================================================================
 142:Drivers/STM32WBxx_HAL_Driver/Src/stm32wbxx_hal_rcc.c ****            ##### Initialization and de-initialization functions #####
 143:Drivers/STM32WBxx_HAL_Driver/Src/stm32wbxx_hal_rcc.c ****  ===============================================================================
 144:Drivers/STM32WBxx_HAL_Driver/Src/stm32wbxx_hal_rcc.c ****     [..]
ARM GAS  C:\Users\843E~1\AppData\Local\Temp\cc5PNIRY.s 			page 4


 145:Drivers/STM32WBxx_HAL_Driver/Src/stm32wbxx_hal_rcc.c ****       This section provides functions allowing to configure the internal and external oscillators
 146:Drivers/STM32WBxx_HAL_Driver/Src/stm32wbxx_hal_rcc.c ****       (HSE, HSI, LSE, MSI, LSI1, LSI2, PLL, CSS and MCO) and the System buses clocks (SYSCLK, HCLK1
 147:Drivers/STM32WBxx_HAL_Driver/Src/stm32wbxx_hal_rcc.c ****        and PCLK2).
 148:Drivers/STM32WBxx_HAL_Driver/Src/stm32wbxx_hal_rcc.c **** 
 149:Drivers/STM32WBxx_HAL_Driver/Src/stm32wbxx_hal_rcc.c ****     [..] Internal/external clock and PLL configuration
 150:Drivers/STM32WBxx_HAL_Driver/Src/stm32wbxx_hal_rcc.c ****          (+) HSI (high-speed internal): 16 MHz factory-trimmed RC used directly or through
 151:Drivers/STM32WBxx_HAL_Driver/Src/stm32wbxx_hal_rcc.c ****              the PLL as System clock source.
 152:Drivers/STM32WBxx_HAL_Driver/Src/stm32wbxx_hal_rcc.c **** 
 153:Drivers/STM32WBxx_HAL_Driver/Src/stm32wbxx_hal_rcc.c ****          (+) MSI (Multiple Speed Internal): Its frequency is software trimmable from 100KHZ to 48MH
 154:Drivers/STM32WBxx_HAL_Driver/Src/stm32wbxx_hal_rcc.c ****              It can be used to generate the clock for the USB FS (48 MHz).
 155:Drivers/STM32WBxx_HAL_Driver/Src/stm32wbxx_hal_rcc.c ****              The number of flash wait states is automatically adjusted when MSI range is updated wi
 156:Drivers/STM32WBxx_HAL_Driver/Src/stm32wbxx_hal_rcc.c ****              HAL_RCC_OscConfig() and the MSI is used as System clock source.
 157:Drivers/STM32WBxx_HAL_Driver/Src/stm32wbxx_hal_rcc.c **** 
 158:Drivers/STM32WBxx_HAL_Driver/Src/stm32wbxx_hal_rcc.c ****          (+) LSI1/LSI2 (low-speed internal): 32 KHz low consumption RC used as IWDG and/or RTC
 159:Drivers/STM32WBxx_HAL_Driver/Src/stm32wbxx_hal_rcc.c ****              clock source.
 160:Drivers/STM32WBxx_HAL_Driver/Src/stm32wbxx_hal_rcc.c **** 
 161:Drivers/STM32WBxx_HAL_Driver/Src/stm32wbxx_hal_rcc.c ****          (+) HSE (high-speed external): 32 MHz crystal oscillator used directly or
 162:Drivers/STM32WBxx_HAL_Driver/Src/stm32wbxx_hal_rcc.c ****              through the PLL as System clock source. Can be used also optionally as RTC clock sourc
 163:Drivers/STM32WBxx_HAL_Driver/Src/stm32wbxx_hal_rcc.c **** 
 164:Drivers/STM32WBxx_HAL_Driver/Src/stm32wbxx_hal_rcc.c ****          (+) LSE (low-speed external): 32.768 KHz oscillator used optionally as RTC clock source
 165:Drivers/STM32WBxx_HAL_Driver/Src/stm32wbxx_hal_rcc.c ****              or the RF system Auto-wakeup from Stop and Standby modes.
 166:Drivers/STM32WBxx_HAL_Driver/Src/stm32wbxx_hal_rcc.c **** 
 167:Drivers/STM32WBxx_HAL_Driver/Src/stm32wbxx_hal_rcc.c ****          (+) PLL (clocked by HSI, HSE or MSI) providing up to three independent output clocks:
 168:Drivers/STM32WBxx_HAL_Driver/Src/stm32wbxx_hal_rcc.c ****            (++) The first output is used to generate the high speed system clock (up to 64MHz).
 169:Drivers/STM32WBxx_HAL_Driver/Src/stm32wbxx_hal_rcc.c ****            (++) The second output is used to generate the clock for the USB FS (48 MHz),
 170:Drivers/STM32WBxx_HAL_Driver/Src/stm32wbxx_hal_rcc.c ****                 the random analog generator (<=48 MHz)
 171:Drivers/STM32WBxx_HAL_Driver/Src/stm32wbxx_hal_rcc.c ****            (++) The third output is used to generate an accurate clock to achieve
 172:Drivers/STM32WBxx_HAL_Driver/Src/stm32wbxx_hal_rcc.c ****                 high-quality audio performance on SAI interface.
 173:Drivers/STM32WBxx_HAL_Driver/Src/stm32wbxx_hal_rcc.c **** 
 174:Drivers/STM32WBxx_HAL_Driver/Src/stm32wbxx_hal_rcc.c ****          (+) PLLSAI1 (clocked by HSI, HSE or MSI) providing up to three independent output clocks:
 175:Drivers/STM32WBxx_HAL_Driver/Src/stm32wbxx_hal_rcc.c ****            (++) The first output is used to generate SAR ADC clock.
 176:Drivers/STM32WBxx_HAL_Driver/Src/stm32wbxx_hal_rcc.c ****            (++) The second output is used to generate the clock for the USB FS (48 MHz),
 177:Drivers/STM32WBxx_HAL_Driver/Src/stm32wbxx_hal_rcc.c ****                 the random analog generator (<=48 MHz).
 178:Drivers/STM32WBxx_HAL_Driver/Src/stm32wbxx_hal_rcc.c ****            (++) The Third output is used to generate an accurate clock to achieve
 179:Drivers/STM32WBxx_HAL_Driver/Src/stm32wbxx_hal_rcc.c ****                 high-quality audio performance on SAI interface.
 180:Drivers/STM32WBxx_HAL_Driver/Src/stm32wbxx_hal_rcc.c **** 
 181:Drivers/STM32WBxx_HAL_Driver/Src/stm32wbxx_hal_rcc.c **** 
 182:Drivers/STM32WBxx_HAL_Driver/Src/stm32wbxx_hal_rcc.c ****          (+) CSS (Clock security system): once enabled, if a HSE clock failure occurs
 183:Drivers/STM32WBxx_HAL_Driver/Src/stm32wbxx_hal_rcc.c ****             (HSE used directly or through PLL as System clock source), the System clock
 184:Drivers/STM32WBxx_HAL_Driver/Src/stm32wbxx_hal_rcc.c ****              is automatically switched to MSI or the HSI oscillator (depending on the
 185:Drivers/STM32WBxx_HAL_Driver/Src/stm32wbxx_hal_rcc.c ****              STOPWUCK configuration) and an interrupt is generated if enabled.
 186:Drivers/STM32WBxx_HAL_Driver/Src/stm32wbxx_hal_rcc.c ****              The interrupt is linked to the CPU1 and CPU2 NMI (Non-Maskable Interrupt) exception ve
 187:Drivers/STM32WBxx_HAL_Driver/Src/stm32wbxx_hal_rcc.c **** 
 188:Drivers/STM32WBxx_HAL_Driver/Src/stm32wbxx_hal_rcc.c ****          (+) LSECSS: once enabled, if a LSE clock failure occurs, the LSE
 189:Drivers/STM32WBxx_HAL_Driver/Src/stm32wbxx_hal_rcc.c ****              clock is no longer supplied to the RTC but no hardware action is made to the registers
 190:Drivers/STM32WBxx_HAL_Driver/Src/stm32wbxx_hal_rcc.c ****              MSI was in PLL-mode, this mode is disabled.
 191:Drivers/STM32WBxx_HAL_Driver/Src/stm32wbxx_hal_rcc.c ****              In Standby mode a wakeup is generated. In other modes an interrupt can be sent to wake
 192:Drivers/STM32WBxx_HAL_Driver/Src/stm32wbxx_hal_rcc.c ****              the software
 193:Drivers/STM32WBxx_HAL_Driver/Src/stm32wbxx_hal_rcc.c **** 
 194:Drivers/STM32WBxx_HAL_Driver/Src/stm32wbxx_hal_rcc.c ****          (+) MCO (microcontroller clock output): used to output MSI, LSI1, LSI2, HSI, LSE, HSE (bef
 195:Drivers/STM32WBxx_HAL_Driver/Src/stm32wbxx_hal_rcc.c ****              after stabilization), SYSCLK, HSI48 or main PLL clock (through a configurable prescale
 196:Drivers/STM32WBxx_HAL_Driver/Src/stm32wbxx_hal_rcc.c ****              on PA8, PB6 & PA15 pins.
 197:Drivers/STM32WBxx_HAL_Driver/Src/stm32wbxx_hal_rcc.c **** 
 198:Drivers/STM32WBxx_HAL_Driver/Src/stm32wbxx_hal_rcc.c ****     [..] System, AHB and APB buses clocks configuration
 199:Drivers/STM32WBxx_HAL_Driver/Src/stm32wbxx_hal_rcc.c ****          (+) Several clock sources can be used to drive the System clock (SYSCLK): MSI, HSI,
 200:Drivers/STM32WBxx_HAL_Driver/Src/stm32wbxx_hal_rcc.c ****              HSE and main PLL.
 201:Drivers/STM32WBxx_HAL_Driver/Src/stm32wbxx_hal_rcc.c ****              The AHB clock (HCLK1) is derived from System clock through configurable
ARM GAS  C:\Users\843E~1\AppData\Local\Temp\cc5PNIRY.s 			page 5


 202:Drivers/STM32WBxx_HAL_Driver/Src/stm32wbxx_hal_rcc.c ****              prescaler and used to clock the CPU, memory and peripherals mapped
 203:Drivers/STM32WBxx_HAL_Driver/Src/stm32wbxx_hal_rcc.c ****              on AHB bus (DMA, GPIO...). APB1 (PCLK1) and APB2 (PCLK2) clocks are derived
 204:Drivers/STM32WBxx_HAL_Driver/Src/stm32wbxx_hal_rcc.c ****              from AHB clock through configurable prescalers and used to clock
 205:Drivers/STM32WBxx_HAL_Driver/Src/stm32wbxx_hal_rcc.c ****              the peripherals mapped on these buses. You can use
 206:Drivers/STM32WBxx_HAL_Driver/Src/stm32wbxx_hal_rcc.c ****              HAL_RCC_GetSysClockFreq() function to retrieve the frequencies of these clocks.
 207:Drivers/STM32WBxx_HAL_Driver/Src/stm32wbxx_hal_rcc.c ****              The AHB4 clock (HCLK4) is derived from System clock through configurable
 208:Drivers/STM32WBxx_HAL_Driver/Src/stm32wbxx_hal_rcc.c ****              prescaler and used to clock the FLASH
 209:Drivers/STM32WBxx_HAL_Driver/Src/stm32wbxx_hal_rcc.c **** 
 210:Drivers/STM32WBxx_HAL_Driver/Src/stm32wbxx_hal_rcc.c ****          -@- All the peripheral clocks are derived from the System clock (SYSCLK) except:
 211:Drivers/STM32WBxx_HAL_Driver/Src/stm32wbxx_hal_rcc.c **** 
 212:Drivers/STM32WBxx_HAL_Driver/Src/stm32wbxx_hal_rcc.c ****            (+@) SAI: the SAI clock can be derived either from a specific PLL (PLLSAI1) or (PLLSYS) 
 213:Drivers/STM32WBxx_HAL_Driver/Src/stm32wbxx_hal_rcc.c ****                 from an external clock mapped on the SAI_CKIN pin.
 214:Drivers/STM32WBxx_HAL_Driver/Src/stm32wbxx_hal_rcc.c ****                 You have to use HAL_RCCEx_PeriphCLKConfig() function to configure this clock.
 215:Drivers/STM32WBxx_HAL_Driver/Src/stm32wbxx_hal_rcc.c ****            (+@) RTC: the RTC clock can be derived either from the LSI, LSE or HSE clock
 216:Drivers/STM32WBxx_HAL_Driver/Src/stm32wbxx_hal_rcc.c ****                 divided by 32.
 217:Drivers/STM32WBxx_HAL_Driver/Src/stm32wbxx_hal_rcc.c ****                 You have to use __HAL_RCC_RTC_ENABLE() and HAL_RCCEx_PeriphCLKConfig() function
 218:Drivers/STM32WBxx_HAL_Driver/Src/stm32wbxx_hal_rcc.c ****                 to configure this clock.
 219:Drivers/STM32WBxx_HAL_Driver/Src/stm32wbxx_hal_rcc.c ****            (+@) USB FS and RNG: USB FS requires a frequency equal to 48 MHz
 220:Drivers/STM32WBxx_HAL_Driver/Src/stm32wbxx_hal_rcc.c ****                 to work correctly, while RNG peripherals requires a frequency
 221:Drivers/STM32WBxx_HAL_Driver/Src/stm32wbxx_hal_rcc.c ****                 equal or lower than to 48 MHz. This clock is derived of the main PLL or PLLSAI1
 222:Drivers/STM32WBxx_HAL_Driver/Src/stm32wbxx_hal_rcc.c ****                 through PLLQ divider. You have to enable the peripheral clock and use
 223:Drivers/STM32WBxx_HAL_Driver/Src/stm32wbxx_hal_rcc.c ****                 HAL_RCCEx_PeriphCLKConfig() function to configure this clock.
 224:Drivers/STM32WBxx_HAL_Driver/Src/stm32wbxx_hal_rcc.c ****            (+@) IWDG clock which is always the LSI clock.
 225:Drivers/STM32WBxx_HAL_Driver/Src/stm32wbxx_hal_rcc.c **** 
 226:Drivers/STM32WBxx_HAL_Driver/Src/stm32wbxx_hal_rcc.c **** 
 227:Drivers/STM32WBxx_HAL_Driver/Src/stm32wbxx_hal_rcc.c ****          (+) The maximum frequency of the SYSCLK, HCLK1, HCLK4, PCLK1 and PCLK2 is 64 MHz.
 228:Drivers/STM32WBxx_HAL_Driver/Src/stm32wbxx_hal_rcc.c ****              The maximum frequency of the HCLK2 is 32 MHz.
 229:Drivers/STM32WBxx_HAL_Driver/Src/stm32wbxx_hal_rcc.c ****              The clock source frequency should be adapted depending on the device voltage range
 230:Drivers/STM32WBxx_HAL_Driver/Src/stm32wbxx_hal_rcc.c ****              as listed in the Reference Manual "Clock source frequency versus voltage scaling" chap
 231:Drivers/STM32WBxx_HAL_Driver/Src/stm32wbxx_hal_rcc.c **** 
 232:Drivers/STM32WBxx_HAL_Driver/Src/stm32wbxx_hal_rcc.c ****   @endverbatim
 233:Drivers/STM32WBxx_HAL_Driver/Src/stm32wbxx_hal_rcc.c **** 
 234:Drivers/STM32WBxx_HAL_Driver/Src/stm32wbxx_hal_rcc.c ****            Table 1. HCLK4 clock frequency.
 235:Drivers/STM32WBxx_HAL_Driver/Src/stm32wbxx_hal_rcc.c ****            +-------------------------------------------------------+
 236:Drivers/STM32WBxx_HAL_Driver/Src/stm32wbxx_hal_rcc.c ****            | Latency         |    HCLK4 clock frequency (MHz)      |
 237:Drivers/STM32WBxx_HAL_Driver/Src/stm32wbxx_hal_rcc.c ****            |                 |-------------------------------------|
 238:Drivers/STM32WBxx_HAL_Driver/Src/stm32wbxx_hal_rcc.c ****            |                 | voltage range 1  | voltage range 2  |
 239:Drivers/STM32WBxx_HAL_Driver/Src/stm32wbxx_hal_rcc.c ****            |                 |      1.2 V       |     1.0 V        |
 240:Drivers/STM32WBxx_HAL_Driver/Src/stm32wbxx_hal_rcc.c ****            |-----------------|------------------|------------------|
 241:Drivers/STM32WBxx_HAL_Driver/Src/stm32wbxx_hal_rcc.c ****            |0WS(1 CPU cycles)|   HCLK4 <= 18    |   HCLK4 <= 6     |
 242:Drivers/STM32WBxx_HAL_Driver/Src/stm32wbxx_hal_rcc.c ****            |-----------------|------------------|------------------|
 243:Drivers/STM32WBxx_HAL_Driver/Src/stm32wbxx_hal_rcc.c ****            |1WS(2 CPU cycles)|   HCLK4 <= 36    |   HCLK4 <= 12    |
 244:Drivers/STM32WBxx_HAL_Driver/Src/stm32wbxx_hal_rcc.c ****            |-----------------|------------------|------------------|
 245:Drivers/STM32WBxx_HAL_Driver/Src/stm32wbxx_hal_rcc.c ****            |2WS(3 CPU cycles)|   HCLK4 <= 54    |   HCLK4 <= 16    |
 246:Drivers/STM32WBxx_HAL_Driver/Src/stm32wbxx_hal_rcc.c ****            |-----------------|------------------|------------------|
 247:Drivers/STM32WBxx_HAL_Driver/Src/stm32wbxx_hal_rcc.c ****            |3WS(4 CPU cycles)|   HCLK4 <= 64    |   HCLK4 <= n.a.  |
 248:Drivers/STM32WBxx_HAL_Driver/Src/stm32wbxx_hal_rcc.c ****            |-----------------|------------------|------------------|
 249:Drivers/STM32WBxx_HAL_Driver/Src/stm32wbxx_hal_rcc.c **** 
 250:Drivers/STM32WBxx_HAL_Driver/Src/stm32wbxx_hal_rcc.c ****   * @{
 251:Drivers/STM32WBxx_HAL_Driver/Src/stm32wbxx_hal_rcc.c ****   */
 252:Drivers/STM32WBxx_HAL_Driver/Src/stm32wbxx_hal_rcc.c **** 
 253:Drivers/STM32WBxx_HAL_Driver/Src/stm32wbxx_hal_rcc.c **** /**
 254:Drivers/STM32WBxx_HAL_Driver/Src/stm32wbxx_hal_rcc.c ****   * @brief  Reset the RCC clock configuration to the default reset state.
 255:Drivers/STM32WBxx_HAL_Driver/Src/stm32wbxx_hal_rcc.c ****   * @note   The default reset state of the clock configuration is given below:
 256:Drivers/STM32WBxx_HAL_Driver/Src/stm32wbxx_hal_rcc.c ****   *           - MSI ON and used as system clock source
 257:Drivers/STM32WBxx_HAL_Driver/Src/stm32wbxx_hal_rcc.c ****   *           - HSE, HSI, PLL, PLLSAI1
 258:Drivers/STM32WBxx_HAL_Driver/Src/stm32wbxx_hal_rcc.c ****   *           - HCLK1, HCLK2, HCLK4, PCLK1 and PCLK2 prescalers set to 1.
ARM GAS  C:\Users\843E~1\AppData\Local\Temp\cc5PNIRY.s 			page 6


 259:Drivers/STM32WBxx_HAL_Driver/Src/stm32wbxx_hal_rcc.c ****   *           - CSS, MCO OFF
 260:Drivers/STM32WBxx_HAL_Driver/Src/stm32wbxx_hal_rcc.c ****   *           - All interrupts disabled
 261:Drivers/STM32WBxx_HAL_Driver/Src/stm32wbxx_hal_rcc.c ****   * @note   This function doesn't modify the configuration of the
 262:Drivers/STM32WBxx_HAL_Driver/Src/stm32wbxx_hal_rcc.c ****   *           - Peripheral clocks
 263:Drivers/STM32WBxx_HAL_Driver/Src/stm32wbxx_hal_rcc.c ****   *           - LSI, LSE and RTC clocks
 264:Drivers/STM32WBxx_HAL_Driver/Src/stm32wbxx_hal_rcc.c ****   * @retval HAL status
 265:Drivers/STM32WBxx_HAL_Driver/Src/stm32wbxx_hal_rcc.c ****   */
 266:Drivers/STM32WBxx_HAL_Driver/Src/stm32wbxx_hal_rcc.c **** HAL_StatusTypeDef HAL_RCC_DeInit(void)
 267:Drivers/STM32WBxx_HAL_Driver/Src/stm32wbxx_hal_rcc.c **** {
 268:Drivers/STM32WBxx_HAL_Driver/Src/stm32wbxx_hal_rcc.c ****   uint32_t tickstart;
 269:Drivers/STM32WBxx_HAL_Driver/Src/stm32wbxx_hal_rcc.c **** 
 270:Drivers/STM32WBxx_HAL_Driver/Src/stm32wbxx_hal_rcc.c ****   /* Get Start Tick*/
 271:Drivers/STM32WBxx_HAL_Driver/Src/stm32wbxx_hal_rcc.c ****   tickstart = HAL_GetTick();
 272:Drivers/STM32WBxx_HAL_Driver/Src/stm32wbxx_hal_rcc.c **** 
 273:Drivers/STM32WBxx_HAL_Driver/Src/stm32wbxx_hal_rcc.c ****   /* MSI PLL OFF */
 274:Drivers/STM32WBxx_HAL_Driver/Src/stm32wbxx_hal_rcc.c ****   LL_RCC_MSI_DisablePLLMode();
 275:Drivers/STM32WBxx_HAL_Driver/Src/stm32wbxx_hal_rcc.c **** 
 276:Drivers/STM32WBxx_HAL_Driver/Src/stm32wbxx_hal_rcc.c ****   /* Set MSION bit */
 277:Drivers/STM32WBxx_HAL_Driver/Src/stm32wbxx_hal_rcc.c ****   LL_RCC_MSI_Enable();
 278:Drivers/STM32WBxx_HAL_Driver/Src/stm32wbxx_hal_rcc.c **** 
 279:Drivers/STM32WBxx_HAL_Driver/Src/stm32wbxx_hal_rcc.c ****   /* Wait till MSI is ready */
 280:Drivers/STM32WBxx_HAL_Driver/Src/stm32wbxx_hal_rcc.c ****   while (LL_RCC_MSI_IsReady() == 0U)
 281:Drivers/STM32WBxx_HAL_Driver/Src/stm32wbxx_hal_rcc.c ****   {
 282:Drivers/STM32WBxx_HAL_Driver/Src/stm32wbxx_hal_rcc.c ****     if ((HAL_GetTick() - tickstart) > MSI_TIMEOUT_VALUE)
 283:Drivers/STM32WBxx_HAL_Driver/Src/stm32wbxx_hal_rcc.c ****     {
 284:Drivers/STM32WBxx_HAL_Driver/Src/stm32wbxx_hal_rcc.c ****       return HAL_TIMEOUT;
 285:Drivers/STM32WBxx_HAL_Driver/Src/stm32wbxx_hal_rcc.c ****     }
 286:Drivers/STM32WBxx_HAL_Driver/Src/stm32wbxx_hal_rcc.c ****   }
 287:Drivers/STM32WBxx_HAL_Driver/Src/stm32wbxx_hal_rcc.c **** 
 288:Drivers/STM32WBxx_HAL_Driver/Src/stm32wbxx_hal_rcc.c ****   /* Set MSIRANGE default value */
 289:Drivers/STM32WBxx_HAL_Driver/Src/stm32wbxx_hal_rcc.c ****   LL_RCC_MSI_SetRange(LL_RCC_MSIRANGE_6);
 290:Drivers/STM32WBxx_HAL_Driver/Src/stm32wbxx_hal_rcc.c **** 
 291:Drivers/STM32WBxx_HAL_Driver/Src/stm32wbxx_hal_rcc.c ****   /* Set MSITRIM bits to the reset value*/
 292:Drivers/STM32WBxx_HAL_Driver/Src/stm32wbxx_hal_rcc.c ****   LL_RCC_MSI_SetCalibTrimming(0);
 293:Drivers/STM32WBxx_HAL_Driver/Src/stm32wbxx_hal_rcc.c **** 
 294:Drivers/STM32WBxx_HAL_Driver/Src/stm32wbxx_hal_rcc.c ****   /* Set HSITRIM bits to the reset value*/
 295:Drivers/STM32WBxx_HAL_Driver/Src/stm32wbxx_hal_rcc.c ****   LL_RCC_HSI_SetCalibTrimming(0x40U);
 296:Drivers/STM32WBxx_HAL_Driver/Src/stm32wbxx_hal_rcc.c **** 
 297:Drivers/STM32WBxx_HAL_Driver/Src/stm32wbxx_hal_rcc.c ****   /* Get Start Tick*/
 298:Drivers/STM32WBxx_HAL_Driver/Src/stm32wbxx_hal_rcc.c ****   tickstart = HAL_GetTick();
 299:Drivers/STM32WBxx_HAL_Driver/Src/stm32wbxx_hal_rcc.c **** 
 300:Drivers/STM32WBxx_HAL_Driver/Src/stm32wbxx_hal_rcc.c ****   /* Reset CFGR register (MSI is selected as system clock source) */
 301:Drivers/STM32WBxx_HAL_Driver/Src/stm32wbxx_hal_rcc.c ****   CLEAR_REG(RCC->CFGR);
 302:Drivers/STM32WBxx_HAL_Driver/Src/stm32wbxx_hal_rcc.c **** 
 303:Drivers/STM32WBxx_HAL_Driver/Src/stm32wbxx_hal_rcc.c ****   /* Wait till MSI is ready */
 304:Drivers/STM32WBxx_HAL_Driver/Src/stm32wbxx_hal_rcc.c ****   while (READ_BIT(RCC->CFGR, RCC_CFGR_SWS) != 0U)
 305:Drivers/STM32WBxx_HAL_Driver/Src/stm32wbxx_hal_rcc.c ****   {
 306:Drivers/STM32WBxx_HAL_Driver/Src/stm32wbxx_hal_rcc.c ****     if ((HAL_GetTick() - tickstart) > CLOCKSWITCH_TIMEOUT_VALUE)
 307:Drivers/STM32WBxx_HAL_Driver/Src/stm32wbxx_hal_rcc.c ****     {
 308:Drivers/STM32WBxx_HAL_Driver/Src/stm32wbxx_hal_rcc.c ****       return HAL_TIMEOUT;
 309:Drivers/STM32WBxx_HAL_Driver/Src/stm32wbxx_hal_rcc.c ****     }
 310:Drivers/STM32WBxx_HAL_Driver/Src/stm32wbxx_hal_rcc.c ****   }
 311:Drivers/STM32WBxx_HAL_Driver/Src/stm32wbxx_hal_rcc.c **** 
 312:Drivers/STM32WBxx_HAL_Driver/Src/stm32wbxx_hal_rcc.c ****   /* Reset HSION, HSIKERON, HSIASFS, HSEON, PLLON, PLLSAI11ON, HSEPRE bits */
 313:Drivers/STM32WBxx_HAL_Driver/Src/stm32wbxx_hal_rcc.c **** #if defined(SAI1)
 314:Drivers/STM32WBxx_HAL_Driver/Src/stm32wbxx_hal_rcc.c ****   CLEAR_BIT(RCC->CR, RCC_CR_HSION | RCC_CR_HSIKERON | RCC_CR_HSIASFS | RCC_CR_HSEON | RCC_CR_HSEPRE
 315:Drivers/STM32WBxx_HAL_Driver/Src/stm32wbxx_hal_rcc.c ****             RCC_CR_PLLSAI1ON);
ARM GAS  C:\Users\843E~1\AppData\Local\Temp\cc5PNIRY.s 			page 7


 316:Drivers/STM32WBxx_HAL_Driver/Src/stm32wbxx_hal_rcc.c **** #else
 317:Drivers/STM32WBxx_HAL_Driver/Src/stm32wbxx_hal_rcc.c ****   CLEAR_BIT(RCC->CR, RCC_CR_HSION | RCC_CR_HSIKERON | RCC_CR_HSIASFS | RCC_CR_HSEON | RCC_CR_HSEPRE
 318:Drivers/STM32WBxx_HAL_Driver/Src/stm32wbxx_hal_rcc.c **** #endif /* SAI1 */
 319:Drivers/STM32WBxx_HAL_Driver/Src/stm32wbxx_hal_rcc.c **** 
 320:Drivers/STM32WBxx_HAL_Driver/Src/stm32wbxx_hal_rcc.c ****   /* Get Start Tick*/
 321:Drivers/STM32WBxx_HAL_Driver/Src/stm32wbxx_hal_rcc.c ****   tickstart = HAL_GetTick();
 322:Drivers/STM32WBxx_HAL_Driver/Src/stm32wbxx_hal_rcc.c **** 
 323:Drivers/STM32WBxx_HAL_Driver/Src/stm32wbxx_hal_rcc.c ****   /* Wait till PLL is ready */
 324:Drivers/STM32WBxx_HAL_Driver/Src/stm32wbxx_hal_rcc.c ****   while (LL_RCC_PLL_IsReady() != 0U)
 325:Drivers/STM32WBxx_HAL_Driver/Src/stm32wbxx_hal_rcc.c ****   {
 326:Drivers/STM32WBxx_HAL_Driver/Src/stm32wbxx_hal_rcc.c ****     if ((HAL_GetTick() - tickstart) > PLL_TIMEOUT_VALUE)
 327:Drivers/STM32WBxx_HAL_Driver/Src/stm32wbxx_hal_rcc.c ****     {
 328:Drivers/STM32WBxx_HAL_Driver/Src/stm32wbxx_hal_rcc.c ****       return HAL_TIMEOUT;
 329:Drivers/STM32WBxx_HAL_Driver/Src/stm32wbxx_hal_rcc.c ****     }
 330:Drivers/STM32WBxx_HAL_Driver/Src/stm32wbxx_hal_rcc.c ****   }
 331:Drivers/STM32WBxx_HAL_Driver/Src/stm32wbxx_hal_rcc.c **** 
 332:Drivers/STM32WBxx_HAL_Driver/Src/stm32wbxx_hal_rcc.c ****   /* once PLL is OFF, reset PLLCFGR register to default value */
 333:Drivers/STM32WBxx_HAL_Driver/Src/stm32wbxx_hal_rcc.c ****   WRITE_REG(RCC->PLLCFGR, RCC_PLLCFGR_PLLR_0 | RCC_PLLCFGR_PLLQ_0 | RCC_PLLCFGR_PLLP_1 | RCC_PLLCFG
 334:Drivers/STM32WBxx_HAL_Driver/Src/stm32wbxx_hal_rcc.c **** 
 335:Drivers/STM32WBxx_HAL_Driver/Src/stm32wbxx_hal_rcc.c **** #if defined(SAI1)
 336:Drivers/STM32WBxx_HAL_Driver/Src/stm32wbxx_hal_rcc.c ****   /* Get Start Tick*/
 337:Drivers/STM32WBxx_HAL_Driver/Src/stm32wbxx_hal_rcc.c ****   tickstart = HAL_GetTick();
 338:Drivers/STM32WBxx_HAL_Driver/Src/stm32wbxx_hal_rcc.c **** 
 339:Drivers/STM32WBxx_HAL_Driver/Src/stm32wbxx_hal_rcc.c ****   /* Wait till PLL is ready */
 340:Drivers/STM32WBxx_HAL_Driver/Src/stm32wbxx_hal_rcc.c ****   while (LL_RCC_PLLSAI1_IsReady() != 0U)
 341:Drivers/STM32WBxx_HAL_Driver/Src/stm32wbxx_hal_rcc.c ****   {
 342:Drivers/STM32WBxx_HAL_Driver/Src/stm32wbxx_hal_rcc.c ****     if ((HAL_GetTick() - tickstart) > PLLSAI1_TIMEOUT_VALUE)
 343:Drivers/STM32WBxx_HAL_Driver/Src/stm32wbxx_hal_rcc.c ****     {
 344:Drivers/STM32WBxx_HAL_Driver/Src/stm32wbxx_hal_rcc.c ****       return HAL_TIMEOUT;
 345:Drivers/STM32WBxx_HAL_Driver/Src/stm32wbxx_hal_rcc.c ****     }
 346:Drivers/STM32WBxx_HAL_Driver/Src/stm32wbxx_hal_rcc.c ****   }
 347:Drivers/STM32WBxx_HAL_Driver/Src/stm32wbxx_hal_rcc.c ****   /* once PLLSAI1 is OFF, reset PLLSAI1CFGR register to default value */
 348:Drivers/STM32WBxx_HAL_Driver/Src/stm32wbxx_hal_rcc.c ****   WRITE_REG(RCC->PLLSAI1CFGR, RCC_PLLSAI1CFGR_PLLR_0 | RCC_PLLSAI1CFGR_PLLQ_0 |
 349:Drivers/STM32WBxx_HAL_Driver/Src/stm32wbxx_hal_rcc.c ****             RCC_PLLSAI1CFGR_PLLP_1 | RCC_PLLSAI1CFGR_PLLN_0);
 350:Drivers/STM32WBxx_HAL_Driver/Src/stm32wbxx_hal_rcc.c **** #endif /* SAI1 */
 351:Drivers/STM32WBxx_HAL_Driver/Src/stm32wbxx_hal_rcc.c **** 
 352:Drivers/STM32WBxx_HAL_Driver/Src/stm32wbxx_hal_rcc.c ****   /* Disable all interrupts */
 353:Drivers/STM32WBxx_HAL_Driver/Src/stm32wbxx_hal_rcc.c ****   CLEAR_REG(RCC->CIER);
 354:Drivers/STM32WBxx_HAL_Driver/Src/stm32wbxx_hal_rcc.c **** 
 355:Drivers/STM32WBxx_HAL_Driver/Src/stm32wbxx_hal_rcc.c ****   /* Clear all interrupt flags */
 356:Drivers/STM32WBxx_HAL_Driver/Src/stm32wbxx_hal_rcc.c ****   WRITE_REG(RCC->CICR, 0xFFFFFFFFU);
 357:Drivers/STM32WBxx_HAL_Driver/Src/stm32wbxx_hal_rcc.c **** 
 358:Drivers/STM32WBxx_HAL_Driver/Src/stm32wbxx_hal_rcc.c ****   /* EXTCFGR reset*/
 359:Drivers/STM32WBxx_HAL_Driver/Src/stm32wbxx_hal_rcc.c ****   LL_RCC_WriteReg(EXTCFGR, 0x00030000U);
 360:Drivers/STM32WBxx_HAL_Driver/Src/stm32wbxx_hal_rcc.c **** 
 361:Drivers/STM32WBxx_HAL_Driver/Src/stm32wbxx_hal_rcc.c ****   /* Update the SystemCoreClock global variable */
 362:Drivers/STM32WBxx_HAL_Driver/Src/stm32wbxx_hal_rcc.c ****   SystemCoreClock = MSI_VALUE;
 363:Drivers/STM32WBxx_HAL_Driver/Src/stm32wbxx_hal_rcc.c **** 
 364:Drivers/STM32WBxx_HAL_Driver/Src/stm32wbxx_hal_rcc.c ****   /* Adapt Systick interrupt period */
 365:Drivers/STM32WBxx_HAL_Driver/Src/stm32wbxx_hal_rcc.c ****   if (HAL_InitTick(uwTickPrio) != HAL_OK)
 366:Drivers/STM32WBxx_HAL_Driver/Src/stm32wbxx_hal_rcc.c ****   {
 367:Drivers/STM32WBxx_HAL_Driver/Src/stm32wbxx_hal_rcc.c ****     return HAL_ERROR;
 368:Drivers/STM32WBxx_HAL_Driver/Src/stm32wbxx_hal_rcc.c ****   }
 369:Drivers/STM32WBxx_HAL_Driver/Src/stm32wbxx_hal_rcc.c ****   else
 370:Drivers/STM32WBxx_HAL_Driver/Src/stm32wbxx_hal_rcc.c ****   {
 371:Drivers/STM32WBxx_HAL_Driver/Src/stm32wbxx_hal_rcc.c ****     return HAL_OK;
 372:Drivers/STM32WBxx_HAL_Driver/Src/stm32wbxx_hal_rcc.c ****   }
ARM GAS  C:\Users\843E~1\AppData\Local\Temp\cc5PNIRY.s 			page 8


 373:Drivers/STM32WBxx_HAL_Driver/Src/stm32wbxx_hal_rcc.c **** }
 374:Drivers/STM32WBxx_HAL_Driver/Src/stm32wbxx_hal_rcc.c **** 
 375:Drivers/STM32WBxx_HAL_Driver/Src/stm32wbxx_hal_rcc.c **** /**
 376:Drivers/STM32WBxx_HAL_Driver/Src/stm32wbxx_hal_rcc.c ****   * @brief  Initialize the RCC Oscillators according to the specified parameters in the
 377:Drivers/STM32WBxx_HAL_Driver/Src/stm32wbxx_hal_rcc.c ****   *         @ref RCC_OscInitTypeDef.
 378:Drivers/STM32WBxx_HAL_Driver/Src/stm32wbxx_hal_rcc.c ****   * @param  RCC_OscInitStruct  pointer to a @ref RCC_OscInitTypeDef structure that
 379:Drivers/STM32WBxx_HAL_Driver/Src/stm32wbxx_hal_rcc.c ****   *         contains the configuration information for the RCC Oscillators.
 380:Drivers/STM32WBxx_HAL_Driver/Src/stm32wbxx_hal_rcc.c ****   * @note   The PLL is not disabled when used as system clock.
 381:Drivers/STM32WBxx_HAL_Driver/Src/stm32wbxx_hal_rcc.c ****   * @note   The PLL source is not updated when used as PLLSAI1 clock source.
 382:Drivers/STM32WBxx_HAL_Driver/Src/stm32wbxx_hal_rcc.c ****   * @retval HAL status
 383:Drivers/STM32WBxx_HAL_Driver/Src/stm32wbxx_hal_rcc.c ****   */
 384:Drivers/STM32WBxx_HAL_Driver/Src/stm32wbxx_hal_rcc.c **** HAL_StatusTypeDef HAL_RCC_OscConfig(RCC_OscInitTypeDef  *RCC_OscInitStruct)
 385:Drivers/STM32WBxx_HAL_Driver/Src/stm32wbxx_hal_rcc.c **** {
 386:Drivers/STM32WBxx_HAL_Driver/Src/stm32wbxx_hal_rcc.c ****   uint32_t tickstart;
 387:Drivers/STM32WBxx_HAL_Driver/Src/stm32wbxx_hal_rcc.c **** 
 388:Drivers/STM32WBxx_HAL_Driver/Src/stm32wbxx_hal_rcc.c ****   /* Check Null pointer */
 389:Drivers/STM32WBxx_HAL_Driver/Src/stm32wbxx_hal_rcc.c ****   if (RCC_OscInitStruct == NULL)
 390:Drivers/STM32WBxx_HAL_Driver/Src/stm32wbxx_hal_rcc.c ****   {
 391:Drivers/STM32WBxx_HAL_Driver/Src/stm32wbxx_hal_rcc.c ****     return HAL_ERROR;
 392:Drivers/STM32WBxx_HAL_Driver/Src/stm32wbxx_hal_rcc.c ****   }
 393:Drivers/STM32WBxx_HAL_Driver/Src/stm32wbxx_hal_rcc.c **** 
 394:Drivers/STM32WBxx_HAL_Driver/Src/stm32wbxx_hal_rcc.c ****   /* Check the parameters */
 395:Drivers/STM32WBxx_HAL_Driver/Src/stm32wbxx_hal_rcc.c ****   assert_param(IS_RCC_OSCILLATORTYPE(RCC_OscInitStruct->OscillatorType));
 396:Drivers/STM32WBxx_HAL_Driver/Src/stm32wbxx_hal_rcc.c **** 
 397:Drivers/STM32WBxx_HAL_Driver/Src/stm32wbxx_hal_rcc.c ****   /*----------------------------- MSI Configuration --------------------------*/
 398:Drivers/STM32WBxx_HAL_Driver/Src/stm32wbxx_hal_rcc.c ****   if (((RCC_OscInitStruct->OscillatorType) & RCC_OSCILLATORTYPE_MSI) == RCC_OSCILLATORTYPE_MSI)
 399:Drivers/STM32WBxx_HAL_Driver/Src/stm32wbxx_hal_rcc.c ****   {
 400:Drivers/STM32WBxx_HAL_Driver/Src/stm32wbxx_hal_rcc.c ****     /* Check the parameters */
 401:Drivers/STM32WBxx_HAL_Driver/Src/stm32wbxx_hal_rcc.c ****     assert_param(IS_RCC_MSI(RCC_OscInitStruct->MSIState));
 402:Drivers/STM32WBxx_HAL_Driver/Src/stm32wbxx_hal_rcc.c ****     assert_param(IS_RCC_MSICALIBRATION_VALUE(RCC_OscInitStruct->MSICalibrationValue));
 403:Drivers/STM32WBxx_HAL_Driver/Src/stm32wbxx_hal_rcc.c ****     assert_param(IS_RCC_MSI_CLOCK_RANGE(RCC_OscInitStruct->MSIClockRange));
 404:Drivers/STM32WBxx_HAL_Driver/Src/stm32wbxx_hal_rcc.c **** 
 405:Drivers/STM32WBxx_HAL_Driver/Src/stm32wbxx_hal_rcc.c ****     /* When the MSI is used as system clock it will not be disabled */
 406:Drivers/STM32WBxx_HAL_Driver/Src/stm32wbxx_hal_rcc.c ****     const uint32_t temp_sysclksrc = __HAL_RCC_GET_SYSCLK_SOURCE();
 407:Drivers/STM32WBxx_HAL_Driver/Src/stm32wbxx_hal_rcc.c ****     const uint32_t temp_plloscsrc = __HAL_RCC_GET_PLL_OSCSOURCE();
 408:Drivers/STM32WBxx_HAL_Driver/Src/stm32wbxx_hal_rcc.c ****     if ((temp_sysclksrc == RCC_SYSCLKSOURCE_STATUS_MSI) ||
 409:Drivers/STM32WBxx_HAL_Driver/Src/stm32wbxx_hal_rcc.c ****         ((temp_sysclksrc == RCC_SYSCLKSOURCE_STATUS_PLLCLK) && (temp_plloscsrc == RCC_PLLSOURCE_MSI
 410:Drivers/STM32WBxx_HAL_Driver/Src/stm32wbxx_hal_rcc.c ****     {
 411:Drivers/STM32WBxx_HAL_Driver/Src/stm32wbxx_hal_rcc.c ****       if (RCC_OscInitStruct->MSIState == RCC_MSI_OFF)
 412:Drivers/STM32WBxx_HAL_Driver/Src/stm32wbxx_hal_rcc.c ****       {
 413:Drivers/STM32WBxx_HAL_Driver/Src/stm32wbxx_hal_rcc.c ****         return HAL_ERROR;
 414:Drivers/STM32WBxx_HAL_Driver/Src/stm32wbxx_hal_rcc.c ****       }
 415:Drivers/STM32WBxx_HAL_Driver/Src/stm32wbxx_hal_rcc.c ****       /* Otherwise, just the calibration and MSI range change are allowed */
 416:Drivers/STM32WBxx_HAL_Driver/Src/stm32wbxx_hal_rcc.c ****       else
 417:Drivers/STM32WBxx_HAL_Driver/Src/stm32wbxx_hal_rcc.c ****       {
 418:Drivers/STM32WBxx_HAL_Driver/Src/stm32wbxx_hal_rcc.c ****         /* To correctly read data from FLASH memory, the number of wait states (LATENCY)
 419:Drivers/STM32WBxx_HAL_Driver/Src/stm32wbxx_hal_rcc.c ****            must be correctly programmed according to the frequency of the AHB4 clock
 420:Drivers/STM32WBxx_HAL_Driver/Src/stm32wbxx_hal_rcc.c ****            and the supply voltage of the device. */
 421:Drivers/STM32WBxx_HAL_Driver/Src/stm32wbxx_hal_rcc.c ****         if (RCC_OscInitStruct->MSIClockRange > __HAL_RCC_GET_MSI_RANGE())
 422:Drivers/STM32WBxx_HAL_Driver/Src/stm32wbxx_hal_rcc.c ****         {
 423:Drivers/STM32WBxx_HAL_Driver/Src/stm32wbxx_hal_rcc.c ****           /* First increase number of wait states update if necessary */
 424:Drivers/STM32WBxx_HAL_Driver/Src/stm32wbxx_hal_rcc.c ****           if (RCC_SetFlashLatencyFromMSIRange(RCC_OscInitStruct->MSIClockRange) != HAL_OK)
 425:Drivers/STM32WBxx_HAL_Driver/Src/stm32wbxx_hal_rcc.c ****           {
 426:Drivers/STM32WBxx_HAL_Driver/Src/stm32wbxx_hal_rcc.c ****             return HAL_ERROR;
 427:Drivers/STM32WBxx_HAL_Driver/Src/stm32wbxx_hal_rcc.c ****           }
 428:Drivers/STM32WBxx_HAL_Driver/Src/stm32wbxx_hal_rcc.c **** 
 429:Drivers/STM32WBxx_HAL_Driver/Src/stm32wbxx_hal_rcc.c ****           /* Selects the Multiple Speed oscillator (MSI) clock range .*/
ARM GAS  C:\Users\843E~1\AppData\Local\Temp\cc5PNIRY.s 			page 9


 430:Drivers/STM32WBxx_HAL_Driver/Src/stm32wbxx_hal_rcc.c ****           __HAL_RCC_MSI_RANGE_CONFIG(RCC_OscInitStruct->MSIClockRange);
 431:Drivers/STM32WBxx_HAL_Driver/Src/stm32wbxx_hal_rcc.c ****           /* Adjusts the Multiple Speed oscillator (MSI) calibration value.*/
 432:Drivers/STM32WBxx_HAL_Driver/Src/stm32wbxx_hal_rcc.c ****           __HAL_RCC_MSI_CALIBRATIONVALUE_ADJUST(RCC_OscInitStruct->MSICalibrationValue);
 433:Drivers/STM32WBxx_HAL_Driver/Src/stm32wbxx_hal_rcc.c ****         }
 434:Drivers/STM32WBxx_HAL_Driver/Src/stm32wbxx_hal_rcc.c ****         else
 435:Drivers/STM32WBxx_HAL_Driver/Src/stm32wbxx_hal_rcc.c ****         {
 436:Drivers/STM32WBxx_HAL_Driver/Src/stm32wbxx_hal_rcc.c ****           /* Else, keep current flash latency while decreasing applies */
 437:Drivers/STM32WBxx_HAL_Driver/Src/stm32wbxx_hal_rcc.c ****           /* Selects the Multiple Speed oscillator (MSI) clock range .*/
 438:Drivers/STM32WBxx_HAL_Driver/Src/stm32wbxx_hal_rcc.c ****           __HAL_RCC_MSI_RANGE_CONFIG(RCC_OscInitStruct->MSIClockRange);
 439:Drivers/STM32WBxx_HAL_Driver/Src/stm32wbxx_hal_rcc.c ****           /* Adjusts the Multiple Speed oscillator (MSI) calibration value.*/
 440:Drivers/STM32WBxx_HAL_Driver/Src/stm32wbxx_hal_rcc.c ****           __HAL_RCC_MSI_CALIBRATIONVALUE_ADJUST(RCC_OscInitStruct->MSICalibrationValue);
 441:Drivers/STM32WBxx_HAL_Driver/Src/stm32wbxx_hal_rcc.c **** 
 442:Drivers/STM32WBxx_HAL_Driver/Src/stm32wbxx_hal_rcc.c ****           /* Decrease number of wait states update if necessary */
 443:Drivers/STM32WBxx_HAL_Driver/Src/stm32wbxx_hal_rcc.c ****           if (RCC_SetFlashLatencyFromMSIRange(RCC_OscInitStruct->MSIClockRange) != HAL_OK)
 444:Drivers/STM32WBxx_HAL_Driver/Src/stm32wbxx_hal_rcc.c ****           {
 445:Drivers/STM32WBxx_HAL_Driver/Src/stm32wbxx_hal_rcc.c ****             return HAL_ERROR;
 446:Drivers/STM32WBxx_HAL_Driver/Src/stm32wbxx_hal_rcc.c ****           }
 447:Drivers/STM32WBxx_HAL_Driver/Src/stm32wbxx_hal_rcc.c ****         }
 448:Drivers/STM32WBxx_HAL_Driver/Src/stm32wbxx_hal_rcc.c **** 
 449:Drivers/STM32WBxx_HAL_Driver/Src/stm32wbxx_hal_rcc.c ****         /* Update the SystemCoreClock global variable */
 450:Drivers/STM32WBxx_HAL_Driver/Src/stm32wbxx_hal_rcc.c ****         SystemCoreClock = HAL_RCC_GetHCLKFreq();
 451:Drivers/STM32WBxx_HAL_Driver/Src/stm32wbxx_hal_rcc.c **** 
 452:Drivers/STM32WBxx_HAL_Driver/Src/stm32wbxx_hal_rcc.c ****         if (HAL_InitTick(uwTickPrio) != HAL_OK)
 453:Drivers/STM32WBxx_HAL_Driver/Src/stm32wbxx_hal_rcc.c ****         {
 454:Drivers/STM32WBxx_HAL_Driver/Src/stm32wbxx_hal_rcc.c ****           return HAL_ERROR;
 455:Drivers/STM32WBxx_HAL_Driver/Src/stm32wbxx_hal_rcc.c ****         }
 456:Drivers/STM32WBxx_HAL_Driver/Src/stm32wbxx_hal_rcc.c ****       }
 457:Drivers/STM32WBxx_HAL_Driver/Src/stm32wbxx_hal_rcc.c ****     }
 458:Drivers/STM32WBxx_HAL_Driver/Src/stm32wbxx_hal_rcc.c ****     else
 459:Drivers/STM32WBxx_HAL_Driver/Src/stm32wbxx_hal_rcc.c ****     {
 460:Drivers/STM32WBxx_HAL_Driver/Src/stm32wbxx_hal_rcc.c ****       /* Check the MSI State */
 461:Drivers/STM32WBxx_HAL_Driver/Src/stm32wbxx_hal_rcc.c ****       if (RCC_OscInitStruct->MSIState != RCC_MSI_OFF)
 462:Drivers/STM32WBxx_HAL_Driver/Src/stm32wbxx_hal_rcc.c ****       {
 463:Drivers/STM32WBxx_HAL_Driver/Src/stm32wbxx_hal_rcc.c ****         /* Enable the Internal High Speed oscillator (MSI). */
 464:Drivers/STM32WBxx_HAL_Driver/Src/stm32wbxx_hal_rcc.c ****         __HAL_RCC_MSI_ENABLE();
 465:Drivers/STM32WBxx_HAL_Driver/Src/stm32wbxx_hal_rcc.c **** 
 466:Drivers/STM32WBxx_HAL_Driver/Src/stm32wbxx_hal_rcc.c ****         /* Get timeout */
 467:Drivers/STM32WBxx_HAL_Driver/Src/stm32wbxx_hal_rcc.c ****         tickstart = HAL_GetTick();
 468:Drivers/STM32WBxx_HAL_Driver/Src/stm32wbxx_hal_rcc.c **** 
 469:Drivers/STM32WBxx_HAL_Driver/Src/stm32wbxx_hal_rcc.c ****         /* Wait till MSI is ready */
 470:Drivers/STM32WBxx_HAL_Driver/Src/stm32wbxx_hal_rcc.c ****         while (LL_RCC_MSI_IsReady() == 0U)
 471:Drivers/STM32WBxx_HAL_Driver/Src/stm32wbxx_hal_rcc.c ****         {
 472:Drivers/STM32WBxx_HAL_Driver/Src/stm32wbxx_hal_rcc.c ****           if ((HAL_GetTick() - tickstart) > MSI_TIMEOUT_VALUE)
 473:Drivers/STM32WBxx_HAL_Driver/Src/stm32wbxx_hal_rcc.c ****           {
 474:Drivers/STM32WBxx_HAL_Driver/Src/stm32wbxx_hal_rcc.c ****             return HAL_TIMEOUT;
 475:Drivers/STM32WBxx_HAL_Driver/Src/stm32wbxx_hal_rcc.c ****           }
 476:Drivers/STM32WBxx_HAL_Driver/Src/stm32wbxx_hal_rcc.c ****         }
 477:Drivers/STM32WBxx_HAL_Driver/Src/stm32wbxx_hal_rcc.c **** 
 478:Drivers/STM32WBxx_HAL_Driver/Src/stm32wbxx_hal_rcc.c ****         /* Selects the Multiple Speed oscillator (MSI) clock range .*/
 479:Drivers/STM32WBxx_HAL_Driver/Src/stm32wbxx_hal_rcc.c ****         __HAL_RCC_MSI_RANGE_CONFIG(RCC_OscInitStruct->MSIClockRange);
 480:Drivers/STM32WBxx_HAL_Driver/Src/stm32wbxx_hal_rcc.c ****         /* Adjusts the Multiple Speed oscillator (MSI) calibration value.*/
 481:Drivers/STM32WBxx_HAL_Driver/Src/stm32wbxx_hal_rcc.c ****         __HAL_RCC_MSI_CALIBRATIONVALUE_ADJUST(RCC_OscInitStruct->MSICalibrationValue);
 482:Drivers/STM32WBxx_HAL_Driver/Src/stm32wbxx_hal_rcc.c **** 
 483:Drivers/STM32WBxx_HAL_Driver/Src/stm32wbxx_hal_rcc.c ****       }
 484:Drivers/STM32WBxx_HAL_Driver/Src/stm32wbxx_hal_rcc.c ****       else
 485:Drivers/STM32WBxx_HAL_Driver/Src/stm32wbxx_hal_rcc.c ****       {
 486:Drivers/STM32WBxx_HAL_Driver/Src/stm32wbxx_hal_rcc.c ****         /* Disable the Internal High Speed oscillator (MSI). */
ARM GAS  C:\Users\843E~1\AppData\Local\Temp\cc5PNIRY.s 			page 10


 487:Drivers/STM32WBxx_HAL_Driver/Src/stm32wbxx_hal_rcc.c ****         __HAL_RCC_MSI_DISABLE();
 488:Drivers/STM32WBxx_HAL_Driver/Src/stm32wbxx_hal_rcc.c **** 
 489:Drivers/STM32WBxx_HAL_Driver/Src/stm32wbxx_hal_rcc.c ****         /* Get timeout */
 490:Drivers/STM32WBxx_HAL_Driver/Src/stm32wbxx_hal_rcc.c ****         tickstart = HAL_GetTick();
 491:Drivers/STM32WBxx_HAL_Driver/Src/stm32wbxx_hal_rcc.c **** 
 492:Drivers/STM32WBxx_HAL_Driver/Src/stm32wbxx_hal_rcc.c ****         /* Wait till MSI is disabled */
 493:Drivers/STM32WBxx_HAL_Driver/Src/stm32wbxx_hal_rcc.c ****         while (LL_RCC_MSI_IsReady() != 0U)
 494:Drivers/STM32WBxx_HAL_Driver/Src/stm32wbxx_hal_rcc.c ****         {
 495:Drivers/STM32WBxx_HAL_Driver/Src/stm32wbxx_hal_rcc.c ****           if ((HAL_GetTick() - tickstart) > MSI_TIMEOUT_VALUE)
 496:Drivers/STM32WBxx_HAL_Driver/Src/stm32wbxx_hal_rcc.c ****           {
 497:Drivers/STM32WBxx_HAL_Driver/Src/stm32wbxx_hal_rcc.c ****             return HAL_TIMEOUT;
 498:Drivers/STM32WBxx_HAL_Driver/Src/stm32wbxx_hal_rcc.c ****           }
 499:Drivers/STM32WBxx_HAL_Driver/Src/stm32wbxx_hal_rcc.c ****         }
 500:Drivers/STM32WBxx_HAL_Driver/Src/stm32wbxx_hal_rcc.c ****       }
 501:Drivers/STM32WBxx_HAL_Driver/Src/stm32wbxx_hal_rcc.c ****     }
 502:Drivers/STM32WBxx_HAL_Driver/Src/stm32wbxx_hal_rcc.c ****   }
 503:Drivers/STM32WBxx_HAL_Driver/Src/stm32wbxx_hal_rcc.c **** 
 504:Drivers/STM32WBxx_HAL_Driver/Src/stm32wbxx_hal_rcc.c ****   /*------------------------------- HSE Configuration ------------------------*/
 505:Drivers/STM32WBxx_HAL_Driver/Src/stm32wbxx_hal_rcc.c ****   if (((RCC_OscInitStruct->OscillatorType) & RCC_OSCILLATORTYPE_HSE) == RCC_OSCILLATORTYPE_HSE)
 506:Drivers/STM32WBxx_HAL_Driver/Src/stm32wbxx_hal_rcc.c ****   {
 507:Drivers/STM32WBxx_HAL_Driver/Src/stm32wbxx_hal_rcc.c ****     /* Check the parameters */
 508:Drivers/STM32WBxx_HAL_Driver/Src/stm32wbxx_hal_rcc.c ****     assert_param(IS_RCC_HSE(RCC_OscInitStruct->HSEState));
 509:Drivers/STM32WBxx_HAL_Driver/Src/stm32wbxx_hal_rcc.c **** 
 510:Drivers/STM32WBxx_HAL_Driver/Src/stm32wbxx_hal_rcc.c ****     /* When the HSE is used as system clock or clock source for PLL in these cases it is not allowe
 511:Drivers/STM32WBxx_HAL_Driver/Src/stm32wbxx_hal_rcc.c ****     const uint32_t temp_sysclksrc = __HAL_RCC_GET_SYSCLK_SOURCE();
 512:Drivers/STM32WBxx_HAL_Driver/Src/stm32wbxx_hal_rcc.c ****     const uint32_t temp_plloscsrc = __HAL_RCC_GET_PLL_OSCSOURCE();
 513:Drivers/STM32WBxx_HAL_Driver/Src/stm32wbxx_hal_rcc.c ****     if ((temp_sysclksrc == RCC_SYSCLKSOURCE_STATUS_HSE) ||
 514:Drivers/STM32WBxx_HAL_Driver/Src/stm32wbxx_hal_rcc.c ****         ((temp_sysclksrc == RCC_SYSCLKSOURCE_STATUS_PLLCLK) && (temp_plloscsrc == RCC_PLLSOURCE_HSE
 515:Drivers/STM32WBxx_HAL_Driver/Src/stm32wbxx_hal_rcc.c ****     {
 516:Drivers/STM32WBxx_HAL_Driver/Src/stm32wbxx_hal_rcc.c ****       if (RCC_OscInitStruct->HSEState == RCC_HSE_OFF)
 517:Drivers/STM32WBxx_HAL_Driver/Src/stm32wbxx_hal_rcc.c ****       {
 518:Drivers/STM32WBxx_HAL_Driver/Src/stm32wbxx_hal_rcc.c ****         return HAL_ERROR;
 519:Drivers/STM32WBxx_HAL_Driver/Src/stm32wbxx_hal_rcc.c ****       }
 520:Drivers/STM32WBxx_HAL_Driver/Src/stm32wbxx_hal_rcc.c ****     }
 521:Drivers/STM32WBxx_HAL_Driver/Src/stm32wbxx_hal_rcc.c ****     else
 522:Drivers/STM32WBxx_HAL_Driver/Src/stm32wbxx_hal_rcc.c ****     {
 523:Drivers/STM32WBxx_HAL_Driver/Src/stm32wbxx_hal_rcc.c ****       /* Set the new HSE configuration ---------------------------------------*/
 524:Drivers/STM32WBxx_HAL_Driver/Src/stm32wbxx_hal_rcc.c ****       __HAL_RCC_HSE_CONFIG(RCC_OscInitStruct->HSEState);
 525:Drivers/STM32WBxx_HAL_Driver/Src/stm32wbxx_hal_rcc.c **** 
 526:Drivers/STM32WBxx_HAL_Driver/Src/stm32wbxx_hal_rcc.c ****       /* Check the HSE State */
 527:Drivers/STM32WBxx_HAL_Driver/Src/stm32wbxx_hal_rcc.c ****       if (RCC_OscInitStruct->HSEState != RCC_HSE_OFF)
 528:Drivers/STM32WBxx_HAL_Driver/Src/stm32wbxx_hal_rcc.c ****       {
 529:Drivers/STM32WBxx_HAL_Driver/Src/stm32wbxx_hal_rcc.c ****         /* Get Start Tick*/
 530:Drivers/STM32WBxx_HAL_Driver/Src/stm32wbxx_hal_rcc.c ****         tickstart = HAL_GetTick();
 531:Drivers/STM32WBxx_HAL_Driver/Src/stm32wbxx_hal_rcc.c **** 
 532:Drivers/STM32WBxx_HAL_Driver/Src/stm32wbxx_hal_rcc.c ****         /* Wait till HSE is ready */
 533:Drivers/STM32WBxx_HAL_Driver/Src/stm32wbxx_hal_rcc.c ****         while (LL_RCC_HSE_IsReady() == 0U)
 534:Drivers/STM32WBxx_HAL_Driver/Src/stm32wbxx_hal_rcc.c ****         {
 535:Drivers/STM32WBxx_HAL_Driver/Src/stm32wbxx_hal_rcc.c ****           if ((HAL_GetTick() - tickstart) > HSE_TIMEOUT_VALUE)
 536:Drivers/STM32WBxx_HAL_Driver/Src/stm32wbxx_hal_rcc.c ****           {
 537:Drivers/STM32WBxx_HAL_Driver/Src/stm32wbxx_hal_rcc.c ****             return HAL_TIMEOUT;
 538:Drivers/STM32WBxx_HAL_Driver/Src/stm32wbxx_hal_rcc.c ****           }
 539:Drivers/STM32WBxx_HAL_Driver/Src/stm32wbxx_hal_rcc.c ****         }
 540:Drivers/STM32WBxx_HAL_Driver/Src/stm32wbxx_hal_rcc.c ****       }
 541:Drivers/STM32WBxx_HAL_Driver/Src/stm32wbxx_hal_rcc.c ****       else
 542:Drivers/STM32WBxx_HAL_Driver/Src/stm32wbxx_hal_rcc.c ****       {
 543:Drivers/STM32WBxx_HAL_Driver/Src/stm32wbxx_hal_rcc.c ****         /* Get Start Tick*/
ARM GAS  C:\Users\843E~1\AppData\Local\Temp\cc5PNIRY.s 			page 11


 544:Drivers/STM32WBxx_HAL_Driver/Src/stm32wbxx_hal_rcc.c ****         tickstart = HAL_GetTick();
 545:Drivers/STM32WBxx_HAL_Driver/Src/stm32wbxx_hal_rcc.c **** 
 546:Drivers/STM32WBxx_HAL_Driver/Src/stm32wbxx_hal_rcc.c ****         /* Wait till HSE is disabled */
 547:Drivers/STM32WBxx_HAL_Driver/Src/stm32wbxx_hal_rcc.c ****         while (LL_RCC_HSE_IsReady() != 0U)
 548:Drivers/STM32WBxx_HAL_Driver/Src/stm32wbxx_hal_rcc.c ****         {
 549:Drivers/STM32WBxx_HAL_Driver/Src/stm32wbxx_hal_rcc.c ****           if ((HAL_GetTick() - tickstart) > HSE_TIMEOUT_VALUE)
 550:Drivers/STM32WBxx_HAL_Driver/Src/stm32wbxx_hal_rcc.c ****           {
 551:Drivers/STM32WBxx_HAL_Driver/Src/stm32wbxx_hal_rcc.c ****             return HAL_TIMEOUT;
 552:Drivers/STM32WBxx_HAL_Driver/Src/stm32wbxx_hal_rcc.c ****           }
 553:Drivers/STM32WBxx_HAL_Driver/Src/stm32wbxx_hal_rcc.c ****         }
 554:Drivers/STM32WBxx_HAL_Driver/Src/stm32wbxx_hal_rcc.c ****       }
 555:Drivers/STM32WBxx_HAL_Driver/Src/stm32wbxx_hal_rcc.c ****     }
 556:Drivers/STM32WBxx_HAL_Driver/Src/stm32wbxx_hal_rcc.c ****   }
 557:Drivers/STM32WBxx_HAL_Driver/Src/stm32wbxx_hal_rcc.c **** 
 558:Drivers/STM32WBxx_HAL_Driver/Src/stm32wbxx_hal_rcc.c ****   /*----------------------------- HSI Configuration --------------------------*/
 559:Drivers/STM32WBxx_HAL_Driver/Src/stm32wbxx_hal_rcc.c ****   if (((RCC_OscInitStruct->OscillatorType) & RCC_OSCILLATORTYPE_HSI) == RCC_OSCILLATORTYPE_HSI)
 560:Drivers/STM32WBxx_HAL_Driver/Src/stm32wbxx_hal_rcc.c ****   {
 561:Drivers/STM32WBxx_HAL_Driver/Src/stm32wbxx_hal_rcc.c ****     /* Check the parameters */
 562:Drivers/STM32WBxx_HAL_Driver/Src/stm32wbxx_hal_rcc.c ****     assert_param(IS_RCC_HSI(RCC_OscInitStruct->HSIState));
 563:Drivers/STM32WBxx_HAL_Driver/Src/stm32wbxx_hal_rcc.c ****     assert_param(IS_RCC_HSI_CALIBRATION_VALUE(RCC_OscInitStruct->HSICalibrationValue));
 564:Drivers/STM32WBxx_HAL_Driver/Src/stm32wbxx_hal_rcc.c **** 
 565:Drivers/STM32WBxx_HAL_Driver/Src/stm32wbxx_hal_rcc.c ****     /* Check if HSI is used as system clock or as PLL source when PLL is selected as system clock *
 566:Drivers/STM32WBxx_HAL_Driver/Src/stm32wbxx_hal_rcc.c ****     const uint32_t temp_sysclksrc = __HAL_RCC_GET_SYSCLK_SOURCE();
 567:Drivers/STM32WBxx_HAL_Driver/Src/stm32wbxx_hal_rcc.c ****     const uint32_t temp_plloscsrc = __HAL_RCC_GET_PLL_OSCSOURCE();
 568:Drivers/STM32WBxx_HAL_Driver/Src/stm32wbxx_hal_rcc.c ****     if ((temp_sysclksrc == RCC_SYSCLKSOURCE_STATUS_HSI) ||
 569:Drivers/STM32WBxx_HAL_Driver/Src/stm32wbxx_hal_rcc.c ****         ((temp_sysclksrc == RCC_SYSCLKSOURCE_STATUS_PLLCLK) && (temp_plloscsrc == RCC_PLLSOURCE_HSI
 570:Drivers/STM32WBxx_HAL_Driver/Src/stm32wbxx_hal_rcc.c ****     {
 571:Drivers/STM32WBxx_HAL_Driver/Src/stm32wbxx_hal_rcc.c ****       /* When HSI is used as system clock it will not be disabled */
 572:Drivers/STM32WBxx_HAL_Driver/Src/stm32wbxx_hal_rcc.c ****       if (RCC_OscInitStruct->HSIState == RCC_HSI_OFF)
 573:Drivers/STM32WBxx_HAL_Driver/Src/stm32wbxx_hal_rcc.c ****       {
 574:Drivers/STM32WBxx_HAL_Driver/Src/stm32wbxx_hal_rcc.c ****         return HAL_ERROR;
 575:Drivers/STM32WBxx_HAL_Driver/Src/stm32wbxx_hal_rcc.c ****       }
 576:Drivers/STM32WBxx_HAL_Driver/Src/stm32wbxx_hal_rcc.c ****       /* Otherwise, just the calibration is allowed */
 577:Drivers/STM32WBxx_HAL_Driver/Src/stm32wbxx_hal_rcc.c ****       else
 578:Drivers/STM32WBxx_HAL_Driver/Src/stm32wbxx_hal_rcc.c ****       {
 579:Drivers/STM32WBxx_HAL_Driver/Src/stm32wbxx_hal_rcc.c ****         /* Adjusts the Internal High Speed oscillator (HSI) calibration value.*/
 580:Drivers/STM32WBxx_HAL_Driver/Src/stm32wbxx_hal_rcc.c ****         __HAL_RCC_HSI_CALIBRATIONVALUE_ADJUST(RCC_OscInitStruct->HSICalibrationValue);
 581:Drivers/STM32WBxx_HAL_Driver/Src/stm32wbxx_hal_rcc.c ****       }
 582:Drivers/STM32WBxx_HAL_Driver/Src/stm32wbxx_hal_rcc.c ****     }
 583:Drivers/STM32WBxx_HAL_Driver/Src/stm32wbxx_hal_rcc.c ****     else
 584:Drivers/STM32WBxx_HAL_Driver/Src/stm32wbxx_hal_rcc.c ****     {
 585:Drivers/STM32WBxx_HAL_Driver/Src/stm32wbxx_hal_rcc.c ****       /* Check the HSI State */
 586:Drivers/STM32WBxx_HAL_Driver/Src/stm32wbxx_hal_rcc.c ****       if (RCC_OscInitStruct->HSIState != RCC_HSI_OFF)
 587:Drivers/STM32WBxx_HAL_Driver/Src/stm32wbxx_hal_rcc.c ****       {
 588:Drivers/STM32WBxx_HAL_Driver/Src/stm32wbxx_hal_rcc.c ****         /* Enable the Internal High Speed oscillator (HSI). */
 589:Drivers/STM32WBxx_HAL_Driver/Src/stm32wbxx_hal_rcc.c ****         __HAL_RCC_HSI_ENABLE();
 590:Drivers/STM32WBxx_HAL_Driver/Src/stm32wbxx_hal_rcc.c **** 
 591:Drivers/STM32WBxx_HAL_Driver/Src/stm32wbxx_hal_rcc.c ****         /* Get Start Tick*/
 592:Drivers/STM32WBxx_HAL_Driver/Src/stm32wbxx_hal_rcc.c ****         tickstart = HAL_GetTick();
 593:Drivers/STM32WBxx_HAL_Driver/Src/stm32wbxx_hal_rcc.c **** 
 594:Drivers/STM32WBxx_HAL_Driver/Src/stm32wbxx_hal_rcc.c ****         /* Wait till HSI is ready */
 595:Drivers/STM32WBxx_HAL_Driver/Src/stm32wbxx_hal_rcc.c ****         while (LL_RCC_HSI_IsReady() == 0U)
 596:Drivers/STM32WBxx_HAL_Driver/Src/stm32wbxx_hal_rcc.c ****         {
 597:Drivers/STM32WBxx_HAL_Driver/Src/stm32wbxx_hal_rcc.c ****           if ((HAL_GetTick() - tickstart) > HSI_TIMEOUT_VALUE)
 598:Drivers/STM32WBxx_HAL_Driver/Src/stm32wbxx_hal_rcc.c ****           {
 599:Drivers/STM32WBxx_HAL_Driver/Src/stm32wbxx_hal_rcc.c ****             return HAL_TIMEOUT;
 600:Drivers/STM32WBxx_HAL_Driver/Src/stm32wbxx_hal_rcc.c ****           }
ARM GAS  C:\Users\843E~1\AppData\Local\Temp\cc5PNIRY.s 			page 12


 601:Drivers/STM32WBxx_HAL_Driver/Src/stm32wbxx_hal_rcc.c ****         }
 602:Drivers/STM32WBxx_HAL_Driver/Src/stm32wbxx_hal_rcc.c **** 
 603:Drivers/STM32WBxx_HAL_Driver/Src/stm32wbxx_hal_rcc.c ****         /* Adjusts the Internal High Speed oscillator (HSI) calibration value.*/
 604:Drivers/STM32WBxx_HAL_Driver/Src/stm32wbxx_hal_rcc.c ****         __HAL_RCC_HSI_CALIBRATIONVALUE_ADJUST(RCC_OscInitStruct->HSICalibrationValue);
 605:Drivers/STM32WBxx_HAL_Driver/Src/stm32wbxx_hal_rcc.c ****       }
 606:Drivers/STM32WBxx_HAL_Driver/Src/stm32wbxx_hal_rcc.c ****       else
 607:Drivers/STM32WBxx_HAL_Driver/Src/stm32wbxx_hal_rcc.c ****       {
 608:Drivers/STM32WBxx_HAL_Driver/Src/stm32wbxx_hal_rcc.c ****         /* Disable the Internal High Speed oscillator (HSI). */
 609:Drivers/STM32WBxx_HAL_Driver/Src/stm32wbxx_hal_rcc.c ****         __HAL_RCC_HSI_DISABLE();
 610:Drivers/STM32WBxx_HAL_Driver/Src/stm32wbxx_hal_rcc.c **** 
 611:Drivers/STM32WBxx_HAL_Driver/Src/stm32wbxx_hal_rcc.c ****         /* Get Start Tick*/
 612:Drivers/STM32WBxx_HAL_Driver/Src/stm32wbxx_hal_rcc.c ****         tickstart = HAL_GetTick();
 613:Drivers/STM32WBxx_HAL_Driver/Src/stm32wbxx_hal_rcc.c **** 
 614:Drivers/STM32WBxx_HAL_Driver/Src/stm32wbxx_hal_rcc.c ****         /* Wait till HSI is disabled */
 615:Drivers/STM32WBxx_HAL_Driver/Src/stm32wbxx_hal_rcc.c ****         while (LL_RCC_HSI_IsReady() != 0U)
 616:Drivers/STM32WBxx_HAL_Driver/Src/stm32wbxx_hal_rcc.c ****         {
 617:Drivers/STM32WBxx_HAL_Driver/Src/stm32wbxx_hal_rcc.c ****           if ((HAL_GetTick() - tickstart) > HSI_TIMEOUT_VALUE)
 618:Drivers/STM32WBxx_HAL_Driver/Src/stm32wbxx_hal_rcc.c ****           {
 619:Drivers/STM32WBxx_HAL_Driver/Src/stm32wbxx_hal_rcc.c ****             return HAL_TIMEOUT;
 620:Drivers/STM32WBxx_HAL_Driver/Src/stm32wbxx_hal_rcc.c ****           }
 621:Drivers/STM32WBxx_HAL_Driver/Src/stm32wbxx_hal_rcc.c ****         }
 622:Drivers/STM32WBxx_HAL_Driver/Src/stm32wbxx_hal_rcc.c ****       }
 623:Drivers/STM32WBxx_HAL_Driver/Src/stm32wbxx_hal_rcc.c ****     }
 624:Drivers/STM32WBxx_HAL_Driver/Src/stm32wbxx_hal_rcc.c ****   }
 625:Drivers/STM32WBxx_HAL_Driver/Src/stm32wbxx_hal_rcc.c ****   /*------------------------------ LSI Configuration (LSI1 or LSI2) -------------------------*/
 626:Drivers/STM32WBxx_HAL_Driver/Src/stm32wbxx_hal_rcc.c **** 
 627:Drivers/STM32WBxx_HAL_Driver/Src/stm32wbxx_hal_rcc.c ****   if ((((RCC_OscInitStruct->OscillatorType) & RCC_OSCILLATORTYPE_LSI1) == RCC_OSCILLATORTYPE_LSI1) 
 628:Drivers/STM32WBxx_HAL_Driver/Src/stm32wbxx_hal_rcc.c ****       (((RCC_OscInitStruct->OscillatorType) & RCC_OSCILLATORTYPE_LSI2) == RCC_OSCILLATORTYPE_LSI2))
 629:Drivers/STM32WBxx_HAL_Driver/Src/stm32wbxx_hal_rcc.c ****   {
 630:Drivers/STM32WBxx_HAL_Driver/Src/stm32wbxx_hal_rcc.c ****     /* Check the parameters */
 631:Drivers/STM32WBxx_HAL_Driver/Src/stm32wbxx_hal_rcc.c ****     assert_param(IS_RCC_LSI(RCC_OscInitStruct->LSIState));
 632:Drivers/STM32WBxx_HAL_Driver/Src/stm32wbxx_hal_rcc.c **** 
 633:Drivers/STM32WBxx_HAL_Driver/Src/stm32wbxx_hal_rcc.c ****     /* Check the LSI State */
 634:Drivers/STM32WBxx_HAL_Driver/Src/stm32wbxx_hal_rcc.c ****     if (RCC_OscInitStruct->LSIState != RCC_LSI_OFF)
 635:Drivers/STM32WBxx_HAL_Driver/Src/stm32wbxx_hal_rcc.c ****     {
 636:Drivers/STM32WBxx_HAL_Driver/Src/stm32wbxx_hal_rcc.c ****       /*------------------------------ LSI2 selected by default (when Switch ON) ------------------
 637:Drivers/STM32WBxx_HAL_Driver/Src/stm32wbxx_hal_rcc.c ****       if (((RCC_OscInitStruct->OscillatorType) & RCC_OSCILLATORTYPE_LSI2) == RCC_OSCILLATORTYPE_LSI
 638:Drivers/STM32WBxx_HAL_Driver/Src/stm32wbxx_hal_rcc.c ****       {
 639:Drivers/STM32WBxx_HAL_Driver/Src/stm32wbxx_hal_rcc.c ****         assert_param(IS_RCC_LSI2_CALIBRATION_VALUE(RCC_OscInitStruct->LSI2CalibrationValue));
 640:Drivers/STM32WBxx_HAL_Driver/Src/stm32wbxx_hal_rcc.c **** 
 641:Drivers/STM32WBxx_HAL_Driver/Src/stm32wbxx_hal_rcc.c ****         /* 1. Check LSI1 state and enable if required */
 642:Drivers/STM32WBxx_HAL_Driver/Src/stm32wbxx_hal_rcc.c ****         if (LL_RCC_LSI1_IsReady() == 0U)
 643:Drivers/STM32WBxx_HAL_Driver/Src/stm32wbxx_hal_rcc.c ****         {
 644:Drivers/STM32WBxx_HAL_Driver/Src/stm32wbxx_hal_rcc.c ****           /* This is required to enable LSI1 before enabling LSI2 */
 645:Drivers/STM32WBxx_HAL_Driver/Src/stm32wbxx_hal_rcc.c ****           __HAL_RCC_LSI1_ENABLE();
 646:Drivers/STM32WBxx_HAL_Driver/Src/stm32wbxx_hal_rcc.c **** 
 647:Drivers/STM32WBxx_HAL_Driver/Src/stm32wbxx_hal_rcc.c ****           /* Get Start Tick*/
 648:Drivers/STM32WBxx_HAL_Driver/Src/stm32wbxx_hal_rcc.c ****           tickstart = HAL_GetTick();
 649:Drivers/STM32WBxx_HAL_Driver/Src/stm32wbxx_hal_rcc.c **** 
 650:Drivers/STM32WBxx_HAL_Driver/Src/stm32wbxx_hal_rcc.c ****           /* Wait till LSI1 is ready */
 651:Drivers/STM32WBxx_HAL_Driver/Src/stm32wbxx_hal_rcc.c ****           while (LL_RCC_LSI1_IsReady() == 0U)
 652:Drivers/STM32WBxx_HAL_Driver/Src/stm32wbxx_hal_rcc.c ****           {
 653:Drivers/STM32WBxx_HAL_Driver/Src/stm32wbxx_hal_rcc.c ****             if ((HAL_GetTick() - tickstart) > LSI1_TIMEOUT_VALUE)
 654:Drivers/STM32WBxx_HAL_Driver/Src/stm32wbxx_hal_rcc.c ****             {
 655:Drivers/STM32WBxx_HAL_Driver/Src/stm32wbxx_hal_rcc.c ****               return HAL_TIMEOUT;
 656:Drivers/STM32WBxx_HAL_Driver/Src/stm32wbxx_hal_rcc.c ****             }
 657:Drivers/STM32WBxx_HAL_Driver/Src/stm32wbxx_hal_rcc.c ****           }
ARM GAS  C:\Users\843E~1\AppData\Local\Temp\cc5PNIRY.s 			page 13


 658:Drivers/STM32WBxx_HAL_Driver/Src/stm32wbxx_hal_rcc.c ****         }
 659:Drivers/STM32WBxx_HAL_Driver/Src/stm32wbxx_hal_rcc.c **** 
 660:Drivers/STM32WBxx_HAL_Driver/Src/stm32wbxx_hal_rcc.c ****         /* 2. Enable the Internal Low Speed oscillator (LSI2) and set trimming value */
 661:Drivers/STM32WBxx_HAL_Driver/Src/stm32wbxx_hal_rcc.c ****         __HAL_RCC_LSI2_ENABLE();
 662:Drivers/STM32WBxx_HAL_Driver/Src/stm32wbxx_hal_rcc.c **** 
 663:Drivers/STM32WBxx_HAL_Driver/Src/stm32wbxx_hal_rcc.c ****         /* Get Start Tick*/
 664:Drivers/STM32WBxx_HAL_Driver/Src/stm32wbxx_hal_rcc.c ****         tickstart = HAL_GetTick();
 665:Drivers/STM32WBxx_HAL_Driver/Src/stm32wbxx_hal_rcc.c **** 
 666:Drivers/STM32WBxx_HAL_Driver/Src/stm32wbxx_hal_rcc.c ****         /* Wait till LSI2 is ready */
 667:Drivers/STM32WBxx_HAL_Driver/Src/stm32wbxx_hal_rcc.c ****         while (LL_RCC_LSI2_IsReady() == 0U)
 668:Drivers/STM32WBxx_HAL_Driver/Src/stm32wbxx_hal_rcc.c ****         {
 669:Drivers/STM32WBxx_HAL_Driver/Src/stm32wbxx_hal_rcc.c ****           if ((HAL_GetTick() - tickstart) > LSI2_TIMEOUT_VALUE)
 670:Drivers/STM32WBxx_HAL_Driver/Src/stm32wbxx_hal_rcc.c ****           {
 671:Drivers/STM32WBxx_HAL_Driver/Src/stm32wbxx_hal_rcc.c ****             return HAL_TIMEOUT;
 672:Drivers/STM32WBxx_HAL_Driver/Src/stm32wbxx_hal_rcc.c ****           }
 673:Drivers/STM32WBxx_HAL_Driver/Src/stm32wbxx_hal_rcc.c ****         }
 674:Drivers/STM32WBxx_HAL_Driver/Src/stm32wbxx_hal_rcc.c ****         /* Adjusts the Internal Low Spee oscillator (LSI2) calibration value */
 675:Drivers/STM32WBxx_HAL_Driver/Src/stm32wbxx_hal_rcc.c ****         __HAL_RCC_LSI2_CALIBRATIONVALUE_ADJUST(RCC_OscInitStruct->LSI2CalibrationValue);
 676:Drivers/STM32WBxx_HAL_Driver/Src/stm32wbxx_hal_rcc.c **** 
 677:Drivers/STM32WBxx_HAL_Driver/Src/stm32wbxx_hal_rcc.c ****         /* 3. Disable LSI1 */
 678:Drivers/STM32WBxx_HAL_Driver/Src/stm32wbxx_hal_rcc.c **** 
 679:Drivers/STM32WBxx_HAL_Driver/Src/stm32wbxx_hal_rcc.c ****         /* LSI1 was initially not enable, require to disable it */
 680:Drivers/STM32WBxx_HAL_Driver/Src/stm32wbxx_hal_rcc.c ****         __HAL_RCC_LSI1_DISABLE();
 681:Drivers/STM32WBxx_HAL_Driver/Src/stm32wbxx_hal_rcc.c **** 
 682:Drivers/STM32WBxx_HAL_Driver/Src/stm32wbxx_hal_rcc.c ****         /* Get Start Tick*/
 683:Drivers/STM32WBxx_HAL_Driver/Src/stm32wbxx_hal_rcc.c ****         tickstart = HAL_GetTick();
 684:Drivers/STM32WBxx_HAL_Driver/Src/stm32wbxx_hal_rcc.c **** 
 685:Drivers/STM32WBxx_HAL_Driver/Src/stm32wbxx_hal_rcc.c ****         /* Wait till LSI1 is disabled */
 686:Drivers/STM32WBxx_HAL_Driver/Src/stm32wbxx_hal_rcc.c ****         while (LL_RCC_LSI1_IsReady() != 0U)
 687:Drivers/STM32WBxx_HAL_Driver/Src/stm32wbxx_hal_rcc.c ****         {
 688:Drivers/STM32WBxx_HAL_Driver/Src/stm32wbxx_hal_rcc.c ****           if ((HAL_GetTick() - tickstart) > LSI1_TIMEOUT_VALUE)
 689:Drivers/STM32WBxx_HAL_Driver/Src/stm32wbxx_hal_rcc.c ****           {
 690:Drivers/STM32WBxx_HAL_Driver/Src/stm32wbxx_hal_rcc.c ****             return HAL_TIMEOUT;
 691:Drivers/STM32WBxx_HAL_Driver/Src/stm32wbxx_hal_rcc.c ****           }
 692:Drivers/STM32WBxx_HAL_Driver/Src/stm32wbxx_hal_rcc.c ****         }
 693:Drivers/STM32WBxx_HAL_Driver/Src/stm32wbxx_hal_rcc.c ****       }
 694:Drivers/STM32WBxx_HAL_Driver/Src/stm32wbxx_hal_rcc.c ****       else
 695:Drivers/STM32WBxx_HAL_Driver/Src/stm32wbxx_hal_rcc.c ****       {
 696:Drivers/STM32WBxx_HAL_Driver/Src/stm32wbxx_hal_rcc.c ****         /*------------------------------ LSI1 selected (only if LSI2 OFF)-------------------------*
 697:Drivers/STM32WBxx_HAL_Driver/Src/stm32wbxx_hal_rcc.c **** 
 698:Drivers/STM32WBxx_HAL_Driver/Src/stm32wbxx_hal_rcc.c ****         /* 1. Enable the Internal Low Speed oscillator (LSI1). */
 699:Drivers/STM32WBxx_HAL_Driver/Src/stm32wbxx_hal_rcc.c ****         __HAL_RCC_LSI1_ENABLE();
 700:Drivers/STM32WBxx_HAL_Driver/Src/stm32wbxx_hal_rcc.c **** 
 701:Drivers/STM32WBxx_HAL_Driver/Src/stm32wbxx_hal_rcc.c ****         /* Get Start Tick*/
 702:Drivers/STM32WBxx_HAL_Driver/Src/stm32wbxx_hal_rcc.c ****         tickstart = HAL_GetTick();
 703:Drivers/STM32WBxx_HAL_Driver/Src/stm32wbxx_hal_rcc.c **** 
 704:Drivers/STM32WBxx_HAL_Driver/Src/stm32wbxx_hal_rcc.c ****         /* Wait till LSI1 is ready */
 705:Drivers/STM32WBxx_HAL_Driver/Src/stm32wbxx_hal_rcc.c ****         while (LL_RCC_LSI1_IsReady() == 0U)
 706:Drivers/STM32WBxx_HAL_Driver/Src/stm32wbxx_hal_rcc.c ****         {
 707:Drivers/STM32WBxx_HAL_Driver/Src/stm32wbxx_hal_rcc.c ****           if ((HAL_GetTick() - tickstart) > LSI1_TIMEOUT_VALUE)
 708:Drivers/STM32WBxx_HAL_Driver/Src/stm32wbxx_hal_rcc.c ****           {
 709:Drivers/STM32WBxx_HAL_Driver/Src/stm32wbxx_hal_rcc.c ****             return HAL_TIMEOUT;
 710:Drivers/STM32WBxx_HAL_Driver/Src/stm32wbxx_hal_rcc.c ****           }
 711:Drivers/STM32WBxx_HAL_Driver/Src/stm32wbxx_hal_rcc.c ****         }
 712:Drivers/STM32WBxx_HAL_Driver/Src/stm32wbxx_hal_rcc.c ****         /*2. Switch OFF LSI2*/
 713:Drivers/STM32WBxx_HAL_Driver/Src/stm32wbxx_hal_rcc.c **** 
 714:Drivers/STM32WBxx_HAL_Driver/Src/stm32wbxx_hal_rcc.c ****         /* Disable the Internal Low Speed oscillator (LSI2). */
ARM GAS  C:\Users\843E~1\AppData\Local\Temp\cc5PNIRY.s 			page 14


 715:Drivers/STM32WBxx_HAL_Driver/Src/stm32wbxx_hal_rcc.c ****         __HAL_RCC_LSI2_DISABLE();
 716:Drivers/STM32WBxx_HAL_Driver/Src/stm32wbxx_hal_rcc.c **** 
 717:Drivers/STM32WBxx_HAL_Driver/Src/stm32wbxx_hal_rcc.c ****         /* Wait till LSI2 is disabled */
 718:Drivers/STM32WBxx_HAL_Driver/Src/stm32wbxx_hal_rcc.c ****         while (LL_RCC_LSI2_IsReady() != 0U)
 719:Drivers/STM32WBxx_HAL_Driver/Src/stm32wbxx_hal_rcc.c ****         {
 720:Drivers/STM32WBxx_HAL_Driver/Src/stm32wbxx_hal_rcc.c ****           if ((HAL_GetTick() - tickstart) > LSI2_TIMEOUT_VALUE)
 721:Drivers/STM32WBxx_HAL_Driver/Src/stm32wbxx_hal_rcc.c ****           {
 722:Drivers/STM32WBxx_HAL_Driver/Src/stm32wbxx_hal_rcc.c ****             return HAL_TIMEOUT;
 723:Drivers/STM32WBxx_HAL_Driver/Src/stm32wbxx_hal_rcc.c ****           }
 724:Drivers/STM32WBxx_HAL_Driver/Src/stm32wbxx_hal_rcc.c ****         }
 725:Drivers/STM32WBxx_HAL_Driver/Src/stm32wbxx_hal_rcc.c ****       }
 726:Drivers/STM32WBxx_HAL_Driver/Src/stm32wbxx_hal_rcc.c ****     }
 727:Drivers/STM32WBxx_HAL_Driver/Src/stm32wbxx_hal_rcc.c ****     else
 728:Drivers/STM32WBxx_HAL_Driver/Src/stm32wbxx_hal_rcc.c ****     {
 729:Drivers/STM32WBxx_HAL_Driver/Src/stm32wbxx_hal_rcc.c **** 
 730:Drivers/STM32WBxx_HAL_Driver/Src/stm32wbxx_hal_rcc.c ****       /* Disable the Internal Low Speed oscillator (LSI2). */
 731:Drivers/STM32WBxx_HAL_Driver/Src/stm32wbxx_hal_rcc.c ****       __HAL_RCC_LSI2_DISABLE();
 732:Drivers/STM32WBxx_HAL_Driver/Src/stm32wbxx_hal_rcc.c **** 
 733:Drivers/STM32WBxx_HAL_Driver/Src/stm32wbxx_hal_rcc.c ****       /* Get Start Tick*/
 734:Drivers/STM32WBxx_HAL_Driver/Src/stm32wbxx_hal_rcc.c ****       tickstart = HAL_GetTick();
 735:Drivers/STM32WBxx_HAL_Driver/Src/stm32wbxx_hal_rcc.c **** 
 736:Drivers/STM32WBxx_HAL_Driver/Src/stm32wbxx_hal_rcc.c ****       /* Wait till LSI2 is disabled */
 737:Drivers/STM32WBxx_HAL_Driver/Src/stm32wbxx_hal_rcc.c ****       while (LL_RCC_LSI2_IsReady() != 0U)
 738:Drivers/STM32WBxx_HAL_Driver/Src/stm32wbxx_hal_rcc.c ****       {
 739:Drivers/STM32WBxx_HAL_Driver/Src/stm32wbxx_hal_rcc.c ****         if ((HAL_GetTick() - tickstart) > LSI2_TIMEOUT_VALUE)
 740:Drivers/STM32WBxx_HAL_Driver/Src/stm32wbxx_hal_rcc.c ****         {
 741:Drivers/STM32WBxx_HAL_Driver/Src/stm32wbxx_hal_rcc.c ****           return HAL_TIMEOUT;
 742:Drivers/STM32WBxx_HAL_Driver/Src/stm32wbxx_hal_rcc.c ****         }
 743:Drivers/STM32WBxx_HAL_Driver/Src/stm32wbxx_hal_rcc.c ****       }
 744:Drivers/STM32WBxx_HAL_Driver/Src/stm32wbxx_hal_rcc.c **** 
 745:Drivers/STM32WBxx_HAL_Driver/Src/stm32wbxx_hal_rcc.c ****       /* Disable the Internal Low Speed oscillator (LSI1). */
 746:Drivers/STM32WBxx_HAL_Driver/Src/stm32wbxx_hal_rcc.c ****       __HAL_RCC_LSI1_DISABLE();
 747:Drivers/STM32WBxx_HAL_Driver/Src/stm32wbxx_hal_rcc.c **** 
 748:Drivers/STM32WBxx_HAL_Driver/Src/stm32wbxx_hal_rcc.c ****       /* Get Start Tick*/
 749:Drivers/STM32WBxx_HAL_Driver/Src/stm32wbxx_hal_rcc.c ****       tickstart = HAL_GetTick();
 750:Drivers/STM32WBxx_HAL_Driver/Src/stm32wbxx_hal_rcc.c **** 
 751:Drivers/STM32WBxx_HAL_Driver/Src/stm32wbxx_hal_rcc.c ****       /* Wait till LSI1 is disabled */
 752:Drivers/STM32WBxx_HAL_Driver/Src/stm32wbxx_hal_rcc.c ****       while (LL_RCC_LSI1_IsReady() != 0U)
 753:Drivers/STM32WBxx_HAL_Driver/Src/stm32wbxx_hal_rcc.c ****       {
 754:Drivers/STM32WBxx_HAL_Driver/Src/stm32wbxx_hal_rcc.c ****         if ((HAL_GetTick() - tickstart) > LSI1_TIMEOUT_VALUE)
 755:Drivers/STM32WBxx_HAL_Driver/Src/stm32wbxx_hal_rcc.c ****         {
 756:Drivers/STM32WBxx_HAL_Driver/Src/stm32wbxx_hal_rcc.c ****           return HAL_TIMEOUT;
 757:Drivers/STM32WBxx_HAL_Driver/Src/stm32wbxx_hal_rcc.c ****         }
 758:Drivers/STM32WBxx_HAL_Driver/Src/stm32wbxx_hal_rcc.c ****       }
 759:Drivers/STM32WBxx_HAL_Driver/Src/stm32wbxx_hal_rcc.c ****     }
 760:Drivers/STM32WBxx_HAL_Driver/Src/stm32wbxx_hal_rcc.c ****   }
 761:Drivers/STM32WBxx_HAL_Driver/Src/stm32wbxx_hal_rcc.c **** 
 762:Drivers/STM32WBxx_HAL_Driver/Src/stm32wbxx_hal_rcc.c ****   /*------------------------------ LSE Configuration -------------------------*/
 763:Drivers/STM32WBxx_HAL_Driver/Src/stm32wbxx_hal_rcc.c ****   if (((RCC_OscInitStruct->OscillatorType) & RCC_OSCILLATORTYPE_LSE) == RCC_OSCILLATORTYPE_LSE)
 764:Drivers/STM32WBxx_HAL_Driver/Src/stm32wbxx_hal_rcc.c ****   {
 765:Drivers/STM32WBxx_HAL_Driver/Src/stm32wbxx_hal_rcc.c ****     /* Check the parameters */
 766:Drivers/STM32WBxx_HAL_Driver/Src/stm32wbxx_hal_rcc.c ****     assert_param(IS_RCC_LSE(RCC_OscInitStruct->LSEState));
 767:Drivers/STM32WBxx_HAL_Driver/Src/stm32wbxx_hal_rcc.c **** 
 768:Drivers/STM32WBxx_HAL_Driver/Src/stm32wbxx_hal_rcc.c ****     /* Update LSE configuration in Backup Domain control register    */
 769:Drivers/STM32WBxx_HAL_Driver/Src/stm32wbxx_hal_rcc.c ****     /* Requires to enable write access to Backup Domain of necessary */
 770:Drivers/STM32WBxx_HAL_Driver/Src/stm32wbxx_hal_rcc.c **** 
 771:Drivers/STM32WBxx_HAL_Driver/Src/stm32wbxx_hal_rcc.c ****     if (HAL_IS_BIT_CLR(PWR->CR1, PWR_CR1_DBP))
ARM GAS  C:\Users\843E~1\AppData\Local\Temp\cc5PNIRY.s 			page 15


 772:Drivers/STM32WBxx_HAL_Driver/Src/stm32wbxx_hal_rcc.c ****     {
 773:Drivers/STM32WBxx_HAL_Driver/Src/stm32wbxx_hal_rcc.c ****       /* Enable write access to Backup domain */
 774:Drivers/STM32WBxx_HAL_Driver/Src/stm32wbxx_hal_rcc.c ****       HAL_PWR_EnableBkUpAccess();
 775:Drivers/STM32WBxx_HAL_Driver/Src/stm32wbxx_hal_rcc.c **** 
 776:Drivers/STM32WBxx_HAL_Driver/Src/stm32wbxx_hal_rcc.c ****       /* Wait for Backup domain Write protection disable */
 777:Drivers/STM32WBxx_HAL_Driver/Src/stm32wbxx_hal_rcc.c ****       tickstart = HAL_GetTick();
 778:Drivers/STM32WBxx_HAL_Driver/Src/stm32wbxx_hal_rcc.c **** 
 779:Drivers/STM32WBxx_HAL_Driver/Src/stm32wbxx_hal_rcc.c ****       while (HAL_IS_BIT_CLR(PWR->CR1, PWR_CR1_DBP))
 780:Drivers/STM32WBxx_HAL_Driver/Src/stm32wbxx_hal_rcc.c ****       {
 781:Drivers/STM32WBxx_HAL_Driver/Src/stm32wbxx_hal_rcc.c ****         if ((HAL_GetTick() - tickstart) > RCC_DBP_TIMEOUT_VALUE)
 782:Drivers/STM32WBxx_HAL_Driver/Src/stm32wbxx_hal_rcc.c ****         {
 783:Drivers/STM32WBxx_HAL_Driver/Src/stm32wbxx_hal_rcc.c ****           return HAL_TIMEOUT;
 784:Drivers/STM32WBxx_HAL_Driver/Src/stm32wbxx_hal_rcc.c ****         }
 785:Drivers/STM32WBxx_HAL_Driver/Src/stm32wbxx_hal_rcc.c ****       }
 786:Drivers/STM32WBxx_HAL_Driver/Src/stm32wbxx_hal_rcc.c ****     }
 787:Drivers/STM32WBxx_HAL_Driver/Src/stm32wbxx_hal_rcc.c **** 
 788:Drivers/STM32WBxx_HAL_Driver/Src/stm32wbxx_hal_rcc.c ****     /* Set the new LSE configuration -----------------------------------------*/
 789:Drivers/STM32WBxx_HAL_Driver/Src/stm32wbxx_hal_rcc.c ****     __HAL_RCC_LSE_CONFIG(RCC_OscInitStruct->LSEState);
 790:Drivers/STM32WBxx_HAL_Driver/Src/stm32wbxx_hal_rcc.c **** 
 791:Drivers/STM32WBxx_HAL_Driver/Src/stm32wbxx_hal_rcc.c ****     /* Check the LSE State */
 792:Drivers/STM32WBxx_HAL_Driver/Src/stm32wbxx_hal_rcc.c ****     if (RCC_OscInitStruct->LSEState != RCC_LSE_OFF)
 793:Drivers/STM32WBxx_HAL_Driver/Src/stm32wbxx_hal_rcc.c ****     {
 794:Drivers/STM32WBxx_HAL_Driver/Src/stm32wbxx_hal_rcc.c ****       /* Get Start Tick*/
 795:Drivers/STM32WBxx_HAL_Driver/Src/stm32wbxx_hal_rcc.c ****       tickstart = HAL_GetTick();
 796:Drivers/STM32WBxx_HAL_Driver/Src/stm32wbxx_hal_rcc.c **** 
 797:Drivers/STM32WBxx_HAL_Driver/Src/stm32wbxx_hal_rcc.c ****       /* Wait till LSE is ready */
 798:Drivers/STM32WBxx_HAL_Driver/Src/stm32wbxx_hal_rcc.c ****       while (LL_RCC_LSE_IsReady() == 0U)
 799:Drivers/STM32WBxx_HAL_Driver/Src/stm32wbxx_hal_rcc.c ****       {
 800:Drivers/STM32WBxx_HAL_Driver/Src/stm32wbxx_hal_rcc.c ****         if ((HAL_GetTick() - tickstart) > RCC_LSE_TIMEOUT_VALUE)
 801:Drivers/STM32WBxx_HAL_Driver/Src/stm32wbxx_hal_rcc.c ****         {
 802:Drivers/STM32WBxx_HAL_Driver/Src/stm32wbxx_hal_rcc.c ****           return HAL_TIMEOUT;
 803:Drivers/STM32WBxx_HAL_Driver/Src/stm32wbxx_hal_rcc.c ****         }
 804:Drivers/STM32WBxx_HAL_Driver/Src/stm32wbxx_hal_rcc.c ****       }
 805:Drivers/STM32WBxx_HAL_Driver/Src/stm32wbxx_hal_rcc.c ****     }
 806:Drivers/STM32WBxx_HAL_Driver/Src/stm32wbxx_hal_rcc.c ****     else
 807:Drivers/STM32WBxx_HAL_Driver/Src/stm32wbxx_hal_rcc.c ****     {
 808:Drivers/STM32WBxx_HAL_Driver/Src/stm32wbxx_hal_rcc.c ****       /* Get Start Tick*/
 809:Drivers/STM32WBxx_HAL_Driver/Src/stm32wbxx_hal_rcc.c ****       tickstart = HAL_GetTick();
 810:Drivers/STM32WBxx_HAL_Driver/Src/stm32wbxx_hal_rcc.c **** 
 811:Drivers/STM32WBxx_HAL_Driver/Src/stm32wbxx_hal_rcc.c ****       /* Wait till LSE is disabled */
 812:Drivers/STM32WBxx_HAL_Driver/Src/stm32wbxx_hal_rcc.c ****       while (LL_RCC_LSE_IsReady() != 0U)
 813:Drivers/STM32WBxx_HAL_Driver/Src/stm32wbxx_hal_rcc.c ****       {
 814:Drivers/STM32WBxx_HAL_Driver/Src/stm32wbxx_hal_rcc.c ****         if ((HAL_GetTick() - tickstart) > RCC_LSE_TIMEOUT_VALUE)
 815:Drivers/STM32WBxx_HAL_Driver/Src/stm32wbxx_hal_rcc.c ****         {
 816:Drivers/STM32WBxx_HAL_Driver/Src/stm32wbxx_hal_rcc.c ****           return HAL_TIMEOUT;
 817:Drivers/STM32WBxx_HAL_Driver/Src/stm32wbxx_hal_rcc.c ****         }
 818:Drivers/STM32WBxx_HAL_Driver/Src/stm32wbxx_hal_rcc.c ****       }
 819:Drivers/STM32WBxx_HAL_Driver/Src/stm32wbxx_hal_rcc.c ****     }
 820:Drivers/STM32WBxx_HAL_Driver/Src/stm32wbxx_hal_rcc.c **** 
 821:Drivers/STM32WBxx_HAL_Driver/Src/stm32wbxx_hal_rcc.c ****   }
 822:Drivers/STM32WBxx_HAL_Driver/Src/stm32wbxx_hal_rcc.c **** #if defined(RCC_HSI48_SUPPORT)
 823:Drivers/STM32WBxx_HAL_Driver/Src/stm32wbxx_hal_rcc.c ****   /*------------------------------ HSI48 Configuration -----------------------*/
 824:Drivers/STM32WBxx_HAL_Driver/Src/stm32wbxx_hal_rcc.c ****   if (((RCC_OscInitStruct->OscillatorType) & RCC_OSCILLATORTYPE_HSI48) == RCC_OSCILLATORTYPE_HSI48)
 825:Drivers/STM32WBxx_HAL_Driver/Src/stm32wbxx_hal_rcc.c ****   {
 826:Drivers/STM32WBxx_HAL_Driver/Src/stm32wbxx_hal_rcc.c ****     /* Check the parameters */
 827:Drivers/STM32WBxx_HAL_Driver/Src/stm32wbxx_hal_rcc.c ****     assert_param(IS_RCC_HSI48(RCC_OscInitStruct->HSI48State));
 828:Drivers/STM32WBxx_HAL_Driver/Src/stm32wbxx_hal_rcc.c **** 
ARM GAS  C:\Users\843E~1\AppData\Local\Temp\cc5PNIRY.s 			page 16


 829:Drivers/STM32WBxx_HAL_Driver/Src/stm32wbxx_hal_rcc.c ****     /* Check the HSI State */
 830:Drivers/STM32WBxx_HAL_Driver/Src/stm32wbxx_hal_rcc.c ****     if (RCC_OscInitStruct->HSI48State != RCC_HSI48_OFF)
 831:Drivers/STM32WBxx_HAL_Driver/Src/stm32wbxx_hal_rcc.c ****     {
 832:Drivers/STM32WBxx_HAL_Driver/Src/stm32wbxx_hal_rcc.c ****       /* Enable the Internal Low Speed oscillator (HSI48). */
 833:Drivers/STM32WBxx_HAL_Driver/Src/stm32wbxx_hal_rcc.c ****       __HAL_RCC_HSI48_ENABLE();
 834:Drivers/STM32WBxx_HAL_Driver/Src/stm32wbxx_hal_rcc.c **** 
 835:Drivers/STM32WBxx_HAL_Driver/Src/stm32wbxx_hal_rcc.c ****       /* Get Start Tick*/
 836:Drivers/STM32WBxx_HAL_Driver/Src/stm32wbxx_hal_rcc.c ****       tickstart = HAL_GetTick();
 837:Drivers/STM32WBxx_HAL_Driver/Src/stm32wbxx_hal_rcc.c **** 
 838:Drivers/STM32WBxx_HAL_Driver/Src/stm32wbxx_hal_rcc.c ****       /* Wait till HSI48 is ready */
 839:Drivers/STM32WBxx_HAL_Driver/Src/stm32wbxx_hal_rcc.c ****       while (LL_RCC_HSI48_IsReady() == 0U)
 840:Drivers/STM32WBxx_HAL_Driver/Src/stm32wbxx_hal_rcc.c ****       {
 841:Drivers/STM32WBxx_HAL_Driver/Src/stm32wbxx_hal_rcc.c ****         if ((HAL_GetTick() - tickstart) > HSI48_TIMEOUT_VALUE)
 842:Drivers/STM32WBxx_HAL_Driver/Src/stm32wbxx_hal_rcc.c ****         {
 843:Drivers/STM32WBxx_HAL_Driver/Src/stm32wbxx_hal_rcc.c ****           return HAL_TIMEOUT;
 844:Drivers/STM32WBxx_HAL_Driver/Src/stm32wbxx_hal_rcc.c ****         }
 845:Drivers/STM32WBxx_HAL_Driver/Src/stm32wbxx_hal_rcc.c ****       }
 846:Drivers/STM32WBxx_HAL_Driver/Src/stm32wbxx_hal_rcc.c ****     }
 847:Drivers/STM32WBxx_HAL_Driver/Src/stm32wbxx_hal_rcc.c ****     else
 848:Drivers/STM32WBxx_HAL_Driver/Src/stm32wbxx_hal_rcc.c ****     {
 849:Drivers/STM32WBxx_HAL_Driver/Src/stm32wbxx_hal_rcc.c ****       /* Disable the Internal Low Speed oscillator (HSI48). */
 850:Drivers/STM32WBxx_HAL_Driver/Src/stm32wbxx_hal_rcc.c ****       __HAL_RCC_HSI48_DISABLE();
 851:Drivers/STM32WBxx_HAL_Driver/Src/stm32wbxx_hal_rcc.c **** 
 852:Drivers/STM32WBxx_HAL_Driver/Src/stm32wbxx_hal_rcc.c ****       /* Get Start Tick*/
 853:Drivers/STM32WBxx_HAL_Driver/Src/stm32wbxx_hal_rcc.c ****       tickstart = HAL_GetTick();
 854:Drivers/STM32WBxx_HAL_Driver/Src/stm32wbxx_hal_rcc.c **** 
 855:Drivers/STM32WBxx_HAL_Driver/Src/stm32wbxx_hal_rcc.c ****       /* Wait till HSI48 is disabled */
 856:Drivers/STM32WBxx_HAL_Driver/Src/stm32wbxx_hal_rcc.c ****       while (LL_RCC_HSI48_IsReady() != 0U)
 857:Drivers/STM32WBxx_HAL_Driver/Src/stm32wbxx_hal_rcc.c ****       {
 858:Drivers/STM32WBxx_HAL_Driver/Src/stm32wbxx_hal_rcc.c ****         if ((HAL_GetTick() - tickstart) > HSI48_TIMEOUT_VALUE)
 859:Drivers/STM32WBxx_HAL_Driver/Src/stm32wbxx_hal_rcc.c ****         {
 860:Drivers/STM32WBxx_HAL_Driver/Src/stm32wbxx_hal_rcc.c ****           return HAL_TIMEOUT;
 861:Drivers/STM32WBxx_HAL_Driver/Src/stm32wbxx_hal_rcc.c ****         }
 862:Drivers/STM32WBxx_HAL_Driver/Src/stm32wbxx_hal_rcc.c ****       }
 863:Drivers/STM32WBxx_HAL_Driver/Src/stm32wbxx_hal_rcc.c ****     }
 864:Drivers/STM32WBxx_HAL_Driver/Src/stm32wbxx_hal_rcc.c ****   }
 865:Drivers/STM32WBxx_HAL_Driver/Src/stm32wbxx_hal_rcc.c **** #endif /* RCC_HSI48_SUPPORT */
 866:Drivers/STM32WBxx_HAL_Driver/Src/stm32wbxx_hal_rcc.c ****   /*-------------------------------- PLL Configuration -----------------------*/
 867:Drivers/STM32WBxx_HAL_Driver/Src/stm32wbxx_hal_rcc.c ****   /* Check the parameters */
 868:Drivers/STM32WBxx_HAL_Driver/Src/stm32wbxx_hal_rcc.c ****   assert_param(IS_RCC_PLL(RCC_OscInitStruct->PLL.PLLState));
 869:Drivers/STM32WBxx_HAL_Driver/Src/stm32wbxx_hal_rcc.c **** 
 870:Drivers/STM32WBxx_HAL_Driver/Src/stm32wbxx_hal_rcc.c ****   if (RCC_OscInitStruct->PLL.PLLState != RCC_PLL_NONE)
 871:Drivers/STM32WBxx_HAL_Driver/Src/stm32wbxx_hal_rcc.c ****   {
 872:Drivers/STM32WBxx_HAL_Driver/Src/stm32wbxx_hal_rcc.c ****     const uint32_t temp_sysclksrc = __HAL_RCC_GET_SYSCLK_SOURCE();
 873:Drivers/STM32WBxx_HAL_Driver/Src/stm32wbxx_hal_rcc.c ****     const uint32_t temp_pllconfig = RCC->PLLCFGR;
 874:Drivers/STM32WBxx_HAL_Driver/Src/stm32wbxx_hal_rcc.c **** 
 875:Drivers/STM32WBxx_HAL_Driver/Src/stm32wbxx_hal_rcc.c ****     /* PLL On ? */
 876:Drivers/STM32WBxx_HAL_Driver/Src/stm32wbxx_hal_rcc.c ****     if (RCC_OscInitStruct->PLL.PLLState == RCC_PLL_ON)
 877:Drivers/STM32WBxx_HAL_Driver/Src/stm32wbxx_hal_rcc.c ****     {
 878:Drivers/STM32WBxx_HAL_Driver/Src/stm32wbxx_hal_rcc.c ****       /* Check the parameters */
 879:Drivers/STM32WBxx_HAL_Driver/Src/stm32wbxx_hal_rcc.c ****       assert_param(IS_RCC_PLLSOURCE(RCC_OscInitStruct->PLL.PLLSource));
 880:Drivers/STM32WBxx_HAL_Driver/Src/stm32wbxx_hal_rcc.c ****       assert_param(IS_RCC_PLLM_VALUE(RCC_OscInitStruct->PLL.PLLM));
 881:Drivers/STM32WBxx_HAL_Driver/Src/stm32wbxx_hal_rcc.c ****       assert_param(IS_RCC_PLLN_VALUE(RCC_OscInitStruct->PLL.PLLN));
 882:Drivers/STM32WBxx_HAL_Driver/Src/stm32wbxx_hal_rcc.c ****       assert_param(IS_RCC_PLLP_VALUE(RCC_OscInitStruct->PLL.PLLP));
 883:Drivers/STM32WBxx_HAL_Driver/Src/stm32wbxx_hal_rcc.c ****       assert_param(IS_RCC_PLLQ_VALUE(RCC_OscInitStruct->PLL.PLLQ));
 884:Drivers/STM32WBxx_HAL_Driver/Src/stm32wbxx_hal_rcc.c ****       assert_param(IS_RCC_PLLR_VALUE(RCC_OscInitStruct->PLL.PLLR));
 885:Drivers/STM32WBxx_HAL_Driver/Src/stm32wbxx_hal_rcc.c **** 
ARM GAS  C:\Users\843E~1\AppData\Local\Temp\cc5PNIRY.s 			page 17


 886:Drivers/STM32WBxx_HAL_Driver/Src/stm32wbxx_hal_rcc.c ****       /* Do nothing if PLL configuration is unchanged */
 887:Drivers/STM32WBxx_HAL_Driver/Src/stm32wbxx_hal_rcc.c ****       if ((READ_BIT(temp_pllconfig, RCC_PLLCFGR_PLLSRC) != RCC_OscInitStruct->PLL.PLLSource) ||
 888:Drivers/STM32WBxx_HAL_Driver/Src/stm32wbxx_hal_rcc.c ****           (READ_BIT(temp_pllconfig, RCC_PLLCFGR_PLLM) != RCC_OscInitStruct->PLL.PLLM) ||
 889:Drivers/STM32WBxx_HAL_Driver/Src/stm32wbxx_hal_rcc.c ****           ((READ_BIT(temp_pllconfig, RCC_PLLCFGR_PLLN) >> RCC_PLLCFGR_PLLN_Pos) != RCC_OscInitStruc
 890:Drivers/STM32WBxx_HAL_Driver/Src/stm32wbxx_hal_rcc.c ****           (READ_BIT(temp_pllconfig, RCC_PLLCFGR_PLLP) != RCC_OscInitStruct->PLL.PLLP) ||
 891:Drivers/STM32WBxx_HAL_Driver/Src/stm32wbxx_hal_rcc.c ****           (READ_BIT(temp_pllconfig, RCC_PLLCFGR_PLLQ) != RCC_OscInitStruct->PLL.PLLQ) ||
 892:Drivers/STM32WBxx_HAL_Driver/Src/stm32wbxx_hal_rcc.c ****           (READ_BIT(temp_pllconfig, RCC_PLLCFGR_PLLR) != RCC_OscInitStruct->PLL.PLLR))
 893:Drivers/STM32WBxx_HAL_Driver/Src/stm32wbxx_hal_rcc.c ****       {
 894:Drivers/STM32WBxx_HAL_Driver/Src/stm32wbxx_hal_rcc.c ****         /* Check if the PLL is used as system clock or not */
 895:Drivers/STM32WBxx_HAL_Driver/Src/stm32wbxx_hal_rcc.c ****         if (temp_sysclksrc != RCC_SYSCLKSOURCE_STATUS_PLLCLK)
 896:Drivers/STM32WBxx_HAL_Driver/Src/stm32wbxx_hal_rcc.c ****         {
 897:Drivers/STM32WBxx_HAL_Driver/Src/stm32wbxx_hal_rcc.c **** #if defined(SAI1)
 898:Drivers/STM32WBxx_HAL_Driver/Src/stm32wbxx_hal_rcc.c ****           /* Check if main PLL can be updated */
 899:Drivers/STM32WBxx_HAL_Driver/Src/stm32wbxx_hal_rcc.c ****           /* Not possible if the source is shared by other enabled PLLSAIx */
 900:Drivers/STM32WBxx_HAL_Driver/Src/stm32wbxx_hal_rcc.c ****           if (READ_BIT(RCC->CR, RCC_CR_PLLSAI1ON) != 0U)
 901:Drivers/STM32WBxx_HAL_Driver/Src/stm32wbxx_hal_rcc.c **** 
 902:Drivers/STM32WBxx_HAL_Driver/Src/stm32wbxx_hal_rcc.c ****           {
 903:Drivers/STM32WBxx_HAL_Driver/Src/stm32wbxx_hal_rcc.c ****             return HAL_ERROR;
 904:Drivers/STM32WBxx_HAL_Driver/Src/stm32wbxx_hal_rcc.c ****           }
 905:Drivers/STM32WBxx_HAL_Driver/Src/stm32wbxx_hal_rcc.c ****           else
 906:Drivers/STM32WBxx_HAL_Driver/Src/stm32wbxx_hal_rcc.c **** #endif /* SAI1 */
 907:Drivers/STM32WBxx_HAL_Driver/Src/stm32wbxx_hal_rcc.c ****           {
 908:Drivers/STM32WBxx_HAL_Driver/Src/stm32wbxx_hal_rcc.c ****             /* Disable the main PLL. */
 909:Drivers/STM32WBxx_HAL_Driver/Src/stm32wbxx_hal_rcc.c ****             __HAL_RCC_PLL_DISABLE();
 910:Drivers/STM32WBxx_HAL_Driver/Src/stm32wbxx_hal_rcc.c **** 
 911:Drivers/STM32WBxx_HAL_Driver/Src/stm32wbxx_hal_rcc.c ****             /* Get Start Tick*/
 912:Drivers/STM32WBxx_HAL_Driver/Src/stm32wbxx_hal_rcc.c ****             tickstart = HAL_GetTick();
 913:Drivers/STM32WBxx_HAL_Driver/Src/stm32wbxx_hal_rcc.c **** 
 914:Drivers/STM32WBxx_HAL_Driver/Src/stm32wbxx_hal_rcc.c ****             /* Wait till PLL is ready */
 915:Drivers/STM32WBxx_HAL_Driver/Src/stm32wbxx_hal_rcc.c ****             while (READ_BIT(RCC->CR, RCC_CR_PLLRDY) != 0U)
 916:Drivers/STM32WBxx_HAL_Driver/Src/stm32wbxx_hal_rcc.c ****             {
 917:Drivers/STM32WBxx_HAL_Driver/Src/stm32wbxx_hal_rcc.c ****               if ((HAL_GetTick() - tickstart) > PLL_TIMEOUT_VALUE)
 918:Drivers/STM32WBxx_HAL_Driver/Src/stm32wbxx_hal_rcc.c ****               {
 919:Drivers/STM32WBxx_HAL_Driver/Src/stm32wbxx_hal_rcc.c ****                 return HAL_TIMEOUT;
 920:Drivers/STM32WBxx_HAL_Driver/Src/stm32wbxx_hal_rcc.c ****               }
 921:Drivers/STM32WBxx_HAL_Driver/Src/stm32wbxx_hal_rcc.c ****             }
 922:Drivers/STM32WBxx_HAL_Driver/Src/stm32wbxx_hal_rcc.c **** 
 923:Drivers/STM32WBxx_HAL_Driver/Src/stm32wbxx_hal_rcc.c ****             /* Configure the main PLL clock source, multiplication and division factors. */
 924:Drivers/STM32WBxx_HAL_Driver/Src/stm32wbxx_hal_rcc.c ****             __HAL_RCC_PLL_CONFIG(RCC_OscInitStruct->PLL.PLLSource,
 925:Drivers/STM32WBxx_HAL_Driver/Src/stm32wbxx_hal_rcc.c ****                                  RCC_OscInitStruct->PLL.PLLM,
 926:Drivers/STM32WBxx_HAL_Driver/Src/stm32wbxx_hal_rcc.c ****                                  RCC_OscInitStruct->PLL.PLLN,
 927:Drivers/STM32WBxx_HAL_Driver/Src/stm32wbxx_hal_rcc.c ****                                  RCC_OscInitStruct->PLL.PLLP,
 928:Drivers/STM32WBxx_HAL_Driver/Src/stm32wbxx_hal_rcc.c ****                                  RCC_OscInitStruct->PLL.PLLQ,
 929:Drivers/STM32WBxx_HAL_Driver/Src/stm32wbxx_hal_rcc.c ****                                  RCC_OscInitStruct->PLL.PLLR);
 930:Drivers/STM32WBxx_HAL_Driver/Src/stm32wbxx_hal_rcc.c **** 
 931:Drivers/STM32WBxx_HAL_Driver/Src/stm32wbxx_hal_rcc.c ****             /* Enable the main PLL. */
 932:Drivers/STM32WBxx_HAL_Driver/Src/stm32wbxx_hal_rcc.c ****             __HAL_RCC_PLL_ENABLE();
 933:Drivers/STM32WBxx_HAL_Driver/Src/stm32wbxx_hal_rcc.c **** 
 934:Drivers/STM32WBxx_HAL_Driver/Src/stm32wbxx_hal_rcc.c ****             /* Enable PLL System Clock output. */
 935:Drivers/STM32WBxx_HAL_Driver/Src/stm32wbxx_hal_rcc.c ****             __HAL_RCC_PLLCLKOUT_ENABLE(RCC_PLL_SYSCLK);
 936:Drivers/STM32WBxx_HAL_Driver/Src/stm32wbxx_hal_rcc.c **** 
 937:Drivers/STM32WBxx_HAL_Driver/Src/stm32wbxx_hal_rcc.c ****             /* Get Start Tick*/
 938:Drivers/STM32WBxx_HAL_Driver/Src/stm32wbxx_hal_rcc.c ****             tickstart = HAL_GetTick();
 939:Drivers/STM32WBxx_HAL_Driver/Src/stm32wbxx_hal_rcc.c **** 
 940:Drivers/STM32WBxx_HAL_Driver/Src/stm32wbxx_hal_rcc.c ****             /* Wait till PLL is ready */
 941:Drivers/STM32WBxx_HAL_Driver/Src/stm32wbxx_hal_rcc.c ****             while (READ_BIT(RCC->CR, RCC_CR_PLLRDY) == 0U)
 942:Drivers/STM32WBxx_HAL_Driver/Src/stm32wbxx_hal_rcc.c ****             {
ARM GAS  C:\Users\843E~1\AppData\Local\Temp\cc5PNIRY.s 			page 18


 943:Drivers/STM32WBxx_HAL_Driver/Src/stm32wbxx_hal_rcc.c ****               if ((HAL_GetTick() - tickstart) > PLL_TIMEOUT_VALUE)
 944:Drivers/STM32WBxx_HAL_Driver/Src/stm32wbxx_hal_rcc.c ****               {
 945:Drivers/STM32WBxx_HAL_Driver/Src/stm32wbxx_hal_rcc.c ****                 return HAL_TIMEOUT;
 946:Drivers/STM32WBxx_HAL_Driver/Src/stm32wbxx_hal_rcc.c ****               }
 947:Drivers/STM32WBxx_HAL_Driver/Src/stm32wbxx_hal_rcc.c ****             }
 948:Drivers/STM32WBxx_HAL_Driver/Src/stm32wbxx_hal_rcc.c ****           }
 949:Drivers/STM32WBxx_HAL_Driver/Src/stm32wbxx_hal_rcc.c ****         }
 950:Drivers/STM32WBxx_HAL_Driver/Src/stm32wbxx_hal_rcc.c ****         else
 951:Drivers/STM32WBxx_HAL_Driver/Src/stm32wbxx_hal_rcc.c ****         {
 952:Drivers/STM32WBxx_HAL_Driver/Src/stm32wbxx_hal_rcc.c ****           /* PLL is already used as System core clock */
 953:Drivers/STM32WBxx_HAL_Driver/Src/stm32wbxx_hal_rcc.c ****           return HAL_ERROR;
 954:Drivers/STM32WBxx_HAL_Driver/Src/stm32wbxx_hal_rcc.c ****         }
 955:Drivers/STM32WBxx_HAL_Driver/Src/stm32wbxx_hal_rcc.c ****       }
 956:Drivers/STM32WBxx_HAL_Driver/Src/stm32wbxx_hal_rcc.c ****       else
 957:Drivers/STM32WBxx_HAL_Driver/Src/stm32wbxx_hal_rcc.c ****       {
 958:Drivers/STM32WBxx_HAL_Driver/Src/stm32wbxx_hal_rcc.c ****         /* PLL configuration is unchanged */
 959:Drivers/STM32WBxx_HAL_Driver/Src/stm32wbxx_hal_rcc.c ****         /* Re-enable PLL if it was disabled (ie. low power mode) */
 960:Drivers/STM32WBxx_HAL_Driver/Src/stm32wbxx_hal_rcc.c ****         if (READ_BIT(RCC->CR, RCC_CR_PLLRDY) == 0U)
 961:Drivers/STM32WBxx_HAL_Driver/Src/stm32wbxx_hal_rcc.c ****         {
 962:Drivers/STM32WBxx_HAL_Driver/Src/stm32wbxx_hal_rcc.c ****           /* Enable the main PLL. */
 963:Drivers/STM32WBxx_HAL_Driver/Src/stm32wbxx_hal_rcc.c ****           __HAL_RCC_PLL_ENABLE();
 964:Drivers/STM32WBxx_HAL_Driver/Src/stm32wbxx_hal_rcc.c **** 
 965:Drivers/STM32WBxx_HAL_Driver/Src/stm32wbxx_hal_rcc.c ****           /* Enable PLL System Clock output. */
 966:Drivers/STM32WBxx_HAL_Driver/Src/stm32wbxx_hal_rcc.c ****           __HAL_RCC_PLLCLKOUT_ENABLE(RCC_PLL_SYSCLK);
 967:Drivers/STM32WBxx_HAL_Driver/Src/stm32wbxx_hal_rcc.c **** 
 968:Drivers/STM32WBxx_HAL_Driver/Src/stm32wbxx_hal_rcc.c ****           /* Get Start Tick*/
 969:Drivers/STM32WBxx_HAL_Driver/Src/stm32wbxx_hal_rcc.c ****           tickstart = HAL_GetTick();
 970:Drivers/STM32WBxx_HAL_Driver/Src/stm32wbxx_hal_rcc.c **** 
 971:Drivers/STM32WBxx_HAL_Driver/Src/stm32wbxx_hal_rcc.c ****           /* Wait till PLL is ready */
 972:Drivers/STM32WBxx_HAL_Driver/Src/stm32wbxx_hal_rcc.c ****           while (READ_BIT(RCC->CR, RCC_CR_PLLRDY) == 0U)
 973:Drivers/STM32WBxx_HAL_Driver/Src/stm32wbxx_hal_rcc.c ****           {
 974:Drivers/STM32WBxx_HAL_Driver/Src/stm32wbxx_hal_rcc.c ****             if ((HAL_GetTick() - tickstart) > PLL_TIMEOUT_VALUE)
 975:Drivers/STM32WBxx_HAL_Driver/Src/stm32wbxx_hal_rcc.c ****             {
 976:Drivers/STM32WBxx_HAL_Driver/Src/stm32wbxx_hal_rcc.c ****               return HAL_TIMEOUT;
 977:Drivers/STM32WBxx_HAL_Driver/Src/stm32wbxx_hal_rcc.c ****             }
 978:Drivers/STM32WBxx_HAL_Driver/Src/stm32wbxx_hal_rcc.c ****           }
 979:Drivers/STM32WBxx_HAL_Driver/Src/stm32wbxx_hal_rcc.c ****         }
 980:Drivers/STM32WBxx_HAL_Driver/Src/stm32wbxx_hal_rcc.c ****       }
 981:Drivers/STM32WBxx_HAL_Driver/Src/stm32wbxx_hal_rcc.c ****     }
 982:Drivers/STM32WBxx_HAL_Driver/Src/stm32wbxx_hal_rcc.c ****     else
 983:Drivers/STM32WBxx_HAL_Driver/Src/stm32wbxx_hal_rcc.c ****     {
 984:Drivers/STM32WBxx_HAL_Driver/Src/stm32wbxx_hal_rcc.c ****       /* Check that PLL is not used as system clock or not */
 985:Drivers/STM32WBxx_HAL_Driver/Src/stm32wbxx_hal_rcc.c ****       if (temp_sysclksrc != RCC_SYSCLKSOURCE_STATUS_PLLCLK)
 986:Drivers/STM32WBxx_HAL_Driver/Src/stm32wbxx_hal_rcc.c ****       {
 987:Drivers/STM32WBxx_HAL_Driver/Src/stm32wbxx_hal_rcc.c ****         /* Disable the main PLL. */
 988:Drivers/STM32WBxx_HAL_Driver/Src/stm32wbxx_hal_rcc.c ****         __HAL_RCC_PLL_DISABLE();
 989:Drivers/STM32WBxx_HAL_Driver/Src/stm32wbxx_hal_rcc.c **** 
 990:Drivers/STM32WBxx_HAL_Driver/Src/stm32wbxx_hal_rcc.c ****         /* Get Start Tick*/
 991:Drivers/STM32WBxx_HAL_Driver/Src/stm32wbxx_hal_rcc.c ****         tickstart = HAL_GetTick();
 992:Drivers/STM32WBxx_HAL_Driver/Src/stm32wbxx_hal_rcc.c **** 
 993:Drivers/STM32WBxx_HAL_Driver/Src/stm32wbxx_hal_rcc.c ****         /* Wait till PLL is disabled */
 994:Drivers/STM32WBxx_HAL_Driver/Src/stm32wbxx_hal_rcc.c ****         while (READ_BIT(RCC->CR, RCC_CR_PLLRDY) != 0U)
 995:Drivers/STM32WBxx_HAL_Driver/Src/stm32wbxx_hal_rcc.c ****         {
 996:Drivers/STM32WBxx_HAL_Driver/Src/stm32wbxx_hal_rcc.c ****           if ((HAL_GetTick() - tickstart) > PLL_TIMEOUT_VALUE)
 997:Drivers/STM32WBxx_HAL_Driver/Src/stm32wbxx_hal_rcc.c ****           {
 998:Drivers/STM32WBxx_HAL_Driver/Src/stm32wbxx_hal_rcc.c ****             return HAL_TIMEOUT;
 999:Drivers/STM32WBxx_HAL_Driver/Src/stm32wbxx_hal_rcc.c ****           }
ARM GAS  C:\Users\843E~1\AppData\Local\Temp\cc5PNIRY.s 			page 19


1000:Drivers/STM32WBxx_HAL_Driver/Src/stm32wbxx_hal_rcc.c ****         }
1001:Drivers/STM32WBxx_HAL_Driver/Src/stm32wbxx_hal_rcc.c **** 
1002:Drivers/STM32WBxx_HAL_Driver/Src/stm32wbxx_hal_rcc.c ****         /* Disable the PLL source and outputs to save power when PLL is off */
1003:Drivers/STM32WBxx_HAL_Driver/Src/stm32wbxx_hal_rcc.c **** #if defined(SAI1) && defined(USB)
1004:Drivers/STM32WBxx_HAL_Driver/Src/stm32wbxx_hal_rcc.c ****         CLEAR_BIT(RCC->PLLCFGR, (RCC_PLLCFGR_PLLSRC | RCC_PLLCFGR_PLLPEN | RCC_PLLCFGR_PLLQEN | RCC
1005:Drivers/STM32WBxx_HAL_Driver/Src/stm32wbxx_hal_rcc.c **** #else
1006:Drivers/STM32WBxx_HAL_Driver/Src/stm32wbxx_hal_rcc.c ****         CLEAR_BIT(RCC->PLLCFGR, (RCC_PLLCFGR_PLLSRC | RCC_PLLCFGR_PLLREN));
1007:Drivers/STM32WBxx_HAL_Driver/Src/stm32wbxx_hal_rcc.c **** #endif /* SAI1 && USB */
1008:Drivers/STM32WBxx_HAL_Driver/Src/stm32wbxx_hal_rcc.c ****       }
1009:Drivers/STM32WBxx_HAL_Driver/Src/stm32wbxx_hal_rcc.c ****       else
1010:Drivers/STM32WBxx_HAL_Driver/Src/stm32wbxx_hal_rcc.c ****       {
1011:Drivers/STM32WBxx_HAL_Driver/Src/stm32wbxx_hal_rcc.c ****         /* PLL is already used as System core clock */
1012:Drivers/STM32WBxx_HAL_Driver/Src/stm32wbxx_hal_rcc.c ****         return HAL_ERROR;
1013:Drivers/STM32WBxx_HAL_Driver/Src/stm32wbxx_hal_rcc.c ****       }
1014:Drivers/STM32WBxx_HAL_Driver/Src/stm32wbxx_hal_rcc.c ****     }
1015:Drivers/STM32WBxx_HAL_Driver/Src/stm32wbxx_hal_rcc.c ****   }
1016:Drivers/STM32WBxx_HAL_Driver/Src/stm32wbxx_hal_rcc.c ****   return HAL_OK;
1017:Drivers/STM32WBxx_HAL_Driver/Src/stm32wbxx_hal_rcc.c **** }
1018:Drivers/STM32WBxx_HAL_Driver/Src/stm32wbxx_hal_rcc.c **** 
1019:Drivers/STM32WBxx_HAL_Driver/Src/stm32wbxx_hal_rcc.c **** 
1020:Drivers/STM32WBxx_HAL_Driver/Src/stm32wbxx_hal_rcc.c **** /**
1021:Drivers/STM32WBxx_HAL_Driver/Src/stm32wbxx_hal_rcc.c ****   * @brief  Initialize the CPU, AHB and APB buses clocks according to the specified
1022:Drivers/STM32WBxx_HAL_Driver/Src/stm32wbxx_hal_rcc.c ****   *         parameters in the RCC_ClkInitStruct.
1023:Drivers/STM32WBxx_HAL_Driver/Src/stm32wbxx_hal_rcc.c ****   * @param  RCC_ClkInitStruct  pointer to a @ref RCC_ClkInitTypeDef structure that
1024:Drivers/STM32WBxx_HAL_Driver/Src/stm32wbxx_hal_rcc.c ****   *         contains the configuration information for the RCC peripheral.
1025:Drivers/STM32WBxx_HAL_Driver/Src/stm32wbxx_hal_rcc.c ****   * @param  FLatency  FLASH Latency
1026:Drivers/STM32WBxx_HAL_Driver/Src/stm32wbxx_hal_rcc.c ****   *          This parameter can be one of the following values:
1027:Drivers/STM32WBxx_HAL_Driver/Src/stm32wbxx_hal_rcc.c ****   *            @arg FLASH_LATENCY_0   FLASH 0 Latency cycle
1028:Drivers/STM32WBxx_HAL_Driver/Src/stm32wbxx_hal_rcc.c ****   *            @arg FLASH_LATENCY_1   FLASH 1 Latency cycle
1029:Drivers/STM32WBxx_HAL_Driver/Src/stm32wbxx_hal_rcc.c ****   *            @arg FLASH_LATENCY_2   FLASH 2 Latency cycle
1030:Drivers/STM32WBxx_HAL_Driver/Src/stm32wbxx_hal_rcc.c ****   *            @arg FLASH_LATENCY_3   FLASH 3 Latency cycle
1031:Drivers/STM32WBxx_HAL_Driver/Src/stm32wbxx_hal_rcc.c ****   *
1032:Drivers/STM32WBxx_HAL_Driver/Src/stm32wbxx_hal_rcc.c ****   * @note   The SystemCoreClock CMSIS variable is used to store System Clock Frequency
1033:Drivers/STM32WBxx_HAL_Driver/Src/stm32wbxx_hal_rcc.c ****   *         and updated by @ref HAL_RCC_GetHCLKFreq() function called within this function
1034:Drivers/STM32WBxx_HAL_Driver/Src/stm32wbxx_hal_rcc.c ****   *
1035:Drivers/STM32WBxx_HAL_Driver/Src/stm32wbxx_hal_rcc.c ****   * @note   The MSI is used by default as system clock source after
1036:Drivers/STM32WBxx_HAL_Driver/Src/stm32wbxx_hal_rcc.c ****   *         startup from Reset, wake-up from STANDBY mode. After restart from Reset,
1037:Drivers/STM32WBxx_HAL_Driver/Src/stm32wbxx_hal_rcc.c ****   *         the MSI frequency is set to its default value 4 MHz.
1038:Drivers/STM32WBxx_HAL_Driver/Src/stm32wbxx_hal_rcc.c ****   *
1039:Drivers/STM32WBxx_HAL_Driver/Src/stm32wbxx_hal_rcc.c ****   * @note   The HSI can be selected as system clock source after
1040:Drivers/STM32WBxx_HAL_Driver/Src/stm32wbxx_hal_rcc.c ****   *         from STOP modes or in case of failure of the HSE used directly or indirectly
1041:Drivers/STM32WBxx_HAL_Driver/Src/stm32wbxx_hal_rcc.c ****   *         as system clock (if the Clock Security System CSS is enabled).
1042:Drivers/STM32WBxx_HAL_Driver/Src/stm32wbxx_hal_rcc.c ****   *
1043:Drivers/STM32WBxx_HAL_Driver/Src/stm32wbxx_hal_rcc.c ****   * @note   A switch from one clock source to another occurs only if the target
1044:Drivers/STM32WBxx_HAL_Driver/Src/stm32wbxx_hal_rcc.c ****   *         clock source is ready (clock stable after startup delay or PLL locked).
1045:Drivers/STM32WBxx_HAL_Driver/Src/stm32wbxx_hal_rcc.c ****   *         If a clock source which is not yet ready is selected, the switch will
1046:Drivers/STM32WBxx_HAL_Driver/Src/stm32wbxx_hal_rcc.c ****   *         occur when the clock source is ready.
1047:Drivers/STM32WBxx_HAL_Driver/Src/stm32wbxx_hal_rcc.c ****   *
1048:Drivers/STM32WBxx_HAL_Driver/Src/stm32wbxx_hal_rcc.c ****   * @note   You can use @ref HAL_RCC_GetClockConfig() function to know which clock is
1049:Drivers/STM32WBxx_HAL_Driver/Src/stm32wbxx_hal_rcc.c ****   *         currently used as system clock source.
1050:Drivers/STM32WBxx_HAL_Driver/Src/stm32wbxx_hal_rcc.c ****   *
1051:Drivers/STM32WBxx_HAL_Driver/Src/stm32wbxx_hal_rcc.c ****   * @note   Depending on the device voltage range, the software has to set correctly
1052:Drivers/STM32WBxx_HAL_Driver/Src/stm32wbxx_hal_rcc.c ****   *         HPRE[3:0] bits to ensure that HCLK1 not exceed the maximum allowed frequency
1053:Drivers/STM32WBxx_HAL_Driver/Src/stm32wbxx_hal_rcc.c ****   *         (for more details refer to section above "Initialization/de-initialization functions")
1054:Drivers/STM32WBxx_HAL_Driver/Src/stm32wbxx_hal_rcc.c ****   * @retval None
1055:Drivers/STM32WBxx_HAL_Driver/Src/stm32wbxx_hal_rcc.c ****   */
1056:Drivers/STM32WBxx_HAL_Driver/Src/stm32wbxx_hal_rcc.c **** HAL_StatusTypeDef HAL_RCC_ClockConfig(RCC_ClkInitTypeDef  *RCC_ClkInitStruct, uint32_t FLatency)
ARM GAS  C:\Users\843E~1\AppData\Local\Temp\cc5PNIRY.s 			page 20


1057:Drivers/STM32WBxx_HAL_Driver/Src/stm32wbxx_hal_rcc.c **** {
1058:Drivers/STM32WBxx_HAL_Driver/Src/stm32wbxx_hal_rcc.c ****   uint32_t tickstart;
1059:Drivers/STM32WBxx_HAL_Driver/Src/stm32wbxx_hal_rcc.c **** 
1060:Drivers/STM32WBxx_HAL_Driver/Src/stm32wbxx_hal_rcc.c ****   /* Check Null pointer */
1061:Drivers/STM32WBxx_HAL_Driver/Src/stm32wbxx_hal_rcc.c ****   if (RCC_ClkInitStruct == NULL)
1062:Drivers/STM32WBxx_HAL_Driver/Src/stm32wbxx_hal_rcc.c ****   {
1063:Drivers/STM32WBxx_HAL_Driver/Src/stm32wbxx_hal_rcc.c ****     return HAL_ERROR;
1064:Drivers/STM32WBxx_HAL_Driver/Src/stm32wbxx_hal_rcc.c ****   }
1065:Drivers/STM32WBxx_HAL_Driver/Src/stm32wbxx_hal_rcc.c **** 
1066:Drivers/STM32WBxx_HAL_Driver/Src/stm32wbxx_hal_rcc.c ****   /* Check the parameters */
1067:Drivers/STM32WBxx_HAL_Driver/Src/stm32wbxx_hal_rcc.c ****   assert_param(IS_RCC_CLOCKTYPE(RCC_ClkInitStruct->ClockType));
1068:Drivers/STM32WBxx_HAL_Driver/Src/stm32wbxx_hal_rcc.c ****   assert_param(IS_FLASH_LATENCY(FLatency));
1069:Drivers/STM32WBxx_HAL_Driver/Src/stm32wbxx_hal_rcc.c **** 
1070:Drivers/STM32WBxx_HAL_Driver/Src/stm32wbxx_hal_rcc.c ****   /* To correctly read data from FLASH memory, the number of wait states (LATENCY)
1071:Drivers/STM32WBxx_HAL_Driver/Src/stm32wbxx_hal_rcc.c ****     must be correctly programmed according to the frequency of the FLASH clock
1072:Drivers/STM32WBxx_HAL_Driver/Src/stm32wbxx_hal_rcc.c ****     (HCLK4) and the supply voltage of the device. */
1073:Drivers/STM32WBxx_HAL_Driver/Src/stm32wbxx_hal_rcc.c **** 
1074:Drivers/STM32WBxx_HAL_Driver/Src/stm32wbxx_hal_rcc.c ****   /* Increasing the number of wait states because of higher CPU frequency */
1075:Drivers/STM32WBxx_HAL_Driver/Src/stm32wbxx_hal_rcc.c ****   if (FLatency > __HAL_FLASH_GET_LATENCY())
1076:Drivers/STM32WBxx_HAL_Driver/Src/stm32wbxx_hal_rcc.c ****   {
1077:Drivers/STM32WBxx_HAL_Driver/Src/stm32wbxx_hal_rcc.c ****     /* Program the new number of wait states to the LATENCY bits in the FLASH_ACR register */
1078:Drivers/STM32WBxx_HAL_Driver/Src/stm32wbxx_hal_rcc.c ****     __HAL_FLASH_SET_LATENCY(FLatency);
1079:Drivers/STM32WBxx_HAL_Driver/Src/stm32wbxx_hal_rcc.c **** 
1080:Drivers/STM32WBxx_HAL_Driver/Src/stm32wbxx_hal_rcc.c ****     /* Get Start Tick*/
1081:Drivers/STM32WBxx_HAL_Driver/Src/stm32wbxx_hal_rcc.c ****     tickstart = HAL_GetTick();
1082:Drivers/STM32WBxx_HAL_Driver/Src/stm32wbxx_hal_rcc.c **** 
1083:Drivers/STM32WBxx_HAL_Driver/Src/stm32wbxx_hal_rcc.c ****     /* Check that the new number of wait states is taken into account to access the Flash
1084:Drivers/STM32WBxx_HAL_Driver/Src/stm32wbxx_hal_rcc.c ****        memory by reading the FLASH_ACR register */
1085:Drivers/STM32WBxx_HAL_Driver/Src/stm32wbxx_hal_rcc.c ****     while (__HAL_FLASH_GET_LATENCY() != FLatency)
1086:Drivers/STM32WBxx_HAL_Driver/Src/stm32wbxx_hal_rcc.c ****     {
1087:Drivers/STM32WBxx_HAL_Driver/Src/stm32wbxx_hal_rcc.c ****       if ((HAL_GetTick() - tickstart) > LATENCY_TIMEOUT_VALUE)
1088:Drivers/STM32WBxx_HAL_Driver/Src/stm32wbxx_hal_rcc.c ****       {
1089:Drivers/STM32WBxx_HAL_Driver/Src/stm32wbxx_hal_rcc.c ****         return HAL_TIMEOUT;
1090:Drivers/STM32WBxx_HAL_Driver/Src/stm32wbxx_hal_rcc.c ****       }
1091:Drivers/STM32WBxx_HAL_Driver/Src/stm32wbxx_hal_rcc.c ****     }
1092:Drivers/STM32WBxx_HAL_Driver/Src/stm32wbxx_hal_rcc.c ****   }
1093:Drivers/STM32WBxx_HAL_Driver/Src/stm32wbxx_hal_rcc.c **** 
1094:Drivers/STM32WBxx_HAL_Driver/Src/stm32wbxx_hal_rcc.c ****   /*-------------------------- HCLK1 Configuration --------------------------*/
1095:Drivers/STM32WBxx_HAL_Driver/Src/stm32wbxx_hal_rcc.c ****   if (((RCC_ClkInitStruct->ClockType) & RCC_CLOCKTYPE_HCLK) == RCC_CLOCKTYPE_HCLK)
1096:Drivers/STM32WBxx_HAL_Driver/Src/stm32wbxx_hal_rcc.c ****   {
1097:Drivers/STM32WBxx_HAL_Driver/Src/stm32wbxx_hal_rcc.c ****     assert_param(IS_RCC_HCLKx(RCC_ClkInitStruct->AHBCLKDivider));
1098:Drivers/STM32WBxx_HAL_Driver/Src/stm32wbxx_hal_rcc.c ****     LL_RCC_SetAHBPrescaler(RCC_ClkInitStruct->AHBCLKDivider);
1099:Drivers/STM32WBxx_HAL_Driver/Src/stm32wbxx_hal_rcc.c **** 
1100:Drivers/STM32WBxx_HAL_Driver/Src/stm32wbxx_hal_rcc.c ****     /* HCLK1 prescaler flag when value applied */
1101:Drivers/STM32WBxx_HAL_Driver/Src/stm32wbxx_hal_rcc.c ****     tickstart = HAL_GetTick();
1102:Drivers/STM32WBxx_HAL_Driver/Src/stm32wbxx_hal_rcc.c ****     while (LL_RCC_IsActiveFlag_HPRE() == 0U)
1103:Drivers/STM32WBxx_HAL_Driver/Src/stm32wbxx_hal_rcc.c ****     {
1104:Drivers/STM32WBxx_HAL_Driver/Src/stm32wbxx_hal_rcc.c ****       if ((HAL_GetTick() - tickstart) > PRESCALER_TIMEOUT_VALUE)
1105:Drivers/STM32WBxx_HAL_Driver/Src/stm32wbxx_hal_rcc.c ****       {
1106:Drivers/STM32WBxx_HAL_Driver/Src/stm32wbxx_hal_rcc.c ****         return HAL_TIMEOUT;
1107:Drivers/STM32WBxx_HAL_Driver/Src/stm32wbxx_hal_rcc.c ****       }
1108:Drivers/STM32WBxx_HAL_Driver/Src/stm32wbxx_hal_rcc.c ****     }
1109:Drivers/STM32WBxx_HAL_Driver/Src/stm32wbxx_hal_rcc.c ****   }
1110:Drivers/STM32WBxx_HAL_Driver/Src/stm32wbxx_hal_rcc.c **** 
1111:Drivers/STM32WBxx_HAL_Driver/Src/stm32wbxx_hal_rcc.c ****   /*-------------------------- HCLK2 Configuration --------------------------*/
1112:Drivers/STM32WBxx_HAL_Driver/Src/stm32wbxx_hal_rcc.c ****   if (((RCC_ClkInitStruct->ClockType) & RCC_CLOCKTYPE_HCLK2) == RCC_CLOCKTYPE_HCLK2)
1113:Drivers/STM32WBxx_HAL_Driver/Src/stm32wbxx_hal_rcc.c ****   {
ARM GAS  C:\Users\843E~1\AppData\Local\Temp\cc5PNIRY.s 			page 21


1114:Drivers/STM32WBxx_HAL_Driver/Src/stm32wbxx_hal_rcc.c ****     assert_param(IS_RCC_HCLKx(RCC_ClkInitStruct->AHBCLK2Divider));
1115:Drivers/STM32WBxx_HAL_Driver/Src/stm32wbxx_hal_rcc.c ****     LL_C2_RCC_SetAHBPrescaler(RCC_ClkInitStruct->AHBCLK2Divider);
1116:Drivers/STM32WBxx_HAL_Driver/Src/stm32wbxx_hal_rcc.c **** 
1117:Drivers/STM32WBxx_HAL_Driver/Src/stm32wbxx_hal_rcc.c ****     /* HCLK2 prescaler flag when value applied */
1118:Drivers/STM32WBxx_HAL_Driver/Src/stm32wbxx_hal_rcc.c ****     tickstart = HAL_GetTick();
1119:Drivers/STM32WBxx_HAL_Driver/Src/stm32wbxx_hal_rcc.c ****     while (LL_RCC_IsActiveFlag_C2HPRE() == 0U)
1120:Drivers/STM32WBxx_HAL_Driver/Src/stm32wbxx_hal_rcc.c ****     {
1121:Drivers/STM32WBxx_HAL_Driver/Src/stm32wbxx_hal_rcc.c ****       if ((HAL_GetTick() - tickstart) > PRESCALER_TIMEOUT_VALUE)
1122:Drivers/STM32WBxx_HAL_Driver/Src/stm32wbxx_hal_rcc.c ****       {
1123:Drivers/STM32WBxx_HAL_Driver/Src/stm32wbxx_hal_rcc.c ****         return HAL_TIMEOUT;
1124:Drivers/STM32WBxx_HAL_Driver/Src/stm32wbxx_hal_rcc.c ****       }
1125:Drivers/STM32WBxx_HAL_Driver/Src/stm32wbxx_hal_rcc.c ****     }
1126:Drivers/STM32WBxx_HAL_Driver/Src/stm32wbxx_hal_rcc.c ****   }
1127:Drivers/STM32WBxx_HAL_Driver/Src/stm32wbxx_hal_rcc.c ****   /*-------------------------- HCLK4 Configuration --------------------------*/
1128:Drivers/STM32WBxx_HAL_Driver/Src/stm32wbxx_hal_rcc.c ****   if (((RCC_ClkInitStruct->ClockType) & RCC_CLOCKTYPE_HCLK4) == RCC_CLOCKTYPE_HCLK4)
1129:Drivers/STM32WBxx_HAL_Driver/Src/stm32wbxx_hal_rcc.c ****   {
1130:Drivers/STM32WBxx_HAL_Driver/Src/stm32wbxx_hal_rcc.c ****     assert_param(IS_RCC_HCLKx(RCC_ClkInitStruct->AHBCLK4Divider));
1131:Drivers/STM32WBxx_HAL_Driver/Src/stm32wbxx_hal_rcc.c ****     LL_RCC_SetAHB4Prescaler(RCC_ClkInitStruct->AHBCLK4Divider);
1132:Drivers/STM32WBxx_HAL_Driver/Src/stm32wbxx_hal_rcc.c **** 
1133:Drivers/STM32WBxx_HAL_Driver/Src/stm32wbxx_hal_rcc.c ****     /* AHB shared prescaler flag when value applied */
1134:Drivers/STM32WBxx_HAL_Driver/Src/stm32wbxx_hal_rcc.c ****     tickstart = HAL_GetTick();
1135:Drivers/STM32WBxx_HAL_Driver/Src/stm32wbxx_hal_rcc.c ****     while (LL_RCC_IsActiveFlag_SHDHPRE() == 0U)
1136:Drivers/STM32WBxx_HAL_Driver/Src/stm32wbxx_hal_rcc.c ****     {
1137:Drivers/STM32WBxx_HAL_Driver/Src/stm32wbxx_hal_rcc.c ****       if ((HAL_GetTick() - tickstart) > PRESCALER_TIMEOUT_VALUE)
1138:Drivers/STM32WBxx_HAL_Driver/Src/stm32wbxx_hal_rcc.c ****       {
1139:Drivers/STM32WBxx_HAL_Driver/Src/stm32wbxx_hal_rcc.c ****         return HAL_TIMEOUT;
1140:Drivers/STM32WBxx_HAL_Driver/Src/stm32wbxx_hal_rcc.c ****       }
1141:Drivers/STM32WBxx_HAL_Driver/Src/stm32wbxx_hal_rcc.c ****     }
1142:Drivers/STM32WBxx_HAL_Driver/Src/stm32wbxx_hal_rcc.c ****   }
1143:Drivers/STM32WBxx_HAL_Driver/Src/stm32wbxx_hal_rcc.c **** 
1144:Drivers/STM32WBxx_HAL_Driver/Src/stm32wbxx_hal_rcc.c ****   /*-------------------------- PCLK1 Configuration ---------------------------*/
1145:Drivers/STM32WBxx_HAL_Driver/Src/stm32wbxx_hal_rcc.c ****   if (((RCC_ClkInitStruct->ClockType) & RCC_CLOCKTYPE_PCLK1) == RCC_CLOCKTYPE_PCLK1)
1146:Drivers/STM32WBxx_HAL_Driver/Src/stm32wbxx_hal_rcc.c ****   {
1147:Drivers/STM32WBxx_HAL_Driver/Src/stm32wbxx_hal_rcc.c ****     assert_param(IS_RCC_PCLKx(RCC_ClkInitStruct->APB1CLKDivider));
1148:Drivers/STM32WBxx_HAL_Driver/Src/stm32wbxx_hal_rcc.c ****     LL_RCC_SetAPB1Prescaler(RCC_ClkInitStruct->APB1CLKDivider);
1149:Drivers/STM32WBxx_HAL_Driver/Src/stm32wbxx_hal_rcc.c **** 
1150:Drivers/STM32WBxx_HAL_Driver/Src/stm32wbxx_hal_rcc.c ****     /* APB1 prescaler flag when value applied */
1151:Drivers/STM32WBxx_HAL_Driver/Src/stm32wbxx_hal_rcc.c ****     tickstart = HAL_GetTick();
1152:Drivers/STM32WBxx_HAL_Driver/Src/stm32wbxx_hal_rcc.c ****     while (LL_RCC_IsActiveFlag_PPRE1() == 0U)
1153:Drivers/STM32WBxx_HAL_Driver/Src/stm32wbxx_hal_rcc.c ****     {
1154:Drivers/STM32WBxx_HAL_Driver/Src/stm32wbxx_hal_rcc.c ****       if ((HAL_GetTick() - tickstart) > PRESCALER_TIMEOUT_VALUE)
1155:Drivers/STM32WBxx_HAL_Driver/Src/stm32wbxx_hal_rcc.c ****       {
1156:Drivers/STM32WBxx_HAL_Driver/Src/stm32wbxx_hal_rcc.c ****         return HAL_TIMEOUT;
1157:Drivers/STM32WBxx_HAL_Driver/Src/stm32wbxx_hal_rcc.c ****       }
1158:Drivers/STM32WBxx_HAL_Driver/Src/stm32wbxx_hal_rcc.c ****     }
1159:Drivers/STM32WBxx_HAL_Driver/Src/stm32wbxx_hal_rcc.c ****   }
1160:Drivers/STM32WBxx_HAL_Driver/Src/stm32wbxx_hal_rcc.c **** 
1161:Drivers/STM32WBxx_HAL_Driver/Src/stm32wbxx_hal_rcc.c ****   /*-------------------------- PCLK2 Configuration ---------------------------*/
1162:Drivers/STM32WBxx_HAL_Driver/Src/stm32wbxx_hal_rcc.c ****   if (((RCC_ClkInitStruct->ClockType) & RCC_CLOCKTYPE_PCLK2) == RCC_CLOCKTYPE_PCLK2)
1163:Drivers/STM32WBxx_HAL_Driver/Src/stm32wbxx_hal_rcc.c ****   {
1164:Drivers/STM32WBxx_HAL_Driver/Src/stm32wbxx_hal_rcc.c ****     assert_param(IS_RCC_PCLKx(RCC_ClkInitStruct->APB2CLKDivider));
1165:Drivers/STM32WBxx_HAL_Driver/Src/stm32wbxx_hal_rcc.c ****     LL_RCC_SetAPB2Prescaler((RCC_ClkInitStruct->APB2CLKDivider) << 3U);
1166:Drivers/STM32WBxx_HAL_Driver/Src/stm32wbxx_hal_rcc.c **** 
1167:Drivers/STM32WBxx_HAL_Driver/Src/stm32wbxx_hal_rcc.c ****     /* APB2 prescaler flag when value applied */
1168:Drivers/STM32WBxx_HAL_Driver/Src/stm32wbxx_hal_rcc.c ****     tickstart = HAL_GetTick();
1169:Drivers/STM32WBxx_HAL_Driver/Src/stm32wbxx_hal_rcc.c ****     while (LL_RCC_IsActiveFlag_PPRE2() == 0U)
1170:Drivers/STM32WBxx_HAL_Driver/Src/stm32wbxx_hal_rcc.c ****     {
ARM GAS  C:\Users\843E~1\AppData\Local\Temp\cc5PNIRY.s 			page 22


1171:Drivers/STM32WBxx_HAL_Driver/Src/stm32wbxx_hal_rcc.c ****       if ((HAL_GetTick() - tickstart) > PRESCALER_TIMEOUT_VALUE)
1172:Drivers/STM32WBxx_HAL_Driver/Src/stm32wbxx_hal_rcc.c ****       {
1173:Drivers/STM32WBxx_HAL_Driver/Src/stm32wbxx_hal_rcc.c ****         return HAL_TIMEOUT;
1174:Drivers/STM32WBxx_HAL_Driver/Src/stm32wbxx_hal_rcc.c ****       }
1175:Drivers/STM32WBxx_HAL_Driver/Src/stm32wbxx_hal_rcc.c ****     }
1176:Drivers/STM32WBxx_HAL_Driver/Src/stm32wbxx_hal_rcc.c ****   }
1177:Drivers/STM32WBxx_HAL_Driver/Src/stm32wbxx_hal_rcc.c **** 
1178:Drivers/STM32WBxx_HAL_Driver/Src/stm32wbxx_hal_rcc.c ****   /*------------------------- SYSCLK Configuration ---------------------------*/
1179:Drivers/STM32WBxx_HAL_Driver/Src/stm32wbxx_hal_rcc.c ****   if (((RCC_ClkInitStruct->ClockType) & RCC_CLOCKTYPE_SYSCLK) == RCC_CLOCKTYPE_SYSCLK)
1180:Drivers/STM32WBxx_HAL_Driver/Src/stm32wbxx_hal_rcc.c ****   {
1181:Drivers/STM32WBxx_HAL_Driver/Src/stm32wbxx_hal_rcc.c ****     assert_param(IS_RCC_SYSCLKSOURCE(RCC_ClkInitStruct->SYSCLKSource));
1182:Drivers/STM32WBxx_HAL_Driver/Src/stm32wbxx_hal_rcc.c **** 
1183:Drivers/STM32WBxx_HAL_Driver/Src/stm32wbxx_hal_rcc.c ****     /* HSE is selected as System Clock Source */
1184:Drivers/STM32WBxx_HAL_Driver/Src/stm32wbxx_hal_rcc.c ****     if (RCC_ClkInitStruct->SYSCLKSource == RCC_SYSCLKSOURCE_HSE)
1185:Drivers/STM32WBxx_HAL_Driver/Src/stm32wbxx_hal_rcc.c ****     {
1186:Drivers/STM32WBxx_HAL_Driver/Src/stm32wbxx_hal_rcc.c ****       /* Check the HSE ready flag */
1187:Drivers/STM32WBxx_HAL_Driver/Src/stm32wbxx_hal_rcc.c ****       if (LL_RCC_HSE_IsReady() == 0U)
1188:Drivers/STM32WBxx_HAL_Driver/Src/stm32wbxx_hal_rcc.c ****       {
1189:Drivers/STM32WBxx_HAL_Driver/Src/stm32wbxx_hal_rcc.c ****         return HAL_ERROR;
1190:Drivers/STM32WBxx_HAL_Driver/Src/stm32wbxx_hal_rcc.c ****       }
1191:Drivers/STM32WBxx_HAL_Driver/Src/stm32wbxx_hal_rcc.c ****     }
1192:Drivers/STM32WBxx_HAL_Driver/Src/stm32wbxx_hal_rcc.c ****     /* PLL is selected as System Clock Source */
1193:Drivers/STM32WBxx_HAL_Driver/Src/stm32wbxx_hal_rcc.c ****     else if (RCC_ClkInitStruct->SYSCLKSource == RCC_SYSCLKSOURCE_PLLCLK)
1194:Drivers/STM32WBxx_HAL_Driver/Src/stm32wbxx_hal_rcc.c ****     {
1195:Drivers/STM32WBxx_HAL_Driver/Src/stm32wbxx_hal_rcc.c ****       /* Check the PLL ready flag */
1196:Drivers/STM32WBxx_HAL_Driver/Src/stm32wbxx_hal_rcc.c ****       if (LL_RCC_PLL_IsReady() == 0U)
1197:Drivers/STM32WBxx_HAL_Driver/Src/stm32wbxx_hal_rcc.c ****       {
1198:Drivers/STM32WBxx_HAL_Driver/Src/stm32wbxx_hal_rcc.c ****         return HAL_ERROR;
1199:Drivers/STM32WBxx_HAL_Driver/Src/stm32wbxx_hal_rcc.c ****       }
1200:Drivers/STM32WBxx_HAL_Driver/Src/stm32wbxx_hal_rcc.c ****     }
1201:Drivers/STM32WBxx_HAL_Driver/Src/stm32wbxx_hal_rcc.c ****     /* MSI is selected as System Clock Source */
1202:Drivers/STM32WBxx_HAL_Driver/Src/stm32wbxx_hal_rcc.c ****     else if (RCC_ClkInitStruct->SYSCLKSource == RCC_SYSCLKSOURCE_MSI)
1203:Drivers/STM32WBxx_HAL_Driver/Src/stm32wbxx_hal_rcc.c ****     {
1204:Drivers/STM32WBxx_HAL_Driver/Src/stm32wbxx_hal_rcc.c ****       /* Check the MSI ready flag */
1205:Drivers/STM32WBxx_HAL_Driver/Src/stm32wbxx_hal_rcc.c ****       if (LL_RCC_MSI_IsReady() == 0U)
1206:Drivers/STM32WBxx_HAL_Driver/Src/stm32wbxx_hal_rcc.c ****       {
1207:Drivers/STM32WBxx_HAL_Driver/Src/stm32wbxx_hal_rcc.c ****         return HAL_ERROR;
1208:Drivers/STM32WBxx_HAL_Driver/Src/stm32wbxx_hal_rcc.c ****       }
1209:Drivers/STM32WBxx_HAL_Driver/Src/stm32wbxx_hal_rcc.c ****     }
1210:Drivers/STM32WBxx_HAL_Driver/Src/stm32wbxx_hal_rcc.c ****     /* HSI is selected as System Clock Source */
1211:Drivers/STM32WBxx_HAL_Driver/Src/stm32wbxx_hal_rcc.c ****     else
1212:Drivers/STM32WBxx_HAL_Driver/Src/stm32wbxx_hal_rcc.c ****     {
1213:Drivers/STM32WBxx_HAL_Driver/Src/stm32wbxx_hal_rcc.c ****       /* Check the HSI ready flag */
1214:Drivers/STM32WBxx_HAL_Driver/Src/stm32wbxx_hal_rcc.c ****       if (LL_RCC_HSI_IsReady() == 0U)
1215:Drivers/STM32WBxx_HAL_Driver/Src/stm32wbxx_hal_rcc.c ****       {
1216:Drivers/STM32WBxx_HAL_Driver/Src/stm32wbxx_hal_rcc.c ****         return HAL_ERROR;
1217:Drivers/STM32WBxx_HAL_Driver/Src/stm32wbxx_hal_rcc.c ****       }
1218:Drivers/STM32WBxx_HAL_Driver/Src/stm32wbxx_hal_rcc.c **** 
1219:Drivers/STM32WBxx_HAL_Driver/Src/stm32wbxx_hal_rcc.c ****     }
1220:Drivers/STM32WBxx_HAL_Driver/Src/stm32wbxx_hal_rcc.c **** 
1221:Drivers/STM32WBxx_HAL_Driver/Src/stm32wbxx_hal_rcc.c ****     /* apply system clock switch */
1222:Drivers/STM32WBxx_HAL_Driver/Src/stm32wbxx_hal_rcc.c ****     LL_RCC_SetSysClkSource(RCC_ClkInitStruct->SYSCLKSource);
1223:Drivers/STM32WBxx_HAL_Driver/Src/stm32wbxx_hal_rcc.c **** 
1224:Drivers/STM32WBxx_HAL_Driver/Src/stm32wbxx_hal_rcc.c ****     /* Get Start Tick*/
1225:Drivers/STM32WBxx_HAL_Driver/Src/stm32wbxx_hal_rcc.c ****     tickstart = HAL_GetTick();
1226:Drivers/STM32WBxx_HAL_Driver/Src/stm32wbxx_hal_rcc.c **** 
1227:Drivers/STM32WBxx_HAL_Driver/Src/stm32wbxx_hal_rcc.c ****     /* check system clock source switch status */
ARM GAS  C:\Users\843E~1\AppData\Local\Temp\cc5PNIRY.s 			page 23


1228:Drivers/STM32WBxx_HAL_Driver/Src/stm32wbxx_hal_rcc.c ****     while (__HAL_RCC_GET_SYSCLK_SOURCE() != (RCC_ClkInitStruct->SYSCLKSource << RCC_CFGR_SWS_Pos))
1229:Drivers/STM32WBxx_HAL_Driver/Src/stm32wbxx_hal_rcc.c ****     {
1230:Drivers/STM32WBxx_HAL_Driver/Src/stm32wbxx_hal_rcc.c ****       if ((HAL_GetTick() - tickstart) > CLOCKSWITCH_TIMEOUT_VALUE)
1231:Drivers/STM32WBxx_HAL_Driver/Src/stm32wbxx_hal_rcc.c ****       {
1232:Drivers/STM32WBxx_HAL_Driver/Src/stm32wbxx_hal_rcc.c ****         return HAL_TIMEOUT;
1233:Drivers/STM32WBxx_HAL_Driver/Src/stm32wbxx_hal_rcc.c ****       }
1234:Drivers/STM32WBxx_HAL_Driver/Src/stm32wbxx_hal_rcc.c ****     }
1235:Drivers/STM32WBxx_HAL_Driver/Src/stm32wbxx_hal_rcc.c ****   }
1236:Drivers/STM32WBxx_HAL_Driver/Src/stm32wbxx_hal_rcc.c **** 
1237:Drivers/STM32WBxx_HAL_Driver/Src/stm32wbxx_hal_rcc.c ****   /* Decreasing the number of wait states because of lower CPU frequency */
1238:Drivers/STM32WBxx_HAL_Driver/Src/stm32wbxx_hal_rcc.c ****   if (FLatency < __HAL_FLASH_GET_LATENCY())
1239:Drivers/STM32WBxx_HAL_Driver/Src/stm32wbxx_hal_rcc.c ****   {
1240:Drivers/STM32WBxx_HAL_Driver/Src/stm32wbxx_hal_rcc.c ****     /* Program the new number of wait states to the LATENCY bits in the FLASH_ACR register */
1241:Drivers/STM32WBxx_HAL_Driver/Src/stm32wbxx_hal_rcc.c ****     __HAL_FLASH_SET_LATENCY(FLatency);
1242:Drivers/STM32WBxx_HAL_Driver/Src/stm32wbxx_hal_rcc.c **** 
1243:Drivers/STM32WBxx_HAL_Driver/Src/stm32wbxx_hal_rcc.c ****     /* Get Start Tick*/
1244:Drivers/STM32WBxx_HAL_Driver/Src/stm32wbxx_hal_rcc.c ****     tickstart = HAL_GetTick();
1245:Drivers/STM32WBxx_HAL_Driver/Src/stm32wbxx_hal_rcc.c **** 
1246:Drivers/STM32WBxx_HAL_Driver/Src/stm32wbxx_hal_rcc.c ****     /* Check that the new number of wait states is taken into account to access the Flash
1247:Drivers/STM32WBxx_HAL_Driver/Src/stm32wbxx_hal_rcc.c ****     memory by reading the FLASH_ACR register */
1248:Drivers/STM32WBxx_HAL_Driver/Src/stm32wbxx_hal_rcc.c ****     while (__HAL_FLASH_GET_LATENCY() != FLatency)
1249:Drivers/STM32WBxx_HAL_Driver/Src/stm32wbxx_hal_rcc.c ****     {
1250:Drivers/STM32WBxx_HAL_Driver/Src/stm32wbxx_hal_rcc.c ****       if ((HAL_GetTick() - tickstart) > LATENCY_TIMEOUT_VALUE)
1251:Drivers/STM32WBxx_HAL_Driver/Src/stm32wbxx_hal_rcc.c ****       {
1252:Drivers/STM32WBxx_HAL_Driver/Src/stm32wbxx_hal_rcc.c ****         return HAL_TIMEOUT;
1253:Drivers/STM32WBxx_HAL_Driver/Src/stm32wbxx_hal_rcc.c ****       }
1254:Drivers/STM32WBxx_HAL_Driver/Src/stm32wbxx_hal_rcc.c ****     }
1255:Drivers/STM32WBxx_HAL_Driver/Src/stm32wbxx_hal_rcc.c ****   }
1256:Drivers/STM32WBxx_HAL_Driver/Src/stm32wbxx_hal_rcc.c **** 
1257:Drivers/STM32WBxx_HAL_Driver/Src/stm32wbxx_hal_rcc.c ****   /*---------------------------------------------------------------------------*/
1258:Drivers/STM32WBxx_HAL_Driver/Src/stm32wbxx_hal_rcc.c **** 
1259:Drivers/STM32WBxx_HAL_Driver/Src/stm32wbxx_hal_rcc.c ****   /* Update the SystemCoreClock global variable */
1260:Drivers/STM32WBxx_HAL_Driver/Src/stm32wbxx_hal_rcc.c ****   SystemCoreClock = HAL_RCC_GetHCLKFreq();
1261:Drivers/STM32WBxx_HAL_Driver/Src/stm32wbxx_hal_rcc.c **** 
1262:Drivers/STM32WBxx_HAL_Driver/Src/stm32wbxx_hal_rcc.c ****   /* Configure the source of time base considering new system clocks settings*/
1263:Drivers/STM32WBxx_HAL_Driver/Src/stm32wbxx_hal_rcc.c ****   return HAL_InitTick(HAL_GetTickPrio());
1264:Drivers/STM32WBxx_HAL_Driver/Src/stm32wbxx_hal_rcc.c **** }
1265:Drivers/STM32WBxx_HAL_Driver/Src/stm32wbxx_hal_rcc.c **** 
1266:Drivers/STM32WBxx_HAL_Driver/Src/stm32wbxx_hal_rcc.c **** /**
1267:Drivers/STM32WBxx_HAL_Driver/Src/stm32wbxx_hal_rcc.c ****   * @}
1268:Drivers/STM32WBxx_HAL_Driver/Src/stm32wbxx_hal_rcc.c ****   */
1269:Drivers/STM32WBxx_HAL_Driver/Src/stm32wbxx_hal_rcc.c **** 
1270:Drivers/STM32WBxx_HAL_Driver/Src/stm32wbxx_hal_rcc.c **** /** @defgroup RCC_Exported_Functions_Group2 Peripheral Control functions
1271:Drivers/STM32WBxx_HAL_Driver/Src/stm32wbxx_hal_rcc.c ****   *  @brief   RCC clocks control functions
1272:Drivers/STM32WBxx_HAL_Driver/Src/stm32wbxx_hal_rcc.c ****   *
1273:Drivers/STM32WBxx_HAL_Driver/Src/stm32wbxx_hal_rcc.c **** @verbatim
1274:Drivers/STM32WBxx_HAL_Driver/Src/stm32wbxx_hal_rcc.c ****  ===============================================================================
1275:Drivers/STM32WBxx_HAL_Driver/Src/stm32wbxx_hal_rcc.c ****                       ##### Peripheral Control functions #####
1276:Drivers/STM32WBxx_HAL_Driver/Src/stm32wbxx_hal_rcc.c ****  ===============================================================================
1277:Drivers/STM32WBxx_HAL_Driver/Src/stm32wbxx_hal_rcc.c ****     [..]
1278:Drivers/STM32WBxx_HAL_Driver/Src/stm32wbxx_hal_rcc.c ****     This subsection provides a set of functions allowing to:
1279:Drivers/STM32WBxx_HAL_Driver/Src/stm32wbxx_hal_rcc.c **** 
1280:Drivers/STM32WBxx_HAL_Driver/Src/stm32wbxx_hal_rcc.c ****     (+) Output clock to MCO pin.
1281:Drivers/STM32WBxx_HAL_Driver/Src/stm32wbxx_hal_rcc.c ****     (+) Retrieve current clock frequencies.
1282:Drivers/STM32WBxx_HAL_Driver/Src/stm32wbxx_hal_rcc.c ****     (+) Enable the Clock Security System.
1283:Drivers/STM32WBxx_HAL_Driver/Src/stm32wbxx_hal_rcc.c **** 
1284:Drivers/STM32WBxx_HAL_Driver/Src/stm32wbxx_hal_rcc.c **** @endverbatim
ARM GAS  C:\Users\843E~1\AppData\Local\Temp\cc5PNIRY.s 			page 24


1285:Drivers/STM32WBxx_HAL_Driver/Src/stm32wbxx_hal_rcc.c ****   * @{
1286:Drivers/STM32WBxx_HAL_Driver/Src/stm32wbxx_hal_rcc.c ****   */
1287:Drivers/STM32WBxx_HAL_Driver/Src/stm32wbxx_hal_rcc.c **** 
1288:Drivers/STM32WBxx_HAL_Driver/Src/stm32wbxx_hal_rcc.c **** /**
1289:Drivers/STM32WBxx_HAL_Driver/Src/stm32wbxx_hal_rcc.c ****   * @brief  Select the clock source to output on MCO1 pin(PA8) or MCO2 pin (PB6) or MCO3 pin (PA15)
1290:Drivers/STM32WBxx_HAL_Driver/Src/stm32wbxx_hal_rcc.c ****   * @note   PA8, PB6 or PA15 should be configured in alternate function mode.
1291:Drivers/STM32WBxx_HAL_Driver/Src/stm32wbxx_hal_rcc.c ****   * @param  RCC_MCOx  specifies the output direction for the clock source.
1292:Drivers/STM32WBxx_HAL_Driver/Src/stm32wbxx_hal_rcc.c ****   *            @arg @ref RCC_MCO1_PA8  Clock source to output on MCO1 pin(PA8)
1293:Drivers/STM32WBxx_HAL_Driver/Src/stm32wbxx_hal_rcc.c ****   *            @arg @ref RCC_MCO2_PB6  Clock source to output on MCO2 pin(PB6)
1294:Drivers/STM32WBxx_HAL_Driver/Src/stm32wbxx_hal_rcc.c ****   *            @arg @ref RCC_MCO3_PA15  Clock source to output on MCO3 pin(PA15)
1295:Drivers/STM32WBxx_HAL_Driver/Src/stm32wbxx_hal_rcc.c ****   * @param  RCC_MCOSource  specifies the clock source to output.
1296:Drivers/STM32WBxx_HAL_Driver/Src/stm32wbxx_hal_rcc.c ****   *          This parameter can be one of the following values:
1297:Drivers/STM32WBxx_HAL_Driver/Src/stm32wbxx_hal_rcc.c ****   *            @arg @ref RCC_MCO1SOURCE_NOCLOCK  MCO output disabled, no clock on MCO
1298:Drivers/STM32WBxx_HAL_Driver/Src/stm32wbxx_hal_rcc.c ****   *            @arg @ref RCC_MCO1SOURCE_SYSCLK  system clock selected as MCO source
1299:Drivers/STM32WBxx_HAL_Driver/Src/stm32wbxx_hal_rcc.c ****   *            @arg @ref RCC_MCO1SOURCE_MSI    MSI clock selected as MCO source
1300:Drivers/STM32WBxx_HAL_Driver/Src/stm32wbxx_hal_rcc.c ****   *            @arg @ref RCC_MCO1SOURCE_HSI    HSI clock selected as MCO source
1301:Drivers/STM32WBxx_HAL_Driver/Src/stm32wbxx_hal_rcc.c ****   *            @arg @ref RCC_MCO1SOURCE_HSE    HSE clock selected as MCO source
1302:Drivers/STM32WBxx_HAL_Driver/Src/stm32wbxx_hal_rcc.c ****   *            @arg @ref RCC_MCO1SOURCE_PLLCLK  main PLL clock selected as MCO source
1303:Drivers/STM32WBxx_HAL_Driver/Src/stm32wbxx_hal_rcc.c ****   *            @arg @ref RCC_MCO1SOURCE_LSI1   LSI1 clock selected as MCO source
1304:Drivers/STM32WBxx_HAL_Driver/Src/stm32wbxx_hal_rcc.c ****   *            @arg @ref RCC_MCO1SOURCE_LSI2   LSI2 clock selected as MCO source
1305:Drivers/STM32WBxx_HAL_Driver/Src/stm32wbxx_hal_rcc.c ****   *            @arg @ref RCC_MCO1SOURCE_LSE    LSE clock selected as MCO source
1306:Drivers/STM32WBxx_HAL_Driver/Src/stm32wbxx_hal_rcc.c ****   *            @arg @ref RCC_MCO1SOURCE_HSI48  HSI48 clock selected as MCO source for devices with 
1307:Drivers/STM32WBxx_HAL_Driver/Src/stm32wbxx_hal_rcc.c ****   *            @arg @ref RCC_MCO1SOURCE_HSE_BEFORE_STAB  HSE clock before stabilization selected as
1308:Drivers/STM32WBxx_HAL_Driver/Src/stm32wbxx_hal_rcc.c ****   * @param  RCC_MCODiv  specifies the MCO prescaler.
1309:Drivers/STM32WBxx_HAL_Driver/Src/stm32wbxx_hal_rcc.c ****   *          This parameter can be one of the following values:
1310:Drivers/STM32WBxx_HAL_Driver/Src/stm32wbxx_hal_rcc.c ****   *            @arg @ref RCC_MCODIV_1  no division applied to MCO clock
1311:Drivers/STM32WBxx_HAL_Driver/Src/stm32wbxx_hal_rcc.c ****   *            @arg @ref RCC_MCODIV_2  division by 2 applied to MCO clock
1312:Drivers/STM32WBxx_HAL_Driver/Src/stm32wbxx_hal_rcc.c ****   *            @arg @ref RCC_MCODIV_4  division by 4 applied to MCO clock
1313:Drivers/STM32WBxx_HAL_Driver/Src/stm32wbxx_hal_rcc.c ****   *            @arg @ref RCC_MCODIV_8  division by 8 applied to MCO clock
1314:Drivers/STM32WBxx_HAL_Driver/Src/stm32wbxx_hal_rcc.c ****   *            @arg @ref RCC_MCODIV_16  division by 16 applied to MCO clock
1315:Drivers/STM32WBxx_HAL_Driver/Src/stm32wbxx_hal_rcc.c ****   * @retval None
1316:Drivers/STM32WBxx_HAL_Driver/Src/stm32wbxx_hal_rcc.c ****   */
1317:Drivers/STM32WBxx_HAL_Driver/Src/stm32wbxx_hal_rcc.c **** void HAL_RCC_MCOConfig(uint32_t RCC_MCOx, uint32_t RCC_MCOSource, uint32_t RCC_MCODiv)
1318:Drivers/STM32WBxx_HAL_Driver/Src/stm32wbxx_hal_rcc.c **** {
1319:Drivers/STM32WBxx_HAL_Driver/Src/stm32wbxx_hal_rcc.c ****   GPIO_InitTypeDef gpio_initstruct;
1320:Drivers/STM32WBxx_HAL_Driver/Src/stm32wbxx_hal_rcc.c ****   uint32_t mcoindex;
1321:Drivers/STM32WBxx_HAL_Driver/Src/stm32wbxx_hal_rcc.c ****   uint32_t mco_gpio_index;
1322:Drivers/STM32WBxx_HAL_Driver/Src/stm32wbxx_hal_rcc.c ****   GPIO_TypeDef *mco_gpio_port;
1323:Drivers/STM32WBxx_HAL_Driver/Src/stm32wbxx_hal_rcc.c **** 
1324:Drivers/STM32WBxx_HAL_Driver/Src/stm32wbxx_hal_rcc.c ****   /* Check the parameters */
1325:Drivers/STM32WBxx_HAL_Driver/Src/stm32wbxx_hal_rcc.c ****   assert_param(IS_RCC_MCO(RCC_MCOx));
1326:Drivers/STM32WBxx_HAL_Driver/Src/stm32wbxx_hal_rcc.c **** 
1327:Drivers/STM32WBxx_HAL_Driver/Src/stm32wbxx_hal_rcc.c ****   /* Common GPIO init parameters */
1328:Drivers/STM32WBxx_HAL_Driver/Src/stm32wbxx_hal_rcc.c ****   gpio_initstruct.Mode      = GPIO_MODE_AF_PP;
1329:Drivers/STM32WBxx_HAL_Driver/Src/stm32wbxx_hal_rcc.c ****   gpio_initstruct.Speed     = GPIO_SPEED_FREQ_VERY_HIGH;
1330:Drivers/STM32WBxx_HAL_Driver/Src/stm32wbxx_hal_rcc.c ****   gpio_initstruct.Pull      = GPIO_NOPULL;
1331:Drivers/STM32WBxx_HAL_Driver/Src/stm32wbxx_hal_rcc.c **** 
1332:Drivers/STM32WBxx_HAL_Driver/Src/stm32wbxx_hal_rcc.c ****   /* Get MCOx selection */
1333:Drivers/STM32WBxx_HAL_Driver/Src/stm32wbxx_hal_rcc.c ****   mcoindex = RCC_MCOx & RCC_MCO_INDEX_MASK;
1334:Drivers/STM32WBxx_HAL_Driver/Src/stm32wbxx_hal_rcc.c **** 
1335:Drivers/STM32WBxx_HAL_Driver/Src/stm32wbxx_hal_rcc.c ****   /* Get MCOx GPIO Port */
1336:Drivers/STM32WBxx_HAL_Driver/Src/stm32wbxx_hal_rcc.c ****   mco_gpio_port = (GPIO_TypeDef *) RCC_GET_MCO_GPIO_PORT(RCC_MCOx);
1337:Drivers/STM32WBxx_HAL_Driver/Src/stm32wbxx_hal_rcc.c **** 
1338:Drivers/STM32WBxx_HAL_Driver/Src/stm32wbxx_hal_rcc.c ****   /* MCOx Clock Enable */
1339:Drivers/STM32WBxx_HAL_Driver/Src/stm32wbxx_hal_rcc.c ****   mco_gpio_index = RCC_GET_MCO_GPIO_INDEX(RCC_MCOx);
1340:Drivers/STM32WBxx_HAL_Driver/Src/stm32wbxx_hal_rcc.c ****   SET_BIT(RCC->AHB2ENR, (1UL << mco_gpio_index));
1341:Drivers/STM32WBxx_HAL_Driver/Src/stm32wbxx_hal_rcc.c **** 
ARM GAS  C:\Users\843E~1\AppData\Local\Temp\cc5PNIRY.s 			page 25


1342:Drivers/STM32WBxx_HAL_Driver/Src/stm32wbxx_hal_rcc.c ****   /* Configure the MCOx pin in alternate function mode */
1343:Drivers/STM32WBxx_HAL_Driver/Src/stm32wbxx_hal_rcc.c ****   gpio_initstruct.Pin = RCC_GET_MCO_GPIO_PIN(RCC_MCOx);
1344:Drivers/STM32WBxx_HAL_Driver/Src/stm32wbxx_hal_rcc.c ****   gpio_initstruct.Alternate = RCC_GET_MCO_GPIO_AF(RCC_MCOx);
1345:Drivers/STM32WBxx_HAL_Driver/Src/stm32wbxx_hal_rcc.c ****   HAL_GPIO_Init(mco_gpio_port, &gpio_initstruct);
1346:Drivers/STM32WBxx_HAL_Driver/Src/stm32wbxx_hal_rcc.c **** 
1347:Drivers/STM32WBxx_HAL_Driver/Src/stm32wbxx_hal_rcc.c ****   if (mcoindex == RCC_MCO1_INDEX)
1348:Drivers/STM32WBxx_HAL_Driver/Src/stm32wbxx_hal_rcc.c ****   {
1349:Drivers/STM32WBxx_HAL_Driver/Src/stm32wbxx_hal_rcc.c ****     assert_param(IS_RCC_MCODIV(RCC_MCODiv));
1350:Drivers/STM32WBxx_HAL_Driver/Src/stm32wbxx_hal_rcc.c ****     assert_param(IS_RCC_MCO1SOURCE(RCC_MCOSource));
1351:Drivers/STM32WBxx_HAL_Driver/Src/stm32wbxx_hal_rcc.c ****     /* Mask MCOSEL[] and MCOPRE[] bits then set MCO clock source and prescaler */
1352:Drivers/STM32WBxx_HAL_Driver/Src/stm32wbxx_hal_rcc.c ****     LL_RCC_ConfigMCO(RCC_MCOSource, RCC_MCODiv);
1353:Drivers/STM32WBxx_HAL_Driver/Src/stm32wbxx_hal_rcc.c ****   }
1354:Drivers/STM32WBxx_HAL_Driver/Src/stm32wbxx_hal_rcc.c ****   else if (mcoindex == RCC_MCO2_INDEX)
1355:Drivers/STM32WBxx_HAL_Driver/Src/stm32wbxx_hal_rcc.c ****   {
1356:Drivers/STM32WBxx_HAL_Driver/Src/stm32wbxx_hal_rcc.c ****     assert_param(IS_RCC_MCODIV(RCC_MCODiv));
1357:Drivers/STM32WBxx_HAL_Driver/Src/stm32wbxx_hal_rcc.c ****     assert_param(IS_RCC_MCO2SOURCE(RCC_MCOSource));
1358:Drivers/STM32WBxx_HAL_Driver/Src/stm32wbxx_hal_rcc.c ****     /* Mask MCOSEL[] and MCOPRE[] bits then set MCO clock source and prescaler */
1359:Drivers/STM32WBxx_HAL_Driver/Src/stm32wbxx_hal_rcc.c ****     LL_RCC_ConfigMCO(RCC_MCOSource, RCC_MCODiv);
1360:Drivers/STM32WBxx_HAL_Driver/Src/stm32wbxx_hal_rcc.c ****   }
1361:Drivers/STM32WBxx_HAL_Driver/Src/stm32wbxx_hal_rcc.c **** #if defined(RCC_MCO3_SUPPORT)
1362:Drivers/STM32WBxx_HAL_Driver/Src/stm32wbxx_hal_rcc.c ****   else if (mcoindex == RCC_MCO3_INDEX)
1363:Drivers/STM32WBxx_HAL_Driver/Src/stm32wbxx_hal_rcc.c ****   {
1364:Drivers/STM32WBxx_HAL_Driver/Src/stm32wbxx_hal_rcc.c ****     assert_param(IS_RCC_MCODIV(RCC_MCODiv));
1365:Drivers/STM32WBxx_HAL_Driver/Src/stm32wbxx_hal_rcc.c ****     assert_param(IS_RCC_MCO3SOURCE(RCC_MCOSource));
1366:Drivers/STM32WBxx_HAL_Driver/Src/stm32wbxx_hal_rcc.c ****     /* Mask MCOSEL[] and MCOPRE[] bits then set MCO clock source and prescaler */
1367:Drivers/STM32WBxx_HAL_Driver/Src/stm32wbxx_hal_rcc.c ****     LL_RCC_ConfigMCO(RCC_MCOSource, RCC_MCODiv);
1368:Drivers/STM32WBxx_HAL_Driver/Src/stm32wbxx_hal_rcc.c ****   }
1369:Drivers/STM32WBxx_HAL_Driver/Src/stm32wbxx_hal_rcc.c **** #endif /* RCC_MCO3_SUPPORT */
1370:Drivers/STM32WBxx_HAL_Driver/Src/stm32wbxx_hal_rcc.c ****   else
1371:Drivers/STM32WBxx_HAL_Driver/Src/stm32wbxx_hal_rcc.c ****   {}
1372:Drivers/STM32WBxx_HAL_Driver/Src/stm32wbxx_hal_rcc.c **** }
1373:Drivers/STM32WBxx_HAL_Driver/Src/stm32wbxx_hal_rcc.c **** 
1374:Drivers/STM32WBxx_HAL_Driver/Src/stm32wbxx_hal_rcc.c **** /**
1375:Drivers/STM32WBxx_HAL_Driver/Src/stm32wbxx_hal_rcc.c ****   * @brief  Return the SYSCLK frequency.
1376:Drivers/STM32WBxx_HAL_Driver/Src/stm32wbxx_hal_rcc.c ****   *
1377:Drivers/STM32WBxx_HAL_Driver/Src/stm32wbxx_hal_rcc.c ****   * @note   The system computed by this function is not the real
1378:Drivers/STM32WBxx_HAL_Driver/Src/stm32wbxx_hal_rcc.c ****   *         frequency in the chip. It is calculated based on the predefined
1379:Drivers/STM32WBxx_HAL_Driver/Src/stm32wbxx_hal_rcc.c ****   *         constant and the selected clock source:
1380:Drivers/STM32WBxx_HAL_Driver/Src/stm32wbxx_hal_rcc.c ****   * @note     If SYSCLK source is MSI, function returns values based on MSI range
1381:Drivers/STM32WBxx_HAL_Driver/Src/stm32wbxx_hal_rcc.c ****   * @note     If SYSCLK source is HSI, function returns values based on HSI_VALUE(*)
1382:Drivers/STM32WBxx_HAL_Driver/Src/stm32wbxx_hal_rcc.c ****   * @note     If SYSCLK source is HSE, function returns values based on HSE_VALUE(**)
1383:Drivers/STM32WBxx_HAL_Driver/Src/stm32wbxx_hal_rcc.c ****   * @note     If SYSCLK source is PLL, function returns values based on HSE_VALUE(**),
1384:Drivers/STM32WBxx_HAL_Driver/Src/stm32wbxx_hal_rcc.c ****   *           HSI_VALUE(*) or MSI Value multiplied/divided by the PLL factors.
1385:Drivers/STM32WBxx_HAL_Driver/Src/stm32wbxx_hal_rcc.c ****   * @note     (*) HSI_VALUE is a constant defined in stm32wbxx_hal_conf.h file (default value
1386:Drivers/STM32WBxx_HAL_Driver/Src/stm32wbxx_hal_rcc.c ****   *               16 MHz) but the real value may vary depending on the variations
1387:Drivers/STM32WBxx_HAL_Driver/Src/stm32wbxx_hal_rcc.c ****   *               in voltage and temperature.
1388:Drivers/STM32WBxx_HAL_Driver/Src/stm32wbxx_hal_rcc.c ****   * @note     (**) HSE_VALUE is a constant defined in stm32wbxx_hal_conf.h file (default value
1389:Drivers/STM32WBxx_HAL_Driver/Src/stm32wbxx_hal_rcc.c ****   *                32 MHz), user has to ensure that HSE_VALUE is same as the real
1390:Drivers/STM32WBxx_HAL_Driver/Src/stm32wbxx_hal_rcc.c ****   *                frequency of the crystal used. Otherwise, this function may
1391:Drivers/STM32WBxx_HAL_Driver/Src/stm32wbxx_hal_rcc.c ****   *                have wrong result.
1392:Drivers/STM32WBxx_HAL_Driver/Src/stm32wbxx_hal_rcc.c ****   *
1393:Drivers/STM32WBxx_HAL_Driver/Src/stm32wbxx_hal_rcc.c ****   * @note   The result of this function could be not correct when using fractional
1394:Drivers/STM32WBxx_HAL_Driver/Src/stm32wbxx_hal_rcc.c ****   *         value for HSE crystal.
1395:Drivers/STM32WBxx_HAL_Driver/Src/stm32wbxx_hal_rcc.c ****   *
1396:Drivers/STM32WBxx_HAL_Driver/Src/stm32wbxx_hal_rcc.c ****   * @note   This function can be used by the user application to compute the
1397:Drivers/STM32WBxx_HAL_Driver/Src/stm32wbxx_hal_rcc.c ****   *         baudrate for the communication peripherals or configure other parameters.
1398:Drivers/STM32WBxx_HAL_Driver/Src/stm32wbxx_hal_rcc.c ****   *
ARM GAS  C:\Users\843E~1\AppData\Local\Temp\cc5PNIRY.s 			page 26


1399:Drivers/STM32WBxx_HAL_Driver/Src/stm32wbxx_hal_rcc.c ****   * @note   Each time SYSCLK changes, this function must be called to update the
1400:Drivers/STM32WBxx_HAL_Driver/Src/stm32wbxx_hal_rcc.c ****   *         right SYSCLK value. Otherwise, any configuration based on this function will be incorre
1401:Drivers/STM32WBxx_HAL_Driver/Src/stm32wbxx_hal_rcc.c ****   *
1402:Drivers/STM32WBxx_HAL_Driver/Src/stm32wbxx_hal_rcc.c ****   *
1403:Drivers/STM32WBxx_HAL_Driver/Src/stm32wbxx_hal_rcc.c ****   * @retval SYSCLK frequency
1404:Drivers/STM32WBxx_HAL_Driver/Src/stm32wbxx_hal_rcc.c ****   */
1405:Drivers/STM32WBxx_HAL_Driver/Src/stm32wbxx_hal_rcc.c **** uint32_t HAL_RCC_GetSysClockFreq(void)
1406:Drivers/STM32WBxx_HAL_Driver/Src/stm32wbxx_hal_rcc.c **** {
1407:Drivers/STM32WBxx_HAL_Driver/Src/stm32wbxx_hal_rcc.c ****   uint32_t pllsource;
1408:Drivers/STM32WBxx_HAL_Driver/Src/stm32wbxx_hal_rcc.c ****   uint32_t sysclockfreq;
1409:Drivers/STM32WBxx_HAL_Driver/Src/stm32wbxx_hal_rcc.c ****   uint32_t pllinputfreq;
1410:Drivers/STM32WBxx_HAL_Driver/Src/stm32wbxx_hal_rcc.c ****   const uint32_t temp_sysclksrc = __HAL_RCC_GET_SYSCLK_SOURCE();
1411:Drivers/STM32WBxx_HAL_Driver/Src/stm32wbxx_hal_rcc.c **** 
1412:Drivers/STM32WBxx_HAL_Driver/Src/stm32wbxx_hal_rcc.c ****   if (temp_sysclksrc == RCC_SYSCLKSOURCE_STATUS_MSI)
1413:Drivers/STM32WBxx_HAL_Driver/Src/stm32wbxx_hal_rcc.c ****   {
1414:Drivers/STM32WBxx_HAL_Driver/Src/stm32wbxx_hal_rcc.c ****     /* Retrieve MSI frequency range in HZ*/
1415:Drivers/STM32WBxx_HAL_Driver/Src/stm32wbxx_hal_rcc.c ****     /* MSI used as system clock source */
1416:Drivers/STM32WBxx_HAL_Driver/Src/stm32wbxx_hal_rcc.c ****     sysclockfreq = __LL_RCC_CALC_MSI_FREQ(LL_RCC_MSI_GetRange());
1417:Drivers/STM32WBxx_HAL_Driver/Src/stm32wbxx_hal_rcc.c ****   }
1418:Drivers/STM32WBxx_HAL_Driver/Src/stm32wbxx_hal_rcc.c ****   else if (temp_sysclksrc == RCC_SYSCLKSOURCE_STATUS_HSI)
1419:Drivers/STM32WBxx_HAL_Driver/Src/stm32wbxx_hal_rcc.c ****   {
1420:Drivers/STM32WBxx_HAL_Driver/Src/stm32wbxx_hal_rcc.c ****     /* HSI used as system clock source */
1421:Drivers/STM32WBxx_HAL_Driver/Src/stm32wbxx_hal_rcc.c ****     sysclockfreq = HSI_VALUE;
1422:Drivers/STM32WBxx_HAL_Driver/Src/stm32wbxx_hal_rcc.c ****   }
1423:Drivers/STM32WBxx_HAL_Driver/Src/stm32wbxx_hal_rcc.c ****   else if (temp_sysclksrc == RCC_SYSCLKSOURCE_STATUS_HSE)
1424:Drivers/STM32WBxx_HAL_Driver/Src/stm32wbxx_hal_rcc.c ****   {
1425:Drivers/STM32WBxx_HAL_Driver/Src/stm32wbxx_hal_rcc.c ****     /* HSE used as system clock source */
1426:Drivers/STM32WBxx_HAL_Driver/Src/stm32wbxx_hal_rcc.c ****     if (LL_RCC_HSE_IsEnabledDiv2() == 1U)
1427:Drivers/STM32WBxx_HAL_Driver/Src/stm32wbxx_hal_rcc.c ****     {
1428:Drivers/STM32WBxx_HAL_Driver/Src/stm32wbxx_hal_rcc.c ****       sysclockfreq = HSE_VALUE / 2U;
1429:Drivers/STM32WBxx_HAL_Driver/Src/stm32wbxx_hal_rcc.c ****     }
1430:Drivers/STM32WBxx_HAL_Driver/Src/stm32wbxx_hal_rcc.c ****     else
1431:Drivers/STM32WBxx_HAL_Driver/Src/stm32wbxx_hal_rcc.c ****     {
1432:Drivers/STM32WBxx_HAL_Driver/Src/stm32wbxx_hal_rcc.c ****       sysclockfreq = HSE_VALUE;
1433:Drivers/STM32WBxx_HAL_Driver/Src/stm32wbxx_hal_rcc.c ****     }
1434:Drivers/STM32WBxx_HAL_Driver/Src/stm32wbxx_hal_rcc.c ****   }
1435:Drivers/STM32WBxx_HAL_Driver/Src/stm32wbxx_hal_rcc.c ****   else
1436:Drivers/STM32WBxx_HAL_Driver/Src/stm32wbxx_hal_rcc.c ****   {
1437:Drivers/STM32WBxx_HAL_Driver/Src/stm32wbxx_hal_rcc.c ****     /* PLL used as system clock  source */
1438:Drivers/STM32WBxx_HAL_Driver/Src/stm32wbxx_hal_rcc.c ****     pllsource = LL_RCC_PLL_GetMainSource();
1439:Drivers/STM32WBxx_HAL_Driver/Src/stm32wbxx_hal_rcc.c ****     switch (pllsource)
1440:Drivers/STM32WBxx_HAL_Driver/Src/stm32wbxx_hal_rcc.c ****     {
1441:Drivers/STM32WBxx_HAL_Driver/Src/stm32wbxx_hal_rcc.c ****       case RCC_PLLSOURCE_HSI:  /* HSI used as PLL clock source */
1442:Drivers/STM32WBxx_HAL_Driver/Src/stm32wbxx_hal_rcc.c ****         pllinputfreq = HSI_VALUE;
1443:Drivers/STM32WBxx_HAL_Driver/Src/stm32wbxx_hal_rcc.c ****         break;
1444:Drivers/STM32WBxx_HAL_Driver/Src/stm32wbxx_hal_rcc.c ****       case RCC_PLLSOURCE_HSE:  /* HSE used as PLL clock source */
1445:Drivers/STM32WBxx_HAL_Driver/Src/stm32wbxx_hal_rcc.c ****         if (LL_RCC_HSE_IsEnabledDiv2() == 1U)
1446:Drivers/STM32WBxx_HAL_Driver/Src/stm32wbxx_hal_rcc.c ****         {
1447:Drivers/STM32WBxx_HAL_Driver/Src/stm32wbxx_hal_rcc.c ****           pllinputfreq = HSE_VALUE / 2U;
1448:Drivers/STM32WBxx_HAL_Driver/Src/stm32wbxx_hal_rcc.c ****         }
1449:Drivers/STM32WBxx_HAL_Driver/Src/stm32wbxx_hal_rcc.c ****         else
1450:Drivers/STM32WBxx_HAL_Driver/Src/stm32wbxx_hal_rcc.c ****         {
1451:Drivers/STM32WBxx_HAL_Driver/Src/stm32wbxx_hal_rcc.c ****           pllinputfreq = HSE_VALUE;
1452:Drivers/STM32WBxx_HAL_Driver/Src/stm32wbxx_hal_rcc.c ****         }
1453:Drivers/STM32WBxx_HAL_Driver/Src/stm32wbxx_hal_rcc.c ****         break;
1454:Drivers/STM32WBxx_HAL_Driver/Src/stm32wbxx_hal_rcc.c ****       case RCC_PLLSOURCE_MSI:  /* MSI used as PLL clock source */
1455:Drivers/STM32WBxx_HAL_Driver/Src/stm32wbxx_hal_rcc.c ****       default:
ARM GAS  C:\Users\843E~1\AppData\Local\Temp\cc5PNIRY.s 			page 27


1456:Drivers/STM32WBxx_HAL_Driver/Src/stm32wbxx_hal_rcc.c ****         pllinputfreq = __LL_RCC_CALC_MSI_FREQ(LL_RCC_MSI_GetRange());
1457:Drivers/STM32WBxx_HAL_Driver/Src/stm32wbxx_hal_rcc.c ****         break;
1458:Drivers/STM32WBxx_HAL_Driver/Src/stm32wbxx_hal_rcc.c ****     }
1459:Drivers/STM32WBxx_HAL_Driver/Src/stm32wbxx_hal_rcc.c ****     sysclockfreq = __LL_RCC_CALC_PLLCLK_FREQ(pllinputfreq, LL_RCC_PLL_GetDivider(), LL_RCC_PLL_GetN
1460:Drivers/STM32WBxx_HAL_Driver/Src/stm32wbxx_hal_rcc.c ****                                              LL_RCC_PLL_GetR());
1461:Drivers/STM32WBxx_HAL_Driver/Src/stm32wbxx_hal_rcc.c ****   }
1462:Drivers/STM32WBxx_HAL_Driver/Src/stm32wbxx_hal_rcc.c **** 
1463:Drivers/STM32WBxx_HAL_Driver/Src/stm32wbxx_hal_rcc.c ****   return sysclockfreq;
1464:Drivers/STM32WBxx_HAL_Driver/Src/stm32wbxx_hal_rcc.c **** }
1465:Drivers/STM32WBxx_HAL_Driver/Src/stm32wbxx_hal_rcc.c **** 
1466:Drivers/STM32WBxx_HAL_Driver/Src/stm32wbxx_hal_rcc.c **** /**
1467:Drivers/STM32WBxx_HAL_Driver/Src/stm32wbxx_hal_rcc.c ****   * @brief  Return the HCLK frequency.
1468:Drivers/STM32WBxx_HAL_Driver/Src/stm32wbxx_hal_rcc.c ****   * @retval HCLK frequency in Hz
1469:Drivers/STM32WBxx_HAL_Driver/Src/stm32wbxx_hal_rcc.c ****   */
1470:Drivers/STM32WBxx_HAL_Driver/Src/stm32wbxx_hal_rcc.c **** uint32_t HAL_RCC_GetHCLKFreq(void)
1471:Drivers/STM32WBxx_HAL_Driver/Src/stm32wbxx_hal_rcc.c **** {
1472:Drivers/STM32WBxx_HAL_Driver/Src/stm32wbxx_hal_rcc.c ****   /* Get SysClock and Compute HCLK1 frequency ---------------------------*/
1473:Drivers/STM32WBxx_HAL_Driver/Src/stm32wbxx_hal_rcc.c ****   return ((uint32_t)(__LL_RCC_CALC_HCLK1_FREQ(HAL_RCC_GetSysClockFreq(), LL_RCC_GetAHBPrescaler()))
1474:Drivers/STM32WBxx_HAL_Driver/Src/stm32wbxx_hal_rcc.c **** }
1475:Drivers/STM32WBxx_HAL_Driver/Src/stm32wbxx_hal_rcc.c **** 
1476:Drivers/STM32WBxx_HAL_Driver/Src/stm32wbxx_hal_rcc.c **** /**
1477:Drivers/STM32WBxx_HAL_Driver/Src/stm32wbxx_hal_rcc.c ****   * @brief  Return the HCLK2 frequency.
1478:Drivers/STM32WBxx_HAL_Driver/Src/stm32wbxx_hal_rcc.c ****   * @retval HCLK2 frequency in Hz
1479:Drivers/STM32WBxx_HAL_Driver/Src/stm32wbxx_hal_rcc.c ****   */
1480:Drivers/STM32WBxx_HAL_Driver/Src/stm32wbxx_hal_rcc.c **** uint32_t HAL_RCC_GetHCLK2Freq(void)
1481:Drivers/STM32WBxx_HAL_Driver/Src/stm32wbxx_hal_rcc.c **** {
1482:Drivers/STM32WBxx_HAL_Driver/Src/stm32wbxx_hal_rcc.c ****   /* Get SysClock and Compute HCLK2 frequency ---------------------------*/
1483:Drivers/STM32WBxx_HAL_Driver/Src/stm32wbxx_hal_rcc.c ****   return ((uint32_t)(__LL_RCC_CALC_HCLK2_FREQ(HAL_RCC_GetSysClockFreq(), LL_C2_RCC_GetAHBPrescaler(
1484:Drivers/STM32WBxx_HAL_Driver/Src/stm32wbxx_hal_rcc.c **** }
1485:Drivers/STM32WBxx_HAL_Driver/Src/stm32wbxx_hal_rcc.c **** 
1486:Drivers/STM32WBxx_HAL_Driver/Src/stm32wbxx_hal_rcc.c **** /**
1487:Drivers/STM32WBxx_HAL_Driver/Src/stm32wbxx_hal_rcc.c ****   * @brief  Return the HCLK4 frequency.
1488:Drivers/STM32WBxx_HAL_Driver/Src/stm32wbxx_hal_rcc.c ****   * @retval HCLK4 frequency in Hz
1489:Drivers/STM32WBxx_HAL_Driver/Src/stm32wbxx_hal_rcc.c ****   */
1490:Drivers/STM32WBxx_HAL_Driver/Src/stm32wbxx_hal_rcc.c **** uint32_t HAL_RCC_GetHCLK4Freq(void)
1491:Drivers/STM32WBxx_HAL_Driver/Src/stm32wbxx_hal_rcc.c **** {
1492:Drivers/STM32WBxx_HAL_Driver/Src/stm32wbxx_hal_rcc.c ****   /* Get SysClock and Compute AHB4 frequency ---------------------------*/
1493:Drivers/STM32WBxx_HAL_Driver/Src/stm32wbxx_hal_rcc.c ****   return ((uint32_t)(__LL_RCC_CALC_HCLK4_FREQ(HAL_RCC_GetSysClockFreq(), LL_RCC_GetAHB4Prescaler())
1494:Drivers/STM32WBxx_HAL_Driver/Src/stm32wbxx_hal_rcc.c **** }
1495:Drivers/STM32WBxx_HAL_Driver/Src/stm32wbxx_hal_rcc.c **** 
1496:Drivers/STM32WBxx_HAL_Driver/Src/stm32wbxx_hal_rcc.c **** /**
1497:Drivers/STM32WBxx_HAL_Driver/Src/stm32wbxx_hal_rcc.c ****   * @brief  Return the PCLK1 frequency.
1498:Drivers/STM32WBxx_HAL_Driver/Src/stm32wbxx_hal_rcc.c ****   * @note   Each time PCLK1 changes, this function must be called to update the
1499:Drivers/STM32WBxx_HAL_Driver/Src/stm32wbxx_hal_rcc.c ****   *         right PCLK1 value. Otherwise, any configuration based on this function will be incorrec
1500:Drivers/STM32WBxx_HAL_Driver/Src/stm32wbxx_hal_rcc.c ****   * @retval PCLK1 frequency in Hz
1501:Drivers/STM32WBxx_HAL_Driver/Src/stm32wbxx_hal_rcc.c ****   */
1502:Drivers/STM32WBxx_HAL_Driver/Src/stm32wbxx_hal_rcc.c **** uint32_t HAL_RCC_GetPCLK1Freq(void)
1503:Drivers/STM32WBxx_HAL_Driver/Src/stm32wbxx_hal_rcc.c **** {
1504:Drivers/STM32WBxx_HAL_Driver/Src/stm32wbxx_hal_rcc.c ****   /* Get HCLK source and Compute PCLK1 frequency ---------------------------*/
1505:Drivers/STM32WBxx_HAL_Driver/Src/stm32wbxx_hal_rcc.c ****   return ((uint32_t)(__LL_RCC_CALC_PCLK1_FREQ(HAL_RCC_GetHCLKFreq(), LL_RCC_GetAPB1Prescaler())));
1506:Drivers/STM32WBxx_HAL_Driver/Src/stm32wbxx_hal_rcc.c **** }
1507:Drivers/STM32WBxx_HAL_Driver/Src/stm32wbxx_hal_rcc.c **** 
1508:Drivers/STM32WBxx_HAL_Driver/Src/stm32wbxx_hal_rcc.c **** /**
1509:Drivers/STM32WBxx_HAL_Driver/Src/stm32wbxx_hal_rcc.c ****   * @brief  Return the PCLK2 frequency.
1510:Drivers/STM32WBxx_HAL_Driver/Src/stm32wbxx_hal_rcc.c ****   * @note   Each time PCLK2 changes, this function must be called to update the
1511:Drivers/STM32WBxx_HAL_Driver/Src/stm32wbxx_hal_rcc.c ****   *         right PCLK2 value. Otherwise, any configuration based on this function will be incorrec
1512:Drivers/STM32WBxx_HAL_Driver/Src/stm32wbxx_hal_rcc.c ****   * @retval PCLK2 frequency in Hz
ARM GAS  C:\Users\843E~1\AppData\Local\Temp\cc5PNIRY.s 			page 28


1513:Drivers/STM32WBxx_HAL_Driver/Src/stm32wbxx_hal_rcc.c ****   */
1514:Drivers/STM32WBxx_HAL_Driver/Src/stm32wbxx_hal_rcc.c **** uint32_t HAL_RCC_GetPCLK2Freq(void)
1515:Drivers/STM32WBxx_HAL_Driver/Src/stm32wbxx_hal_rcc.c **** {
1516:Drivers/STM32WBxx_HAL_Driver/Src/stm32wbxx_hal_rcc.c ****   /* Get HCLK source and Compute PCLK2 frequency ---------------------------*/
1517:Drivers/STM32WBxx_HAL_Driver/Src/stm32wbxx_hal_rcc.c ****   return ((uint32_t)(__LL_RCC_CALC_PCLK2_FREQ(HAL_RCC_GetHCLKFreq(), LL_RCC_GetAPB2Prescaler())));
1518:Drivers/STM32WBxx_HAL_Driver/Src/stm32wbxx_hal_rcc.c **** }
1519:Drivers/STM32WBxx_HAL_Driver/Src/stm32wbxx_hal_rcc.c **** 
1520:Drivers/STM32WBxx_HAL_Driver/Src/stm32wbxx_hal_rcc.c **** /**
1521:Drivers/STM32WBxx_HAL_Driver/Src/stm32wbxx_hal_rcc.c ****   * @brief  Configure the RCC_OscInitStruct according to the internal
1522:Drivers/STM32WBxx_HAL_Driver/Src/stm32wbxx_hal_rcc.c ****   *         RCC configuration registers.
1523:Drivers/STM32WBxx_HAL_Driver/Src/stm32wbxx_hal_rcc.c ****   * @param  RCC_OscInitStruct  pointer to an RCC_OscInitTypeDef structure that
1524:Drivers/STM32WBxx_HAL_Driver/Src/stm32wbxx_hal_rcc.c ****   *         will be configured.
1525:Drivers/STM32WBxx_HAL_Driver/Src/stm32wbxx_hal_rcc.c ****   * @retval None
1526:Drivers/STM32WBxx_HAL_Driver/Src/stm32wbxx_hal_rcc.c ****   */
1527:Drivers/STM32WBxx_HAL_Driver/Src/stm32wbxx_hal_rcc.c **** void HAL_RCC_GetOscConfig(RCC_OscInitTypeDef  *RCC_OscInitStruct)
1528:Drivers/STM32WBxx_HAL_Driver/Src/stm32wbxx_hal_rcc.c **** {
1529:Drivers/STM32WBxx_HAL_Driver/Src/stm32wbxx_hal_rcc.c ****   uint32_t regvalue;
1530:Drivers/STM32WBxx_HAL_Driver/Src/stm32wbxx_hal_rcc.c ****   uint32_t regICSRvalue;
1531:Drivers/STM32WBxx_HAL_Driver/Src/stm32wbxx_hal_rcc.c ****   uint32_t regPLLCFGRvalue;
1532:Drivers/STM32WBxx_HAL_Driver/Src/stm32wbxx_hal_rcc.c **** 
1533:Drivers/STM32WBxx_HAL_Driver/Src/stm32wbxx_hal_rcc.c ****   /* Check the parameters */
1534:Drivers/STM32WBxx_HAL_Driver/Src/stm32wbxx_hal_rcc.c ****   assert_param(RCC_OscInitStruct != (void *)NULL);
1535:Drivers/STM32WBxx_HAL_Driver/Src/stm32wbxx_hal_rcc.c **** 
1536:Drivers/STM32WBxx_HAL_Driver/Src/stm32wbxx_hal_rcc.c ****   /* Set all possible values for the Oscillator type parameter ---------------*/
1537:Drivers/STM32WBxx_HAL_Driver/Src/stm32wbxx_hal_rcc.c ****   RCC_OscInitStruct->OscillatorType = RCC_OSCILLATORTYPE_HSE | RCC_OSCILLATORTYPE_HSI | RCC_OSCILLA
1538:Drivers/STM32WBxx_HAL_Driver/Src/stm32wbxx_hal_rcc.c ****                                       RCC_OSCILLATORTYPE_LSE | RCC_OSCILLATORTYPE_LSI1 | RCC_OSCILL
1539:Drivers/STM32WBxx_HAL_Driver/Src/stm32wbxx_hal_rcc.c **** 
1540:Drivers/STM32WBxx_HAL_Driver/Src/stm32wbxx_hal_rcc.c **** #if defined(RCC_HSI48_SUPPORT)
1541:Drivers/STM32WBxx_HAL_Driver/Src/stm32wbxx_hal_rcc.c ****   RCC_OscInitStruct->OscillatorType |= RCC_OSCILLATORTYPE_HSI48;
1542:Drivers/STM32WBxx_HAL_Driver/Src/stm32wbxx_hal_rcc.c **** #endif /* RCC_HSI48_SUPPORT */
1543:Drivers/STM32WBxx_HAL_Driver/Src/stm32wbxx_hal_rcc.c **** 
1544:Drivers/STM32WBxx_HAL_Driver/Src/stm32wbxx_hal_rcc.c ****   /* Get register values */
1545:Drivers/STM32WBxx_HAL_Driver/Src/stm32wbxx_hal_rcc.c ****   regvalue = RCC->CR; /* Control register */
1546:Drivers/STM32WBxx_HAL_Driver/Src/stm32wbxx_hal_rcc.c ****   regICSRvalue = RCC->ICSCR; /* Get Internal Clock Sources Calibration register */
1547:Drivers/STM32WBxx_HAL_Driver/Src/stm32wbxx_hal_rcc.c ****   regPLLCFGRvalue = RCC->PLLCFGR; /* Get PLL Configuration register */
1548:Drivers/STM32WBxx_HAL_Driver/Src/stm32wbxx_hal_rcc.c **** 
1549:Drivers/STM32WBxx_HAL_Driver/Src/stm32wbxx_hal_rcc.c ****   /* Get the HSE configuration -----------------------------------------------*/
1550:Drivers/STM32WBxx_HAL_Driver/Src/stm32wbxx_hal_rcc.c ****   RCC_OscInitStruct->HSEState = (regvalue & RCC_CR_HSEON);
1551:Drivers/STM32WBxx_HAL_Driver/Src/stm32wbxx_hal_rcc.c **** 
1552:Drivers/STM32WBxx_HAL_Driver/Src/stm32wbxx_hal_rcc.c ****   /* Get the MSI configuration -----------------------------------------------*/
1553:Drivers/STM32WBxx_HAL_Driver/Src/stm32wbxx_hal_rcc.c ****   RCC_OscInitStruct->MSIState            = (regvalue & RCC_CR_MSION);
1554:Drivers/STM32WBxx_HAL_Driver/Src/stm32wbxx_hal_rcc.c ****   RCC_OscInitStruct->MSICalibrationValue = (regICSRvalue & RCC_ICSCR_MSITRIM) >> RCC_ICSCR_MSITRIM_
1555:Drivers/STM32WBxx_HAL_Driver/Src/stm32wbxx_hal_rcc.c ****   RCC_OscInitStruct->MSIClockRange       = (regvalue & RCC_CR_MSIRANGE);
1556:Drivers/STM32WBxx_HAL_Driver/Src/stm32wbxx_hal_rcc.c **** 
1557:Drivers/STM32WBxx_HAL_Driver/Src/stm32wbxx_hal_rcc.c ****   /* Get the HSI configuration -----------------------------------------------*/
1558:Drivers/STM32WBxx_HAL_Driver/Src/stm32wbxx_hal_rcc.c ****   RCC_OscInitStruct->HSIState            = (regvalue & RCC_CR_HSION);
1559:Drivers/STM32WBxx_HAL_Driver/Src/stm32wbxx_hal_rcc.c ****   RCC_OscInitStruct->HSICalibrationValue = ((regICSRvalue & RCC_ICSCR_HSITRIM) >> RCC_ICSCR_HSITRIM
1560:Drivers/STM32WBxx_HAL_Driver/Src/stm32wbxx_hal_rcc.c **** 
1561:Drivers/STM32WBxx_HAL_Driver/Src/stm32wbxx_hal_rcc.c ****   /* Get the PLL configuration -----------------------------------------------*/
1562:Drivers/STM32WBxx_HAL_Driver/Src/stm32wbxx_hal_rcc.c ****   RCC_OscInitStruct->PLL.PLLState  = ((regvalue & RCC_CR_PLLON) >> RCC_CR_PLLON_Pos) + 1U;
1563:Drivers/STM32WBxx_HAL_Driver/Src/stm32wbxx_hal_rcc.c ****   RCC_OscInitStruct->PLL.PLLSource = (regPLLCFGRvalue & RCC_PLLCFGR_PLLSRC);
1564:Drivers/STM32WBxx_HAL_Driver/Src/stm32wbxx_hal_rcc.c ****   RCC_OscInitStruct->PLL.PLLM      = (regPLLCFGRvalue & RCC_PLLCFGR_PLLM);
1565:Drivers/STM32WBxx_HAL_Driver/Src/stm32wbxx_hal_rcc.c ****   RCC_OscInitStruct->PLL.PLLN      = ((regPLLCFGRvalue & RCC_PLLCFGR_PLLN) >> RCC_PLLCFGR_PLLN_Pos)
1566:Drivers/STM32WBxx_HAL_Driver/Src/stm32wbxx_hal_rcc.c ****   RCC_OscInitStruct->PLL.PLLP      = (regPLLCFGRvalue & RCC_PLLCFGR_PLLP);
1567:Drivers/STM32WBxx_HAL_Driver/Src/stm32wbxx_hal_rcc.c ****   RCC_OscInitStruct->PLL.PLLQ      = (regPLLCFGRvalue & RCC_PLLCFGR_PLLQ);
1568:Drivers/STM32WBxx_HAL_Driver/Src/stm32wbxx_hal_rcc.c ****   RCC_OscInitStruct->PLL.PLLR      = (regPLLCFGRvalue & RCC_PLLCFGR_PLLR);
1569:Drivers/STM32WBxx_HAL_Driver/Src/stm32wbxx_hal_rcc.c **** 
ARM GAS  C:\Users\843E~1\AppData\Local\Temp\cc5PNIRY.s 			page 29


1570:Drivers/STM32WBxx_HAL_Driver/Src/stm32wbxx_hal_rcc.c ****   /* Get Backup Domain register */
1571:Drivers/STM32WBxx_HAL_Driver/Src/stm32wbxx_hal_rcc.c ****   regvalue = RCC->BDCR;
1572:Drivers/STM32WBxx_HAL_Driver/Src/stm32wbxx_hal_rcc.c **** 
1573:Drivers/STM32WBxx_HAL_Driver/Src/stm32wbxx_hal_rcc.c ****   /* Get the LSE configuration -----------------------------------------------*/
1574:Drivers/STM32WBxx_HAL_Driver/Src/stm32wbxx_hal_rcc.c ****   RCC_OscInitStruct->LSEState = (regvalue & RCC_LSE_BYPASS);
1575:Drivers/STM32WBxx_HAL_Driver/Src/stm32wbxx_hal_rcc.c **** 
1576:Drivers/STM32WBxx_HAL_Driver/Src/stm32wbxx_hal_rcc.c ****   /* Get Control/Status register */
1577:Drivers/STM32WBxx_HAL_Driver/Src/stm32wbxx_hal_rcc.c ****   regvalue = RCC->CSR;
1578:Drivers/STM32WBxx_HAL_Driver/Src/stm32wbxx_hal_rcc.c **** 
1579:Drivers/STM32WBxx_HAL_Driver/Src/stm32wbxx_hal_rcc.c ****   /* Get the LSI configuration -----------------------------------------------*/
1580:Drivers/STM32WBxx_HAL_Driver/Src/stm32wbxx_hal_rcc.c ****   RCC_OscInitStruct->LSIState = ((regvalue & RCC_LSI_ON) > 0U) ? RCC_LSI_ON : 0U;
1581:Drivers/STM32WBxx_HAL_Driver/Src/stm32wbxx_hal_rcc.c **** 
1582:Drivers/STM32WBxx_HAL_Driver/Src/stm32wbxx_hal_rcc.c **** #if defined(RCC_HSI48_SUPPORT)
1583:Drivers/STM32WBxx_HAL_Driver/Src/stm32wbxx_hal_rcc.c ****   /* Get Control/Status register */
1584:Drivers/STM32WBxx_HAL_Driver/Src/stm32wbxx_hal_rcc.c ****   regvalue = RCC->CRRCR;
1585:Drivers/STM32WBxx_HAL_Driver/Src/stm32wbxx_hal_rcc.c **** 
1586:Drivers/STM32WBxx_HAL_Driver/Src/stm32wbxx_hal_rcc.c ****   /* Get the HSI48 configuration ---------------------------------------------*/
1587:Drivers/STM32WBxx_HAL_Driver/Src/stm32wbxx_hal_rcc.c ****   RCC_OscInitStruct->HSI48State = (regvalue & RCC_CRRCR_HSI48ON);
1588:Drivers/STM32WBxx_HAL_Driver/Src/stm32wbxx_hal_rcc.c **** #endif /* RCC_HSI48_SUPPORT */
1589:Drivers/STM32WBxx_HAL_Driver/Src/stm32wbxx_hal_rcc.c **** 
1590:Drivers/STM32WBxx_HAL_Driver/Src/stm32wbxx_hal_rcc.c **** }
1591:Drivers/STM32WBxx_HAL_Driver/Src/stm32wbxx_hal_rcc.c **** 
1592:Drivers/STM32WBxx_HAL_Driver/Src/stm32wbxx_hal_rcc.c **** /**
1593:Drivers/STM32WBxx_HAL_Driver/Src/stm32wbxx_hal_rcc.c ****   * @brief  Configure the RCC_ClkInitStruct according to the internal
1594:Drivers/STM32WBxx_HAL_Driver/Src/stm32wbxx_hal_rcc.c ****   *         RCC configuration registers.
1595:Drivers/STM32WBxx_HAL_Driver/Src/stm32wbxx_hal_rcc.c ****   * @param  RCC_ClkInitStruct Pointer to a @ref RCC_ClkInitTypeDef structure that
1596:Drivers/STM32WBxx_HAL_Driver/Src/stm32wbxx_hal_rcc.c ****   *                           will be configured.
1597:Drivers/STM32WBxx_HAL_Driver/Src/stm32wbxx_hal_rcc.c ****   * @param  pFLatency         Pointer on the Flash Latency.
1598:Drivers/STM32WBxx_HAL_Driver/Src/stm32wbxx_hal_rcc.c ****   * @retval None
1599:Drivers/STM32WBxx_HAL_Driver/Src/stm32wbxx_hal_rcc.c ****   */
1600:Drivers/STM32WBxx_HAL_Driver/Src/stm32wbxx_hal_rcc.c **** void HAL_RCC_GetClockConfig(RCC_ClkInitTypeDef  *RCC_ClkInitStruct, uint32_t *pFLatency)
1601:Drivers/STM32WBxx_HAL_Driver/Src/stm32wbxx_hal_rcc.c **** {
1602:Drivers/STM32WBxx_HAL_Driver/Src/stm32wbxx_hal_rcc.c ****   /* Check the parameters */
1603:Drivers/STM32WBxx_HAL_Driver/Src/stm32wbxx_hal_rcc.c ****   assert_param(RCC_ClkInitStruct != (void *)NULL);
1604:Drivers/STM32WBxx_HAL_Driver/Src/stm32wbxx_hal_rcc.c ****   assert_param(pFLatency != (void *)NULL);
1605:Drivers/STM32WBxx_HAL_Driver/Src/stm32wbxx_hal_rcc.c **** 
1606:Drivers/STM32WBxx_HAL_Driver/Src/stm32wbxx_hal_rcc.c ****   /* Set all possible values for the Clock type parameter --------------------*/
1607:Drivers/STM32WBxx_HAL_Driver/Src/stm32wbxx_hal_rcc.c ****   RCC_ClkInitStruct->ClockType = (RCC_CLOCKTYPE_SYSCLK | RCC_CLOCKTYPE_HCLK | RCC_CLOCKTYPE_PCLK1 |
1608:Drivers/STM32WBxx_HAL_Driver/Src/stm32wbxx_hal_rcc.c ****                                   RCC_CLOCKTYPE_PCLK2 | RCC_CLOCKTYPE_HCLK2 | RCC_CLOCKTYPE_HCLK4);
1609:Drivers/STM32WBxx_HAL_Driver/Src/stm32wbxx_hal_rcc.c **** 
1610:Drivers/STM32WBxx_HAL_Driver/Src/stm32wbxx_hal_rcc.c ****   /* Get the SYSCLK configuration --------------------------------------------*/
1611:Drivers/STM32WBxx_HAL_Driver/Src/stm32wbxx_hal_rcc.c ****   RCC_ClkInitStruct->SYSCLKSource = LL_RCC_GetSysClkSource();
1612:Drivers/STM32WBxx_HAL_Driver/Src/stm32wbxx_hal_rcc.c **** 
1613:Drivers/STM32WBxx_HAL_Driver/Src/stm32wbxx_hal_rcc.c ****   /* Get the HCLK configuration ----------------------------------------------*/
1614:Drivers/STM32WBxx_HAL_Driver/Src/stm32wbxx_hal_rcc.c ****   RCC_ClkInitStruct->AHBCLKDivider = LL_RCC_GetAHBPrescaler();
1615:Drivers/STM32WBxx_HAL_Driver/Src/stm32wbxx_hal_rcc.c **** 
1616:Drivers/STM32WBxx_HAL_Driver/Src/stm32wbxx_hal_rcc.c ****   /* Get the APB1 configuration ----------------------------------------------*/
1617:Drivers/STM32WBxx_HAL_Driver/Src/stm32wbxx_hal_rcc.c ****   RCC_ClkInitStruct->APB1CLKDivider = LL_RCC_GetAPB1Prescaler();
1618:Drivers/STM32WBxx_HAL_Driver/Src/stm32wbxx_hal_rcc.c **** 
1619:Drivers/STM32WBxx_HAL_Driver/Src/stm32wbxx_hal_rcc.c ****   /* Get the APB2 configuration ----------------------------------------------*/
1620:Drivers/STM32WBxx_HAL_Driver/Src/stm32wbxx_hal_rcc.c ****   RCC_ClkInitStruct->APB2CLKDivider = LL_RCC_GetAPB2Prescaler();
1621:Drivers/STM32WBxx_HAL_Driver/Src/stm32wbxx_hal_rcc.c **** 
1622:Drivers/STM32WBxx_HAL_Driver/Src/stm32wbxx_hal_rcc.c ****   /* Get the AHBCLK2Divider configuration ------------------------------------*/
1623:Drivers/STM32WBxx_HAL_Driver/Src/stm32wbxx_hal_rcc.c ****   RCC_ClkInitStruct->AHBCLK2Divider = LL_C2_RCC_GetAHBPrescaler();
1624:Drivers/STM32WBxx_HAL_Driver/Src/stm32wbxx_hal_rcc.c **** 
1625:Drivers/STM32WBxx_HAL_Driver/Src/stm32wbxx_hal_rcc.c ****   /* Get the AHBCLK4Divider configuration ------------------------------------*/
1626:Drivers/STM32WBxx_HAL_Driver/Src/stm32wbxx_hal_rcc.c ****   RCC_ClkInitStruct->AHBCLK4Divider = LL_RCC_GetAHB4Prescaler();
ARM GAS  C:\Users\843E~1\AppData\Local\Temp\cc5PNIRY.s 			page 30


1627:Drivers/STM32WBxx_HAL_Driver/Src/stm32wbxx_hal_rcc.c **** 
1628:Drivers/STM32WBxx_HAL_Driver/Src/stm32wbxx_hal_rcc.c ****   /* Get the Flash Wait State (Latency) configuration ------------------------*/
1629:Drivers/STM32WBxx_HAL_Driver/Src/stm32wbxx_hal_rcc.c ****   *pFLatency = __HAL_FLASH_GET_LATENCY();
1630:Drivers/STM32WBxx_HAL_Driver/Src/stm32wbxx_hal_rcc.c **** }
1631:Drivers/STM32WBxx_HAL_Driver/Src/stm32wbxx_hal_rcc.c **** 
1632:Drivers/STM32WBxx_HAL_Driver/Src/stm32wbxx_hal_rcc.c **** /**
1633:Drivers/STM32WBxx_HAL_Driver/Src/stm32wbxx_hal_rcc.c ****   * @brief  Enable the Clock Security System.
1634:Drivers/STM32WBxx_HAL_Driver/Src/stm32wbxx_hal_rcc.c ****   * @note   If a failure is detected on the HSE oscillator clock, this oscillator
1635:Drivers/STM32WBxx_HAL_Driver/Src/stm32wbxx_hal_rcc.c ****   *         is automatically disabled and an interrupt is generated to inform the
1636:Drivers/STM32WBxx_HAL_Driver/Src/stm32wbxx_hal_rcc.c ****   *         software about the failure (Clock Security System Interrupt, CSSI),
1637:Drivers/STM32WBxx_HAL_Driver/Src/stm32wbxx_hal_rcc.c ****   *         allowing the MCU to perform rescue operations. The CSSI is linked to
1638:Drivers/STM32WBxx_HAL_Driver/Src/stm32wbxx_hal_rcc.c ****   *         CPU1 and CPU2 NMI (Non-Maskable Interrupt) exception vector.
1639:Drivers/STM32WBxx_HAL_Driver/Src/stm32wbxx_hal_rcc.c ****   * @note   The Clock Security System can only be cleared by reset.
1640:Drivers/STM32WBxx_HAL_Driver/Src/stm32wbxx_hal_rcc.c ****   * @retval None
1641:Drivers/STM32WBxx_HAL_Driver/Src/stm32wbxx_hal_rcc.c ****   */
1642:Drivers/STM32WBxx_HAL_Driver/Src/stm32wbxx_hal_rcc.c **** void HAL_RCC_EnableCSS(void)
1643:Drivers/STM32WBxx_HAL_Driver/Src/stm32wbxx_hal_rcc.c **** {
1644:Drivers/STM32WBxx_HAL_Driver/Src/stm32wbxx_hal_rcc.c ****   LL_RCC_HSE_EnableCSS();
1645:Drivers/STM32WBxx_HAL_Driver/Src/stm32wbxx_hal_rcc.c **** }
1646:Drivers/STM32WBxx_HAL_Driver/Src/stm32wbxx_hal_rcc.c **** 
1647:Drivers/STM32WBxx_HAL_Driver/Src/stm32wbxx_hal_rcc.c **** /**
1648:Drivers/STM32WBxx_HAL_Driver/Src/stm32wbxx_hal_rcc.c ****   * @brief Handle the RCC HSE Clock Security System interrupt request.
1649:Drivers/STM32WBxx_HAL_Driver/Src/stm32wbxx_hal_rcc.c ****   * @note  This API should be called under the NMI_Handler().
1650:Drivers/STM32WBxx_HAL_Driver/Src/stm32wbxx_hal_rcc.c ****   * @retval None
1651:Drivers/STM32WBxx_HAL_Driver/Src/stm32wbxx_hal_rcc.c ****   */
1652:Drivers/STM32WBxx_HAL_Driver/Src/stm32wbxx_hal_rcc.c **** void HAL_RCC_NMI_IRQHandler(void)
1653:Drivers/STM32WBxx_HAL_Driver/Src/stm32wbxx_hal_rcc.c **** {
1654:Drivers/STM32WBxx_HAL_Driver/Src/stm32wbxx_hal_rcc.c ****   /* Check RCC CSSF interrupt flag  */
1655:Drivers/STM32WBxx_HAL_Driver/Src/stm32wbxx_hal_rcc.c ****   if (__HAL_RCC_GET_IT(RCC_IT_HSECSS))
1656:Drivers/STM32WBxx_HAL_Driver/Src/stm32wbxx_hal_rcc.c ****   {
1657:Drivers/STM32WBxx_HAL_Driver/Src/stm32wbxx_hal_rcc.c ****     /* RCC Clock Security System interrupt user callback */
1658:Drivers/STM32WBxx_HAL_Driver/Src/stm32wbxx_hal_rcc.c ****     HAL_RCC_CSSCallback();
1659:Drivers/STM32WBxx_HAL_Driver/Src/stm32wbxx_hal_rcc.c **** 
1660:Drivers/STM32WBxx_HAL_Driver/Src/stm32wbxx_hal_rcc.c ****     /* Clear RCC CSS pending bit */
1661:Drivers/STM32WBxx_HAL_Driver/Src/stm32wbxx_hal_rcc.c ****     __HAL_RCC_CLEAR_IT(RCC_IT_HSECSS);
1662:Drivers/STM32WBxx_HAL_Driver/Src/stm32wbxx_hal_rcc.c ****   }
1663:Drivers/STM32WBxx_HAL_Driver/Src/stm32wbxx_hal_rcc.c **** }
1664:Drivers/STM32WBxx_HAL_Driver/Src/stm32wbxx_hal_rcc.c **** 
1665:Drivers/STM32WBxx_HAL_Driver/Src/stm32wbxx_hal_rcc.c **** /**
1666:Drivers/STM32WBxx_HAL_Driver/Src/stm32wbxx_hal_rcc.c ****   * @brief Handle the RCC HSE Clock Security System interrupt callback.
1667:Drivers/STM32WBxx_HAL_Driver/Src/stm32wbxx_hal_rcc.c ****   * @retval none
1668:Drivers/STM32WBxx_HAL_Driver/Src/stm32wbxx_hal_rcc.c ****   */
1669:Drivers/STM32WBxx_HAL_Driver/Src/stm32wbxx_hal_rcc.c **** __weak void HAL_RCC_CSSCallback(void)
1670:Drivers/STM32WBxx_HAL_Driver/Src/stm32wbxx_hal_rcc.c **** {
1671:Drivers/STM32WBxx_HAL_Driver/Src/stm32wbxx_hal_rcc.c ****   /* NOTE : This function should not be modified, when the callback is needed,
1672:Drivers/STM32WBxx_HAL_Driver/Src/stm32wbxx_hal_rcc.c ****             the @ref HAL_RCC_CSSCallback should be implemented in the user file
1673:Drivers/STM32WBxx_HAL_Driver/Src/stm32wbxx_hal_rcc.c ****    */
1674:Drivers/STM32WBxx_HAL_Driver/Src/stm32wbxx_hal_rcc.c **** }
1675:Drivers/STM32WBxx_HAL_Driver/Src/stm32wbxx_hal_rcc.c **** 
1676:Drivers/STM32WBxx_HAL_Driver/Src/stm32wbxx_hal_rcc.c **** /**
1677:Drivers/STM32WBxx_HAL_Driver/Src/stm32wbxx_hal_rcc.c ****   * @brief  Get and clear reset flags
1678:Drivers/STM32WBxx_HAL_Driver/Src/stm32wbxx_hal_rcc.c ****   * @param  None
1679:Drivers/STM32WBxx_HAL_Driver/Src/stm32wbxx_hal_rcc.c ****   * @note   Once reset flags are retrieved, this API is clearing them in order
1680:Drivers/STM32WBxx_HAL_Driver/Src/stm32wbxx_hal_rcc.c ****   *         to isolate next reset reason.
1681:Drivers/STM32WBxx_HAL_Driver/Src/stm32wbxx_hal_rcc.c ****   * @retval can be a combination of @ref RCC_Reset_Flag
1682:Drivers/STM32WBxx_HAL_Driver/Src/stm32wbxx_hal_rcc.c ****   */
1683:Drivers/STM32WBxx_HAL_Driver/Src/stm32wbxx_hal_rcc.c **** uint32_t HAL_RCC_GetResetSource(void)
ARM GAS  C:\Users\843E~1\AppData\Local\Temp\cc5PNIRY.s 			page 31


1684:Drivers/STM32WBxx_HAL_Driver/Src/stm32wbxx_hal_rcc.c **** {
1685:Drivers/STM32WBxx_HAL_Driver/Src/stm32wbxx_hal_rcc.c ****   uint32_t reset;
1686:Drivers/STM32WBxx_HAL_Driver/Src/stm32wbxx_hal_rcc.c **** 
1687:Drivers/STM32WBxx_HAL_Driver/Src/stm32wbxx_hal_rcc.c ****   /* Get all reset flags */
1688:Drivers/STM32WBxx_HAL_Driver/Src/stm32wbxx_hal_rcc.c ****   reset = RCC->CSR & RCC_RESET_FLAG_ALL;
1689:Drivers/STM32WBxx_HAL_Driver/Src/stm32wbxx_hal_rcc.c **** 
1690:Drivers/STM32WBxx_HAL_Driver/Src/stm32wbxx_hal_rcc.c ****   /* Clear Reset flags */
1691:Drivers/STM32WBxx_HAL_Driver/Src/stm32wbxx_hal_rcc.c ****   RCC->CSR |= RCC_CSR_RMVF;
1692:Drivers/STM32WBxx_HAL_Driver/Src/stm32wbxx_hal_rcc.c **** 
1693:Drivers/STM32WBxx_HAL_Driver/Src/stm32wbxx_hal_rcc.c ****   return reset;
1694:Drivers/STM32WBxx_HAL_Driver/Src/stm32wbxx_hal_rcc.c **** }
1695:Drivers/STM32WBxx_HAL_Driver/Src/stm32wbxx_hal_rcc.c **** 
1696:Drivers/STM32WBxx_HAL_Driver/Src/stm32wbxx_hal_rcc.c **** /**
1697:Drivers/STM32WBxx_HAL_Driver/Src/stm32wbxx_hal_rcc.c ****   * @}
1698:Drivers/STM32WBxx_HAL_Driver/Src/stm32wbxx_hal_rcc.c ****   */
1699:Drivers/STM32WBxx_HAL_Driver/Src/stm32wbxx_hal_rcc.c **** 
1700:Drivers/STM32WBxx_HAL_Driver/Src/stm32wbxx_hal_rcc.c **** /**
1701:Drivers/STM32WBxx_HAL_Driver/Src/stm32wbxx_hal_rcc.c ****   * @}
1702:Drivers/STM32WBxx_HAL_Driver/Src/stm32wbxx_hal_rcc.c ****   */
1703:Drivers/STM32WBxx_HAL_Driver/Src/stm32wbxx_hal_rcc.c **** 
1704:Drivers/STM32WBxx_HAL_Driver/Src/stm32wbxx_hal_rcc.c **** /* Private function prototypes -----------------------------------------------*/
1705:Drivers/STM32WBxx_HAL_Driver/Src/stm32wbxx_hal_rcc.c **** /** @addtogroup RCC_Private_Functions
1706:Drivers/STM32WBxx_HAL_Driver/Src/stm32wbxx_hal_rcc.c ****   * @{
1707:Drivers/STM32WBxx_HAL_Driver/Src/stm32wbxx_hal_rcc.c ****   */
1708:Drivers/STM32WBxx_HAL_Driver/Src/stm32wbxx_hal_rcc.c **** 
1709:Drivers/STM32WBxx_HAL_Driver/Src/stm32wbxx_hal_rcc.c **** /**
1710:Drivers/STM32WBxx_HAL_Driver/Src/stm32wbxx_hal_rcc.c ****   * @brief  Update number of Flash wait states in line with MSI range and current
1711:Drivers/STM32WBxx_HAL_Driver/Src/stm32wbxx_hal_rcc.c ****             voltage range.
1712:Drivers/STM32WBxx_HAL_Driver/Src/stm32wbxx_hal_rcc.c ****   * @param  MSI_Range  MSI range value from @ref RCC_MSIRANGE_0 to @ref RCC_MSIRANGE_11
1713:Drivers/STM32WBxx_HAL_Driver/Src/stm32wbxx_hal_rcc.c ****   * @retval HAL status
1714:Drivers/STM32WBxx_HAL_Driver/Src/stm32wbxx_hal_rcc.c ****   */
1715:Drivers/STM32WBxx_HAL_Driver/Src/stm32wbxx_hal_rcc.c **** static HAL_StatusTypeDef RCC_SetFlashLatencyFromMSIRange(uint32_t MSI_Range)
1716:Drivers/STM32WBxx_HAL_Driver/Src/stm32wbxx_hal_rcc.c **** {
1717:Drivers/STM32WBxx_HAL_Driver/Src/stm32wbxx_hal_rcc.c ****   uint32_t flash_clksrcfreq;
1718:Drivers/STM32WBxx_HAL_Driver/Src/stm32wbxx_hal_rcc.c ****   uint32_t msifreq;
1719:Drivers/STM32WBxx_HAL_Driver/Src/stm32wbxx_hal_rcc.c **** 
1720:Drivers/STM32WBxx_HAL_Driver/Src/stm32wbxx_hal_rcc.c ****   /* Check the parameters */
1721:Drivers/STM32WBxx_HAL_Driver/Src/stm32wbxx_hal_rcc.c ****   assert_param(IS_RCC_MSI_CLOCK_RANGE(MSI_Range));
1722:Drivers/STM32WBxx_HAL_Driver/Src/stm32wbxx_hal_rcc.c **** 
1723:Drivers/STM32WBxx_HAL_Driver/Src/stm32wbxx_hal_rcc.c ****   /* MSI frequency range in Hz */
1724:Drivers/STM32WBxx_HAL_Driver/Src/stm32wbxx_hal_rcc.c ****   if (MSI_Range > RCC_MSIRANGE_11)
1725:Drivers/STM32WBxx_HAL_Driver/Src/stm32wbxx_hal_rcc.c ****   {
1726:Drivers/STM32WBxx_HAL_Driver/Src/stm32wbxx_hal_rcc.c ****     msifreq = __LL_RCC_CALC_MSI_FREQ(RCC_MSIRANGE_11);
1727:Drivers/STM32WBxx_HAL_Driver/Src/stm32wbxx_hal_rcc.c ****   }
1728:Drivers/STM32WBxx_HAL_Driver/Src/stm32wbxx_hal_rcc.c ****   else
1729:Drivers/STM32WBxx_HAL_Driver/Src/stm32wbxx_hal_rcc.c ****   {
1730:Drivers/STM32WBxx_HAL_Driver/Src/stm32wbxx_hal_rcc.c ****     msifreq = __LL_RCC_CALC_MSI_FREQ(MSI_Range);
1731:Drivers/STM32WBxx_HAL_Driver/Src/stm32wbxx_hal_rcc.c ****   }
1732:Drivers/STM32WBxx_HAL_Driver/Src/stm32wbxx_hal_rcc.c **** 
1733:Drivers/STM32WBxx_HAL_Driver/Src/stm32wbxx_hal_rcc.c ****   flash_clksrcfreq = __LL_RCC_CALC_HCLK4_FREQ(msifreq, LL_RCC_GetAHB4Prescaler());
1734:Drivers/STM32WBxx_HAL_Driver/Src/stm32wbxx_hal_rcc.c **** 
1735:Drivers/STM32WBxx_HAL_Driver/Src/stm32wbxx_hal_rcc.c **** #if defined(PWR_CR1_VOS)
1736:Drivers/STM32WBxx_HAL_Driver/Src/stm32wbxx_hal_rcc.c ****   return RCC_SetFlashLatency((flash_clksrcfreq / MEGA_HZ), HAL_PWREx_GetVoltageRange());
1737:Drivers/STM32WBxx_HAL_Driver/Src/stm32wbxx_hal_rcc.c **** #else
1738:Drivers/STM32WBxx_HAL_Driver/Src/stm32wbxx_hal_rcc.c ****   return RCC_SetFlashLatency((flash_clksrcfreq / MEGA_HZ), PWR_REGULATOR_VOLTAGE_SCALE1);
1739:Drivers/STM32WBxx_HAL_Driver/Src/stm32wbxx_hal_rcc.c **** #endif /* PWR_CR1_VOS */
1740:Drivers/STM32WBxx_HAL_Driver/Src/stm32wbxx_hal_rcc.c **** }
ARM GAS  C:\Users\843E~1\AppData\Local\Temp\cc5PNIRY.s 			page 32


1741:Drivers/STM32WBxx_HAL_Driver/Src/stm32wbxx_hal_rcc.c **** 
1742:Drivers/STM32WBxx_HAL_Driver/Src/stm32wbxx_hal_rcc.c **** 
1743:Drivers/STM32WBxx_HAL_Driver/Src/stm32wbxx_hal_rcc.c **** /**
1744:Drivers/STM32WBxx_HAL_Driver/Src/stm32wbxx_hal_rcc.c ****   * @brief  Update number of Flash wait states.
1745:Drivers/STM32WBxx_HAL_Driver/Src/stm32wbxx_hal_rcc.c ****   * @param  Flash_ClkSrcFreq  Flash Clock Source (in MHz)
1746:Drivers/STM32WBxx_HAL_Driver/Src/stm32wbxx_hal_rcc.c ****   * @param  VCORE_Voltage     Current Vcore voltage (PWR_REGULATOR_VOLTAGE_SCALE1 or PWR_REGULATOR_
1747:Drivers/STM32WBxx_HAL_Driver/Src/stm32wbxx_hal_rcc.c ****   * @retval HAL status
1748:Drivers/STM32WBxx_HAL_Driver/Src/stm32wbxx_hal_rcc.c ****   */
1749:Drivers/STM32WBxx_HAL_Driver/Src/stm32wbxx_hal_rcc.c **** static HAL_StatusTypeDef RCC_SetFlashLatency(uint32_t Flash_ClkSrcFreq, uint32_t VCORE_Voltage)
1750:Drivers/STM32WBxx_HAL_Driver/Src/stm32wbxx_hal_rcc.c **** {
  29              		.loc 1 1750 1 view -0
  30              		.cfi_startproc
  31              		@ args = 0, pretend = 0, frame = 48
  32              		@ frame_needed = 0, uses_anonymous_args = 0
  33              		.loc 1 1750 1 is_stmt 0 view .LVU1
  34 0000 30B5     		push	{r4, r5, lr}
  35              	.LCFI0:
  36              		.cfi_def_cfa_offset 12
  37              		.cfi_offset 4, -12
  38              		.cfi_offset 5, -8
  39              		.cfi_offset 14, -4
  40 0002 8DB0     		sub	sp, sp, #52
  41              	.LCFI1:
  42              		.cfi_def_cfa_offset 64
  43 0004 0546     		mov	r5, r0
  44 0006 8E46     		mov	lr, r1
1751:Drivers/STM32WBxx_HAL_Driver/Src/stm32wbxx_hal_rcc.c ****   /* Flash Clock source (HCLK4) range in MHz with a VCORE is range1 */
1752:Drivers/STM32WBxx_HAL_Driver/Src/stm32wbxx_hal_rcc.c ****   const uint32_t FLASH_CLK_SRC_RANGE_VOS1[] = {18UL, 36UL, 54UL, 64UL};
  45              		.loc 1 1752 3 is_stmt 1 view .LVU2
  46              		.loc 1 1752 18 is_stmt 0 view .LVU3
  47 0008 2B4C     		ldr	r4, .L19
  48 000a 94E80F00 		ldm	r4, {r0, r1, r2, r3}
  49              	.LVL1:
  50              		.loc 1 1752 18 view .LVU4
  51 000e 0DF1300C 		add	ip, sp, #48
  52 0012 0CE90F00 		stmdb	ip, {r0, r1, r2, r3}
1753:Drivers/STM32WBxx_HAL_Driver/Src/stm32wbxx_hal_rcc.c **** #if defined(PWR_CR1_VOS)
1754:Drivers/STM32WBxx_HAL_Driver/Src/stm32wbxx_hal_rcc.c ****   /* Flash Clock source (HCLK4) range in MHz with a VCORE is range2 */
1755:Drivers/STM32WBxx_HAL_Driver/Src/stm32wbxx_hal_rcc.c ****   const uint32_t FLASH_CLK_SRC_RANGE_VOS2[] = {6UL, 12UL, 16UL};
  53              		.loc 1 1755 3 is_stmt 1 view .LVU5
  54              		.loc 1 1755 18 is_stmt 0 view .LVU6
  55 0016 05AB     		add	r3, sp, #20
  56 0018 04F11002 		add	r2, r4, #16
  57 001c 07CA     		ldm	r2, {r0, r1, r2}
  58 001e 83E80700 		stm	r3, {r0, r1, r2}
1756:Drivers/STM32WBxx_HAL_Driver/Src/stm32wbxx_hal_rcc.c **** #endif /* PWR_CR1_VOS */
1757:Drivers/STM32WBxx_HAL_Driver/Src/stm32wbxx_hal_rcc.c ****   /* Flash Latency range */
1758:Drivers/STM32WBxx_HAL_Driver/Src/stm32wbxx_hal_rcc.c ****   const uint32_t FLASH_LATENCY_RANGE[] = {FLASH_LATENCY_0, FLASH_LATENCY_1, FLASH_LATENCY_2, FLASH_
  59              		.loc 1 1758 3 is_stmt 1 view .LVU7
  60              		.loc 1 1758 18 is_stmt 0 view .LVU8
  61 0022 0DF1040C 		add	ip, sp, #4
  62 0026 1C34     		adds	r4, r4, #28
  63 0028 94E80F00 		ldm	r4, {r0, r1, r2, r3}
  64 002c 8CE80F00 		stm	ip, {r0, r1, r2, r3}
1759:Drivers/STM32WBxx_HAL_Driver/Src/stm32wbxx_hal_rcc.c ****   uint32_t latency   = FLASH_LATENCY_0;  /* default value 0WS */
  65              		.loc 1 1759 3 is_stmt 1 view .LVU9
  66              	.LVL2:
ARM GAS  C:\Users\843E~1\AppData\Local\Temp\cc5PNIRY.s 			page 33


1760:Drivers/STM32WBxx_HAL_Driver/Src/stm32wbxx_hal_rcc.c ****   uint32_t tickstart;
  67              		.loc 1 1760 3 view .LVU10
1761:Drivers/STM32WBxx_HAL_Driver/Src/stm32wbxx_hal_rcc.c **** 
1762:Drivers/STM32WBxx_HAL_Driver/Src/stm32wbxx_hal_rcc.c **** #if defined(PWR_CR1_VOS)
1763:Drivers/STM32WBxx_HAL_Driver/Src/stm32wbxx_hal_rcc.c ****   if (VCORE_Voltage == PWR_REGULATOR_VOLTAGE_SCALE1)
  68              		.loc 1 1763 3 view .LVU11
  69              		.loc 1 1763 6 is_stmt 0 view .LVU12
  70 0030 BEF5007F 		cmp	lr, #512
  71 0034 07D0     		beq	.L12
  72              	.LBB222:
1764:Drivers/STM32WBxx_HAL_Driver/Src/stm32wbxx_hal_rcc.c ****   {
1765:Drivers/STM32WBxx_HAL_Driver/Src/stm32wbxx_hal_rcc.c ****     for (uint32_t index = 0; index < __COUNTOF(FLASH_CLK_SRC_RANGE_VOS1); index++)
1766:Drivers/STM32WBxx_HAL_Driver/Src/stm32wbxx_hal_rcc.c ****     {
1767:Drivers/STM32WBxx_HAL_Driver/Src/stm32wbxx_hal_rcc.c ****       if (Flash_ClkSrcFreq <= FLASH_CLK_SRC_RANGE_VOS1[index])
1768:Drivers/STM32WBxx_HAL_Driver/Src/stm32wbxx_hal_rcc.c ****       {
1769:Drivers/STM32WBxx_HAL_Driver/Src/stm32wbxx_hal_rcc.c ****         latency = FLASH_LATENCY_RANGE[index];
1770:Drivers/STM32WBxx_HAL_Driver/Src/stm32wbxx_hal_rcc.c ****         break;
1771:Drivers/STM32WBxx_HAL_Driver/Src/stm32wbxx_hal_rcc.c ****       }
1772:Drivers/STM32WBxx_HAL_Driver/Src/stm32wbxx_hal_rcc.c ****     }
1773:Drivers/STM32WBxx_HAL_Driver/Src/stm32wbxx_hal_rcc.c ****   }
1774:Drivers/STM32WBxx_HAL_Driver/Src/stm32wbxx_hal_rcc.c ****   else  /* PWR_REGULATOR_VOLTAGE_SCALE2 */
1775:Drivers/STM32WBxx_HAL_Driver/Src/stm32wbxx_hal_rcc.c ****   {
1776:Drivers/STM32WBxx_HAL_Driver/Src/stm32wbxx_hal_rcc.c ****     for (uint32_t index = 0; index < __COUNTOF(FLASH_CLK_SRC_RANGE_VOS2); index++)
  73              		.loc 1 1776 19 view .LVU13
  74 0036 0023     		movs	r3, #0
  75 0038 14E0     		b	.L3
  76              	.LVL3:
  77              	.L16:
  78              		.loc 1 1776 19 view .LVU14
  79              	.LBE222:
  80              	.LBB223:
1769:Drivers/STM32WBxx_HAL_Driver/Src/stm32wbxx_hal_rcc.c ****         break;
  81              		.loc 1 1769 9 is_stmt 1 view .LVU15
1769:Drivers/STM32WBxx_HAL_Driver/Src/stm32wbxx_hal_rcc.c ****         break;
  82              		.loc 1 1769 17 is_stmt 0 view .LVU16
  83 003a 0CAA     		add	r2, sp, #48
  84 003c 02EB8303 		add	r3, r2, r3, lsl #2
  85              	.LVL4:
1769:Drivers/STM32WBxx_HAL_Driver/Src/stm32wbxx_hal_rcc.c ****         break;
  86              		.loc 1 1769 17 view .LVU17
  87 0040 53F82C5C 		ldr	r5, [r3, #-44]
  88              	.LVL5:
1770:Drivers/STM32WBxx_HAL_Driver/Src/stm32wbxx_hal_rcc.c ****       }
  89              		.loc 1 1770 9 is_stmt 1 view .LVU18
  90 0044 1EE0     		b	.L5
  91              	.LVL6:
  92              	.L12:
1765:Drivers/STM32WBxx_HAL_Driver/Src/stm32wbxx_hal_rcc.c ****     {
  93              		.loc 1 1765 19 is_stmt 0 view .LVU19
  94 0046 0023     		movs	r3, #0
  95              	.L2:
  96              	.LVL7:
1765:Drivers/STM32WBxx_HAL_Driver/Src/stm32wbxx_hal_rcc.c ****     {
  97              		.loc 1 1765 30 is_stmt 1 discriminator 1 view .LVU20
1765:Drivers/STM32WBxx_HAL_Driver/Src/stm32wbxx_hal_rcc.c ****     {
  98              		.loc 1 1765 5 is_stmt 0 discriminator 1 view .LVU21
  99 0048 032B     		cmp	r3, #3
ARM GAS  C:\Users\843E~1\AppData\Local\Temp\cc5PNIRY.s 			page 34


 100 004a 08D8     		bhi	.L15
1767:Drivers/STM32WBxx_HAL_Driver/Src/stm32wbxx_hal_rcc.c ****       {
 101              		.loc 1 1767 7 is_stmt 1 view .LVU22
1767:Drivers/STM32WBxx_HAL_Driver/Src/stm32wbxx_hal_rcc.c ****       {
 102              		.loc 1 1767 55 is_stmt 0 view .LVU23
 103 004c 0CAA     		add	r2, sp, #48
 104 004e 02EB8302 		add	r2, r2, r3, lsl #2
 105 0052 52F8102C 		ldr	r2, [r2, #-16]
1767:Drivers/STM32WBxx_HAL_Driver/Src/stm32wbxx_hal_rcc.c ****       {
 106              		.loc 1 1767 10 view .LVU24
 107 0056 AA42     		cmp	r2, r5
 108 0058 EFD2     		bcs	.L16
1765:Drivers/STM32WBxx_HAL_Driver/Src/stm32wbxx_hal_rcc.c ****     {
 109              		.loc 1 1765 75 is_stmt 1 discriminator 2 view .LVU25
1765:Drivers/STM32WBxx_HAL_Driver/Src/stm32wbxx_hal_rcc.c ****     {
 110              		.loc 1 1765 80 is_stmt 0 discriminator 2 view .LVU26
 111 005a 0133     		adds	r3, r3, #1
 112              	.LVL8:
1765:Drivers/STM32WBxx_HAL_Driver/Src/stm32wbxx_hal_rcc.c ****     {
 113              		.loc 1 1765 80 discriminator 2 view .LVU27
 114 005c F4E7     		b	.L2
 115              	.L15:
1765:Drivers/STM32WBxx_HAL_Driver/Src/stm32wbxx_hal_rcc.c ****     {
 116              		.loc 1 1765 80 discriminator 2 view .LVU28
 117              	.LBE223:
1759:Drivers/STM32WBxx_HAL_Driver/Src/stm32wbxx_hal_rcc.c ****   uint32_t tickstart;
 118              		.loc 1 1759 12 view .LVU29
 119 005e 0025     		movs	r5, #0
 120              	.LVL9:
1759:Drivers/STM32WBxx_HAL_Driver/Src/stm32wbxx_hal_rcc.c ****   uint32_t tickstart;
 121              		.loc 1 1759 12 view .LVU30
 122 0060 10E0     		b	.L5
 123              	.LVL10:
 124              	.L7:
 125              	.LBB224:
 126              		.loc 1 1776 75 is_stmt 1 discriminator 2 view .LVU31
 127              		.loc 1 1776 80 is_stmt 0 discriminator 2 view .LVU32
 128 0062 0133     		adds	r3, r3, #1
 129              	.LVL11:
 130              	.L3:
 131              		.loc 1 1776 30 is_stmt 1 discriminator 1 view .LVU33
 132              		.loc 1 1776 5 is_stmt 0 discriminator 1 view .LVU34
 133 0064 022B     		cmp	r3, #2
 134 0066 0CD8     		bhi	.L17
1777:Drivers/STM32WBxx_HAL_Driver/Src/stm32wbxx_hal_rcc.c ****     {
1778:Drivers/STM32WBxx_HAL_Driver/Src/stm32wbxx_hal_rcc.c ****       if (Flash_ClkSrcFreq <= FLASH_CLK_SRC_RANGE_VOS2[index])
 135              		.loc 1 1778 7 is_stmt 1 view .LVU35
 136              		.loc 1 1778 55 is_stmt 0 view .LVU36
 137 0068 0CAA     		add	r2, sp, #48
 138 006a 02EB8302 		add	r2, r2, r3, lsl #2
 139 006e 52F81C2C 		ldr	r2, [r2, #-28]
 140              		.loc 1 1778 10 view .LVU37
 141 0072 AA42     		cmp	r2, r5
 142 0074 F5D3     		bcc	.L7
1779:Drivers/STM32WBxx_HAL_Driver/Src/stm32wbxx_hal_rcc.c ****       {
1780:Drivers/STM32WBxx_HAL_Driver/Src/stm32wbxx_hal_rcc.c ****         latency = FLASH_LATENCY_RANGE[index];
 143              		.loc 1 1780 9 is_stmt 1 view .LVU38
ARM GAS  C:\Users\843E~1\AppData\Local\Temp\cc5PNIRY.s 			page 35


 144              		.loc 1 1780 17 is_stmt 0 view .LVU39
 145 0076 0CAA     		add	r2, sp, #48
 146 0078 02EB8303 		add	r3, r2, r3, lsl #2
 147              	.LVL12:
 148              		.loc 1 1780 17 view .LVU40
 149 007c 53F82C5C 		ldr	r5, [r3, #-44]
 150              	.LVL13:
1781:Drivers/STM32WBxx_HAL_Driver/Src/stm32wbxx_hal_rcc.c ****         break;
 151              		.loc 1 1781 9 is_stmt 1 view .LVU41
 152 0080 00E0     		b	.L5
 153              	.LVL14:
 154              	.L17:
 155              		.loc 1 1781 9 is_stmt 0 view .LVU42
 156              	.LBE224:
1759:Drivers/STM32WBxx_HAL_Driver/Src/stm32wbxx_hal_rcc.c ****   uint32_t tickstart;
 157              		.loc 1 1759 12 view .LVU43
 158 0082 0025     		movs	r5, #0
 159              	.LVL15:
 160              	.L5:
1782:Drivers/STM32WBxx_HAL_Driver/Src/stm32wbxx_hal_rcc.c ****       }
1783:Drivers/STM32WBxx_HAL_Driver/Src/stm32wbxx_hal_rcc.c ****     }
1784:Drivers/STM32WBxx_HAL_Driver/Src/stm32wbxx_hal_rcc.c ****   }
1785:Drivers/STM32WBxx_HAL_Driver/Src/stm32wbxx_hal_rcc.c **** #else
1786:Drivers/STM32WBxx_HAL_Driver/Src/stm32wbxx_hal_rcc.c ****   for (uint32_t index = 0; index < __COUNTOF(FLASH_CLK_SRC_RANGE_VOS1); index++)
1787:Drivers/STM32WBxx_HAL_Driver/Src/stm32wbxx_hal_rcc.c ****   {
1788:Drivers/STM32WBxx_HAL_Driver/Src/stm32wbxx_hal_rcc.c ****     if (Flash_ClkSrcFreq <= FLASH_CLK_SRC_RANGE_VOS1[index])
1789:Drivers/STM32WBxx_HAL_Driver/Src/stm32wbxx_hal_rcc.c ****     {
1790:Drivers/STM32WBxx_HAL_Driver/Src/stm32wbxx_hal_rcc.c ****       latency = FLASH_LATENCY_RANGE[index];
1791:Drivers/STM32WBxx_HAL_Driver/Src/stm32wbxx_hal_rcc.c ****       break;
1792:Drivers/STM32WBxx_HAL_Driver/Src/stm32wbxx_hal_rcc.c ****     }
1793:Drivers/STM32WBxx_HAL_Driver/Src/stm32wbxx_hal_rcc.c ****   }
1794:Drivers/STM32WBxx_HAL_Driver/Src/stm32wbxx_hal_rcc.c **** #endif /* PWR_CR1_VOS */
1795:Drivers/STM32WBxx_HAL_Driver/Src/stm32wbxx_hal_rcc.c **** 
1796:Drivers/STM32WBxx_HAL_Driver/Src/stm32wbxx_hal_rcc.c ****   __HAL_FLASH_SET_LATENCY(latency);
 161              		.loc 1 1796 3 is_stmt 1 view .LVU44
 162 0084 0D4A     		ldr	r2, .L19+4
 163 0086 1368     		ldr	r3, [r2]
 164 0088 23F00703 		bic	r3, r3, #7
 165 008c 2B43     		orrs	r3, r3, r5
 166 008e 1360     		str	r3, [r2]
1797:Drivers/STM32WBxx_HAL_Driver/Src/stm32wbxx_hal_rcc.c **** 
1798:Drivers/STM32WBxx_HAL_Driver/Src/stm32wbxx_hal_rcc.c ****   /* Get Start Tick*/
1799:Drivers/STM32WBxx_HAL_Driver/Src/stm32wbxx_hal_rcc.c ****   tickstart = HAL_GetTick();
 167              		.loc 1 1799 3 view .LVU45
 168              		.loc 1 1799 15 is_stmt 0 view .LVU46
 169 0090 FFF7FEFF 		bl	HAL_GetTick
 170              	.LVL16:
 171              		.loc 1 1799 15 view .LVU47
 172 0094 0446     		mov	r4, r0
 173              	.LVL17:
1800:Drivers/STM32WBxx_HAL_Driver/Src/stm32wbxx_hal_rcc.c **** 
1801:Drivers/STM32WBxx_HAL_Driver/Src/stm32wbxx_hal_rcc.c ****   /* Check that the new number of wait states is taken into account to access the Flash
1802:Drivers/STM32WBxx_HAL_Driver/Src/stm32wbxx_hal_rcc.c ****      memory by reading the FLASH_ACR register */
1803:Drivers/STM32WBxx_HAL_Driver/Src/stm32wbxx_hal_rcc.c ****   while (__HAL_FLASH_GET_LATENCY() != latency)
 174              		.loc 1 1803 3 is_stmt 1 view .LVU48
 175              	.L9:
 176              		.loc 1 1803 9 view .LVU49
ARM GAS  C:\Users\843E~1\AppData\Local\Temp\cc5PNIRY.s 			page 36


 177              		.loc 1 1803 10 is_stmt 0 view .LVU50
 178 0096 094B     		ldr	r3, .L19+4
 179 0098 1B68     		ldr	r3, [r3]
 180 009a 03F00703 		and	r3, r3, #7
 181              		.loc 1 1803 9 view .LVU51
 182 009e AB42     		cmp	r3, r5
 183 00a0 06D0     		beq	.L18
1804:Drivers/STM32WBxx_HAL_Driver/Src/stm32wbxx_hal_rcc.c ****   {
1805:Drivers/STM32WBxx_HAL_Driver/Src/stm32wbxx_hal_rcc.c ****     if ((HAL_GetTick() - tickstart) > LATENCY_TIMEOUT_VALUE)
 184              		.loc 1 1805 5 is_stmt 1 view .LVU52
 185              		.loc 1 1805 10 is_stmt 0 view .LVU53
 186 00a2 FFF7FEFF 		bl	HAL_GetTick
 187              	.LVL18:
 188              		.loc 1 1805 24 view .LVU54
 189 00a6 001B     		subs	r0, r0, r4
 190              		.loc 1 1805 8 view .LVU55
 191 00a8 0228     		cmp	r0, #2
 192 00aa F4D9     		bls	.L9
1806:Drivers/STM32WBxx_HAL_Driver/Src/stm32wbxx_hal_rcc.c ****     {
1807:Drivers/STM32WBxx_HAL_Driver/Src/stm32wbxx_hal_rcc.c ****       return HAL_TIMEOUT;
 193              		.loc 1 1807 14 view .LVU56
 194 00ac 0320     		movs	r0, #3
 195 00ae 00E0     		b	.L10
 196              	.L18:
1808:Drivers/STM32WBxx_HAL_Driver/Src/stm32wbxx_hal_rcc.c ****     }
1809:Drivers/STM32WBxx_HAL_Driver/Src/stm32wbxx_hal_rcc.c ****   }
1810:Drivers/STM32WBxx_HAL_Driver/Src/stm32wbxx_hal_rcc.c ****   return HAL_OK;
 197              		.loc 1 1810 10 view .LVU57
 198 00b0 0020     		movs	r0, #0
 199              	.L10:
1811:Drivers/STM32WBxx_HAL_Driver/Src/stm32wbxx_hal_rcc.c **** }
 200              		.loc 1 1811 1 view .LVU58
 201 00b2 0DB0     		add	sp, sp, #52
 202              	.LCFI2:
 203              		.cfi_def_cfa_offset 12
 204              		@ sp needed
 205 00b4 30BD     		pop	{r4, r5, pc}
 206              	.LVL19:
 207              	.L20:
 208              		.loc 1 1811 1 view .LVU59
 209 00b6 00BF     		.align	2
 210              	.L19:
 211 00b8 00000000 		.word	.LANCHOR0
 212 00bc 00400058 		.word	1476411392
 213              		.cfi_endproc
 214              	.LFE967:
 216              		.section	.text.RCC_SetFlashLatencyFromMSIRange,"ax",%progbits
 217              		.align	1
 218              		.syntax unified
 219              		.thumb
 220              		.thumb_func
 222              	RCC_SetFlashLatencyFromMSIRange:
 223              	.LVL20:
 224              	.LFB966:
1716:Drivers/STM32WBxx_HAL_Driver/Src/stm32wbxx_hal_rcc.c ****   uint32_t flash_clksrcfreq;
 225              		.loc 1 1716 1 is_stmt 1 view -0
 226              		.cfi_startproc
ARM GAS  C:\Users\843E~1\AppData\Local\Temp\cc5PNIRY.s 			page 37


 227              		@ args = 0, pretend = 0, frame = 0
 228              		@ frame_needed = 0, uses_anonymous_args = 0
1716:Drivers/STM32WBxx_HAL_Driver/Src/stm32wbxx_hal_rcc.c ****   uint32_t flash_clksrcfreq;
 229              		.loc 1 1716 1 is_stmt 0 view .LVU61
 230 0000 10B5     		push	{r4, lr}
 231              	.LCFI3:
 232              		.cfi_def_cfa_offset 8
 233              		.cfi_offset 4, -8
 234              		.cfi_offset 14, -4
1717:Drivers/STM32WBxx_HAL_Driver/Src/stm32wbxx_hal_rcc.c ****   uint32_t msifreq;
 235              		.loc 1 1717 3 is_stmt 1 view .LVU62
1718:Drivers/STM32WBxx_HAL_Driver/Src/stm32wbxx_hal_rcc.c **** 
 236              		.loc 1 1718 3 view .LVU63
1721:Drivers/STM32WBxx_HAL_Driver/Src/stm32wbxx_hal_rcc.c **** 
 237              		.loc 1 1721 3 view .LVU64
1724:Drivers/STM32WBxx_HAL_Driver/Src/stm32wbxx_hal_rcc.c ****   {
 238              		.loc 1 1724 3 view .LVU65
1724:Drivers/STM32WBxx_HAL_Driver/Src/stm32wbxx_hal_rcc.c ****   {
 239              		.loc 1 1724 6 is_stmt 0 view .LVU66
 240 0002 B028     		cmp	r0, #176
 241 0004 16D9     		bls	.L22
1726:Drivers/STM32WBxx_HAL_Driver/Src/stm32wbxx_hal_rcc.c ****   }
 242              		.loc 1 1726 5 is_stmt 1 view .LVU67
1726:Drivers/STM32WBxx_HAL_Driver/Src/stm32wbxx_hal_rcc.c ****   }
 243              		.loc 1 1726 13 is_stmt 0 view .LVU68
 244 0006 0E4B     		ldr	r3, .L25
 245 0008 DC6A     		ldr	r4, [r3, #44]
 246              	.LVL21:
 247              	.L23:
1733:Drivers/STM32WBxx_HAL_Driver/Src/stm32wbxx_hal_rcc.c **** 
 248              		.loc 1 1733 3 is_stmt 1 view .LVU69
 249              	.LBB225:
 250              	.LBI225:
 251              		.file 2 "Drivers/STM32WBxx_HAL_Driver/Inc/stm32wbxx_ll_rcc.h"
   1:Drivers/STM32WBxx_HAL_Driver/Inc/stm32wbxx_ll_rcc.h **** /**
   2:Drivers/STM32WBxx_HAL_Driver/Inc/stm32wbxx_ll_rcc.h ****   ******************************************************************************
   3:Drivers/STM32WBxx_HAL_Driver/Inc/stm32wbxx_ll_rcc.h ****   * @file    stm32wbxx_ll_rcc.h
   4:Drivers/STM32WBxx_HAL_Driver/Inc/stm32wbxx_ll_rcc.h ****   * @author  MCD Application Team
   5:Drivers/STM32WBxx_HAL_Driver/Inc/stm32wbxx_ll_rcc.h ****   * @brief   Header file of RCC LL module.
   6:Drivers/STM32WBxx_HAL_Driver/Inc/stm32wbxx_ll_rcc.h ****   ******************************************************************************
   7:Drivers/STM32WBxx_HAL_Driver/Inc/stm32wbxx_ll_rcc.h ****   * @attention
   8:Drivers/STM32WBxx_HAL_Driver/Inc/stm32wbxx_ll_rcc.h ****   *
   9:Drivers/STM32WBxx_HAL_Driver/Inc/stm32wbxx_ll_rcc.h ****   * Copyright (c) 2019 STMicroelectronics.
  10:Drivers/STM32WBxx_HAL_Driver/Inc/stm32wbxx_ll_rcc.h ****   * All rights reserved.
  11:Drivers/STM32WBxx_HAL_Driver/Inc/stm32wbxx_ll_rcc.h ****   *
  12:Drivers/STM32WBxx_HAL_Driver/Inc/stm32wbxx_ll_rcc.h ****   * This software is licensed under terms that can be found in the LICENSE file
  13:Drivers/STM32WBxx_HAL_Driver/Inc/stm32wbxx_ll_rcc.h ****   * in the root directory of this software component.
  14:Drivers/STM32WBxx_HAL_Driver/Inc/stm32wbxx_ll_rcc.h ****   * If no LICENSE file comes with this software, it is provided AS-IS.
  15:Drivers/STM32WBxx_HAL_Driver/Inc/stm32wbxx_ll_rcc.h ****   *
  16:Drivers/STM32WBxx_HAL_Driver/Inc/stm32wbxx_ll_rcc.h ****   ******************************************************************************
  17:Drivers/STM32WBxx_HAL_Driver/Inc/stm32wbxx_ll_rcc.h ****   */
  18:Drivers/STM32WBxx_HAL_Driver/Inc/stm32wbxx_ll_rcc.h **** 
  19:Drivers/STM32WBxx_HAL_Driver/Inc/stm32wbxx_ll_rcc.h **** /* Define to prevent recursive inclusion -------------------------------------*/
  20:Drivers/STM32WBxx_HAL_Driver/Inc/stm32wbxx_ll_rcc.h **** #ifndef STM32WBxx_LL_RCC_H
  21:Drivers/STM32WBxx_HAL_Driver/Inc/stm32wbxx_ll_rcc.h **** #define STM32WBxx_LL_RCC_H
  22:Drivers/STM32WBxx_HAL_Driver/Inc/stm32wbxx_ll_rcc.h **** 
  23:Drivers/STM32WBxx_HAL_Driver/Inc/stm32wbxx_ll_rcc.h **** #ifdef __cplusplus
ARM GAS  C:\Users\843E~1\AppData\Local\Temp\cc5PNIRY.s 			page 38


  24:Drivers/STM32WBxx_HAL_Driver/Inc/stm32wbxx_ll_rcc.h **** extern "C" {
  25:Drivers/STM32WBxx_HAL_Driver/Inc/stm32wbxx_ll_rcc.h **** #endif
  26:Drivers/STM32WBxx_HAL_Driver/Inc/stm32wbxx_ll_rcc.h **** 
  27:Drivers/STM32WBxx_HAL_Driver/Inc/stm32wbxx_ll_rcc.h **** /* Includes ------------------------------------------------------------------*/
  28:Drivers/STM32WBxx_HAL_Driver/Inc/stm32wbxx_ll_rcc.h **** #include "stm32wbxx.h"
  29:Drivers/STM32WBxx_HAL_Driver/Inc/stm32wbxx_ll_rcc.h **** 
  30:Drivers/STM32WBxx_HAL_Driver/Inc/stm32wbxx_ll_rcc.h **** /** @addtogroup STM32WBxx_LL_Driver
  31:Drivers/STM32WBxx_HAL_Driver/Inc/stm32wbxx_ll_rcc.h ****   * @{
  32:Drivers/STM32WBxx_HAL_Driver/Inc/stm32wbxx_ll_rcc.h ****   */
  33:Drivers/STM32WBxx_HAL_Driver/Inc/stm32wbxx_ll_rcc.h **** 
  34:Drivers/STM32WBxx_HAL_Driver/Inc/stm32wbxx_ll_rcc.h **** #if defined(RCC)
  35:Drivers/STM32WBxx_HAL_Driver/Inc/stm32wbxx_ll_rcc.h **** 
  36:Drivers/STM32WBxx_HAL_Driver/Inc/stm32wbxx_ll_rcc.h **** /** @defgroup RCC_LL RCC
  37:Drivers/STM32WBxx_HAL_Driver/Inc/stm32wbxx_ll_rcc.h ****   * @{
  38:Drivers/STM32WBxx_HAL_Driver/Inc/stm32wbxx_ll_rcc.h ****   */
  39:Drivers/STM32WBxx_HAL_Driver/Inc/stm32wbxx_ll_rcc.h **** 
  40:Drivers/STM32WBxx_HAL_Driver/Inc/stm32wbxx_ll_rcc.h **** /* Private types -------------------------------------------------------------*/
  41:Drivers/STM32WBxx_HAL_Driver/Inc/stm32wbxx_ll_rcc.h **** /* Private variables ---------------------------------------------------------*/
  42:Drivers/STM32WBxx_HAL_Driver/Inc/stm32wbxx_ll_rcc.h **** /** @defgroup RCC_LL_Private_Variables RCC Private Variables
  43:Drivers/STM32WBxx_HAL_Driver/Inc/stm32wbxx_ll_rcc.h ****   * @{
  44:Drivers/STM32WBxx_HAL_Driver/Inc/stm32wbxx_ll_rcc.h ****   */
  45:Drivers/STM32WBxx_HAL_Driver/Inc/stm32wbxx_ll_rcc.h **** 
  46:Drivers/STM32WBxx_HAL_Driver/Inc/stm32wbxx_ll_rcc.h **** #define HSE_CONTROL_UNLOCK_KEY 0xCAFECAFEU
  47:Drivers/STM32WBxx_HAL_Driver/Inc/stm32wbxx_ll_rcc.h **** 
  48:Drivers/STM32WBxx_HAL_Driver/Inc/stm32wbxx_ll_rcc.h **** /**
  49:Drivers/STM32WBxx_HAL_Driver/Inc/stm32wbxx_ll_rcc.h ****   * @}
  50:Drivers/STM32WBxx_HAL_Driver/Inc/stm32wbxx_ll_rcc.h ****   */
  51:Drivers/STM32WBxx_HAL_Driver/Inc/stm32wbxx_ll_rcc.h **** 
  52:Drivers/STM32WBxx_HAL_Driver/Inc/stm32wbxx_ll_rcc.h **** /* Private constants ---------------------------------------------------------*/
  53:Drivers/STM32WBxx_HAL_Driver/Inc/stm32wbxx_ll_rcc.h **** /* Private macros ------------------------------------------------------------*/
  54:Drivers/STM32WBxx_HAL_Driver/Inc/stm32wbxx_ll_rcc.h **** #if defined(USE_FULL_LL_DRIVER)
  55:Drivers/STM32WBxx_HAL_Driver/Inc/stm32wbxx_ll_rcc.h **** /** @defgroup RCC_LL_Private_Macros RCC Private Macros
  56:Drivers/STM32WBxx_HAL_Driver/Inc/stm32wbxx_ll_rcc.h ****   * @{
  57:Drivers/STM32WBxx_HAL_Driver/Inc/stm32wbxx_ll_rcc.h ****   */
  58:Drivers/STM32WBxx_HAL_Driver/Inc/stm32wbxx_ll_rcc.h **** /**
  59:Drivers/STM32WBxx_HAL_Driver/Inc/stm32wbxx_ll_rcc.h ****   * @}
  60:Drivers/STM32WBxx_HAL_Driver/Inc/stm32wbxx_ll_rcc.h ****   */
  61:Drivers/STM32WBxx_HAL_Driver/Inc/stm32wbxx_ll_rcc.h **** #endif /* USE_FULL_LL_DRIVER */
  62:Drivers/STM32WBxx_HAL_Driver/Inc/stm32wbxx_ll_rcc.h **** 
  63:Drivers/STM32WBxx_HAL_Driver/Inc/stm32wbxx_ll_rcc.h **** /* Exported types ------------------------------------------------------------*/
  64:Drivers/STM32WBxx_HAL_Driver/Inc/stm32wbxx_ll_rcc.h **** #if defined(USE_FULL_LL_DRIVER)
  65:Drivers/STM32WBxx_HAL_Driver/Inc/stm32wbxx_ll_rcc.h **** /** @defgroup RCC_LL_Exported_Types RCC Exported Types
  66:Drivers/STM32WBxx_HAL_Driver/Inc/stm32wbxx_ll_rcc.h ****   * @{
  67:Drivers/STM32WBxx_HAL_Driver/Inc/stm32wbxx_ll_rcc.h ****   */
  68:Drivers/STM32WBxx_HAL_Driver/Inc/stm32wbxx_ll_rcc.h **** 
  69:Drivers/STM32WBxx_HAL_Driver/Inc/stm32wbxx_ll_rcc.h **** /** @defgroup LL_ES_CLOCK_FREQ Clocks Frequency Structure
  70:Drivers/STM32WBxx_HAL_Driver/Inc/stm32wbxx_ll_rcc.h ****   * @{
  71:Drivers/STM32WBxx_HAL_Driver/Inc/stm32wbxx_ll_rcc.h ****   */
  72:Drivers/STM32WBxx_HAL_Driver/Inc/stm32wbxx_ll_rcc.h **** 
  73:Drivers/STM32WBxx_HAL_Driver/Inc/stm32wbxx_ll_rcc.h **** /**
  74:Drivers/STM32WBxx_HAL_Driver/Inc/stm32wbxx_ll_rcc.h ****   * @brief  RCC Clocks Frequency Structure
  75:Drivers/STM32WBxx_HAL_Driver/Inc/stm32wbxx_ll_rcc.h ****   */
  76:Drivers/STM32WBxx_HAL_Driver/Inc/stm32wbxx_ll_rcc.h **** typedef struct
  77:Drivers/STM32WBxx_HAL_Driver/Inc/stm32wbxx_ll_rcc.h **** {
  78:Drivers/STM32WBxx_HAL_Driver/Inc/stm32wbxx_ll_rcc.h ****   uint32_t SYSCLK_Frequency;         /*!< SYSCLK clock frequency */
  79:Drivers/STM32WBxx_HAL_Driver/Inc/stm32wbxx_ll_rcc.h ****   uint32_t HCLK1_Frequency;          /*!< HCLK1 clock frequency  */
  80:Drivers/STM32WBxx_HAL_Driver/Inc/stm32wbxx_ll_rcc.h ****   uint32_t HCLK2_Frequency;          /*!< HCLK2 clock frequency  */
ARM GAS  C:\Users\843E~1\AppData\Local\Temp\cc5PNIRY.s 			page 39


  81:Drivers/STM32WBxx_HAL_Driver/Inc/stm32wbxx_ll_rcc.h ****   uint32_t HCLK4_Frequency;          /*!< HCLK4 clock frequency  */
  82:Drivers/STM32WBxx_HAL_Driver/Inc/stm32wbxx_ll_rcc.h ****   uint32_t HCLK5_Frequency;          /*!< HCLK5 clock frequency  */
  83:Drivers/STM32WBxx_HAL_Driver/Inc/stm32wbxx_ll_rcc.h ****   uint32_t PCLK1_Frequency;          /*!< PCLK1 clock frequency  */
  84:Drivers/STM32WBxx_HAL_Driver/Inc/stm32wbxx_ll_rcc.h ****   uint32_t PCLK2_Frequency;          /*!< PCLK2 clock frequency  */
  85:Drivers/STM32WBxx_HAL_Driver/Inc/stm32wbxx_ll_rcc.h **** } LL_RCC_ClocksTypeDef;
  86:Drivers/STM32WBxx_HAL_Driver/Inc/stm32wbxx_ll_rcc.h **** 
  87:Drivers/STM32WBxx_HAL_Driver/Inc/stm32wbxx_ll_rcc.h **** /**
  88:Drivers/STM32WBxx_HAL_Driver/Inc/stm32wbxx_ll_rcc.h ****   * @}
  89:Drivers/STM32WBxx_HAL_Driver/Inc/stm32wbxx_ll_rcc.h ****   */
  90:Drivers/STM32WBxx_HAL_Driver/Inc/stm32wbxx_ll_rcc.h **** 
  91:Drivers/STM32WBxx_HAL_Driver/Inc/stm32wbxx_ll_rcc.h **** /**
  92:Drivers/STM32WBxx_HAL_Driver/Inc/stm32wbxx_ll_rcc.h ****   * @}
  93:Drivers/STM32WBxx_HAL_Driver/Inc/stm32wbxx_ll_rcc.h ****   */
  94:Drivers/STM32WBxx_HAL_Driver/Inc/stm32wbxx_ll_rcc.h **** #endif /* USE_FULL_LL_DRIVER */
  95:Drivers/STM32WBxx_HAL_Driver/Inc/stm32wbxx_ll_rcc.h **** 
  96:Drivers/STM32WBxx_HAL_Driver/Inc/stm32wbxx_ll_rcc.h **** /* Exported constants --------------------------------------------------------*/
  97:Drivers/STM32WBxx_HAL_Driver/Inc/stm32wbxx_ll_rcc.h **** /** @defgroup RCC_LL_Exported_Constants RCC Exported Constants
  98:Drivers/STM32WBxx_HAL_Driver/Inc/stm32wbxx_ll_rcc.h ****   * @{
  99:Drivers/STM32WBxx_HAL_Driver/Inc/stm32wbxx_ll_rcc.h ****   */
 100:Drivers/STM32WBxx_HAL_Driver/Inc/stm32wbxx_ll_rcc.h **** 
 101:Drivers/STM32WBxx_HAL_Driver/Inc/stm32wbxx_ll_rcc.h **** /** @defgroup RCC_LL_EC_OSC_VALUES Oscillator Values adaptation
 102:Drivers/STM32WBxx_HAL_Driver/Inc/stm32wbxx_ll_rcc.h ****   * @brief    Defines used to adapt values of different oscillators
 103:Drivers/STM32WBxx_HAL_Driver/Inc/stm32wbxx_ll_rcc.h ****   * @note     These values could be modified in the user environment according to
 104:Drivers/STM32WBxx_HAL_Driver/Inc/stm32wbxx_ll_rcc.h ****   *           HW set-up.
 105:Drivers/STM32WBxx_HAL_Driver/Inc/stm32wbxx_ll_rcc.h ****   * @{
 106:Drivers/STM32WBxx_HAL_Driver/Inc/stm32wbxx_ll_rcc.h ****   */
 107:Drivers/STM32WBxx_HAL_Driver/Inc/stm32wbxx_ll_rcc.h **** #if !defined  (HSE_VALUE)
 108:Drivers/STM32WBxx_HAL_Driver/Inc/stm32wbxx_ll_rcc.h **** #define HSE_VALUE    32000000U  /*!< Value of the HSE oscillator in Hz */
 109:Drivers/STM32WBxx_HAL_Driver/Inc/stm32wbxx_ll_rcc.h **** #endif /* !HSE_VALUE */
 110:Drivers/STM32WBxx_HAL_Driver/Inc/stm32wbxx_ll_rcc.h **** 
 111:Drivers/STM32WBxx_HAL_Driver/Inc/stm32wbxx_ll_rcc.h **** #if !defined  (HSI_VALUE)
 112:Drivers/STM32WBxx_HAL_Driver/Inc/stm32wbxx_ll_rcc.h **** #define HSI_VALUE    16000000U  /*!< Value of the HSI oscillator in Hz */
 113:Drivers/STM32WBxx_HAL_Driver/Inc/stm32wbxx_ll_rcc.h **** #endif /* !HSI_VALUE */
 114:Drivers/STM32WBxx_HAL_Driver/Inc/stm32wbxx_ll_rcc.h **** 
 115:Drivers/STM32WBxx_HAL_Driver/Inc/stm32wbxx_ll_rcc.h **** #if !defined  (LSE_VALUE)
 116:Drivers/STM32WBxx_HAL_Driver/Inc/stm32wbxx_ll_rcc.h **** #if defined(STM32WB5Mxx)
 117:Drivers/STM32WBxx_HAL_Driver/Inc/stm32wbxx_ll_rcc.h **** #define LSE_VALUE    32774U     /*!< Value of the LSE oscillator in Hz */
 118:Drivers/STM32WBxx_HAL_Driver/Inc/stm32wbxx_ll_rcc.h **** #else
 119:Drivers/STM32WBxx_HAL_Driver/Inc/stm32wbxx_ll_rcc.h **** #define LSE_VALUE    32768U     /*!< Value of the LSE oscillator in Hz */
 120:Drivers/STM32WBxx_HAL_Driver/Inc/stm32wbxx_ll_rcc.h **** #endif /* STM32WB5Mxx */
 121:Drivers/STM32WBxx_HAL_Driver/Inc/stm32wbxx_ll_rcc.h **** #endif /* !LSE_VALUE */
 122:Drivers/STM32WBxx_HAL_Driver/Inc/stm32wbxx_ll_rcc.h **** 
 123:Drivers/STM32WBxx_HAL_Driver/Inc/stm32wbxx_ll_rcc.h **** #if !defined  (LSI_VALUE)
 124:Drivers/STM32WBxx_HAL_Driver/Inc/stm32wbxx_ll_rcc.h **** #define LSI_VALUE    32000U     /*!< Value of the LSI oscillator in Hz */
 125:Drivers/STM32WBxx_HAL_Driver/Inc/stm32wbxx_ll_rcc.h **** #endif /* !LSI_VALUE */
 126:Drivers/STM32WBxx_HAL_Driver/Inc/stm32wbxx_ll_rcc.h **** 
 127:Drivers/STM32WBxx_HAL_Driver/Inc/stm32wbxx_ll_rcc.h **** #if defined(RCC_HSI48_SUPPORT)
 128:Drivers/STM32WBxx_HAL_Driver/Inc/stm32wbxx_ll_rcc.h **** #if !defined  (HSI48_VALUE)
 129:Drivers/STM32WBxx_HAL_Driver/Inc/stm32wbxx_ll_rcc.h **** #define HSI48_VALUE  48000000U  /*!< Value of the HSI48 oscillator in Hz */
 130:Drivers/STM32WBxx_HAL_Driver/Inc/stm32wbxx_ll_rcc.h **** #endif /* !HSI48_VALUE */
 131:Drivers/STM32WBxx_HAL_Driver/Inc/stm32wbxx_ll_rcc.h **** #endif /* RCC_HSI48_SUPPORT */
 132:Drivers/STM32WBxx_HAL_Driver/Inc/stm32wbxx_ll_rcc.h **** 
 133:Drivers/STM32WBxx_HAL_Driver/Inc/stm32wbxx_ll_rcc.h **** /**
 134:Drivers/STM32WBxx_HAL_Driver/Inc/stm32wbxx_ll_rcc.h ****   * @}
 135:Drivers/STM32WBxx_HAL_Driver/Inc/stm32wbxx_ll_rcc.h ****   */
 136:Drivers/STM32WBxx_HAL_Driver/Inc/stm32wbxx_ll_rcc.h **** 
 137:Drivers/STM32WBxx_HAL_Driver/Inc/stm32wbxx_ll_rcc.h **** /** @defgroup RCC_LL_EC_CLEAR_FLAG Clear Flags Defines
ARM GAS  C:\Users\843E~1\AppData\Local\Temp\cc5PNIRY.s 			page 40


 138:Drivers/STM32WBxx_HAL_Driver/Inc/stm32wbxx_ll_rcc.h ****   * @brief    Flags defines which can be used with LL_RCC_WriteReg function
 139:Drivers/STM32WBxx_HAL_Driver/Inc/stm32wbxx_ll_rcc.h ****   * @{
 140:Drivers/STM32WBxx_HAL_Driver/Inc/stm32wbxx_ll_rcc.h ****   */
 141:Drivers/STM32WBxx_HAL_Driver/Inc/stm32wbxx_ll_rcc.h **** #define LL_RCC_CICR_LSI1RDYC               RCC_CICR_LSI1RDYC    /*!< LSI1 Ready Interrupt Clear    
 142:Drivers/STM32WBxx_HAL_Driver/Inc/stm32wbxx_ll_rcc.h **** #define LL_RCC_CICR_LSI2RDYC               RCC_CICR_LSI2RDYC    /*!< LSI1 Ready Interrupt Clear    
 143:Drivers/STM32WBxx_HAL_Driver/Inc/stm32wbxx_ll_rcc.h **** #define LL_RCC_CICR_LSERDYC                RCC_CICR_LSERDYC     /*!< LSE Ready Interrupt Clear     
 144:Drivers/STM32WBxx_HAL_Driver/Inc/stm32wbxx_ll_rcc.h **** #define LL_RCC_CICR_MSIRDYC                RCC_CICR_MSIRDYC     /*!< MSI Ready Interrupt Clear     
 145:Drivers/STM32WBxx_HAL_Driver/Inc/stm32wbxx_ll_rcc.h **** #define LL_RCC_CICR_HSIRDYC                RCC_CICR_HSIRDYC     /*!< HSI Ready Interrupt Clear     
 146:Drivers/STM32WBxx_HAL_Driver/Inc/stm32wbxx_ll_rcc.h **** #define LL_RCC_CICR_HSERDYC                RCC_CICR_HSERDYC     /*!< HSE Ready Interrupt Clear     
 147:Drivers/STM32WBxx_HAL_Driver/Inc/stm32wbxx_ll_rcc.h **** #define LL_RCC_CICR_PLLRDYC                RCC_CICR_PLLRDYC     /*!< PLL Ready Interrupt Clear     
 148:Drivers/STM32WBxx_HAL_Driver/Inc/stm32wbxx_ll_rcc.h **** #if defined(RCC_HSI48_SUPPORT)
 149:Drivers/STM32WBxx_HAL_Driver/Inc/stm32wbxx_ll_rcc.h **** #define LL_RCC_CICR_HSI48RDYC              RCC_CICR_HSI48RDYC   /*!< HSI48 Ready Interrupt Clear   
 150:Drivers/STM32WBxx_HAL_Driver/Inc/stm32wbxx_ll_rcc.h **** #endif /* RCC_HSI48_SUPPORT */
 151:Drivers/STM32WBxx_HAL_Driver/Inc/stm32wbxx_ll_rcc.h **** #if defined(SAI1)
 152:Drivers/STM32WBxx_HAL_Driver/Inc/stm32wbxx_ll_rcc.h **** #define LL_RCC_CICR_PLLSAI1RDYC            RCC_CICR_PLLSAI1RDYC /*!< PLLSAI1 Ready Interrupt Clear 
 153:Drivers/STM32WBxx_HAL_Driver/Inc/stm32wbxx_ll_rcc.h **** #endif /* SAI1 */
 154:Drivers/STM32WBxx_HAL_Driver/Inc/stm32wbxx_ll_rcc.h **** #define LL_RCC_CICR_LSECSSC                RCC_CICR_LSECSSC     /*!< LSE Clock Security System Inte
 155:Drivers/STM32WBxx_HAL_Driver/Inc/stm32wbxx_ll_rcc.h **** #define LL_RCC_CICR_CSSC                   RCC_CICR_CSSC        /*!< Clock Security System Interrup
 156:Drivers/STM32WBxx_HAL_Driver/Inc/stm32wbxx_ll_rcc.h **** /**
 157:Drivers/STM32WBxx_HAL_Driver/Inc/stm32wbxx_ll_rcc.h ****   * @}
 158:Drivers/STM32WBxx_HAL_Driver/Inc/stm32wbxx_ll_rcc.h ****   */
 159:Drivers/STM32WBxx_HAL_Driver/Inc/stm32wbxx_ll_rcc.h **** 
 160:Drivers/STM32WBxx_HAL_Driver/Inc/stm32wbxx_ll_rcc.h **** /** @defgroup RCC_LL_EC_GET_FLAG Get Flags Defines
 161:Drivers/STM32WBxx_HAL_Driver/Inc/stm32wbxx_ll_rcc.h ****   * @brief    Flags defines which can be used with LL_RCC_ReadReg function
 162:Drivers/STM32WBxx_HAL_Driver/Inc/stm32wbxx_ll_rcc.h ****   * @{
 163:Drivers/STM32WBxx_HAL_Driver/Inc/stm32wbxx_ll_rcc.h ****   */
 164:Drivers/STM32WBxx_HAL_Driver/Inc/stm32wbxx_ll_rcc.h **** #define LL_RCC_CIFR_LSI1RDYF               RCC_CIFR_LSI1RDYF    /*!< LSI1 Ready Interrupt flag     
 165:Drivers/STM32WBxx_HAL_Driver/Inc/stm32wbxx_ll_rcc.h **** #define LL_RCC_CIFR_LSI2RDYF               RCC_CIFR_LSI2RDYF    /*!< LSI2 Ready Interrupt flag     
 166:Drivers/STM32WBxx_HAL_Driver/Inc/stm32wbxx_ll_rcc.h **** #define LL_RCC_CIFR_LSERDYF                RCC_CIFR_LSERDYF     /*!< LSE Ready Interrupt flag      
 167:Drivers/STM32WBxx_HAL_Driver/Inc/stm32wbxx_ll_rcc.h **** #define LL_RCC_CIFR_MSIRDYF                RCC_CIFR_MSIRDYF     /*!< MSI Ready Interrupt flag      
 168:Drivers/STM32WBxx_HAL_Driver/Inc/stm32wbxx_ll_rcc.h **** #define LL_RCC_CIFR_HSIRDYF                RCC_CIFR_HSIRDYF     /*!< HSI Ready Interrupt flag      
 169:Drivers/STM32WBxx_HAL_Driver/Inc/stm32wbxx_ll_rcc.h **** #define LL_RCC_CIFR_HSERDYF                RCC_CIFR_HSERDYF     /*!< HSE Ready Interrupt flag      
 170:Drivers/STM32WBxx_HAL_Driver/Inc/stm32wbxx_ll_rcc.h **** #define LL_RCC_CIFR_PLLRDYF                RCC_CIFR_PLLRDYF     /*!< PLL Ready Interrupt flag      
 171:Drivers/STM32WBxx_HAL_Driver/Inc/stm32wbxx_ll_rcc.h **** #if defined(RCC_HSI48_SUPPORT)
 172:Drivers/STM32WBxx_HAL_Driver/Inc/stm32wbxx_ll_rcc.h **** #define LL_RCC_CIFR_HSI48RDYF              RCC_CIFR_HSI48RDYF   /*!< HSI48 Ready Interrupt flag    
 173:Drivers/STM32WBxx_HAL_Driver/Inc/stm32wbxx_ll_rcc.h **** #endif /* RCC_HSI48_SUPPORT */
 174:Drivers/STM32WBxx_HAL_Driver/Inc/stm32wbxx_ll_rcc.h **** #if defined(SAI1)
 175:Drivers/STM32WBxx_HAL_Driver/Inc/stm32wbxx_ll_rcc.h **** #define LL_RCC_CIFR_PLLSAI1RDYF            RCC_CIFR_PLLSAI1RDYF /*!< PLLSAI1 Ready Interrupt flag  
 176:Drivers/STM32WBxx_HAL_Driver/Inc/stm32wbxx_ll_rcc.h **** #endif /* SAI1 */
 177:Drivers/STM32WBxx_HAL_Driver/Inc/stm32wbxx_ll_rcc.h **** #define LL_RCC_CIFR_LSECSSF                RCC_CIFR_LSECSSF     /*!< LSE Clock Security System Inte
 178:Drivers/STM32WBxx_HAL_Driver/Inc/stm32wbxx_ll_rcc.h **** #define LL_RCC_CIFR_CSSF                   RCC_CIFR_CSSF        /*!< Clock Security System Interrup
 179:Drivers/STM32WBxx_HAL_Driver/Inc/stm32wbxx_ll_rcc.h **** #define LL_RCC_CSR_LPWRRSTF                RCC_CSR_LPWRRSTF     /*!< Low-Power reset flag          
 180:Drivers/STM32WBxx_HAL_Driver/Inc/stm32wbxx_ll_rcc.h **** #define LL_RCC_CSR_OBLRSTF                 RCC_CSR_OBLRSTF      /*!< OBL reset flag                
 181:Drivers/STM32WBxx_HAL_Driver/Inc/stm32wbxx_ll_rcc.h **** #define LL_RCC_CSR_PINRSTF                 RCC_CSR_PINRSTF      /*!< PIN reset flag                
 182:Drivers/STM32WBxx_HAL_Driver/Inc/stm32wbxx_ll_rcc.h **** #define LL_RCC_CSR_SFTRSTF                 RCC_CSR_SFTRSTF      /*!< Software Reset flag           
 183:Drivers/STM32WBxx_HAL_Driver/Inc/stm32wbxx_ll_rcc.h **** #define LL_RCC_CSR_IWDGRSTF                RCC_CSR_IWDGRSTF     /*!< Independent Watchdog reset fla
 184:Drivers/STM32WBxx_HAL_Driver/Inc/stm32wbxx_ll_rcc.h **** #define LL_RCC_CSR_WWDGRSTF                RCC_CSR_WWDGRSTF     /*!< Window watchdog reset flag    
 185:Drivers/STM32WBxx_HAL_Driver/Inc/stm32wbxx_ll_rcc.h **** #define LL_RCC_CSR_BORRSTF                 RCC_CSR_BORRSTF      /*!< BOR reset flag                
 186:Drivers/STM32WBxx_HAL_Driver/Inc/stm32wbxx_ll_rcc.h **** /**
 187:Drivers/STM32WBxx_HAL_Driver/Inc/stm32wbxx_ll_rcc.h ****   * @}
 188:Drivers/STM32WBxx_HAL_Driver/Inc/stm32wbxx_ll_rcc.h ****   */
 189:Drivers/STM32WBxx_HAL_Driver/Inc/stm32wbxx_ll_rcc.h **** 
 190:Drivers/STM32WBxx_HAL_Driver/Inc/stm32wbxx_ll_rcc.h **** /** @defgroup RCC_LL_EC_IT IT Defines
 191:Drivers/STM32WBxx_HAL_Driver/Inc/stm32wbxx_ll_rcc.h ****   * @brief    IT defines which can be used with LL_RCC_ReadReg and  LL_RCC_WriteReg functions
 192:Drivers/STM32WBxx_HAL_Driver/Inc/stm32wbxx_ll_rcc.h ****   * @{
 193:Drivers/STM32WBxx_HAL_Driver/Inc/stm32wbxx_ll_rcc.h ****   */
 194:Drivers/STM32WBxx_HAL_Driver/Inc/stm32wbxx_ll_rcc.h **** #define LL_RCC_CIER_LSI1RDYIE              RCC_CIER_LSI1RDYIE     /*!< LSI1 Ready Interrupt Enable 
ARM GAS  C:\Users\843E~1\AppData\Local\Temp\cc5PNIRY.s 			page 41


 195:Drivers/STM32WBxx_HAL_Driver/Inc/stm32wbxx_ll_rcc.h **** #define LL_RCC_CIER_LSI2RDYIE              RCC_CIER_LSI2RDYIE     /*!< LSI Ready Interrupt Enable  
 196:Drivers/STM32WBxx_HAL_Driver/Inc/stm32wbxx_ll_rcc.h **** #define LL_RCC_CIER_LSERDYIE               RCC_CIER_LSERDYIE      /*!< LSE Ready Interrupt Enable  
 197:Drivers/STM32WBxx_HAL_Driver/Inc/stm32wbxx_ll_rcc.h **** #define LL_RCC_CIER_MSIRDYIE               RCC_CIER_MSIRDYIE      /*!< MSI Ready Interrupt Enable  
 198:Drivers/STM32WBxx_HAL_Driver/Inc/stm32wbxx_ll_rcc.h **** #define LL_RCC_CIER_HSIRDYIE               RCC_CIER_HSIRDYIE      /*!< HSI Ready Interrupt Enable  
 199:Drivers/STM32WBxx_HAL_Driver/Inc/stm32wbxx_ll_rcc.h **** #define LL_RCC_CIER_HSERDYIE               RCC_CIER_HSERDYIE      /*!< HSE Ready Interrupt Enable  
 200:Drivers/STM32WBxx_HAL_Driver/Inc/stm32wbxx_ll_rcc.h **** #define LL_RCC_CIER_PLLRDYIE               RCC_CIER_PLLRDYIE      /*!< PLL Ready Interrupt Enable  
 201:Drivers/STM32WBxx_HAL_Driver/Inc/stm32wbxx_ll_rcc.h **** #if defined(RCC_HSI48_SUPPORT)
 202:Drivers/STM32WBxx_HAL_Driver/Inc/stm32wbxx_ll_rcc.h **** #define LL_RCC_CIER_HSI48RDYIE             RCC_CIER_HSI48RDYIE    /*!< HSI48 Ready Interrupt Enable
 203:Drivers/STM32WBxx_HAL_Driver/Inc/stm32wbxx_ll_rcc.h **** #endif /* RCC_HSI48_SUPPORT */
 204:Drivers/STM32WBxx_HAL_Driver/Inc/stm32wbxx_ll_rcc.h **** #if defined(SAI1)
 205:Drivers/STM32WBxx_HAL_Driver/Inc/stm32wbxx_ll_rcc.h **** #define LL_RCC_CIER_PLLSAI1RDYIE           RCC_CIER_PLLSAI1RDYIE  /*!< PLLSAI1 Ready Interrupt Enab
 206:Drivers/STM32WBxx_HAL_Driver/Inc/stm32wbxx_ll_rcc.h **** #endif /* SAI1 */
 207:Drivers/STM32WBxx_HAL_Driver/Inc/stm32wbxx_ll_rcc.h **** #define LL_RCC_CIER_LSECSSIE               RCC_CIER_LSECSSIE      /*!< LSE CSS Interrupt Enable    
 208:Drivers/STM32WBxx_HAL_Driver/Inc/stm32wbxx_ll_rcc.h **** /**
 209:Drivers/STM32WBxx_HAL_Driver/Inc/stm32wbxx_ll_rcc.h ****   * @}
 210:Drivers/STM32WBxx_HAL_Driver/Inc/stm32wbxx_ll_rcc.h ****   */
 211:Drivers/STM32WBxx_HAL_Driver/Inc/stm32wbxx_ll_rcc.h **** 
 212:Drivers/STM32WBxx_HAL_Driver/Inc/stm32wbxx_ll_rcc.h **** /** @defgroup RCC_LL_EC_LSEDRIVE  LSE oscillator drive capability
 213:Drivers/STM32WBxx_HAL_Driver/Inc/stm32wbxx_ll_rcc.h ****   * @{
 214:Drivers/STM32WBxx_HAL_Driver/Inc/stm32wbxx_ll_rcc.h ****   */
 215:Drivers/STM32WBxx_HAL_Driver/Inc/stm32wbxx_ll_rcc.h **** #define LL_RCC_LSEDRIVE_LOW                0x00000000U             /*!< Xtal mode lower driving cap
 216:Drivers/STM32WBxx_HAL_Driver/Inc/stm32wbxx_ll_rcc.h **** #define LL_RCC_LSEDRIVE_MEDIUMLOW          RCC_BDCR_LSEDRV_0       /*!< Xtal mode medium low drivin
 217:Drivers/STM32WBxx_HAL_Driver/Inc/stm32wbxx_ll_rcc.h **** #define LL_RCC_LSEDRIVE_MEDIUMHIGH         RCC_BDCR_LSEDRV_1       /*!< Xtal mode medium high drivi
 218:Drivers/STM32WBxx_HAL_Driver/Inc/stm32wbxx_ll_rcc.h **** #define LL_RCC_LSEDRIVE_HIGH               RCC_BDCR_LSEDRV         /*!< Xtal mode higher driving ca
 219:Drivers/STM32WBxx_HAL_Driver/Inc/stm32wbxx_ll_rcc.h **** /**
 220:Drivers/STM32WBxx_HAL_Driver/Inc/stm32wbxx_ll_rcc.h ****   * @}
 221:Drivers/STM32WBxx_HAL_Driver/Inc/stm32wbxx_ll_rcc.h ****   */
 222:Drivers/STM32WBxx_HAL_Driver/Inc/stm32wbxx_ll_rcc.h **** 
 223:Drivers/STM32WBxx_HAL_Driver/Inc/stm32wbxx_ll_rcc.h **** /** @defgroup RCC_LL_EC_MSIRANGE  MSI clock ranges
 224:Drivers/STM32WBxx_HAL_Driver/Inc/stm32wbxx_ll_rcc.h ****   * @{
 225:Drivers/STM32WBxx_HAL_Driver/Inc/stm32wbxx_ll_rcc.h ****   */
 226:Drivers/STM32WBxx_HAL_Driver/Inc/stm32wbxx_ll_rcc.h **** #define LL_RCC_MSIRANGE_0                  RCC_CR_MSIRANGE_0  /*!< MSI = 100 KHz  */
 227:Drivers/STM32WBxx_HAL_Driver/Inc/stm32wbxx_ll_rcc.h **** #define LL_RCC_MSIRANGE_1                  RCC_CR_MSIRANGE_1  /*!< MSI = 200 KHz  */
 228:Drivers/STM32WBxx_HAL_Driver/Inc/stm32wbxx_ll_rcc.h **** #define LL_RCC_MSIRANGE_2                  RCC_CR_MSIRANGE_2  /*!< MSI = 400 KHz  */
 229:Drivers/STM32WBxx_HAL_Driver/Inc/stm32wbxx_ll_rcc.h **** #define LL_RCC_MSIRANGE_3                  RCC_CR_MSIRANGE_3  /*!< MSI = 800 KHz  */
 230:Drivers/STM32WBxx_HAL_Driver/Inc/stm32wbxx_ll_rcc.h **** #define LL_RCC_MSIRANGE_4                  RCC_CR_MSIRANGE_4  /*!< MSI = 1 MHz    */
 231:Drivers/STM32WBxx_HAL_Driver/Inc/stm32wbxx_ll_rcc.h **** #define LL_RCC_MSIRANGE_5                  RCC_CR_MSIRANGE_5  /*!< MSI = 2 MHz    */
 232:Drivers/STM32WBxx_HAL_Driver/Inc/stm32wbxx_ll_rcc.h **** #define LL_RCC_MSIRANGE_6                  RCC_CR_MSIRANGE_6  /*!< MSI = 4 MHz    */
 233:Drivers/STM32WBxx_HAL_Driver/Inc/stm32wbxx_ll_rcc.h **** #define LL_RCC_MSIRANGE_7                  RCC_CR_MSIRANGE_7  /*!< MSI = 8 MHz    */
 234:Drivers/STM32WBxx_HAL_Driver/Inc/stm32wbxx_ll_rcc.h **** #define LL_RCC_MSIRANGE_8                  RCC_CR_MSIRANGE_8  /*!< MSI = 16 MHz   */
 235:Drivers/STM32WBxx_HAL_Driver/Inc/stm32wbxx_ll_rcc.h **** #define LL_RCC_MSIRANGE_9                  RCC_CR_MSIRANGE_9  /*!< MSI = 24 MHz   */
 236:Drivers/STM32WBxx_HAL_Driver/Inc/stm32wbxx_ll_rcc.h **** #define LL_RCC_MSIRANGE_10                 RCC_CR_MSIRANGE_10 /*!< MSI = 32 MHz   */
 237:Drivers/STM32WBxx_HAL_Driver/Inc/stm32wbxx_ll_rcc.h **** #define LL_RCC_MSIRANGE_11                 RCC_CR_MSIRANGE_11 /*!< MSI = 48 MHz   */
 238:Drivers/STM32WBxx_HAL_Driver/Inc/stm32wbxx_ll_rcc.h **** /**
 239:Drivers/STM32WBxx_HAL_Driver/Inc/stm32wbxx_ll_rcc.h ****   * @}
 240:Drivers/STM32WBxx_HAL_Driver/Inc/stm32wbxx_ll_rcc.h ****   */
 241:Drivers/STM32WBxx_HAL_Driver/Inc/stm32wbxx_ll_rcc.h **** 
 242:Drivers/STM32WBxx_HAL_Driver/Inc/stm32wbxx_ll_rcc.h **** 
 243:Drivers/STM32WBxx_HAL_Driver/Inc/stm32wbxx_ll_rcc.h **** /** @defgroup RCC_LL_EC_HSE_CURRENT_CONTROL  HSE current control max limits
 244:Drivers/STM32WBxx_HAL_Driver/Inc/stm32wbxx_ll_rcc.h ****   * @{
 245:Drivers/STM32WBxx_HAL_Driver/Inc/stm32wbxx_ll_rcc.h ****   */
 246:Drivers/STM32WBxx_HAL_Driver/Inc/stm32wbxx_ll_rcc.h **** #define LL_RCC_HSE_CURRENTMAX_0            0x000000000U                                            
 247:Drivers/STM32WBxx_HAL_Driver/Inc/stm32wbxx_ll_rcc.h **** #define LL_RCC_HSE_CURRENTMAX_1            RCC_HSECR_HSEGMC0                                       
 248:Drivers/STM32WBxx_HAL_Driver/Inc/stm32wbxx_ll_rcc.h **** #define LL_RCC_HSE_CURRENTMAX_2            RCC_HSECR_HSEGMC1                                       
 249:Drivers/STM32WBxx_HAL_Driver/Inc/stm32wbxx_ll_rcc.h **** #define LL_RCC_HSE_CURRENTMAX_3            (RCC_HSECR_HSEGMC1|RCC_HSECR_HSEGMC0)                   
 250:Drivers/STM32WBxx_HAL_Driver/Inc/stm32wbxx_ll_rcc.h **** #define LL_RCC_HSE_CURRENTMAX_4            RCC_HSECR_HSEGMC2                                       
 251:Drivers/STM32WBxx_HAL_Driver/Inc/stm32wbxx_ll_rcc.h **** #define LL_RCC_HSE_CURRENTMAX_5            (RCC_HSECR_HSEGMC2|RCC_HSECR_HSEGMC0)                   
ARM GAS  C:\Users\843E~1\AppData\Local\Temp\cc5PNIRY.s 			page 42


 252:Drivers/STM32WBxx_HAL_Driver/Inc/stm32wbxx_ll_rcc.h **** #define LL_RCC_HSE_CURRENTMAX_6            (RCC_HSECR_HSEGMC2|RCC_HSECR_HSEGMC1)                   
 253:Drivers/STM32WBxx_HAL_Driver/Inc/stm32wbxx_ll_rcc.h **** #define LL_RCC_HSE_CURRENTMAX_7            (RCC_HSECR_HSEGMC2|RCC_HSECR_HSEGMC1|RCC_HSECR_HSEGMC0) 
 254:Drivers/STM32WBxx_HAL_Driver/Inc/stm32wbxx_ll_rcc.h **** /**
 255:Drivers/STM32WBxx_HAL_Driver/Inc/stm32wbxx_ll_rcc.h ****   * @}
 256:Drivers/STM32WBxx_HAL_Driver/Inc/stm32wbxx_ll_rcc.h ****   */
 257:Drivers/STM32WBxx_HAL_Driver/Inc/stm32wbxx_ll_rcc.h **** 
 258:Drivers/STM32WBxx_HAL_Driver/Inc/stm32wbxx_ll_rcc.h **** /** @defgroup RCC_LL_EC_HSE_SENSE_AMPLIFIER  HSE sense amplifier threshold
 259:Drivers/STM32WBxx_HAL_Driver/Inc/stm32wbxx_ll_rcc.h ****   * @{
 260:Drivers/STM32WBxx_HAL_Driver/Inc/stm32wbxx_ll_rcc.h ****   */
 261:Drivers/STM32WBxx_HAL_Driver/Inc/stm32wbxx_ll_rcc.h **** #define LL_RCC_HSEAMPTHRESHOLD_1_2         (0x000000000U)        /*!< HSE sense amplifier bias curr
 262:Drivers/STM32WBxx_HAL_Driver/Inc/stm32wbxx_ll_rcc.h **** #define LL_RCC_HSEAMPTHRESHOLD_3_4         RCC_HSECR_HSES        /*!< HSE sense amplifier bias curr
 263:Drivers/STM32WBxx_HAL_Driver/Inc/stm32wbxx_ll_rcc.h **** /**
 264:Drivers/STM32WBxx_HAL_Driver/Inc/stm32wbxx_ll_rcc.h ****   * @}
 265:Drivers/STM32WBxx_HAL_Driver/Inc/stm32wbxx_ll_rcc.h ****   */
 266:Drivers/STM32WBxx_HAL_Driver/Inc/stm32wbxx_ll_rcc.h **** 
 267:Drivers/STM32WBxx_HAL_Driver/Inc/stm32wbxx_ll_rcc.h **** /** @defgroup RCC_LL_EC_LSCO_CLKSOURCE  LSCO Selection
 268:Drivers/STM32WBxx_HAL_Driver/Inc/stm32wbxx_ll_rcc.h ****   * @{
 269:Drivers/STM32WBxx_HAL_Driver/Inc/stm32wbxx_ll_rcc.h ****   */
 270:Drivers/STM32WBxx_HAL_Driver/Inc/stm32wbxx_ll_rcc.h **** #define LL_RCC_LSCO_CLKSOURCE_LSI          0x00000000U           /*!< LSI selection for low speed c
 271:Drivers/STM32WBxx_HAL_Driver/Inc/stm32wbxx_ll_rcc.h **** #define LL_RCC_LSCO_CLKSOURCE_LSE          RCC_BDCR_LSCOSEL      /*!< LSE selection for low speed c
 272:Drivers/STM32WBxx_HAL_Driver/Inc/stm32wbxx_ll_rcc.h **** /**
 273:Drivers/STM32WBxx_HAL_Driver/Inc/stm32wbxx_ll_rcc.h ****   * @}
 274:Drivers/STM32WBxx_HAL_Driver/Inc/stm32wbxx_ll_rcc.h ****   */
 275:Drivers/STM32WBxx_HAL_Driver/Inc/stm32wbxx_ll_rcc.h **** 
 276:Drivers/STM32WBxx_HAL_Driver/Inc/stm32wbxx_ll_rcc.h **** /** @defgroup RCC_LL_EC_SYS_CLKSOURCE  System clock switch
 277:Drivers/STM32WBxx_HAL_Driver/Inc/stm32wbxx_ll_rcc.h ****   * @{
 278:Drivers/STM32WBxx_HAL_Driver/Inc/stm32wbxx_ll_rcc.h ****   */
 279:Drivers/STM32WBxx_HAL_Driver/Inc/stm32wbxx_ll_rcc.h **** #define LL_RCC_SYS_CLKSOURCE_MSI           0x00000000U                       /*!< MSI selection as 
 280:Drivers/STM32WBxx_HAL_Driver/Inc/stm32wbxx_ll_rcc.h **** #define LL_RCC_SYS_CLKSOURCE_HSI           RCC_CFGR_SW_0                     /*!< HSI selection as 
 281:Drivers/STM32WBxx_HAL_Driver/Inc/stm32wbxx_ll_rcc.h **** #define LL_RCC_SYS_CLKSOURCE_HSE           RCC_CFGR_SW_1                     /*!< HSE selection as 
 282:Drivers/STM32WBxx_HAL_Driver/Inc/stm32wbxx_ll_rcc.h **** #define LL_RCC_SYS_CLKSOURCE_PLL           (RCC_CFGR_SW_1 | RCC_CFGR_SW_0)   /*!< PLL selection as 
 283:Drivers/STM32WBxx_HAL_Driver/Inc/stm32wbxx_ll_rcc.h **** /**
 284:Drivers/STM32WBxx_HAL_Driver/Inc/stm32wbxx_ll_rcc.h ****   * @}
 285:Drivers/STM32WBxx_HAL_Driver/Inc/stm32wbxx_ll_rcc.h ****   */
 286:Drivers/STM32WBxx_HAL_Driver/Inc/stm32wbxx_ll_rcc.h **** 
 287:Drivers/STM32WBxx_HAL_Driver/Inc/stm32wbxx_ll_rcc.h **** /** @defgroup RCC_LL_EC_SYS_CLKSOURCE_STATUS  System clock switch status
 288:Drivers/STM32WBxx_HAL_Driver/Inc/stm32wbxx_ll_rcc.h ****   * @{
 289:Drivers/STM32WBxx_HAL_Driver/Inc/stm32wbxx_ll_rcc.h ****   */
 290:Drivers/STM32WBxx_HAL_Driver/Inc/stm32wbxx_ll_rcc.h **** #define LL_RCC_SYS_CLKSOURCE_STATUS_MSI    0x00000000U                       /*!< MSI used as syste
 291:Drivers/STM32WBxx_HAL_Driver/Inc/stm32wbxx_ll_rcc.h **** #define LL_RCC_SYS_CLKSOURCE_STATUS_HSI    RCC_CFGR_SWS_0                    /*!< HSI used as syste
 292:Drivers/STM32WBxx_HAL_Driver/Inc/stm32wbxx_ll_rcc.h **** #define LL_RCC_SYS_CLKSOURCE_STATUS_HSE    RCC_CFGR_SWS_1                    /*!< HSE used as syste
 293:Drivers/STM32WBxx_HAL_Driver/Inc/stm32wbxx_ll_rcc.h **** #define LL_RCC_SYS_CLKSOURCE_STATUS_PLL    (RCC_CFGR_SWS_1 | RCC_CFGR_SWS_0) /*!< PLL used as syste
 294:Drivers/STM32WBxx_HAL_Driver/Inc/stm32wbxx_ll_rcc.h **** /**
 295:Drivers/STM32WBxx_HAL_Driver/Inc/stm32wbxx_ll_rcc.h ****   * @}
 296:Drivers/STM32WBxx_HAL_Driver/Inc/stm32wbxx_ll_rcc.h ****   */
 297:Drivers/STM32WBxx_HAL_Driver/Inc/stm32wbxx_ll_rcc.h **** 
 298:Drivers/STM32WBxx_HAL_Driver/Inc/stm32wbxx_ll_rcc.h **** /** @defgroup RCC_LL_EC_RF_CLKSOURCE_STATUS  RF system clock switch status
 299:Drivers/STM32WBxx_HAL_Driver/Inc/stm32wbxx_ll_rcc.h ****   * @{
 300:Drivers/STM32WBxx_HAL_Driver/Inc/stm32wbxx_ll_rcc.h ****   */
 301:Drivers/STM32WBxx_HAL_Driver/Inc/stm32wbxx_ll_rcc.h **** #define LL_RCC_RF_CLKSOURCE_HSI            0x00000000U        /*!< HSI used as RF system clock     
 302:Drivers/STM32WBxx_HAL_Driver/Inc/stm32wbxx_ll_rcc.h **** #define LL_RCC_RF_CLKSOURCE_HSE_DIV2       RCC_EXTCFGR_RFCSS  /*!< HSE divided by 2 used as RF syst
 303:Drivers/STM32WBxx_HAL_Driver/Inc/stm32wbxx_ll_rcc.h **** /**
 304:Drivers/STM32WBxx_HAL_Driver/Inc/stm32wbxx_ll_rcc.h ****   * @}
 305:Drivers/STM32WBxx_HAL_Driver/Inc/stm32wbxx_ll_rcc.h ****   */
 306:Drivers/STM32WBxx_HAL_Driver/Inc/stm32wbxx_ll_rcc.h **** 
 307:Drivers/STM32WBxx_HAL_Driver/Inc/stm32wbxx_ll_rcc.h **** /** @defgroup RCC_LL_EC_SYSCLK_DIV  AHB prescaler
 308:Drivers/STM32WBxx_HAL_Driver/Inc/stm32wbxx_ll_rcc.h ****   * @{
ARM GAS  C:\Users\843E~1\AppData\Local\Temp\cc5PNIRY.s 			page 43


 309:Drivers/STM32WBxx_HAL_Driver/Inc/stm32wbxx_ll_rcc.h ****   */
 310:Drivers/STM32WBxx_HAL_Driver/Inc/stm32wbxx_ll_rcc.h **** #define LL_RCC_SYSCLK_DIV_1                0x00000000U                                             
 311:Drivers/STM32WBxx_HAL_Driver/Inc/stm32wbxx_ll_rcc.h **** #define LL_RCC_SYSCLK_DIV_2                RCC_CFGR_HPRE_3                                         
 312:Drivers/STM32WBxx_HAL_Driver/Inc/stm32wbxx_ll_rcc.h **** #define LL_RCC_SYSCLK_DIV_3                RCC_CFGR_HPRE_0                                         
 313:Drivers/STM32WBxx_HAL_Driver/Inc/stm32wbxx_ll_rcc.h **** #define LL_RCC_SYSCLK_DIV_4                (RCC_CFGR_HPRE_3 | RCC_CFGR_HPRE_0)                     
 314:Drivers/STM32WBxx_HAL_Driver/Inc/stm32wbxx_ll_rcc.h **** #define LL_RCC_SYSCLK_DIV_5                RCC_CFGR_HPRE_1                                         
 315:Drivers/STM32WBxx_HAL_Driver/Inc/stm32wbxx_ll_rcc.h **** #define LL_RCC_SYSCLK_DIV_6                (RCC_CFGR_HPRE_2 | RCC_CFGR_HPRE_0)                     
 316:Drivers/STM32WBxx_HAL_Driver/Inc/stm32wbxx_ll_rcc.h **** #define LL_RCC_SYSCLK_DIV_8                (RCC_CFGR_HPRE_3 | RCC_CFGR_HPRE_1)                     
 317:Drivers/STM32WBxx_HAL_Driver/Inc/stm32wbxx_ll_rcc.h **** #define LL_RCC_SYSCLK_DIV_10               (RCC_CFGR_HPRE_2 | RCC_CFGR_HPRE_1)                     
 318:Drivers/STM32WBxx_HAL_Driver/Inc/stm32wbxx_ll_rcc.h **** #define LL_RCC_SYSCLK_DIV_16               (RCC_CFGR_HPRE_3 | RCC_CFGR_HPRE_1 | RCC_CFGR_HPRE_0)   
 319:Drivers/STM32WBxx_HAL_Driver/Inc/stm32wbxx_ll_rcc.h **** #define LL_RCC_SYSCLK_DIV_32               (RCC_CFGR_HPRE_2 | RCC_CFGR_HPRE_1 | RCC_CFGR_HPRE_0)   
 320:Drivers/STM32WBxx_HAL_Driver/Inc/stm32wbxx_ll_rcc.h **** #define LL_RCC_SYSCLK_DIV_64               (RCC_CFGR_HPRE_3 | RCC_CFGR_HPRE_2)                     
 321:Drivers/STM32WBxx_HAL_Driver/Inc/stm32wbxx_ll_rcc.h **** #define LL_RCC_SYSCLK_DIV_128              (RCC_CFGR_HPRE_3 | RCC_CFGR_HPRE_2 | RCC_CFGR_HPRE_0)   
 322:Drivers/STM32WBxx_HAL_Driver/Inc/stm32wbxx_ll_rcc.h **** #define LL_RCC_SYSCLK_DIV_256              (RCC_CFGR_HPRE_3 | RCC_CFGR_HPRE_2 | RCC_CFGR_HPRE_1)   
 323:Drivers/STM32WBxx_HAL_Driver/Inc/stm32wbxx_ll_rcc.h **** #define LL_RCC_SYSCLK_DIV_512              (RCC_CFGR_HPRE_3 | RCC_CFGR_HPRE_2 | RCC_CFGR_HPRE_1 | R
 324:Drivers/STM32WBxx_HAL_Driver/Inc/stm32wbxx_ll_rcc.h **** /**
 325:Drivers/STM32WBxx_HAL_Driver/Inc/stm32wbxx_ll_rcc.h ****   * @}
 326:Drivers/STM32WBxx_HAL_Driver/Inc/stm32wbxx_ll_rcc.h ****   */
 327:Drivers/STM32WBxx_HAL_Driver/Inc/stm32wbxx_ll_rcc.h **** 
 328:Drivers/STM32WBxx_HAL_Driver/Inc/stm32wbxx_ll_rcc.h **** /** @defgroup RCC_LL_EC_APB1_DIV  APB low-speed prescaler (APB1)
 329:Drivers/STM32WBxx_HAL_Driver/Inc/stm32wbxx_ll_rcc.h ****   * @{
 330:Drivers/STM32WBxx_HAL_Driver/Inc/stm32wbxx_ll_rcc.h ****   */
 331:Drivers/STM32WBxx_HAL_Driver/Inc/stm32wbxx_ll_rcc.h **** #define LL_RCC_APB1_DIV_1                  0x00000000U                                             
 332:Drivers/STM32WBxx_HAL_Driver/Inc/stm32wbxx_ll_rcc.h **** #define LL_RCC_APB1_DIV_2                  RCC_CFGR_PPRE1_2                                        
 333:Drivers/STM32WBxx_HAL_Driver/Inc/stm32wbxx_ll_rcc.h **** #define LL_RCC_APB1_DIV_4                  (RCC_CFGR_PPRE1_2 | RCC_CFGR_PPRE1_0)                   
 334:Drivers/STM32WBxx_HAL_Driver/Inc/stm32wbxx_ll_rcc.h **** #define LL_RCC_APB1_DIV_8                  (RCC_CFGR_PPRE1_2 | RCC_CFGR_PPRE1_1)                   
 335:Drivers/STM32WBxx_HAL_Driver/Inc/stm32wbxx_ll_rcc.h **** #define LL_RCC_APB1_DIV_16                 (RCC_CFGR_PPRE1_2 | RCC_CFGR_PPRE1_1 | RCC_CFGR_PPRE1_0)
 336:Drivers/STM32WBxx_HAL_Driver/Inc/stm32wbxx_ll_rcc.h **** /**
 337:Drivers/STM32WBxx_HAL_Driver/Inc/stm32wbxx_ll_rcc.h ****   * @}
 338:Drivers/STM32WBxx_HAL_Driver/Inc/stm32wbxx_ll_rcc.h ****   */
 339:Drivers/STM32WBxx_HAL_Driver/Inc/stm32wbxx_ll_rcc.h **** 
 340:Drivers/STM32WBxx_HAL_Driver/Inc/stm32wbxx_ll_rcc.h **** /** @defgroup RCC_LL_EC_APB2_DIV  APB high-speed prescaler (APB2)
 341:Drivers/STM32WBxx_HAL_Driver/Inc/stm32wbxx_ll_rcc.h ****   * @{
 342:Drivers/STM32WBxx_HAL_Driver/Inc/stm32wbxx_ll_rcc.h ****   */
 343:Drivers/STM32WBxx_HAL_Driver/Inc/stm32wbxx_ll_rcc.h **** #define LL_RCC_APB2_DIV_1                  0x00000000U                                             
 344:Drivers/STM32WBxx_HAL_Driver/Inc/stm32wbxx_ll_rcc.h **** #define LL_RCC_APB2_DIV_2                  RCC_CFGR_PPRE2_2                                        
 345:Drivers/STM32WBxx_HAL_Driver/Inc/stm32wbxx_ll_rcc.h **** #define LL_RCC_APB2_DIV_4                  (RCC_CFGR_PPRE2_2 | RCC_CFGR_PPRE2_0)                   
 346:Drivers/STM32WBxx_HAL_Driver/Inc/stm32wbxx_ll_rcc.h **** #define LL_RCC_APB2_DIV_8                  (RCC_CFGR_PPRE2_2 | RCC_CFGR_PPRE2_1)                   
 347:Drivers/STM32WBxx_HAL_Driver/Inc/stm32wbxx_ll_rcc.h **** #define LL_RCC_APB2_DIV_16                 (RCC_CFGR_PPRE2_2 | RCC_CFGR_PPRE2_1 | RCC_CFGR_PPRE2_0)
 348:Drivers/STM32WBxx_HAL_Driver/Inc/stm32wbxx_ll_rcc.h **** /**
 349:Drivers/STM32WBxx_HAL_Driver/Inc/stm32wbxx_ll_rcc.h ****   * @}
 350:Drivers/STM32WBxx_HAL_Driver/Inc/stm32wbxx_ll_rcc.h ****   */
 351:Drivers/STM32WBxx_HAL_Driver/Inc/stm32wbxx_ll_rcc.h **** 
 352:Drivers/STM32WBxx_HAL_Driver/Inc/stm32wbxx_ll_rcc.h **** /** @defgroup RCC_LL_EC_STOP_WAKEUPCLOCK  Wakeup from Stop and CSS backup clock selection
 353:Drivers/STM32WBxx_HAL_Driver/Inc/stm32wbxx_ll_rcc.h ****   * @{
 354:Drivers/STM32WBxx_HAL_Driver/Inc/stm32wbxx_ll_rcc.h ****   */
 355:Drivers/STM32WBxx_HAL_Driver/Inc/stm32wbxx_ll_rcc.h **** #define LL_RCC_STOP_WAKEUPCLOCK_MSI        0x00000000U             /*!< MSI selection after wake-up
 356:Drivers/STM32WBxx_HAL_Driver/Inc/stm32wbxx_ll_rcc.h **** #define LL_RCC_STOP_WAKEUPCLOCK_HSI        RCC_CFGR_STOPWUCK       /*!< HSI selection after wake-up
 357:Drivers/STM32WBxx_HAL_Driver/Inc/stm32wbxx_ll_rcc.h **** /**
 358:Drivers/STM32WBxx_HAL_Driver/Inc/stm32wbxx_ll_rcc.h ****   * @}
 359:Drivers/STM32WBxx_HAL_Driver/Inc/stm32wbxx_ll_rcc.h ****   */
 360:Drivers/STM32WBxx_HAL_Driver/Inc/stm32wbxx_ll_rcc.h **** 
 361:Drivers/STM32WBxx_HAL_Driver/Inc/stm32wbxx_ll_rcc.h **** /** @defgroup RCC_LL_EC_MCO1SOURCE  MCO1 SOURCE selection
 362:Drivers/STM32WBxx_HAL_Driver/Inc/stm32wbxx_ll_rcc.h ****   * @{
 363:Drivers/STM32WBxx_HAL_Driver/Inc/stm32wbxx_ll_rcc.h ****   */
 364:Drivers/STM32WBxx_HAL_Driver/Inc/stm32wbxx_ll_rcc.h **** #define LL_RCC_MCO1SOURCE_NOCLOCK          0x00000000U                                   /*!< MCO o
 365:Drivers/STM32WBxx_HAL_Driver/Inc/stm32wbxx_ll_rcc.h **** #define LL_RCC_MCO1SOURCE_SYSCLK           RCC_CFGR_MCOSEL_0                             /*!< SYSCL
ARM GAS  C:\Users\843E~1\AppData\Local\Temp\cc5PNIRY.s 			page 44


 366:Drivers/STM32WBxx_HAL_Driver/Inc/stm32wbxx_ll_rcc.h **** #define LL_RCC_MCO1SOURCE_MSI              RCC_CFGR_MCOSEL_1                             /*!< MSI s
 367:Drivers/STM32WBxx_HAL_Driver/Inc/stm32wbxx_ll_rcc.h **** #define LL_RCC_MCO1SOURCE_HSI              (RCC_CFGR_MCOSEL_0| RCC_CFGR_MCOSEL_1)        /*!< HSI s
 368:Drivers/STM32WBxx_HAL_Driver/Inc/stm32wbxx_ll_rcc.h **** #define LL_RCC_MCO1SOURCE_HSE              RCC_CFGR_MCOSEL_2                             /*!< HSE a
 369:Drivers/STM32WBxx_HAL_Driver/Inc/stm32wbxx_ll_rcc.h **** #define LL_RCC_MCO1SOURCE_PLLCLK           (RCC_CFGR_MCOSEL_0|RCC_CFGR_MCOSEL_2)         /*!< Main 
 370:Drivers/STM32WBxx_HAL_Driver/Inc/stm32wbxx_ll_rcc.h **** #define LL_RCC_MCO1SOURCE_LSI1             (RCC_CFGR_MCOSEL_1|RCC_CFGR_MCOSEL_2)         /*!< LSI1 
 371:Drivers/STM32WBxx_HAL_Driver/Inc/stm32wbxx_ll_rcc.h **** #define LL_RCC_MCO1SOURCE_LSI2             (RCC_CFGR_MCOSEL_0|RCC_CFGR_MCOSEL_1|RCC_CFGR_MCOSEL_2) 
 372:Drivers/STM32WBxx_HAL_Driver/Inc/stm32wbxx_ll_rcc.h **** #define LL_RCC_MCO1SOURCE_LSE              RCC_CFGR_MCOSEL_3                             /*!< LSE s
 373:Drivers/STM32WBxx_HAL_Driver/Inc/stm32wbxx_ll_rcc.h **** #if defined(RCC_HSI48_SUPPORT)
 374:Drivers/STM32WBxx_HAL_Driver/Inc/stm32wbxx_ll_rcc.h **** #define LL_RCC_MCO1SOURCE_HSI48            (RCC_CFGR_MCOSEL_0|RCC_CFGR_MCOSEL_3)         /*!< HSI48
 375:Drivers/STM32WBxx_HAL_Driver/Inc/stm32wbxx_ll_rcc.h **** #endif /* RCC_HSI48_SUPPORT */
 376:Drivers/STM32WBxx_HAL_Driver/Inc/stm32wbxx_ll_rcc.h **** #define LL_RCC_MCO1SOURCE_HSE_BEFORE_STAB  (RCC_CFGR_MCOSEL_2|RCC_CFGR_MCOSEL_3)         /*!< HSE b
 377:Drivers/STM32WBxx_HAL_Driver/Inc/stm32wbxx_ll_rcc.h **** /**
 378:Drivers/STM32WBxx_HAL_Driver/Inc/stm32wbxx_ll_rcc.h ****   * @}
 379:Drivers/STM32WBxx_HAL_Driver/Inc/stm32wbxx_ll_rcc.h ****   */
 380:Drivers/STM32WBxx_HAL_Driver/Inc/stm32wbxx_ll_rcc.h **** 
 381:Drivers/STM32WBxx_HAL_Driver/Inc/stm32wbxx_ll_rcc.h **** /** @defgroup RCC_LL_EC_MCO1_DIV  MCO1 prescaler
 382:Drivers/STM32WBxx_HAL_Driver/Inc/stm32wbxx_ll_rcc.h ****   * @{
 383:Drivers/STM32WBxx_HAL_Driver/Inc/stm32wbxx_ll_rcc.h ****   */
 384:Drivers/STM32WBxx_HAL_Driver/Inc/stm32wbxx_ll_rcc.h **** #define LL_RCC_MCO1_DIV_1                  0x00000000U                               /*!< MCO not d
 385:Drivers/STM32WBxx_HAL_Driver/Inc/stm32wbxx_ll_rcc.h **** #define LL_RCC_MCO1_DIV_2                  RCC_CFGR_MCOPRE_0                         /*!< MCO divid
 386:Drivers/STM32WBxx_HAL_Driver/Inc/stm32wbxx_ll_rcc.h **** #define LL_RCC_MCO1_DIV_4                  RCC_CFGR_MCOPRE_1                         /*!< MCO divid
 387:Drivers/STM32WBxx_HAL_Driver/Inc/stm32wbxx_ll_rcc.h **** #define LL_RCC_MCO1_DIV_8                  (RCC_CFGR_MCOPRE_1 | RCC_CFGR_MCOPRE_0)   /*!< MCO divid
 388:Drivers/STM32WBxx_HAL_Driver/Inc/stm32wbxx_ll_rcc.h **** #define LL_RCC_MCO1_DIV_16                 RCC_CFGR_MCOPRE_2                         /*!< MCO divid
 389:Drivers/STM32WBxx_HAL_Driver/Inc/stm32wbxx_ll_rcc.h **** /**
 390:Drivers/STM32WBxx_HAL_Driver/Inc/stm32wbxx_ll_rcc.h ****   * @}
 391:Drivers/STM32WBxx_HAL_Driver/Inc/stm32wbxx_ll_rcc.h ****   */
 392:Drivers/STM32WBxx_HAL_Driver/Inc/stm32wbxx_ll_rcc.h **** 
 393:Drivers/STM32WBxx_HAL_Driver/Inc/stm32wbxx_ll_rcc.h **** #if defined(RCC_SMPS_SUPPORT)
 394:Drivers/STM32WBxx_HAL_Driver/Inc/stm32wbxx_ll_rcc.h **** /** @defgroup RCC_LL_EC_SMPS_CLKSOURCE  SMPS clock switch
 395:Drivers/STM32WBxx_HAL_Driver/Inc/stm32wbxx_ll_rcc.h ****   * @{
 396:Drivers/STM32WBxx_HAL_Driver/Inc/stm32wbxx_ll_rcc.h ****   */
 397:Drivers/STM32WBxx_HAL_Driver/Inc/stm32wbxx_ll_rcc.h **** #define LL_RCC_SMPS_CLKSOURCE_HSI           0x00000000U             /*!< HSI selection as SMPS cloc
 398:Drivers/STM32WBxx_HAL_Driver/Inc/stm32wbxx_ll_rcc.h **** #define LL_RCC_SMPS_CLKSOURCE_MSI           RCC_SMPSCR_SMPSSEL_0    /*!< MSI selection as SMPS cloc
 399:Drivers/STM32WBxx_HAL_Driver/Inc/stm32wbxx_ll_rcc.h **** #define LL_RCC_SMPS_CLKSOURCE_HSE           RCC_SMPSCR_SMPSSEL_1    /*!< HSE selection as SMPS cloc
 400:Drivers/STM32WBxx_HAL_Driver/Inc/stm32wbxx_ll_rcc.h **** /**
 401:Drivers/STM32WBxx_HAL_Driver/Inc/stm32wbxx_ll_rcc.h ****   * @}
 402:Drivers/STM32WBxx_HAL_Driver/Inc/stm32wbxx_ll_rcc.h ****   */
 403:Drivers/STM32WBxx_HAL_Driver/Inc/stm32wbxx_ll_rcc.h **** 
 404:Drivers/STM32WBxx_HAL_Driver/Inc/stm32wbxx_ll_rcc.h **** /** @defgroup RCC_LL_EC_SMPS_CLKSOURCE_STATUS  SMPS clock switch status
 405:Drivers/STM32WBxx_HAL_Driver/Inc/stm32wbxx_ll_rcc.h ****   * @{
 406:Drivers/STM32WBxx_HAL_Driver/Inc/stm32wbxx_ll_rcc.h ****   */
 407:Drivers/STM32WBxx_HAL_Driver/Inc/stm32wbxx_ll_rcc.h **** #define LL_RCC_SMPS_CLKSOURCE_STATUS_HSI       0x00000000U                                   /*!< H
 408:Drivers/STM32WBxx_HAL_Driver/Inc/stm32wbxx_ll_rcc.h **** #define LL_RCC_SMPS_CLKSOURCE_STATUS_MSI       RCC_SMPSCR_SMPSSWS_0                          /*!< M
 409:Drivers/STM32WBxx_HAL_Driver/Inc/stm32wbxx_ll_rcc.h **** #define LL_RCC_SMPS_CLKSOURCE_STATUS_HSE       RCC_SMPSCR_SMPSSWS_1                          /*!< H
 410:Drivers/STM32WBxx_HAL_Driver/Inc/stm32wbxx_ll_rcc.h **** #define LL_RCC_SMPS_CLKSOURCE_STATUS_NO_CLOCK  (RCC_SMPSCR_SMPSSWS_0|RCC_SMPSCR_SMPSSWS_1)   /*!< N
 411:Drivers/STM32WBxx_HAL_Driver/Inc/stm32wbxx_ll_rcc.h **** /**
 412:Drivers/STM32WBxx_HAL_Driver/Inc/stm32wbxx_ll_rcc.h ****   * @}
 413:Drivers/STM32WBxx_HAL_Driver/Inc/stm32wbxx_ll_rcc.h ****   */
 414:Drivers/STM32WBxx_HAL_Driver/Inc/stm32wbxx_ll_rcc.h **** 
 415:Drivers/STM32WBxx_HAL_Driver/Inc/stm32wbxx_ll_rcc.h **** /** @defgroup RCC_LL_EC_SMPS_DIV  SMPS prescaler
 416:Drivers/STM32WBxx_HAL_Driver/Inc/stm32wbxx_ll_rcc.h ****     * @{
 417:Drivers/STM32WBxx_HAL_Driver/Inc/stm32wbxx_ll_rcc.h ****     */
 418:Drivers/STM32WBxx_HAL_Driver/Inc/stm32wbxx_ll_rcc.h **** #define LL_RCC_SMPS_DIV_0                  (0x00000000U)                                     /*!< S
 419:Drivers/STM32WBxx_HAL_Driver/Inc/stm32wbxx_ll_rcc.h **** #define LL_RCC_SMPS_DIV_1                  RCC_SMPSCR_SMPSDIV_0                              /*!< S
 420:Drivers/STM32WBxx_HAL_Driver/Inc/stm32wbxx_ll_rcc.h **** #define LL_RCC_SMPS_DIV_2                  RCC_SMPSCR_SMPSDIV_1                              /*!< S
 421:Drivers/STM32WBxx_HAL_Driver/Inc/stm32wbxx_ll_rcc.h **** #define LL_RCC_SMPS_DIV_3                  (RCC_SMPSCR_SMPSDIV_0|RCC_SMPSCR_SMPSDIV_1)       /*!< S
 422:Drivers/STM32WBxx_HAL_Driver/Inc/stm32wbxx_ll_rcc.h **** /**
ARM GAS  C:\Users\843E~1\AppData\Local\Temp\cc5PNIRY.s 			page 45


 423:Drivers/STM32WBxx_HAL_Driver/Inc/stm32wbxx_ll_rcc.h ****     * @}
 424:Drivers/STM32WBxx_HAL_Driver/Inc/stm32wbxx_ll_rcc.h ****     */
 425:Drivers/STM32WBxx_HAL_Driver/Inc/stm32wbxx_ll_rcc.h **** #endif /* RCC_SMPS_SUPPORT */
 426:Drivers/STM32WBxx_HAL_Driver/Inc/stm32wbxx_ll_rcc.h **** 
 427:Drivers/STM32WBxx_HAL_Driver/Inc/stm32wbxx_ll_rcc.h **** #if defined(USE_FULL_LL_DRIVER)
 428:Drivers/STM32WBxx_HAL_Driver/Inc/stm32wbxx_ll_rcc.h **** /** @defgroup RCC_LL_EC_PERIPH_FREQUENCY Peripheral clock frequency
 429:Drivers/STM32WBxx_HAL_Driver/Inc/stm32wbxx_ll_rcc.h ****   * @{
 430:Drivers/STM32WBxx_HAL_Driver/Inc/stm32wbxx_ll_rcc.h ****   */
 431:Drivers/STM32WBxx_HAL_Driver/Inc/stm32wbxx_ll_rcc.h **** #define LL_RCC_PERIPH_FREQUENCY_NO         0x00000000U                 /*!< No clock enabled for th
 432:Drivers/STM32WBxx_HAL_Driver/Inc/stm32wbxx_ll_rcc.h **** #define LL_RCC_PERIPH_FREQUENCY_NA         0xFFFFFFFFU                 /*!< Frequency cannot be pro
 433:Drivers/STM32WBxx_HAL_Driver/Inc/stm32wbxx_ll_rcc.h **** /**
 434:Drivers/STM32WBxx_HAL_Driver/Inc/stm32wbxx_ll_rcc.h ****   * @}
 435:Drivers/STM32WBxx_HAL_Driver/Inc/stm32wbxx_ll_rcc.h ****   */
 436:Drivers/STM32WBxx_HAL_Driver/Inc/stm32wbxx_ll_rcc.h **** #endif /* USE_FULL_LL_DRIVER */
 437:Drivers/STM32WBxx_HAL_Driver/Inc/stm32wbxx_ll_rcc.h **** 
 438:Drivers/STM32WBxx_HAL_Driver/Inc/stm32wbxx_ll_rcc.h **** /** @defgroup RCC_LL_EC_USART1_CLKSOURCE USART1 CLKSOURCE
 439:Drivers/STM32WBxx_HAL_Driver/Inc/stm32wbxx_ll_rcc.h ****   * @{
 440:Drivers/STM32WBxx_HAL_Driver/Inc/stm32wbxx_ll_rcc.h ****   */
 441:Drivers/STM32WBxx_HAL_Driver/Inc/stm32wbxx_ll_rcc.h **** #define LL_RCC_USART1_CLKSOURCE_PCLK2      0x00000000U                /*!< PCLK2 selected as USART1
 442:Drivers/STM32WBxx_HAL_Driver/Inc/stm32wbxx_ll_rcc.h **** #define LL_RCC_USART1_CLKSOURCE_SYSCLK     RCC_CCIPR_USART1SEL_0      /*!< SYSCLK selected as USART
 443:Drivers/STM32WBxx_HAL_Driver/Inc/stm32wbxx_ll_rcc.h **** #define LL_RCC_USART1_CLKSOURCE_HSI        RCC_CCIPR_USART1SEL_1      /*!< HSI selected as USART1 c
 444:Drivers/STM32WBxx_HAL_Driver/Inc/stm32wbxx_ll_rcc.h **** #define LL_RCC_USART1_CLKSOURCE_LSE        RCC_CCIPR_USART1SEL        /*!< LSE selected as USART1 c
 445:Drivers/STM32WBxx_HAL_Driver/Inc/stm32wbxx_ll_rcc.h **** /**
 446:Drivers/STM32WBxx_HAL_Driver/Inc/stm32wbxx_ll_rcc.h ****   * @}
 447:Drivers/STM32WBxx_HAL_Driver/Inc/stm32wbxx_ll_rcc.h ****   */
 448:Drivers/STM32WBxx_HAL_Driver/Inc/stm32wbxx_ll_rcc.h **** 
 449:Drivers/STM32WBxx_HAL_Driver/Inc/stm32wbxx_ll_rcc.h **** #if defined(LPUART1)
 450:Drivers/STM32WBxx_HAL_Driver/Inc/stm32wbxx_ll_rcc.h **** /** @defgroup RCC_LL_EC_LPUART1_CLKSOURCE LPUART1 CLKSOURCE
 451:Drivers/STM32WBxx_HAL_Driver/Inc/stm32wbxx_ll_rcc.h ****   * @{
 452:Drivers/STM32WBxx_HAL_Driver/Inc/stm32wbxx_ll_rcc.h ****   */
 453:Drivers/STM32WBxx_HAL_Driver/Inc/stm32wbxx_ll_rcc.h **** #define LL_RCC_LPUART1_CLKSOURCE_PCLK1     0x00000000U               /*!< PCLK1 selected as LPUART1
 454:Drivers/STM32WBxx_HAL_Driver/Inc/stm32wbxx_ll_rcc.h **** #define LL_RCC_LPUART1_CLKSOURCE_SYSCLK    RCC_CCIPR_LPUART1SEL_0    /*!< SYCLK selected as LPUART1
 455:Drivers/STM32WBxx_HAL_Driver/Inc/stm32wbxx_ll_rcc.h **** #define LL_RCC_LPUART1_CLKSOURCE_HSI       RCC_CCIPR_LPUART1SEL_1    /*!< HSI selected as LPUART1 c
 456:Drivers/STM32WBxx_HAL_Driver/Inc/stm32wbxx_ll_rcc.h **** #define LL_RCC_LPUART1_CLKSOURCE_LSE       RCC_CCIPR_LPUART1SEL      /*!< LSE selected as LPUART1 c
 457:Drivers/STM32WBxx_HAL_Driver/Inc/stm32wbxx_ll_rcc.h **** /**
 458:Drivers/STM32WBxx_HAL_Driver/Inc/stm32wbxx_ll_rcc.h ****   * @}
 459:Drivers/STM32WBxx_HAL_Driver/Inc/stm32wbxx_ll_rcc.h ****   */
 460:Drivers/STM32WBxx_HAL_Driver/Inc/stm32wbxx_ll_rcc.h **** #endif /* LPUART1 */
 461:Drivers/STM32WBxx_HAL_Driver/Inc/stm32wbxx_ll_rcc.h **** 
 462:Drivers/STM32WBxx_HAL_Driver/Inc/stm32wbxx_ll_rcc.h **** /** @defgroup RCC_LL_EC_I2Cx_CLKSOURCE I2Cx CLKSOURCE
 463:Drivers/STM32WBxx_HAL_Driver/Inc/stm32wbxx_ll_rcc.h ****   * @{
 464:Drivers/STM32WBxx_HAL_Driver/Inc/stm32wbxx_ll_rcc.h ****   */
 465:Drivers/STM32WBxx_HAL_Driver/Inc/stm32wbxx_ll_rcc.h **** #define LL_RCC_I2C1_CLKSOURCE_PCLK1        (uint32_t)((RCC_CCIPR_I2C1SEL << 4) | (0x00000000U >> 4)
 466:Drivers/STM32WBxx_HAL_Driver/Inc/stm32wbxx_ll_rcc.h **** #define LL_RCC_I2C1_CLKSOURCE_SYSCLK       (uint32_t)((RCC_CCIPR_I2C1SEL << 4) | (RCC_CCIPR_I2C1SEL
 467:Drivers/STM32WBxx_HAL_Driver/Inc/stm32wbxx_ll_rcc.h **** #define LL_RCC_I2C1_CLKSOURCE_HSI          (uint32_t)((RCC_CCIPR_I2C1SEL << 4) | (RCC_CCIPR_I2C1SEL
 468:Drivers/STM32WBxx_HAL_Driver/Inc/stm32wbxx_ll_rcc.h **** #if defined(I2C3)
 469:Drivers/STM32WBxx_HAL_Driver/Inc/stm32wbxx_ll_rcc.h **** #define LL_RCC_I2C3_CLKSOURCE_PCLK1        (uint32_t)((RCC_CCIPR_I2C3SEL << 4) | (0x00000000U >> 4)
 470:Drivers/STM32WBxx_HAL_Driver/Inc/stm32wbxx_ll_rcc.h **** #define LL_RCC_I2C3_CLKSOURCE_SYSCLK       (uint32_t)((RCC_CCIPR_I2C3SEL << 4) | (RCC_CCIPR_I2C3SEL
 471:Drivers/STM32WBxx_HAL_Driver/Inc/stm32wbxx_ll_rcc.h **** #define LL_RCC_I2C3_CLKSOURCE_HSI          (uint32_t)((RCC_CCIPR_I2C3SEL << 4) | (RCC_CCIPR_I2C3SEL
 472:Drivers/STM32WBxx_HAL_Driver/Inc/stm32wbxx_ll_rcc.h **** #endif /* I2C3 */
 473:Drivers/STM32WBxx_HAL_Driver/Inc/stm32wbxx_ll_rcc.h **** /**
 474:Drivers/STM32WBxx_HAL_Driver/Inc/stm32wbxx_ll_rcc.h ****   * @}
 475:Drivers/STM32WBxx_HAL_Driver/Inc/stm32wbxx_ll_rcc.h ****   */
 476:Drivers/STM32WBxx_HAL_Driver/Inc/stm32wbxx_ll_rcc.h **** 
 477:Drivers/STM32WBxx_HAL_Driver/Inc/stm32wbxx_ll_rcc.h **** /** @defgroup RCC_LL_EC_LPTIMx_CLKSOURCE LPTIMx CLKSOURCE
 478:Drivers/STM32WBxx_HAL_Driver/Inc/stm32wbxx_ll_rcc.h ****   * @{
 479:Drivers/STM32WBxx_HAL_Driver/Inc/stm32wbxx_ll_rcc.h ****   */
ARM GAS  C:\Users\843E~1\AppData\Local\Temp\cc5PNIRY.s 			page 46


 480:Drivers/STM32WBxx_HAL_Driver/Inc/stm32wbxx_ll_rcc.h **** #define LL_RCC_LPTIM1_CLKSOURCE_PCLK1      (uint32_t)(RCC_CCIPR_LPTIM1SEL | (0x00000000U >> 16))   
 481:Drivers/STM32WBxx_HAL_Driver/Inc/stm32wbxx_ll_rcc.h **** #define LL_RCC_LPTIM1_CLKSOURCE_LSI        (uint32_t)(RCC_CCIPR_LPTIM1SEL | (RCC_CCIPR_LPTIM1SEL_0 
 482:Drivers/STM32WBxx_HAL_Driver/Inc/stm32wbxx_ll_rcc.h **** #define LL_RCC_LPTIM1_CLKSOURCE_HSI        (uint32_t)(RCC_CCIPR_LPTIM1SEL | (RCC_CCIPR_LPTIM1SEL_1 
 483:Drivers/STM32WBxx_HAL_Driver/Inc/stm32wbxx_ll_rcc.h **** #define LL_RCC_LPTIM1_CLKSOURCE_LSE        (uint32_t)(RCC_CCIPR_LPTIM1SEL | (RCC_CCIPR_LPTIM1SEL >>
 484:Drivers/STM32WBxx_HAL_Driver/Inc/stm32wbxx_ll_rcc.h **** #define LL_RCC_LPTIM2_CLKSOURCE_PCLK1      (uint32_t)(RCC_CCIPR_LPTIM2SEL | (0x00000000U >> 16))   
 485:Drivers/STM32WBxx_HAL_Driver/Inc/stm32wbxx_ll_rcc.h **** #define LL_RCC_LPTIM2_CLKSOURCE_LSI        (uint32_t)(RCC_CCIPR_LPTIM2SEL | (RCC_CCIPR_LPTIM2SEL_0 
 486:Drivers/STM32WBxx_HAL_Driver/Inc/stm32wbxx_ll_rcc.h **** #define LL_RCC_LPTIM2_CLKSOURCE_HSI        (uint32_t)(RCC_CCIPR_LPTIM2SEL | (RCC_CCIPR_LPTIM2SEL_1 
 487:Drivers/STM32WBxx_HAL_Driver/Inc/stm32wbxx_ll_rcc.h **** #define LL_RCC_LPTIM2_CLKSOURCE_LSE        (uint32_t)(RCC_CCIPR_LPTIM2SEL | (RCC_CCIPR_LPTIM2SEL >>
 488:Drivers/STM32WBxx_HAL_Driver/Inc/stm32wbxx_ll_rcc.h **** /**
 489:Drivers/STM32WBxx_HAL_Driver/Inc/stm32wbxx_ll_rcc.h ****   * @}
 490:Drivers/STM32WBxx_HAL_Driver/Inc/stm32wbxx_ll_rcc.h ****   */
 491:Drivers/STM32WBxx_HAL_Driver/Inc/stm32wbxx_ll_rcc.h **** 
 492:Drivers/STM32WBxx_HAL_Driver/Inc/stm32wbxx_ll_rcc.h **** #if defined(SAI1)
 493:Drivers/STM32WBxx_HAL_Driver/Inc/stm32wbxx_ll_rcc.h **** /** @defgroup RCC_LL_EC_SAI1_CLKSOURCE SAI1 CLKSOURCE
 494:Drivers/STM32WBxx_HAL_Driver/Inc/stm32wbxx_ll_rcc.h ****   * @{
 495:Drivers/STM32WBxx_HAL_Driver/Inc/stm32wbxx_ll_rcc.h ****   */
 496:Drivers/STM32WBxx_HAL_Driver/Inc/stm32wbxx_ll_rcc.h **** #define LL_RCC_SAI1_CLKSOURCE_PLLSAI1      0x00000000U            /*!< PLLSAI1 selected as SAI1 clo
 497:Drivers/STM32WBxx_HAL_Driver/Inc/stm32wbxx_ll_rcc.h **** #define LL_RCC_SAI1_CLKSOURCE_PLL          RCC_CCIPR_SAI1SEL_0    /*!< PLL selected as SAI1 clock  
 498:Drivers/STM32WBxx_HAL_Driver/Inc/stm32wbxx_ll_rcc.h **** #define LL_RCC_SAI1_CLKSOURCE_HSI          RCC_CCIPR_SAI1SEL_1    /*!< HSI selected as SAI1 clock  
 499:Drivers/STM32WBxx_HAL_Driver/Inc/stm32wbxx_ll_rcc.h **** #define LL_RCC_SAI1_CLKSOURCE_PIN          RCC_CCIPR_SAI1SEL      /*!< External input selected as S
 500:Drivers/STM32WBxx_HAL_Driver/Inc/stm32wbxx_ll_rcc.h **** /**
 501:Drivers/STM32WBxx_HAL_Driver/Inc/stm32wbxx_ll_rcc.h ****   * @}
 502:Drivers/STM32WBxx_HAL_Driver/Inc/stm32wbxx_ll_rcc.h ****   */
 503:Drivers/STM32WBxx_HAL_Driver/Inc/stm32wbxx_ll_rcc.h **** #endif /* SAI1 */
 504:Drivers/STM32WBxx_HAL_Driver/Inc/stm32wbxx_ll_rcc.h **** 
 505:Drivers/STM32WBxx_HAL_Driver/Inc/stm32wbxx_ll_rcc.h **** /** @defgroup RCC_LL_EC_CLK48_CLKSOURCE CLK48 CLKSOURCE
 506:Drivers/STM32WBxx_HAL_Driver/Inc/stm32wbxx_ll_rcc.h ****   * @{
 507:Drivers/STM32WBxx_HAL_Driver/Inc/stm32wbxx_ll_rcc.h ****   */
 508:Drivers/STM32WBxx_HAL_Driver/Inc/stm32wbxx_ll_rcc.h **** #if defined(RCC_HSI48_SUPPORT)
 509:Drivers/STM32WBxx_HAL_Driver/Inc/stm32wbxx_ll_rcc.h **** #define LL_RCC_CLK48_CLKSOURCE_HSI48       0x00000000U           /*!< HSI48 selected as CLK48 clock
 510:Drivers/STM32WBxx_HAL_Driver/Inc/stm32wbxx_ll_rcc.h **** #endif /* RCC_HSI48_SUPPORT */
 511:Drivers/STM32WBxx_HAL_Driver/Inc/stm32wbxx_ll_rcc.h **** #if defined(SAI1)
 512:Drivers/STM32WBxx_HAL_Driver/Inc/stm32wbxx_ll_rcc.h **** #define LL_RCC_CLK48_CLKSOURCE_PLLSAI1     RCC_CCIPR_CLK48SEL_0  /*!< PLLSAI1 selected as CLK48 clo
 513:Drivers/STM32WBxx_HAL_Driver/Inc/stm32wbxx_ll_rcc.h **** #endif /* SAI1 */
 514:Drivers/STM32WBxx_HAL_Driver/Inc/stm32wbxx_ll_rcc.h **** #define LL_RCC_CLK48_CLKSOURCE_PLL         RCC_CCIPR_CLK48SEL_1  /*!< PLL selected as CLK48 clock  
 515:Drivers/STM32WBxx_HAL_Driver/Inc/stm32wbxx_ll_rcc.h **** #define LL_RCC_CLK48_CLKSOURCE_MSI         RCC_CCIPR_CLK48SEL    /*!< MSI selected as CLK48 clock  
 516:Drivers/STM32WBxx_HAL_Driver/Inc/stm32wbxx_ll_rcc.h **** /**
 517:Drivers/STM32WBxx_HAL_Driver/Inc/stm32wbxx_ll_rcc.h ****   * @}
 518:Drivers/STM32WBxx_HAL_Driver/Inc/stm32wbxx_ll_rcc.h ****   */
 519:Drivers/STM32WBxx_HAL_Driver/Inc/stm32wbxx_ll_rcc.h **** 
 520:Drivers/STM32WBxx_HAL_Driver/Inc/stm32wbxx_ll_rcc.h **** /** @defgroup RCC_LL_EC_USB_CLKSOURCE USB CLKSOURCE
 521:Drivers/STM32WBxx_HAL_Driver/Inc/stm32wbxx_ll_rcc.h ****   * @{
 522:Drivers/STM32WBxx_HAL_Driver/Inc/stm32wbxx_ll_rcc.h ****   */
 523:Drivers/STM32WBxx_HAL_Driver/Inc/stm32wbxx_ll_rcc.h **** #if defined(RCC_HSI48_SUPPORT)
 524:Drivers/STM32WBxx_HAL_Driver/Inc/stm32wbxx_ll_rcc.h **** #define LL_RCC_USB_CLKSOURCE_HSI48         LL_RCC_CLK48_CLKSOURCE_HSI48    /*!< HSI48 selected as U
 525:Drivers/STM32WBxx_HAL_Driver/Inc/stm32wbxx_ll_rcc.h **** #endif /* RCC_HSI48_SUPPORT */
 526:Drivers/STM32WBxx_HAL_Driver/Inc/stm32wbxx_ll_rcc.h **** #if defined(SAI1)
 527:Drivers/STM32WBxx_HAL_Driver/Inc/stm32wbxx_ll_rcc.h **** #define LL_RCC_USB_CLKSOURCE_PLLSAI1       LL_RCC_CLK48_CLKSOURCE_PLLSAI1  /*!< PLLSAI1 selected as
 528:Drivers/STM32WBxx_HAL_Driver/Inc/stm32wbxx_ll_rcc.h **** #endif /* SAI1 */
 529:Drivers/STM32WBxx_HAL_Driver/Inc/stm32wbxx_ll_rcc.h **** #define LL_RCC_USB_CLKSOURCE_PLL           LL_RCC_CLK48_CLKSOURCE_PLL      /*!< PLL selected as USB
 530:Drivers/STM32WBxx_HAL_Driver/Inc/stm32wbxx_ll_rcc.h **** #define LL_RCC_USB_CLKSOURCE_MSI           LL_RCC_CLK48_CLKSOURCE_MSI      /*!< MSI selected as USB
 531:Drivers/STM32WBxx_HAL_Driver/Inc/stm32wbxx_ll_rcc.h **** /**
 532:Drivers/STM32WBxx_HAL_Driver/Inc/stm32wbxx_ll_rcc.h ****   * @}
 533:Drivers/STM32WBxx_HAL_Driver/Inc/stm32wbxx_ll_rcc.h ****   */
 534:Drivers/STM32WBxx_HAL_Driver/Inc/stm32wbxx_ll_rcc.h **** 
 535:Drivers/STM32WBxx_HAL_Driver/Inc/stm32wbxx_ll_rcc.h **** /** @defgroup RCC_LL_EC_ADC_CLKSRC ADC CLKSRC
 536:Drivers/STM32WBxx_HAL_Driver/Inc/stm32wbxx_ll_rcc.h ****   * @{
ARM GAS  C:\Users\843E~1\AppData\Local\Temp\cc5PNIRY.s 			page 47


 537:Drivers/STM32WBxx_HAL_Driver/Inc/stm32wbxx_ll_rcc.h ****   */
 538:Drivers/STM32WBxx_HAL_Driver/Inc/stm32wbxx_ll_rcc.h **** #define LL_RCC_ADC_CLKSOURCE_NONE             0x00000000U        /*!< no Clock used as ADC clock*/
 539:Drivers/STM32WBxx_HAL_Driver/Inc/stm32wbxx_ll_rcc.h **** #if defined(STM32WB55xx) || defined (STM32WB5Mxx) || defined (STM32WB35xx)
 540:Drivers/STM32WBxx_HAL_Driver/Inc/stm32wbxx_ll_rcc.h **** #define LL_RCC_ADC_CLKSOURCE_PLLSAI1          RCC_CCIPR_ADCSEL_0 /*!< PLLSAI1 selected as ADC clock
 541:Drivers/STM32WBxx_HAL_Driver/Inc/stm32wbxx_ll_rcc.h **** #elif defined (STM32WB15xx) || defined(STM32WB1Mxx)
 542:Drivers/STM32WBxx_HAL_Driver/Inc/stm32wbxx_ll_rcc.h **** #define LL_RCC_ADC_CLKSOURCE_HSI              RCC_CCIPR_ADCSEL_0 /*!< HSI selected as ADC clock    
 543:Drivers/STM32WBxx_HAL_Driver/Inc/stm32wbxx_ll_rcc.h **** #endif /* STM32WB55xx || STM32WB5Mxx || STM32WB35xx */
 544:Drivers/STM32WBxx_HAL_Driver/Inc/stm32wbxx_ll_rcc.h **** #define LL_RCC_ADC_CLKSOURCE_PLL              RCC_CCIPR_ADCSEL_1 /*!< PLL selected as ADC clock    
 545:Drivers/STM32WBxx_HAL_Driver/Inc/stm32wbxx_ll_rcc.h **** #define LL_RCC_ADC_CLKSOURCE_SYSCLK           RCC_CCIPR_ADCSEL   /*!< SYSCLK selected as ADC clock 
 546:Drivers/STM32WBxx_HAL_Driver/Inc/stm32wbxx_ll_rcc.h **** /**
 547:Drivers/STM32WBxx_HAL_Driver/Inc/stm32wbxx_ll_rcc.h ****   * @}
 548:Drivers/STM32WBxx_HAL_Driver/Inc/stm32wbxx_ll_rcc.h ****   */
 549:Drivers/STM32WBxx_HAL_Driver/Inc/stm32wbxx_ll_rcc.h **** 
 550:Drivers/STM32WBxx_HAL_Driver/Inc/stm32wbxx_ll_rcc.h **** /** @defgroup RCC_LL_EC_RNG_CLKSRC RNG CLKSRC
 551:Drivers/STM32WBxx_HAL_Driver/Inc/stm32wbxx_ll_rcc.h ****   * @{
 552:Drivers/STM32WBxx_HAL_Driver/Inc/stm32wbxx_ll_rcc.h ****   */
 553:Drivers/STM32WBxx_HAL_Driver/Inc/stm32wbxx_ll_rcc.h **** #define LL_RCC_RNG_CLKSOURCE_CLK48            0x00000000U        /*!< CLK48 divided by 3 selected a
 554:Drivers/STM32WBxx_HAL_Driver/Inc/stm32wbxx_ll_rcc.h **** #define LL_RCC_RNG_CLKSOURCE_LSI              RCC_CCIPR_RNGSEL_0 /*!< LSI selected as ADC clock    
 555:Drivers/STM32WBxx_HAL_Driver/Inc/stm32wbxx_ll_rcc.h **** #define LL_RCC_RNG_CLKSOURCE_LSE              RCC_CCIPR_RNGSEL_1 /*!< LSE selected as ADC clock    
 556:Drivers/STM32WBxx_HAL_Driver/Inc/stm32wbxx_ll_rcc.h **** /**
 557:Drivers/STM32WBxx_HAL_Driver/Inc/stm32wbxx_ll_rcc.h ****   * @}
 558:Drivers/STM32WBxx_HAL_Driver/Inc/stm32wbxx_ll_rcc.h ****   */
 559:Drivers/STM32WBxx_HAL_Driver/Inc/stm32wbxx_ll_rcc.h **** 
 560:Drivers/STM32WBxx_HAL_Driver/Inc/stm32wbxx_ll_rcc.h **** 
 561:Drivers/STM32WBxx_HAL_Driver/Inc/stm32wbxx_ll_rcc.h **** /** @defgroup RCC_LL_EC_USART1 USART1
 562:Drivers/STM32WBxx_HAL_Driver/Inc/stm32wbxx_ll_rcc.h ****   * @{
 563:Drivers/STM32WBxx_HAL_Driver/Inc/stm32wbxx_ll_rcc.h ****   */
 564:Drivers/STM32WBxx_HAL_Driver/Inc/stm32wbxx_ll_rcc.h **** #define LL_RCC_USART1_CLKSOURCE            RCC_CCIPR_USART1SEL   /*!< USART1 clock source selection
 565:Drivers/STM32WBxx_HAL_Driver/Inc/stm32wbxx_ll_rcc.h **** /**
 566:Drivers/STM32WBxx_HAL_Driver/Inc/stm32wbxx_ll_rcc.h ****   * @}
 567:Drivers/STM32WBxx_HAL_Driver/Inc/stm32wbxx_ll_rcc.h ****   */
 568:Drivers/STM32WBxx_HAL_Driver/Inc/stm32wbxx_ll_rcc.h **** 
 569:Drivers/STM32WBxx_HAL_Driver/Inc/stm32wbxx_ll_rcc.h **** #if defined(LPUART1)
 570:Drivers/STM32WBxx_HAL_Driver/Inc/stm32wbxx_ll_rcc.h **** /** @defgroup RCC_LL_EC_LPUART1 LPUART1
 571:Drivers/STM32WBxx_HAL_Driver/Inc/stm32wbxx_ll_rcc.h ****   * @{
 572:Drivers/STM32WBxx_HAL_Driver/Inc/stm32wbxx_ll_rcc.h ****   */
 573:Drivers/STM32WBxx_HAL_Driver/Inc/stm32wbxx_ll_rcc.h **** #define LL_RCC_LPUART1_CLKSOURCE           RCC_CCIPR_LPUART1SEL  /*!< LPUART1 clock source selectio
 574:Drivers/STM32WBxx_HAL_Driver/Inc/stm32wbxx_ll_rcc.h **** /**
 575:Drivers/STM32WBxx_HAL_Driver/Inc/stm32wbxx_ll_rcc.h ****   * @}
 576:Drivers/STM32WBxx_HAL_Driver/Inc/stm32wbxx_ll_rcc.h ****   */
 577:Drivers/STM32WBxx_HAL_Driver/Inc/stm32wbxx_ll_rcc.h **** #endif /* LPUART1 */
 578:Drivers/STM32WBxx_HAL_Driver/Inc/stm32wbxx_ll_rcc.h **** 
 579:Drivers/STM32WBxx_HAL_Driver/Inc/stm32wbxx_ll_rcc.h **** /** @defgroup RCC_LL_EC_I2C1 I2C1
 580:Drivers/STM32WBxx_HAL_Driver/Inc/stm32wbxx_ll_rcc.h ****   * @{
 581:Drivers/STM32WBxx_HAL_Driver/Inc/stm32wbxx_ll_rcc.h ****   */
 582:Drivers/STM32WBxx_HAL_Driver/Inc/stm32wbxx_ll_rcc.h **** #define LL_RCC_I2C1_CLKSOURCE              RCC_CCIPR_I2C1SEL    /*!< I2C1 clock source selection bi
 583:Drivers/STM32WBxx_HAL_Driver/Inc/stm32wbxx_ll_rcc.h **** #define LL_RCC_I2C3_CLKSOURCE              RCC_CCIPR_I2C3SEL    /*!< I2C3 clock source selection bi
 584:Drivers/STM32WBxx_HAL_Driver/Inc/stm32wbxx_ll_rcc.h **** /**
 585:Drivers/STM32WBxx_HAL_Driver/Inc/stm32wbxx_ll_rcc.h ****   * @}
 586:Drivers/STM32WBxx_HAL_Driver/Inc/stm32wbxx_ll_rcc.h ****   */
 587:Drivers/STM32WBxx_HAL_Driver/Inc/stm32wbxx_ll_rcc.h **** 
 588:Drivers/STM32WBxx_HAL_Driver/Inc/stm32wbxx_ll_rcc.h **** /** @defgroup RCC_LL_EC_LPTIM1 LPTIM1
 589:Drivers/STM32WBxx_HAL_Driver/Inc/stm32wbxx_ll_rcc.h ****   * @{
 590:Drivers/STM32WBxx_HAL_Driver/Inc/stm32wbxx_ll_rcc.h ****   */
 591:Drivers/STM32WBxx_HAL_Driver/Inc/stm32wbxx_ll_rcc.h **** #define LL_RCC_LPTIM1_CLKSOURCE            RCC_CCIPR_LPTIM1SEL  /*!< LPTIM1 clock source selection 
 592:Drivers/STM32WBxx_HAL_Driver/Inc/stm32wbxx_ll_rcc.h **** #define LL_RCC_LPTIM2_CLKSOURCE            RCC_CCIPR_LPTIM2SEL  /*!< LPTIM2 clock source selection 
 593:Drivers/STM32WBxx_HAL_Driver/Inc/stm32wbxx_ll_rcc.h **** /**
ARM GAS  C:\Users\843E~1\AppData\Local\Temp\cc5PNIRY.s 			page 48


 594:Drivers/STM32WBxx_HAL_Driver/Inc/stm32wbxx_ll_rcc.h ****   * @}
 595:Drivers/STM32WBxx_HAL_Driver/Inc/stm32wbxx_ll_rcc.h ****   */
 596:Drivers/STM32WBxx_HAL_Driver/Inc/stm32wbxx_ll_rcc.h **** 
 597:Drivers/STM32WBxx_HAL_Driver/Inc/stm32wbxx_ll_rcc.h **** #if defined(SAI1)
 598:Drivers/STM32WBxx_HAL_Driver/Inc/stm32wbxx_ll_rcc.h **** /** @defgroup RCC_LL_EC_SAI1 SAI1
 599:Drivers/STM32WBxx_HAL_Driver/Inc/stm32wbxx_ll_rcc.h ****   * @{
 600:Drivers/STM32WBxx_HAL_Driver/Inc/stm32wbxx_ll_rcc.h ****   */
 601:Drivers/STM32WBxx_HAL_Driver/Inc/stm32wbxx_ll_rcc.h **** #define LL_RCC_SAI1_CLKSOURCE              RCC_CCIPR_SAI1SEL   /*!< SAI1 clock source selection bit
 602:Drivers/STM32WBxx_HAL_Driver/Inc/stm32wbxx_ll_rcc.h **** /**
 603:Drivers/STM32WBxx_HAL_Driver/Inc/stm32wbxx_ll_rcc.h ****   * @}
 604:Drivers/STM32WBxx_HAL_Driver/Inc/stm32wbxx_ll_rcc.h ****   */
 605:Drivers/STM32WBxx_HAL_Driver/Inc/stm32wbxx_ll_rcc.h **** #endif /* SAI1 */
 606:Drivers/STM32WBxx_HAL_Driver/Inc/stm32wbxx_ll_rcc.h **** 
 607:Drivers/STM32WBxx_HAL_Driver/Inc/stm32wbxx_ll_rcc.h **** /** @defgroup RCC_LL_EC_CLK48 CLK48
 608:Drivers/STM32WBxx_HAL_Driver/Inc/stm32wbxx_ll_rcc.h ****   * @{
 609:Drivers/STM32WBxx_HAL_Driver/Inc/stm32wbxx_ll_rcc.h ****   */
 610:Drivers/STM32WBxx_HAL_Driver/Inc/stm32wbxx_ll_rcc.h **** #define LL_RCC_CLK48_CLKSOURCE             RCC_CCIPR_CLK48SEL  /*!< CLK48 clock source selection bi
 611:Drivers/STM32WBxx_HAL_Driver/Inc/stm32wbxx_ll_rcc.h **** /**
 612:Drivers/STM32WBxx_HAL_Driver/Inc/stm32wbxx_ll_rcc.h ****   * @}
 613:Drivers/STM32WBxx_HAL_Driver/Inc/stm32wbxx_ll_rcc.h ****   */
 614:Drivers/STM32WBxx_HAL_Driver/Inc/stm32wbxx_ll_rcc.h **** 
 615:Drivers/STM32WBxx_HAL_Driver/Inc/stm32wbxx_ll_rcc.h **** /** @defgroup RCC_LL_EC_USB USB
 616:Drivers/STM32WBxx_HAL_Driver/Inc/stm32wbxx_ll_rcc.h ****   * @{
 617:Drivers/STM32WBxx_HAL_Driver/Inc/stm32wbxx_ll_rcc.h ****   */
 618:Drivers/STM32WBxx_HAL_Driver/Inc/stm32wbxx_ll_rcc.h **** #define LL_RCC_USB_CLKSOURCE               LL_RCC_CLK48_CLKSOURCE  /*!< USB clock source selection 
 619:Drivers/STM32WBxx_HAL_Driver/Inc/stm32wbxx_ll_rcc.h **** /**
 620:Drivers/STM32WBxx_HAL_Driver/Inc/stm32wbxx_ll_rcc.h ****   * @}
 621:Drivers/STM32WBxx_HAL_Driver/Inc/stm32wbxx_ll_rcc.h ****   */
 622:Drivers/STM32WBxx_HAL_Driver/Inc/stm32wbxx_ll_rcc.h **** 
 623:Drivers/STM32WBxx_HAL_Driver/Inc/stm32wbxx_ll_rcc.h **** /** @defgroup RCC_LL_EC_RNG RNG
 624:Drivers/STM32WBxx_HAL_Driver/Inc/stm32wbxx_ll_rcc.h ****   * @{
 625:Drivers/STM32WBxx_HAL_Driver/Inc/stm32wbxx_ll_rcc.h ****   */
 626:Drivers/STM32WBxx_HAL_Driver/Inc/stm32wbxx_ll_rcc.h **** #define LL_RCC_RNG_CLKSOURCE               RCC_CCIPR_RNGSEL  /*!< RNG clock source selection bits *
 627:Drivers/STM32WBxx_HAL_Driver/Inc/stm32wbxx_ll_rcc.h **** /**
 628:Drivers/STM32WBxx_HAL_Driver/Inc/stm32wbxx_ll_rcc.h ****   * @}
 629:Drivers/STM32WBxx_HAL_Driver/Inc/stm32wbxx_ll_rcc.h ****   */
 630:Drivers/STM32WBxx_HAL_Driver/Inc/stm32wbxx_ll_rcc.h **** 
 631:Drivers/STM32WBxx_HAL_Driver/Inc/stm32wbxx_ll_rcc.h **** /** @defgroup RCC_LL_EC_ADC ADC
 632:Drivers/STM32WBxx_HAL_Driver/Inc/stm32wbxx_ll_rcc.h ****   * @{
 633:Drivers/STM32WBxx_HAL_Driver/Inc/stm32wbxx_ll_rcc.h ****   */
 634:Drivers/STM32WBxx_HAL_Driver/Inc/stm32wbxx_ll_rcc.h **** #define LL_RCC_ADC_CLKSOURCE               RCC_CCIPR_ADCSEL   /*!< ADC clock source selection bits 
 635:Drivers/STM32WBxx_HAL_Driver/Inc/stm32wbxx_ll_rcc.h **** /**
 636:Drivers/STM32WBxx_HAL_Driver/Inc/stm32wbxx_ll_rcc.h ****   * @}
 637:Drivers/STM32WBxx_HAL_Driver/Inc/stm32wbxx_ll_rcc.h ****   */
 638:Drivers/STM32WBxx_HAL_Driver/Inc/stm32wbxx_ll_rcc.h **** 
 639:Drivers/STM32WBxx_HAL_Driver/Inc/stm32wbxx_ll_rcc.h **** 
 640:Drivers/STM32WBxx_HAL_Driver/Inc/stm32wbxx_ll_rcc.h **** /** @defgroup RCC_LL_EC_RTC_CLKSOURCE  RTC clock source selection
 641:Drivers/STM32WBxx_HAL_Driver/Inc/stm32wbxx_ll_rcc.h ****   * @{
 642:Drivers/STM32WBxx_HAL_Driver/Inc/stm32wbxx_ll_rcc.h ****   */
 643:Drivers/STM32WBxx_HAL_Driver/Inc/stm32wbxx_ll_rcc.h **** #define LL_RCC_RTC_CLKSOURCE_NONE          0x00000000U                   /*!< No clock used as RTC 
 644:Drivers/STM32WBxx_HAL_Driver/Inc/stm32wbxx_ll_rcc.h **** #define LL_RCC_RTC_CLKSOURCE_LSE           RCC_BDCR_RTCSEL_0             /*!< LSE oscillator clock 
 645:Drivers/STM32WBxx_HAL_Driver/Inc/stm32wbxx_ll_rcc.h **** #define LL_RCC_RTC_CLKSOURCE_LSI           RCC_BDCR_RTCSEL_1             /*!< LSI oscillator clock 
 646:Drivers/STM32WBxx_HAL_Driver/Inc/stm32wbxx_ll_rcc.h **** #define LL_RCC_RTC_CLKSOURCE_HSE_DIV32     RCC_BDCR_RTCSEL               /*!< HSE oscillator clock 
 647:Drivers/STM32WBxx_HAL_Driver/Inc/stm32wbxx_ll_rcc.h **** 
 648:Drivers/STM32WBxx_HAL_Driver/Inc/stm32wbxx_ll_rcc.h **** /**
 649:Drivers/STM32WBxx_HAL_Driver/Inc/stm32wbxx_ll_rcc.h ****   * @}
 650:Drivers/STM32WBxx_HAL_Driver/Inc/stm32wbxx_ll_rcc.h ****   */
ARM GAS  C:\Users\843E~1\AppData\Local\Temp\cc5PNIRY.s 			page 49


 651:Drivers/STM32WBxx_HAL_Driver/Inc/stm32wbxx_ll_rcc.h **** 
 652:Drivers/STM32WBxx_HAL_Driver/Inc/stm32wbxx_ll_rcc.h **** /** @defgroup RCC_LL_EC_RFWKP_CLKSOURCE  RF Wakeup clock source selection
 653:Drivers/STM32WBxx_HAL_Driver/Inc/stm32wbxx_ll_rcc.h ****   * @{
 654:Drivers/STM32WBxx_HAL_Driver/Inc/stm32wbxx_ll_rcc.h ****   */
 655:Drivers/STM32WBxx_HAL_Driver/Inc/stm32wbxx_ll_rcc.h **** #define LL_RCC_RFWKP_CLKSOURCE_NONE          0x00000000U                 /*!< No clock used as RF W
 656:Drivers/STM32WBxx_HAL_Driver/Inc/stm32wbxx_ll_rcc.h **** #define LL_RCC_RFWKP_CLKSOURCE_LSE           RCC_CSR_RFWKPSEL_0          /*!< LSE oscillator clock 
 657:Drivers/STM32WBxx_HAL_Driver/Inc/stm32wbxx_ll_rcc.h **** #if defined(STM32WB15xx) || defined(STM32WB10xx)
 658:Drivers/STM32WBxx_HAL_Driver/Inc/stm32wbxx_ll_rcc.h **** #define LL_RCC_RFWKP_CLKSOURCE_LSI           RCC_CSR_RFWKPSEL_1          /*!< LSI oscillator clock 
 659:Drivers/STM32WBxx_HAL_Driver/Inc/stm32wbxx_ll_rcc.h **** #endif /* STM32WB15xx || STM32WB10xx */
 660:Drivers/STM32WBxx_HAL_Driver/Inc/stm32wbxx_ll_rcc.h **** #define LL_RCC_RFWKP_CLKSOURCE_HSE_DIV1024   RCC_CSR_RFWKPSEL            /*!< HSE oscillator clock 
 661:Drivers/STM32WBxx_HAL_Driver/Inc/stm32wbxx_ll_rcc.h **** 
 662:Drivers/STM32WBxx_HAL_Driver/Inc/stm32wbxx_ll_rcc.h **** /**
 663:Drivers/STM32WBxx_HAL_Driver/Inc/stm32wbxx_ll_rcc.h ****   * @}
 664:Drivers/STM32WBxx_HAL_Driver/Inc/stm32wbxx_ll_rcc.h ****   */
 665:Drivers/STM32WBxx_HAL_Driver/Inc/stm32wbxx_ll_rcc.h **** 
 666:Drivers/STM32WBxx_HAL_Driver/Inc/stm32wbxx_ll_rcc.h **** 
 667:Drivers/STM32WBxx_HAL_Driver/Inc/stm32wbxx_ll_rcc.h **** /** @defgroup RCC_LL_EC_PLLSOURCE  PLL and PLLSAI1 entry clock source
 668:Drivers/STM32WBxx_HAL_Driver/Inc/stm32wbxx_ll_rcc.h ****   * @{
 669:Drivers/STM32WBxx_HAL_Driver/Inc/stm32wbxx_ll_rcc.h ****   */
 670:Drivers/STM32WBxx_HAL_Driver/Inc/stm32wbxx_ll_rcc.h **** #define LL_RCC_PLLSOURCE_NONE              0x00000000U                                    /*!< No c
 671:Drivers/STM32WBxx_HAL_Driver/Inc/stm32wbxx_ll_rcc.h **** #define LL_RCC_PLLSOURCE_MSI               RCC_PLLCFGR_PLLSRC_0                           /*!< MSI 
 672:Drivers/STM32WBxx_HAL_Driver/Inc/stm32wbxx_ll_rcc.h **** #define LL_RCC_PLLSOURCE_HSI               RCC_PLLCFGR_PLLSRC_1                           /*!< HSI 
 673:Drivers/STM32WBxx_HAL_Driver/Inc/stm32wbxx_ll_rcc.h **** #define LL_RCC_PLLSOURCE_HSE               (RCC_PLLCFGR_PLLSRC_1 | RCC_PLLCFGR_PLLSRC_0)  /*!< HSE 
 674:Drivers/STM32WBxx_HAL_Driver/Inc/stm32wbxx_ll_rcc.h **** /**
 675:Drivers/STM32WBxx_HAL_Driver/Inc/stm32wbxx_ll_rcc.h ****   * @}
 676:Drivers/STM32WBxx_HAL_Driver/Inc/stm32wbxx_ll_rcc.h ****   */
 677:Drivers/STM32WBxx_HAL_Driver/Inc/stm32wbxx_ll_rcc.h **** 
 678:Drivers/STM32WBxx_HAL_Driver/Inc/stm32wbxx_ll_rcc.h **** /** @defgroup RCC_LL_EC_PLLM_DIV  PLL and PLLSAI1 division factor
 679:Drivers/STM32WBxx_HAL_Driver/Inc/stm32wbxx_ll_rcc.h ****   * @{
 680:Drivers/STM32WBxx_HAL_Driver/Inc/stm32wbxx_ll_rcc.h ****   */
 681:Drivers/STM32WBxx_HAL_Driver/Inc/stm32wbxx_ll_rcc.h **** #define LL_RCC_PLLM_DIV_1                  0x00000000U                                 /*!< PLL and
 682:Drivers/STM32WBxx_HAL_Driver/Inc/stm32wbxx_ll_rcc.h **** #define LL_RCC_PLLM_DIV_2                  (RCC_PLLCFGR_PLLM_0)                        /*!< PLL and
 683:Drivers/STM32WBxx_HAL_Driver/Inc/stm32wbxx_ll_rcc.h **** #define LL_RCC_PLLM_DIV_3                  (RCC_PLLCFGR_PLLM_1)                        /*!< PLL and
 684:Drivers/STM32WBxx_HAL_Driver/Inc/stm32wbxx_ll_rcc.h **** #define LL_RCC_PLLM_DIV_4                  ((RCC_PLLCFGR_PLLM_1 | RCC_PLLCFGR_PLLM_0)) /*!< PLL and
 685:Drivers/STM32WBxx_HAL_Driver/Inc/stm32wbxx_ll_rcc.h **** #define LL_RCC_PLLM_DIV_5                  (RCC_PLLCFGR_PLLM_2)                        /*!< PLL and
 686:Drivers/STM32WBxx_HAL_Driver/Inc/stm32wbxx_ll_rcc.h **** #define LL_RCC_PLLM_DIV_6                  ((RCC_PLLCFGR_PLLM_2 | RCC_PLLCFGR_PLLM_0)) /*!< PLL and
 687:Drivers/STM32WBxx_HAL_Driver/Inc/stm32wbxx_ll_rcc.h **** #define LL_RCC_PLLM_DIV_7                  ((RCC_PLLCFGR_PLLM_2 | RCC_PLLCFGR_PLLM_1)) /*!< PLL and
 688:Drivers/STM32WBxx_HAL_Driver/Inc/stm32wbxx_ll_rcc.h **** #define LL_RCC_PLLM_DIV_8                  (RCC_PLLCFGR_PLLM)                          /*!< PLL and
 689:Drivers/STM32WBxx_HAL_Driver/Inc/stm32wbxx_ll_rcc.h **** /**
 690:Drivers/STM32WBxx_HAL_Driver/Inc/stm32wbxx_ll_rcc.h ****   * @}
 691:Drivers/STM32WBxx_HAL_Driver/Inc/stm32wbxx_ll_rcc.h ****   */
 692:Drivers/STM32WBxx_HAL_Driver/Inc/stm32wbxx_ll_rcc.h **** 
 693:Drivers/STM32WBxx_HAL_Driver/Inc/stm32wbxx_ll_rcc.h **** /** @defgroup RCC_LL_EC_PLLR_DIV  PLL division factor (PLLR)
 694:Drivers/STM32WBxx_HAL_Driver/Inc/stm32wbxx_ll_rcc.h ****   * @{
 695:Drivers/STM32WBxx_HAL_Driver/Inc/stm32wbxx_ll_rcc.h ****   */
 696:Drivers/STM32WBxx_HAL_Driver/Inc/stm32wbxx_ll_rcc.h **** #define LL_RCC_PLLR_DIV_2                  (RCC_PLLCFGR_PLLR_0)                     /*!< Main PLL d
 697:Drivers/STM32WBxx_HAL_Driver/Inc/stm32wbxx_ll_rcc.h **** #define LL_RCC_PLLR_DIV_3                  (RCC_PLLCFGR_PLLR_1)                     /*!< Main PLL d
 698:Drivers/STM32WBxx_HAL_Driver/Inc/stm32wbxx_ll_rcc.h **** #define LL_RCC_PLLR_DIV_4                  (RCC_PLLCFGR_PLLR_1|RCC_PLLCFGR_PLLR_0)  /*!< Main PLL d
 699:Drivers/STM32WBxx_HAL_Driver/Inc/stm32wbxx_ll_rcc.h **** #define LL_RCC_PLLR_DIV_5                  (RCC_PLLCFGR_PLLR_2)                     /*!< Main PLL d
 700:Drivers/STM32WBxx_HAL_Driver/Inc/stm32wbxx_ll_rcc.h **** #define LL_RCC_PLLR_DIV_6                  (RCC_PLLCFGR_PLLR_2|RCC_PLLCFGR_PLLR_0)  /*!< Main PLL d
 701:Drivers/STM32WBxx_HAL_Driver/Inc/stm32wbxx_ll_rcc.h **** #define LL_RCC_PLLR_DIV_7                  (RCC_PLLCFGR_PLLR_2|RCC_PLLCFGR_PLLR_1)  /*!< Main PLL d
 702:Drivers/STM32WBxx_HAL_Driver/Inc/stm32wbxx_ll_rcc.h **** #define LL_RCC_PLLR_DIV_8                  (RCC_PLLCFGR_PLLR)                       /*!< Main PLL d
 703:Drivers/STM32WBxx_HAL_Driver/Inc/stm32wbxx_ll_rcc.h **** /**
 704:Drivers/STM32WBxx_HAL_Driver/Inc/stm32wbxx_ll_rcc.h ****   * @}
 705:Drivers/STM32WBxx_HAL_Driver/Inc/stm32wbxx_ll_rcc.h ****   */
 706:Drivers/STM32WBxx_HAL_Driver/Inc/stm32wbxx_ll_rcc.h **** 
 707:Drivers/STM32WBxx_HAL_Driver/Inc/stm32wbxx_ll_rcc.h **** /** @defgroup RCC_LL_EC_PLLP_DIV  PLL division factor (PLLP)
ARM GAS  C:\Users\843E~1\AppData\Local\Temp\cc5PNIRY.s 			page 50


 708:Drivers/STM32WBxx_HAL_Driver/Inc/stm32wbxx_ll_rcc.h ****   * @{
 709:Drivers/STM32WBxx_HAL_Driver/Inc/stm32wbxx_ll_rcc.h ****   */
 710:Drivers/STM32WBxx_HAL_Driver/Inc/stm32wbxx_ll_rcc.h **** #define LL_RCC_PLLP_DIV_2                  (RCC_PLLCFGR_PLLP_0)                                    
 711:Drivers/STM32WBxx_HAL_Driver/Inc/stm32wbxx_ll_rcc.h **** #define LL_RCC_PLLP_DIV_3                  (RCC_PLLCFGR_PLLP_1)                                    
 712:Drivers/STM32WBxx_HAL_Driver/Inc/stm32wbxx_ll_rcc.h **** #define LL_RCC_PLLP_DIV_4                  (RCC_PLLCFGR_PLLP_0|RCC_PLLCFGR_PLLP_1)                 
 713:Drivers/STM32WBxx_HAL_Driver/Inc/stm32wbxx_ll_rcc.h **** #define LL_RCC_PLLP_DIV_5                  (RCC_PLLCFGR_PLLP_2)                                    
 714:Drivers/STM32WBxx_HAL_Driver/Inc/stm32wbxx_ll_rcc.h **** #define LL_RCC_PLLP_DIV_6                  (RCC_PLLCFGR_PLLP_0|RCC_PLLCFGR_PLLP_2)                 
 715:Drivers/STM32WBxx_HAL_Driver/Inc/stm32wbxx_ll_rcc.h **** #define LL_RCC_PLLP_DIV_7                  (RCC_PLLCFGR_PLLP_1|RCC_PLLCFGR_PLLP_2)                 
 716:Drivers/STM32WBxx_HAL_Driver/Inc/stm32wbxx_ll_rcc.h **** #define LL_RCC_PLLP_DIV_8                  (RCC_PLLCFGR_PLLP_0|RCC_PLLCFGR_PLLP_1|RCC_PLLCFGR_PLLP_
 717:Drivers/STM32WBxx_HAL_Driver/Inc/stm32wbxx_ll_rcc.h **** #define LL_RCC_PLLP_DIV_9                  (RCC_PLLCFGR_PLLP_3)                                    
 718:Drivers/STM32WBxx_HAL_Driver/Inc/stm32wbxx_ll_rcc.h **** #define LL_RCC_PLLP_DIV_10                 (RCC_PLLCFGR_PLLP_0|RCC_PLLCFGR_PLLP_3)                 
 719:Drivers/STM32WBxx_HAL_Driver/Inc/stm32wbxx_ll_rcc.h **** #define LL_RCC_PLLP_DIV_11                 (RCC_PLLCFGR_PLLP_1|RCC_PLLCFGR_PLLP_3)                 
 720:Drivers/STM32WBxx_HAL_Driver/Inc/stm32wbxx_ll_rcc.h **** #define LL_RCC_PLLP_DIV_12                 (RCC_PLLCFGR_PLLP_0|RCC_PLLCFGR_PLLP_1|RCC_PLLCFGR_PLLP_
 721:Drivers/STM32WBxx_HAL_Driver/Inc/stm32wbxx_ll_rcc.h **** #define LL_RCC_PLLP_DIV_13                 (RCC_PLLCFGR_PLLP_2|RCC_PLLCFGR_PLLP_3)                 
 722:Drivers/STM32WBxx_HAL_Driver/Inc/stm32wbxx_ll_rcc.h **** #define LL_RCC_PLLP_DIV_14                 (RCC_PLLCFGR_PLLP_0|RCC_PLLCFGR_PLLP_2|RCC_PLLCFGR_PLLP_
 723:Drivers/STM32WBxx_HAL_Driver/Inc/stm32wbxx_ll_rcc.h **** #define LL_RCC_PLLP_DIV_15                 (RCC_PLLCFGR_PLLP_1|RCC_PLLCFGR_PLLP_2|RCC_PLLCFGR_PLLP_
 724:Drivers/STM32WBxx_HAL_Driver/Inc/stm32wbxx_ll_rcc.h **** #define LL_RCC_PLLP_DIV_16                 (RCC_PLLCFGR_PLLP_0|RCC_PLLCFGR_PLLP_1|RCC_PLLCFGR_PLLP_
 725:Drivers/STM32WBxx_HAL_Driver/Inc/stm32wbxx_ll_rcc.h **** #define LL_RCC_PLLP_DIV_17                 (RCC_PLLCFGR_PLLP_4)                                    
 726:Drivers/STM32WBxx_HAL_Driver/Inc/stm32wbxx_ll_rcc.h **** #define LL_RCC_PLLP_DIV_18                 (RCC_PLLCFGR_PLLP_0|RCC_PLLCFGR_PLLP_4)                 
 727:Drivers/STM32WBxx_HAL_Driver/Inc/stm32wbxx_ll_rcc.h **** #define LL_RCC_PLLP_DIV_19                 (RCC_PLLCFGR_PLLP_1|RCC_PLLCFGR_PLLP_4)                 
 728:Drivers/STM32WBxx_HAL_Driver/Inc/stm32wbxx_ll_rcc.h **** #define LL_RCC_PLLP_DIV_20                 (RCC_PLLCFGR_PLLP_0|RCC_PLLCFGR_PLLP_1|RCC_PLLCFGR_PLLP_
 729:Drivers/STM32WBxx_HAL_Driver/Inc/stm32wbxx_ll_rcc.h **** #define LL_RCC_PLLP_DIV_21                 (RCC_PLLCFGR_PLLP_2|RCC_PLLCFGR_PLLP_4)                 
 730:Drivers/STM32WBxx_HAL_Driver/Inc/stm32wbxx_ll_rcc.h **** #define LL_RCC_PLLP_DIV_22                 (RCC_PLLCFGR_PLLP_0|RCC_PLLCFGR_PLLP_2|RCC_PLLCFGR_PLLP_
 731:Drivers/STM32WBxx_HAL_Driver/Inc/stm32wbxx_ll_rcc.h **** #define LL_RCC_PLLP_DIV_23                 (RCC_PLLCFGR_PLLP_1|RCC_PLLCFGR_PLLP_2|RCC_PLLCFGR_PLLP_
 732:Drivers/STM32WBxx_HAL_Driver/Inc/stm32wbxx_ll_rcc.h **** #define LL_RCC_PLLP_DIV_24                 (RCC_PLLCFGR_PLLP_0|RCC_PLLCFGR_PLLP_1|RCC_PLLCFGR_PLLP_
 733:Drivers/STM32WBxx_HAL_Driver/Inc/stm32wbxx_ll_rcc.h **** #define LL_RCC_PLLP_DIV_25                 (RCC_PLLCFGR_PLLP_3|RCC_PLLCFGR_PLLP_4)                 
 734:Drivers/STM32WBxx_HAL_Driver/Inc/stm32wbxx_ll_rcc.h **** #define LL_RCC_PLLP_DIV_26                 (RCC_PLLCFGR_PLLP_0|RCC_PLLCFGR_PLLP_3|RCC_PLLCFGR_PLLP_
 735:Drivers/STM32WBxx_HAL_Driver/Inc/stm32wbxx_ll_rcc.h **** #define LL_RCC_PLLP_DIV_27                 (RCC_PLLCFGR_PLLP_1|RCC_PLLCFGR_PLLP_3|RCC_PLLCFGR_PLLP_
 736:Drivers/STM32WBxx_HAL_Driver/Inc/stm32wbxx_ll_rcc.h **** #define LL_RCC_PLLP_DIV_28                 (RCC_PLLCFGR_PLLP_0|RCC_PLLCFGR_PLLP_1|RCC_PLLCFGR_PLLP_
 737:Drivers/STM32WBxx_HAL_Driver/Inc/stm32wbxx_ll_rcc.h **** #define LL_RCC_PLLP_DIV_29                 (RCC_PLLCFGR_PLLP_2|RCC_PLLCFGR_PLLP_3|RCC_PLLCFGR_PLLP_
 738:Drivers/STM32WBxx_HAL_Driver/Inc/stm32wbxx_ll_rcc.h **** #define LL_RCC_PLLP_DIV_30                 (RCC_PLLCFGR_PLLP_0|RCC_PLLCFGR_PLLP_2|RCC_PLLCFGR_PLLP_
 739:Drivers/STM32WBxx_HAL_Driver/Inc/stm32wbxx_ll_rcc.h **** #define LL_RCC_PLLP_DIV_31                 (RCC_PLLCFGR_PLLP_1|RCC_PLLCFGR_PLLP_2|RCC_PLLCFGR_PLLP_
 740:Drivers/STM32WBxx_HAL_Driver/Inc/stm32wbxx_ll_rcc.h **** #define LL_RCC_PLLP_DIV_32                 (RCC_PLLCFGR_PLLP_0|RCC_PLLCFGR_PLLP_1|RCC_PLLCFGR_PLLP_
 741:Drivers/STM32WBxx_HAL_Driver/Inc/stm32wbxx_ll_rcc.h **** /**
 742:Drivers/STM32WBxx_HAL_Driver/Inc/stm32wbxx_ll_rcc.h ****   * @}
 743:Drivers/STM32WBxx_HAL_Driver/Inc/stm32wbxx_ll_rcc.h ****   */
 744:Drivers/STM32WBxx_HAL_Driver/Inc/stm32wbxx_ll_rcc.h **** 
 745:Drivers/STM32WBxx_HAL_Driver/Inc/stm32wbxx_ll_rcc.h **** /** @defgroup RCC_LL_EC_PLLQ_DIV  PLL division factor (PLLQ)
 746:Drivers/STM32WBxx_HAL_Driver/Inc/stm32wbxx_ll_rcc.h ****   * @{
 747:Drivers/STM32WBxx_HAL_Driver/Inc/stm32wbxx_ll_rcc.h ****   */
 748:Drivers/STM32WBxx_HAL_Driver/Inc/stm32wbxx_ll_rcc.h **** #define LL_RCC_PLLQ_DIV_2                  (RCC_PLLCFGR_PLLQ_0)                    /*!< Main PLL di
 749:Drivers/STM32WBxx_HAL_Driver/Inc/stm32wbxx_ll_rcc.h **** #define LL_RCC_PLLQ_DIV_3                  (RCC_PLLCFGR_PLLQ_1)                    /*!< Main PLL di
 750:Drivers/STM32WBxx_HAL_Driver/Inc/stm32wbxx_ll_rcc.h **** #define LL_RCC_PLLQ_DIV_4                  (RCC_PLLCFGR_PLLQ_1|RCC_PLLCFGR_PLLQ_0) /*!< Main PLL di
 751:Drivers/STM32WBxx_HAL_Driver/Inc/stm32wbxx_ll_rcc.h **** #define LL_RCC_PLLQ_DIV_5                  (RCC_PLLCFGR_PLLQ_2)                    /*!< Main PLL di
 752:Drivers/STM32WBxx_HAL_Driver/Inc/stm32wbxx_ll_rcc.h **** #define LL_RCC_PLLQ_DIV_6                  (RCC_PLLCFGR_PLLQ_2|RCC_PLLCFGR_PLLQ_0) /*!< Main PLL di
 753:Drivers/STM32WBxx_HAL_Driver/Inc/stm32wbxx_ll_rcc.h **** #define LL_RCC_PLLQ_DIV_7                  (RCC_PLLCFGR_PLLQ_2|RCC_PLLCFGR_PLLQ_1) /*!< Main PLL di
 754:Drivers/STM32WBxx_HAL_Driver/Inc/stm32wbxx_ll_rcc.h **** #define LL_RCC_PLLQ_DIV_8                  (RCC_PLLCFGR_PLLQ)                      /*!< Main PLL di
 755:Drivers/STM32WBxx_HAL_Driver/Inc/stm32wbxx_ll_rcc.h **** /**
 756:Drivers/STM32WBxx_HAL_Driver/Inc/stm32wbxx_ll_rcc.h ****   * @}
 757:Drivers/STM32WBxx_HAL_Driver/Inc/stm32wbxx_ll_rcc.h ****   */
 758:Drivers/STM32WBxx_HAL_Driver/Inc/stm32wbxx_ll_rcc.h **** 
 759:Drivers/STM32WBxx_HAL_Driver/Inc/stm32wbxx_ll_rcc.h **** 
 760:Drivers/STM32WBxx_HAL_Driver/Inc/stm32wbxx_ll_rcc.h **** #if defined(SAI1)
 761:Drivers/STM32WBxx_HAL_Driver/Inc/stm32wbxx_ll_rcc.h **** /** @defgroup RCC_LL_EC_PLLSAI1Q  PLLSAI1 division factor (PLLQ)
 762:Drivers/STM32WBxx_HAL_Driver/Inc/stm32wbxx_ll_rcc.h ****   * @{
 763:Drivers/STM32WBxx_HAL_Driver/Inc/stm32wbxx_ll_rcc.h ****   */
 764:Drivers/STM32WBxx_HAL_Driver/Inc/stm32wbxx_ll_rcc.h **** #define LL_RCC_PLLSAI1Q_DIV_2              (RCC_PLLSAI1CFGR_PLLQ_0)                                
ARM GAS  C:\Users\843E~1\AppData\Local\Temp\cc5PNIRY.s 			page 51


 765:Drivers/STM32WBxx_HAL_Driver/Inc/stm32wbxx_ll_rcc.h **** #define LL_RCC_PLLSAI1Q_DIV_3              (RCC_PLLSAI1CFGR_PLLQ_1)                                
 766:Drivers/STM32WBxx_HAL_Driver/Inc/stm32wbxx_ll_rcc.h **** #define LL_RCC_PLLSAI1Q_DIV_4              (RCC_PLLSAI1CFGR_PLLQ_1 | RCC_PLLSAI1CFGR_PLLQ_0)       
 767:Drivers/STM32WBxx_HAL_Driver/Inc/stm32wbxx_ll_rcc.h **** #define LL_RCC_PLLSAI1Q_DIV_5              (RCC_PLLSAI1CFGR_PLLQ_2)                                
 768:Drivers/STM32WBxx_HAL_Driver/Inc/stm32wbxx_ll_rcc.h **** #define LL_RCC_PLLSAI1Q_DIV_6              (RCC_PLLSAI1CFGR_PLLQ_2 | RCC_PLLSAI1CFGR_PLLQ_0)       
 769:Drivers/STM32WBxx_HAL_Driver/Inc/stm32wbxx_ll_rcc.h **** #define LL_RCC_PLLSAI1Q_DIV_7              (RCC_PLLSAI1CFGR_PLLQ_2 | RCC_PLLSAI1CFGR_PLLQ_1)       
 770:Drivers/STM32WBxx_HAL_Driver/Inc/stm32wbxx_ll_rcc.h **** #define LL_RCC_PLLSAI1Q_DIV_8              (RCC_PLLSAI1CFGR_PLLQ_2 | RCC_PLLSAI1CFGR_PLLQ_1 | RCC_P
 771:Drivers/STM32WBxx_HAL_Driver/Inc/stm32wbxx_ll_rcc.h **** /**
 772:Drivers/STM32WBxx_HAL_Driver/Inc/stm32wbxx_ll_rcc.h ****   * @}
 773:Drivers/STM32WBxx_HAL_Driver/Inc/stm32wbxx_ll_rcc.h ****   */
 774:Drivers/STM32WBxx_HAL_Driver/Inc/stm32wbxx_ll_rcc.h **** 
 775:Drivers/STM32WBxx_HAL_Driver/Inc/stm32wbxx_ll_rcc.h **** /** @defgroup RCC_LL_EC_PLLSAI1P  PLLSAI1 division factor (PLLP)
 776:Drivers/STM32WBxx_HAL_Driver/Inc/stm32wbxx_ll_rcc.h ****   * @{
 777:Drivers/STM32WBxx_HAL_Driver/Inc/stm32wbxx_ll_rcc.h ****   */
 778:Drivers/STM32WBxx_HAL_Driver/Inc/stm32wbxx_ll_rcc.h **** #define LL_RCC_PLLSAI1P_DIV_2                  (RCC_PLLSAI1CFGR_PLLP_0)                            
 779:Drivers/STM32WBxx_HAL_Driver/Inc/stm32wbxx_ll_rcc.h **** #define LL_RCC_PLLSAI1P_DIV_3                  (RCC_PLLSAI1CFGR_PLLP_1)                            
 780:Drivers/STM32WBxx_HAL_Driver/Inc/stm32wbxx_ll_rcc.h **** #define LL_RCC_PLLSAI1P_DIV_4                  (RCC_PLLSAI1CFGR_PLLP_0|RCC_PLLSAI1CFGR_PLLP_1)     
 781:Drivers/STM32WBxx_HAL_Driver/Inc/stm32wbxx_ll_rcc.h **** #define LL_RCC_PLLSAI1P_DIV_5                  (RCC_PLLSAI1CFGR_PLLP_2)                            
 782:Drivers/STM32WBxx_HAL_Driver/Inc/stm32wbxx_ll_rcc.h **** #define LL_RCC_PLLSAI1P_DIV_6                  (RCC_PLLSAI1CFGR_PLLP_0|RCC_PLLSAI1CFGR_PLLP_2)     
 783:Drivers/STM32WBxx_HAL_Driver/Inc/stm32wbxx_ll_rcc.h **** #define LL_RCC_PLLSAI1P_DIV_7                  (RCC_PLLSAI1CFGR_PLLP_1|RCC_PLLSAI1CFGR_PLLP_2)     
 784:Drivers/STM32WBxx_HAL_Driver/Inc/stm32wbxx_ll_rcc.h **** #define LL_RCC_PLLSAI1P_DIV_8                  (RCC_PLLSAI1CFGR_PLLP_0|RCC_PLLSAI1CFGR_PLLP_1|RCC_P
 785:Drivers/STM32WBxx_HAL_Driver/Inc/stm32wbxx_ll_rcc.h **** #define LL_RCC_PLLSAI1P_DIV_9                  (RCC_PLLSAI1CFGR_PLLP_3)                            
 786:Drivers/STM32WBxx_HAL_Driver/Inc/stm32wbxx_ll_rcc.h **** #define LL_RCC_PLLSAI1P_DIV_10                 (RCC_PLLSAI1CFGR_PLLP_0|RCC_PLLSAI1CFGR_PLLP_3)     
 787:Drivers/STM32WBxx_HAL_Driver/Inc/stm32wbxx_ll_rcc.h **** #define LL_RCC_PLLSAI1P_DIV_11                 (RCC_PLLSAI1CFGR_PLLP_1|RCC_PLLSAI1CFGR_PLLP_3)     
 788:Drivers/STM32WBxx_HAL_Driver/Inc/stm32wbxx_ll_rcc.h **** #define LL_RCC_PLLSAI1P_DIV_12                 (RCC_PLLSAI1CFGR_PLLP_0|RCC_PLLSAI1CFGR_PLLP_1|RCC_P
 789:Drivers/STM32WBxx_HAL_Driver/Inc/stm32wbxx_ll_rcc.h **** #define LL_RCC_PLLSAI1P_DIV_13                 (RCC_PLLSAI1CFGR_PLLP_2|RCC_PLLSAI1CFGR_PLLP_3)     
 790:Drivers/STM32WBxx_HAL_Driver/Inc/stm32wbxx_ll_rcc.h **** #define LL_RCC_PLLSAI1P_DIV_14                 (RCC_PLLSAI1CFGR_PLLP_0|RCC_PLLSAI1CFGR_PLLP_2|RCC_P
 791:Drivers/STM32WBxx_HAL_Driver/Inc/stm32wbxx_ll_rcc.h **** #define LL_RCC_PLLSAI1P_DIV_15                 (RCC_PLLSAI1CFGR_PLLP_1|RCC_PLLSAI1CFGR_PLLP_2|RCC_P
 792:Drivers/STM32WBxx_HAL_Driver/Inc/stm32wbxx_ll_rcc.h **** #define LL_RCC_PLLSAI1P_DIV_16                 (RCC_PLLSAI1CFGR_PLLP_0|RCC_PLLSAI1CFGR_PLLP_1|RCC_P
 793:Drivers/STM32WBxx_HAL_Driver/Inc/stm32wbxx_ll_rcc.h **** #define LL_RCC_PLLSAI1P_DIV_17                 (RCC_PLLSAI1CFGR_PLLP_4)                            
 794:Drivers/STM32WBxx_HAL_Driver/Inc/stm32wbxx_ll_rcc.h **** #define LL_RCC_PLLSAI1P_DIV_18                 (RCC_PLLSAI1CFGR_PLLP_0|RCC_PLLSAI1CFGR_PLLP_4)     
 795:Drivers/STM32WBxx_HAL_Driver/Inc/stm32wbxx_ll_rcc.h **** #define LL_RCC_PLLSAI1P_DIV_19                 (RCC_PLLSAI1CFGR_PLLP_1|RCC_PLLSAI1CFGR_PLLP_4)     
 796:Drivers/STM32WBxx_HAL_Driver/Inc/stm32wbxx_ll_rcc.h **** #define LL_RCC_PLLSAI1P_DIV_20                 (RCC_PLLSAI1CFGR_PLLP_0|RCC_PLLSAI1CFGR_PLLP_1|RCC_P
 797:Drivers/STM32WBxx_HAL_Driver/Inc/stm32wbxx_ll_rcc.h **** #define LL_RCC_PLLSAI1P_DIV_21                 (RCC_PLLSAI1CFGR_PLLP_2|RCC_PLLSAI1CFGR_PLLP_4)     
 798:Drivers/STM32WBxx_HAL_Driver/Inc/stm32wbxx_ll_rcc.h **** #define LL_RCC_PLLSAI1P_DIV_22                 (RCC_PLLSAI1CFGR_PLLP_0|RCC_PLLSAI1CFGR_PLLP_2|RCC_P
 799:Drivers/STM32WBxx_HAL_Driver/Inc/stm32wbxx_ll_rcc.h **** #define LL_RCC_PLLSAI1P_DIV_23                 (RCC_PLLSAI1CFGR_PLLP_1|RCC_PLLSAI1CFGR_PLLP_2|RCC_P
 800:Drivers/STM32WBxx_HAL_Driver/Inc/stm32wbxx_ll_rcc.h **** #define LL_RCC_PLLSAI1P_DIV_24                 (RCC_PLLSAI1CFGR_PLLP_0|RCC_PLLSAI1CFGR_PLLP_1|RCC_P
 801:Drivers/STM32WBxx_HAL_Driver/Inc/stm32wbxx_ll_rcc.h **** #define LL_RCC_PLLSAI1P_DIV_25                 (RCC_PLLSAI1CFGR_PLLP_3|RCC_PLLSAI1CFGR_PLLP_4)     
 802:Drivers/STM32WBxx_HAL_Driver/Inc/stm32wbxx_ll_rcc.h **** #define LL_RCC_PLLSAI1P_DIV_26                 (RCC_PLLSAI1CFGR_PLLP_0|RCC_PLLSAI1CFGR_PLLP_3|RCC_P
 803:Drivers/STM32WBxx_HAL_Driver/Inc/stm32wbxx_ll_rcc.h **** #define LL_RCC_PLLSAI1P_DIV_27                 (RCC_PLLSAI1CFGR_PLLP_1|RCC_PLLSAI1CFGR_PLLP_3|RCC_P
 804:Drivers/STM32WBxx_HAL_Driver/Inc/stm32wbxx_ll_rcc.h **** #define LL_RCC_PLLSAI1P_DIV_28                 (RCC_PLLSAI1CFGR_PLLP_0|RCC_PLLSAI1CFGR_PLLP_1|RCC_P
 805:Drivers/STM32WBxx_HAL_Driver/Inc/stm32wbxx_ll_rcc.h **** #define LL_RCC_PLLSAI1P_DIV_29                 (RCC_PLLSAI1CFGR_PLLP_2|RCC_PLLSAI1CFGR_PLLP_3|RCC_P
 806:Drivers/STM32WBxx_HAL_Driver/Inc/stm32wbxx_ll_rcc.h **** #define LL_RCC_PLLSAI1P_DIV_30                 (RCC_PLLSAI1CFGR_PLLP_0|RCC_PLLSAI1CFGR_PLLP_2|RCC_P
 807:Drivers/STM32WBxx_HAL_Driver/Inc/stm32wbxx_ll_rcc.h **** #define LL_RCC_PLLSAI1P_DIV_31                 (RCC_PLLSAI1CFGR_PLLP_1|RCC_PLLSAI1CFGR_PLLP_2|RCC_P
 808:Drivers/STM32WBxx_HAL_Driver/Inc/stm32wbxx_ll_rcc.h **** #define LL_RCC_PLLSAI1P_DIV_32                 (RCC_PLLSAI1CFGR_PLLP_0|RCC_PLLSAI1CFGR_PLLP_1|RCC_P
 809:Drivers/STM32WBxx_HAL_Driver/Inc/stm32wbxx_ll_rcc.h **** /**
 810:Drivers/STM32WBxx_HAL_Driver/Inc/stm32wbxx_ll_rcc.h ****   * @}
 811:Drivers/STM32WBxx_HAL_Driver/Inc/stm32wbxx_ll_rcc.h ****   */
 812:Drivers/STM32WBxx_HAL_Driver/Inc/stm32wbxx_ll_rcc.h **** 
 813:Drivers/STM32WBxx_HAL_Driver/Inc/stm32wbxx_ll_rcc.h **** /** @defgroup RCC_LL_EC_PLLSAI1R  PLLSAI1 division factor (PLLR)
 814:Drivers/STM32WBxx_HAL_Driver/Inc/stm32wbxx_ll_rcc.h ****   * @{
 815:Drivers/STM32WBxx_HAL_Driver/Inc/stm32wbxx_ll_rcc.h ****   */
 816:Drivers/STM32WBxx_HAL_Driver/Inc/stm32wbxx_ll_rcc.h **** #define LL_RCC_PLLSAI1R_DIV_2              (RCC_PLLSAI1CFGR_PLLR_0)                                
 817:Drivers/STM32WBxx_HAL_Driver/Inc/stm32wbxx_ll_rcc.h **** #define LL_RCC_PLLSAI1R_DIV_3              (RCC_PLLSAI1CFGR_PLLR_1)                                
 818:Drivers/STM32WBxx_HAL_Driver/Inc/stm32wbxx_ll_rcc.h **** #define LL_RCC_PLLSAI1R_DIV_4              (RCC_PLLSAI1CFGR_PLLR_1 | RCC_PLLSAI1CFGR_PLLR_0)       
 819:Drivers/STM32WBxx_HAL_Driver/Inc/stm32wbxx_ll_rcc.h **** #define LL_RCC_PLLSAI1R_DIV_5              (RCC_PLLSAI1CFGR_PLLR_2)                                
 820:Drivers/STM32WBxx_HAL_Driver/Inc/stm32wbxx_ll_rcc.h **** #define LL_RCC_PLLSAI1R_DIV_6              (RCC_PLLSAI1CFGR_PLLR_2 | RCC_PLLSAI1CFGR_PLLR_0)       
 821:Drivers/STM32WBxx_HAL_Driver/Inc/stm32wbxx_ll_rcc.h **** #define LL_RCC_PLLSAI1R_DIV_7              (RCC_PLLSAI1CFGR_PLLR_2 | RCC_PLLSAI1CFGR_PLLR_1)       
ARM GAS  C:\Users\843E~1\AppData\Local\Temp\cc5PNIRY.s 			page 52


 822:Drivers/STM32WBxx_HAL_Driver/Inc/stm32wbxx_ll_rcc.h **** #define LL_RCC_PLLSAI1R_DIV_8              (RCC_PLLSAI1CFGR_PLLR_2 | RCC_PLLSAI1CFGR_PLLR_1 | RCC_P
 823:Drivers/STM32WBxx_HAL_Driver/Inc/stm32wbxx_ll_rcc.h **** /**
 824:Drivers/STM32WBxx_HAL_Driver/Inc/stm32wbxx_ll_rcc.h ****   * @}
 825:Drivers/STM32WBxx_HAL_Driver/Inc/stm32wbxx_ll_rcc.h ****   */
 826:Drivers/STM32WBxx_HAL_Driver/Inc/stm32wbxx_ll_rcc.h **** #endif /* SAI1 */
 827:Drivers/STM32WBxx_HAL_Driver/Inc/stm32wbxx_ll_rcc.h **** 
 828:Drivers/STM32WBxx_HAL_Driver/Inc/stm32wbxx_ll_rcc.h **** /**
 829:Drivers/STM32WBxx_HAL_Driver/Inc/stm32wbxx_ll_rcc.h ****   * @}
 830:Drivers/STM32WBxx_HAL_Driver/Inc/stm32wbxx_ll_rcc.h ****   */
 831:Drivers/STM32WBxx_HAL_Driver/Inc/stm32wbxx_ll_rcc.h **** 
 832:Drivers/STM32WBxx_HAL_Driver/Inc/stm32wbxx_ll_rcc.h **** /* Exported macro ------------------------------------------------------------*/
 833:Drivers/STM32WBxx_HAL_Driver/Inc/stm32wbxx_ll_rcc.h **** /** @defgroup RCC_LL_Exported_Macros RCC Exported Macros
 834:Drivers/STM32WBxx_HAL_Driver/Inc/stm32wbxx_ll_rcc.h ****   * @{
 835:Drivers/STM32WBxx_HAL_Driver/Inc/stm32wbxx_ll_rcc.h ****   */
 836:Drivers/STM32WBxx_HAL_Driver/Inc/stm32wbxx_ll_rcc.h **** 
 837:Drivers/STM32WBxx_HAL_Driver/Inc/stm32wbxx_ll_rcc.h **** /** @defgroup RCC_LL_EM_WRITE_READ Common Write and read registers Macros
 838:Drivers/STM32WBxx_HAL_Driver/Inc/stm32wbxx_ll_rcc.h ****   * @{
 839:Drivers/STM32WBxx_HAL_Driver/Inc/stm32wbxx_ll_rcc.h ****   */
 840:Drivers/STM32WBxx_HAL_Driver/Inc/stm32wbxx_ll_rcc.h **** 
 841:Drivers/STM32WBxx_HAL_Driver/Inc/stm32wbxx_ll_rcc.h **** /**
 842:Drivers/STM32WBxx_HAL_Driver/Inc/stm32wbxx_ll_rcc.h ****   * @brief  Write a value in RCC register
 843:Drivers/STM32WBxx_HAL_Driver/Inc/stm32wbxx_ll_rcc.h ****   * @param  __REG__ Register to be written
 844:Drivers/STM32WBxx_HAL_Driver/Inc/stm32wbxx_ll_rcc.h ****   * @param  __VALUE__ Value to be written in the register
 845:Drivers/STM32WBxx_HAL_Driver/Inc/stm32wbxx_ll_rcc.h ****   * @retval None
 846:Drivers/STM32WBxx_HAL_Driver/Inc/stm32wbxx_ll_rcc.h ****   */
 847:Drivers/STM32WBxx_HAL_Driver/Inc/stm32wbxx_ll_rcc.h **** #define LL_RCC_WriteReg(__REG__, __VALUE__) WRITE_REG(RCC->__REG__, (__VALUE__))
 848:Drivers/STM32WBxx_HAL_Driver/Inc/stm32wbxx_ll_rcc.h **** 
 849:Drivers/STM32WBxx_HAL_Driver/Inc/stm32wbxx_ll_rcc.h **** /**
 850:Drivers/STM32WBxx_HAL_Driver/Inc/stm32wbxx_ll_rcc.h ****   * @brief  Read a value in RCC register
 851:Drivers/STM32WBxx_HAL_Driver/Inc/stm32wbxx_ll_rcc.h ****   * @param  __REG__ Register to be read
 852:Drivers/STM32WBxx_HAL_Driver/Inc/stm32wbxx_ll_rcc.h ****   * @retval Register value
 853:Drivers/STM32WBxx_HAL_Driver/Inc/stm32wbxx_ll_rcc.h ****   */
 854:Drivers/STM32WBxx_HAL_Driver/Inc/stm32wbxx_ll_rcc.h **** #define LL_RCC_ReadReg(__REG__) READ_REG(RCC->__REG__)
 855:Drivers/STM32WBxx_HAL_Driver/Inc/stm32wbxx_ll_rcc.h **** /**
 856:Drivers/STM32WBxx_HAL_Driver/Inc/stm32wbxx_ll_rcc.h ****   * @}
 857:Drivers/STM32WBxx_HAL_Driver/Inc/stm32wbxx_ll_rcc.h ****   */
 858:Drivers/STM32WBxx_HAL_Driver/Inc/stm32wbxx_ll_rcc.h **** 
 859:Drivers/STM32WBxx_HAL_Driver/Inc/stm32wbxx_ll_rcc.h **** /** @defgroup RCC_LL_EM_CALC_FREQ Calculate frequencies
 860:Drivers/STM32WBxx_HAL_Driver/Inc/stm32wbxx_ll_rcc.h ****   * @{
 861:Drivers/STM32WBxx_HAL_Driver/Inc/stm32wbxx_ll_rcc.h ****   */
 862:Drivers/STM32WBxx_HAL_Driver/Inc/stm32wbxx_ll_rcc.h **** 
 863:Drivers/STM32WBxx_HAL_Driver/Inc/stm32wbxx_ll_rcc.h **** /**
 864:Drivers/STM32WBxx_HAL_Driver/Inc/stm32wbxx_ll_rcc.h ****   * @brief  Helper macro to calculate the PLLRCLK frequency on system domain
 865:Drivers/STM32WBxx_HAL_Driver/Inc/stm32wbxx_ll_rcc.h ****   * @note ex: @ref __LL_RCC_CALC_PLLCLK_FREQ (HSE_VALUE,@ref LL_RCC_PLL_GetDivider (),
 866:Drivers/STM32WBxx_HAL_Driver/Inc/stm32wbxx_ll_rcc.h ****   *             @ref LL_RCC_PLL_GetN (), @ref LL_RCC_PLL_GetR ());
 867:Drivers/STM32WBxx_HAL_Driver/Inc/stm32wbxx_ll_rcc.h ****   * @param  __INPUTFREQ__ PLL Input frequency (based on MSI/HSE/HSI)
 868:Drivers/STM32WBxx_HAL_Driver/Inc/stm32wbxx_ll_rcc.h ****   * @param  __PLLM__ This parameter can be one of the following values:
 869:Drivers/STM32WBxx_HAL_Driver/Inc/stm32wbxx_ll_rcc.h ****   *         @arg @ref LL_RCC_PLLM_DIV_1
 870:Drivers/STM32WBxx_HAL_Driver/Inc/stm32wbxx_ll_rcc.h ****   *         @arg @ref LL_RCC_PLLM_DIV_2
 871:Drivers/STM32WBxx_HAL_Driver/Inc/stm32wbxx_ll_rcc.h ****   *         @arg @ref LL_RCC_PLLM_DIV_3
 872:Drivers/STM32WBxx_HAL_Driver/Inc/stm32wbxx_ll_rcc.h ****   *         @arg @ref LL_RCC_PLLM_DIV_4
 873:Drivers/STM32WBxx_HAL_Driver/Inc/stm32wbxx_ll_rcc.h ****   *         @arg @ref LL_RCC_PLLM_DIV_5
 874:Drivers/STM32WBxx_HAL_Driver/Inc/stm32wbxx_ll_rcc.h ****   *         @arg @ref LL_RCC_PLLM_DIV_6
 875:Drivers/STM32WBxx_HAL_Driver/Inc/stm32wbxx_ll_rcc.h ****   *         @arg @ref LL_RCC_PLLM_DIV_7
 876:Drivers/STM32WBxx_HAL_Driver/Inc/stm32wbxx_ll_rcc.h ****   *         @arg @ref LL_RCC_PLLM_DIV_8
 877:Drivers/STM32WBxx_HAL_Driver/Inc/stm32wbxx_ll_rcc.h ****   * @param  __PLLN__ Between Min_Data = 6 and Max_Data = 127
 878:Drivers/STM32WBxx_HAL_Driver/Inc/stm32wbxx_ll_rcc.h ****   * @param  __PLLR__ This parameter can be one of the following values:
ARM GAS  C:\Users\843E~1\AppData\Local\Temp\cc5PNIRY.s 			page 53


 879:Drivers/STM32WBxx_HAL_Driver/Inc/stm32wbxx_ll_rcc.h ****   *         @arg @ref LL_RCC_PLLR_DIV_2
 880:Drivers/STM32WBxx_HAL_Driver/Inc/stm32wbxx_ll_rcc.h ****   *         @arg @ref LL_RCC_PLLR_DIV_3
 881:Drivers/STM32WBxx_HAL_Driver/Inc/stm32wbxx_ll_rcc.h ****   *         @arg @ref LL_RCC_PLLR_DIV_4
 882:Drivers/STM32WBxx_HAL_Driver/Inc/stm32wbxx_ll_rcc.h ****   *         @arg @ref LL_RCC_PLLR_DIV_5
 883:Drivers/STM32WBxx_HAL_Driver/Inc/stm32wbxx_ll_rcc.h ****   *         @arg @ref LL_RCC_PLLR_DIV_6
 884:Drivers/STM32WBxx_HAL_Driver/Inc/stm32wbxx_ll_rcc.h ****   *         @arg @ref LL_RCC_PLLR_DIV_7
 885:Drivers/STM32WBxx_HAL_Driver/Inc/stm32wbxx_ll_rcc.h ****   *         @arg @ref LL_RCC_PLLR_DIV_8
 886:Drivers/STM32WBxx_HAL_Driver/Inc/stm32wbxx_ll_rcc.h ****   * @retval PLL clock frequency (in Hz)
 887:Drivers/STM32WBxx_HAL_Driver/Inc/stm32wbxx_ll_rcc.h ****   */
 888:Drivers/STM32WBxx_HAL_Driver/Inc/stm32wbxx_ll_rcc.h **** #define __LL_RCC_CALC_PLLCLK_FREQ(__INPUTFREQ__, __PLLM__, __PLLN__, __PLLR__) ((__INPUTFREQ__) * (
 889:Drivers/STM32WBxx_HAL_Driver/Inc/stm32wbxx_ll_rcc.h ****                                                                                 (((__PLLR__) >> RCC
 890:Drivers/STM32WBxx_HAL_Driver/Inc/stm32wbxx_ll_rcc.h **** 
 891:Drivers/STM32WBxx_HAL_Driver/Inc/stm32wbxx_ll_rcc.h **** #if defined(SAI1)
 892:Drivers/STM32WBxx_HAL_Driver/Inc/stm32wbxx_ll_rcc.h **** /**
 893:Drivers/STM32WBxx_HAL_Driver/Inc/stm32wbxx_ll_rcc.h ****   * @brief  Helper macro to calculate the PLLPCLK frequency used on SAI domain
 894:Drivers/STM32WBxx_HAL_Driver/Inc/stm32wbxx_ll_rcc.h ****   * @note ex: @ref __LL_RCC_CALC_PLLCLK_SAI_FREQ (HSE_VALUE,@ref LL_RCC_PLL_GetDivider (),
 895:Drivers/STM32WBxx_HAL_Driver/Inc/stm32wbxx_ll_rcc.h ****   *             @ref LL_RCC_PLL_GetN (), @ref LL_RCC_PLL_GetP ());
 896:Drivers/STM32WBxx_HAL_Driver/Inc/stm32wbxx_ll_rcc.h ****   * @param  __INPUTFREQ__ PLL Input frequency (based on MSI/HSE/HSI)
 897:Drivers/STM32WBxx_HAL_Driver/Inc/stm32wbxx_ll_rcc.h ****   * @param  __PLLM__ This parameter can be one of the following values:
 898:Drivers/STM32WBxx_HAL_Driver/Inc/stm32wbxx_ll_rcc.h ****   *         @arg @ref LL_RCC_PLLM_DIV_1
 899:Drivers/STM32WBxx_HAL_Driver/Inc/stm32wbxx_ll_rcc.h ****   *         @arg @ref LL_RCC_PLLM_DIV_2
 900:Drivers/STM32WBxx_HAL_Driver/Inc/stm32wbxx_ll_rcc.h ****   *         @arg @ref LL_RCC_PLLM_DIV_3
 901:Drivers/STM32WBxx_HAL_Driver/Inc/stm32wbxx_ll_rcc.h ****   *         @arg @ref LL_RCC_PLLM_DIV_4
 902:Drivers/STM32WBxx_HAL_Driver/Inc/stm32wbxx_ll_rcc.h ****   *         @arg @ref LL_RCC_PLLM_DIV_5
 903:Drivers/STM32WBxx_HAL_Driver/Inc/stm32wbxx_ll_rcc.h ****   *         @arg @ref LL_RCC_PLLM_DIV_6
 904:Drivers/STM32WBxx_HAL_Driver/Inc/stm32wbxx_ll_rcc.h ****   *         @arg @ref LL_RCC_PLLM_DIV_7
 905:Drivers/STM32WBxx_HAL_Driver/Inc/stm32wbxx_ll_rcc.h ****   *         @arg @ref LL_RCC_PLLM_DIV_8
 906:Drivers/STM32WBxx_HAL_Driver/Inc/stm32wbxx_ll_rcc.h ****   * @param  __PLLN__ Between Min_Data = 6 and Max_Data = 127
 907:Drivers/STM32WBxx_HAL_Driver/Inc/stm32wbxx_ll_rcc.h ****   * @param  __PLLP__ This parameter can be one of the following values:
 908:Drivers/STM32WBxx_HAL_Driver/Inc/stm32wbxx_ll_rcc.h ****   *         @arg @ref LL_RCC_PLLP_DIV_2
 909:Drivers/STM32WBxx_HAL_Driver/Inc/stm32wbxx_ll_rcc.h ****   *         @arg @ref LL_RCC_PLLP_DIV_3
 910:Drivers/STM32WBxx_HAL_Driver/Inc/stm32wbxx_ll_rcc.h ****   *         @arg @ref LL_RCC_PLLP_DIV_4
 911:Drivers/STM32WBxx_HAL_Driver/Inc/stm32wbxx_ll_rcc.h ****   *         @arg @ref LL_RCC_PLLP_DIV_5
 912:Drivers/STM32WBxx_HAL_Driver/Inc/stm32wbxx_ll_rcc.h ****   *         @arg @ref LL_RCC_PLLP_DIV_6
 913:Drivers/STM32WBxx_HAL_Driver/Inc/stm32wbxx_ll_rcc.h ****   *         @arg @ref LL_RCC_PLLP_DIV_7
 914:Drivers/STM32WBxx_HAL_Driver/Inc/stm32wbxx_ll_rcc.h ****   *         @arg @ref LL_RCC_PLLP_DIV_8
 915:Drivers/STM32WBxx_HAL_Driver/Inc/stm32wbxx_ll_rcc.h ****   *         @arg @ref LL_RCC_PLLP_DIV_9
 916:Drivers/STM32WBxx_HAL_Driver/Inc/stm32wbxx_ll_rcc.h ****   *         @arg @ref LL_RCC_PLLP_DIV_10
 917:Drivers/STM32WBxx_HAL_Driver/Inc/stm32wbxx_ll_rcc.h ****   *         @arg @ref LL_RCC_PLLP_DIV_11
 918:Drivers/STM32WBxx_HAL_Driver/Inc/stm32wbxx_ll_rcc.h ****   *         @arg @ref LL_RCC_PLLP_DIV_12
 919:Drivers/STM32WBxx_HAL_Driver/Inc/stm32wbxx_ll_rcc.h ****   *         @arg @ref LL_RCC_PLLP_DIV_13
 920:Drivers/STM32WBxx_HAL_Driver/Inc/stm32wbxx_ll_rcc.h ****   *         @arg @ref LL_RCC_PLLP_DIV_14
 921:Drivers/STM32WBxx_HAL_Driver/Inc/stm32wbxx_ll_rcc.h ****   *         @arg @ref LL_RCC_PLLP_DIV_15
 922:Drivers/STM32WBxx_HAL_Driver/Inc/stm32wbxx_ll_rcc.h ****   *         @arg @ref LL_RCC_PLLP_DIV_16
 923:Drivers/STM32WBxx_HAL_Driver/Inc/stm32wbxx_ll_rcc.h ****   *         @arg @ref LL_RCC_PLLP_DIV_17
 924:Drivers/STM32WBxx_HAL_Driver/Inc/stm32wbxx_ll_rcc.h ****   *         @arg @ref LL_RCC_PLLP_DIV_18
 925:Drivers/STM32WBxx_HAL_Driver/Inc/stm32wbxx_ll_rcc.h ****   *         @arg @ref LL_RCC_PLLP_DIV_19
 926:Drivers/STM32WBxx_HAL_Driver/Inc/stm32wbxx_ll_rcc.h ****   *         @arg @ref LL_RCC_PLLP_DIV_20
 927:Drivers/STM32WBxx_HAL_Driver/Inc/stm32wbxx_ll_rcc.h ****   *         @arg @ref LL_RCC_PLLP_DIV_21
 928:Drivers/STM32WBxx_HAL_Driver/Inc/stm32wbxx_ll_rcc.h ****   *         @arg @ref LL_RCC_PLLP_DIV_22
 929:Drivers/STM32WBxx_HAL_Driver/Inc/stm32wbxx_ll_rcc.h ****   *         @arg @ref LL_RCC_PLLP_DIV_23
 930:Drivers/STM32WBxx_HAL_Driver/Inc/stm32wbxx_ll_rcc.h ****   *         @arg @ref LL_RCC_PLLP_DIV_24
 931:Drivers/STM32WBxx_HAL_Driver/Inc/stm32wbxx_ll_rcc.h ****   *         @arg @ref LL_RCC_PLLP_DIV_25
 932:Drivers/STM32WBxx_HAL_Driver/Inc/stm32wbxx_ll_rcc.h ****   *         @arg @ref LL_RCC_PLLP_DIV_26
 933:Drivers/STM32WBxx_HAL_Driver/Inc/stm32wbxx_ll_rcc.h ****   *         @arg @ref LL_RCC_PLLP_DIV_27
 934:Drivers/STM32WBxx_HAL_Driver/Inc/stm32wbxx_ll_rcc.h ****   *         @arg @ref LL_RCC_PLLP_DIV_28
 935:Drivers/STM32WBxx_HAL_Driver/Inc/stm32wbxx_ll_rcc.h ****   *         @arg @ref LL_RCC_PLLP_DIV_29
ARM GAS  C:\Users\843E~1\AppData\Local\Temp\cc5PNIRY.s 			page 54


 936:Drivers/STM32WBxx_HAL_Driver/Inc/stm32wbxx_ll_rcc.h ****   *         @arg @ref LL_RCC_PLLP_DIV_30
 937:Drivers/STM32WBxx_HAL_Driver/Inc/stm32wbxx_ll_rcc.h ****   *         @arg @ref LL_RCC_PLLP_DIV_31
 938:Drivers/STM32WBxx_HAL_Driver/Inc/stm32wbxx_ll_rcc.h ****   * @retval PLL clock frequency (in Hz)
 939:Drivers/STM32WBxx_HAL_Driver/Inc/stm32wbxx_ll_rcc.h ****   */
 940:Drivers/STM32WBxx_HAL_Driver/Inc/stm32wbxx_ll_rcc.h **** #define __LL_RCC_CALC_PLLCLK_SAI_FREQ(__INPUTFREQ__, __PLLM__, __PLLN__, __PLLP__) ((__INPUTFREQ__)
 941:Drivers/STM32WBxx_HAL_Driver/Inc/stm32wbxx_ll_rcc.h ****     (((__PLLP__) >> RCC_PLLCFGR_PLLP_Pos) + 1U))
 942:Drivers/STM32WBxx_HAL_Driver/Inc/stm32wbxx_ll_rcc.h **** #endif /* SAI1 */
 943:Drivers/STM32WBxx_HAL_Driver/Inc/stm32wbxx_ll_rcc.h **** 
 944:Drivers/STM32WBxx_HAL_Driver/Inc/stm32wbxx_ll_rcc.h **** /**
 945:Drivers/STM32WBxx_HAL_Driver/Inc/stm32wbxx_ll_rcc.h ****   * @brief  Helper macro to calculate the PLLPCLK frequency used on ADC domain
 946:Drivers/STM32WBxx_HAL_Driver/Inc/stm32wbxx_ll_rcc.h ****   * @note ex: @ref __LL_RCC_CALC_PLLCLK_ADC_FREQ (HSE_VALUE,@ref LL_RCC_PLL_GetDivider (),
 947:Drivers/STM32WBxx_HAL_Driver/Inc/stm32wbxx_ll_rcc.h ****   *             @ref LL_RCC_PLL_GetN (), @ref LL_RCC_PLL_GetP ());
 948:Drivers/STM32WBxx_HAL_Driver/Inc/stm32wbxx_ll_rcc.h ****   * @param  __INPUTFREQ__ PLL Input frequency (based on MSI/HSE/HSI)
 949:Drivers/STM32WBxx_HAL_Driver/Inc/stm32wbxx_ll_rcc.h ****   * @param  __PLLM__ This parameter can be one of the following values:
 950:Drivers/STM32WBxx_HAL_Driver/Inc/stm32wbxx_ll_rcc.h ****   *         @arg @ref LL_RCC_PLLM_DIV_1
 951:Drivers/STM32WBxx_HAL_Driver/Inc/stm32wbxx_ll_rcc.h ****   *         @arg @ref LL_RCC_PLLM_DIV_2
 952:Drivers/STM32WBxx_HAL_Driver/Inc/stm32wbxx_ll_rcc.h ****   *         @arg @ref LL_RCC_PLLM_DIV_3
 953:Drivers/STM32WBxx_HAL_Driver/Inc/stm32wbxx_ll_rcc.h ****   *         @arg @ref LL_RCC_PLLM_DIV_4
 954:Drivers/STM32WBxx_HAL_Driver/Inc/stm32wbxx_ll_rcc.h ****   *         @arg @ref LL_RCC_PLLM_DIV_5
 955:Drivers/STM32WBxx_HAL_Driver/Inc/stm32wbxx_ll_rcc.h ****   *         @arg @ref LL_RCC_PLLM_DIV_6
 956:Drivers/STM32WBxx_HAL_Driver/Inc/stm32wbxx_ll_rcc.h ****   *         @arg @ref LL_RCC_PLLM_DIV_7
 957:Drivers/STM32WBxx_HAL_Driver/Inc/stm32wbxx_ll_rcc.h ****   *         @arg @ref LL_RCC_PLLM_DIV_8
 958:Drivers/STM32WBxx_HAL_Driver/Inc/stm32wbxx_ll_rcc.h ****   * @param  __PLLN__ Between Min_Data = 6 and Max_Data = 127
 959:Drivers/STM32WBxx_HAL_Driver/Inc/stm32wbxx_ll_rcc.h ****   * @param  __PLLP__ This parameter can be one of the following values:
 960:Drivers/STM32WBxx_HAL_Driver/Inc/stm32wbxx_ll_rcc.h ****   *         @arg @ref LL_RCC_PLLP_DIV_2
 961:Drivers/STM32WBxx_HAL_Driver/Inc/stm32wbxx_ll_rcc.h ****   *         @arg @ref LL_RCC_PLLP_DIV_3
 962:Drivers/STM32WBxx_HAL_Driver/Inc/stm32wbxx_ll_rcc.h ****   *         @arg @ref LL_RCC_PLLP_DIV_4
 963:Drivers/STM32WBxx_HAL_Driver/Inc/stm32wbxx_ll_rcc.h ****   *         @arg @ref LL_RCC_PLLP_DIV_5
 964:Drivers/STM32WBxx_HAL_Driver/Inc/stm32wbxx_ll_rcc.h ****   *         @arg @ref LL_RCC_PLLP_DIV_6
 965:Drivers/STM32WBxx_HAL_Driver/Inc/stm32wbxx_ll_rcc.h ****   *         @arg @ref LL_RCC_PLLP_DIV_7
 966:Drivers/STM32WBxx_HAL_Driver/Inc/stm32wbxx_ll_rcc.h ****   *         @arg @ref LL_RCC_PLLP_DIV_8
 967:Drivers/STM32WBxx_HAL_Driver/Inc/stm32wbxx_ll_rcc.h ****   *         @arg @ref LL_RCC_PLLP_DIV_9
 968:Drivers/STM32WBxx_HAL_Driver/Inc/stm32wbxx_ll_rcc.h ****   *         @arg @ref LL_RCC_PLLP_DIV_10
 969:Drivers/STM32WBxx_HAL_Driver/Inc/stm32wbxx_ll_rcc.h ****   *         @arg @ref LL_RCC_PLLP_DIV_11
 970:Drivers/STM32WBxx_HAL_Driver/Inc/stm32wbxx_ll_rcc.h ****   *         @arg @ref LL_RCC_PLLP_DIV_12
 971:Drivers/STM32WBxx_HAL_Driver/Inc/stm32wbxx_ll_rcc.h ****   *         @arg @ref LL_RCC_PLLP_DIV_13
 972:Drivers/STM32WBxx_HAL_Driver/Inc/stm32wbxx_ll_rcc.h ****   *         @arg @ref LL_RCC_PLLP_DIV_14
 973:Drivers/STM32WBxx_HAL_Driver/Inc/stm32wbxx_ll_rcc.h ****   *         @arg @ref LL_RCC_PLLP_DIV_15
 974:Drivers/STM32WBxx_HAL_Driver/Inc/stm32wbxx_ll_rcc.h ****   *         @arg @ref LL_RCC_PLLP_DIV_16
 975:Drivers/STM32WBxx_HAL_Driver/Inc/stm32wbxx_ll_rcc.h ****   *         @arg @ref LL_RCC_PLLP_DIV_17
 976:Drivers/STM32WBxx_HAL_Driver/Inc/stm32wbxx_ll_rcc.h ****   *         @arg @ref LL_RCC_PLLP_DIV_18
 977:Drivers/STM32WBxx_HAL_Driver/Inc/stm32wbxx_ll_rcc.h ****   *         @arg @ref LL_RCC_PLLP_DIV_19
 978:Drivers/STM32WBxx_HAL_Driver/Inc/stm32wbxx_ll_rcc.h ****   *         @arg @ref LL_RCC_PLLP_DIV_20
 979:Drivers/STM32WBxx_HAL_Driver/Inc/stm32wbxx_ll_rcc.h ****   *         @arg @ref LL_RCC_PLLP_DIV_21
 980:Drivers/STM32WBxx_HAL_Driver/Inc/stm32wbxx_ll_rcc.h ****   *         @arg @ref LL_RCC_PLLP_DIV_22
 981:Drivers/STM32WBxx_HAL_Driver/Inc/stm32wbxx_ll_rcc.h ****   *         @arg @ref LL_RCC_PLLP_DIV_23
 982:Drivers/STM32WBxx_HAL_Driver/Inc/stm32wbxx_ll_rcc.h ****   *         @arg @ref LL_RCC_PLLP_DIV_24
 983:Drivers/STM32WBxx_HAL_Driver/Inc/stm32wbxx_ll_rcc.h ****   *         @arg @ref LL_RCC_PLLP_DIV_25
 984:Drivers/STM32WBxx_HAL_Driver/Inc/stm32wbxx_ll_rcc.h ****   *         @arg @ref LL_RCC_PLLP_DIV_26
 985:Drivers/STM32WBxx_HAL_Driver/Inc/stm32wbxx_ll_rcc.h ****   *         @arg @ref LL_RCC_PLLP_DIV_27
 986:Drivers/STM32WBxx_HAL_Driver/Inc/stm32wbxx_ll_rcc.h ****   *         @arg @ref LL_RCC_PLLP_DIV_28
 987:Drivers/STM32WBxx_HAL_Driver/Inc/stm32wbxx_ll_rcc.h ****   *         @arg @ref LL_RCC_PLLP_DIV_29
 988:Drivers/STM32WBxx_HAL_Driver/Inc/stm32wbxx_ll_rcc.h ****   *         @arg @ref LL_RCC_PLLP_DIV_30
 989:Drivers/STM32WBxx_HAL_Driver/Inc/stm32wbxx_ll_rcc.h ****   *         @arg @ref LL_RCC_PLLP_DIV_31
 990:Drivers/STM32WBxx_HAL_Driver/Inc/stm32wbxx_ll_rcc.h ****   *         @arg @ref LL_RCC_PLLP_DIV_32
 991:Drivers/STM32WBxx_HAL_Driver/Inc/stm32wbxx_ll_rcc.h ****   * @retval PLL clock frequency (in Hz)
 992:Drivers/STM32WBxx_HAL_Driver/Inc/stm32wbxx_ll_rcc.h ****   */
ARM GAS  C:\Users\843E~1\AppData\Local\Temp\cc5PNIRY.s 			page 55


 993:Drivers/STM32WBxx_HAL_Driver/Inc/stm32wbxx_ll_rcc.h **** #define __LL_RCC_CALC_PLLCLK_ADC_FREQ(__INPUTFREQ__, __PLLM__, __PLLN__, __PLLP__) ((__INPUTFREQ__)
 994:Drivers/STM32WBxx_HAL_Driver/Inc/stm32wbxx_ll_rcc.h ****     (((__PLLP__) >> RCC_PLLCFGR_PLLP_Pos) + 1U))
 995:Drivers/STM32WBxx_HAL_Driver/Inc/stm32wbxx_ll_rcc.h **** 
 996:Drivers/STM32WBxx_HAL_Driver/Inc/stm32wbxx_ll_rcc.h **** 
 997:Drivers/STM32WBxx_HAL_Driver/Inc/stm32wbxx_ll_rcc.h **** /**
 998:Drivers/STM32WBxx_HAL_Driver/Inc/stm32wbxx_ll_rcc.h ****   * @brief  Helper macro to calculate the PLLQCLK frequency used on 48M domain
 999:Drivers/STM32WBxx_HAL_Driver/Inc/stm32wbxx_ll_rcc.h ****   * @note ex: @ref __LL_RCC_CALC_PLLCLK_48M_FREQ (HSE_VALUE,@ref LL_RCC_PLL_GetDivider (),
1000:Drivers/STM32WBxx_HAL_Driver/Inc/stm32wbxx_ll_rcc.h ****   *             @ref LL_RCC_PLL_GetN (), @ref LL_RCC_PLL_GetQ ());
1001:Drivers/STM32WBxx_HAL_Driver/Inc/stm32wbxx_ll_rcc.h ****   * @param  __INPUTFREQ__ PLL Input frequency (based on MSI/HSE/HSI)
1002:Drivers/STM32WBxx_HAL_Driver/Inc/stm32wbxx_ll_rcc.h ****   * @param  __PLLM__ This parameter can be one of the following values:
1003:Drivers/STM32WBxx_HAL_Driver/Inc/stm32wbxx_ll_rcc.h ****   *         @arg @ref LL_RCC_PLLM_DIV_1
1004:Drivers/STM32WBxx_HAL_Driver/Inc/stm32wbxx_ll_rcc.h ****   *         @arg @ref LL_RCC_PLLM_DIV_2
1005:Drivers/STM32WBxx_HAL_Driver/Inc/stm32wbxx_ll_rcc.h ****   *         @arg @ref LL_RCC_PLLM_DIV_3
1006:Drivers/STM32WBxx_HAL_Driver/Inc/stm32wbxx_ll_rcc.h ****   *         @arg @ref LL_RCC_PLLM_DIV_4
1007:Drivers/STM32WBxx_HAL_Driver/Inc/stm32wbxx_ll_rcc.h ****   *         @arg @ref LL_RCC_PLLM_DIV_5
1008:Drivers/STM32WBxx_HAL_Driver/Inc/stm32wbxx_ll_rcc.h ****   *         @arg @ref LL_RCC_PLLM_DIV_6
1009:Drivers/STM32WBxx_HAL_Driver/Inc/stm32wbxx_ll_rcc.h ****   *         @arg @ref LL_RCC_PLLM_DIV_7
1010:Drivers/STM32WBxx_HAL_Driver/Inc/stm32wbxx_ll_rcc.h ****   *         @arg @ref LL_RCC_PLLM_DIV_8
1011:Drivers/STM32WBxx_HAL_Driver/Inc/stm32wbxx_ll_rcc.h ****   * @param  __PLLN__ Between Min_Data = 6 and Max_Data = 127
1012:Drivers/STM32WBxx_HAL_Driver/Inc/stm32wbxx_ll_rcc.h ****   * @param  __PLLQ__ This parameter can be one of the following values:
1013:Drivers/STM32WBxx_HAL_Driver/Inc/stm32wbxx_ll_rcc.h ****   *         @arg @ref LL_RCC_PLLQ_DIV_2
1014:Drivers/STM32WBxx_HAL_Driver/Inc/stm32wbxx_ll_rcc.h ****   *         @arg @ref LL_RCC_PLLQ_DIV_3
1015:Drivers/STM32WBxx_HAL_Driver/Inc/stm32wbxx_ll_rcc.h ****   *         @arg @ref LL_RCC_PLLQ_DIV_4
1016:Drivers/STM32WBxx_HAL_Driver/Inc/stm32wbxx_ll_rcc.h ****   *         @arg @ref LL_RCC_PLLQ_DIV_5
1017:Drivers/STM32WBxx_HAL_Driver/Inc/stm32wbxx_ll_rcc.h ****   *         @arg @ref LL_RCC_PLLQ_DIV_6
1018:Drivers/STM32WBxx_HAL_Driver/Inc/stm32wbxx_ll_rcc.h ****   *         @arg @ref LL_RCC_PLLQ_DIV_7
1019:Drivers/STM32WBxx_HAL_Driver/Inc/stm32wbxx_ll_rcc.h ****   *         @arg @ref LL_RCC_PLLQ_DIV_8
1020:Drivers/STM32WBxx_HAL_Driver/Inc/stm32wbxx_ll_rcc.h ****   * @retval PLL clock frequency (in Hz)
1021:Drivers/STM32WBxx_HAL_Driver/Inc/stm32wbxx_ll_rcc.h ****   */
1022:Drivers/STM32WBxx_HAL_Driver/Inc/stm32wbxx_ll_rcc.h **** #define __LL_RCC_CALC_PLLCLK_48M_FREQ(__INPUTFREQ__, __PLLM__, __PLLN__, __PLLQ__) ((__INPUTFREQ__)
1023:Drivers/STM32WBxx_HAL_Driver/Inc/stm32wbxx_ll_rcc.h ****     (((__PLLQ__) >> RCC_PLLCFGR_PLLQ_Pos) + 1U))
1024:Drivers/STM32WBxx_HAL_Driver/Inc/stm32wbxx_ll_rcc.h **** 
1025:Drivers/STM32WBxx_HAL_Driver/Inc/stm32wbxx_ll_rcc.h **** #if defined(SAI1)
1026:Drivers/STM32WBxx_HAL_Driver/Inc/stm32wbxx_ll_rcc.h **** /**
1027:Drivers/STM32WBxx_HAL_Driver/Inc/stm32wbxx_ll_rcc.h ****   * @brief  Helper macro to calculate the PLLSAI1PCLK frequency used for SAI domain
1028:Drivers/STM32WBxx_HAL_Driver/Inc/stm32wbxx_ll_rcc.h ****   * @note ex: @ref __LL_RCC_CALC_PLLSAI1_SAI_FREQ (HSE_VALUE,@ref LL_RCC_PLL_GetDivider (),
1029:Drivers/STM32WBxx_HAL_Driver/Inc/stm32wbxx_ll_rcc.h ****   *             @ref LL_RCC_PLLSAI1_GetN (), @ref LL_RCC_PLLSAI1_GetP ());
1030:Drivers/STM32WBxx_HAL_Driver/Inc/stm32wbxx_ll_rcc.h ****   * @param  __INPUTFREQ__ PLL Input frequency (based on MSI/HSE/HSI)
1031:Drivers/STM32WBxx_HAL_Driver/Inc/stm32wbxx_ll_rcc.h ****   * @param  __PLLM__ This parameter can be one of the following values:
1032:Drivers/STM32WBxx_HAL_Driver/Inc/stm32wbxx_ll_rcc.h ****   *         @arg @ref LL_RCC_PLLM_DIV_1
1033:Drivers/STM32WBxx_HAL_Driver/Inc/stm32wbxx_ll_rcc.h ****   *         @arg @ref LL_RCC_PLLM_DIV_2
1034:Drivers/STM32WBxx_HAL_Driver/Inc/stm32wbxx_ll_rcc.h ****   *         @arg @ref LL_RCC_PLLM_DIV_3
1035:Drivers/STM32WBxx_HAL_Driver/Inc/stm32wbxx_ll_rcc.h ****   *         @arg @ref LL_RCC_PLLM_DIV_4
1036:Drivers/STM32WBxx_HAL_Driver/Inc/stm32wbxx_ll_rcc.h ****   *         @arg @ref LL_RCC_PLLM_DIV_5
1037:Drivers/STM32WBxx_HAL_Driver/Inc/stm32wbxx_ll_rcc.h ****   *         @arg @ref LL_RCC_PLLM_DIV_6
1038:Drivers/STM32WBxx_HAL_Driver/Inc/stm32wbxx_ll_rcc.h ****   *         @arg @ref LL_RCC_PLLM_DIV_7
1039:Drivers/STM32WBxx_HAL_Driver/Inc/stm32wbxx_ll_rcc.h ****   *         @arg @ref LL_RCC_PLLM_DIV_8
1040:Drivers/STM32WBxx_HAL_Driver/Inc/stm32wbxx_ll_rcc.h ****   * @param  __PLLSAI1N__ Between 6 and 127
1041:Drivers/STM32WBxx_HAL_Driver/Inc/stm32wbxx_ll_rcc.h ****   * @param  __PLLSAI1P__ This parameter can be one of the following values:
1042:Drivers/STM32WBxx_HAL_Driver/Inc/stm32wbxx_ll_rcc.h ****   *         @arg @ref LL_RCC_PLLSAI1P_DIV_2
1043:Drivers/STM32WBxx_HAL_Driver/Inc/stm32wbxx_ll_rcc.h ****   *         @arg @ref LL_RCC_PLLSAI1P_DIV_3
1044:Drivers/STM32WBxx_HAL_Driver/Inc/stm32wbxx_ll_rcc.h ****   *         @arg @ref LL_RCC_PLLSAI1P_DIV_4
1045:Drivers/STM32WBxx_HAL_Driver/Inc/stm32wbxx_ll_rcc.h ****   *         @arg @ref LL_RCC_PLLSAI1P_DIV_5
1046:Drivers/STM32WBxx_HAL_Driver/Inc/stm32wbxx_ll_rcc.h ****   *         @arg @ref LL_RCC_PLLSAI1P_DIV_6
1047:Drivers/STM32WBxx_HAL_Driver/Inc/stm32wbxx_ll_rcc.h ****   *         @arg @ref LL_RCC_PLLSAI1P_DIV_7
1048:Drivers/STM32WBxx_HAL_Driver/Inc/stm32wbxx_ll_rcc.h ****   *         @arg @ref LL_RCC_PLLSAI1P_DIV_8
1049:Drivers/STM32WBxx_HAL_Driver/Inc/stm32wbxx_ll_rcc.h ****   *         @arg @ref LL_RCC_PLLSAI1P_DIV_9
ARM GAS  C:\Users\843E~1\AppData\Local\Temp\cc5PNIRY.s 			page 56


1050:Drivers/STM32WBxx_HAL_Driver/Inc/stm32wbxx_ll_rcc.h ****   *         @arg @ref LL_RCC_PLLSAI1P_DIV_10
1051:Drivers/STM32WBxx_HAL_Driver/Inc/stm32wbxx_ll_rcc.h ****   *         @arg @ref LL_RCC_PLLSAI1P_DIV_11
1052:Drivers/STM32WBxx_HAL_Driver/Inc/stm32wbxx_ll_rcc.h ****   *         @arg @ref LL_RCC_PLLSAI1P_DIV_12
1053:Drivers/STM32WBxx_HAL_Driver/Inc/stm32wbxx_ll_rcc.h ****   *         @arg @ref LL_RCC_PLLSAI1P_DIV_13
1054:Drivers/STM32WBxx_HAL_Driver/Inc/stm32wbxx_ll_rcc.h ****   *         @arg @ref LL_RCC_PLLSAI1P_DIV_14
1055:Drivers/STM32WBxx_HAL_Driver/Inc/stm32wbxx_ll_rcc.h ****   *         @arg @ref LL_RCC_PLLSAI1P_DIV_15
1056:Drivers/STM32WBxx_HAL_Driver/Inc/stm32wbxx_ll_rcc.h ****   *         @arg @ref LL_RCC_PLLSAI1P_DIV_16
1057:Drivers/STM32WBxx_HAL_Driver/Inc/stm32wbxx_ll_rcc.h ****   *         @arg @ref LL_RCC_PLLSAI1P_DIV_17
1058:Drivers/STM32WBxx_HAL_Driver/Inc/stm32wbxx_ll_rcc.h ****   *         @arg @ref LL_RCC_PLLSAI1P_DIV_18
1059:Drivers/STM32WBxx_HAL_Driver/Inc/stm32wbxx_ll_rcc.h ****   *         @arg @ref LL_RCC_PLLSAI1P_DIV_19
1060:Drivers/STM32WBxx_HAL_Driver/Inc/stm32wbxx_ll_rcc.h ****   *         @arg @ref LL_RCC_PLLSAI1P_DIV_20
1061:Drivers/STM32WBxx_HAL_Driver/Inc/stm32wbxx_ll_rcc.h ****   *         @arg @ref LL_RCC_PLLSAI1P_DIV_21
1062:Drivers/STM32WBxx_HAL_Driver/Inc/stm32wbxx_ll_rcc.h ****   *         @arg @ref LL_RCC_PLLSAI1P_DIV_22
1063:Drivers/STM32WBxx_HAL_Driver/Inc/stm32wbxx_ll_rcc.h ****   *         @arg @ref LL_RCC_PLLSAI1P_DIV_23
1064:Drivers/STM32WBxx_HAL_Driver/Inc/stm32wbxx_ll_rcc.h ****   *         @arg @ref LL_RCC_PLLSAI1P_DIV_24
1065:Drivers/STM32WBxx_HAL_Driver/Inc/stm32wbxx_ll_rcc.h ****   *         @arg @ref LL_RCC_PLLSAI1P_DIV_25
1066:Drivers/STM32WBxx_HAL_Driver/Inc/stm32wbxx_ll_rcc.h ****   *         @arg @ref LL_RCC_PLLSAI1P_DIV_26
1067:Drivers/STM32WBxx_HAL_Driver/Inc/stm32wbxx_ll_rcc.h ****   *         @arg @ref LL_RCC_PLLSAI1P_DIV_27
1068:Drivers/STM32WBxx_HAL_Driver/Inc/stm32wbxx_ll_rcc.h ****   *         @arg @ref LL_RCC_PLLSAI1P_DIV_28
1069:Drivers/STM32WBxx_HAL_Driver/Inc/stm32wbxx_ll_rcc.h ****   *         @arg @ref LL_RCC_PLLSAI1P_DIV_29
1070:Drivers/STM32WBxx_HAL_Driver/Inc/stm32wbxx_ll_rcc.h ****   *         @arg @ref LL_RCC_PLLSAI1P_DIV_30
1071:Drivers/STM32WBxx_HAL_Driver/Inc/stm32wbxx_ll_rcc.h ****   *         @arg @ref LL_RCC_PLLSAI1P_DIV_31
1072:Drivers/STM32WBxx_HAL_Driver/Inc/stm32wbxx_ll_rcc.h ****   *         @arg @ref LL_RCC_PLLSAI1P_DIV_32
1073:Drivers/STM32WBxx_HAL_Driver/Inc/stm32wbxx_ll_rcc.h ****   * @retval PLLSAI1 clock frequency (in Hz)
1074:Drivers/STM32WBxx_HAL_Driver/Inc/stm32wbxx_ll_rcc.h ****   */
1075:Drivers/STM32WBxx_HAL_Driver/Inc/stm32wbxx_ll_rcc.h **** #define __LL_RCC_CALC_PLLSAI1_SAI_FREQ(__INPUTFREQ__, __PLLM__, __PLLSAI1N__, __PLLSAI1P__) \
1076:Drivers/STM32WBxx_HAL_Driver/Inc/stm32wbxx_ll_rcc.h ****   ((__INPUTFREQ__) * (__PLLSAI1N__)  / ((((__PLLM__)>> RCC_PLLCFGR_PLLM_Pos) + 1U)) / \
1077:Drivers/STM32WBxx_HAL_Driver/Inc/stm32wbxx_ll_rcc.h ****    (((__PLLSAI1P__) >> RCC_PLLSAI1CFGR_PLLP_Pos) + 1U))
1078:Drivers/STM32WBxx_HAL_Driver/Inc/stm32wbxx_ll_rcc.h **** 
1079:Drivers/STM32WBxx_HAL_Driver/Inc/stm32wbxx_ll_rcc.h **** /**
1080:Drivers/STM32WBxx_HAL_Driver/Inc/stm32wbxx_ll_rcc.h ****   * @brief  Helper macro to calculate the PLLSAI1QCLK frequency used on 48M domain
1081:Drivers/STM32WBxx_HAL_Driver/Inc/stm32wbxx_ll_rcc.h ****   * @note ex: @ref __LL_RCC_CALC_PLLSAI1_48M_FREQ (HSE_VALUE,@ref LL_RCC_PLL_GetDivider (),
1082:Drivers/STM32WBxx_HAL_Driver/Inc/stm32wbxx_ll_rcc.h ****   *             @ref LL_RCC_PLLSAI1_GetN (), @ref LL_RCC_PLLSAI1_GetQ ());
1083:Drivers/STM32WBxx_HAL_Driver/Inc/stm32wbxx_ll_rcc.h ****   * @param  __INPUTFREQ__ PLL Input frequency (based on MSI/HSE/HSI)
1084:Drivers/STM32WBxx_HAL_Driver/Inc/stm32wbxx_ll_rcc.h ****   * @param  __PLLM__ This parameter can be one of the following values:
1085:Drivers/STM32WBxx_HAL_Driver/Inc/stm32wbxx_ll_rcc.h ****   *         @arg @ref LL_RCC_PLLM_DIV_1
1086:Drivers/STM32WBxx_HAL_Driver/Inc/stm32wbxx_ll_rcc.h ****   *         @arg @ref LL_RCC_PLLM_DIV_2
1087:Drivers/STM32WBxx_HAL_Driver/Inc/stm32wbxx_ll_rcc.h ****   *         @arg @ref LL_RCC_PLLM_DIV_3
1088:Drivers/STM32WBxx_HAL_Driver/Inc/stm32wbxx_ll_rcc.h ****   *         @arg @ref LL_RCC_PLLM_DIV_4
1089:Drivers/STM32WBxx_HAL_Driver/Inc/stm32wbxx_ll_rcc.h ****   *         @arg @ref LL_RCC_PLLM_DIV_5
1090:Drivers/STM32WBxx_HAL_Driver/Inc/stm32wbxx_ll_rcc.h ****   *         @arg @ref LL_RCC_PLLM_DIV_6
1091:Drivers/STM32WBxx_HAL_Driver/Inc/stm32wbxx_ll_rcc.h ****   *         @arg @ref LL_RCC_PLLM_DIV_7
1092:Drivers/STM32WBxx_HAL_Driver/Inc/stm32wbxx_ll_rcc.h ****   *         @arg @ref LL_RCC_PLLM_DIV_8
1093:Drivers/STM32WBxx_HAL_Driver/Inc/stm32wbxx_ll_rcc.h ****   * @param  __PLLSAI1N__ Between 6 and 127
1094:Drivers/STM32WBxx_HAL_Driver/Inc/stm32wbxx_ll_rcc.h ****   * @param  __PLLSAI1Q__ This parameter can be one of the following values:
1095:Drivers/STM32WBxx_HAL_Driver/Inc/stm32wbxx_ll_rcc.h ****   *         @arg @ref LL_RCC_PLLSAI1Q_DIV_2
1096:Drivers/STM32WBxx_HAL_Driver/Inc/stm32wbxx_ll_rcc.h ****   *         @arg @ref LL_RCC_PLLSAI1Q_DIV_3
1097:Drivers/STM32WBxx_HAL_Driver/Inc/stm32wbxx_ll_rcc.h ****   *         @arg @ref LL_RCC_PLLSAI1Q_DIV_4
1098:Drivers/STM32WBxx_HAL_Driver/Inc/stm32wbxx_ll_rcc.h ****   *         @arg @ref LL_RCC_PLLSAI1Q_DIV_5
1099:Drivers/STM32WBxx_HAL_Driver/Inc/stm32wbxx_ll_rcc.h ****   *         @arg @ref LL_RCC_PLLSAI1Q_DIV_6
1100:Drivers/STM32WBxx_HAL_Driver/Inc/stm32wbxx_ll_rcc.h ****   *         @arg @ref LL_RCC_PLLSAI1Q_DIV_7
1101:Drivers/STM32WBxx_HAL_Driver/Inc/stm32wbxx_ll_rcc.h ****   *         @arg @ref LL_RCC_PLLSAI1Q_DIV_8
1102:Drivers/STM32WBxx_HAL_Driver/Inc/stm32wbxx_ll_rcc.h ****   * @retval PLLSAI1 clock frequency (in Hz)
1103:Drivers/STM32WBxx_HAL_Driver/Inc/stm32wbxx_ll_rcc.h ****   */
1104:Drivers/STM32WBxx_HAL_Driver/Inc/stm32wbxx_ll_rcc.h **** #define __LL_RCC_CALC_PLLSAI1_48M_FREQ(__INPUTFREQ__, __PLLM__, __PLLSAI1N__, __PLLSAI1Q__) \
1105:Drivers/STM32WBxx_HAL_Driver/Inc/stm32wbxx_ll_rcc.h ****   ((__INPUTFREQ__) * (__PLLSAI1N__) / ((((__PLLM__)>> RCC_PLLCFGR_PLLM_Pos) + 1U)) / \
1106:Drivers/STM32WBxx_HAL_Driver/Inc/stm32wbxx_ll_rcc.h ****    (((__PLLSAI1Q__) >> RCC_PLLSAI1CFGR_PLLQ_Pos) + 1U))
ARM GAS  C:\Users\843E~1\AppData\Local\Temp\cc5PNIRY.s 			page 57


1107:Drivers/STM32WBxx_HAL_Driver/Inc/stm32wbxx_ll_rcc.h **** 
1108:Drivers/STM32WBxx_HAL_Driver/Inc/stm32wbxx_ll_rcc.h **** /**
1109:Drivers/STM32WBxx_HAL_Driver/Inc/stm32wbxx_ll_rcc.h ****   * @brief  Helper macro to calculate the PLLSAI1RCLK frequency used on ADC domain
1110:Drivers/STM32WBxx_HAL_Driver/Inc/stm32wbxx_ll_rcc.h ****   * @note ex: @ref __LL_RCC_CALC_PLLSAI1_ADC_FREQ (HSE_VALUE,@ref LL_RCC_PLL_GetDivider (),
1111:Drivers/STM32WBxx_HAL_Driver/Inc/stm32wbxx_ll_rcc.h ****   *             @ref LL_RCC_PLLSAI1_GetN (), @ref LL_RCC_PLLSAI1_GetR ());
1112:Drivers/STM32WBxx_HAL_Driver/Inc/stm32wbxx_ll_rcc.h ****   * @param  __INPUTFREQ__ PLL Input frequency (based on MSI/HSE/HSI)
1113:Drivers/STM32WBxx_HAL_Driver/Inc/stm32wbxx_ll_rcc.h ****   * @param  __PLLM__ This parameter can be one of the following values:
1114:Drivers/STM32WBxx_HAL_Driver/Inc/stm32wbxx_ll_rcc.h ****   *         @arg @ref LL_RCC_PLLM_DIV_1
1115:Drivers/STM32WBxx_HAL_Driver/Inc/stm32wbxx_ll_rcc.h ****   *         @arg @ref LL_RCC_PLLM_DIV_2
1116:Drivers/STM32WBxx_HAL_Driver/Inc/stm32wbxx_ll_rcc.h ****   *         @arg @ref LL_RCC_PLLM_DIV_3
1117:Drivers/STM32WBxx_HAL_Driver/Inc/stm32wbxx_ll_rcc.h ****   *         @arg @ref LL_RCC_PLLM_DIV_4
1118:Drivers/STM32WBxx_HAL_Driver/Inc/stm32wbxx_ll_rcc.h ****   *         @arg @ref LL_RCC_PLLM_DIV_5
1119:Drivers/STM32WBxx_HAL_Driver/Inc/stm32wbxx_ll_rcc.h ****   *         @arg @ref LL_RCC_PLLM_DIV_6
1120:Drivers/STM32WBxx_HAL_Driver/Inc/stm32wbxx_ll_rcc.h ****   *         @arg @ref LL_RCC_PLLM_DIV_7
1121:Drivers/STM32WBxx_HAL_Driver/Inc/stm32wbxx_ll_rcc.h ****   *         @arg @ref LL_RCC_PLLM_DIV_8
1122:Drivers/STM32WBxx_HAL_Driver/Inc/stm32wbxx_ll_rcc.h ****   * @param  __PLLSAI1N__ Between 6 and 127
1123:Drivers/STM32WBxx_HAL_Driver/Inc/stm32wbxx_ll_rcc.h ****   * @param  __PLLSAI1R__ This parameter can be one of the following values:
1124:Drivers/STM32WBxx_HAL_Driver/Inc/stm32wbxx_ll_rcc.h ****   *         @arg @ref LL_RCC_PLLSAI1R_DIV_2
1125:Drivers/STM32WBxx_HAL_Driver/Inc/stm32wbxx_ll_rcc.h ****   *         @arg @ref LL_RCC_PLLSAI1R_DIV_3
1126:Drivers/STM32WBxx_HAL_Driver/Inc/stm32wbxx_ll_rcc.h ****   *         @arg @ref LL_RCC_PLLSAI1R_DIV_4
1127:Drivers/STM32WBxx_HAL_Driver/Inc/stm32wbxx_ll_rcc.h ****   *         @arg @ref LL_RCC_PLLSAI1R_DIV_5
1128:Drivers/STM32WBxx_HAL_Driver/Inc/stm32wbxx_ll_rcc.h ****   *         @arg @ref LL_RCC_PLLSAI1R_DIV_6
1129:Drivers/STM32WBxx_HAL_Driver/Inc/stm32wbxx_ll_rcc.h ****   *         @arg @ref LL_RCC_PLLSAI1R_DIV_7
1130:Drivers/STM32WBxx_HAL_Driver/Inc/stm32wbxx_ll_rcc.h ****   *         @arg @ref LL_RCC_PLLSAI1R_DIV_8
1131:Drivers/STM32WBxx_HAL_Driver/Inc/stm32wbxx_ll_rcc.h ****   * @retval PLLSAI1 clock frequency (in Hz)
1132:Drivers/STM32WBxx_HAL_Driver/Inc/stm32wbxx_ll_rcc.h ****   */
1133:Drivers/STM32WBxx_HAL_Driver/Inc/stm32wbxx_ll_rcc.h **** #define __LL_RCC_CALC_PLLSAI1_ADC_FREQ(__INPUTFREQ__, __PLLM__, __PLLSAI1N__, __PLLSAI1R__) \
1134:Drivers/STM32WBxx_HAL_Driver/Inc/stm32wbxx_ll_rcc.h ****   ((__INPUTFREQ__) * (__PLLSAI1N__) / ((((__PLLM__)>> RCC_PLLCFGR_PLLM_Pos) + 1U)) / \
1135:Drivers/STM32WBxx_HAL_Driver/Inc/stm32wbxx_ll_rcc.h ****    (((__PLLSAI1R__) >> RCC_PLLSAI1CFGR_PLLR_Pos) + 1U))
1136:Drivers/STM32WBxx_HAL_Driver/Inc/stm32wbxx_ll_rcc.h **** #endif /* SAI1 */
1137:Drivers/STM32WBxx_HAL_Driver/Inc/stm32wbxx_ll_rcc.h **** 
1138:Drivers/STM32WBxx_HAL_Driver/Inc/stm32wbxx_ll_rcc.h **** /**
1139:Drivers/STM32WBxx_HAL_Driver/Inc/stm32wbxx_ll_rcc.h ****   * @brief  Helper macro to calculate the HCLK1 frequency
1140:Drivers/STM32WBxx_HAL_Driver/Inc/stm32wbxx_ll_rcc.h ****   * @param  __SYSCLKFREQ__ SYSCLK frequency (based on MSI/HSE/HSI/PLLCLK)
1141:Drivers/STM32WBxx_HAL_Driver/Inc/stm32wbxx_ll_rcc.h ****   * @param  __CPU1PRESCALER__ This parameter can be one of the following values:
1142:Drivers/STM32WBxx_HAL_Driver/Inc/stm32wbxx_ll_rcc.h ****   *         @arg @ref LL_RCC_SYSCLK_DIV_1
1143:Drivers/STM32WBxx_HAL_Driver/Inc/stm32wbxx_ll_rcc.h ****   *         @arg @ref LL_RCC_SYSCLK_DIV_2
1144:Drivers/STM32WBxx_HAL_Driver/Inc/stm32wbxx_ll_rcc.h ****   *         @arg @ref LL_RCC_SYSCLK_DIV_3
1145:Drivers/STM32WBxx_HAL_Driver/Inc/stm32wbxx_ll_rcc.h ****   *         @arg @ref LL_RCC_SYSCLK_DIV_4
1146:Drivers/STM32WBxx_HAL_Driver/Inc/stm32wbxx_ll_rcc.h ****   *         @arg @ref LL_RCC_SYSCLK_DIV_5
1147:Drivers/STM32WBxx_HAL_Driver/Inc/stm32wbxx_ll_rcc.h ****   *         @arg @ref LL_RCC_SYSCLK_DIV_6
1148:Drivers/STM32WBxx_HAL_Driver/Inc/stm32wbxx_ll_rcc.h ****   *         @arg @ref LL_RCC_SYSCLK_DIV_8
1149:Drivers/STM32WBxx_HAL_Driver/Inc/stm32wbxx_ll_rcc.h ****   *         @arg @ref LL_RCC_SYSCLK_DIV_10
1150:Drivers/STM32WBxx_HAL_Driver/Inc/stm32wbxx_ll_rcc.h ****   *         @arg @ref LL_RCC_SYSCLK_DIV_16
1151:Drivers/STM32WBxx_HAL_Driver/Inc/stm32wbxx_ll_rcc.h ****   *         @arg @ref LL_RCC_SYSCLK_DIV_32
1152:Drivers/STM32WBxx_HAL_Driver/Inc/stm32wbxx_ll_rcc.h ****   *         @arg @ref LL_RCC_SYSCLK_DIV_64
1153:Drivers/STM32WBxx_HAL_Driver/Inc/stm32wbxx_ll_rcc.h ****   *         @arg @ref LL_RCC_SYSCLK_DIV_128
1154:Drivers/STM32WBxx_HAL_Driver/Inc/stm32wbxx_ll_rcc.h ****   *         @arg @ref LL_RCC_SYSCLK_DIV_256
1155:Drivers/STM32WBxx_HAL_Driver/Inc/stm32wbxx_ll_rcc.h ****   *         @arg @ref LL_RCC_SYSCLK_DIV_512
1156:Drivers/STM32WBxx_HAL_Driver/Inc/stm32wbxx_ll_rcc.h ****   * @retval HCLK1 clock frequency (in Hz)
1157:Drivers/STM32WBxx_HAL_Driver/Inc/stm32wbxx_ll_rcc.h ****   */
1158:Drivers/STM32WBxx_HAL_Driver/Inc/stm32wbxx_ll_rcc.h **** #define __LL_RCC_CALC_HCLK1_FREQ(__SYSCLKFREQ__,__CPU1PRESCALER__) ((__SYSCLKFREQ__) / AHBPrescTabl
1159:Drivers/STM32WBxx_HAL_Driver/Inc/stm32wbxx_ll_rcc.h ****                                                                     & RCC_CFGR_HPRE) >>  RCC_CFGR_H
1160:Drivers/STM32WBxx_HAL_Driver/Inc/stm32wbxx_ll_rcc.h **** 
1161:Drivers/STM32WBxx_HAL_Driver/Inc/stm32wbxx_ll_rcc.h **** /**
1162:Drivers/STM32WBxx_HAL_Driver/Inc/stm32wbxx_ll_rcc.h ****   * @brief  Helper macro to calculate the HCLK2 frequency
1163:Drivers/STM32WBxx_HAL_Driver/Inc/stm32wbxx_ll_rcc.h ****   * @param  __SYSCLKFREQ__ SYSCLK frequency (based on MSI/HSE/HSI/PLLCLK)
ARM GAS  C:\Users\843E~1\AppData\Local\Temp\cc5PNIRY.s 			page 58


1164:Drivers/STM32WBxx_HAL_Driver/Inc/stm32wbxx_ll_rcc.h ****   * @param  __CPU2PRESCALER__ This parameter can be one of the following values:
1165:Drivers/STM32WBxx_HAL_Driver/Inc/stm32wbxx_ll_rcc.h ****   *         @arg @ref LL_RCC_SYSCLK_DIV_1
1166:Drivers/STM32WBxx_HAL_Driver/Inc/stm32wbxx_ll_rcc.h ****   *         @arg @ref LL_RCC_SYSCLK_DIV_2
1167:Drivers/STM32WBxx_HAL_Driver/Inc/stm32wbxx_ll_rcc.h ****   *         @arg @ref LL_RCC_SYSCLK_DIV_3
1168:Drivers/STM32WBxx_HAL_Driver/Inc/stm32wbxx_ll_rcc.h ****   *         @arg @ref LL_RCC_SYSCLK_DIV_4
1169:Drivers/STM32WBxx_HAL_Driver/Inc/stm32wbxx_ll_rcc.h ****   *         @arg @ref LL_RCC_SYSCLK_DIV_5
1170:Drivers/STM32WBxx_HAL_Driver/Inc/stm32wbxx_ll_rcc.h ****   *         @arg @ref LL_RCC_SYSCLK_DIV_6
1171:Drivers/STM32WBxx_HAL_Driver/Inc/stm32wbxx_ll_rcc.h ****   *         @arg @ref LL_RCC_SYSCLK_DIV_8
1172:Drivers/STM32WBxx_HAL_Driver/Inc/stm32wbxx_ll_rcc.h ****   *         @arg @ref LL_RCC_SYSCLK_DIV_10
1173:Drivers/STM32WBxx_HAL_Driver/Inc/stm32wbxx_ll_rcc.h ****   *         @arg @ref LL_RCC_SYSCLK_DIV_16
1174:Drivers/STM32WBxx_HAL_Driver/Inc/stm32wbxx_ll_rcc.h ****   *         @arg @ref LL_RCC_SYSCLK_DIV_32
1175:Drivers/STM32WBxx_HAL_Driver/Inc/stm32wbxx_ll_rcc.h ****   *         @arg @ref LL_RCC_SYSCLK_DIV_64
1176:Drivers/STM32WBxx_HAL_Driver/Inc/stm32wbxx_ll_rcc.h ****   *         @arg @ref LL_RCC_SYSCLK_DIV_128
1177:Drivers/STM32WBxx_HAL_Driver/Inc/stm32wbxx_ll_rcc.h ****   *         @arg @ref LL_RCC_SYSCLK_DIV_256
1178:Drivers/STM32WBxx_HAL_Driver/Inc/stm32wbxx_ll_rcc.h ****   *         @arg @ref LL_RCC_SYSCLK_DIV_512
1179:Drivers/STM32WBxx_HAL_Driver/Inc/stm32wbxx_ll_rcc.h ****   * @retval HCLK2 clock frequency (in Hz)
1180:Drivers/STM32WBxx_HAL_Driver/Inc/stm32wbxx_ll_rcc.h ****   */
1181:Drivers/STM32WBxx_HAL_Driver/Inc/stm32wbxx_ll_rcc.h **** #define __LL_RCC_CALC_HCLK2_FREQ(__SYSCLKFREQ__, __CPU2PRESCALER__) ((__SYSCLKFREQ__) / AHBPrescTab
1182:Drivers/STM32WBxx_HAL_Driver/Inc/stm32wbxx_ll_rcc.h ****                                                                      & RCC_EXTCFGR_C2HPRE) >>  RCC_
1183:Drivers/STM32WBxx_HAL_Driver/Inc/stm32wbxx_ll_rcc.h **** 
1184:Drivers/STM32WBxx_HAL_Driver/Inc/stm32wbxx_ll_rcc.h **** /**
1185:Drivers/STM32WBxx_HAL_Driver/Inc/stm32wbxx_ll_rcc.h ****   * @brief  Helper macro to calculate the HCLK4 frequency
1186:Drivers/STM32WBxx_HAL_Driver/Inc/stm32wbxx_ll_rcc.h ****   * @param  __SYSCLKFREQ__ SYSCLK frequency (based on MSI/HSE/HSI/PLLCLK)
1187:Drivers/STM32WBxx_HAL_Driver/Inc/stm32wbxx_ll_rcc.h ****   * @param  __AHB4PRESCALER__ This parameter can be one of the following values:
1188:Drivers/STM32WBxx_HAL_Driver/Inc/stm32wbxx_ll_rcc.h ****   *         @arg @ref LL_RCC_SYSCLK_DIV_1
1189:Drivers/STM32WBxx_HAL_Driver/Inc/stm32wbxx_ll_rcc.h ****   *         @arg @ref LL_RCC_SYSCLK_DIV_2
1190:Drivers/STM32WBxx_HAL_Driver/Inc/stm32wbxx_ll_rcc.h ****   *         @arg @ref LL_RCC_SYSCLK_DIV_3
1191:Drivers/STM32WBxx_HAL_Driver/Inc/stm32wbxx_ll_rcc.h ****   *         @arg @ref LL_RCC_SYSCLK_DIV_4
1192:Drivers/STM32WBxx_HAL_Driver/Inc/stm32wbxx_ll_rcc.h ****   *         @arg @ref LL_RCC_SYSCLK_DIV_5
1193:Drivers/STM32WBxx_HAL_Driver/Inc/stm32wbxx_ll_rcc.h ****   *         @arg @ref LL_RCC_SYSCLK_DIV_6
1194:Drivers/STM32WBxx_HAL_Driver/Inc/stm32wbxx_ll_rcc.h ****   *         @arg @ref LL_RCC_SYSCLK_DIV_8
1195:Drivers/STM32WBxx_HAL_Driver/Inc/stm32wbxx_ll_rcc.h ****   *         @arg @ref LL_RCC_SYSCLK_DIV_10
1196:Drivers/STM32WBxx_HAL_Driver/Inc/stm32wbxx_ll_rcc.h ****   *         @arg @ref LL_RCC_SYSCLK_DIV_16
1197:Drivers/STM32WBxx_HAL_Driver/Inc/stm32wbxx_ll_rcc.h ****   *         @arg @ref LL_RCC_SYSCLK_DIV_32
1198:Drivers/STM32WBxx_HAL_Driver/Inc/stm32wbxx_ll_rcc.h ****   *         @arg @ref LL_RCC_SYSCLK_DIV_64
1199:Drivers/STM32WBxx_HAL_Driver/Inc/stm32wbxx_ll_rcc.h ****   *         @arg @ref LL_RCC_SYSCLK_DIV_128
1200:Drivers/STM32WBxx_HAL_Driver/Inc/stm32wbxx_ll_rcc.h ****   *         @arg @ref LL_RCC_SYSCLK_DIV_256
1201:Drivers/STM32WBxx_HAL_Driver/Inc/stm32wbxx_ll_rcc.h ****   *         @arg @ref LL_RCC_SYSCLK_DIV_512
1202:Drivers/STM32WBxx_HAL_Driver/Inc/stm32wbxx_ll_rcc.h ****   * @retval HCLK4 clock frequency (in Hz)
1203:Drivers/STM32WBxx_HAL_Driver/Inc/stm32wbxx_ll_rcc.h ****   */
1204:Drivers/STM32WBxx_HAL_Driver/Inc/stm32wbxx_ll_rcc.h **** #define __LL_RCC_CALC_HCLK4_FREQ(__SYSCLKFREQ__, __AHB4PRESCALER__) ((__SYSCLKFREQ__) / AHBPrescTab
1205:Drivers/STM32WBxx_HAL_Driver/Inc/stm32wbxx_ll_rcc.h ****                                                                      & RCC_EXTCFGR_SHDHPRE) >>  RCC
1206:Drivers/STM32WBxx_HAL_Driver/Inc/stm32wbxx_ll_rcc.h **** 
1207:Drivers/STM32WBxx_HAL_Driver/Inc/stm32wbxx_ll_rcc.h **** 
1208:Drivers/STM32WBxx_HAL_Driver/Inc/stm32wbxx_ll_rcc.h **** /**
1209:Drivers/STM32WBxx_HAL_Driver/Inc/stm32wbxx_ll_rcc.h ****   * @brief  Helper macro to calculate the PCLK1 frequency (ABP1)
1210:Drivers/STM32WBxx_HAL_Driver/Inc/stm32wbxx_ll_rcc.h ****   * @param  __HCLKFREQ__ HCLK frequency
1211:Drivers/STM32WBxx_HAL_Driver/Inc/stm32wbxx_ll_rcc.h ****   * @param  __APB1PRESCALER__ This parameter can be one of the following values:
1212:Drivers/STM32WBxx_HAL_Driver/Inc/stm32wbxx_ll_rcc.h ****   *         @arg @ref LL_RCC_APB1_DIV_1
1213:Drivers/STM32WBxx_HAL_Driver/Inc/stm32wbxx_ll_rcc.h ****   *         @arg @ref LL_RCC_APB1_DIV_2
1214:Drivers/STM32WBxx_HAL_Driver/Inc/stm32wbxx_ll_rcc.h ****   *         @arg @ref LL_RCC_APB1_DIV_4
1215:Drivers/STM32WBxx_HAL_Driver/Inc/stm32wbxx_ll_rcc.h ****   *         @arg @ref LL_RCC_APB1_DIV_8
1216:Drivers/STM32WBxx_HAL_Driver/Inc/stm32wbxx_ll_rcc.h ****   *         @arg @ref LL_RCC_APB1_DIV_16
1217:Drivers/STM32WBxx_HAL_Driver/Inc/stm32wbxx_ll_rcc.h ****   * @retval PCLK1 clock frequency (in Hz)
1218:Drivers/STM32WBxx_HAL_Driver/Inc/stm32wbxx_ll_rcc.h ****   */
1219:Drivers/STM32WBxx_HAL_Driver/Inc/stm32wbxx_ll_rcc.h **** #define __LL_RCC_CALC_PCLK1_FREQ(__HCLKFREQ__, __APB1PRESCALER__) ((__HCLKFREQ__) >> (APBPrescTable
1220:Drivers/STM32WBxx_HAL_Driver/Inc/stm32wbxx_ll_rcc.h ****                                                                    & RCC_CFGR_PPRE1_Msk) >>  RCC_CF
ARM GAS  C:\Users\843E~1\AppData\Local\Temp\cc5PNIRY.s 			page 59


1221:Drivers/STM32WBxx_HAL_Driver/Inc/stm32wbxx_ll_rcc.h **** 
1222:Drivers/STM32WBxx_HAL_Driver/Inc/stm32wbxx_ll_rcc.h **** /**
1223:Drivers/STM32WBxx_HAL_Driver/Inc/stm32wbxx_ll_rcc.h ****   * @brief  Helper macro to calculate the PCLK2 frequency (ABP2)
1224:Drivers/STM32WBxx_HAL_Driver/Inc/stm32wbxx_ll_rcc.h ****   * @param  __HCLKFREQ__ HCLK frequency
1225:Drivers/STM32WBxx_HAL_Driver/Inc/stm32wbxx_ll_rcc.h ****   * @param  __APB2PRESCALER__ This parameter can be one of the following values:
1226:Drivers/STM32WBxx_HAL_Driver/Inc/stm32wbxx_ll_rcc.h ****   *         @arg @ref LL_RCC_APB2_DIV_1
1227:Drivers/STM32WBxx_HAL_Driver/Inc/stm32wbxx_ll_rcc.h ****   *         @arg @ref LL_RCC_APB2_DIV_2
1228:Drivers/STM32WBxx_HAL_Driver/Inc/stm32wbxx_ll_rcc.h ****   *         @arg @ref LL_RCC_APB2_DIV_4
1229:Drivers/STM32WBxx_HAL_Driver/Inc/stm32wbxx_ll_rcc.h ****   *         @arg @ref LL_RCC_APB2_DIV_8
1230:Drivers/STM32WBxx_HAL_Driver/Inc/stm32wbxx_ll_rcc.h ****   *         @arg @ref LL_RCC_APB2_DIV_16
1231:Drivers/STM32WBxx_HAL_Driver/Inc/stm32wbxx_ll_rcc.h ****   * @retval PCLK2 clock frequency (in Hz)
1232:Drivers/STM32WBxx_HAL_Driver/Inc/stm32wbxx_ll_rcc.h ****   */
1233:Drivers/STM32WBxx_HAL_Driver/Inc/stm32wbxx_ll_rcc.h **** #define __LL_RCC_CALC_PCLK2_FREQ(__HCLKFREQ__, __APB2PRESCALER__) ((__HCLKFREQ__) >> (APBPrescTable
1234:Drivers/STM32WBxx_HAL_Driver/Inc/stm32wbxx_ll_rcc.h ****                                                                    & RCC_CFGR_PPRE2_Msk) >>  RCC_CF
1235:Drivers/STM32WBxx_HAL_Driver/Inc/stm32wbxx_ll_rcc.h **** 
1236:Drivers/STM32WBxx_HAL_Driver/Inc/stm32wbxx_ll_rcc.h **** /**
1237:Drivers/STM32WBxx_HAL_Driver/Inc/stm32wbxx_ll_rcc.h ****   * @brief  Helper macro to calculate the MSI frequency (in Hz)
1238:Drivers/STM32WBxx_HAL_Driver/Inc/stm32wbxx_ll_rcc.h ****   * @note __MSIRANGE__can be retrieved by @ref LL_RCC_MSI_GetRange()
1239:Drivers/STM32WBxx_HAL_Driver/Inc/stm32wbxx_ll_rcc.h ****   * @param  __MSIRANGE__ This parameter can be one of the following values:
1240:Drivers/STM32WBxx_HAL_Driver/Inc/stm32wbxx_ll_rcc.h ****   *         @arg @ref LL_RCC_MSIRANGE_0
1241:Drivers/STM32WBxx_HAL_Driver/Inc/stm32wbxx_ll_rcc.h ****   *         @arg @ref LL_RCC_MSIRANGE_1
1242:Drivers/STM32WBxx_HAL_Driver/Inc/stm32wbxx_ll_rcc.h ****   *         @arg @ref LL_RCC_MSIRANGE_2
1243:Drivers/STM32WBxx_HAL_Driver/Inc/stm32wbxx_ll_rcc.h ****   *         @arg @ref LL_RCC_MSIRANGE_3
1244:Drivers/STM32WBxx_HAL_Driver/Inc/stm32wbxx_ll_rcc.h ****   *         @arg @ref LL_RCC_MSIRANGE_4
1245:Drivers/STM32WBxx_HAL_Driver/Inc/stm32wbxx_ll_rcc.h ****   *         @arg @ref LL_RCC_MSIRANGE_5
1246:Drivers/STM32WBxx_HAL_Driver/Inc/stm32wbxx_ll_rcc.h ****   *         @arg @ref LL_RCC_MSIRANGE_6
1247:Drivers/STM32WBxx_HAL_Driver/Inc/stm32wbxx_ll_rcc.h ****   *         @arg @ref LL_RCC_MSIRANGE_7
1248:Drivers/STM32WBxx_HAL_Driver/Inc/stm32wbxx_ll_rcc.h ****   *         @arg @ref LL_RCC_MSIRANGE_8
1249:Drivers/STM32WBxx_HAL_Driver/Inc/stm32wbxx_ll_rcc.h ****   *         @arg @ref LL_RCC_MSIRANGE_9
1250:Drivers/STM32WBxx_HAL_Driver/Inc/stm32wbxx_ll_rcc.h ****   *         @arg @ref LL_RCC_MSIRANGE_10
1251:Drivers/STM32WBxx_HAL_Driver/Inc/stm32wbxx_ll_rcc.h ****   *         @arg @ref LL_RCC_MSIRANGE_11
1252:Drivers/STM32WBxx_HAL_Driver/Inc/stm32wbxx_ll_rcc.h ****   * @retval MSI clock frequency (in Hz)
1253:Drivers/STM32WBxx_HAL_Driver/Inc/stm32wbxx_ll_rcc.h ****   */
1254:Drivers/STM32WBxx_HAL_Driver/Inc/stm32wbxx_ll_rcc.h **** #define __LL_RCC_CALC_MSI_FREQ(__MSIRANGE__) MSIRangeTable[((__MSIRANGE__)\
1255:Drivers/STM32WBxx_HAL_Driver/Inc/stm32wbxx_ll_rcc.h ****                                                             & RCC_CR_MSIRANGE_Msk) >> RCC_CR_MSIRAN
1256:Drivers/STM32WBxx_HAL_Driver/Inc/stm32wbxx_ll_rcc.h **** /**
1257:Drivers/STM32WBxx_HAL_Driver/Inc/stm32wbxx_ll_rcc.h ****   * @}
1258:Drivers/STM32WBxx_HAL_Driver/Inc/stm32wbxx_ll_rcc.h ****   */
1259:Drivers/STM32WBxx_HAL_Driver/Inc/stm32wbxx_ll_rcc.h **** 
1260:Drivers/STM32WBxx_HAL_Driver/Inc/stm32wbxx_ll_rcc.h **** /**
1261:Drivers/STM32WBxx_HAL_Driver/Inc/stm32wbxx_ll_rcc.h ****   * @}
1262:Drivers/STM32WBxx_HAL_Driver/Inc/stm32wbxx_ll_rcc.h ****   */
1263:Drivers/STM32WBxx_HAL_Driver/Inc/stm32wbxx_ll_rcc.h **** 
1264:Drivers/STM32WBxx_HAL_Driver/Inc/stm32wbxx_ll_rcc.h **** /* Exported functions --------------------------------------------------------*/
1265:Drivers/STM32WBxx_HAL_Driver/Inc/stm32wbxx_ll_rcc.h **** /** @defgroup RCC_LL_Exported_Functions RCC Exported Functions
1266:Drivers/STM32WBxx_HAL_Driver/Inc/stm32wbxx_ll_rcc.h ****   * @{
1267:Drivers/STM32WBxx_HAL_Driver/Inc/stm32wbxx_ll_rcc.h ****   */
1268:Drivers/STM32WBxx_HAL_Driver/Inc/stm32wbxx_ll_rcc.h **** 
1269:Drivers/STM32WBxx_HAL_Driver/Inc/stm32wbxx_ll_rcc.h **** /** @defgroup RCC_LL_EF_HSE HSE
1270:Drivers/STM32WBxx_HAL_Driver/Inc/stm32wbxx_ll_rcc.h ****   * @{
1271:Drivers/STM32WBxx_HAL_Driver/Inc/stm32wbxx_ll_rcc.h ****   */
1272:Drivers/STM32WBxx_HAL_Driver/Inc/stm32wbxx_ll_rcc.h **** 
1273:Drivers/STM32WBxx_HAL_Driver/Inc/stm32wbxx_ll_rcc.h **** /**
1274:Drivers/STM32WBxx_HAL_Driver/Inc/stm32wbxx_ll_rcc.h ****   * @brief  Enable HSE sysclk and pll prescaler division by 2
1275:Drivers/STM32WBxx_HAL_Driver/Inc/stm32wbxx_ll_rcc.h ****   * @rmtoll CR           HSEPRE        LL_RCC_HSE_EnableDiv2
1276:Drivers/STM32WBxx_HAL_Driver/Inc/stm32wbxx_ll_rcc.h ****   * @retval None
1277:Drivers/STM32WBxx_HAL_Driver/Inc/stm32wbxx_ll_rcc.h ****   */
ARM GAS  C:\Users\843E~1\AppData\Local\Temp\cc5PNIRY.s 			page 60


1278:Drivers/STM32WBxx_HAL_Driver/Inc/stm32wbxx_ll_rcc.h **** __STATIC_INLINE void LL_RCC_HSE_EnableDiv2(void)
1279:Drivers/STM32WBxx_HAL_Driver/Inc/stm32wbxx_ll_rcc.h **** {
1280:Drivers/STM32WBxx_HAL_Driver/Inc/stm32wbxx_ll_rcc.h ****   SET_BIT(RCC->CR, RCC_CR_HSEPRE);
1281:Drivers/STM32WBxx_HAL_Driver/Inc/stm32wbxx_ll_rcc.h **** }
1282:Drivers/STM32WBxx_HAL_Driver/Inc/stm32wbxx_ll_rcc.h **** 
1283:Drivers/STM32WBxx_HAL_Driver/Inc/stm32wbxx_ll_rcc.h **** /**
1284:Drivers/STM32WBxx_HAL_Driver/Inc/stm32wbxx_ll_rcc.h ****   * @brief  Disable HSE sysclk and pll prescaler
1285:Drivers/STM32WBxx_HAL_Driver/Inc/stm32wbxx_ll_rcc.h ****   * @rmtoll CR           HSEPRE        LL_RCC_HSE_DisableDiv2
1286:Drivers/STM32WBxx_HAL_Driver/Inc/stm32wbxx_ll_rcc.h ****   * @retval None
1287:Drivers/STM32WBxx_HAL_Driver/Inc/stm32wbxx_ll_rcc.h ****   */
1288:Drivers/STM32WBxx_HAL_Driver/Inc/stm32wbxx_ll_rcc.h **** __STATIC_INLINE void LL_RCC_HSE_DisableDiv2(void)
1289:Drivers/STM32WBxx_HAL_Driver/Inc/stm32wbxx_ll_rcc.h **** {
1290:Drivers/STM32WBxx_HAL_Driver/Inc/stm32wbxx_ll_rcc.h ****   CLEAR_BIT(RCC->CR, RCC_CR_HSEPRE);
1291:Drivers/STM32WBxx_HAL_Driver/Inc/stm32wbxx_ll_rcc.h **** }
1292:Drivers/STM32WBxx_HAL_Driver/Inc/stm32wbxx_ll_rcc.h **** 
1293:Drivers/STM32WBxx_HAL_Driver/Inc/stm32wbxx_ll_rcc.h **** /**
1294:Drivers/STM32WBxx_HAL_Driver/Inc/stm32wbxx_ll_rcc.h ****   * @brief  Get HSE sysclk and pll prescaler
1295:Drivers/STM32WBxx_HAL_Driver/Inc/stm32wbxx_ll_rcc.h ****   * @rmtoll CR           HSEPRE        LL_RCC_HSE_IsEnabledDiv2
1296:Drivers/STM32WBxx_HAL_Driver/Inc/stm32wbxx_ll_rcc.h ****   * @retval None
1297:Drivers/STM32WBxx_HAL_Driver/Inc/stm32wbxx_ll_rcc.h ****   */
1298:Drivers/STM32WBxx_HAL_Driver/Inc/stm32wbxx_ll_rcc.h **** __STATIC_INLINE uint32_t LL_RCC_HSE_IsEnabledDiv2(void)
1299:Drivers/STM32WBxx_HAL_Driver/Inc/stm32wbxx_ll_rcc.h **** {
1300:Drivers/STM32WBxx_HAL_Driver/Inc/stm32wbxx_ll_rcc.h ****   return ((READ_BIT(RCC->CR, RCC_CR_HSEPRE) == (RCC_CR_HSEPRE)) ? 1UL : 0UL);
1301:Drivers/STM32WBxx_HAL_Driver/Inc/stm32wbxx_ll_rcc.h **** }
1302:Drivers/STM32WBxx_HAL_Driver/Inc/stm32wbxx_ll_rcc.h **** 
1303:Drivers/STM32WBxx_HAL_Driver/Inc/stm32wbxx_ll_rcc.h **** /**
1304:Drivers/STM32WBxx_HAL_Driver/Inc/stm32wbxx_ll_rcc.h ****   * @brief  Enable the Clock Security System.
1305:Drivers/STM32WBxx_HAL_Driver/Inc/stm32wbxx_ll_rcc.h ****   * @rmtoll CR           CSSON         LL_RCC_HSE_EnableCSS
1306:Drivers/STM32WBxx_HAL_Driver/Inc/stm32wbxx_ll_rcc.h ****   * @retval None
1307:Drivers/STM32WBxx_HAL_Driver/Inc/stm32wbxx_ll_rcc.h ****   */
1308:Drivers/STM32WBxx_HAL_Driver/Inc/stm32wbxx_ll_rcc.h **** __STATIC_INLINE void LL_RCC_HSE_EnableCSS(void)
1309:Drivers/STM32WBxx_HAL_Driver/Inc/stm32wbxx_ll_rcc.h **** {
1310:Drivers/STM32WBxx_HAL_Driver/Inc/stm32wbxx_ll_rcc.h ****   SET_BIT(RCC->CR, RCC_CR_CSSON);
1311:Drivers/STM32WBxx_HAL_Driver/Inc/stm32wbxx_ll_rcc.h **** }
1312:Drivers/STM32WBxx_HAL_Driver/Inc/stm32wbxx_ll_rcc.h **** 
1313:Drivers/STM32WBxx_HAL_Driver/Inc/stm32wbxx_ll_rcc.h **** /**
1314:Drivers/STM32WBxx_HAL_Driver/Inc/stm32wbxx_ll_rcc.h ****   * @brief  Enable HSE crystal oscillator (HSE ON)
1315:Drivers/STM32WBxx_HAL_Driver/Inc/stm32wbxx_ll_rcc.h ****   * @rmtoll CR           HSEON         LL_RCC_HSE_Enable
1316:Drivers/STM32WBxx_HAL_Driver/Inc/stm32wbxx_ll_rcc.h ****   * @retval None
1317:Drivers/STM32WBxx_HAL_Driver/Inc/stm32wbxx_ll_rcc.h ****   */
1318:Drivers/STM32WBxx_HAL_Driver/Inc/stm32wbxx_ll_rcc.h **** __STATIC_INLINE void LL_RCC_HSE_Enable(void)
1319:Drivers/STM32WBxx_HAL_Driver/Inc/stm32wbxx_ll_rcc.h **** {
1320:Drivers/STM32WBxx_HAL_Driver/Inc/stm32wbxx_ll_rcc.h ****   SET_BIT(RCC->CR, RCC_CR_HSEON);
1321:Drivers/STM32WBxx_HAL_Driver/Inc/stm32wbxx_ll_rcc.h **** }
1322:Drivers/STM32WBxx_HAL_Driver/Inc/stm32wbxx_ll_rcc.h **** 
1323:Drivers/STM32WBxx_HAL_Driver/Inc/stm32wbxx_ll_rcc.h **** /**
1324:Drivers/STM32WBxx_HAL_Driver/Inc/stm32wbxx_ll_rcc.h ****   * @brief  Disable HSE crystal oscillator (HSE ON)
1325:Drivers/STM32WBxx_HAL_Driver/Inc/stm32wbxx_ll_rcc.h ****   * @rmtoll CR           HSEON         LL_RCC_HSE_Disable
1326:Drivers/STM32WBxx_HAL_Driver/Inc/stm32wbxx_ll_rcc.h ****   * @retval None
1327:Drivers/STM32WBxx_HAL_Driver/Inc/stm32wbxx_ll_rcc.h ****   */
1328:Drivers/STM32WBxx_HAL_Driver/Inc/stm32wbxx_ll_rcc.h **** __STATIC_INLINE void LL_RCC_HSE_Disable(void)
1329:Drivers/STM32WBxx_HAL_Driver/Inc/stm32wbxx_ll_rcc.h **** {
1330:Drivers/STM32WBxx_HAL_Driver/Inc/stm32wbxx_ll_rcc.h ****   CLEAR_BIT(RCC->CR, RCC_CR_HSEON);
1331:Drivers/STM32WBxx_HAL_Driver/Inc/stm32wbxx_ll_rcc.h **** }
1332:Drivers/STM32WBxx_HAL_Driver/Inc/stm32wbxx_ll_rcc.h **** 
1333:Drivers/STM32WBxx_HAL_Driver/Inc/stm32wbxx_ll_rcc.h **** /**
1334:Drivers/STM32WBxx_HAL_Driver/Inc/stm32wbxx_ll_rcc.h ****   * @brief  Check if HSE oscillator Ready
ARM GAS  C:\Users\843E~1\AppData\Local\Temp\cc5PNIRY.s 			page 61


1335:Drivers/STM32WBxx_HAL_Driver/Inc/stm32wbxx_ll_rcc.h ****   * @rmtoll CR           HSERDY        LL_RCC_HSE_IsReady
1336:Drivers/STM32WBxx_HAL_Driver/Inc/stm32wbxx_ll_rcc.h ****   * @retval State of bit (1 or 0).
1337:Drivers/STM32WBxx_HAL_Driver/Inc/stm32wbxx_ll_rcc.h ****   */
1338:Drivers/STM32WBxx_HAL_Driver/Inc/stm32wbxx_ll_rcc.h **** __STATIC_INLINE uint32_t LL_RCC_HSE_IsReady(void)
1339:Drivers/STM32WBxx_HAL_Driver/Inc/stm32wbxx_ll_rcc.h **** {
1340:Drivers/STM32WBxx_HAL_Driver/Inc/stm32wbxx_ll_rcc.h ****   return ((READ_BIT(RCC->CR, RCC_CR_HSERDY) == (RCC_CR_HSERDY)) ? 1UL : 0UL);
1341:Drivers/STM32WBxx_HAL_Driver/Inc/stm32wbxx_ll_rcc.h **** }
1342:Drivers/STM32WBxx_HAL_Driver/Inc/stm32wbxx_ll_rcc.h **** 
1343:Drivers/STM32WBxx_HAL_Driver/Inc/stm32wbxx_ll_rcc.h **** /**
1344:Drivers/STM32WBxx_HAL_Driver/Inc/stm32wbxx_ll_rcc.h ****   * @brief  Check if HSE clock control register is locked or not
1345:Drivers/STM32WBxx_HAL_Driver/Inc/stm32wbxx_ll_rcc.h ****   * @rmtoll HSECR           UNLOCKED        LL_RCC_HSE_IsClockControlLocked
1346:Drivers/STM32WBxx_HAL_Driver/Inc/stm32wbxx_ll_rcc.h ****   * @retval State of bit (1 or 0).
1347:Drivers/STM32WBxx_HAL_Driver/Inc/stm32wbxx_ll_rcc.h ****   */
1348:Drivers/STM32WBxx_HAL_Driver/Inc/stm32wbxx_ll_rcc.h **** __STATIC_INLINE uint32_t LL_RCC_HSE_IsClockControlLocked(void)
1349:Drivers/STM32WBxx_HAL_Driver/Inc/stm32wbxx_ll_rcc.h **** {
1350:Drivers/STM32WBxx_HAL_Driver/Inc/stm32wbxx_ll_rcc.h ****   return ((READ_BIT(RCC->HSECR, RCC_HSECR_UNLOCKED) != (RCC_HSECR_UNLOCKED)) ? 1UL : 0UL);
1351:Drivers/STM32WBxx_HAL_Driver/Inc/stm32wbxx_ll_rcc.h **** }
1352:Drivers/STM32WBxx_HAL_Driver/Inc/stm32wbxx_ll_rcc.h **** 
1353:Drivers/STM32WBxx_HAL_Driver/Inc/stm32wbxx_ll_rcc.h **** /**
1354:Drivers/STM32WBxx_HAL_Driver/Inc/stm32wbxx_ll_rcc.h ****   * @brief  Set HSE capacitor tuning
1355:Drivers/STM32WBxx_HAL_Driver/Inc/stm32wbxx_ll_rcc.h ****   * @rmtoll HSECR        HSETUNE       LL_RCC_HSE_SetCapacitorTuning
1356:Drivers/STM32WBxx_HAL_Driver/Inc/stm32wbxx_ll_rcc.h ****   * @param  Value Between Min_Data = 0 and Max_Data = 63
1357:Drivers/STM32WBxx_HAL_Driver/Inc/stm32wbxx_ll_rcc.h ****   * @retval None
1358:Drivers/STM32WBxx_HAL_Driver/Inc/stm32wbxx_ll_rcc.h ****   */
1359:Drivers/STM32WBxx_HAL_Driver/Inc/stm32wbxx_ll_rcc.h **** __STATIC_INLINE void LL_RCC_HSE_SetCapacitorTuning(uint32_t Value)
1360:Drivers/STM32WBxx_HAL_Driver/Inc/stm32wbxx_ll_rcc.h **** {
1361:Drivers/STM32WBxx_HAL_Driver/Inc/stm32wbxx_ll_rcc.h ****   WRITE_REG(RCC->HSECR, HSE_CONTROL_UNLOCK_KEY);
1362:Drivers/STM32WBxx_HAL_Driver/Inc/stm32wbxx_ll_rcc.h ****   MODIFY_REG(RCC->HSECR, RCC_HSECR_HSETUNE, Value << RCC_HSECR_HSETUNE_Pos);
1363:Drivers/STM32WBxx_HAL_Driver/Inc/stm32wbxx_ll_rcc.h **** }
1364:Drivers/STM32WBxx_HAL_Driver/Inc/stm32wbxx_ll_rcc.h **** 
1365:Drivers/STM32WBxx_HAL_Driver/Inc/stm32wbxx_ll_rcc.h **** /**
1366:Drivers/STM32WBxx_HAL_Driver/Inc/stm32wbxx_ll_rcc.h ****   * @brief  Get HSE capacitor tuning
1367:Drivers/STM32WBxx_HAL_Driver/Inc/stm32wbxx_ll_rcc.h ****   * @rmtoll HSECR        HSETUNE       LL_RCC_HSE_GetCapacitorTuning
1368:Drivers/STM32WBxx_HAL_Driver/Inc/stm32wbxx_ll_rcc.h ****   * @retval Between Min_Data = 0 and Max_Data = 63
1369:Drivers/STM32WBxx_HAL_Driver/Inc/stm32wbxx_ll_rcc.h ****   */
1370:Drivers/STM32WBxx_HAL_Driver/Inc/stm32wbxx_ll_rcc.h **** __STATIC_INLINE uint32_t LL_RCC_HSE_GetCapacitorTuning(void)
1371:Drivers/STM32WBxx_HAL_Driver/Inc/stm32wbxx_ll_rcc.h **** {
1372:Drivers/STM32WBxx_HAL_Driver/Inc/stm32wbxx_ll_rcc.h ****   return (uint32_t)(READ_BIT(RCC->HSECR, RCC_HSECR_HSETUNE) >> RCC_HSECR_HSETUNE_Pos);
1373:Drivers/STM32WBxx_HAL_Driver/Inc/stm32wbxx_ll_rcc.h **** }
1374:Drivers/STM32WBxx_HAL_Driver/Inc/stm32wbxx_ll_rcc.h **** 
1375:Drivers/STM32WBxx_HAL_Driver/Inc/stm32wbxx_ll_rcc.h **** /**
1376:Drivers/STM32WBxx_HAL_Driver/Inc/stm32wbxx_ll_rcc.h ****   * @brief  Set HSE current control
1377:Drivers/STM32WBxx_HAL_Driver/Inc/stm32wbxx_ll_rcc.h ****   * @rmtoll HSECR        HSEGMC       LL_RCC_HSE_SetCurrentControl
1378:Drivers/STM32WBxx_HAL_Driver/Inc/stm32wbxx_ll_rcc.h ****   * @param  CurrentMax This parameter can be one of the following values:
1379:Drivers/STM32WBxx_HAL_Driver/Inc/stm32wbxx_ll_rcc.h ****   *         @arg @ref LL_RCC_HSE_CURRENTMAX_0
1380:Drivers/STM32WBxx_HAL_Driver/Inc/stm32wbxx_ll_rcc.h ****   *         @arg @ref LL_RCC_HSE_CURRENTMAX_1
1381:Drivers/STM32WBxx_HAL_Driver/Inc/stm32wbxx_ll_rcc.h ****   *         @arg @ref LL_RCC_HSE_CURRENTMAX_2
1382:Drivers/STM32WBxx_HAL_Driver/Inc/stm32wbxx_ll_rcc.h ****   *         @arg @ref LL_RCC_HSE_CURRENTMAX_3
1383:Drivers/STM32WBxx_HAL_Driver/Inc/stm32wbxx_ll_rcc.h ****   *         @arg @ref LL_RCC_HSE_CURRENTMAX_4
1384:Drivers/STM32WBxx_HAL_Driver/Inc/stm32wbxx_ll_rcc.h ****   *         @arg @ref LL_RCC_HSE_CURRENTMAX_5
1385:Drivers/STM32WBxx_HAL_Driver/Inc/stm32wbxx_ll_rcc.h ****   *         @arg @ref LL_RCC_HSE_CURRENTMAX_6
1386:Drivers/STM32WBxx_HAL_Driver/Inc/stm32wbxx_ll_rcc.h ****   *         @arg @ref LL_RCC_HSE_CURRENTMAX_7
1387:Drivers/STM32WBxx_HAL_Driver/Inc/stm32wbxx_ll_rcc.h ****   */
1388:Drivers/STM32WBxx_HAL_Driver/Inc/stm32wbxx_ll_rcc.h **** __STATIC_INLINE void LL_RCC_HSE_SetCurrentControl(uint32_t CurrentMax)
1389:Drivers/STM32WBxx_HAL_Driver/Inc/stm32wbxx_ll_rcc.h **** {
1390:Drivers/STM32WBxx_HAL_Driver/Inc/stm32wbxx_ll_rcc.h ****   WRITE_REG(RCC->HSECR, HSE_CONTROL_UNLOCK_KEY);
1391:Drivers/STM32WBxx_HAL_Driver/Inc/stm32wbxx_ll_rcc.h ****   MODIFY_REG(RCC->HSECR, RCC_HSECR_HSEGMC, CurrentMax);
ARM GAS  C:\Users\843E~1\AppData\Local\Temp\cc5PNIRY.s 			page 62


1392:Drivers/STM32WBxx_HAL_Driver/Inc/stm32wbxx_ll_rcc.h **** }
1393:Drivers/STM32WBxx_HAL_Driver/Inc/stm32wbxx_ll_rcc.h **** 
1394:Drivers/STM32WBxx_HAL_Driver/Inc/stm32wbxx_ll_rcc.h **** /**
1395:Drivers/STM32WBxx_HAL_Driver/Inc/stm32wbxx_ll_rcc.h ****   * @brief  Get HSE current control
1396:Drivers/STM32WBxx_HAL_Driver/Inc/stm32wbxx_ll_rcc.h ****   * @rmtoll HSECR        HSEGMC       LL_RCC_HSE_GetCurrentControl
1397:Drivers/STM32WBxx_HAL_Driver/Inc/stm32wbxx_ll_rcc.h ****   * @retval Returned value can be one of the following values:
1398:Drivers/STM32WBxx_HAL_Driver/Inc/stm32wbxx_ll_rcc.h ****   *         @arg @ref LL_RCC_HSE_CURRENTMAX_0
1399:Drivers/STM32WBxx_HAL_Driver/Inc/stm32wbxx_ll_rcc.h ****   *         @arg @ref LL_RCC_HSE_CURRENTMAX_1
1400:Drivers/STM32WBxx_HAL_Driver/Inc/stm32wbxx_ll_rcc.h ****   *         @arg @ref LL_RCC_HSE_CURRENTMAX_2
1401:Drivers/STM32WBxx_HAL_Driver/Inc/stm32wbxx_ll_rcc.h ****   *         @arg @ref LL_RCC_HSE_CURRENTMAX_3
1402:Drivers/STM32WBxx_HAL_Driver/Inc/stm32wbxx_ll_rcc.h ****   *         @arg @ref LL_RCC_HSE_CURRENTMAX_4
1403:Drivers/STM32WBxx_HAL_Driver/Inc/stm32wbxx_ll_rcc.h ****   *         @arg @ref LL_RCC_HSE_CURRENTMAX_5
1404:Drivers/STM32WBxx_HAL_Driver/Inc/stm32wbxx_ll_rcc.h ****   *         @arg @ref LL_RCC_HSE_CURRENTMAX_6
1405:Drivers/STM32WBxx_HAL_Driver/Inc/stm32wbxx_ll_rcc.h ****   *         @arg @ref LL_RCC_HSE_CURRENTMAX_7
1406:Drivers/STM32WBxx_HAL_Driver/Inc/stm32wbxx_ll_rcc.h ****   */
1407:Drivers/STM32WBxx_HAL_Driver/Inc/stm32wbxx_ll_rcc.h **** __STATIC_INLINE uint32_t LL_RCC_HSE_GetCurrentControl(void)
1408:Drivers/STM32WBxx_HAL_Driver/Inc/stm32wbxx_ll_rcc.h **** {
1409:Drivers/STM32WBxx_HAL_Driver/Inc/stm32wbxx_ll_rcc.h ****   return (uint32_t)(READ_BIT(RCC->HSECR, RCC_HSECR_HSEGMC));
1410:Drivers/STM32WBxx_HAL_Driver/Inc/stm32wbxx_ll_rcc.h **** }
1411:Drivers/STM32WBxx_HAL_Driver/Inc/stm32wbxx_ll_rcc.h **** 
1412:Drivers/STM32WBxx_HAL_Driver/Inc/stm32wbxx_ll_rcc.h **** /**
1413:Drivers/STM32WBxx_HAL_Driver/Inc/stm32wbxx_ll_rcc.h ****   * @brief  Set HSE sense amplifier threshold
1414:Drivers/STM32WBxx_HAL_Driver/Inc/stm32wbxx_ll_rcc.h ****   * @rmtoll HSECR        HSES       LL_RCC_HSE_SetSenseAmplifier
1415:Drivers/STM32WBxx_HAL_Driver/Inc/stm32wbxx_ll_rcc.h ****   * @param  SenseAmplifier This parameter can be one of the following values:
1416:Drivers/STM32WBxx_HAL_Driver/Inc/stm32wbxx_ll_rcc.h ****   *         @arg @ref LL_RCC_HSEAMPTHRESHOLD_1_2
1417:Drivers/STM32WBxx_HAL_Driver/Inc/stm32wbxx_ll_rcc.h ****   *         @arg @ref LL_RCC_HSEAMPTHRESHOLD_3_4
1418:Drivers/STM32WBxx_HAL_Driver/Inc/stm32wbxx_ll_rcc.h ****   */
1419:Drivers/STM32WBxx_HAL_Driver/Inc/stm32wbxx_ll_rcc.h **** __STATIC_INLINE void LL_RCC_HSE_SetSenseAmplifier(uint32_t SenseAmplifier)
1420:Drivers/STM32WBxx_HAL_Driver/Inc/stm32wbxx_ll_rcc.h **** {
1421:Drivers/STM32WBxx_HAL_Driver/Inc/stm32wbxx_ll_rcc.h ****   WRITE_REG(RCC->HSECR, HSE_CONTROL_UNLOCK_KEY);
1422:Drivers/STM32WBxx_HAL_Driver/Inc/stm32wbxx_ll_rcc.h ****   MODIFY_REG(RCC->HSECR, RCC_HSECR_HSES, SenseAmplifier);
1423:Drivers/STM32WBxx_HAL_Driver/Inc/stm32wbxx_ll_rcc.h **** }
1424:Drivers/STM32WBxx_HAL_Driver/Inc/stm32wbxx_ll_rcc.h **** 
1425:Drivers/STM32WBxx_HAL_Driver/Inc/stm32wbxx_ll_rcc.h **** /**
1426:Drivers/STM32WBxx_HAL_Driver/Inc/stm32wbxx_ll_rcc.h ****   * @brief  Get HSE current control
1427:Drivers/STM32WBxx_HAL_Driver/Inc/stm32wbxx_ll_rcc.h ****   * @rmtoll HSECR        HSES       LL_RCC_HSE_GetSenseAmplifier
1428:Drivers/STM32WBxx_HAL_Driver/Inc/stm32wbxx_ll_rcc.h ****   * @retval Returned value can be one of the following values:
1429:Drivers/STM32WBxx_HAL_Driver/Inc/stm32wbxx_ll_rcc.h ****   *         @arg @ref LL_RCC_HSEAMPTHRESHOLD_1_2
1430:Drivers/STM32WBxx_HAL_Driver/Inc/stm32wbxx_ll_rcc.h ****   *         @arg @ref LL_RCC_HSEAMPTHRESHOLD_3_4
1431:Drivers/STM32WBxx_HAL_Driver/Inc/stm32wbxx_ll_rcc.h ****   */
1432:Drivers/STM32WBxx_HAL_Driver/Inc/stm32wbxx_ll_rcc.h **** __STATIC_INLINE uint32_t LL_RCC_HSE_GetSenseAmplifier(void)
1433:Drivers/STM32WBxx_HAL_Driver/Inc/stm32wbxx_ll_rcc.h **** {
1434:Drivers/STM32WBxx_HAL_Driver/Inc/stm32wbxx_ll_rcc.h ****   return (uint32_t)(READ_BIT(RCC->HSECR, RCC_HSECR_HSES));
1435:Drivers/STM32WBxx_HAL_Driver/Inc/stm32wbxx_ll_rcc.h **** }
1436:Drivers/STM32WBxx_HAL_Driver/Inc/stm32wbxx_ll_rcc.h **** /**
1437:Drivers/STM32WBxx_HAL_Driver/Inc/stm32wbxx_ll_rcc.h ****   * @}
1438:Drivers/STM32WBxx_HAL_Driver/Inc/stm32wbxx_ll_rcc.h ****   */
1439:Drivers/STM32WBxx_HAL_Driver/Inc/stm32wbxx_ll_rcc.h **** 
1440:Drivers/STM32WBxx_HAL_Driver/Inc/stm32wbxx_ll_rcc.h **** /** @defgroup RCC_LL_EF_HSI HSI
1441:Drivers/STM32WBxx_HAL_Driver/Inc/stm32wbxx_ll_rcc.h ****   * @{
1442:Drivers/STM32WBxx_HAL_Driver/Inc/stm32wbxx_ll_rcc.h ****   */
1443:Drivers/STM32WBxx_HAL_Driver/Inc/stm32wbxx_ll_rcc.h **** 
1444:Drivers/STM32WBxx_HAL_Driver/Inc/stm32wbxx_ll_rcc.h **** /**
1445:Drivers/STM32WBxx_HAL_Driver/Inc/stm32wbxx_ll_rcc.h ****   * @brief  Enable HSI even in stop mode
1446:Drivers/STM32WBxx_HAL_Driver/Inc/stm32wbxx_ll_rcc.h ****   * @note HSI oscillator is forced ON even in Stop mode
1447:Drivers/STM32WBxx_HAL_Driver/Inc/stm32wbxx_ll_rcc.h ****   * @rmtoll CR           HSIKERON      LL_RCC_HSI_EnableInStopMode
1448:Drivers/STM32WBxx_HAL_Driver/Inc/stm32wbxx_ll_rcc.h ****   * @retval None
ARM GAS  C:\Users\843E~1\AppData\Local\Temp\cc5PNIRY.s 			page 63


1449:Drivers/STM32WBxx_HAL_Driver/Inc/stm32wbxx_ll_rcc.h ****   */
1450:Drivers/STM32WBxx_HAL_Driver/Inc/stm32wbxx_ll_rcc.h **** __STATIC_INLINE void LL_RCC_HSI_EnableInStopMode(void)
1451:Drivers/STM32WBxx_HAL_Driver/Inc/stm32wbxx_ll_rcc.h **** {
1452:Drivers/STM32WBxx_HAL_Driver/Inc/stm32wbxx_ll_rcc.h ****   SET_BIT(RCC->CR, RCC_CR_HSIKERON);
1453:Drivers/STM32WBxx_HAL_Driver/Inc/stm32wbxx_ll_rcc.h **** }
1454:Drivers/STM32WBxx_HAL_Driver/Inc/stm32wbxx_ll_rcc.h **** 
1455:Drivers/STM32WBxx_HAL_Driver/Inc/stm32wbxx_ll_rcc.h **** /**
1456:Drivers/STM32WBxx_HAL_Driver/Inc/stm32wbxx_ll_rcc.h ****   * @brief  Disable HSI in stop mode
1457:Drivers/STM32WBxx_HAL_Driver/Inc/stm32wbxx_ll_rcc.h ****   * @rmtoll CR           HSIKERON      LL_RCC_HSI_DisableInStopMode
1458:Drivers/STM32WBxx_HAL_Driver/Inc/stm32wbxx_ll_rcc.h ****   * @retval None
1459:Drivers/STM32WBxx_HAL_Driver/Inc/stm32wbxx_ll_rcc.h ****   */
1460:Drivers/STM32WBxx_HAL_Driver/Inc/stm32wbxx_ll_rcc.h **** __STATIC_INLINE void LL_RCC_HSI_DisableInStopMode(void)
1461:Drivers/STM32WBxx_HAL_Driver/Inc/stm32wbxx_ll_rcc.h **** {
1462:Drivers/STM32WBxx_HAL_Driver/Inc/stm32wbxx_ll_rcc.h ****   CLEAR_BIT(RCC->CR, RCC_CR_HSIKERON);
1463:Drivers/STM32WBxx_HAL_Driver/Inc/stm32wbxx_ll_rcc.h **** }
1464:Drivers/STM32WBxx_HAL_Driver/Inc/stm32wbxx_ll_rcc.h **** 
1465:Drivers/STM32WBxx_HAL_Driver/Inc/stm32wbxx_ll_rcc.h **** /**
1466:Drivers/STM32WBxx_HAL_Driver/Inc/stm32wbxx_ll_rcc.h ****   * @brief  Check if HSI in stop mode is ready
1467:Drivers/STM32WBxx_HAL_Driver/Inc/stm32wbxx_ll_rcc.h ****   * @rmtoll CR           HSIKERON        LL_RCC_HSI_IsEnabledInStopMode
1468:Drivers/STM32WBxx_HAL_Driver/Inc/stm32wbxx_ll_rcc.h ****   * @retval State of bit (1 or 0).
1469:Drivers/STM32WBxx_HAL_Driver/Inc/stm32wbxx_ll_rcc.h ****   */
1470:Drivers/STM32WBxx_HAL_Driver/Inc/stm32wbxx_ll_rcc.h **** __STATIC_INLINE uint32_t LL_RCC_HSI_IsEnabledInStopMode(void)
1471:Drivers/STM32WBxx_HAL_Driver/Inc/stm32wbxx_ll_rcc.h **** {
1472:Drivers/STM32WBxx_HAL_Driver/Inc/stm32wbxx_ll_rcc.h ****   return ((READ_BIT(RCC->CR, RCC_CR_HSIKERON) == (RCC_CR_HSIKERON)) ? 1UL : 0UL);
1473:Drivers/STM32WBxx_HAL_Driver/Inc/stm32wbxx_ll_rcc.h **** }
1474:Drivers/STM32WBxx_HAL_Driver/Inc/stm32wbxx_ll_rcc.h **** 
1475:Drivers/STM32WBxx_HAL_Driver/Inc/stm32wbxx_ll_rcc.h **** /**
1476:Drivers/STM32WBxx_HAL_Driver/Inc/stm32wbxx_ll_rcc.h ****   * @brief  Enable HSI oscillator
1477:Drivers/STM32WBxx_HAL_Driver/Inc/stm32wbxx_ll_rcc.h ****   * @rmtoll CR           HSION         LL_RCC_HSI_Enable
1478:Drivers/STM32WBxx_HAL_Driver/Inc/stm32wbxx_ll_rcc.h ****   * @retval None
1479:Drivers/STM32WBxx_HAL_Driver/Inc/stm32wbxx_ll_rcc.h ****   */
1480:Drivers/STM32WBxx_HAL_Driver/Inc/stm32wbxx_ll_rcc.h **** __STATIC_INLINE void LL_RCC_HSI_Enable(void)
1481:Drivers/STM32WBxx_HAL_Driver/Inc/stm32wbxx_ll_rcc.h **** {
1482:Drivers/STM32WBxx_HAL_Driver/Inc/stm32wbxx_ll_rcc.h ****   SET_BIT(RCC->CR, RCC_CR_HSION);
1483:Drivers/STM32WBxx_HAL_Driver/Inc/stm32wbxx_ll_rcc.h **** }
1484:Drivers/STM32WBxx_HAL_Driver/Inc/stm32wbxx_ll_rcc.h **** 
1485:Drivers/STM32WBxx_HAL_Driver/Inc/stm32wbxx_ll_rcc.h **** /**
1486:Drivers/STM32WBxx_HAL_Driver/Inc/stm32wbxx_ll_rcc.h ****   * @brief  Disable HSI oscillator
1487:Drivers/STM32WBxx_HAL_Driver/Inc/stm32wbxx_ll_rcc.h ****   * @rmtoll CR           HSION         LL_RCC_HSI_Disable
1488:Drivers/STM32WBxx_HAL_Driver/Inc/stm32wbxx_ll_rcc.h ****   * @retval None
1489:Drivers/STM32WBxx_HAL_Driver/Inc/stm32wbxx_ll_rcc.h ****   */
1490:Drivers/STM32WBxx_HAL_Driver/Inc/stm32wbxx_ll_rcc.h **** __STATIC_INLINE void LL_RCC_HSI_Disable(void)
1491:Drivers/STM32WBxx_HAL_Driver/Inc/stm32wbxx_ll_rcc.h **** {
1492:Drivers/STM32WBxx_HAL_Driver/Inc/stm32wbxx_ll_rcc.h ****   CLEAR_BIT(RCC->CR, RCC_CR_HSION);
1493:Drivers/STM32WBxx_HAL_Driver/Inc/stm32wbxx_ll_rcc.h **** }
1494:Drivers/STM32WBxx_HAL_Driver/Inc/stm32wbxx_ll_rcc.h **** 
1495:Drivers/STM32WBxx_HAL_Driver/Inc/stm32wbxx_ll_rcc.h **** /**
1496:Drivers/STM32WBxx_HAL_Driver/Inc/stm32wbxx_ll_rcc.h ****   * @brief  Check if HSI clock is ready
1497:Drivers/STM32WBxx_HAL_Driver/Inc/stm32wbxx_ll_rcc.h ****   * @rmtoll CR           HSIRDY        LL_RCC_HSI_IsReady
1498:Drivers/STM32WBxx_HAL_Driver/Inc/stm32wbxx_ll_rcc.h ****   * @retval State of bit (1 or 0).
1499:Drivers/STM32WBxx_HAL_Driver/Inc/stm32wbxx_ll_rcc.h ****   */
1500:Drivers/STM32WBxx_HAL_Driver/Inc/stm32wbxx_ll_rcc.h **** __STATIC_INLINE uint32_t LL_RCC_HSI_IsReady(void)
1501:Drivers/STM32WBxx_HAL_Driver/Inc/stm32wbxx_ll_rcc.h **** {
1502:Drivers/STM32WBxx_HAL_Driver/Inc/stm32wbxx_ll_rcc.h ****   return ((READ_BIT(RCC->CR, RCC_CR_HSIRDY) == (RCC_CR_HSIRDY)) ? 1UL : 0UL);
1503:Drivers/STM32WBxx_HAL_Driver/Inc/stm32wbxx_ll_rcc.h **** }
1504:Drivers/STM32WBxx_HAL_Driver/Inc/stm32wbxx_ll_rcc.h **** 
1505:Drivers/STM32WBxx_HAL_Driver/Inc/stm32wbxx_ll_rcc.h **** /**
ARM GAS  C:\Users\843E~1\AppData\Local\Temp\cc5PNIRY.s 			page 64


1506:Drivers/STM32WBxx_HAL_Driver/Inc/stm32wbxx_ll_rcc.h ****   * @brief  Enable HSI Automatic from stop mode
1507:Drivers/STM32WBxx_HAL_Driver/Inc/stm32wbxx_ll_rcc.h ****   * @rmtoll CR           HSIASFS       LL_RCC_HSI_EnableAutoFromStop
1508:Drivers/STM32WBxx_HAL_Driver/Inc/stm32wbxx_ll_rcc.h ****   * @retval None
1509:Drivers/STM32WBxx_HAL_Driver/Inc/stm32wbxx_ll_rcc.h ****   */
1510:Drivers/STM32WBxx_HAL_Driver/Inc/stm32wbxx_ll_rcc.h **** __STATIC_INLINE void LL_RCC_HSI_EnableAutoFromStop(void)
1511:Drivers/STM32WBxx_HAL_Driver/Inc/stm32wbxx_ll_rcc.h **** {
1512:Drivers/STM32WBxx_HAL_Driver/Inc/stm32wbxx_ll_rcc.h ****   SET_BIT(RCC->CR, RCC_CR_HSIASFS);
1513:Drivers/STM32WBxx_HAL_Driver/Inc/stm32wbxx_ll_rcc.h **** }
1514:Drivers/STM32WBxx_HAL_Driver/Inc/stm32wbxx_ll_rcc.h **** 
1515:Drivers/STM32WBxx_HAL_Driver/Inc/stm32wbxx_ll_rcc.h **** /**
1516:Drivers/STM32WBxx_HAL_Driver/Inc/stm32wbxx_ll_rcc.h ****   * @brief  Disable HSI Automatic from stop mode
1517:Drivers/STM32WBxx_HAL_Driver/Inc/stm32wbxx_ll_rcc.h ****   * @rmtoll CR           HSIASFS       LL_RCC_HSI_DisableAutoFromStop
1518:Drivers/STM32WBxx_HAL_Driver/Inc/stm32wbxx_ll_rcc.h ****   * @retval None
1519:Drivers/STM32WBxx_HAL_Driver/Inc/stm32wbxx_ll_rcc.h ****   */
1520:Drivers/STM32WBxx_HAL_Driver/Inc/stm32wbxx_ll_rcc.h **** __STATIC_INLINE void LL_RCC_HSI_DisableAutoFromStop(void)
1521:Drivers/STM32WBxx_HAL_Driver/Inc/stm32wbxx_ll_rcc.h **** {
1522:Drivers/STM32WBxx_HAL_Driver/Inc/stm32wbxx_ll_rcc.h ****   CLEAR_BIT(RCC->CR, RCC_CR_HSIASFS);
1523:Drivers/STM32WBxx_HAL_Driver/Inc/stm32wbxx_ll_rcc.h **** }
1524:Drivers/STM32WBxx_HAL_Driver/Inc/stm32wbxx_ll_rcc.h **** /**
1525:Drivers/STM32WBxx_HAL_Driver/Inc/stm32wbxx_ll_rcc.h ****   * @brief  Get HSI Calibration value
1526:Drivers/STM32WBxx_HAL_Driver/Inc/stm32wbxx_ll_rcc.h ****   * @note When HSITRIM is written, HSICAL is updated with the sum of
1527:Drivers/STM32WBxx_HAL_Driver/Inc/stm32wbxx_ll_rcc.h ****   *       HSITRIM and the factory trim value
1528:Drivers/STM32WBxx_HAL_Driver/Inc/stm32wbxx_ll_rcc.h ****   * @rmtoll ICSCR        HSICAL        LL_RCC_HSI_GetCalibration
1529:Drivers/STM32WBxx_HAL_Driver/Inc/stm32wbxx_ll_rcc.h ****   * @retval Between Min_Data = 0x00 and Max_Data = 0xFF
1530:Drivers/STM32WBxx_HAL_Driver/Inc/stm32wbxx_ll_rcc.h ****   */
1531:Drivers/STM32WBxx_HAL_Driver/Inc/stm32wbxx_ll_rcc.h **** __STATIC_INLINE uint32_t LL_RCC_HSI_GetCalibration(void)
1532:Drivers/STM32WBxx_HAL_Driver/Inc/stm32wbxx_ll_rcc.h **** {
1533:Drivers/STM32WBxx_HAL_Driver/Inc/stm32wbxx_ll_rcc.h ****   return (uint32_t)(READ_BIT(RCC->ICSCR, RCC_ICSCR_HSICAL) >> RCC_ICSCR_HSICAL_Pos);
1534:Drivers/STM32WBxx_HAL_Driver/Inc/stm32wbxx_ll_rcc.h **** }
1535:Drivers/STM32WBxx_HAL_Driver/Inc/stm32wbxx_ll_rcc.h **** 
1536:Drivers/STM32WBxx_HAL_Driver/Inc/stm32wbxx_ll_rcc.h **** /**
1537:Drivers/STM32WBxx_HAL_Driver/Inc/stm32wbxx_ll_rcc.h ****   * @brief  Set HSI Calibration trimming
1538:Drivers/STM32WBxx_HAL_Driver/Inc/stm32wbxx_ll_rcc.h ****   * @note user-programmable trimming value that is added to the HSICAL
1539:Drivers/STM32WBxx_HAL_Driver/Inc/stm32wbxx_ll_rcc.h ****   * @note Default value is 64, which, when added to the HSICAL value,
1540:Drivers/STM32WBxx_HAL_Driver/Inc/stm32wbxx_ll_rcc.h ****   *       should trim the HSI to 16 MHz +/- 1 %
1541:Drivers/STM32WBxx_HAL_Driver/Inc/stm32wbxx_ll_rcc.h ****   * @rmtoll ICSCR        HSITRIM       LL_RCC_HSI_SetCalibTrimming
1542:Drivers/STM32WBxx_HAL_Driver/Inc/stm32wbxx_ll_rcc.h ****   * @param  Value Between Min_Data = 0 and Max_Data = 127
1543:Drivers/STM32WBxx_HAL_Driver/Inc/stm32wbxx_ll_rcc.h ****   * @retval None
1544:Drivers/STM32WBxx_HAL_Driver/Inc/stm32wbxx_ll_rcc.h ****   */
1545:Drivers/STM32WBxx_HAL_Driver/Inc/stm32wbxx_ll_rcc.h **** __STATIC_INLINE void LL_RCC_HSI_SetCalibTrimming(uint32_t Value)
1546:Drivers/STM32WBxx_HAL_Driver/Inc/stm32wbxx_ll_rcc.h **** {
1547:Drivers/STM32WBxx_HAL_Driver/Inc/stm32wbxx_ll_rcc.h ****   MODIFY_REG(RCC->ICSCR, RCC_ICSCR_HSITRIM, Value << RCC_ICSCR_HSITRIM_Pos);
1548:Drivers/STM32WBxx_HAL_Driver/Inc/stm32wbxx_ll_rcc.h **** }
1549:Drivers/STM32WBxx_HAL_Driver/Inc/stm32wbxx_ll_rcc.h **** 
1550:Drivers/STM32WBxx_HAL_Driver/Inc/stm32wbxx_ll_rcc.h **** /**
1551:Drivers/STM32WBxx_HAL_Driver/Inc/stm32wbxx_ll_rcc.h ****   * @brief  Get HSI Calibration trimming
1552:Drivers/STM32WBxx_HAL_Driver/Inc/stm32wbxx_ll_rcc.h ****   * @rmtoll ICSCR        HSITRIM       LL_RCC_HSI_GetCalibTrimming
1553:Drivers/STM32WBxx_HAL_Driver/Inc/stm32wbxx_ll_rcc.h ****   * @retval Between Min_Data = 0 and Max_Data = 127
1554:Drivers/STM32WBxx_HAL_Driver/Inc/stm32wbxx_ll_rcc.h ****   */
1555:Drivers/STM32WBxx_HAL_Driver/Inc/stm32wbxx_ll_rcc.h **** __STATIC_INLINE uint32_t LL_RCC_HSI_GetCalibTrimming(void)
1556:Drivers/STM32WBxx_HAL_Driver/Inc/stm32wbxx_ll_rcc.h **** {
1557:Drivers/STM32WBxx_HAL_Driver/Inc/stm32wbxx_ll_rcc.h ****   return (uint32_t)(READ_BIT(RCC->ICSCR, RCC_ICSCR_HSITRIM) >> RCC_ICSCR_HSITRIM_Pos);
1558:Drivers/STM32WBxx_HAL_Driver/Inc/stm32wbxx_ll_rcc.h **** }
1559:Drivers/STM32WBxx_HAL_Driver/Inc/stm32wbxx_ll_rcc.h **** 
1560:Drivers/STM32WBxx_HAL_Driver/Inc/stm32wbxx_ll_rcc.h **** /**
1561:Drivers/STM32WBxx_HAL_Driver/Inc/stm32wbxx_ll_rcc.h ****   * @}
1562:Drivers/STM32WBxx_HAL_Driver/Inc/stm32wbxx_ll_rcc.h ****   */
ARM GAS  C:\Users\843E~1\AppData\Local\Temp\cc5PNIRY.s 			page 65


1563:Drivers/STM32WBxx_HAL_Driver/Inc/stm32wbxx_ll_rcc.h **** 
1564:Drivers/STM32WBxx_HAL_Driver/Inc/stm32wbxx_ll_rcc.h **** #if defined(RCC_HSI48_SUPPORT)
1565:Drivers/STM32WBxx_HAL_Driver/Inc/stm32wbxx_ll_rcc.h **** /** @defgroup RCC_LL_EF_HSI48 HSI48
1566:Drivers/STM32WBxx_HAL_Driver/Inc/stm32wbxx_ll_rcc.h ****   * @{
1567:Drivers/STM32WBxx_HAL_Driver/Inc/stm32wbxx_ll_rcc.h ****   */
1568:Drivers/STM32WBxx_HAL_Driver/Inc/stm32wbxx_ll_rcc.h **** 
1569:Drivers/STM32WBxx_HAL_Driver/Inc/stm32wbxx_ll_rcc.h **** /**
1570:Drivers/STM32WBxx_HAL_Driver/Inc/stm32wbxx_ll_rcc.h ****   * @brief  Enable HSI48
1571:Drivers/STM32WBxx_HAL_Driver/Inc/stm32wbxx_ll_rcc.h ****   * @rmtoll CRRCR          HSI48ON       LL_RCC_HSI48_Enable
1572:Drivers/STM32WBxx_HAL_Driver/Inc/stm32wbxx_ll_rcc.h ****   * @retval None
1573:Drivers/STM32WBxx_HAL_Driver/Inc/stm32wbxx_ll_rcc.h ****   */
1574:Drivers/STM32WBxx_HAL_Driver/Inc/stm32wbxx_ll_rcc.h **** __STATIC_INLINE void LL_RCC_HSI48_Enable(void)
1575:Drivers/STM32WBxx_HAL_Driver/Inc/stm32wbxx_ll_rcc.h **** {
1576:Drivers/STM32WBxx_HAL_Driver/Inc/stm32wbxx_ll_rcc.h ****   SET_BIT(RCC->CRRCR, RCC_CRRCR_HSI48ON);
1577:Drivers/STM32WBxx_HAL_Driver/Inc/stm32wbxx_ll_rcc.h **** }
1578:Drivers/STM32WBxx_HAL_Driver/Inc/stm32wbxx_ll_rcc.h **** 
1579:Drivers/STM32WBxx_HAL_Driver/Inc/stm32wbxx_ll_rcc.h **** /**
1580:Drivers/STM32WBxx_HAL_Driver/Inc/stm32wbxx_ll_rcc.h ****   * @brief  Disable HSI48
1581:Drivers/STM32WBxx_HAL_Driver/Inc/stm32wbxx_ll_rcc.h ****   * @rmtoll CRRCR          HSI48ON       LL_RCC_HSI48_Disable
1582:Drivers/STM32WBxx_HAL_Driver/Inc/stm32wbxx_ll_rcc.h ****   * @retval None
1583:Drivers/STM32WBxx_HAL_Driver/Inc/stm32wbxx_ll_rcc.h ****   */
1584:Drivers/STM32WBxx_HAL_Driver/Inc/stm32wbxx_ll_rcc.h **** __STATIC_INLINE void LL_RCC_HSI48_Disable(void)
1585:Drivers/STM32WBxx_HAL_Driver/Inc/stm32wbxx_ll_rcc.h **** {
1586:Drivers/STM32WBxx_HAL_Driver/Inc/stm32wbxx_ll_rcc.h ****   CLEAR_BIT(RCC->CRRCR, RCC_CRRCR_HSI48ON);
1587:Drivers/STM32WBxx_HAL_Driver/Inc/stm32wbxx_ll_rcc.h **** }
1588:Drivers/STM32WBxx_HAL_Driver/Inc/stm32wbxx_ll_rcc.h **** 
1589:Drivers/STM32WBxx_HAL_Driver/Inc/stm32wbxx_ll_rcc.h **** /**
1590:Drivers/STM32WBxx_HAL_Driver/Inc/stm32wbxx_ll_rcc.h ****   * @brief  Check if HSI48 oscillator Ready
1591:Drivers/STM32WBxx_HAL_Driver/Inc/stm32wbxx_ll_rcc.h ****   * @rmtoll CRRCR          HSI48RDY      LL_RCC_HSI48_IsReady
1592:Drivers/STM32WBxx_HAL_Driver/Inc/stm32wbxx_ll_rcc.h ****   * @retval State of bit (1 or 0).
1593:Drivers/STM32WBxx_HAL_Driver/Inc/stm32wbxx_ll_rcc.h ****   */
1594:Drivers/STM32WBxx_HAL_Driver/Inc/stm32wbxx_ll_rcc.h **** __STATIC_INLINE uint32_t LL_RCC_HSI48_IsReady(void)
1595:Drivers/STM32WBxx_HAL_Driver/Inc/stm32wbxx_ll_rcc.h **** {
1596:Drivers/STM32WBxx_HAL_Driver/Inc/stm32wbxx_ll_rcc.h ****   return ((READ_BIT(RCC->CRRCR, RCC_CRRCR_HSI48RDY) == (RCC_CRRCR_HSI48RDY)) ? 1UL : 0UL);
1597:Drivers/STM32WBxx_HAL_Driver/Inc/stm32wbxx_ll_rcc.h **** }
1598:Drivers/STM32WBxx_HAL_Driver/Inc/stm32wbxx_ll_rcc.h **** 
1599:Drivers/STM32WBxx_HAL_Driver/Inc/stm32wbxx_ll_rcc.h **** /**
1600:Drivers/STM32WBxx_HAL_Driver/Inc/stm32wbxx_ll_rcc.h ****   * @brief  Get HSI48 Calibration value
1601:Drivers/STM32WBxx_HAL_Driver/Inc/stm32wbxx_ll_rcc.h ****   * @rmtoll CRRCR          HSI48CAL      LL_RCC_HSI48_GetCalibration
1602:Drivers/STM32WBxx_HAL_Driver/Inc/stm32wbxx_ll_rcc.h ****   * @retval Between Min_Data = 0x00 and Max_Data = 0x1FF
1603:Drivers/STM32WBxx_HAL_Driver/Inc/stm32wbxx_ll_rcc.h ****   */
1604:Drivers/STM32WBxx_HAL_Driver/Inc/stm32wbxx_ll_rcc.h **** __STATIC_INLINE uint32_t LL_RCC_HSI48_GetCalibration(void)
1605:Drivers/STM32WBxx_HAL_Driver/Inc/stm32wbxx_ll_rcc.h **** {
1606:Drivers/STM32WBxx_HAL_Driver/Inc/stm32wbxx_ll_rcc.h ****   return (uint32_t)(READ_BIT(RCC->CRRCR, RCC_CRRCR_HSI48CAL) >> RCC_CRRCR_HSI48CAL_Pos);
1607:Drivers/STM32WBxx_HAL_Driver/Inc/stm32wbxx_ll_rcc.h **** }
1608:Drivers/STM32WBxx_HAL_Driver/Inc/stm32wbxx_ll_rcc.h **** 
1609:Drivers/STM32WBxx_HAL_Driver/Inc/stm32wbxx_ll_rcc.h **** /**
1610:Drivers/STM32WBxx_HAL_Driver/Inc/stm32wbxx_ll_rcc.h ****   * @}
1611:Drivers/STM32WBxx_HAL_Driver/Inc/stm32wbxx_ll_rcc.h ****   */
1612:Drivers/STM32WBxx_HAL_Driver/Inc/stm32wbxx_ll_rcc.h **** #endif /* RCC_HSI48_SUPPORT */
1613:Drivers/STM32WBxx_HAL_Driver/Inc/stm32wbxx_ll_rcc.h **** 
1614:Drivers/STM32WBxx_HAL_Driver/Inc/stm32wbxx_ll_rcc.h **** /** @defgroup RCC_LL_EF_LSE LSE
1615:Drivers/STM32WBxx_HAL_Driver/Inc/stm32wbxx_ll_rcc.h ****   * @{
1616:Drivers/STM32WBxx_HAL_Driver/Inc/stm32wbxx_ll_rcc.h ****   */
1617:Drivers/STM32WBxx_HAL_Driver/Inc/stm32wbxx_ll_rcc.h **** 
1618:Drivers/STM32WBxx_HAL_Driver/Inc/stm32wbxx_ll_rcc.h **** /**
1619:Drivers/STM32WBxx_HAL_Driver/Inc/stm32wbxx_ll_rcc.h ****   * @brief  Enable  Low Speed External (LSE) crystal.
ARM GAS  C:\Users\843E~1\AppData\Local\Temp\cc5PNIRY.s 			page 66


1620:Drivers/STM32WBxx_HAL_Driver/Inc/stm32wbxx_ll_rcc.h ****   * @rmtoll BDCR         LSEON         LL_RCC_LSE_Enable
1621:Drivers/STM32WBxx_HAL_Driver/Inc/stm32wbxx_ll_rcc.h ****   * @retval None
1622:Drivers/STM32WBxx_HAL_Driver/Inc/stm32wbxx_ll_rcc.h ****   */
1623:Drivers/STM32WBxx_HAL_Driver/Inc/stm32wbxx_ll_rcc.h **** __STATIC_INLINE void LL_RCC_LSE_Enable(void)
1624:Drivers/STM32WBxx_HAL_Driver/Inc/stm32wbxx_ll_rcc.h **** {
1625:Drivers/STM32WBxx_HAL_Driver/Inc/stm32wbxx_ll_rcc.h ****   SET_BIT(RCC->BDCR, RCC_BDCR_LSEON);
1626:Drivers/STM32WBxx_HAL_Driver/Inc/stm32wbxx_ll_rcc.h **** }
1627:Drivers/STM32WBxx_HAL_Driver/Inc/stm32wbxx_ll_rcc.h **** 
1628:Drivers/STM32WBxx_HAL_Driver/Inc/stm32wbxx_ll_rcc.h **** /**
1629:Drivers/STM32WBxx_HAL_Driver/Inc/stm32wbxx_ll_rcc.h ****   * @brief  Disable  Low Speed External (LSE) crystal.
1630:Drivers/STM32WBxx_HAL_Driver/Inc/stm32wbxx_ll_rcc.h ****   * @rmtoll BDCR         LSEON         LL_RCC_LSE_Disable
1631:Drivers/STM32WBxx_HAL_Driver/Inc/stm32wbxx_ll_rcc.h ****   * @retval None
1632:Drivers/STM32WBxx_HAL_Driver/Inc/stm32wbxx_ll_rcc.h ****   */
1633:Drivers/STM32WBxx_HAL_Driver/Inc/stm32wbxx_ll_rcc.h **** __STATIC_INLINE void LL_RCC_LSE_Disable(void)
1634:Drivers/STM32WBxx_HAL_Driver/Inc/stm32wbxx_ll_rcc.h **** {
1635:Drivers/STM32WBxx_HAL_Driver/Inc/stm32wbxx_ll_rcc.h ****   CLEAR_BIT(RCC->BDCR, RCC_BDCR_LSEON);
1636:Drivers/STM32WBxx_HAL_Driver/Inc/stm32wbxx_ll_rcc.h **** }
1637:Drivers/STM32WBxx_HAL_Driver/Inc/stm32wbxx_ll_rcc.h **** 
1638:Drivers/STM32WBxx_HAL_Driver/Inc/stm32wbxx_ll_rcc.h **** /**
1639:Drivers/STM32WBxx_HAL_Driver/Inc/stm32wbxx_ll_rcc.h ****   * @brief  Check if Low Speed External (LSE) crystal has been enabled or not
1640:Drivers/STM32WBxx_HAL_Driver/Inc/stm32wbxx_ll_rcc.h ****   * @rmtoll BDCR         LSEON         LL_RCC_LSE_IsEnabled
1641:Drivers/STM32WBxx_HAL_Driver/Inc/stm32wbxx_ll_rcc.h ****   * @retval State of bit (1 or 0).
1642:Drivers/STM32WBxx_HAL_Driver/Inc/stm32wbxx_ll_rcc.h ****   */
1643:Drivers/STM32WBxx_HAL_Driver/Inc/stm32wbxx_ll_rcc.h **** __STATIC_INLINE uint32_t LL_RCC_LSE_IsEnabled(void)
1644:Drivers/STM32WBxx_HAL_Driver/Inc/stm32wbxx_ll_rcc.h **** {
1645:Drivers/STM32WBxx_HAL_Driver/Inc/stm32wbxx_ll_rcc.h ****   return ((READ_BIT(RCC->BDCR, RCC_BDCR_LSEON) == (RCC_BDCR_LSEON)) ? 1UL : 0UL);
1646:Drivers/STM32WBxx_HAL_Driver/Inc/stm32wbxx_ll_rcc.h **** }
1647:Drivers/STM32WBxx_HAL_Driver/Inc/stm32wbxx_ll_rcc.h **** 
1648:Drivers/STM32WBxx_HAL_Driver/Inc/stm32wbxx_ll_rcc.h **** /**
1649:Drivers/STM32WBxx_HAL_Driver/Inc/stm32wbxx_ll_rcc.h ****   * @brief  Enable external clock source (LSE bypass).
1650:Drivers/STM32WBxx_HAL_Driver/Inc/stm32wbxx_ll_rcc.h ****   * @rmtoll BDCR         LSEBYP        LL_RCC_LSE_EnableBypass
1651:Drivers/STM32WBxx_HAL_Driver/Inc/stm32wbxx_ll_rcc.h ****   * @retval None
1652:Drivers/STM32WBxx_HAL_Driver/Inc/stm32wbxx_ll_rcc.h ****   */
1653:Drivers/STM32WBxx_HAL_Driver/Inc/stm32wbxx_ll_rcc.h **** __STATIC_INLINE void LL_RCC_LSE_EnableBypass(void)
1654:Drivers/STM32WBxx_HAL_Driver/Inc/stm32wbxx_ll_rcc.h **** {
1655:Drivers/STM32WBxx_HAL_Driver/Inc/stm32wbxx_ll_rcc.h ****   SET_BIT(RCC->BDCR, RCC_BDCR_LSEBYP);
1656:Drivers/STM32WBxx_HAL_Driver/Inc/stm32wbxx_ll_rcc.h **** }
1657:Drivers/STM32WBxx_HAL_Driver/Inc/stm32wbxx_ll_rcc.h **** 
1658:Drivers/STM32WBxx_HAL_Driver/Inc/stm32wbxx_ll_rcc.h **** /**
1659:Drivers/STM32WBxx_HAL_Driver/Inc/stm32wbxx_ll_rcc.h ****   * @brief  Disable external clock source (LSE bypass).
1660:Drivers/STM32WBxx_HAL_Driver/Inc/stm32wbxx_ll_rcc.h ****   * @rmtoll BDCR         LSEBYP        LL_RCC_LSE_DisableBypass
1661:Drivers/STM32WBxx_HAL_Driver/Inc/stm32wbxx_ll_rcc.h ****   * @retval None
1662:Drivers/STM32WBxx_HAL_Driver/Inc/stm32wbxx_ll_rcc.h ****   */
1663:Drivers/STM32WBxx_HAL_Driver/Inc/stm32wbxx_ll_rcc.h **** __STATIC_INLINE void LL_RCC_LSE_DisableBypass(void)
1664:Drivers/STM32WBxx_HAL_Driver/Inc/stm32wbxx_ll_rcc.h **** {
1665:Drivers/STM32WBxx_HAL_Driver/Inc/stm32wbxx_ll_rcc.h ****   CLEAR_BIT(RCC->BDCR, RCC_BDCR_LSEBYP);
1666:Drivers/STM32WBxx_HAL_Driver/Inc/stm32wbxx_ll_rcc.h **** }
1667:Drivers/STM32WBxx_HAL_Driver/Inc/stm32wbxx_ll_rcc.h **** 
1668:Drivers/STM32WBxx_HAL_Driver/Inc/stm32wbxx_ll_rcc.h **** /**
1669:Drivers/STM32WBxx_HAL_Driver/Inc/stm32wbxx_ll_rcc.h ****   * @brief  Set LSE oscillator drive capability
1670:Drivers/STM32WBxx_HAL_Driver/Inc/stm32wbxx_ll_rcc.h ****   * @note The oscillator is in Xtal mode when it is not in bypass mode.
1671:Drivers/STM32WBxx_HAL_Driver/Inc/stm32wbxx_ll_rcc.h ****   * @rmtoll BDCR         LSEDRV        LL_RCC_LSE_SetDriveCapability
1672:Drivers/STM32WBxx_HAL_Driver/Inc/stm32wbxx_ll_rcc.h ****   * @param  LSEDrive This parameter can be one of the following values:
1673:Drivers/STM32WBxx_HAL_Driver/Inc/stm32wbxx_ll_rcc.h ****   *         @arg @ref LL_RCC_LSEDRIVE_LOW
1674:Drivers/STM32WBxx_HAL_Driver/Inc/stm32wbxx_ll_rcc.h ****   *         @arg @ref LL_RCC_LSEDRIVE_MEDIUMLOW
1675:Drivers/STM32WBxx_HAL_Driver/Inc/stm32wbxx_ll_rcc.h ****   *         @arg @ref LL_RCC_LSEDRIVE_MEDIUMHIGH
1676:Drivers/STM32WBxx_HAL_Driver/Inc/stm32wbxx_ll_rcc.h ****   *         @arg @ref LL_RCC_LSEDRIVE_HIGH
ARM GAS  C:\Users\843E~1\AppData\Local\Temp\cc5PNIRY.s 			page 67


1677:Drivers/STM32WBxx_HAL_Driver/Inc/stm32wbxx_ll_rcc.h ****   * @retval None
1678:Drivers/STM32WBxx_HAL_Driver/Inc/stm32wbxx_ll_rcc.h ****   */
1679:Drivers/STM32WBxx_HAL_Driver/Inc/stm32wbxx_ll_rcc.h **** __STATIC_INLINE void LL_RCC_LSE_SetDriveCapability(uint32_t LSEDrive)
1680:Drivers/STM32WBxx_HAL_Driver/Inc/stm32wbxx_ll_rcc.h **** {
1681:Drivers/STM32WBxx_HAL_Driver/Inc/stm32wbxx_ll_rcc.h ****   MODIFY_REG(RCC->BDCR, RCC_BDCR_LSEDRV, LSEDrive);
1682:Drivers/STM32WBxx_HAL_Driver/Inc/stm32wbxx_ll_rcc.h **** }
1683:Drivers/STM32WBxx_HAL_Driver/Inc/stm32wbxx_ll_rcc.h **** 
1684:Drivers/STM32WBxx_HAL_Driver/Inc/stm32wbxx_ll_rcc.h **** /**
1685:Drivers/STM32WBxx_HAL_Driver/Inc/stm32wbxx_ll_rcc.h ****   * @brief  Get LSE oscillator drive capability
1686:Drivers/STM32WBxx_HAL_Driver/Inc/stm32wbxx_ll_rcc.h ****   * @rmtoll BDCR         LSEDRV        LL_RCC_LSE_GetDriveCapability
1687:Drivers/STM32WBxx_HAL_Driver/Inc/stm32wbxx_ll_rcc.h ****   * @retval Returned value can be one of the following values:
1688:Drivers/STM32WBxx_HAL_Driver/Inc/stm32wbxx_ll_rcc.h ****   *         @arg @ref LL_RCC_LSEDRIVE_LOW
1689:Drivers/STM32WBxx_HAL_Driver/Inc/stm32wbxx_ll_rcc.h ****   *         @arg @ref LL_RCC_LSEDRIVE_MEDIUMLOW
1690:Drivers/STM32WBxx_HAL_Driver/Inc/stm32wbxx_ll_rcc.h ****   *         @arg @ref LL_RCC_LSEDRIVE_MEDIUMHIGH
1691:Drivers/STM32WBxx_HAL_Driver/Inc/stm32wbxx_ll_rcc.h ****   *         @arg @ref LL_RCC_LSEDRIVE_HIGH
1692:Drivers/STM32WBxx_HAL_Driver/Inc/stm32wbxx_ll_rcc.h ****   */
1693:Drivers/STM32WBxx_HAL_Driver/Inc/stm32wbxx_ll_rcc.h **** __STATIC_INLINE uint32_t LL_RCC_LSE_GetDriveCapability(void)
1694:Drivers/STM32WBxx_HAL_Driver/Inc/stm32wbxx_ll_rcc.h **** {
1695:Drivers/STM32WBxx_HAL_Driver/Inc/stm32wbxx_ll_rcc.h ****   return (uint32_t)(READ_BIT(RCC->BDCR, RCC_BDCR_LSEDRV));
1696:Drivers/STM32WBxx_HAL_Driver/Inc/stm32wbxx_ll_rcc.h **** }
1697:Drivers/STM32WBxx_HAL_Driver/Inc/stm32wbxx_ll_rcc.h **** 
1698:Drivers/STM32WBxx_HAL_Driver/Inc/stm32wbxx_ll_rcc.h **** /**
1699:Drivers/STM32WBxx_HAL_Driver/Inc/stm32wbxx_ll_rcc.h ****   * @brief  Enable Clock security system on LSE.
1700:Drivers/STM32WBxx_HAL_Driver/Inc/stm32wbxx_ll_rcc.h ****   * @rmtoll BDCR         LSECSSON      LL_RCC_LSE_EnableCSS
1701:Drivers/STM32WBxx_HAL_Driver/Inc/stm32wbxx_ll_rcc.h ****   * @retval None
1702:Drivers/STM32WBxx_HAL_Driver/Inc/stm32wbxx_ll_rcc.h ****   */
1703:Drivers/STM32WBxx_HAL_Driver/Inc/stm32wbxx_ll_rcc.h **** __STATIC_INLINE void LL_RCC_LSE_EnableCSS(void)
1704:Drivers/STM32WBxx_HAL_Driver/Inc/stm32wbxx_ll_rcc.h **** {
1705:Drivers/STM32WBxx_HAL_Driver/Inc/stm32wbxx_ll_rcc.h ****   SET_BIT(RCC->BDCR, RCC_BDCR_LSECSSON);
1706:Drivers/STM32WBxx_HAL_Driver/Inc/stm32wbxx_ll_rcc.h **** }
1707:Drivers/STM32WBxx_HAL_Driver/Inc/stm32wbxx_ll_rcc.h **** 
1708:Drivers/STM32WBxx_HAL_Driver/Inc/stm32wbxx_ll_rcc.h **** /**
1709:Drivers/STM32WBxx_HAL_Driver/Inc/stm32wbxx_ll_rcc.h ****   * @brief  Disable Clock security system on LSE.
1710:Drivers/STM32WBxx_HAL_Driver/Inc/stm32wbxx_ll_rcc.h ****   * @note Clock security system can be disabled only after a LSE
1711:Drivers/STM32WBxx_HAL_Driver/Inc/stm32wbxx_ll_rcc.h ****   *       failure detection. In that case it MUST be disabled by software.
1712:Drivers/STM32WBxx_HAL_Driver/Inc/stm32wbxx_ll_rcc.h ****   * @rmtoll BDCR         LSECSSON      LL_RCC_LSE_DisableCSS
1713:Drivers/STM32WBxx_HAL_Driver/Inc/stm32wbxx_ll_rcc.h ****   * @retval None
1714:Drivers/STM32WBxx_HAL_Driver/Inc/stm32wbxx_ll_rcc.h ****   */
1715:Drivers/STM32WBxx_HAL_Driver/Inc/stm32wbxx_ll_rcc.h **** __STATIC_INLINE void LL_RCC_LSE_DisableCSS(void)
1716:Drivers/STM32WBxx_HAL_Driver/Inc/stm32wbxx_ll_rcc.h **** {
1717:Drivers/STM32WBxx_HAL_Driver/Inc/stm32wbxx_ll_rcc.h ****   CLEAR_BIT(RCC->BDCR, RCC_BDCR_LSECSSON);
1718:Drivers/STM32WBxx_HAL_Driver/Inc/stm32wbxx_ll_rcc.h **** }
1719:Drivers/STM32WBxx_HAL_Driver/Inc/stm32wbxx_ll_rcc.h **** 
1720:Drivers/STM32WBxx_HAL_Driver/Inc/stm32wbxx_ll_rcc.h **** /**
1721:Drivers/STM32WBxx_HAL_Driver/Inc/stm32wbxx_ll_rcc.h ****   * @brief  Check if LSE oscillator Ready
1722:Drivers/STM32WBxx_HAL_Driver/Inc/stm32wbxx_ll_rcc.h ****   * @rmtoll BDCR         LSERDY        LL_RCC_LSE_IsReady
1723:Drivers/STM32WBxx_HAL_Driver/Inc/stm32wbxx_ll_rcc.h ****   * @retval State of bit (1 or 0).
1724:Drivers/STM32WBxx_HAL_Driver/Inc/stm32wbxx_ll_rcc.h ****   */
1725:Drivers/STM32WBxx_HAL_Driver/Inc/stm32wbxx_ll_rcc.h **** __STATIC_INLINE uint32_t LL_RCC_LSE_IsReady(void)
1726:Drivers/STM32WBxx_HAL_Driver/Inc/stm32wbxx_ll_rcc.h **** {
1727:Drivers/STM32WBxx_HAL_Driver/Inc/stm32wbxx_ll_rcc.h ****   return ((READ_BIT(RCC->BDCR, RCC_BDCR_LSERDY) == (RCC_BDCR_LSERDY)) ? 1UL : 0UL);
1728:Drivers/STM32WBxx_HAL_Driver/Inc/stm32wbxx_ll_rcc.h **** }
1729:Drivers/STM32WBxx_HAL_Driver/Inc/stm32wbxx_ll_rcc.h **** 
1730:Drivers/STM32WBxx_HAL_Driver/Inc/stm32wbxx_ll_rcc.h **** /**
1731:Drivers/STM32WBxx_HAL_Driver/Inc/stm32wbxx_ll_rcc.h ****   * @brief  Check if CSS on LSE failure Detection
1732:Drivers/STM32WBxx_HAL_Driver/Inc/stm32wbxx_ll_rcc.h ****   * @rmtoll BDCR         LSECSSD       LL_RCC_LSE_IsCSSDetected
1733:Drivers/STM32WBxx_HAL_Driver/Inc/stm32wbxx_ll_rcc.h ****   * @retval State of bit (1 or 0).
ARM GAS  C:\Users\843E~1\AppData\Local\Temp\cc5PNIRY.s 			page 68


1734:Drivers/STM32WBxx_HAL_Driver/Inc/stm32wbxx_ll_rcc.h ****   */
1735:Drivers/STM32WBxx_HAL_Driver/Inc/stm32wbxx_ll_rcc.h **** __STATIC_INLINE uint32_t LL_RCC_LSE_IsCSSDetected(void)
1736:Drivers/STM32WBxx_HAL_Driver/Inc/stm32wbxx_ll_rcc.h **** {
1737:Drivers/STM32WBxx_HAL_Driver/Inc/stm32wbxx_ll_rcc.h ****   return ((READ_BIT(RCC->BDCR, RCC_BDCR_LSECSSD) == (RCC_BDCR_LSECSSD)) ? 1UL : 0UL);
1738:Drivers/STM32WBxx_HAL_Driver/Inc/stm32wbxx_ll_rcc.h **** }
1739:Drivers/STM32WBxx_HAL_Driver/Inc/stm32wbxx_ll_rcc.h **** 
1740:Drivers/STM32WBxx_HAL_Driver/Inc/stm32wbxx_ll_rcc.h **** /**
1741:Drivers/STM32WBxx_HAL_Driver/Inc/stm32wbxx_ll_rcc.h ****   * @}
1742:Drivers/STM32WBxx_HAL_Driver/Inc/stm32wbxx_ll_rcc.h ****   */
1743:Drivers/STM32WBxx_HAL_Driver/Inc/stm32wbxx_ll_rcc.h **** 
1744:Drivers/STM32WBxx_HAL_Driver/Inc/stm32wbxx_ll_rcc.h **** /** @defgroup RCC_LL_EF_LSI1 LSI1
1745:Drivers/STM32WBxx_HAL_Driver/Inc/stm32wbxx_ll_rcc.h ****   * @{
1746:Drivers/STM32WBxx_HAL_Driver/Inc/stm32wbxx_ll_rcc.h ****   */
1747:Drivers/STM32WBxx_HAL_Driver/Inc/stm32wbxx_ll_rcc.h **** 
1748:Drivers/STM32WBxx_HAL_Driver/Inc/stm32wbxx_ll_rcc.h **** /**
1749:Drivers/STM32WBxx_HAL_Driver/Inc/stm32wbxx_ll_rcc.h ****   * @brief  Enable LSI1 Oscillator
1750:Drivers/STM32WBxx_HAL_Driver/Inc/stm32wbxx_ll_rcc.h ****   * @rmtoll CSR          LSI1ON         LL_RCC_LSI1_Enable
1751:Drivers/STM32WBxx_HAL_Driver/Inc/stm32wbxx_ll_rcc.h ****   * @retval None
1752:Drivers/STM32WBxx_HAL_Driver/Inc/stm32wbxx_ll_rcc.h ****   */
1753:Drivers/STM32WBxx_HAL_Driver/Inc/stm32wbxx_ll_rcc.h **** __STATIC_INLINE void LL_RCC_LSI1_Enable(void)
1754:Drivers/STM32WBxx_HAL_Driver/Inc/stm32wbxx_ll_rcc.h **** {
1755:Drivers/STM32WBxx_HAL_Driver/Inc/stm32wbxx_ll_rcc.h ****   SET_BIT(RCC->CSR, RCC_CSR_LSI1ON);
1756:Drivers/STM32WBxx_HAL_Driver/Inc/stm32wbxx_ll_rcc.h **** }
1757:Drivers/STM32WBxx_HAL_Driver/Inc/stm32wbxx_ll_rcc.h **** 
1758:Drivers/STM32WBxx_HAL_Driver/Inc/stm32wbxx_ll_rcc.h **** /**
1759:Drivers/STM32WBxx_HAL_Driver/Inc/stm32wbxx_ll_rcc.h ****   * @brief  Disable LSI1 Oscillator
1760:Drivers/STM32WBxx_HAL_Driver/Inc/stm32wbxx_ll_rcc.h ****   * @rmtoll CSR          LSI1ON         LL_RCC_LSI1_Disable
1761:Drivers/STM32WBxx_HAL_Driver/Inc/stm32wbxx_ll_rcc.h ****   * @retval None
1762:Drivers/STM32WBxx_HAL_Driver/Inc/stm32wbxx_ll_rcc.h ****   */
1763:Drivers/STM32WBxx_HAL_Driver/Inc/stm32wbxx_ll_rcc.h **** __STATIC_INLINE void LL_RCC_LSI1_Disable(void)
1764:Drivers/STM32WBxx_HAL_Driver/Inc/stm32wbxx_ll_rcc.h **** {
1765:Drivers/STM32WBxx_HAL_Driver/Inc/stm32wbxx_ll_rcc.h ****   CLEAR_BIT(RCC->CSR, RCC_CSR_LSI1ON);
1766:Drivers/STM32WBxx_HAL_Driver/Inc/stm32wbxx_ll_rcc.h **** }
1767:Drivers/STM32WBxx_HAL_Driver/Inc/stm32wbxx_ll_rcc.h **** 
1768:Drivers/STM32WBxx_HAL_Driver/Inc/stm32wbxx_ll_rcc.h **** /**
1769:Drivers/STM32WBxx_HAL_Driver/Inc/stm32wbxx_ll_rcc.h ****   * @brief  Check if LSI1 is Ready
1770:Drivers/STM32WBxx_HAL_Driver/Inc/stm32wbxx_ll_rcc.h ****   * @rmtoll CSR          LSI1RDY        LL_RCC_LSI1_IsReady
1771:Drivers/STM32WBxx_HAL_Driver/Inc/stm32wbxx_ll_rcc.h ****   * @retval State of bit (1 or 0).
1772:Drivers/STM32WBxx_HAL_Driver/Inc/stm32wbxx_ll_rcc.h ****   */
1773:Drivers/STM32WBxx_HAL_Driver/Inc/stm32wbxx_ll_rcc.h **** __STATIC_INLINE uint32_t LL_RCC_LSI1_IsReady(void)
1774:Drivers/STM32WBxx_HAL_Driver/Inc/stm32wbxx_ll_rcc.h **** {
1775:Drivers/STM32WBxx_HAL_Driver/Inc/stm32wbxx_ll_rcc.h ****   return ((READ_BIT(RCC->CSR, RCC_CSR_LSI1RDY) == (RCC_CSR_LSI1RDY)) ? 1UL : 0UL);
1776:Drivers/STM32WBxx_HAL_Driver/Inc/stm32wbxx_ll_rcc.h **** }
1777:Drivers/STM32WBxx_HAL_Driver/Inc/stm32wbxx_ll_rcc.h **** 
1778:Drivers/STM32WBxx_HAL_Driver/Inc/stm32wbxx_ll_rcc.h **** /**
1779:Drivers/STM32WBxx_HAL_Driver/Inc/stm32wbxx_ll_rcc.h ****   * @}
1780:Drivers/STM32WBxx_HAL_Driver/Inc/stm32wbxx_ll_rcc.h ****   */
1781:Drivers/STM32WBxx_HAL_Driver/Inc/stm32wbxx_ll_rcc.h **** 
1782:Drivers/STM32WBxx_HAL_Driver/Inc/stm32wbxx_ll_rcc.h **** /** @defgroup RCC_LL_EF_LSI2 LSI2
1783:Drivers/STM32WBxx_HAL_Driver/Inc/stm32wbxx_ll_rcc.h ****   * @{
1784:Drivers/STM32WBxx_HAL_Driver/Inc/stm32wbxx_ll_rcc.h ****   */
1785:Drivers/STM32WBxx_HAL_Driver/Inc/stm32wbxx_ll_rcc.h **** 
1786:Drivers/STM32WBxx_HAL_Driver/Inc/stm32wbxx_ll_rcc.h **** /**
1787:Drivers/STM32WBxx_HAL_Driver/Inc/stm32wbxx_ll_rcc.h ****   * @brief  Enable LSI2 Oscillator
1788:Drivers/STM32WBxx_HAL_Driver/Inc/stm32wbxx_ll_rcc.h ****   * @rmtoll CSR          LSI2ON         LL_RCC_LSI2_Enable
1789:Drivers/STM32WBxx_HAL_Driver/Inc/stm32wbxx_ll_rcc.h ****   * @retval None
1790:Drivers/STM32WBxx_HAL_Driver/Inc/stm32wbxx_ll_rcc.h ****   */
ARM GAS  C:\Users\843E~1\AppData\Local\Temp\cc5PNIRY.s 			page 69


1791:Drivers/STM32WBxx_HAL_Driver/Inc/stm32wbxx_ll_rcc.h **** __STATIC_INLINE void LL_RCC_LSI2_Enable(void)
1792:Drivers/STM32WBxx_HAL_Driver/Inc/stm32wbxx_ll_rcc.h **** {
1793:Drivers/STM32WBxx_HAL_Driver/Inc/stm32wbxx_ll_rcc.h ****   SET_BIT(RCC->CSR, RCC_CSR_LSI2ON);
1794:Drivers/STM32WBxx_HAL_Driver/Inc/stm32wbxx_ll_rcc.h **** }
1795:Drivers/STM32WBxx_HAL_Driver/Inc/stm32wbxx_ll_rcc.h **** 
1796:Drivers/STM32WBxx_HAL_Driver/Inc/stm32wbxx_ll_rcc.h **** /**
1797:Drivers/STM32WBxx_HAL_Driver/Inc/stm32wbxx_ll_rcc.h ****   * @brief  Disable LSI2 Oscillator
1798:Drivers/STM32WBxx_HAL_Driver/Inc/stm32wbxx_ll_rcc.h ****   * @rmtoll CSR          LSI2ON         LL_RCC_LSI2_Disable
1799:Drivers/STM32WBxx_HAL_Driver/Inc/stm32wbxx_ll_rcc.h ****   * @retval None
1800:Drivers/STM32WBxx_HAL_Driver/Inc/stm32wbxx_ll_rcc.h ****   */
1801:Drivers/STM32WBxx_HAL_Driver/Inc/stm32wbxx_ll_rcc.h **** __STATIC_INLINE void LL_RCC_LSI2_Disable(void)
1802:Drivers/STM32WBxx_HAL_Driver/Inc/stm32wbxx_ll_rcc.h **** {
1803:Drivers/STM32WBxx_HAL_Driver/Inc/stm32wbxx_ll_rcc.h ****   CLEAR_BIT(RCC->CSR, RCC_CSR_LSI2ON);
1804:Drivers/STM32WBxx_HAL_Driver/Inc/stm32wbxx_ll_rcc.h **** }
1805:Drivers/STM32WBxx_HAL_Driver/Inc/stm32wbxx_ll_rcc.h **** 
1806:Drivers/STM32WBxx_HAL_Driver/Inc/stm32wbxx_ll_rcc.h **** /**
1807:Drivers/STM32WBxx_HAL_Driver/Inc/stm32wbxx_ll_rcc.h ****   * @brief  Check if LSI2 is Ready
1808:Drivers/STM32WBxx_HAL_Driver/Inc/stm32wbxx_ll_rcc.h ****   * @rmtoll CSR          LSI2RDY        LL_RCC_LSI2_IsReady
1809:Drivers/STM32WBxx_HAL_Driver/Inc/stm32wbxx_ll_rcc.h ****   * @retval State of bit (1 or 0).
1810:Drivers/STM32WBxx_HAL_Driver/Inc/stm32wbxx_ll_rcc.h ****   */
1811:Drivers/STM32WBxx_HAL_Driver/Inc/stm32wbxx_ll_rcc.h **** __STATIC_INLINE uint32_t LL_RCC_LSI2_IsReady(void)
1812:Drivers/STM32WBxx_HAL_Driver/Inc/stm32wbxx_ll_rcc.h **** {
1813:Drivers/STM32WBxx_HAL_Driver/Inc/stm32wbxx_ll_rcc.h ****   return ((READ_BIT(RCC->CSR, RCC_CSR_LSI2RDY) == (RCC_CSR_LSI2RDY)) ? 1UL : 0UL);
1814:Drivers/STM32WBxx_HAL_Driver/Inc/stm32wbxx_ll_rcc.h **** }
1815:Drivers/STM32WBxx_HAL_Driver/Inc/stm32wbxx_ll_rcc.h **** 
1816:Drivers/STM32WBxx_HAL_Driver/Inc/stm32wbxx_ll_rcc.h **** /**
1817:Drivers/STM32WBxx_HAL_Driver/Inc/stm32wbxx_ll_rcc.h ****   * @brief  Set LSI2 trimming value
1818:Drivers/STM32WBxx_HAL_Driver/Inc/stm32wbxx_ll_rcc.h ****   * @rmtoll CSR        LSI2TRIM       LL_RCC_LSI2_SetTrimming
1819:Drivers/STM32WBxx_HAL_Driver/Inc/stm32wbxx_ll_rcc.h ****   * @param  Value Between Min_Data = 0 and Max_Data = 15
1820:Drivers/STM32WBxx_HAL_Driver/Inc/stm32wbxx_ll_rcc.h ****   * @retval None
1821:Drivers/STM32WBxx_HAL_Driver/Inc/stm32wbxx_ll_rcc.h ****   */
1822:Drivers/STM32WBxx_HAL_Driver/Inc/stm32wbxx_ll_rcc.h **** __STATIC_INLINE void LL_RCC_LSI2_SetTrimming(uint32_t Value)
1823:Drivers/STM32WBxx_HAL_Driver/Inc/stm32wbxx_ll_rcc.h **** {
1824:Drivers/STM32WBxx_HAL_Driver/Inc/stm32wbxx_ll_rcc.h ****   MODIFY_REG(RCC->CSR, RCC_CSR_LSI2TRIM, Value << RCC_CSR_LSI2TRIM_Pos);
1825:Drivers/STM32WBxx_HAL_Driver/Inc/stm32wbxx_ll_rcc.h **** }
1826:Drivers/STM32WBxx_HAL_Driver/Inc/stm32wbxx_ll_rcc.h **** 
1827:Drivers/STM32WBxx_HAL_Driver/Inc/stm32wbxx_ll_rcc.h **** /**
1828:Drivers/STM32WBxx_HAL_Driver/Inc/stm32wbxx_ll_rcc.h ****   * @brief  Get LSI2 trimming value
1829:Drivers/STM32WBxx_HAL_Driver/Inc/stm32wbxx_ll_rcc.h ****   * @rmtoll CSR        LSI2TRIM       LL_RCC_LSI2_GetTrimming
1830:Drivers/STM32WBxx_HAL_Driver/Inc/stm32wbxx_ll_rcc.h ****   * @retval Between Min_Data = 0 and Max_Data = 12
1831:Drivers/STM32WBxx_HAL_Driver/Inc/stm32wbxx_ll_rcc.h ****   */
1832:Drivers/STM32WBxx_HAL_Driver/Inc/stm32wbxx_ll_rcc.h **** __STATIC_INLINE uint32_t LL_RCC_LSI2_GetTrimming(void)
1833:Drivers/STM32WBxx_HAL_Driver/Inc/stm32wbxx_ll_rcc.h **** {
1834:Drivers/STM32WBxx_HAL_Driver/Inc/stm32wbxx_ll_rcc.h ****   return (uint32_t)(READ_BIT(RCC->CSR, RCC_CSR_LSI2TRIM) >> RCC_CSR_LSI2TRIM_Pos);
1835:Drivers/STM32WBxx_HAL_Driver/Inc/stm32wbxx_ll_rcc.h **** }
1836:Drivers/STM32WBxx_HAL_Driver/Inc/stm32wbxx_ll_rcc.h **** 
1837:Drivers/STM32WBxx_HAL_Driver/Inc/stm32wbxx_ll_rcc.h **** /**
1838:Drivers/STM32WBxx_HAL_Driver/Inc/stm32wbxx_ll_rcc.h ****   * @}
1839:Drivers/STM32WBxx_HAL_Driver/Inc/stm32wbxx_ll_rcc.h ****   */
1840:Drivers/STM32WBxx_HAL_Driver/Inc/stm32wbxx_ll_rcc.h **** 
1841:Drivers/STM32WBxx_HAL_Driver/Inc/stm32wbxx_ll_rcc.h **** /** @defgroup RCC_LL_EF_MSI MSI
1842:Drivers/STM32WBxx_HAL_Driver/Inc/stm32wbxx_ll_rcc.h ****   * @{
1843:Drivers/STM32WBxx_HAL_Driver/Inc/stm32wbxx_ll_rcc.h ****   */
1844:Drivers/STM32WBxx_HAL_Driver/Inc/stm32wbxx_ll_rcc.h **** 
1845:Drivers/STM32WBxx_HAL_Driver/Inc/stm32wbxx_ll_rcc.h **** /**
1846:Drivers/STM32WBxx_HAL_Driver/Inc/stm32wbxx_ll_rcc.h ****   * @brief  Enable MSI oscillator
1847:Drivers/STM32WBxx_HAL_Driver/Inc/stm32wbxx_ll_rcc.h ****   * @rmtoll CR           MSION         LL_RCC_MSI_Enable
ARM GAS  C:\Users\843E~1\AppData\Local\Temp\cc5PNIRY.s 			page 70


1848:Drivers/STM32WBxx_HAL_Driver/Inc/stm32wbxx_ll_rcc.h ****   * @retval None
1849:Drivers/STM32WBxx_HAL_Driver/Inc/stm32wbxx_ll_rcc.h ****   */
1850:Drivers/STM32WBxx_HAL_Driver/Inc/stm32wbxx_ll_rcc.h **** __STATIC_INLINE void LL_RCC_MSI_Enable(void)
1851:Drivers/STM32WBxx_HAL_Driver/Inc/stm32wbxx_ll_rcc.h **** {
1852:Drivers/STM32WBxx_HAL_Driver/Inc/stm32wbxx_ll_rcc.h ****   SET_BIT(RCC->CR, RCC_CR_MSION);
1853:Drivers/STM32WBxx_HAL_Driver/Inc/stm32wbxx_ll_rcc.h **** }
1854:Drivers/STM32WBxx_HAL_Driver/Inc/stm32wbxx_ll_rcc.h **** 
1855:Drivers/STM32WBxx_HAL_Driver/Inc/stm32wbxx_ll_rcc.h **** /**
1856:Drivers/STM32WBxx_HAL_Driver/Inc/stm32wbxx_ll_rcc.h ****   * @brief  Disable MSI oscillator
1857:Drivers/STM32WBxx_HAL_Driver/Inc/stm32wbxx_ll_rcc.h ****   * @rmtoll CR           MSION         LL_RCC_MSI_Disable
1858:Drivers/STM32WBxx_HAL_Driver/Inc/stm32wbxx_ll_rcc.h ****   * @retval None
1859:Drivers/STM32WBxx_HAL_Driver/Inc/stm32wbxx_ll_rcc.h ****   */
1860:Drivers/STM32WBxx_HAL_Driver/Inc/stm32wbxx_ll_rcc.h **** __STATIC_INLINE void LL_RCC_MSI_Disable(void)
1861:Drivers/STM32WBxx_HAL_Driver/Inc/stm32wbxx_ll_rcc.h **** {
1862:Drivers/STM32WBxx_HAL_Driver/Inc/stm32wbxx_ll_rcc.h ****   CLEAR_BIT(RCC->CR, RCC_CR_MSION);
1863:Drivers/STM32WBxx_HAL_Driver/Inc/stm32wbxx_ll_rcc.h **** }
1864:Drivers/STM32WBxx_HAL_Driver/Inc/stm32wbxx_ll_rcc.h **** 
1865:Drivers/STM32WBxx_HAL_Driver/Inc/stm32wbxx_ll_rcc.h **** /**
1866:Drivers/STM32WBxx_HAL_Driver/Inc/stm32wbxx_ll_rcc.h ****   * @brief  Check if MSI oscillator Ready
1867:Drivers/STM32WBxx_HAL_Driver/Inc/stm32wbxx_ll_rcc.h ****   * @rmtoll CR           MSIRDY        LL_RCC_MSI_IsReady
1868:Drivers/STM32WBxx_HAL_Driver/Inc/stm32wbxx_ll_rcc.h ****   * @retval State of bit (1 or 0).
1869:Drivers/STM32WBxx_HAL_Driver/Inc/stm32wbxx_ll_rcc.h ****   */
1870:Drivers/STM32WBxx_HAL_Driver/Inc/stm32wbxx_ll_rcc.h **** __STATIC_INLINE uint32_t LL_RCC_MSI_IsReady(void)
1871:Drivers/STM32WBxx_HAL_Driver/Inc/stm32wbxx_ll_rcc.h **** {
1872:Drivers/STM32WBxx_HAL_Driver/Inc/stm32wbxx_ll_rcc.h ****   return ((READ_BIT(RCC->CR, RCC_CR_MSIRDY) == (RCC_CR_MSIRDY)) ? 1UL : 0UL);
1873:Drivers/STM32WBxx_HAL_Driver/Inc/stm32wbxx_ll_rcc.h **** }
1874:Drivers/STM32WBxx_HAL_Driver/Inc/stm32wbxx_ll_rcc.h **** 
1875:Drivers/STM32WBxx_HAL_Driver/Inc/stm32wbxx_ll_rcc.h **** /**
1876:Drivers/STM32WBxx_HAL_Driver/Inc/stm32wbxx_ll_rcc.h ****   * @brief  Enable MSI PLL-mode (Hardware auto calibration with LSE)
1877:Drivers/STM32WBxx_HAL_Driver/Inc/stm32wbxx_ll_rcc.h ****   * @note MSIPLLEN must be enabled after LSE is enabled (LSEON enabled)
1878:Drivers/STM32WBxx_HAL_Driver/Inc/stm32wbxx_ll_rcc.h ****   *       and ready (LSERDY set by hardware)
1879:Drivers/STM32WBxx_HAL_Driver/Inc/stm32wbxx_ll_rcc.h ****   * @note hardware protection to avoid enabling MSIPLLEN if LSE is not
1880:Drivers/STM32WBxx_HAL_Driver/Inc/stm32wbxx_ll_rcc.h ****   *       ready
1881:Drivers/STM32WBxx_HAL_Driver/Inc/stm32wbxx_ll_rcc.h ****   * @rmtoll CR           MSIPLLEN      LL_RCC_MSI_EnablePLLMode
1882:Drivers/STM32WBxx_HAL_Driver/Inc/stm32wbxx_ll_rcc.h ****   * @retval None
1883:Drivers/STM32WBxx_HAL_Driver/Inc/stm32wbxx_ll_rcc.h ****   */
1884:Drivers/STM32WBxx_HAL_Driver/Inc/stm32wbxx_ll_rcc.h **** __STATIC_INLINE void LL_RCC_MSI_EnablePLLMode(void)
1885:Drivers/STM32WBxx_HAL_Driver/Inc/stm32wbxx_ll_rcc.h **** {
1886:Drivers/STM32WBxx_HAL_Driver/Inc/stm32wbxx_ll_rcc.h ****   SET_BIT(RCC->CR, RCC_CR_MSIPLLEN);
1887:Drivers/STM32WBxx_HAL_Driver/Inc/stm32wbxx_ll_rcc.h **** }
1888:Drivers/STM32WBxx_HAL_Driver/Inc/stm32wbxx_ll_rcc.h **** 
1889:Drivers/STM32WBxx_HAL_Driver/Inc/stm32wbxx_ll_rcc.h **** /**
1890:Drivers/STM32WBxx_HAL_Driver/Inc/stm32wbxx_ll_rcc.h ****   * @brief  Disable MSI-PLL mode
1891:Drivers/STM32WBxx_HAL_Driver/Inc/stm32wbxx_ll_rcc.h ****   * @note cleared by hardware when LSE is disabled (LSEON = 0) or when
1892:Drivers/STM32WBxx_HAL_Driver/Inc/stm32wbxx_ll_rcc.h ****   *       the Clock Security System on LSE detects a LSE failure
1893:Drivers/STM32WBxx_HAL_Driver/Inc/stm32wbxx_ll_rcc.h ****   * @rmtoll CR           MSIPLLEN      LL_RCC_MSI_DisablePLLMode
1894:Drivers/STM32WBxx_HAL_Driver/Inc/stm32wbxx_ll_rcc.h ****   * @retval None
1895:Drivers/STM32WBxx_HAL_Driver/Inc/stm32wbxx_ll_rcc.h ****   */
1896:Drivers/STM32WBxx_HAL_Driver/Inc/stm32wbxx_ll_rcc.h **** __STATIC_INLINE void LL_RCC_MSI_DisablePLLMode(void)
1897:Drivers/STM32WBxx_HAL_Driver/Inc/stm32wbxx_ll_rcc.h **** {
1898:Drivers/STM32WBxx_HAL_Driver/Inc/stm32wbxx_ll_rcc.h ****   CLEAR_BIT(RCC->CR, RCC_CR_MSIPLLEN);
1899:Drivers/STM32WBxx_HAL_Driver/Inc/stm32wbxx_ll_rcc.h **** }
1900:Drivers/STM32WBxx_HAL_Driver/Inc/stm32wbxx_ll_rcc.h **** 
1901:Drivers/STM32WBxx_HAL_Driver/Inc/stm32wbxx_ll_rcc.h **** 
1902:Drivers/STM32WBxx_HAL_Driver/Inc/stm32wbxx_ll_rcc.h **** /**
1903:Drivers/STM32WBxx_HAL_Driver/Inc/stm32wbxx_ll_rcc.h ****   * @brief  Configure the Internal Multi Speed oscillator (MSI) clock range in run mode.
1904:Drivers/STM32WBxx_HAL_Driver/Inc/stm32wbxx_ll_rcc.h ****   * @rmtoll CR           MSIRANGE      LL_RCC_MSI_SetRange
ARM GAS  C:\Users\843E~1\AppData\Local\Temp\cc5PNIRY.s 			page 71


1905:Drivers/STM32WBxx_HAL_Driver/Inc/stm32wbxx_ll_rcc.h ****   * @param  Range This parameter can be one of the following values:
1906:Drivers/STM32WBxx_HAL_Driver/Inc/stm32wbxx_ll_rcc.h ****   *         @arg @ref LL_RCC_MSIRANGE_0
1907:Drivers/STM32WBxx_HAL_Driver/Inc/stm32wbxx_ll_rcc.h ****   *         @arg @ref LL_RCC_MSIRANGE_1
1908:Drivers/STM32WBxx_HAL_Driver/Inc/stm32wbxx_ll_rcc.h ****   *         @arg @ref LL_RCC_MSIRANGE_2
1909:Drivers/STM32WBxx_HAL_Driver/Inc/stm32wbxx_ll_rcc.h ****   *         @arg @ref LL_RCC_MSIRANGE_3
1910:Drivers/STM32WBxx_HAL_Driver/Inc/stm32wbxx_ll_rcc.h ****   *         @arg @ref LL_RCC_MSIRANGE_4
1911:Drivers/STM32WBxx_HAL_Driver/Inc/stm32wbxx_ll_rcc.h ****   *         @arg @ref LL_RCC_MSIRANGE_5
1912:Drivers/STM32WBxx_HAL_Driver/Inc/stm32wbxx_ll_rcc.h ****   *         @arg @ref LL_RCC_MSIRANGE_6
1913:Drivers/STM32WBxx_HAL_Driver/Inc/stm32wbxx_ll_rcc.h ****   *         @arg @ref LL_RCC_MSIRANGE_7
1914:Drivers/STM32WBxx_HAL_Driver/Inc/stm32wbxx_ll_rcc.h ****   *         @arg @ref LL_RCC_MSIRANGE_8
1915:Drivers/STM32WBxx_HAL_Driver/Inc/stm32wbxx_ll_rcc.h ****   *         @arg @ref LL_RCC_MSIRANGE_9
1916:Drivers/STM32WBxx_HAL_Driver/Inc/stm32wbxx_ll_rcc.h ****   *         @arg @ref LL_RCC_MSIRANGE_10
1917:Drivers/STM32WBxx_HAL_Driver/Inc/stm32wbxx_ll_rcc.h ****   *         @arg @ref LL_RCC_MSIRANGE_11
1918:Drivers/STM32WBxx_HAL_Driver/Inc/stm32wbxx_ll_rcc.h ****   * @retval None
1919:Drivers/STM32WBxx_HAL_Driver/Inc/stm32wbxx_ll_rcc.h ****   */
1920:Drivers/STM32WBxx_HAL_Driver/Inc/stm32wbxx_ll_rcc.h **** __STATIC_INLINE void LL_RCC_MSI_SetRange(uint32_t Range)
1921:Drivers/STM32WBxx_HAL_Driver/Inc/stm32wbxx_ll_rcc.h **** {
1922:Drivers/STM32WBxx_HAL_Driver/Inc/stm32wbxx_ll_rcc.h ****   MODIFY_REG(RCC->CR, RCC_CR_MSIRANGE, Range);
1923:Drivers/STM32WBxx_HAL_Driver/Inc/stm32wbxx_ll_rcc.h **** }
1924:Drivers/STM32WBxx_HAL_Driver/Inc/stm32wbxx_ll_rcc.h **** 
1925:Drivers/STM32WBxx_HAL_Driver/Inc/stm32wbxx_ll_rcc.h **** /**
1926:Drivers/STM32WBxx_HAL_Driver/Inc/stm32wbxx_ll_rcc.h ****   * @brief  Get the Internal Multi Speed oscillator (MSI) clock range in run mode.
1927:Drivers/STM32WBxx_HAL_Driver/Inc/stm32wbxx_ll_rcc.h ****   * @rmtoll CR           MSIRANGE      LL_RCC_MSI_GetRange
1928:Drivers/STM32WBxx_HAL_Driver/Inc/stm32wbxx_ll_rcc.h ****   * @retval Returned value can be one of the following values:
1929:Drivers/STM32WBxx_HAL_Driver/Inc/stm32wbxx_ll_rcc.h ****   *         @arg @ref LL_RCC_MSIRANGE_0
1930:Drivers/STM32WBxx_HAL_Driver/Inc/stm32wbxx_ll_rcc.h ****   *         @arg @ref LL_RCC_MSIRANGE_1
1931:Drivers/STM32WBxx_HAL_Driver/Inc/stm32wbxx_ll_rcc.h ****   *         @arg @ref LL_RCC_MSIRANGE_2
1932:Drivers/STM32WBxx_HAL_Driver/Inc/stm32wbxx_ll_rcc.h ****   *         @arg @ref LL_RCC_MSIRANGE_3
1933:Drivers/STM32WBxx_HAL_Driver/Inc/stm32wbxx_ll_rcc.h ****   *         @arg @ref LL_RCC_MSIRANGE_4
1934:Drivers/STM32WBxx_HAL_Driver/Inc/stm32wbxx_ll_rcc.h ****   *         @arg @ref LL_RCC_MSIRANGE_5
1935:Drivers/STM32WBxx_HAL_Driver/Inc/stm32wbxx_ll_rcc.h ****   *         @arg @ref LL_RCC_MSIRANGE_6
1936:Drivers/STM32WBxx_HAL_Driver/Inc/stm32wbxx_ll_rcc.h ****   *         @arg @ref LL_RCC_MSIRANGE_7
1937:Drivers/STM32WBxx_HAL_Driver/Inc/stm32wbxx_ll_rcc.h ****   *         @arg @ref LL_RCC_MSIRANGE_8
1938:Drivers/STM32WBxx_HAL_Driver/Inc/stm32wbxx_ll_rcc.h ****   *         @arg @ref LL_RCC_MSIRANGE_9
1939:Drivers/STM32WBxx_HAL_Driver/Inc/stm32wbxx_ll_rcc.h ****   *         @arg @ref LL_RCC_MSIRANGE_10
1940:Drivers/STM32WBxx_HAL_Driver/Inc/stm32wbxx_ll_rcc.h ****   *         @arg @ref LL_RCC_MSIRANGE_11
1941:Drivers/STM32WBxx_HAL_Driver/Inc/stm32wbxx_ll_rcc.h ****   */
1942:Drivers/STM32WBxx_HAL_Driver/Inc/stm32wbxx_ll_rcc.h **** __STATIC_INLINE uint32_t LL_RCC_MSI_GetRange(void)
1943:Drivers/STM32WBxx_HAL_Driver/Inc/stm32wbxx_ll_rcc.h **** {
1944:Drivers/STM32WBxx_HAL_Driver/Inc/stm32wbxx_ll_rcc.h ****   uint32_t msiRange = READ_BIT(RCC->CR, RCC_CR_MSIRANGE);
1945:Drivers/STM32WBxx_HAL_Driver/Inc/stm32wbxx_ll_rcc.h ****   if (msiRange > LL_RCC_MSIRANGE_11)
1946:Drivers/STM32WBxx_HAL_Driver/Inc/stm32wbxx_ll_rcc.h ****   {
1947:Drivers/STM32WBxx_HAL_Driver/Inc/stm32wbxx_ll_rcc.h ****     msiRange = LL_RCC_MSIRANGE_11;
1948:Drivers/STM32WBxx_HAL_Driver/Inc/stm32wbxx_ll_rcc.h ****   }
1949:Drivers/STM32WBxx_HAL_Driver/Inc/stm32wbxx_ll_rcc.h ****   return msiRange;
1950:Drivers/STM32WBxx_HAL_Driver/Inc/stm32wbxx_ll_rcc.h **** }
1951:Drivers/STM32WBxx_HAL_Driver/Inc/stm32wbxx_ll_rcc.h **** 
1952:Drivers/STM32WBxx_HAL_Driver/Inc/stm32wbxx_ll_rcc.h **** 
1953:Drivers/STM32WBxx_HAL_Driver/Inc/stm32wbxx_ll_rcc.h **** /**
1954:Drivers/STM32WBxx_HAL_Driver/Inc/stm32wbxx_ll_rcc.h ****   * @brief  Get MSI Calibration value
1955:Drivers/STM32WBxx_HAL_Driver/Inc/stm32wbxx_ll_rcc.h ****   * @note When MSITRIM is written, MSICAL is updated with the sum of
1956:Drivers/STM32WBxx_HAL_Driver/Inc/stm32wbxx_ll_rcc.h ****   *       MSITRIM and the factory trim value
1957:Drivers/STM32WBxx_HAL_Driver/Inc/stm32wbxx_ll_rcc.h ****   * @rmtoll ICSCR        MSICAL        LL_RCC_MSI_GetCalibration
1958:Drivers/STM32WBxx_HAL_Driver/Inc/stm32wbxx_ll_rcc.h ****   * @retval Between Min_Data = 0 and Max_Data = 255
1959:Drivers/STM32WBxx_HAL_Driver/Inc/stm32wbxx_ll_rcc.h ****   */
1960:Drivers/STM32WBxx_HAL_Driver/Inc/stm32wbxx_ll_rcc.h **** __STATIC_INLINE uint32_t LL_RCC_MSI_GetCalibration(void)
1961:Drivers/STM32WBxx_HAL_Driver/Inc/stm32wbxx_ll_rcc.h **** {
ARM GAS  C:\Users\843E~1\AppData\Local\Temp\cc5PNIRY.s 			page 72


1962:Drivers/STM32WBxx_HAL_Driver/Inc/stm32wbxx_ll_rcc.h ****   return (uint32_t)(READ_BIT(RCC->ICSCR, RCC_ICSCR_MSICAL) >> RCC_ICSCR_MSICAL_Pos);
1963:Drivers/STM32WBxx_HAL_Driver/Inc/stm32wbxx_ll_rcc.h **** }
1964:Drivers/STM32WBxx_HAL_Driver/Inc/stm32wbxx_ll_rcc.h **** 
1965:Drivers/STM32WBxx_HAL_Driver/Inc/stm32wbxx_ll_rcc.h **** /**
1966:Drivers/STM32WBxx_HAL_Driver/Inc/stm32wbxx_ll_rcc.h ****   * @brief  Set MSI Calibration trimming
1967:Drivers/STM32WBxx_HAL_Driver/Inc/stm32wbxx_ll_rcc.h ****   * @note user-programmable trimming value that is added to the MSICAL
1968:Drivers/STM32WBxx_HAL_Driver/Inc/stm32wbxx_ll_rcc.h ****   * @rmtoll ICSCR        MSITRIM       LL_RCC_MSI_SetCalibTrimming
1969:Drivers/STM32WBxx_HAL_Driver/Inc/stm32wbxx_ll_rcc.h ****   * @param  Value Between Min_Data = 0 and Max_Data = 255
1970:Drivers/STM32WBxx_HAL_Driver/Inc/stm32wbxx_ll_rcc.h ****   * @retval None
1971:Drivers/STM32WBxx_HAL_Driver/Inc/stm32wbxx_ll_rcc.h ****   */
1972:Drivers/STM32WBxx_HAL_Driver/Inc/stm32wbxx_ll_rcc.h **** __STATIC_INLINE void LL_RCC_MSI_SetCalibTrimming(uint32_t Value)
1973:Drivers/STM32WBxx_HAL_Driver/Inc/stm32wbxx_ll_rcc.h **** {
1974:Drivers/STM32WBxx_HAL_Driver/Inc/stm32wbxx_ll_rcc.h ****   MODIFY_REG(RCC->ICSCR, RCC_ICSCR_MSITRIM, Value << RCC_ICSCR_MSITRIM_Pos);
1975:Drivers/STM32WBxx_HAL_Driver/Inc/stm32wbxx_ll_rcc.h **** }
1976:Drivers/STM32WBxx_HAL_Driver/Inc/stm32wbxx_ll_rcc.h **** 
1977:Drivers/STM32WBxx_HAL_Driver/Inc/stm32wbxx_ll_rcc.h **** /**
1978:Drivers/STM32WBxx_HAL_Driver/Inc/stm32wbxx_ll_rcc.h ****   * @brief  Get MSI Calibration trimming
1979:Drivers/STM32WBxx_HAL_Driver/Inc/stm32wbxx_ll_rcc.h ****   * @rmtoll ICSCR        MSITRIM       LL_RCC_MSI_GetCalibTrimming
1980:Drivers/STM32WBxx_HAL_Driver/Inc/stm32wbxx_ll_rcc.h ****   * @retval Between 0 and 255
1981:Drivers/STM32WBxx_HAL_Driver/Inc/stm32wbxx_ll_rcc.h ****   */
1982:Drivers/STM32WBxx_HAL_Driver/Inc/stm32wbxx_ll_rcc.h **** __STATIC_INLINE uint32_t LL_RCC_MSI_GetCalibTrimming(void)
1983:Drivers/STM32WBxx_HAL_Driver/Inc/stm32wbxx_ll_rcc.h **** {
1984:Drivers/STM32WBxx_HAL_Driver/Inc/stm32wbxx_ll_rcc.h ****   return (uint32_t)(READ_BIT(RCC->ICSCR, RCC_ICSCR_MSITRIM) >> RCC_ICSCR_MSITRIM_Pos);
1985:Drivers/STM32WBxx_HAL_Driver/Inc/stm32wbxx_ll_rcc.h **** }
1986:Drivers/STM32WBxx_HAL_Driver/Inc/stm32wbxx_ll_rcc.h **** 
1987:Drivers/STM32WBxx_HAL_Driver/Inc/stm32wbxx_ll_rcc.h **** /**
1988:Drivers/STM32WBxx_HAL_Driver/Inc/stm32wbxx_ll_rcc.h ****   * @}
1989:Drivers/STM32WBxx_HAL_Driver/Inc/stm32wbxx_ll_rcc.h ****   */
1990:Drivers/STM32WBxx_HAL_Driver/Inc/stm32wbxx_ll_rcc.h **** 
1991:Drivers/STM32WBxx_HAL_Driver/Inc/stm32wbxx_ll_rcc.h **** /** @defgroup RCC_LL_EF_LSCO LSCO
1992:Drivers/STM32WBxx_HAL_Driver/Inc/stm32wbxx_ll_rcc.h ****   * @{
1993:Drivers/STM32WBxx_HAL_Driver/Inc/stm32wbxx_ll_rcc.h ****   */
1994:Drivers/STM32WBxx_HAL_Driver/Inc/stm32wbxx_ll_rcc.h **** 
1995:Drivers/STM32WBxx_HAL_Driver/Inc/stm32wbxx_ll_rcc.h **** /**
1996:Drivers/STM32WBxx_HAL_Driver/Inc/stm32wbxx_ll_rcc.h ****   * @brief  Enable Low speed clock
1997:Drivers/STM32WBxx_HAL_Driver/Inc/stm32wbxx_ll_rcc.h ****   * @rmtoll BDCR         LSCOEN        LL_RCC_LSCO_Enable
1998:Drivers/STM32WBxx_HAL_Driver/Inc/stm32wbxx_ll_rcc.h ****   * @retval None
1999:Drivers/STM32WBxx_HAL_Driver/Inc/stm32wbxx_ll_rcc.h ****   */
2000:Drivers/STM32WBxx_HAL_Driver/Inc/stm32wbxx_ll_rcc.h **** __STATIC_INLINE void LL_RCC_LSCO_Enable(void)
2001:Drivers/STM32WBxx_HAL_Driver/Inc/stm32wbxx_ll_rcc.h **** {
2002:Drivers/STM32WBxx_HAL_Driver/Inc/stm32wbxx_ll_rcc.h ****   SET_BIT(RCC->BDCR, RCC_BDCR_LSCOEN);
2003:Drivers/STM32WBxx_HAL_Driver/Inc/stm32wbxx_ll_rcc.h **** }
2004:Drivers/STM32WBxx_HAL_Driver/Inc/stm32wbxx_ll_rcc.h **** 
2005:Drivers/STM32WBxx_HAL_Driver/Inc/stm32wbxx_ll_rcc.h **** /**
2006:Drivers/STM32WBxx_HAL_Driver/Inc/stm32wbxx_ll_rcc.h ****   * @brief  Disable Low speed clock
2007:Drivers/STM32WBxx_HAL_Driver/Inc/stm32wbxx_ll_rcc.h ****   * @rmtoll BDCR         LSCOEN        LL_RCC_LSCO_Disable
2008:Drivers/STM32WBxx_HAL_Driver/Inc/stm32wbxx_ll_rcc.h ****   * @retval None
2009:Drivers/STM32WBxx_HAL_Driver/Inc/stm32wbxx_ll_rcc.h ****   */
2010:Drivers/STM32WBxx_HAL_Driver/Inc/stm32wbxx_ll_rcc.h **** __STATIC_INLINE void LL_RCC_LSCO_Disable(void)
2011:Drivers/STM32WBxx_HAL_Driver/Inc/stm32wbxx_ll_rcc.h **** {
2012:Drivers/STM32WBxx_HAL_Driver/Inc/stm32wbxx_ll_rcc.h ****   CLEAR_BIT(RCC->BDCR, RCC_BDCR_LSCOEN);
2013:Drivers/STM32WBxx_HAL_Driver/Inc/stm32wbxx_ll_rcc.h **** }
2014:Drivers/STM32WBxx_HAL_Driver/Inc/stm32wbxx_ll_rcc.h **** 
2015:Drivers/STM32WBxx_HAL_Driver/Inc/stm32wbxx_ll_rcc.h **** /**
2016:Drivers/STM32WBxx_HAL_Driver/Inc/stm32wbxx_ll_rcc.h ****   * @brief  Configure Low speed clock selection
2017:Drivers/STM32WBxx_HAL_Driver/Inc/stm32wbxx_ll_rcc.h ****   * @rmtoll BDCR         LSCOSEL       LL_RCC_LSCO_SetSource
2018:Drivers/STM32WBxx_HAL_Driver/Inc/stm32wbxx_ll_rcc.h ****   * @param  Source This parameter can be one of the following values:
ARM GAS  C:\Users\843E~1\AppData\Local\Temp\cc5PNIRY.s 			page 73


2019:Drivers/STM32WBxx_HAL_Driver/Inc/stm32wbxx_ll_rcc.h ****   *         @arg @ref LL_RCC_LSCO_CLKSOURCE_LSI
2020:Drivers/STM32WBxx_HAL_Driver/Inc/stm32wbxx_ll_rcc.h ****   *         @arg @ref LL_RCC_LSCO_CLKSOURCE_LSE
2021:Drivers/STM32WBxx_HAL_Driver/Inc/stm32wbxx_ll_rcc.h ****   * @retval None
2022:Drivers/STM32WBxx_HAL_Driver/Inc/stm32wbxx_ll_rcc.h ****   */
2023:Drivers/STM32WBxx_HAL_Driver/Inc/stm32wbxx_ll_rcc.h **** __STATIC_INLINE void LL_RCC_LSCO_SetSource(uint32_t Source)
2024:Drivers/STM32WBxx_HAL_Driver/Inc/stm32wbxx_ll_rcc.h **** {
2025:Drivers/STM32WBxx_HAL_Driver/Inc/stm32wbxx_ll_rcc.h ****   MODIFY_REG(RCC->BDCR, RCC_BDCR_LSCOSEL, Source);
2026:Drivers/STM32WBxx_HAL_Driver/Inc/stm32wbxx_ll_rcc.h **** }
2027:Drivers/STM32WBxx_HAL_Driver/Inc/stm32wbxx_ll_rcc.h **** 
2028:Drivers/STM32WBxx_HAL_Driver/Inc/stm32wbxx_ll_rcc.h **** /**
2029:Drivers/STM32WBxx_HAL_Driver/Inc/stm32wbxx_ll_rcc.h ****   * @brief  Get Low speed clock selection
2030:Drivers/STM32WBxx_HAL_Driver/Inc/stm32wbxx_ll_rcc.h ****   * @rmtoll BDCR         LSCOSEL       LL_RCC_LSCO_GetSource
2031:Drivers/STM32WBxx_HAL_Driver/Inc/stm32wbxx_ll_rcc.h ****   * @retval Returned value can be one of the following values:
2032:Drivers/STM32WBxx_HAL_Driver/Inc/stm32wbxx_ll_rcc.h ****   *         @arg @ref LL_RCC_LSCO_CLKSOURCE_LSI
2033:Drivers/STM32WBxx_HAL_Driver/Inc/stm32wbxx_ll_rcc.h ****   *         @arg @ref LL_RCC_LSCO_CLKSOURCE_LSE
2034:Drivers/STM32WBxx_HAL_Driver/Inc/stm32wbxx_ll_rcc.h ****   */
2035:Drivers/STM32WBxx_HAL_Driver/Inc/stm32wbxx_ll_rcc.h **** __STATIC_INLINE uint32_t LL_RCC_LSCO_GetSource(void)
2036:Drivers/STM32WBxx_HAL_Driver/Inc/stm32wbxx_ll_rcc.h **** {
2037:Drivers/STM32WBxx_HAL_Driver/Inc/stm32wbxx_ll_rcc.h ****   return (uint32_t)(READ_BIT(RCC->BDCR, RCC_BDCR_LSCOSEL));
2038:Drivers/STM32WBxx_HAL_Driver/Inc/stm32wbxx_ll_rcc.h **** }
2039:Drivers/STM32WBxx_HAL_Driver/Inc/stm32wbxx_ll_rcc.h **** 
2040:Drivers/STM32WBxx_HAL_Driver/Inc/stm32wbxx_ll_rcc.h **** /**
2041:Drivers/STM32WBxx_HAL_Driver/Inc/stm32wbxx_ll_rcc.h ****   * @}
2042:Drivers/STM32WBxx_HAL_Driver/Inc/stm32wbxx_ll_rcc.h ****   */
2043:Drivers/STM32WBxx_HAL_Driver/Inc/stm32wbxx_ll_rcc.h **** 
2044:Drivers/STM32WBxx_HAL_Driver/Inc/stm32wbxx_ll_rcc.h **** /** @defgroup RCC_LL_EF_System System
2045:Drivers/STM32WBxx_HAL_Driver/Inc/stm32wbxx_ll_rcc.h ****   * @{
2046:Drivers/STM32WBxx_HAL_Driver/Inc/stm32wbxx_ll_rcc.h ****   */
2047:Drivers/STM32WBxx_HAL_Driver/Inc/stm32wbxx_ll_rcc.h **** 
2048:Drivers/STM32WBxx_HAL_Driver/Inc/stm32wbxx_ll_rcc.h **** /**
2049:Drivers/STM32WBxx_HAL_Driver/Inc/stm32wbxx_ll_rcc.h ****   * @brief  Configure the system clock source
2050:Drivers/STM32WBxx_HAL_Driver/Inc/stm32wbxx_ll_rcc.h ****   * @rmtoll CFGR         SW            LL_RCC_SetSysClkSource
2051:Drivers/STM32WBxx_HAL_Driver/Inc/stm32wbxx_ll_rcc.h ****   * @param  Source This parameter can be one of the following values:
2052:Drivers/STM32WBxx_HAL_Driver/Inc/stm32wbxx_ll_rcc.h ****   *         @arg @ref LL_RCC_SYS_CLKSOURCE_MSI
2053:Drivers/STM32WBxx_HAL_Driver/Inc/stm32wbxx_ll_rcc.h ****   *         @arg @ref LL_RCC_SYS_CLKSOURCE_HSI
2054:Drivers/STM32WBxx_HAL_Driver/Inc/stm32wbxx_ll_rcc.h ****   *         @arg @ref LL_RCC_SYS_CLKSOURCE_HSE
2055:Drivers/STM32WBxx_HAL_Driver/Inc/stm32wbxx_ll_rcc.h ****   *         @arg @ref LL_RCC_SYS_CLKSOURCE_PLL
2056:Drivers/STM32WBxx_HAL_Driver/Inc/stm32wbxx_ll_rcc.h ****   * @retval None
2057:Drivers/STM32WBxx_HAL_Driver/Inc/stm32wbxx_ll_rcc.h ****   */
2058:Drivers/STM32WBxx_HAL_Driver/Inc/stm32wbxx_ll_rcc.h **** __STATIC_INLINE void LL_RCC_SetSysClkSource(uint32_t Source)
2059:Drivers/STM32WBxx_HAL_Driver/Inc/stm32wbxx_ll_rcc.h **** {
2060:Drivers/STM32WBxx_HAL_Driver/Inc/stm32wbxx_ll_rcc.h ****   MODIFY_REG(RCC->CFGR, RCC_CFGR_SW, Source);
2061:Drivers/STM32WBxx_HAL_Driver/Inc/stm32wbxx_ll_rcc.h **** }
2062:Drivers/STM32WBxx_HAL_Driver/Inc/stm32wbxx_ll_rcc.h **** 
2063:Drivers/STM32WBxx_HAL_Driver/Inc/stm32wbxx_ll_rcc.h **** /**
2064:Drivers/STM32WBxx_HAL_Driver/Inc/stm32wbxx_ll_rcc.h ****   * @brief  Get the system clock source
2065:Drivers/STM32WBxx_HAL_Driver/Inc/stm32wbxx_ll_rcc.h ****   * @rmtoll CFGR         SWS           LL_RCC_GetSysClkSource
2066:Drivers/STM32WBxx_HAL_Driver/Inc/stm32wbxx_ll_rcc.h ****   * @retval Returned value can be one of the following values:
2067:Drivers/STM32WBxx_HAL_Driver/Inc/stm32wbxx_ll_rcc.h ****   *         @arg @ref LL_RCC_SYS_CLKSOURCE_STATUS_MSI
2068:Drivers/STM32WBxx_HAL_Driver/Inc/stm32wbxx_ll_rcc.h ****   *         @arg @ref LL_RCC_SYS_CLKSOURCE_STATUS_HSI
2069:Drivers/STM32WBxx_HAL_Driver/Inc/stm32wbxx_ll_rcc.h ****   *         @arg @ref LL_RCC_SYS_CLKSOURCE_STATUS_HSE
2070:Drivers/STM32WBxx_HAL_Driver/Inc/stm32wbxx_ll_rcc.h ****   *         @arg @ref LL_RCC_SYS_CLKSOURCE_STATUS_PLL
2071:Drivers/STM32WBxx_HAL_Driver/Inc/stm32wbxx_ll_rcc.h ****   */
2072:Drivers/STM32WBxx_HAL_Driver/Inc/stm32wbxx_ll_rcc.h **** __STATIC_INLINE uint32_t LL_RCC_GetSysClkSource(void)
2073:Drivers/STM32WBxx_HAL_Driver/Inc/stm32wbxx_ll_rcc.h **** {
2074:Drivers/STM32WBxx_HAL_Driver/Inc/stm32wbxx_ll_rcc.h ****   return (uint32_t)(READ_BIT(RCC->CFGR, RCC_CFGR_SWS));
2075:Drivers/STM32WBxx_HAL_Driver/Inc/stm32wbxx_ll_rcc.h **** }
ARM GAS  C:\Users\843E~1\AppData\Local\Temp\cc5PNIRY.s 			page 74


2076:Drivers/STM32WBxx_HAL_Driver/Inc/stm32wbxx_ll_rcc.h **** 
2077:Drivers/STM32WBxx_HAL_Driver/Inc/stm32wbxx_ll_rcc.h **** /**
2078:Drivers/STM32WBxx_HAL_Driver/Inc/stm32wbxx_ll_rcc.h ****   * @brief  Get the RF clock source
2079:Drivers/STM32WBxx_HAL_Driver/Inc/stm32wbxx_ll_rcc.h ****   * @rmtoll EXTCFGR         RFCSS           LL_RCC_GetRFClockSource
2080:Drivers/STM32WBxx_HAL_Driver/Inc/stm32wbxx_ll_rcc.h ****   * @retval Returned value can be one of the following values:
2081:Drivers/STM32WBxx_HAL_Driver/Inc/stm32wbxx_ll_rcc.h ****   *         @arg @ref LL_RCC_RF_CLKSOURCE_HSI
2082:Drivers/STM32WBxx_HAL_Driver/Inc/stm32wbxx_ll_rcc.h ****   *         @arg @ref LL_RCC_RF_CLKSOURCE_HSE_DIV2
2083:Drivers/STM32WBxx_HAL_Driver/Inc/stm32wbxx_ll_rcc.h ****   */
2084:Drivers/STM32WBxx_HAL_Driver/Inc/stm32wbxx_ll_rcc.h **** __STATIC_INLINE uint32_t LL_RCC_GetRFClockSource(void)
2085:Drivers/STM32WBxx_HAL_Driver/Inc/stm32wbxx_ll_rcc.h **** {
2086:Drivers/STM32WBxx_HAL_Driver/Inc/stm32wbxx_ll_rcc.h ****   return (uint32_t)(READ_BIT(RCC->EXTCFGR, RCC_EXTCFGR_RFCSS));
2087:Drivers/STM32WBxx_HAL_Driver/Inc/stm32wbxx_ll_rcc.h **** }
2088:Drivers/STM32WBxx_HAL_Driver/Inc/stm32wbxx_ll_rcc.h **** 
2089:Drivers/STM32WBxx_HAL_Driver/Inc/stm32wbxx_ll_rcc.h **** /**
2090:Drivers/STM32WBxx_HAL_Driver/Inc/stm32wbxx_ll_rcc.h ****   * @brief  Set RF Wakeup Clock Source
2091:Drivers/STM32WBxx_HAL_Driver/Inc/stm32wbxx_ll_rcc.h ****   * @rmtoll CSR         RFWKPSEL        LL_RCC_SetRFWKPClockSource
2092:Drivers/STM32WBxx_HAL_Driver/Inc/stm32wbxx_ll_rcc.h ****   * @param  Source This parameter can be one of the following values:
2093:Drivers/STM32WBxx_HAL_Driver/Inc/stm32wbxx_ll_rcc.h ****   *         @arg @ref LL_RCC_RFWKP_CLKSOURCE_NONE
2094:Drivers/STM32WBxx_HAL_Driver/Inc/stm32wbxx_ll_rcc.h ****   *         @arg @ref LL_RCC_RFWKP_CLKSOURCE_LSE
2095:Drivers/STM32WBxx_HAL_Driver/Inc/stm32wbxx_ll_rcc.h ****   *         @arg @ref LL_RCC_RFWKP_CLKSOURCE_LSI (*)
2096:Drivers/STM32WBxx_HAL_Driver/Inc/stm32wbxx_ll_rcc.h ****   *         @arg @ref LL_RCC_RFWKP_CLKSOURCE_HSE_DIV1024
2097:Drivers/STM32WBxx_HAL_Driver/Inc/stm32wbxx_ll_rcc.h ****   * @note   (*) Value not defined for all devices
2098:Drivers/STM32WBxx_HAL_Driver/Inc/stm32wbxx_ll_rcc.h ****   *
2099:Drivers/STM32WBxx_HAL_Driver/Inc/stm32wbxx_ll_rcc.h ****   * @retval None
2100:Drivers/STM32WBxx_HAL_Driver/Inc/stm32wbxx_ll_rcc.h ****   */
2101:Drivers/STM32WBxx_HAL_Driver/Inc/stm32wbxx_ll_rcc.h **** __STATIC_INLINE void LL_RCC_SetRFWKPClockSource(uint32_t Source)
2102:Drivers/STM32WBxx_HAL_Driver/Inc/stm32wbxx_ll_rcc.h **** {
2103:Drivers/STM32WBxx_HAL_Driver/Inc/stm32wbxx_ll_rcc.h ****   MODIFY_REG(RCC->CSR, RCC_CSR_RFWKPSEL, Source);
2104:Drivers/STM32WBxx_HAL_Driver/Inc/stm32wbxx_ll_rcc.h **** }
2105:Drivers/STM32WBxx_HAL_Driver/Inc/stm32wbxx_ll_rcc.h **** 
2106:Drivers/STM32WBxx_HAL_Driver/Inc/stm32wbxx_ll_rcc.h **** /**
2107:Drivers/STM32WBxx_HAL_Driver/Inc/stm32wbxx_ll_rcc.h ****   * @brief  Get RF Wakeup Clock Source
2108:Drivers/STM32WBxx_HAL_Driver/Inc/stm32wbxx_ll_rcc.h ****   * @rmtoll CSR         RFWKPSEL        LL_RCC_GetRFWKPClockSource
2109:Drivers/STM32WBxx_HAL_Driver/Inc/stm32wbxx_ll_rcc.h ****   * @retval Returned value can be one of the following values:
2110:Drivers/STM32WBxx_HAL_Driver/Inc/stm32wbxx_ll_rcc.h ****   *         @arg @ref LL_RCC_RFWKP_CLKSOURCE_NONE
2111:Drivers/STM32WBxx_HAL_Driver/Inc/stm32wbxx_ll_rcc.h ****   *         @arg @ref LL_RCC_RFWKP_CLKSOURCE_LSE
2112:Drivers/STM32WBxx_HAL_Driver/Inc/stm32wbxx_ll_rcc.h ****   *         @arg @ref LL_RCC_RFWKP_CLKSOURCE_LSI (*)
2113:Drivers/STM32WBxx_HAL_Driver/Inc/stm32wbxx_ll_rcc.h ****   *         @arg @ref LL_RCC_RFWKP_CLKSOURCE_HSE_DIV1024
2114:Drivers/STM32WBxx_HAL_Driver/Inc/stm32wbxx_ll_rcc.h ****   * @note   (*) Value not defined for all devices
2115:Drivers/STM32WBxx_HAL_Driver/Inc/stm32wbxx_ll_rcc.h ****   *
2116:Drivers/STM32WBxx_HAL_Driver/Inc/stm32wbxx_ll_rcc.h ****   */
2117:Drivers/STM32WBxx_HAL_Driver/Inc/stm32wbxx_ll_rcc.h **** __STATIC_INLINE uint32_t LL_RCC_GetRFWKPClockSource(void)
2118:Drivers/STM32WBxx_HAL_Driver/Inc/stm32wbxx_ll_rcc.h **** {
2119:Drivers/STM32WBxx_HAL_Driver/Inc/stm32wbxx_ll_rcc.h ****   return (uint32_t)(READ_BIT(RCC->CSR, RCC_CSR_RFWKPSEL));
2120:Drivers/STM32WBxx_HAL_Driver/Inc/stm32wbxx_ll_rcc.h **** }
2121:Drivers/STM32WBxx_HAL_Driver/Inc/stm32wbxx_ll_rcc.h **** 
2122:Drivers/STM32WBxx_HAL_Driver/Inc/stm32wbxx_ll_rcc.h **** /**
2123:Drivers/STM32WBxx_HAL_Driver/Inc/stm32wbxx_ll_rcc.h ****   * @brief  Check if Radio System is reset.
2124:Drivers/STM32WBxx_HAL_Driver/Inc/stm32wbxx_ll_rcc.h ****   * @rmtoll CSR          RFRSTS       LL_RCC_IsRFUnderReset
2125:Drivers/STM32WBxx_HAL_Driver/Inc/stm32wbxx_ll_rcc.h ****   * @retval State of bit (1 or 0).
2126:Drivers/STM32WBxx_HAL_Driver/Inc/stm32wbxx_ll_rcc.h ****   */
2127:Drivers/STM32WBxx_HAL_Driver/Inc/stm32wbxx_ll_rcc.h **** __STATIC_INLINE uint32_t LL_RCC_IsRFUnderReset(void)
2128:Drivers/STM32WBxx_HAL_Driver/Inc/stm32wbxx_ll_rcc.h **** {
2129:Drivers/STM32WBxx_HAL_Driver/Inc/stm32wbxx_ll_rcc.h ****   return ((READ_BIT(RCC->CSR, RCC_CSR_RFRSTS) == (RCC_CSR_RFRSTS)) ? 1UL : 0UL);
2130:Drivers/STM32WBxx_HAL_Driver/Inc/stm32wbxx_ll_rcc.h **** }
2131:Drivers/STM32WBxx_HAL_Driver/Inc/stm32wbxx_ll_rcc.h **** 
2132:Drivers/STM32WBxx_HAL_Driver/Inc/stm32wbxx_ll_rcc.h **** /**
ARM GAS  C:\Users\843E~1\AppData\Local\Temp\cc5PNIRY.s 			page 75


2133:Drivers/STM32WBxx_HAL_Driver/Inc/stm32wbxx_ll_rcc.h ****   * @brief  Set AHB prescaler
2134:Drivers/STM32WBxx_HAL_Driver/Inc/stm32wbxx_ll_rcc.h ****   * @rmtoll CFGR         HPRE          LL_RCC_SetAHBPrescaler
2135:Drivers/STM32WBxx_HAL_Driver/Inc/stm32wbxx_ll_rcc.h ****   * @param  Prescaler This parameter can be one of the following values:
2136:Drivers/STM32WBxx_HAL_Driver/Inc/stm32wbxx_ll_rcc.h ****   *         @arg @ref LL_RCC_SYSCLK_DIV_1
2137:Drivers/STM32WBxx_HAL_Driver/Inc/stm32wbxx_ll_rcc.h ****   *         @arg @ref LL_RCC_SYSCLK_DIV_2
2138:Drivers/STM32WBxx_HAL_Driver/Inc/stm32wbxx_ll_rcc.h ****   *         @arg @ref LL_RCC_SYSCLK_DIV_3
2139:Drivers/STM32WBxx_HAL_Driver/Inc/stm32wbxx_ll_rcc.h ****   *         @arg @ref LL_RCC_SYSCLK_DIV_4
2140:Drivers/STM32WBxx_HAL_Driver/Inc/stm32wbxx_ll_rcc.h ****   *         @arg @ref LL_RCC_SYSCLK_DIV_5
2141:Drivers/STM32WBxx_HAL_Driver/Inc/stm32wbxx_ll_rcc.h ****   *         @arg @ref LL_RCC_SYSCLK_DIV_6
2142:Drivers/STM32WBxx_HAL_Driver/Inc/stm32wbxx_ll_rcc.h ****   *         @arg @ref LL_RCC_SYSCLK_DIV_8
2143:Drivers/STM32WBxx_HAL_Driver/Inc/stm32wbxx_ll_rcc.h ****   *         @arg @ref LL_RCC_SYSCLK_DIV_10
2144:Drivers/STM32WBxx_HAL_Driver/Inc/stm32wbxx_ll_rcc.h ****   *         @arg @ref LL_RCC_SYSCLK_DIV_16
2145:Drivers/STM32WBxx_HAL_Driver/Inc/stm32wbxx_ll_rcc.h ****   *         @arg @ref LL_RCC_SYSCLK_DIV_32
2146:Drivers/STM32WBxx_HAL_Driver/Inc/stm32wbxx_ll_rcc.h ****   *         @arg @ref LL_RCC_SYSCLK_DIV_64
2147:Drivers/STM32WBxx_HAL_Driver/Inc/stm32wbxx_ll_rcc.h ****   *         @arg @ref LL_RCC_SYSCLK_DIV_128
2148:Drivers/STM32WBxx_HAL_Driver/Inc/stm32wbxx_ll_rcc.h ****   *         @arg @ref LL_RCC_SYSCLK_DIV_256
2149:Drivers/STM32WBxx_HAL_Driver/Inc/stm32wbxx_ll_rcc.h ****   *         @arg @ref LL_RCC_SYSCLK_DIV_512
2150:Drivers/STM32WBxx_HAL_Driver/Inc/stm32wbxx_ll_rcc.h ****   * @retval None
2151:Drivers/STM32WBxx_HAL_Driver/Inc/stm32wbxx_ll_rcc.h ****   */
2152:Drivers/STM32WBxx_HAL_Driver/Inc/stm32wbxx_ll_rcc.h **** __STATIC_INLINE void LL_RCC_SetAHBPrescaler(uint32_t Prescaler)
2153:Drivers/STM32WBxx_HAL_Driver/Inc/stm32wbxx_ll_rcc.h **** {
2154:Drivers/STM32WBxx_HAL_Driver/Inc/stm32wbxx_ll_rcc.h ****   MODIFY_REG(RCC->CFGR, RCC_CFGR_HPRE, Prescaler);
2155:Drivers/STM32WBxx_HAL_Driver/Inc/stm32wbxx_ll_rcc.h **** }
2156:Drivers/STM32WBxx_HAL_Driver/Inc/stm32wbxx_ll_rcc.h **** 
2157:Drivers/STM32WBxx_HAL_Driver/Inc/stm32wbxx_ll_rcc.h **** /**
2158:Drivers/STM32WBxx_HAL_Driver/Inc/stm32wbxx_ll_rcc.h ****   * @brief  Set CPU2 AHB prescaler
2159:Drivers/STM32WBxx_HAL_Driver/Inc/stm32wbxx_ll_rcc.h ****   * @rmtoll EXTCFGR         C2HPRE          LL_C2_RCC_SetAHBPrescaler
2160:Drivers/STM32WBxx_HAL_Driver/Inc/stm32wbxx_ll_rcc.h ****   * @param  Prescaler This parameter can be one of the following values:
2161:Drivers/STM32WBxx_HAL_Driver/Inc/stm32wbxx_ll_rcc.h ****   *         @arg @ref LL_RCC_SYSCLK_DIV_1
2162:Drivers/STM32WBxx_HAL_Driver/Inc/stm32wbxx_ll_rcc.h ****   *         @arg @ref LL_RCC_SYSCLK_DIV_2
2163:Drivers/STM32WBxx_HAL_Driver/Inc/stm32wbxx_ll_rcc.h ****   *         @arg @ref LL_RCC_SYSCLK_DIV_3
2164:Drivers/STM32WBxx_HAL_Driver/Inc/stm32wbxx_ll_rcc.h ****   *         @arg @ref LL_RCC_SYSCLK_DIV_4
2165:Drivers/STM32WBxx_HAL_Driver/Inc/stm32wbxx_ll_rcc.h ****   *         @arg @ref LL_RCC_SYSCLK_DIV_5
2166:Drivers/STM32WBxx_HAL_Driver/Inc/stm32wbxx_ll_rcc.h ****   *         @arg @ref LL_RCC_SYSCLK_DIV_6
2167:Drivers/STM32WBxx_HAL_Driver/Inc/stm32wbxx_ll_rcc.h ****   *         @arg @ref LL_RCC_SYSCLK_DIV_8
2168:Drivers/STM32WBxx_HAL_Driver/Inc/stm32wbxx_ll_rcc.h ****   *         @arg @ref LL_RCC_SYSCLK_DIV_10
2169:Drivers/STM32WBxx_HAL_Driver/Inc/stm32wbxx_ll_rcc.h ****   *         @arg @ref LL_RCC_SYSCLK_DIV_16
2170:Drivers/STM32WBxx_HAL_Driver/Inc/stm32wbxx_ll_rcc.h ****   *         @arg @ref LL_RCC_SYSCLK_DIV_32
2171:Drivers/STM32WBxx_HAL_Driver/Inc/stm32wbxx_ll_rcc.h ****   *         @arg @ref LL_RCC_SYSCLK_DIV_64
2172:Drivers/STM32WBxx_HAL_Driver/Inc/stm32wbxx_ll_rcc.h ****   *         @arg @ref LL_RCC_SYSCLK_DIV_128
2173:Drivers/STM32WBxx_HAL_Driver/Inc/stm32wbxx_ll_rcc.h ****   *         @arg @ref LL_RCC_SYSCLK_DIV_256
2174:Drivers/STM32WBxx_HAL_Driver/Inc/stm32wbxx_ll_rcc.h ****   *         @arg @ref LL_RCC_SYSCLK_DIV_512
2175:Drivers/STM32WBxx_HAL_Driver/Inc/stm32wbxx_ll_rcc.h ****   * @retval None
2176:Drivers/STM32WBxx_HAL_Driver/Inc/stm32wbxx_ll_rcc.h ****   */
2177:Drivers/STM32WBxx_HAL_Driver/Inc/stm32wbxx_ll_rcc.h **** __STATIC_INLINE void LL_C2_RCC_SetAHBPrescaler(uint32_t Prescaler)
2178:Drivers/STM32WBxx_HAL_Driver/Inc/stm32wbxx_ll_rcc.h **** {
2179:Drivers/STM32WBxx_HAL_Driver/Inc/stm32wbxx_ll_rcc.h ****   MODIFY_REG(RCC->EXTCFGR, RCC_EXTCFGR_C2HPRE, Prescaler);
2180:Drivers/STM32WBxx_HAL_Driver/Inc/stm32wbxx_ll_rcc.h **** }
2181:Drivers/STM32WBxx_HAL_Driver/Inc/stm32wbxx_ll_rcc.h **** 
2182:Drivers/STM32WBxx_HAL_Driver/Inc/stm32wbxx_ll_rcc.h **** /**
2183:Drivers/STM32WBxx_HAL_Driver/Inc/stm32wbxx_ll_rcc.h ****   * @brief  Set AHB4 prescaler
2184:Drivers/STM32WBxx_HAL_Driver/Inc/stm32wbxx_ll_rcc.h ****   * @rmtoll EXTCFGR         SHDHPRE          LL_RCC_SetAHB4Prescaler
2185:Drivers/STM32WBxx_HAL_Driver/Inc/stm32wbxx_ll_rcc.h ****   * @param  Prescaler This parameter can be one of the following values:
2186:Drivers/STM32WBxx_HAL_Driver/Inc/stm32wbxx_ll_rcc.h ****   *         @arg @ref LL_RCC_SYSCLK_DIV_1
2187:Drivers/STM32WBxx_HAL_Driver/Inc/stm32wbxx_ll_rcc.h ****   *         @arg @ref LL_RCC_SYSCLK_DIV_2
2188:Drivers/STM32WBxx_HAL_Driver/Inc/stm32wbxx_ll_rcc.h ****   *         @arg @ref LL_RCC_SYSCLK_DIV_3
2189:Drivers/STM32WBxx_HAL_Driver/Inc/stm32wbxx_ll_rcc.h ****   *         @arg @ref LL_RCC_SYSCLK_DIV_4
ARM GAS  C:\Users\843E~1\AppData\Local\Temp\cc5PNIRY.s 			page 76


2190:Drivers/STM32WBxx_HAL_Driver/Inc/stm32wbxx_ll_rcc.h ****   *         @arg @ref LL_RCC_SYSCLK_DIV_5
2191:Drivers/STM32WBxx_HAL_Driver/Inc/stm32wbxx_ll_rcc.h ****   *         @arg @ref LL_RCC_SYSCLK_DIV_6
2192:Drivers/STM32WBxx_HAL_Driver/Inc/stm32wbxx_ll_rcc.h ****   *         @arg @ref LL_RCC_SYSCLK_DIV_8
2193:Drivers/STM32WBxx_HAL_Driver/Inc/stm32wbxx_ll_rcc.h ****   *         @arg @ref LL_RCC_SYSCLK_DIV_10
2194:Drivers/STM32WBxx_HAL_Driver/Inc/stm32wbxx_ll_rcc.h ****   *         @arg @ref LL_RCC_SYSCLK_DIV_16
2195:Drivers/STM32WBxx_HAL_Driver/Inc/stm32wbxx_ll_rcc.h ****   *         @arg @ref LL_RCC_SYSCLK_DIV_32
2196:Drivers/STM32WBxx_HAL_Driver/Inc/stm32wbxx_ll_rcc.h ****   *         @arg @ref LL_RCC_SYSCLK_DIV_64
2197:Drivers/STM32WBxx_HAL_Driver/Inc/stm32wbxx_ll_rcc.h ****   *         @arg @ref LL_RCC_SYSCLK_DIV_128
2198:Drivers/STM32WBxx_HAL_Driver/Inc/stm32wbxx_ll_rcc.h ****   *         @arg @ref LL_RCC_SYSCLK_DIV_256
2199:Drivers/STM32WBxx_HAL_Driver/Inc/stm32wbxx_ll_rcc.h ****   *         @arg @ref LL_RCC_SYSCLK_DIV_512
2200:Drivers/STM32WBxx_HAL_Driver/Inc/stm32wbxx_ll_rcc.h ****   * @retval None
2201:Drivers/STM32WBxx_HAL_Driver/Inc/stm32wbxx_ll_rcc.h ****   */
2202:Drivers/STM32WBxx_HAL_Driver/Inc/stm32wbxx_ll_rcc.h **** __STATIC_INLINE void LL_RCC_SetAHB4Prescaler(uint32_t Prescaler)
2203:Drivers/STM32WBxx_HAL_Driver/Inc/stm32wbxx_ll_rcc.h **** {
2204:Drivers/STM32WBxx_HAL_Driver/Inc/stm32wbxx_ll_rcc.h ****   MODIFY_REG(RCC->EXTCFGR, RCC_EXTCFGR_SHDHPRE, Prescaler >> 4);
2205:Drivers/STM32WBxx_HAL_Driver/Inc/stm32wbxx_ll_rcc.h **** }
2206:Drivers/STM32WBxx_HAL_Driver/Inc/stm32wbxx_ll_rcc.h **** 
2207:Drivers/STM32WBxx_HAL_Driver/Inc/stm32wbxx_ll_rcc.h **** /**
2208:Drivers/STM32WBxx_HAL_Driver/Inc/stm32wbxx_ll_rcc.h ****   * @brief  Set APB1 prescaler
2209:Drivers/STM32WBxx_HAL_Driver/Inc/stm32wbxx_ll_rcc.h ****   * @rmtoll CFGR         PPRE1         LL_RCC_SetAPB1Prescaler
2210:Drivers/STM32WBxx_HAL_Driver/Inc/stm32wbxx_ll_rcc.h ****   * @param  Prescaler This parameter can be one of the following values:
2211:Drivers/STM32WBxx_HAL_Driver/Inc/stm32wbxx_ll_rcc.h ****   *         @arg @ref LL_RCC_APB1_DIV_1
2212:Drivers/STM32WBxx_HAL_Driver/Inc/stm32wbxx_ll_rcc.h ****   *         @arg @ref LL_RCC_APB1_DIV_2
2213:Drivers/STM32WBxx_HAL_Driver/Inc/stm32wbxx_ll_rcc.h ****   *         @arg @ref LL_RCC_APB1_DIV_4
2214:Drivers/STM32WBxx_HAL_Driver/Inc/stm32wbxx_ll_rcc.h ****   *         @arg @ref LL_RCC_APB1_DIV_8
2215:Drivers/STM32WBxx_HAL_Driver/Inc/stm32wbxx_ll_rcc.h ****   *         @arg @ref LL_RCC_APB1_DIV_16
2216:Drivers/STM32WBxx_HAL_Driver/Inc/stm32wbxx_ll_rcc.h ****   * @retval None
2217:Drivers/STM32WBxx_HAL_Driver/Inc/stm32wbxx_ll_rcc.h ****   */
2218:Drivers/STM32WBxx_HAL_Driver/Inc/stm32wbxx_ll_rcc.h **** __STATIC_INLINE void LL_RCC_SetAPB1Prescaler(uint32_t Prescaler)
2219:Drivers/STM32WBxx_HAL_Driver/Inc/stm32wbxx_ll_rcc.h **** {
2220:Drivers/STM32WBxx_HAL_Driver/Inc/stm32wbxx_ll_rcc.h ****   MODIFY_REG(RCC->CFGR, RCC_CFGR_PPRE1, Prescaler);
2221:Drivers/STM32WBxx_HAL_Driver/Inc/stm32wbxx_ll_rcc.h **** }
2222:Drivers/STM32WBxx_HAL_Driver/Inc/stm32wbxx_ll_rcc.h **** 
2223:Drivers/STM32WBxx_HAL_Driver/Inc/stm32wbxx_ll_rcc.h **** /**
2224:Drivers/STM32WBxx_HAL_Driver/Inc/stm32wbxx_ll_rcc.h ****   * @brief  Set APB2 prescaler
2225:Drivers/STM32WBxx_HAL_Driver/Inc/stm32wbxx_ll_rcc.h ****   * @rmtoll CFGR         PPRE2         LL_RCC_SetAPB2Prescaler
2226:Drivers/STM32WBxx_HAL_Driver/Inc/stm32wbxx_ll_rcc.h ****   * @param  Prescaler This parameter can be one of the following values:
2227:Drivers/STM32WBxx_HAL_Driver/Inc/stm32wbxx_ll_rcc.h ****   *         @arg @ref LL_RCC_APB2_DIV_1
2228:Drivers/STM32WBxx_HAL_Driver/Inc/stm32wbxx_ll_rcc.h ****   *         @arg @ref LL_RCC_APB2_DIV_2
2229:Drivers/STM32WBxx_HAL_Driver/Inc/stm32wbxx_ll_rcc.h ****   *         @arg @ref LL_RCC_APB2_DIV_4
2230:Drivers/STM32WBxx_HAL_Driver/Inc/stm32wbxx_ll_rcc.h ****   *         @arg @ref LL_RCC_APB2_DIV_8
2231:Drivers/STM32WBxx_HAL_Driver/Inc/stm32wbxx_ll_rcc.h ****   *         @arg @ref LL_RCC_APB2_DIV_16
2232:Drivers/STM32WBxx_HAL_Driver/Inc/stm32wbxx_ll_rcc.h ****   * @retval None
2233:Drivers/STM32WBxx_HAL_Driver/Inc/stm32wbxx_ll_rcc.h ****   */
2234:Drivers/STM32WBxx_HAL_Driver/Inc/stm32wbxx_ll_rcc.h **** __STATIC_INLINE void LL_RCC_SetAPB2Prescaler(uint32_t Prescaler)
2235:Drivers/STM32WBxx_HAL_Driver/Inc/stm32wbxx_ll_rcc.h **** {
2236:Drivers/STM32WBxx_HAL_Driver/Inc/stm32wbxx_ll_rcc.h ****   MODIFY_REG(RCC->CFGR, RCC_CFGR_PPRE2, Prescaler);
2237:Drivers/STM32WBxx_HAL_Driver/Inc/stm32wbxx_ll_rcc.h **** }
2238:Drivers/STM32WBxx_HAL_Driver/Inc/stm32wbxx_ll_rcc.h **** 
2239:Drivers/STM32WBxx_HAL_Driver/Inc/stm32wbxx_ll_rcc.h **** /**
2240:Drivers/STM32WBxx_HAL_Driver/Inc/stm32wbxx_ll_rcc.h ****   * @brief  Get AHB prescaler
2241:Drivers/STM32WBxx_HAL_Driver/Inc/stm32wbxx_ll_rcc.h ****   * @rmtoll CFGR         HPRE          LL_RCC_GetAHBPrescaler
2242:Drivers/STM32WBxx_HAL_Driver/Inc/stm32wbxx_ll_rcc.h ****   * @retval Returned value can be one of the following values:
2243:Drivers/STM32WBxx_HAL_Driver/Inc/stm32wbxx_ll_rcc.h ****   *         @arg @ref LL_RCC_SYSCLK_DIV_1
2244:Drivers/STM32WBxx_HAL_Driver/Inc/stm32wbxx_ll_rcc.h ****   *         @arg @ref LL_RCC_SYSCLK_DIV_2
2245:Drivers/STM32WBxx_HAL_Driver/Inc/stm32wbxx_ll_rcc.h ****   *         @arg @ref LL_RCC_SYSCLK_DIV_3
2246:Drivers/STM32WBxx_HAL_Driver/Inc/stm32wbxx_ll_rcc.h ****   *         @arg @ref LL_RCC_SYSCLK_DIV_4
ARM GAS  C:\Users\843E~1\AppData\Local\Temp\cc5PNIRY.s 			page 77


2247:Drivers/STM32WBxx_HAL_Driver/Inc/stm32wbxx_ll_rcc.h ****   *         @arg @ref LL_RCC_SYSCLK_DIV_5
2248:Drivers/STM32WBxx_HAL_Driver/Inc/stm32wbxx_ll_rcc.h ****   *         @arg @ref LL_RCC_SYSCLK_DIV_6
2249:Drivers/STM32WBxx_HAL_Driver/Inc/stm32wbxx_ll_rcc.h ****   *         @arg @ref LL_RCC_SYSCLK_DIV_8
2250:Drivers/STM32WBxx_HAL_Driver/Inc/stm32wbxx_ll_rcc.h ****   *         @arg @ref LL_RCC_SYSCLK_DIV_10
2251:Drivers/STM32WBxx_HAL_Driver/Inc/stm32wbxx_ll_rcc.h ****   *         @arg @ref LL_RCC_SYSCLK_DIV_16
2252:Drivers/STM32WBxx_HAL_Driver/Inc/stm32wbxx_ll_rcc.h ****   *         @arg @ref LL_RCC_SYSCLK_DIV_32
2253:Drivers/STM32WBxx_HAL_Driver/Inc/stm32wbxx_ll_rcc.h ****   *         @arg @ref LL_RCC_SYSCLK_DIV_64
2254:Drivers/STM32WBxx_HAL_Driver/Inc/stm32wbxx_ll_rcc.h ****   *         @arg @ref LL_RCC_SYSCLK_DIV_128
2255:Drivers/STM32WBxx_HAL_Driver/Inc/stm32wbxx_ll_rcc.h ****   *         @arg @ref LL_RCC_SYSCLK_DIV_256
2256:Drivers/STM32WBxx_HAL_Driver/Inc/stm32wbxx_ll_rcc.h ****   *         @arg @ref LL_RCC_SYSCLK_DIV_512
2257:Drivers/STM32WBxx_HAL_Driver/Inc/stm32wbxx_ll_rcc.h ****   */
2258:Drivers/STM32WBxx_HAL_Driver/Inc/stm32wbxx_ll_rcc.h **** __STATIC_INLINE uint32_t LL_RCC_GetAHBPrescaler(void)
2259:Drivers/STM32WBxx_HAL_Driver/Inc/stm32wbxx_ll_rcc.h **** {
2260:Drivers/STM32WBxx_HAL_Driver/Inc/stm32wbxx_ll_rcc.h ****   return (uint32_t)(READ_BIT(RCC->CFGR, RCC_CFGR_HPRE));
2261:Drivers/STM32WBxx_HAL_Driver/Inc/stm32wbxx_ll_rcc.h **** }
2262:Drivers/STM32WBxx_HAL_Driver/Inc/stm32wbxx_ll_rcc.h **** 
2263:Drivers/STM32WBxx_HAL_Driver/Inc/stm32wbxx_ll_rcc.h **** /**
2264:Drivers/STM32WBxx_HAL_Driver/Inc/stm32wbxx_ll_rcc.h ****   * @brief  Get C2 AHB prescaler
2265:Drivers/STM32WBxx_HAL_Driver/Inc/stm32wbxx_ll_rcc.h ****   * @rmtoll EXTCFGR         C2HPRE          LL_C2_RCC_GetAHBPrescaler
2266:Drivers/STM32WBxx_HAL_Driver/Inc/stm32wbxx_ll_rcc.h ****   * @retval Returned value can be one of the following values:
2267:Drivers/STM32WBxx_HAL_Driver/Inc/stm32wbxx_ll_rcc.h ****   *         @arg @ref LL_RCC_SYSCLK_DIV_1
2268:Drivers/STM32WBxx_HAL_Driver/Inc/stm32wbxx_ll_rcc.h ****   *         @arg @ref LL_RCC_SYSCLK_DIV_2
2269:Drivers/STM32WBxx_HAL_Driver/Inc/stm32wbxx_ll_rcc.h ****   *         @arg @ref LL_RCC_SYSCLK_DIV_3
2270:Drivers/STM32WBxx_HAL_Driver/Inc/stm32wbxx_ll_rcc.h ****   *         @arg @ref LL_RCC_SYSCLK_DIV_4
2271:Drivers/STM32WBxx_HAL_Driver/Inc/stm32wbxx_ll_rcc.h ****   *         @arg @ref LL_RCC_SYSCLK_DIV_5
2272:Drivers/STM32WBxx_HAL_Driver/Inc/stm32wbxx_ll_rcc.h ****   *         @arg @ref LL_RCC_SYSCLK_DIV_6
2273:Drivers/STM32WBxx_HAL_Driver/Inc/stm32wbxx_ll_rcc.h ****   *         @arg @ref LL_RCC_SYSCLK_DIV_8
2274:Drivers/STM32WBxx_HAL_Driver/Inc/stm32wbxx_ll_rcc.h ****   *         @arg @ref LL_RCC_SYSCLK_DIV_10
2275:Drivers/STM32WBxx_HAL_Driver/Inc/stm32wbxx_ll_rcc.h ****   *         @arg @ref LL_RCC_SYSCLK_DIV_16
2276:Drivers/STM32WBxx_HAL_Driver/Inc/stm32wbxx_ll_rcc.h ****   *         @arg @ref LL_RCC_SYSCLK_DIV_32
2277:Drivers/STM32WBxx_HAL_Driver/Inc/stm32wbxx_ll_rcc.h ****   *         @arg @ref LL_RCC_SYSCLK_DIV_64
2278:Drivers/STM32WBxx_HAL_Driver/Inc/stm32wbxx_ll_rcc.h ****   *         @arg @ref LL_RCC_SYSCLK_DIV_128
2279:Drivers/STM32WBxx_HAL_Driver/Inc/stm32wbxx_ll_rcc.h ****   *         @arg @ref LL_RCC_SYSCLK_DIV_256
2280:Drivers/STM32WBxx_HAL_Driver/Inc/stm32wbxx_ll_rcc.h ****   *         @arg @ref LL_RCC_SYSCLK_DIV_512
2281:Drivers/STM32WBxx_HAL_Driver/Inc/stm32wbxx_ll_rcc.h ****   */
2282:Drivers/STM32WBxx_HAL_Driver/Inc/stm32wbxx_ll_rcc.h **** __STATIC_INLINE uint32_t LL_C2_RCC_GetAHBPrescaler(void)
2283:Drivers/STM32WBxx_HAL_Driver/Inc/stm32wbxx_ll_rcc.h **** {
2284:Drivers/STM32WBxx_HAL_Driver/Inc/stm32wbxx_ll_rcc.h ****   return (uint32_t)(READ_BIT(RCC->EXTCFGR, RCC_EXTCFGR_C2HPRE));
2285:Drivers/STM32WBxx_HAL_Driver/Inc/stm32wbxx_ll_rcc.h **** }
2286:Drivers/STM32WBxx_HAL_Driver/Inc/stm32wbxx_ll_rcc.h **** 
2287:Drivers/STM32WBxx_HAL_Driver/Inc/stm32wbxx_ll_rcc.h **** /**
2288:Drivers/STM32WBxx_HAL_Driver/Inc/stm32wbxx_ll_rcc.h ****   * @brief  Get AHB4 prescaler
2289:Drivers/STM32WBxx_HAL_Driver/Inc/stm32wbxx_ll_rcc.h ****   * @rmtoll EXTCFGR         SHDHPRE          LL_RCC_GetAHB4Prescaler
2290:Drivers/STM32WBxx_HAL_Driver/Inc/stm32wbxx_ll_rcc.h ****   * @retval Returned value can be one of the following values:
2291:Drivers/STM32WBxx_HAL_Driver/Inc/stm32wbxx_ll_rcc.h ****   *         @arg @ref LL_RCC_SYSCLK_DIV_1
2292:Drivers/STM32WBxx_HAL_Driver/Inc/stm32wbxx_ll_rcc.h ****   *         @arg @ref LL_RCC_SYSCLK_DIV_2
2293:Drivers/STM32WBxx_HAL_Driver/Inc/stm32wbxx_ll_rcc.h ****   *         @arg @ref LL_RCC_SYSCLK_DIV_3
2294:Drivers/STM32WBxx_HAL_Driver/Inc/stm32wbxx_ll_rcc.h ****   *         @arg @ref LL_RCC_SYSCLK_DIV_4
2295:Drivers/STM32WBxx_HAL_Driver/Inc/stm32wbxx_ll_rcc.h ****   *         @arg @ref LL_RCC_SYSCLK_DIV_5
2296:Drivers/STM32WBxx_HAL_Driver/Inc/stm32wbxx_ll_rcc.h ****   *         @arg @ref LL_RCC_SYSCLK_DIV_6
2297:Drivers/STM32WBxx_HAL_Driver/Inc/stm32wbxx_ll_rcc.h ****   *         @arg @ref LL_RCC_SYSCLK_DIV_8
2298:Drivers/STM32WBxx_HAL_Driver/Inc/stm32wbxx_ll_rcc.h ****   *         @arg @ref LL_RCC_SYSCLK_DIV_10
2299:Drivers/STM32WBxx_HAL_Driver/Inc/stm32wbxx_ll_rcc.h ****   *         @arg @ref LL_RCC_SYSCLK_DIV_16
2300:Drivers/STM32WBxx_HAL_Driver/Inc/stm32wbxx_ll_rcc.h ****   *         @arg @ref LL_RCC_SYSCLK_DIV_32
2301:Drivers/STM32WBxx_HAL_Driver/Inc/stm32wbxx_ll_rcc.h ****   *         @arg @ref LL_RCC_SYSCLK_DIV_64
2302:Drivers/STM32WBxx_HAL_Driver/Inc/stm32wbxx_ll_rcc.h ****   *         @arg @ref LL_RCC_SYSCLK_DIV_128
2303:Drivers/STM32WBxx_HAL_Driver/Inc/stm32wbxx_ll_rcc.h ****   *         @arg @ref LL_RCC_SYSCLK_DIV_256
ARM GAS  C:\Users\843E~1\AppData\Local\Temp\cc5PNIRY.s 			page 78


2304:Drivers/STM32WBxx_HAL_Driver/Inc/stm32wbxx_ll_rcc.h ****   *         @arg @ref LL_RCC_SYSCLK_DIV_512
2305:Drivers/STM32WBxx_HAL_Driver/Inc/stm32wbxx_ll_rcc.h ****   */
2306:Drivers/STM32WBxx_HAL_Driver/Inc/stm32wbxx_ll_rcc.h **** __STATIC_INLINE uint32_t LL_RCC_GetAHB4Prescaler(void)
 252              		.loc 2 2306 26 view .LVU70
 253              	.LBB226:
2307:Drivers/STM32WBxx_HAL_Driver/Inc/stm32wbxx_ll_rcc.h **** {
2308:Drivers/STM32WBxx_HAL_Driver/Inc/stm32wbxx_ll_rcc.h ****   return (uint32_t)(READ_BIT(RCC->EXTCFGR, RCC_EXTCFGR_SHDHPRE) << 4);
 254              		.loc 2 2308 3 view .LVU71
 255              		.loc 2 2308 21 is_stmt 0 view .LVU72
 256 000a 4FF0B043 		mov	r3, #1476395008
 257 000e D3F80831 		ldr	r3, [r3, #264]
 258              	.LBE226:
 259              	.LBE225:
1733:Drivers/STM32WBxx_HAL_Driver/Src/stm32wbxx_hal_rcc.c **** 
 260              		.loc 1 1733 22 view .LVU73
 261 0012 03F00F03 		and	r3, r3, #15
 262 0016 0B4A     		ldr	r2, .L25+4
 263 0018 52F82300 		ldr	r0, [r2, r3, lsl #2]
1733:Drivers/STM32WBxx_HAL_Driver/Src/stm32wbxx_hal_rcc.c **** 
 264              		.loc 1 1733 20 view .LVU74
 265 001c B4FBF0F4 		udiv	r4, r4, r0
 266              	.LVL22:
1736:Drivers/STM32WBxx_HAL_Driver/Src/stm32wbxx_hal_rcc.c **** #else
 267              		.loc 1 1736 3 is_stmt 1 view .LVU75
1736:Drivers/STM32WBxx_HAL_Driver/Src/stm32wbxx_hal_rcc.c **** #else
 268              		.loc 1 1736 10 is_stmt 0 view .LVU76
 269 0020 FFF7FEFF 		bl	HAL_PWREx_GetVoltageRange
 270              	.LVL23:
 271 0024 0146     		mov	r1, r0
 272 0026 0848     		ldr	r0, .L25+8
 273 0028 A0FB0430 		umull	r3, r0, r0, r4
 274 002c 800C     		lsrs	r0, r0, #18
 275 002e FFF7FEFF 		bl	RCC_SetFlashLatency
 276              	.LVL24:
1740:Drivers/STM32WBxx_HAL_Driver/Src/stm32wbxx_hal_rcc.c **** 
 277              		.loc 1 1740 1 view .LVU77
 278 0032 10BD     		pop	{r4, pc}
 279              	.LVL25:
 280              	.L22:
1730:Drivers/STM32WBxx_HAL_Driver/Src/stm32wbxx_hal_rcc.c ****   }
 281              		.loc 1 1730 5 is_stmt 1 view .LVU78
1730:Drivers/STM32WBxx_HAL_Driver/Src/stm32wbxx_hal_rcc.c ****   }
 282              		.loc 1 1730 15 is_stmt 0 view .LVU79
 283 0034 C0F30310 		ubfx	r0, r0, #4, #4
 284              	.LVL26:
1730:Drivers/STM32WBxx_HAL_Driver/Src/stm32wbxx_hal_rcc.c ****   }
 285              		.loc 1 1730 13 view .LVU80
 286 0038 014B     		ldr	r3, .L25
 287 003a 53F82040 		ldr	r4, [r3, r0, lsl #2]
 288              	.LVL27:
1730:Drivers/STM32WBxx_HAL_Driver/Src/stm32wbxx_hal_rcc.c ****   }
 289              		.loc 1 1730 13 view .LVU81
 290 003e E4E7     		b	.L23
 291              	.L26:
 292              		.align	2
 293              	.L25:
 294 0040 00000000 		.word	MSIRangeTable
ARM GAS  C:\Users\843E~1\AppData\Local\Temp\cc5PNIRY.s 			page 79


 295 0044 00000000 		.word	AHBPrescTable
 296 0048 83DE1B43 		.word	1125899907
 297              		.cfi_endproc
 298              	.LFE966:
 300              		.section	.text.HAL_RCC_DeInit,"ax",%progbits
 301              		.align	1
 302              		.global	HAL_RCC_DeInit
 303              		.syntax unified
 304              		.thumb
 305              		.thumb_func
 307              	HAL_RCC_DeInit:
 308              	.LFB950:
 267:Drivers/STM32WBxx_HAL_Driver/Src/stm32wbxx_hal_rcc.c ****   uint32_t tickstart;
 309              		.loc 1 267 1 is_stmt 1 view -0
 310              		.cfi_startproc
 311              		@ args = 0, pretend = 0, frame = 0
 312              		@ frame_needed = 0, uses_anonymous_args = 0
 313 0000 38B5     		push	{r3, r4, r5, lr}
 314              	.LCFI4:
 315              		.cfi_def_cfa_offset 16
 316              		.cfi_offset 3, -16
 317              		.cfi_offset 4, -12
 318              		.cfi_offset 5, -8
 319              		.cfi_offset 14, -4
 268:Drivers/STM32WBxx_HAL_Driver/Src/stm32wbxx_hal_rcc.c **** 
 320              		.loc 1 268 3 view .LVU83
 271:Drivers/STM32WBxx_HAL_Driver/Src/stm32wbxx_hal_rcc.c **** 
 321              		.loc 1 271 3 view .LVU84
 271:Drivers/STM32WBxx_HAL_Driver/Src/stm32wbxx_hal_rcc.c **** 
 322              		.loc 1 271 15 is_stmt 0 view .LVU85
 323 0002 FFF7FEFF 		bl	HAL_GetTick
 324              	.LVL28:
 325 0006 0446     		mov	r4, r0
 326              	.LVL29:
 274:Drivers/STM32WBxx_HAL_Driver/Src/stm32wbxx_hal_rcc.c **** 
 327              		.loc 1 274 3 is_stmt 1 view .LVU86
 328              	.LBB227:
 329              	.LBI227:
1896:Drivers/STM32WBxx_HAL_Driver/Inc/stm32wbxx_ll_rcc.h **** {
 330              		.loc 2 1896 22 view .LVU87
 331              	.LBB228:
1898:Drivers/STM32WBxx_HAL_Driver/Inc/stm32wbxx_ll_rcc.h **** }
 332              		.loc 2 1898 3 view .LVU88
 333 0008 4FF0B043 		mov	r3, #1476395008
 334 000c 1A68     		ldr	r2, [r3]
 335 000e 22F00402 		bic	r2, r2, #4
 336 0012 1A60     		str	r2, [r3]
 337              	.LBE228:
 338              	.LBE227:
 277:Drivers/STM32WBxx_HAL_Driver/Src/stm32wbxx_hal_rcc.c **** 
 339              		.loc 1 277 3 view .LVU89
 340              	.LBB229:
 341              	.LBI229:
1850:Drivers/STM32WBxx_HAL_Driver/Inc/stm32wbxx_ll_rcc.h **** {
 342              		.loc 2 1850 22 view .LVU90
 343              	.LBB230:
1852:Drivers/STM32WBxx_HAL_Driver/Inc/stm32wbxx_ll_rcc.h **** }
ARM GAS  C:\Users\843E~1\AppData\Local\Temp\cc5PNIRY.s 			page 80


 344              		.loc 2 1852 3 view .LVU91
 345 0014 1A68     		ldr	r2, [r3]
 346 0016 42F00102 		orr	r2, r2, #1
 347 001a 1A60     		str	r2, [r3]
 348              	.LVL30:
 349              	.L31:
1852:Drivers/STM32WBxx_HAL_Driver/Inc/stm32wbxx_ll_rcc.h **** }
 350              		.loc 2 1852 3 is_stmt 0 view .LVU92
 351              	.LBE230:
 352              	.LBE229:
 280:Drivers/STM32WBxx_HAL_Driver/Src/stm32wbxx_hal_rcc.c ****   {
 353              		.loc 1 280 9 is_stmt 1 view .LVU93
 354              	.LBB231:
 355              	.LBI231:
1870:Drivers/STM32WBxx_HAL_Driver/Inc/stm32wbxx_ll_rcc.h **** {
 356              		.loc 2 1870 26 view .LVU94
 357              	.LBB232:
1872:Drivers/STM32WBxx_HAL_Driver/Inc/stm32wbxx_ll_rcc.h **** }
 358              		.loc 2 1872 3 view .LVU95
1872:Drivers/STM32WBxx_HAL_Driver/Inc/stm32wbxx_ll_rcc.h **** }
 359              		.loc 2 1872 12 is_stmt 0 view .LVU96
 360 001c 4FF0B043 		mov	r3, #1476395008
 361 0020 1B68     		ldr	r3, [r3]
1872:Drivers/STM32WBxx_HAL_Driver/Inc/stm32wbxx_ll_rcc.h **** }
 362              		.loc 2 1872 71 view .LVU97
 363 0022 13F0020F 		tst	r3, #2
 364 0026 25D0     		beq	.L28
 365              	.LBE232:
 366              	.LBE231:
 289:Drivers/STM32WBxx_HAL_Driver/Src/stm32wbxx_hal_rcc.c **** 
 367              		.loc 1 289 3 is_stmt 1 view .LVU98
 368              	.LVL31:
 369              	.LBB233:
 370              	.LBI233:
1920:Drivers/STM32WBxx_HAL_Driver/Inc/stm32wbxx_ll_rcc.h **** {
 371              		.loc 2 1920 22 view .LVU99
 372              	.LBB234:
1922:Drivers/STM32WBxx_HAL_Driver/Inc/stm32wbxx_ll_rcc.h **** }
 373              		.loc 2 1922 3 view .LVU100
 374 0028 4FF0B045 		mov	r5, #1476395008
 375 002c 2B68     		ldr	r3, [r5]
 376 002e 23F0F003 		bic	r3, r3, #240
 377 0032 43F06003 		orr	r3, r3, #96
 378 0036 2B60     		str	r3, [r5]
 379              	.LVL32:
1922:Drivers/STM32WBxx_HAL_Driver/Inc/stm32wbxx_ll_rcc.h **** }
 380              		.loc 2 1922 3 is_stmt 0 view .LVU101
 381              	.LBE234:
 382              	.LBE233:
 292:Drivers/STM32WBxx_HAL_Driver/Src/stm32wbxx_hal_rcc.c **** 
 383              		.loc 1 292 3 is_stmt 1 view .LVU102
 384              	.LBB235:
 385              	.LBI235:
1972:Drivers/STM32WBxx_HAL_Driver/Inc/stm32wbxx_ll_rcc.h **** {
 386              		.loc 2 1972 22 view .LVU103
 387              	.LBB236:
1974:Drivers/STM32WBxx_HAL_Driver/Inc/stm32wbxx_ll_rcc.h **** }
ARM GAS  C:\Users\843E~1\AppData\Local\Temp\cc5PNIRY.s 			page 81


 388              		.loc 2 1974 3 view .LVU104
 389 0038 6B68     		ldr	r3, [r5, #4]
 390 003a 23F47F43 		bic	r3, r3, #65280
 391 003e 6B60     		str	r3, [r5, #4]
 392              	.LVL33:
1974:Drivers/STM32WBxx_HAL_Driver/Inc/stm32wbxx_ll_rcc.h **** }
 393              		.loc 2 1974 3 is_stmt 0 view .LVU105
 394              	.LBE236:
 395              	.LBE235:
 295:Drivers/STM32WBxx_HAL_Driver/Src/stm32wbxx_hal_rcc.c **** 
 396              		.loc 1 295 3 is_stmt 1 view .LVU106
 397              	.LBB237:
 398              	.LBI237:
1545:Drivers/STM32WBxx_HAL_Driver/Inc/stm32wbxx_ll_rcc.h **** {
 399              		.loc 2 1545 22 view .LVU107
 400              	.LBB238:
1547:Drivers/STM32WBxx_HAL_Driver/Inc/stm32wbxx_ll_rcc.h **** }
 401              		.loc 2 1547 3 view .LVU108
 402 0040 6B68     		ldr	r3, [r5, #4]
 403 0042 23F0FE43 		bic	r3, r3, #2130706432
 404 0046 43F08043 		orr	r3, r3, #1073741824
 405 004a 6B60     		str	r3, [r5, #4]
 406              	.LVL34:
1547:Drivers/STM32WBxx_HAL_Driver/Inc/stm32wbxx_ll_rcc.h **** }
 407              		.loc 2 1547 3 is_stmt 0 view .LVU109
 408              	.LBE238:
 409              	.LBE237:
 298:Drivers/STM32WBxx_HAL_Driver/Src/stm32wbxx_hal_rcc.c **** 
 410              		.loc 1 298 3 is_stmt 1 view .LVU110
 298:Drivers/STM32WBxx_HAL_Driver/Src/stm32wbxx_hal_rcc.c **** 
 411              		.loc 1 298 15 is_stmt 0 view .LVU111
 412 004c FFF7FEFF 		bl	HAL_GetTick
 413              	.LVL35:
 414 0050 0446     		mov	r4, r0
 415              	.LVL36:
 301:Drivers/STM32WBxx_HAL_Driver/Src/stm32wbxx_hal_rcc.c **** 
 416              		.loc 1 301 3 is_stmt 1 view .LVU112
 417 0052 0023     		movs	r3, #0
 418 0054 AB60     		str	r3, [r5, #8]
 304:Drivers/STM32WBxx_HAL_Driver/Src/stm32wbxx_hal_rcc.c ****   {
 419              		.loc 1 304 3 view .LVU113
 420              	.LVL37:
 421              	.L29:
 304:Drivers/STM32WBxx_HAL_Driver/Src/stm32wbxx_hal_rcc.c ****   {
 422              		.loc 1 304 9 view .LVU114
 304:Drivers/STM32WBxx_HAL_Driver/Src/stm32wbxx_hal_rcc.c ****   {
 423              		.loc 1 304 10 is_stmt 0 view .LVU115
 424 0056 4FF0B043 		mov	r3, #1476395008
 425 005a 9B68     		ldr	r3, [r3, #8]
 304:Drivers/STM32WBxx_HAL_Driver/Src/stm32wbxx_hal_rcc.c ****   {
 426              		.loc 1 304 9 view .LVU116
 427 005c 13F00C0F 		tst	r3, #12
 428 0060 0FD0     		beq	.L41
 306:Drivers/STM32WBxx_HAL_Driver/Src/stm32wbxx_hal_rcc.c ****     {
 429              		.loc 1 306 5 is_stmt 1 view .LVU117
 306:Drivers/STM32WBxx_HAL_Driver/Src/stm32wbxx_hal_rcc.c ****     {
 430              		.loc 1 306 10 is_stmt 0 view .LVU118
ARM GAS  C:\Users\843E~1\AppData\Local\Temp\cc5PNIRY.s 			page 82


 431 0062 FFF7FEFF 		bl	HAL_GetTick
 432              	.LVL38:
 306:Drivers/STM32WBxx_HAL_Driver/Src/stm32wbxx_hal_rcc.c ****     {
 433              		.loc 1 306 24 view .LVU119
 434 0066 001B     		subs	r0, r0, r4
 306:Drivers/STM32WBxx_HAL_Driver/Src/stm32wbxx_hal_rcc.c ****     {
 435              		.loc 1 306 8 view .LVU120
 436 0068 41F28833 		movw	r3, #5000
 437 006c 9842     		cmp	r0, r3
 438 006e F2D9     		bls	.L29
 308:Drivers/STM32WBxx_HAL_Driver/Src/stm32wbxx_hal_rcc.c ****     }
 439              		.loc 1 308 14 view .LVU121
 440 0070 0320     		movs	r0, #3
 441              	.L30:
 373:Drivers/STM32WBxx_HAL_Driver/Src/stm32wbxx_hal_rcc.c **** 
 442              		.loc 1 373 1 view .LVU122
 443 0072 38BD     		pop	{r3, r4, r5, pc}
 444              	.LVL39:
 445              	.L28:
 282:Drivers/STM32WBxx_HAL_Driver/Src/stm32wbxx_hal_rcc.c ****     {
 446              		.loc 1 282 5 is_stmt 1 view .LVU123
 282:Drivers/STM32WBxx_HAL_Driver/Src/stm32wbxx_hal_rcc.c ****     {
 447              		.loc 1 282 10 is_stmt 0 view .LVU124
 448 0074 FFF7FEFF 		bl	HAL_GetTick
 449              	.LVL40:
 282:Drivers/STM32WBxx_HAL_Driver/Src/stm32wbxx_hal_rcc.c ****     {
 450              		.loc 1 282 24 view .LVU125
 451 0078 001B     		subs	r0, r0, r4
 282:Drivers/STM32WBxx_HAL_Driver/Src/stm32wbxx_hal_rcc.c ****     {
 452              		.loc 1 282 8 view .LVU126
 453 007a 0228     		cmp	r0, #2
 454 007c CED9     		bls	.L31
 284:Drivers/STM32WBxx_HAL_Driver/Src/stm32wbxx_hal_rcc.c ****     }
 455              		.loc 1 284 14 view .LVU127
 456 007e 0320     		movs	r0, #3
 457 0080 F7E7     		b	.L30
 458              	.L41:
 314:Drivers/STM32WBxx_HAL_Driver/Src/stm32wbxx_hal_rcc.c ****             RCC_CR_PLLSAI1ON);
 459              		.loc 1 314 3 is_stmt 1 view .LVU128
 460 0082 4FF0B042 		mov	r2, #1476395008
 461 0086 1168     		ldr	r1, [r2]
 462 0088 1F4B     		ldr	r3, .L42
 463 008a 0B40     		ands	r3, r3, r1
 464 008c 1360     		str	r3, [r2]
 321:Drivers/STM32WBxx_HAL_Driver/Src/stm32wbxx_hal_rcc.c **** 
 465              		.loc 1 321 3 view .LVU129
 321:Drivers/STM32WBxx_HAL_Driver/Src/stm32wbxx_hal_rcc.c **** 
 466              		.loc 1 321 15 is_stmt 0 view .LVU130
 467 008e FFF7FEFF 		bl	HAL_GetTick
 468              	.LVL41:
 469 0092 0446     		mov	r4, r0
 470              	.LVL42:
 324:Drivers/STM32WBxx_HAL_Driver/Src/stm32wbxx_hal_rcc.c ****   {
 471              		.loc 1 324 3 is_stmt 1 view .LVU131
 472              	.L35:
 324:Drivers/STM32WBxx_HAL_Driver/Src/stm32wbxx_hal_rcc.c ****   {
 473              		.loc 1 324 9 view .LVU132
ARM GAS  C:\Users\843E~1\AppData\Local\Temp\cc5PNIRY.s 			page 83


 474              	.LBB239:
 475              	.LBI239:
2309:Drivers/STM32WBxx_HAL_Driver/Inc/stm32wbxx_ll_rcc.h **** }
2310:Drivers/STM32WBxx_HAL_Driver/Inc/stm32wbxx_ll_rcc.h **** 
2311:Drivers/STM32WBxx_HAL_Driver/Inc/stm32wbxx_ll_rcc.h **** /**
2312:Drivers/STM32WBxx_HAL_Driver/Inc/stm32wbxx_ll_rcc.h ****   * @brief  Get APB1 prescaler
2313:Drivers/STM32WBxx_HAL_Driver/Inc/stm32wbxx_ll_rcc.h ****   * @rmtoll CFGR         PPRE1         LL_RCC_GetAPB1Prescaler
2314:Drivers/STM32WBxx_HAL_Driver/Inc/stm32wbxx_ll_rcc.h ****   * @retval Returned value can be one of the following values:
2315:Drivers/STM32WBxx_HAL_Driver/Inc/stm32wbxx_ll_rcc.h ****   *         @arg @ref LL_RCC_APB1_DIV_1
2316:Drivers/STM32WBxx_HAL_Driver/Inc/stm32wbxx_ll_rcc.h ****   *         @arg @ref LL_RCC_APB1_DIV_2
2317:Drivers/STM32WBxx_HAL_Driver/Inc/stm32wbxx_ll_rcc.h ****   *         @arg @ref LL_RCC_APB1_DIV_4
2318:Drivers/STM32WBxx_HAL_Driver/Inc/stm32wbxx_ll_rcc.h ****   *         @arg @ref LL_RCC_APB1_DIV_8
2319:Drivers/STM32WBxx_HAL_Driver/Inc/stm32wbxx_ll_rcc.h ****   *         @arg @ref LL_RCC_APB1_DIV_16
2320:Drivers/STM32WBxx_HAL_Driver/Inc/stm32wbxx_ll_rcc.h ****   */
2321:Drivers/STM32WBxx_HAL_Driver/Inc/stm32wbxx_ll_rcc.h **** __STATIC_INLINE uint32_t LL_RCC_GetAPB1Prescaler(void)
2322:Drivers/STM32WBxx_HAL_Driver/Inc/stm32wbxx_ll_rcc.h **** {
2323:Drivers/STM32WBxx_HAL_Driver/Inc/stm32wbxx_ll_rcc.h ****   return (uint32_t)(READ_BIT(RCC->CFGR, RCC_CFGR_PPRE1));
2324:Drivers/STM32WBxx_HAL_Driver/Inc/stm32wbxx_ll_rcc.h **** }
2325:Drivers/STM32WBxx_HAL_Driver/Inc/stm32wbxx_ll_rcc.h **** 
2326:Drivers/STM32WBxx_HAL_Driver/Inc/stm32wbxx_ll_rcc.h **** /**
2327:Drivers/STM32WBxx_HAL_Driver/Inc/stm32wbxx_ll_rcc.h ****   * @brief  Get APB2 prescaler
2328:Drivers/STM32WBxx_HAL_Driver/Inc/stm32wbxx_ll_rcc.h ****   * @rmtoll CFGR         PPRE2         LL_RCC_GetAPB2Prescaler
2329:Drivers/STM32WBxx_HAL_Driver/Inc/stm32wbxx_ll_rcc.h ****   * @retval Returned value can be one of the following values:
2330:Drivers/STM32WBxx_HAL_Driver/Inc/stm32wbxx_ll_rcc.h ****   *         @arg @ref LL_RCC_APB2_DIV_1
2331:Drivers/STM32WBxx_HAL_Driver/Inc/stm32wbxx_ll_rcc.h ****   *         @arg @ref LL_RCC_APB2_DIV_2
2332:Drivers/STM32WBxx_HAL_Driver/Inc/stm32wbxx_ll_rcc.h ****   *         @arg @ref LL_RCC_APB2_DIV_4
2333:Drivers/STM32WBxx_HAL_Driver/Inc/stm32wbxx_ll_rcc.h ****   *         @arg @ref LL_RCC_APB2_DIV_8
2334:Drivers/STM32WBxx_HAL_Driver/Inc/stm32wbxx_ll_rcc.h ****   *         @arg @ref LL_RCC_APB2_DIV_16
2335:Drivers/STM32WBxx_HAL_Driver/Inc/stm32wbxx_ll_rcc.h ****   */
2336:Drivers/STM32WBxx_HAL_Driver/Inc/stm32wbxx_ll_rcc.h **** __STATIC_INLINE uint32_t LL_RCC_GetAPB2Prescaler(void)
2337:Drivers/STM32WBxx_HAL_Driver/Inc/stm32wbxx_ll_rcc.h **** {
2338:Drivers/STM32WBxx_HAL_Driver/Inc/stm32wbxx_ll_rcc.h ****   return (uint32_t)(READ_BIT(RCC->CFGR, RCC_CFGR_PPRE2));
2339:Drivers/STM32WBxx_HAL_Driver/Inc/stm32wbxx_ll_rcc.h **** }
2340:Drivers/STM32WBxx_HAL_Driver/Inc/stm32wbxx_ll_rcc.h **** 
2341:Drivers/STM32WBxx_HAL_Driver/Inc/stm32wbxx_ll_rcc.h **** /**
2342:Drivers/STM32WBxx_HAL_Driver/Inc/stm32wbxx_ll_rcc.h ****   * @brief  Set Clock After Wake-Up From Stop mode
2343:Drivers/STM32WBxx_HAL_Driver/Inc/stm32wbxx_ll_rcc.h ****   * @rmtoll CFGR         STOPWUCK      LL_RCC_SetClkAfterWakeFromStop
2344:Drivers/STM32WBxx_HAL_Driver/Inc/stm32wbxx_ll_rcc.h ****   * @param  Clock This parameter can be one of the following values:
2345:Drivers/STM32WBxx_HAL_Driver/Inc/stm32wbxx_ll_rcc.h ****   *         @arg @ref LL_RCC_STOP_WAKEUPCLOCK_MSI
2346:Drivers/STM32WBxx_HAL_Driver/Inc/stm32wbxx_ll_rcc.h ****   *         @arg @ref LL_RCC_STOP_WAKEUPCLOCK_HSI
2347:Drivers/STM32WBxx_HAL_Driver/Inc/stm32wbxx_ll_rcc.h ****   * @retval None
2348:Drivers/STM32WBxx_HAL_Driver/Inc/stm32wbxx_ll_rcc.h ****   */
2349:Drivers/STM32WBxx_HAL_Driver/Inc/stm32wbxx_ll_rcc.h **** __STATIC_INLINE void LL_RCC_SetClkAfterWakeFromStop(uint32_t Clock)
2350:Drivers/STM32WBxx_HAL_Driver/Inc/stm32wbxx_ll_rcc.h **** {
2351:Drivers/STM32WBxx_HAL_Driver/Inc/stm32wbxx_ll_rcc.h ****   MODIFY_REG(RCC->CFGR, RCC_CFGR_STOPWUCK, Clock);
2352:Drivers/STM32WBxx_HAL_Driver/Inc/stm32wbxx_ll_rcc.h **** }
2353:Drivers/STM32WBxx_HAL_Driver/Inc/stm32wbxx_ll_rcc.h **** 
2354:Drivers/STM32WBxx_HAL_Driver/Inc/stm32wbxx_ll_rcc.h **** /**
2355:Drivers/STM32WBxx_HAL_Driver/Inc/stm32wbxx_ll_rcc.h ****   * @brief  Get Clock After Wake-Up From Stop mode
2356:Drivers/STM32WBxx_HAL_Driver/Inc/stm32wbxx_ll_rcc.h ****   * @rmtoll CFGR         STOPWUCK      LL_RCC_GetClkAfterWakeFromStop
2357:Drivers/STM32WBxx_HAL_Driver/Inc/stm32wbxx_ll_rcc.h ****   * @retval Returned value can be one of the following values:
2358:Drivers/STM32WBxx_HAL_Driver/Inc/stm32wbxx_ll_rcc.h ****   *         @arg @ref LL_RCC_STOP_WAKEUPCLOCK_MSI
2359:Drivers/STM32WBxx_HAL_Driver/Inc/stm32wbxx_ll_rcc.h ****   *         @arg @ref LL_RCC_STOP_WAKEUPCLOCK_HSI
2360:Drivers/STM32WBxx_HAL_Driver/Inc/stm32wbxx_ll_rcc.h ****   */
2361:Drivers/STM32WBxx_HAL_Driver/Inc/stm32wbxx_ll_rcc.h **** __STATIC_INLINE uint32_t LL_RCC_GetClkAfterWakeFromStop(void)
2362:Drivers/STM32WBxx_HAL_Driver/Inc/stm32wbxx_ll_rcc.h **** {
2363:Drivers/STM32WBxx_HAL_Driver/Inc/stm32wbxx_ll_rcc.h ****   return (uint32_t)(READ_BIT(RCC->CFGR, RCC_CFGR_STOPWUCK));
ARM GAS  C:\Users\843E~1\AppData\Local\Temp\cc5PNIRY.s 			page 84


2364:Drivers/STM32WBxx_HAL_Driver/Inc/stm32wbxx_ll_rcc.h **** }
2365:Drivers/STM32WBxx_HAL_Driver/Inc/stm32wbxx_ll_rcc.h **** 
2366:Drivers/STM32WBxx_HAL_Driver/Inc/stm32wbxx_ll_rcc.h **** /**
2367:Drivers/STM32WBxx_HAL_Driver/Inc/stm32wbxx_ll_rcc.h ****   * @}
2368:Drivers/STM32WBxx_HAL_Driver/Inc/stm32wbxx_ll_rcc.h ****   */
2369:Drivers/STM32WBxx_HAL_Driver/Inc/stm32wbxx_ll_rcc.h **** 
2370:Drivers/STM32WBxx_HAL_Driver/Inc/stm32wbxx_ll_rcc.h **** #if defined(RCC_SMPS_SUPPORT)
2371:Drivers/STM32WBxx_HAL_Driver/Inc/stm32wbxx_ll_rcc.h **** /** @defgroup RCC_LL_EF_SMPS SMPS
2372:Drivers/STM32WBxx_HAL_Driver/Inc/stm32wbxx_ll_rcc.h ****   * @{
2373:Drivers/STM32WBxx_HAL_Driver/Inc/stm32wbxx_ll_rcc.h ****   */
2374:Drivers/STM32WBxx_HAL_Driver/Inc/stm32wbxx_ll_rcc.h **** /**
2375:Drivers/STM32WBxx_HAL_Driver/Inc/stm32wbxx_ll_rcc.h ****   * @brief  Configure SMPS step down converter clock source
2376:Drivers/STM32WBxx_HAL_Driver/Inc/stm32wbxx_ll_rcc.h ****   * @rmtoll SMPSCR        SMPSSEL     LL_RCC_SetSMPSClockSource
2377:Drivers/STM32WBxx_HAL_Driver/Inc/stm32wbxx_ll_rcc.h ****   * @param  SMPSSource This parameter can be one of the following values:
2378:Drivers/STM32WBxx_HAL_Driver/Inc/stm32wbxx_ll_rcc.h ****   *         @arg @ref LL_RCC_SMPS_CLKSOURCE_HSI
2379:Drivers/STM32WBxx_HAL_Driver/Inc/stm32wbxx_ll_rcc.h ****   *         @arg @ref LL_RCC_SMPS_CLKSOURCE_MSI (*)
2380:Drivers/STM32WBxx_HAL_Driver/Inc/stm32wbxx_ll_rcc.h ****   *         @arg @ref LL_RCC_SMPS_CLKSOURCE_HSE
2381:Drivers/STM32WBxx_HAL_Driver/Inc/stm32wbxx_ll_rcc.h ****   * @note   The system must always be configured so as to get a SMPS Step Down
2382:Drivers/STM32WBxx_HAL_Driver/Inc/stm32wbxx_ll_rcc.h ****   *         converter clock frequency between 2 MHz and 8 MHz
2383:Drivers/STM32WBxx_HAL_Driver/Inc/stm32wbxx_ll_rcc.h ****   * @note   (*) The MSI shall only be selected as SMPS Step Down converter
2384:Drivers/STM32WBxx_HAL_Driver/Inc/stm32wbxx_ll_rcc.h ****   *          clock source when a supported SMPS Step Down converter clock
2385:Drivers/STM32WBxx_HAL_Driver/Inc/stm32wbxx_ll_rcc.h ****   *          MSIRANGE is set (LL_RCC_MSIRANGE_8 to LL_RCC_MSIRANGE_11)
2386:Drivers/STM32WBxx_HAL_Driver/Inc/stm32wbxx_ll_rcc.h ****   * @retval None
2387:Drivers/STM32WBxx_HAL_Driver/Inc/stm32wbxx_ll_rcc.h ****   */
2388:Drivers/STM32WBxx_HAL_Driver/Inc/stm32wbxx_ll_rcc.h **** __STATIC_INLINE void LL_RCC_SetSMPSClockSource(uint32_t SMPSSource)
2389:Drivers/STM32WBxx_HAL_Driver/Inc/stm32wbxx_ll_rcc.h **** {
2390:Drivers/STM32WBxx_HAL_Driver/Inc/stm32wbxx_ll_rcc.h ****   MODIFY_REG(RCC->SMPSCR, RCC_SMPSCR_SMPSSEL, SMPSSource);
2391:Drivers/STM32WBxx_HAL_Driver/Inc/stm32wbxx_ll_rcc.h **** }
2392:Drivers/STM32WBxx_HAL_Driver/Inc/stm32wbxx_ll_rcc.h **** 
2393:Drivers/STM32WBxx_HAL_Driver/Inc/stm32wbxx_ll_rcc.h **** /**
2394:Drivers/STM32WBxx_HAL_Driver/Inc/stm32wbxx_ll_rcc.h ****   * @brief  Get the SMPS clock source selection
2395:Drivers/STM32WBxx_HAL_Driver/Inc/stm32wbxx_ll_rcc.h ****   * @rmtoll SMPSCR         SMPSSEL           LL_RCC_GetSMPSClockSelection
2396:Drivers/STM32WBxx_HAL_Driver/Inc/stm32wbxx_ll_rcc.h ****   * @retval Returned value can be one of the following values:
2397:Drivers/STM32WBxx_HAL_Driver/Inc/stm32wbxx_ll_rcc.h ****   *         @arg @ref LL_RCC_SMPS_CLKSOURCE_HSI
2398:Drivers/STM32WBxx_HAL_Driver/Inc/stm32wbxx_ll_rcc.h ****   *         @arg @ref LL_RCC_SMPS_CLKSOURCE_MSI
2399:Drivers/STM32WBxx_HAL_Driver/Inc/stm32wbxx_ll_rcc.h ****   *         @arg @ref LL_RCC_SMPS_CLKSOURCE_HSE
2400:Drivers/STM32WBxx_HAL_Driver/Inc/stm32wbxx_ll_rcc.h ****   */
2401:Drivers/STM32WBxx_HAL_Driver/Inc/stm32wbxx_ll_rcc.h **** __STATIC_INLINE uint32_t LL_RCC_GetSMPSClockSelection(void)
2402:Drivers/STM32WBxx_HAL_Driver/Inc/stm32wbxx_ll_rcc.h **** {
2403:Drivers/STM32WBxx_HAL_Driver/Inc/stm32wbxx_ll_rcc.h ****   return (uint32_t)(READ_BIT(RCC->SMPSCR, RCC_SMPSCR_SMPSSEL));
2404:Drivers/STM32WBxx_HAL_Driver/Inc/stm32wbxx_ll_rcc.h **** }
2405:Drivers/STM32WBxx_HAL_Driver/Inc/stm32wbxx_ll_rcc.h **** 
2406:Drivers/STM32WBxx_HAL_Driver/Inc/stm32wbxx_ll_rcc.h **** 
2407:Drivers/STM32WBxx_HAL_Driver/Inc/stm32wbxx_ll_rcc.h **** /**
2408:Drivers/STM32WBxx_HAL_Driver/Inc/stm32wbxx_ll_rcc.h ****   * @brief  Get the SMPS clock source
2409:Drivers/STM32WBxx_HAL_Driver/Inc/stm32wbxx_ll_rcc.h ****   * @rmtoll SMPSCR         SMPSSWS           LL_RCC_GetSMPSClockSource
2410:Drivers/STM32WBxx_HAL_Driver/Inc/stm32wbxx_ll_rcc.h ****   * @retval Returned value can be one of the following values:
2411:Drivers/STM32WBxx_HAL_Driver/Inc/stm32wbxx_ll_rcc.h ****   *         @arg @ref LL_RCC_SMPS_CLKSOURCE_STATUS_HSI
2412:Drivers/STM32WBxx_HAL_Driver/Inc/stm32wbxx_ll_rcc.h ****   *         @arg @ref LL_RCC_SMPS_CLKSOURCE_STATUS_MSI
2413:Drivers/STM32WBxx_HAL_Driver/Inc/stm32wbxx_ll_rcc.h ****   *         @arg @ref LL_RCC_SMPS_CLKSOURCE_STATUS_HSE
2414:Drivers/STM32WBxx_HAL_Driver/Inc/stm32wbxx_ll_rcc.h ****   *         @arg @ref LL_RCC_SMPS_CLKSOURCE_STATUS_NO_CLOCK
2415:Drivers/STM32WBxx_HAL_Driver/Inc/stm32wbxx_ll_rcc.h ****   */
2416:Drivers/STM32WBxx_HAL_Driver/Inc/stm32wbxx_ll_rcc.h **** __STATIC_INLINE uint32_t LL_RCC_GetSMPSClockSource(void)
2417:Drivers/STM32WBxx_HAL_Driver/Inc/stm32wbxx_ll_rcc.h **** {
2418:Drivers/STM32WBxx_HAL_Driver/Inc/stm32wbxx_ll_rcc.h ****   return (uint32_t)(READ_BIT(RCC->SMPSCR, RCC_SMPSCR_SMPSSWS));
2419:Drivers/STM32WBxx_HAL_Driver/Inc/stm32wbxx_ll_rcc.h **** }
2420:Drivers/STM32WBxx_HAL_Driver/Inc/stm32wbxx_ll_rcc.h **** 
ARM GAS  C:\Users\843E~1\AppData\Local\Temp\cc5PNIRY.s 			page 85


2421:Drivers/STM32WBxx_HAL_Driver/Inc/stm32wbxx_ll_rcc.h **** /**
2422:Drivers/STM32WBxx_HAL_Driver/Inc/stm32wbxx_ll_rcc.h ****   * @brief  Set SMPS prescaler
2423:Drivers/STM32WBxx_HAL_Driver/Inc/stm32wbxx_ll_rcc.h ****   * @rmtoll SMPSCR         SMPSDIV          LL_RCC_SetSMPSPrescaler
2424:Drivers/STM32WBxx_HAL_Driver/Inc/stm32wbxx_ll_rcc.h ****   * @param  Prescaler This parameter can be one of the following values:
2425:Drivers/STM32WBxx_HAL_Driver/Inc/stm32wbxx_ll_rcc.h ****   *         @arg @ref LL_RCC_SMPS_DIV_0
2426:Drivers/STM32WBxx_HAL_Driver/Inc/stm32wbxx_ll_rcc.h ****   *         @arg @ref LL_RCC_SMPS_DIV_1
2427:Drivers/STM32WBxx_HAL_Driver/Inc/stm32wbxx_ll_rcc.h ****   *         @arg @ref LL_RCC_SMPS_DIV_2
2428:Drivers/STM32WBxx_HAL_Driver/Inc/stm32wbxx_ll_rcc.h ****   *         @arg @ref LL_RCC_SMPS_DIV_3
2429:Drivers/STM32WBxx_HAL_Driver/Inc/stm32wbxx_ll_rcc.h ****   * @retval None
2430:Drivers/STM32WBxx_HAL_Driver/Inc/stm32wbxx_ll_rcc.h ****   */
2431:Drivers/STM32WBxx_HAL_Driver/Inc/stm32wbxx_ll_rcc.h **** __STATIC_INLINE void LL_RCC_SetSMPSPrescaler(uint32_t Prescaler)
2432:Drivers/STM32WBxx_HAL_Driver/Inc/stm32wbxx_ll_rcc.h **** {
2433:Drivers/STM32WBxx_HAL_Driver/Inc/stm32wbxx_ll_rcc.h ****   MODIFY_REG(RCC->SMPSCR, RCC_SMPSCR_SMPSDIV, Prescaler);
2434:Drivers/STM32WBxx_HAL_Driver/Inc/stm32wbxx_ll_rcc.h **** }
2435:Drivers/STM32WBxx_HAL_Driver/Inc/stm32wbxx_ll_rcc.h **** 
2436:Drivers/STM32WBxx_HAL_Driver/Inc/stm32wbxx_ll_rcc.h **** /**
2437:Drivers/STM32WBxx_HAL_Driver/Inc/stm32wbxx_ll_rcc.h ****   * @brief  Get SMPS prescaler
2438:Drivers/STM32WBxx_HAL_Driver/Inc/stm32wbxx_ll_rcc.h ****   * @rmtoll SMPSCR         SMPSDIV          LL_RCC_GetSMPSPrescaler
2439:Drivers/STM32WBxx_HAL_Driver/Inc/stm32wbxx_ll_rcc.h ****   * @retval Returned value can be one of the following values:
2440:Drivers/STM32WBxx_HAL_Driver/Inc/stm32wbxx_ll_rcc.h ****   *         @arg @ref LL_RCC_SMPS_DIV_0
2441:Drivers/STM32WBxx_HAL_Driver/Inc/stm32wbxx_ll_rcc.h ****   *         @arg @ref LL_RCC_SMPS_DIV_1
2442:Drivers/STM32WBxx_HAL_Driver/Inc/stm32wbxx_ll_rcc.h ****   *         @arg @ref LL_RCC_SMPS_DIV_2
2443:Drivers/STM32WBxx_HAL_Driver/Inc/stm32wbxx_ll_rcc.h ****   *         @arg @ref LL_RCC_SMPS_DIV_3
2444:Drivers/STM32WBxx_HAL_Driver/Inc/stm32wbxx_ll_rcc.h ****   */
2445:Drivers/STM32WBxx_HAL_Driver/Inc/stm32wbxx_ll_rcc.h **** __STATIC_INLINE uint32_t LL_RCC_GetSMPSPrescaler(void)
2446:Drivers/STM32WBxx_HAL_Driver/Inc/stm32wbxx_ll_rcc.h **** {
2447:Drivers/STM32WBxx_HAL_Driver/Inc/stm32wbxx_ll_rcc.h ****   return (uint32_t)(READ_BIT(RCC->SMPSCR, RCC_SMPSCR_SMPSDIV));
2448:Drivers/STM32WBxx_HAL_Driver/Inc/stm32wbxx_ll_rcc.h **** }
2449:Drivers/STM32WBxx_HAL_Driver/Inc/stm32wbxx_ll_rcc.h **** 
2450:Drivers/STM32WBxx_HAL_Driver/Inc/stm32wbxx_ll_rcc.h **** /**
2451:Drivers/STM32WBxx_HAL_Driver/Inc/stm32wbxx_ll_rcc.h ****   * @}
2452:Drivers/STM32WBxx_HAL_Driver/Inc/stm32wbxx_ll_rcc.h ****   */
2453:Drivers/STM32WBxx_HAL_Driver/Inc/stm32wbxx_ll_rcc.h **** #endif /* RCC_SMPS_SUPPORT */
2454:Drivers/STM32WBxx_HAL_Driver/Inc/stm32wbxx_ll_rcc.h **** 
2455:Drivers/STM32WBxx_HAL_Driver/Inc/stm32wbxx_ll_rcc.h **** /** @defgroup RCC_LL_EF_MCO MCO
2456:Drivers/STM32WBxx_HAL_Driver/Inc/stm32wbxx_ll_rcc.h ****   * @{
2457:Drivers/STM32WBxx_HAL_Driver/Inc/stm32wbxx_ll_rcc.h ****   */
2458:Drivers/STM32WBxx_HAL_Driver/Inc/stm32wbxx_ll_rcc.h **** 
2459:Drivers/STM32WBxx_HAL_Driver/Inc/stm32wbxx_ll_rcc.h **** /**
2460:Drivers/STM32WBxx_HAL_Driver/Inc/stm32wbxx_ll_rcc.h ****   * @brief  Configure MCOx
2461:Drivers/STM32WBxx_HAL_Driver/Inc/stm32wbxx_ll_rcc.h ****   * @rmtoll CFGR         MCOSEL        LL_RCC_ConfigMCO\n
2462:Drivers/STM32WBxx_HAL_Driver/Inc/stm32wbxx_ll_rcc.h ****   *         CFGR         MCOPRE        LL_RCC_ConfigMCO
2463:Drivers/STM32WBxx_HAL_Driver/Inc/stm32wbxx_ll_rcc.h ****   * @param  MCOxSource This parameter can be one of the following values:
2464:Drivers/STM32WBxx_HAL_Driver/Inc/stm32wbxx_ll_rcc.h ****   *         @arg @ref LL_RCC_MCO1SOURCE_NOCLOCK
2465:Drivers/STM32WBxx_HAL_Driver/Inc/stm32wbxx_ll_rcc.h ****   *         @arg @ref LL_RCC_MCO1SOURCE_SYSCLK
2466:Drivers/STM32WBxx_HAL_Driver/Inc/stm32wbxx_ll_rcc.h ****   *         @arg @ref LL_RCC_MCO1SOURCE_MSI
2467:Drivers/STM32WBxx_HAL_Driver/Inc/stm32wbxx_ll_rcc.h ****   *         @arg @ref LL_RCC_MCO1SOURCE_HSI
2468:Drivers/STM32WBxx_HAL_Driver/Inc/stm32wbxx_ll_rcc.h ****   *         @arg @ref LL_RCC_MCO1SOURCE_HSE
2469:Drivers/STM32WBxx_HAL_Driver/Inc/stm32wbxx_ll_rcc.h ****   *         @arg @ref LL_RCC_MCO1SOURCE_HSI48 (*)
2470:Drivers/STM32WBxx_HAL_Driver/Inc/stm32wbxx_ll_rcc.h ****   *         @arg @ref LL_RCC_MCO1SOURCE_PLLCLK
2471:Drivers/STM32WBxx_HAL_Driver/Inc/stm32wbxx_ll_rcc.h ****   *         @arg @ref LL_RCC_MCO1SOURCE_LSI1
2472:Drivers/STM32WBxx_HAL_Driver/Inc/stm32wbxx_ll_rcc.h ****   *         @arg @ref LL_RCC_MCO1SOURCE_LSI2
2473:Drivers/STM32WBxx_HAL_Driver/Inc/stm32wbxx_ll_rcc.h ****   *         @arg @ref LL_RCC_MCO1SOURCE_LSE
2474:Drivers/STM32WBxx_HAL_Driver/Inc/stm32wbxx_ll_rcc.h ****   *         @arg @ref LL_RCC_MCO1SOURCE_HSE_BEFORE_STAB
2475:Drivers/STM32WBxx_HAL_Driver/Inc/stm32wbxx_ll_rcc.h ****   * @param  MCOxPrescaler This parameter can be one of the following values:
2476:Drivers/STM32WBxx_HAL_Driver/Inc/stm32wbxx_ll_rcc.h ****   *         @arg @ref LL_RCC_MCO1_DIV_1
2477:Drivers/STM32WBxx_HAL_Driver/Inc/stm32wbxx_ll_rcc.h ****   *         @arg @ref LL_RCC_MCO1_DIV_2
ARM GAS  C:\Users\843E~1\AppData\Local\Temp\cc5PNIRY.s 			page 86


2478:Drivers/STM32WBxx_HAL_Driver/Inc/stm32wbxx_ll_rcc.h ****   *         @arg @ref LL_RCC_MCO1_DIV_4
2479:Drivers/STM32WBxx_HAL_Driver/Inc/stm32wbxx_ll_rcc.h ****   *         @arg @ref LL_RCC_MCO1_DIV_8
2480:Drivers/STM32WBxx_HAL_Driver/Inc/stm32wbxx_ll_rcc.h ****   *         @arg @ref LL_RCC_MCO1_DIV_16
2481:Drivers/STM32WBxx_HAL_Driver/Inc/stm32wbxx_ll_rcc.h ****   * @note   (*) Value not defined for all devices
2482:Drivers/STM32WBxx_HAL_Driver/Inc/stm32wbxx_ll_rcc.h ****   * @retval None
2483:Drivers/STM32WBxx_HAL_Driver/Inc/stm32wbxx_ll_rcc.h ****   */
2484:Drivers/STM32WBxx_HAL_Driver/Inc/stm32wbxx_ll_rcc.h **** __STATIC_INLINE void LL_RCC_ConfigMCO(uint32_t MCOxSource, uint32_t MCOxPrescaler)
2485:Drivers/STM32WBxx_HAL_Driver/Inc/stm32wbxx_ll_rcc.h **** {
2486:Drivers/STM32WBxx_HAL_Driver/Inc/stm32wbxx_ll_rcc.h ****   MODIFY_REG(RCC->CFGR, RCC_CFGR_MCOSEL | RCC_CFGR_MCOPRE, MCOxSource | MCOxPrescaler);
2487:Drivers/STM32WBxx_HAL_Driver/Inc/stm32wbxx_ll_rcc.h **** }
2488:Drivers/STM32WBxx_HAL_Driver/Inc/stm32wbxx_ll_rcc.h **** 
2489:Drivers/STM32WBxx_HAL_Driver/Inc/stm32wbxx_ll_rcc.h **** /**
2490:Drivers/STM32WBxx_HAL_Driver/Inc/stm32wbxx_ll_rcc.h ****   * @}
2491:Drivers/STM32WBxx_HAL_Driver/Inc/stm32wbxx_ll_rcc.h ****   */
2492:Drivers/STM32WBxx_HAL_Driver/Inc/stm32wbxx_ll_rcc.h **** 
2493:Drivers/STM32WBxx_HAL_Driver/Inc/stm32wbxx_ll_rcc.h **** /** @defgroup RCC_LL_EF_Peripheral_Clock_Source Peripheral Clock Source
2494:Drivers/STM32WBxx_HAL_Driver/Inc/stm32wbxx_ll_rcc.h ****   * @{
2495:Drivers/STM32WBxx_HAL_Driver/Inc/stm32wbxx_ll_rcc.h ****   */
2496:Drivers/STM32WBxx_HAL_Driver/Inc/stm32wbxx_ll_rcc.h **** 
2497:Drivers/STM32WBxx_HAL_Driver/Inc/stm32wbxx_ll_rcc.h **** /**
2498:Drivers/STM32WBxx_HAL_Driver/Inc/stm32wbxx_ll_rcc.h ****   * @brief  Configure USARTx clock source
2499:Drivers/STM32WBxx_HAL_Driver/Inc/stm32wbxx_ll_rcc.h ****   * @rmtoll CCIPR        USART1SEL     LL_RCC_SetUSARTClockSource
2500:Drivers/STM32WBxx_HAL_Driver/Inc/stm32wbxx_ll_rcc.h ****   * @param  USARTxSource This parameter can be one of the following values:
2501:Drivers/STM32WBxx_HAL_Driver/Inc/stm32wbxx_ll_rcc.h ****   *         @arg @ref LL_RCC_USART1_CLKSOURCE_PCLK2
2502:Drivers/STM32WBxx_HAL_Driver/Inc/stm32wbxx_ll_rcc.h ****   *         @arg @ref LL_RCC_USART1_CLKSOURCE_SYSCLK
2503:Drivers/STM32WBxx_HAL_Driver/Inc/stm32wbxx_ll_rcc.h ****   *         @arg @ref LL_RCC_USART1_CLKSOURCE_HSI
2504:Drivers/STM32WBxx_HAL_Driver/Inc/stm32wbxx_ll_rcc.h ****   *         @arg @ref LL_RCC_USART1_CLKSOURCE_LSE
2505:Drivers/STM32WBxx_HAL_Driver/Inc/stm32wbxx_ll_rcc.h ****   * @retval None
2506:Drivers/STM32WBxx_HAL_Driver/Inc/stm32wbxx_ll_rcc.h ****   */
2507:Drivers/STM32WBxx_HAL_Driver/Inc/stm32wbxx_ll_rcc.h **** __STATIC_INLINE void LL_RCC_SetUSARTClockSource(uint32_t USARTxSource)
2508:Drivers/STM32WBxx_HAL_Driver/Inc/stm32wbxx_ll_rcc.h **** {
2509:Drivers/STM32WBxx_HAL_Driver/Inc/stm32wbxx_ll_rcc.h ****   MODIFY_REG(RCC->CCIPR, RCC_CCIPR_USART1SEL, USARTxSource);
2510:Drivers/STM32WBxx_HAL_Driver/Inc/stm32wbxx_ll_rcc.h **** }
2511:Drivers/STM32WBxx_HAL_Driver/Inc/stm32wbxx_ll_rcc.h **** 
2512:Drivers/STM32WBxx_HAL_Driver/Inc/stm32wbxx_ll_rcc.h **** #if defined(LPUART1)
2513:Drivers/STM32WBxx_HAL_Driver/Inc/stm32wbxx_ll_rcc.h **** /**
2514:Drivers/STM32WBxx_HAL_Driver/Inc/stm32wbxx_ll_rcc.h ****   * @brief  Configure LPUART1x clock source
2515:Drivers/STM32WBxx_HAL_Driver/Inc/stm32wbxx_ll_rcc.h ****   * @rmtoll CCIPR        LPUART1SEL    LL_RCC_SetLPUARTClockSource
2516:Drivers/STM32WBxx_HAL_Driver/Inc/stm32wbxx_ll_rcc.h ****   * @param  LPUARTxSource This parameter can be one of the following values:
2517:Drivers/STM32WBxx_HAL_Driver/Inc/stm32wbxx_ll_rcc.h ****   *         @arg @ref LL_RCC_LPUART1_CLKSOURCE_PCLK1
2518:Drivers/STM32WBxx_HAL_Driver/Inc/stm32wbxx_ll_rcc.h ****   *         @arg @ref LL_RCC_LPUART1_CLKSOURCE_SYSCLK
2519:Drivers/STM32WBxx_HAL_Driver/Inc/stm32wbxx_ll_rcc.h ****   *         @arg @ref LL_RCC_LPUART1_CLKSOURCE_HSI
2520:Drivers/STM32WBxx_HAL_Driver/Inc/stm32wbxx_ll_rcc.h ****   *         @arg @ref LL_RCC_LPUART1_CLKSOURCE_LSE
2521:Drivers/STM32WBxx_HAL_Driver/Inc/stm32wbxx_ll_rcc.h ****   * @retval None
2522:Drivers/STM32WBxx_HAL_Driver/Inc/stm32wbxx_ll_rcc.h ****   */
2523:Drivers/STM32WBxx_HAL_Driver/Inc/stm32wbxx_ll_rcc.h **** __STATIC_INLINE void LL_RCC_SetLPUARTClockSource(uint32_t LPUARTxSource)
2524:Drivers/STM32WBxx_HAL_Driver/Inc/stm32wbxx_ll_rcc.h **** {
2525:Drivers/STM32WBxx_HAL_Driver/Inc/stm32wbxx_ll_rcc.h ****   MODIFY_REG(RCC->CCIPR, RCC_CCIPR_LPUART1SEL, LPUARTxSource);
2526:Drivers/STM32WBxx_HAL_Driver/Inc/stm32wbxx_ll_rcc.h **** }
2527:Drivers/STM32WBxx_HAL_Driver/Inc/stm32wbxx_ll_rcc.h **** #endif /* LPUART1 */
2528:Drivers/STM32WBxx_HAL_Driver/Inc/stm32wbxx_ll_rcc.h **** 
2529:Drivers/STM32WBxx_HAL_Driver/Inc/stm32wbxx_ll_rcc.h **** /**
2530:Drivers/STM32WBxx_HAL_Driver/Inc/stm32wbxx_ll_rcc.h ****   * @brief  Configure I2Cx clock source
2531:Drivers/STM32WBxx_HAL_Driver/Inc/stm32wbxx_ll_rcc.h ****   * @rmtoll CCIPR        I2CxSEL       LL_RCC_SetI2CClockSource
2532:Drivers/STM32WBxx_HAL_Driver/Inc/stm32wbxx_ll_rcc.h ****   * @param  I2CxSource This parameter can be one of the following values:
2533:Drivers/STM32WBxx_HAL_Driver/Inc/stm32wbxx_ll_rcc.h ****   *         @arg @ref LL_RCC_I2C1_CLKSOURCE_PCLK1
2534:Drivers/STM32WBxx_HAL_Driver/Inc/stm32wbxx_ll_rcc.h ****   *         @arg @ref LL_RCC_I2C1_CLKSOURCE_SYSCLK
ARM GAS  C:\Users\843E~1\AppData\Local\Temp\cc5PNIRY.s 			page 87


2535:Drivers/STM32WBxx_HAL_Driver/Inc/stm32wbxx_ll_rcc.h ****   *         @arg @ref LL_RCC_I2C1_CLKSOURCE_HSI
2536:Drivers/STM32WBxx_HAL_Driver/Inc/stm32wbxx_ll_rcc.h ****   *         @arg @ref LL_RCC_I2C3_CLKSOURCE_PCLK1 (*)
2537:Drivers/STM32WBxx_HAL_Driver/Inc/stm32wbxx_ll_rcc.h ****   *         @arg @ref LL_RCC_I2C3_CLKSOURCE_SYSCLK (*)
2538:Drivers/STM32WBxx_HAL_Driver/Inc/stm32wbxx_ll_rcc.h ****   *         @arg @ref LL_RCC_I2C3_CLKSOURCE_HSI (*)
2539:Drivers/STM32WBxx_HAL_Driver/Inc/stm32wbxx_ll_rcc.h ****   * @note   (*) Value not defined for all devices
2540:Drivers/STM32WBxx_HAL_Driver/Inc/stm32wbxx_ll_rcc.h ****   * @retval None
2541:Drivers/STM32WBxx_HAL_Driver/Inc/stm32wbxx_ll_rcc.h ****   */
2542:Drivers/STM32WBxx_HAL_Driver/Inc/stm32wbxx_ll_rcc.h **** __STATIC_INLINE void LL_RCC_SetI2CClockSource(uint32_t I2CxSource)
2543:Drivers/STM32WBxx_HAL_Driver/Inc/stm32wbxx_ll_rcc.h **** {
2544:Drivers/STM32WBxx_HAL_Driver/Inc/stm32wbxx_ll_rcc.h ****   MODIFY_REG(RCC->CCIPR, ((I2CxSource >> 4) & 0x000FF000U), ((I2CxSource << 4) & 0x000FF000U));
2545:Drivers/STM32WBxx_HAL_Driver/Inc/stm32wbxx_ll_rcc.h **** }
2546:Drivers/STM32WBxx_HAL_Driver/Inc/stm32wbxx_ll_rcc.h **** 
2547:Drivers/STM32WBxx_HAL_Driver/Inc/stm32wbxx_ll_rcc.h **** /**
2548:Drivers/STM32WBxx_HAL_Driver/Inc/stm32wbxx_ll_rcc.h ****   * @brief  Configure LPTIMx clock source
2549:Drivers/STM32WBxx_HAL_Driver/Inc/stm32wbxx_ll_rcc.h ****   * @rmtoll CCIPR        LPTIMxSEL     LL_RCC_SetLPTIMClockSource
2550:Drivers/STM32WBxx_HAL_Driver/Inc/stm32wbxx_ll_rcc.h ****   * @param  LPTIMxSource This parameter can be one of the following values:
2551:Drivers/STM32WBxx_HAL_Driver/Inc/stm32wbxx_ll_rcc.h ****   *         @arg @ref LL_RCC_LPTIM1_CLKSOURCE_PCLK1
2552:Drivers/STM32WBxx_HAL_Driver/Inc/stm32wbxx_ll_rcc.h ****   *         @arg @ref LL_RCC_LPTIM1_CLKSOURCE_LSI
2553:Drivers/STM32WBxx_HAL_Driver/Inc/stm32wbxx_ll_rcc.h ****   *         @arg @ref LL_RCC_LPTIM1_CLKSOURCE_HSI
2554:Drivers/STM32WBxx_HAL_Driver/Inc/stm32wbxx_ll_rcc.h ****   *         @arg @ref LL_RCC_LPTIM1_CLKSOURCE_LSE
2555:Drivers/STM32WBxx_HAL_Driver/Inc/stm32wbxx_ll_rcc.h ****   *         @arg @ref LL_RCC_LPTIM2_CLKSOURCE_PCLK1
2556:Drivers/STM32WBxx_HAL_Driver/Inc/stm32wbxx_ll_rcc.h ****   *         @arg @ref LL_RCC_LPTIM2_CLKSOURCE_LSI
2557:Drivers/STM32WBxx_HAL_Driver/Inc/stm32wbxx_ll_rcc.h ****   *         @arg @ref LL_RCC_LPTIM2_CLKSOURCE_HSI
2558:Drivers/STM32WBxx_HAL_Driver/Inc/stm32wbxx_ll_rcc.h ****   *         @arg @ref LL_RCC_LPTIM2_CLKSOURCE_LSE
2559:Drivers/STM32WBxx_HAL_Driver/Inc/stm32wbxx_ll_rcc.h ****   * @retval None
2560:Drivers/STM32WBxx_HAL_Driver/Inc/stm32wbxx_ll_rcc.h ****   */
2561:Drivers/STM32WBxx_HAL_Driver/Inc/stm32wbxx_ll_rcc.h **** __STATIC_INLINE void LL_RCC_SetLPTIMClockSource(uint32_t LPTIMxSource)
2562:Drivers/STM32WBxx_HAL_Driver/Inc/stm32wbxx_ll_rcc.h **** {
2563:Drivers/STM32WBxx_HAL_Driver/Inc/stm32wbxx_ll_rcc.h ****   MODIFY_REG(RCC->CCIPR, (LPTIMxSource & 0xFFFF0000U), (LPTIMxSource << 16));
2564:Drivers/STM32WBxx_HAL_Driver/Inc/stm32wbxx_ll_rcc.h **** }
2565:Drivers/STM32WBxx_HAL_Driver/Inc/stm32wbxx_ll_rcc.h **** 
2566:Drivers/STM32WBxx_HAL_Driver/Inc/stm32wbxx_ll_rcc.h **** #if defined(SAI1)
2567:Drivers/STM32WBxx_HAL_Driver/Inc/stm32wbxx_ll_rcc.h **** /**
2568:Drivers/STM32WBxx_HAL_Driver/Inc/stm32wbxx_ll_rcc.h ****   * @brief  Configure SAIx clock source
2569:Drivers/STM32WBxx_HAL_Driver/Inc/stm32wbxx_ll_rcc.h ****   * @rmtoll CCIPR        SAI1SEL       LL_RCC_SetSAIClockSource
2570:Drivers/STM32WBxx_HAL_Driver/Inc/stm32wbxx_ll_rcc.h ****   * @param  SAIxSource This parameter can be one of the following values:
2571:Drivers/STM32WBxx_HAL_Driver/Inc/stm32wbxx_ll_rcc.h ****   *         @arg @ref LL_RCC_SAI1_CLKSOURCE_PLLSAI1
2572:Drivers/STM32WBxx_HAL_Driver/Inc/stm32wbxx_ll_rcc.h ****   *         @arg @ref LL_RCC_SAI1_CLKSOURCE_PLL
2573:Drivers/STM32WBxx_HAL_Driver/Inc/stm32wbxx_ll_rcc.h ****   *         @arg @ref LL_RCC_SAI1_CLKSOURCE_HSI
2574:Drivers/STM32WBxx_HAL_Driver/Inc/stm32wbxx_ll_rcc.h ****   *         @arg @ref LL_RCC_SAI1_CLKSOURCE_PIN
2575:Drivers/STM32WBxx_HAL_Driver/Inc/stm32wbxx_ll_rcc.h ****   * @retval None
2576:Drivers/STM32WBxx_HAL_Driver/Inc/stm32wbxx_ll_rcc.h ****   */
2577:Drivers/STM32WBxx_HAL_Driver/Inc/stm32wbxx_ll_rcc.h **** __STATIC_INLINE void LL_RCC_SetSAIClockSource(uint32_t SAIxSource)
2578:Drivers/STM32WBxx_HAL_Driver/Inc/stm32wbxx_ll_rcc.h **** {
2579:Drivers/STM32WBxx_HAL_Driver/Inc/stm32wbxx_ll_rcc.h ****   MODIFY_REG(RCC->CCIPR, RCC_CCIPR_SAI1SEL, SAIxSource);
2580:Drivers/STM32WBxx_HAL_Driver/Inc/stm32wbxx_ll_rcc.h **** }
2581:Drivers/STM32WBxx_HAL_Driver/Inc/stm32wbxx_ll_rcc.h **** #endif /* SAI1 */
2582:Drivers/STM32WBxx_HAL_Driver/Inc/stm32wbxx_ll_rcc.h **** 
2583:Drivers/STM32WBxx_HAL_Driver/Inc/stm32wbxx_ll_rcc.h **** /**
2584:Drivers/STM32WBxx_HAL_Driver/Inc/stm32wbxx_ll_rcc.h ****   * @brief  Configure RNG clock source
2585:Drivers/STM32WBxx_HAL_Driver/Inc/stm32wbxx_ll_rcc.h ****   * @note In case of CLK48 clock selected, it must be configured first thanks to LL_RCC_SetCLK48Clo
2586:Drivers/STM32WBxx_HAL_Driver/Inc/stm32wbxx_ll_rcc.h ****   * @rmtoll CCIPR        RNGSEL      LL_RCC_SetRNGClockSource
2587:Drivers/STM32WBxx_HAL_Driver/Inc/stm32wbxx_ll_rcc.h ****   * @param  RNGxSource This parameter can be one of the following values:
2588:Drivers/STM32WBxx_HAL_Driver/Inc/stm32wbxx_ll_rcc.h ****   *         @arg @ref LL_RCC_RNG_CLKSOURCE_CLK48
2589:Drivers/STM32WBxx_HAL_Driver/Inc/stm32wbxx_ll_rcc.h ****   *         @arg @ref LL_RCC_RNG_CLKSOURCE_LSI
2590:Drivers/STM32WBxx_HAL_Driver/Inc/stm32wbxx_ll_rcc.h ****   *         @arg @ref LL_RCC_RNG_CLKSOURCE_LSE
2591:Drivers/STM32WBxx_HAL_Driver/Inc/stm32wbxx_ll_rcc.h ****   * @retval None
ARM GAS  C:\Users\843E~1\AppData\Local\Temp\cc5PNIRY.s 			page 88


2592:Drivers/STM32WBxx_HAL_Driver/Inc/stm32wbxx_ll_rcc.h ****   */
2593:Drivers/STM32WBxx_HAL_Driver/Inc/stm32wbxx_ll_rcc.h **** __STATIC_INLINE void LL_RCC_SetRNGClockSource(uint32_t RNGxSource)
2594:Drivers/STM32WBxx_HAL_Driver/Inc/stm32wbxx_ll_rcc.h **** {
2595:Drivers/STM32WBxx_HAL_Driver/Inc/stm32wbxx_ll_rcc.h ****   MODIFY_REG(RCC->CCIPR, RCC_CCIPR_RNGSEL, RNGxSource);
2596:Drivers/STM32WBxx_HAL_Driver/Inc/stm32wbxx_ll_rcc.h **** }
2597:Drivers/STM32WBxx_HAL_Driver/Inc/stm32wbxx_ll_rcc.h **** 
2598:Drivers/STM32WBxx_HAL_Driver/Inc/stm32wbxx_ll_rcc.h **** /**
2599:Drivers/STM32WBxx_HAL_Driver/Inc/stm32wbxx_ll_rcc.h ****   * @brief  Configure CLK48 clock source
2600:Drivers/STM32WBxx_HAL_Driver/Inc/stm32wbxx_ll_rcc.h ****   * @rmtoll CCIPR        CLK48SEL      LL_RCC_SetCLK48ClockSource
2601:Drivers/STM32WBxx_HAL_Driver/Inc/stm32wbxx_ll_rcc.h ****   * @param  CLK48xSource This parameter can be one of the following values:
2602:Drivers/STM32WBxx_HAL_Driver/Inc/stm32wbxx_ll_rcc.h ****   *         @arg @ref LL_RCC_CLK48_CLKSOURCE_HSI48 (*)
2603:Drivers/STM32WBxx_HAL_Driver/Inc/stm32wbxx_ll_rcc.h ****   *         @arg @ref LL_RCC_CLK48_CLKSOURCE_PLLSAI1 (*)
2604:Drivers/STM32WBxx_HAL_Driver/Inc/stm32wbxx_ll_rcc.h ****   *         @arg @ref LL_RCC_CLK48_CLKSOURCE_PLL
2605:Drivers/STM32WBxx_HAL_Driver/Inc/stm32wbxx_ll_rcc.h ****   *         @arg @ref LL_RCC_CLK48_CLKSOURCE_MSI
2606:Drivers/STM32WBxx_HAL_Driver/Inc/stm32wbxx_ll_rcc.h ****   * @note   (*) Value not defined for all devices
2607:Drivers/STM32WBxx_HAL_Driver/Inc/stm32wbxx_ll_rcc.h ****   * @retval None
2608:Drivers/STM32WBxx_HAL_Driver/Inc/stm32wbxx_ll_rcc.h ****   */
2609:Drivers/STM32WBxx_HAL_Driver/Inc/stm32wbxx_ll_rcc.h **** __STATIC_INLINE void LL_RCC_SetCLK48ClockSource(uint32_t CLK48xSource)
2610:Drivers/STM32WBxx_HAL_Driver/Inc/stm32wbxx_ll_rcc.h **** {
2611:Drivers/STM32WBxx_HAL_Driver/Inc/stm32wbxx_ll_rcc.h ****   MODIFY_REG(RCC->CCIPR, RCC_CCIPR_CLK48SEL, CLK48xSource);
2612:Drivers/STM32WBxx_HAL_Driver/Inc/stm32wbxx_ll_rcc.h **** }
2613:Drivers/STM32WBxx_HAL_Driver/Inc/stm32wbxx_ll_rcc.h **** 
2614:Drivers/STM32WBxx_HAL_Driver/Inc/stm32wbxx_ll_rcc.h **** #if defined(USB)
2615:Drivers/STM32WBxx_HAL_Driver/Inc/stm32wbxx_ll_rcc.h **** /**
2616:Drivers/STM32WBxx_HAL_Driver/Inc/stm32wbxx_ll_rcc.h ****   * @brief  Configure USB clock source
2617:Drivers/STM32WBxx_HAL_Driver/Inc/stm32wbxx_ll_rcc.h ****   * @rmtoll CCIPR        CLK48SEL      LL_RCC_SetUSBClockSource
2618:Drivers/STM32WBxx_HAL_Driver/Inc/stm32wbxx_ll_rcc.h ****   * @param  USBxSource This parameter can be one of the following values:
2619:Drivers/STM32WBxx_HAL_Driver/Inc/stm32wbxx_ll_rcc.h ****   *         @arg @ref LL_RCC_USB_CLKSOURCE_HSI48
2620:Drivers/STM32WBxx_HAL_Driver/Inc/stm32wbxx_ll_rcc.h ****   *         @arg @ref LL_RCC_USB_CLKSOURCE_PLLSAI1
2621:Drivers/STM32WBxx_HAL_Driver/Inc/stm32wbxx_ll_rcc.h ****   *         @arg @ref LL_RCC_USB_CLKSOURCE_PLL
2622:Drivers/STM32WBxx_HAL_Driver/Inc/stm32wbxx_ll_rcc.h ****   *         @arg @ref LL_RCC_USB_CLKSOURCE_MSI
2623:Drivers/STM32WBxx_HAL_Driver/Inc/stm32wbxx_ll_rcc.h ****   * @retval None
2624:Drivers/STM32WBxx_HAL_Driver/Inc/stm32wbxx_ll_rcc.h ****   */
2625:Drivers/STM32WBxx_HAL_Driver/Inc/stm32wbxx_ll_rcc.h **** __STATIC_INLINE void LL_RCC_SetUSBClockSource(uint32_t USBxSource)
2626:Drivers/STM32WBxx_HAL_Driver/Inc/stm32wbxx_ll_rcc.h **** {
2627:Drivers/STM32WBxx_HAL_Driver/Inc/stm32wbxx_ll_rcc.h ****   LL_RCC_SetCLK48ClockSource(USBxSource);
2628:Drivers/STM32WBxx_HAL_Driver/Inc/stm32wbxx_ll_rcc.h **** }
2629:Drivers/STM32WBxx_HAL_Driver/Inc/stm32wbxx_ll_rcc.h **** #endif /* USB */
2630:Drivers/STM32WBxx_HAL_Driver/Inc/stm32wbxx_ll_rcc.h **** 
2631:Drivers/STM32WBxx_HAL_Driver/Inc/stm32wbxx_ll_rcc.h **** /**
2632:Drivers/STM32WBxx_HAL_Driver/Inc/stm32wbxx_ll_rcc.h ****   * @brief  Configure RNG clock source
2633:Drivers/STM32WBxx_HAL_Driver/Inc/stm32wbxx_ll_rcc.h ****   * @note Allow to configure the overall RNG Clock source, if CLK48 is selected as RNG
2634:Drivers/STM32WBxx_HAL_Driver/Inc/stm32wbxx_ll_rcc.h ****           Clock source, the CLK48xSource has to be configured
2635:Drivers/STM32WBxx_HAL_Driver/Inc/stm32wbxx_ll_rcc.h ****   * @rmtoll CCIPR        RNGSEL      LL_RCC_ConfigRNGClockSource
2636:Drivers/STM32WBxx_HAL_Driver/Inc/stm32wbxx_ll_rcc.h ****   * @rmtoll CCIPR        CLK48SEL    LL_RCC_ConfigRNGClockSource
2637:Drivers/STM32WBxx_HAL_Driver/Inc/stm32wbxx_ll_rcc.h ****   * @param  RNGxSource This parameter can be one of the following values:
2638:Drivers/STM32WBxx_HAL_Driver/Inc/stm32wbxx_ll_rcc.h ****   *         @arg @ref LL_RCC_RNG_CLKSOURCE_CLK48
2639:Drivers/STM32WBxx_HAL_Driver/Inc/stm32wbxx_ll_rcc.h ****   *         @arg @ref LL_RCC_RNG_CLKSOURCE_LSI
2640:Drivers/STM32WBxx_HAL_Driver/Inc/stm32wbxx_ll_rcc.h ****   *         @arg @ref LL_RCC_RNG_CLKSOURCE_LSE
2641:Drivers/STM32WBxx_HAL_Driver/Inc/stm32wbxx_ll_rcc.h ****   * @param  CLK48xSource This parameter can be one of the following values:
2642:Drivers/STM32WBxx_HAL_Driver/Inc/stm32wbxx_ll_rcc.h ****   *         @arg @ref LL_RCC_CLK48_CLKSOURCE_HSI48 (*)
2643:Drivers/STM32WBxx_HAL_Driver/Inc/stm32wbxx_ll_rcc.h ****   *         @arg @ref LL_RCC_CLK48_CLKSOURCE_PLLSAI1 (*)
2644:Drivers/STM32WBxx_HAL_Driver/Inc/stm32wbxx_ll_rcc.h ****   *         @arg @ref LL_RCC_CLK48_CLKSOURCE_PLL
2645:Drivers/STM32WBxx_HAL_Driver/Inc/stm32wbxx_ll_rcc.h ****   *         @arg @ref LL_RCC_CLK48_CLKSOURCE_MSI
2646:Drivers/STM32WBxx_HAL_Driver/Inc/stm32wbxx_ll_rcc.h ****   * @note   (*) Value not defined for all devices
2647:Drivers/STM32WBxx_HAL_Driver/Inc/stm32wbxx_ll_rcc.h ****   * @retval None
2648:Drivers/STM32WBxx_HAL_Driver/Inc/stm32wbxx_ll_rcc.h ****   */
ARM GAS  C:\Users\843E~1\AppData\Local\Temp\cc5PNIRY.s 			page 89


2649:Drivers/STM32WBxx_HAL_Driver/Inc/stm32wbxx_ll_rcc.h **** __STATIC_INLINE void LL_RCC_ConfigRNGClockSource(uint32_t RNGxSource, uint32_t CLK48xSource)
2650:Drivers/STM32WBxx_HAL_Driver/Inc/stm32wbxx_ll_rcc.h **** {
2651:Drivers/STM32WBxx_HAL_Driver/Inc/stm32wbxx_ll_rcc.h ****   if (RNGxSource == LL_RCC_RNG_CLKSOURCE_CLK48)
2652:Drivers/STM32WBxx_HAL_Driver/Inc/stm32wbxx_ll_rcc.h ****   {
2653:Drivers/STM32WBxx_HAL_Driver/Inc/stm32wbxx_ll_rcc.h ****     LL_RCC_SetCLK48ClockSource(CLK48xSource);
2654:Drivers/STM32WBxx_HAL_Driver/Inc/stm32wbxx_ll_rcc.h ****   }
2655:Drivers/STM32WBxx_HAL_Driver/Inc/stm32wbxx_ll_rcc.h ****   LL_RCC_SetRNGClockSource(RNGxSource);
2656:Drivers/STM32WBxx_HAL_Driver/Inc/stm32wbxx_ll_rcc.h **** }
2657:Drivers/STM32WBxx_HAL_Driver/Inc/stm32wbxx_ll_rcc.h **** 
2658:Drivers/STM32WBxx_HAL_Driver/Inc/stm32wbxx_ll_rcc.h **** 
2659:Drivers/STM32WBxx_HAL_Driver/Inc/stm32wbxx_ll_rcc.h **** /**
2660:Drivers/STM32WBxx_HAL_Driver/Inc/stm32wbxx_ll_rcc.h ****   * @brief  Configure ADC clock source
2661:Drivers/STM32WBxx_HAL_Driver/Inc/stm32wbxx_ll_rcc.h ****   * @rmtoll CCIPR        ADCSEL        LL_RCC_SetADCClockSource
2662:Drivers/STM32WBxx_HAL_Driver/Inc/stm32wbxx_ll_rcc.h ****   * @param  ADCxSource This parameter can be one of the following values:
2663:Drivers/STM32WBxx_HAL_Driver/Inc/stm32wbxx_ll_rcc.h ****   *         @arg @ref LL_RCC_ADC_CLKSOURCE_NONE
2664:Drivers/STM32WBxx_HAL_Driver/Inc/stm32wbxx_ll_rcc.h ****   *         @arg @ref LL_RCC_ADC_CLKSOURCE_PLLSAI1 (*)
2665:Drivers/STM32WBxx_HAL_Driver/Inc/stm32wbxx_ll_rcc.h ****   *         @arg @ref LL_RCC_ADC_CLKSOURCE_PLL
2666:Drivers/STM32WBxx_HAL_Driver/Inc/stm32wbxx_ll_rcc.h ****   *         @arg @ref LL_RCC_ADC_CLKSOURCE_SYSCLK
2667:Drivers/STM32WBxx_HAL_Driver/Inc/stm32wbxx_ll_rcc.h ****   *         @arg @ref LL_RCC_ADC_CLKSOURCE_HSI (*)
2668:Drivers/STM32WBxx_HAL_Driver/Inc/stm32wbxx_ll_rcc.h ****   * @note   (*) Value not defined for all devices
2669:Drivers/STM32WBxx_HAL_Driver/Inc/stm32wbxx_ll_rcc.h ****   * @retval None
2670:Drivers/STM32WBxx_HAL_Driver/Inc/stm32wbxx_ll_rcc.h ****   */
2671:Drivers/STM32WBxx_HAL_Driver/Inc/stm32wbxx_ll_rcc.h **** __STATIC_INLINE void LL_RCC_SetADCClockSource(uint32_t ADCxSource)
2672:Drivers/STM32WBxx_HAL_Driver/Inc/stm32wbxx_ll_rcc.h **** {
2673:Drivers/STM32WBxx_HAL_Driver/Inc/stm32wbxx_ll_rcc.h ****   MODIFY_REG(RCC->CCIPR, RCC_CCIPR_ADCSEL, ADCxSource);
2674:Drivers/STM32WBxx_HAL_Driver/Inc/stm32wbxx_ll_rcc.h **** }
2675:Drivers/STM32WBxx_HAL_Driver/Inc/stm32wbxx_ll_rcc.h **** 
2676:Drivers/STM32WBxx_HAL_Driver/Inc/stm32wbxx_ll_rcc.h **** 
2677:Drivers/STM32WBxx_HAL_Driver/Inc/stm32wbxx_ll_rcc.h **** /**
2678:Drivers/STM32WBxx_HAL_Driver/Inc/stm32wbxx_ll_rcc.h ****   * @brief  Get USARTx clock source
2679:Drivers/STM32WBxx_HAL_Driver/Inc/stm32wbxx_ll_rcc.h ****   * @rmtoll CCIPR        USART1SEL     LL_RCC_GetUSARTClockSource
2680:Drivers/STM32WBxx_HAL_Driver/Inc/stm32wbxx_ll_rcc.h ****   * @param  USARTx This parameter can be one of the following values:
2681:Drivers/STM32WBxx_HAL_Driver/Inc/stm32wbxx_ll_rcc.h ****   *         @arg @ref LL_RCC_USART1_CLKSOURCE
2682:Drivers/STM32WBxx_HAL_Driver/Inc/stm32wbxx_ll_rcc.h ****   * @retval Returned value can be one of the following values:
2683:Drivers/STM32WBxx_HAL_Driver/Inc/stm32wbxx_ll_rcc.h ****   *         @arg @ref LL_RCC_USART1_CLKSOURCE_PCLK2
2684:Drivers/STM32WBxx_HAL_Driver/Inc/stm32wbxx_ll_rcc.h ****   *         @arg @ref LL_RCC_USART1_CLKSOURCE_SYSCLK
2685:Drivers/STM32WBxx_HAL_Driver/Inc/stm32wbxx_ll_rcc.h ****   *         @arg @ref LL_RCC_USART1_CLKSOURCE_HSI
2686:Drivers/STM32WBxx_HAL_Driver/Inc/stm32wbxx_ll_rcc.h ****   *         @arg @ref LL_RCC_USART1_CLKSOURCE_LSE
2687:Drivers/STM32WBxx_HAL_Driver/Inc/stm32wbxx_ll_rcc.h ****   */
2688:Drivers/STM32WBxx_HAL_Driver/Inc/stm32wbxx_ll_rcc.h **** __STATIC_INLINE uint32_t LL_RCC_GetUSARTClockSource(uint32_t USARTx)
2689:Drivers/STM32WBxx_HAL_Driver/Inc/stm32wbxx_ll_rcc.h **** {
2690:Drivers/STM32WBxx_HAL_Driver/Inc/stm32wbxx_ll_rcc.h ****   return (uint32_t)(READ_BIT(RCC->CCIPR, USARTx));
2691:Drivers/STM32WBxx_HAL_Driver/Inc/stm32wbxx_ll_rcc.h **** }
2692:Drivers/STM32WBxx_HAL_Driver/Inc/stm32wbxx_ll_rcc.h **** 
2693:Drivers/STM32WBxx_HAL_Driver/Inc/stm32wbxx_ll_rcc.h **** #if defined(LPUART1)
2694:Drivers/STM32WBxx_HAL_Driver/Inc/stm32wbxx_ll_rcc.h **** /**
2695:Drivers/STM32WBxx_HAL_Driver/Inc/stm32wbxx_ll_rcc.h ****   * @brief  Get LPUARTx clock source
2696:Drivers/STM32WBxx_HAL_Driver/Inc/stm32wbxx_ll_rcc.h ****   * @rmtoll CCIPR        LPUART1SEL    LL_RCC_GetLPUARTClockSource
2697:Drivers/STM32WBxx_HAL_Driver/Inc/stm32wbxx_ll_rcc.h ****   * @param  LPUARTx This parameter can be one of the following values:
2698:Drivers/STM32WBxx_HAL_Driver/Inc/stm32wbxx_ll_rcc.h ****   *         @arg @ref LL_RCC_LPUART1_CLKSOURCE
2699:Drivers/STM32WBxx_HAL_Driver/Inc/stm32wbxx_ll_rcc.h ****   * @retval Returned value can be one of the following values:
2700:Drivers/STM32WBxx_HAL_Driver/Inc/stm32wbxx_ll_rcc.h ****   *         @arg @ref LL_RCC_LPUART1_CLKSOURCE_PCLK1
2701:Drivers/STM32WBxx_HAL_Driver/Inc/stm32wbxx_ll_rcc.h ****   *         @arg @ref LL_RCC_LPUART1_CLKSOURCE_SYSCLK
2702:Drivers/STM32WBxx_HAL_Driver/Inc/stm32wbxx_ll_rcc.h ****   *         @arg @ref LL_RCC_LPUART1_CLKSOURCE_HSI
2703:Drivers/STM32WBxx_HAL_Driver/Inc/stm32wbxx_ll_rcc.h ****   *         @arg @ref LL_RCC_LPUART1_CLKSOURCE_LSE
2704:Drivers/STM32WBxx_HAL_Driver/Inc/stm32wbxx_ll_rcc.h ****   */
2705:Drivers/STM32WBxx_HAL_Driver/Inc/stm32wbxx_ll_rcc.h **** __STATIC_INLINE uint32_t LL_RCC_GetLPUARTClockSource(uint32_t LPUARTx)
ARM GAS  C:\Users\843E~1\AppData\Local\Temp\cc5PNIRY.s 			page 90


2706:Drivers/STM32WBxx_HAL_Driver/Inc/stm32wbxx_ll_rcc.h **** {
2707:Drivers/STM32WBxx_HAL_Driver/Inc/stm32wbxx_ll_rcc.h ****   return (uint32_t)(READ_BIT(RCC->CCIPR, LPUARTx));
2708:Drivers/STM32WBxx_HAL_Driver/Inc/stm32wbxx_ll_rcc.h **** }
2709:Drivers/STM32WBxx_HAL_Driver/Inc/stm32wbxx_ll_rcc.h **** #endif /* LPUART1 */
2710:Drivers/STM32WBxx_HAL_Driver/Inc/stm32wbxx_ll_rcc.h **** 
2711:Drivers/STM32WBxx_HAL_Driver/Inc/stm32wbxx_ll_rcc.h **** /**
2712:Drivers/STM32WBxx_HAL_Driver/Inc/stm32wbxx_ll_rcc.h ****   * @brief  Get I2Cx clock source
2713:Drivers/STM32WBxx_HAL_Driver/Inc/stm32wbxx_ll_rcc.h ****   * @rmtoll CCIPR        I2CxSEL       LL_RCC_GetI2CClockSource
2714:Drivers/STM32WBxx_HAL_Driver/Inc/stm32wbxx_ll_rcc.h ****   * @param  I2Cx This parameter can be one of the following values:
2715:Drivers/STM32WBxx_HAL_Driver/Inc/stm32wbxx_ll_rcc.h ****   *         @arg @ref LL_RCC_I2C1_CLKSOURCE
2716:Drivers/STM32WBxx_HAL_Driver/Inc/stm32wbxx_ll_rcc.h ****   *         @arg @ref LL_RCC_I2C3_CLKSOURCE
2717:Drivers/STM32WBxx_HAL_Driver/Inc/stm32wbxx_ll_rcc.h ****   * @retval Returned value can be one of the following values:
2718:Drivers/STM32WBxx_HAL_Driver/Inc/stm32wbxx_ll_rcc.h ****   *         @arg @ref LL_RCC_I2C1_CLKSOURCE_PCLK1
2719:Drivers/STM32WBxx_HAL_Driver/Inc/stm32wbxx_ll_rcc.h ****   *         @arg @ref LL_RCC_I2C1_CLKSOURCE_SYSCLK
2720:Drivers/STM32WBxx_HAL_Driver/Inc/stm32wbxx_ll_rcc.h ****   *         @arg @ref LL_RCC_I2C1_CLKSOURCE_HSI
2721:Drivers/STM32WBxx_HAL_Driver/Inc/stm32wbxx_ll_rcc.h ****   *         @arg @ref LL_RCC_I2C3_CLKSOURCE_PCLK1 (*)
2722:Drivers/STM32WBxx_HAL_Driver/Inc/stm32wbxx_ll_rcc.h ****   *         @arg @ref LL_RCC_I2C3_CLKSOURCE_SYSCLK (*)
2723:Drivers/STM32WBxx_HAL_Driver/Inc/stm32wbxx_ll_rcc.h ****   *         @arg @ref LL_RCC_I2C3_CLKSOURCE_HSI (*)
2724:Drivers/STM32WBxx_HAL_Driver/Inc/stm32wbxx_ll_rcc.h ****   * @note   (*) Value not defined for all devices
2725:Drivers/STM32WBxx_HAL_Driver/Inc/stm32wbxx_ll_rcc.h ****   */
2726:Drivers/STM32WBxx_HAL_Driver/Inc/stm32wbxx_ll_rcc.h **** __STATIC_INLINE uint32_t LL_RCC_GetI2CClockSource(uint32_t I2Cx)
2727:Drivers/STM32WBxx_HAL_Driver/Inc/stm32wbxx_ll_rcc.h **** {
2728:Drivers/STM32WBxx_HAL_Driver/Inc/stm32wbxx_ll_rcc.h ****   return (uint32_t)((READ_BIT(RCC->CCIPR, I2Cx) >> 4) | (I2Cx << 4));
2729:Drivers/STM32WBxx_HAL_Driver/Inc/stm32wbxx_ll_rcc.h **** }
2730:Drivers/STM32WBxx_HAL_Driver/Inc/stm32wbxx_ll_rcc.h **** 
2731:Drivers/STM32WBxx_HAL_Driver/Inc/stm32wbxx_ll_rcc.h **** /**
2732:Drivers/STM32WBxx_HAL_Driver/Inc/stm32wbxx_ll_rcc.h ****   * @brief  Get LPTIMx clock source
2733:Drivers/STM32WBxx_HAL_Driver/Inc/stm32wbxx_ll_rcc.h ****   * @rmtoll CCIPR        LPTIMxSEL     LL_RCC_GetLPTIMClockSource
2734:Drivers/STM32WBxx_HAL_Driver/Inc/stm32wbxx_ll_rcc.h ****   * @param  LPTIMx This parameter can be one of the following values:
2735:Drivers/STM32WBxx_HAL_Driver/Inc/stm32wbxx_ll_rcc.h ****   *         @arg @ref LL_RCC_LPTIM1_CLKSOURCE
2736:Drivers/STM32WBxx_HAL_Driver/Inc/stm32wbxx_ll_rcc.h ****   *         @arg @ref LL_RCC_LPTIM2_CLKSOURCE
2737:Drivers/STM32WBxx_HAL_Driver/Inc/stm32wbxx_ll_rcc.h ****   * @retval Returned value can be one of the following values:
2738:Drivers/STM32WBxx_HAL_Driver/Inc/stm32wbxx_ll_rcc.h ****   *         @arg @ref LL_RCC_LPTIM1_CLKSOURCE_PCLK1
2739:Drivers/STM32WBxx_HAL_Driver/Inc/stm32wbxx_ll_rcc.h ****   *         @arg @ref LL_RCC_LPTIM1_CLKSOURCE_LSI
2740:Drivers/STM32WBxx_HAL_Driver/Inc/stm32wbxx_ll_rcc.h ****   *         @arg @ref LL_RCC_LPTIM1_CLKSOURCE_HSI
2741:Drivers/STM32WBxx_HAL_Driver/Inc/stm32wbxx_ll_rcc.h ****   *         @arg @ref LL_RCC_LPTIM1_CLKSOURCE_LSE
2742:Drivers/STM32WBxx_HAL_Driver/Inc/stm32wbxx_ll_rcc.h ****   *         @arg @ref LL_RCC_LPTIM2_CLKSOURCE_PCLK1
2743:Drivers/STM32WBxx_HAL_Driver/Inc/stm32wbxx_ll_rcc.h ****   *         @arg @ref LL_RCC_LPTIM2_CLKSOURCE_LSI
2744:Drivers/STM32WBxx_HAL_Driver/Inc/stm32wbxx_ll_rcc.h ****   *         @arg @ref LL_RCC_LPTIM2_CLKSOURCE_HSI
2745:Drivers/STM32WBxx_HAL_Driver/Inc/stm32wbxx_ll_rcc.h ****   *         @arg @ref LL_RCC_LPTIM2_CLKSOURCE_LSE
2746:Drivers/STM32WBxx_HAL_Driver/Inc/stm32wbxx_ll_rcc.h ****   */
2747:Drivers/STM32WBxx_HAL_Driver/Inc/stm32wbxx_ll_rcc.h **** __STATIC_INLINE uint32_t LL_RCC_GetLPTIMClockSource(uint32_t LPTIMx)
2748:Drivers/STM32WBxx_HAL_Driver/Inc/stm32wbxx_ll_rcc.h **** {
2749:Drivers/STM32WBxx_HAL_Driver/Inc/stm32wbxx_ll_rcc.h ****   return (uint32_t)((READ_BIT(RCC->CCIPR, LPTIMx) >> 16) | LPTIMx);
2750:Drivers/STM32WBxx_HAL_Driver/Inc/stm32wbxx_ll_rcc.h **** }
2751:Drivers/STM32WBxx_HAL_Driver/Inc/stm32wbxx_ll_rcc.h **** 
2752:Drivers/STM32WBxx_HAL_Driver/Inc/stm32wbxx_ll_rcc.h **** #if defined(SAI1)
2753:Drivers/STM32WBxx_HAL_Driver/Inc/stm32wbxx_ll_rcc.h **** /**
2754:Drivers/STM32WBxx_HAL_Driver/Inc/stm32wbxx_ll_rcc.h ****   * @brief  Get SAIx clock source
2755:Drivers/STM32WBxx_HAL_Driver/Inc/stm32wbxx_ll_rcc.h ****   * @rmtoll CCIPR        SAI1SEL       LL_RCC_GetSAIClockSource
2756:Drivers/STM32WBxx_HAL_Driver/Inc/stm32wbxx_ll_rcc.h ****   * @param  SAIx This parameter can be one of the following values:
2757:Drivers/STM32WBxx_HAL_Driver/Inc/stm32wbxx_ll_rcc.h ****   *         @arg @ref LL_RCC_SAI1_CLKSOURCE
2758:Drivers/STM32WBxx_HAL_Driver/Inc/stm32wbxx_ll_rcc.h ****   * @retval Returned value can be one of the following values:
2759:Drivers/STM32WBxx_HAL_Driver/Inc/stm32wbxx_ll_rcc.h ****   *         @arg @ref LL_RCC_SAI1_CLKSOURCE_PLLSAI1
2760:Drivers/STM32WBxx_HAL_Driver/Inc/stm32wbxx_ll_rcc.h ****   *         @arg @ref LL_RCC_SAI1_CLKSOURCE_PLL
2761:Drivers/STM32WBxx_HAL_Driver/Inc/stm32wbxx_ll_rcc.h ****   *         @arg @ref LL_RCC_SAI1_CLKSOURCE_HSI
2762:Drivers/STM32WBxx_HAL_Driver/Inc/stm32wbxx_ll_rcc.h ****   *         @arg @ref LL_RCC_SAI1_CLKSOURCE_PIN
ARM GAS  C:\Users\843E~1\AppData\Local\Temp\cc5PNIRY.s 			page 91


2763:Drivers/STM32WBxx_HAL_Driver/Inc/stm32wbxx_ll_rcc.h ****   */
2764:Drivers/STM32WBxx_HAL_Driver/Inc/stm32wbxx_ll_rcc.h **** __STATIC_INLINE uint32_t LL_RCC_GetSAIClockSource(uint32_t SAIx)
2765:Drivers/STM32WBxx_HAL_Driver/Inc/stm32wbxx_ll_rcc.h **** {
2766:Drivers/STM32WBxx_HAL_Driver/Inc/stm32wbxx_ll_rcc.h ****   return (uint32_t)(READ_BIT(RCC->CCIPR, SAIx));
2767:Drivers/STM32WBxx_HAL_Driver/Inc/stm32wbxx_ll_rcc.h **** }
2768:Drivers/STM32WBxx_HAL_Driver/Inc/stm32wbxx_ll_rcc.h **** #endif /* SAI1 */
2769:Drivers/STM32WBxx_HAL_Driver/Inc/stm32wbxx_ll_rcc.h **** 
2770:Drivers/STM32WBxx_HAL_Driver/Inc/stm32wbxx_ll_rcc.h **** /**
2771:Drivers/STM32WBxx_HAL_Driver/Inc/stm32wbxx_ll_rcc.h ****   * @brief  Get RNGx clock source
2772:Drivers/STM32WBxx_HAL_Driver/Inc/stm32wbxx_ll_rcc.h ****   * @rmtoll CCIPR        RNGSEL      LL_RCC_GetRNGClockSource
2773:Drivers/STM32WBxx_HAL_Driver/Inc/stm32wbxx_ll_rcc.h ****   * @param  RNGx This parameter can be one of the following values:
2774:Drivers/STM32WBxx_HAL_Driver/Inc/stm32wbxx_ll_rcc.h ****   *         @arg @ref LL_RCC_RNG_CLKSOURCE
2775:Drivers/STM32WBxx_HAL_Driver/Inc/stm32wbxx_ll_rcc.h ****   * @retval Returned value can be one of the following values:
2776:Drivers/STM32WBxx_HAL_Driver/Inc/stm32wbxx_ll_rcc.h ****   *         @arg @ref LL_RCC_RNG_CLKSOURCE_CLK48
2777:Drivers/STM32WBxx_HAL_Driver/Inc/stm32wbxx_ll_rcc.h ****   *         @arg @ref LL_RCC_RNG_CLKSOURCE_LSI
2778:Drivers/STM32WBxx_HAL_Driver/Inc/stm32wbxx_ll_rcc.h ****   *         @arg @ref LL_RCC_RNG_CLKSOURCE_LSE
2779:Drivers/STM32WBxx_HAL_Driver/Inc/stm32wbxx_ll_rcc.h ****   */
2780:Drivers/STM32WBxx_HAL_Driver/Inc/stm32wbxx_ll_rcc.h **** __STATIC_INLINE uint32_t LL_RCC_GetRNGClockSource(uint32_t RNGx)
2781:Drivers/STM32WBxx_HAL_Driver/Inc/stm32wbxx_ll_rcc.h **** {
2782:Drivers/STM32WBxx_HAL_Driver/Inc/stm32wbxx_ll_rcc.h ****   return (uint32_t)(READ_BIT(RCC->CCIPR, RNGx));
2783:Drivers/STM32WBxx_HAL_Driver/Inc/stm32wbxx_ll_rcc.h **** }
2784:Drivers/STM32WBxx_HAL_Driver/Inc/stm32wbxx_ll_rcc.h **** 
2785:Drivers/STM32WBxx_HAL_Driver/Inc/stm32wbxx_ll_rcc.h **** /**
2786:Drivers/STM32WBxx_HAL_Driver/Inc/stm32wbxx_ll_rcc.h ****   * @brief  Get CLK48x clock source
2787:Drivers/STM32WBxx_HAL_Driver/Inc/stm32wbxx_ll_rcc.h ****   * @rmtoll CCIPR        CLK48SEL      LL_RCC_GetCLK48ClockSource
2788:Drivers/STM32WBxx_HAL_Driver/Inc/stm32wbxx_ll_rcc.h ****   * @param  CLK48x This parameter can be one of the following values:
2789:Drivers/STM32WBxx_HAL_Driver/Inc/stm32wbxx_ll_rcc.h ****   *         @arg @ref LL_RCC_CLK48_CLKSOURCE
2790:Drivers/STM32WBxx_HAL_Driver/Inc/stm32wbxx_ll_rcc.h ****   * @retval Returned value can be one of the following values:
2791:Drivers/STM32WBxx_HAL_Driver/Inc/stm32wbxx_ll_rcc.h ****   *         @arg @ref LL_RCC_CLK48_CLKSOURCE_HSI48 (*)
2792:Drivers/STM32WBxx_HAL_Driver/Inc/stm32wbxx_ll_rcc.h ****   *         @arg @ref LL_RCC_CLK48_CLKSOURCE_PLLSAI1 (*)
2793:Drivers/STM32WBxx_HAL_Driver/Inc/stm32wbxx_ll_rcc.h ****   *         @arg @ref LL_RCC_CLK48_CLKSOURCE_PLL
2794:Drivers/STM32WBxx_HAL_Driver/Inc/stm32wbxx_ll_rcc.h ****   *         @arg @ref LL_RCC_CLK48_CLKSOURCE_MSI
2795:Drivers/STM32WBxx_HAL_Driver/Inc/stm32wbxx_ll_rcc.h ****   * @note   (*) Value not defined for all devices
2796:Drivers/STM32WBxx_HAL_Driver/Inc/stm32wbxx_ll_rcc.h ****   */
2797:Drivers/STM32WBxx_HAL_Driver/Inc/stm32wbxx_ll_rcc.h **** __STATIC_INLINE uint32_t LL_RCC_GetCLK48ClockSource(uint32_t CLK48x)
2798:Drivers/STM32WBxx_HAL_Driver/Inc/stm32wbxx_ll_rcc.h **** {
2799:Drivers/STM32WBxx_HAL_Driver/Inc/stm32wbxx_ll_rcc.h ****   return (uint32_t)(READ_BIT(RCC->CCIPR, CLK48x));
2800:Drivers/STM32WBxx_HAL_Driver/Inc/stm32wbxx_ll_rcc.h **** }
2801:Drivers/STM32WBxx_HAL_Driver/Inc/stm32wbxx_ll_rcc.h **** 
2802:Drivers/STM32WBxx_HAL_Driver/Inc/stm32wbxx_ll_rcc.h **** #if defined(USB)
2803:Drivers/STM32WBxx_HAL_Driver/Inc/stm32wbxx_ll_rcc.h **** /**
2804:Drivers/STM32WBxx_HAL_Driver/Inc/stm32wbxx_ll_rcc.h ****   * @brief  Get USBx clock source
2805:Drivers/STM32WBxx_HAL_Driver/Inc/stm32wbxx_ll_rcc.h ****   * @rmtoll CCIPR        CLK48SEL      LL_RCC_GetUSBClockSource
2806:Drivers/STM32WBxx_HAL_Driver/Inc/stm32wbxx_ll_rcc.h ****   * @param  USBx This parameter can be one of the following values:
2807:Drivers/STM32WBxx_HAL_Driver/Inc/stm32wbxx_ll_rcc.h ****   *         @arg @ref LL_RCC_USB_CLKSOURCE
2808:Drivers/STM32WBxx_HAL_Driver/Inc/stm32wbxx_ll_rcc.h ****   * @retval Returned value can be one of the following values:
2809:Drivers/STM32WBxx_HAL_Driver/Inc/stm32wbxx_ll_rcc.h ****   *         @arg @ref LL_RCC_USB_CLKSOURCE_HSI48
2810:Drivers/STM32WBxx_HAL_Driver/Inc/stm32wbxx_ll_rcc.h ****   *         @arg @ref LL_RCC_USB_CLKSOURCE_PLLSAI1
2811:Drivers/STM32WBxx_HAL_Driver/Inc/stm32wbxx_ll_rcc.h ****   *         @arg @ref LL_RCC_USB_CLKSOURCE_PLL
2812:Drivers/STM32WBxx_HAL_Driver/Inc/stm32wbxx_ll_rcc.h ****   *         @arg @ref LL_RCC_USB_CLKSOURCE_MSI
2813:Drivers/STM32WBxx_HAL_Driver/Inc/stm32wbxx_ll_rcc.h ****   */
2814:Drivers/STM32WBxx_HAL_Driver/Inc/stm32wbxx_ll_rcc.h **** __STATIC_INLINE uint32_t LL_RCC_GetUSBClockSource(uint32_t USBx)
2815:Drivers/STM32WBxx_HAL_Driver/Inc/stm32wbxx_ll_rcc.h **** {
2816:Drivers/STM32WBxx_HAL_Driver/Inc/stm32wbxx_ll_rcc.h ****   return LL_RCC_GetCLK48ClockSource(USBx);
2817:Drivers/STM32WBxx_HAL_Driver/Inc/stm32wbxx_ll_rcc.h **** }
2818:Drivers/STM32WBxx_HAL_Driver/Inc/stm32wbxx_ll_rcc.h **** #endif /* USB */
2819:Drivers/STM32WBxx_HAL_Driver/Inc/stm32wbxx_ll_rcc.h **** 
ARM GAS  C:\Users\843E~1\AppData\Local\Temp\cc5PNIRY.s 			page 92


2820:Drivers/STM32WBxx_HAL_Driver/Inc/stm32wbxx_ll_rcc.h **** /**
2821:Drivers/STM32WBxx_HAL_Driver/Inc/stm32wbxx_ll_rcc.h ****   * @brief  Get ADCx clock source
2822:Drivers/STM32WBxx_HAL_Driver/Inc/stm32wbxx_ll_rcc.h ****   * @rmtoll CCIPR        ADCSEL        LL_RCC_GetADCClockSource
2823:Drivers/STM32WBxx_HAL_Driver/Inc/stm32wbxx_ll_rcc.h ****   * @param  ADCx This parameter can be one of the following values:
2824:Drivers/STM32WBxx_HAL_Driver/Inc/stm32wbxx_ll_rcc.h ****   *         @arg @ref LL_RCC_ADC_CLKSOURCE
2825:Drivers/STM32WBxx_HAL_Driver/Inc/stm32wbxx_ll_rcc.h ****   * @retval Returned value can be one of the following values:
2826:Drivers/STM32WBxx_HAL_Driver/Inc/stm32wbxx_ll_rcc.h ****   *         @arg @ref LL_RCC_ADC_CLKSOURCE_NONE
2827:Drivers/STM32WBxx_HAL_Driver/Inc/stm32wbxx_ll_rcc.h ****   *         @arg @ref LL_RCC_ADC_CLKSOURCE_PLLSAI1 (*)
2828:Drivers/STM32WBxx_HAL_Driver/Inc/stm32wbxx_ll_rcc.h ****   *         @arg @ref LL_RCC_ADC_CLKSOURCE_PLL
2829:Drivers/STM32WBxx_HAL_Driver/Inc/stm32wbxx_ll_rcc.h ****   *         @arg @ref LL_RCC_ADC_CLKSOURCE_SYSCLK
2830:Drivers/STM32WBxx_HAL_Driver/Inc/stm32wbxx_ll_rcc.h ****   *         @arg @ref LL_RCC_ADC_CLKSOURCE_HSI (*)
2831:Drivers/STM32WBxx_HAL_Driver/Inc/stm32wbxx_ll_rcc.h ****   * @note   (*) Value not defined for all devices
2832:Drivers/STM32WBxx_HAL_Driver/Inc/stm32wbxx_ll_rcc.h ****   */
2833:Drivers/STM32WBxx_HAL_Driver/Inc/stm32wbxx_ll_rcc.h **** __STATIC_INLINE uint32_t LL_RCC_GetADCClockSource(uint32_t ADCx)
2834:Drivers/STM32WBxx_HAL_Driver/Inc/stm32wbxx_ll_rcc.h **** {
2835:Drivers/STM32WBxx_HAL_Driver/Inc/stm32wbxx_ll_rcc.h ****   return (uint32_t)(READ_BIT(RCC->CCIPR, ADCx));
2836:Drivers/STM32WBxx_HAL_Driver/Inc/stm32wbxx_ll_rcc.h **** }
2837:Drivers/STM32WBxx_HAL_Driver/Inc/stm32wbxx_ll_rcc.h **** 
2838:Drivers/STM32WBxx_HAL_Driver/Inc/stm32wbxx_ll_rcc.h **** /**
2839:Drivers/STM32WBxx_HAL_Driver/Inc/stm32wbxx_ll_rcc.h ****   * @}
2840:Drivers/STM32WBxx_HAL_Driver/Inc/stm32wbxx_ll_rcc.h ****   */
2841:Drivers/STM32WBxx_HAL_Driver/Inc/stm32wbxx_ll_rcc.h **** 
2842:Drivers/STM32WBxx_HAL_Driver/Inc/stm32wbxx_ll_rcc.h **** /** @defgroup RCC_LL_EF_RTC RTC
2843:Drivers/STM32WBxx_HAL_Driver/Inc/stm32wbxx_ll_rcc.h ****   * @{
2844:Drivers/STM32WBxx_HAL_Driver/Inc/stm32wbxx_ll_rcc.h ****   */
2845:Drivers/STM32WBxx_HAL_Driver/Inc/stm32wbxx_ll_rcc.h **** 
2846:Drivers/STM32WBxx_HAL_Driver/Inc/stm32wbxx_ll_rcc.h **** /**
2847:Drivers/STM32WBxx_HAL_Driver/Inc/stm32wbxx_ll_rcc.h ****   * @brief  Set RTC Clock Source
2848:Drivers/STM32WBxx_HAL_Driver/Inc/stm32wbxx_ll_rcc.h ****   * @note Once the RTC clock source has been selected, it cannot be changed anymore unless
2849:Drivers/STM32WBxx_HAL_Driver/Inc/stm32wbxx_ll_rcc.h ****   *       the Backup domain is reset, or unless a failure is detected on LSE (LSECSSD is
2850:Drivers/STM32WBxx_HAL_Driver/Inc/stm32wbxx_ll_rcc.h ****   *       set). The BDRST bit can be used to reset them.
2851:Drivers/STM32WBxx_HAL_Driver/Inc/stm32wbxx_ll_rcc.h ****   * @rmtoll BDCR         RTCSEL        LL_RCC_SetRTCClockSource
2852:Drivers/STM32WBxx_HAL_Driver/Inc/stm32wbxx_ll_rcc.h ****   * @param  Source This parameter can be one of the following values:
2853:Drivers/STM32WBxx_HAL_Driver/Inc/stm32wbxx_ll_rcc.h ****   *         @arg @ref LL_RCC_RTC_CLKSOURCE_NONE
2854:Drivers/STM32WBxx_HAL_Driver/Inc/stm32wbxx_ll_rcc.h ****   *         @arg @ref LL_RCC_RTC_CLKSOURCE_LSE
2855:Drivers/STM32WBxx_HAL_Driver/Inc/stm32wbxx_ll_rcc.h ****   *         @arg @ref LL_RCC_RTC_CLKSOURCE_LSI
2856:Drivers/STM32WBxx_HAL_Driver/Inc/stm32wbxx_ll_rcc.h ****   *         @arg @ref LL_RCC_RTC_CLKSOURCE_HSE_DIV32
2857:Drivers/STM32WBxx_HAL_Driver/Inc/stm32wbxx_ll_rcc.h ****   * @retval None
2858:Drivers/STM32WBxx_HAL_Driver/Inc/stm32wbxx_ll_rcc.h ****   */
2859:Drivers/STM32WBxx_HAL_Driver/Inc/stm32wbxx_ll_rcc.h **** __STATIC_INLINE void LL_RCC_SetRTCClockSource(uint32_t Source)
2860:Drivers/STM32WBxx_HAL_Driver/Inc/stm32wbxx_ll_rcc.h **** {
2861:Drivers/STM32WBxx_HAL_Driver/Inc/stm32wbxx_ll_rcc.h ****   MODIFY_REG(RCC->BDCR, RCC_BDCR_RTCSEL, Source);
2862:Drivers/STM32WBxx_HAL_Driver/Inc/stm32wbxx_ll_rcc.h **** }
2863:Drivers/STM32WBxx_HAL_Driver/Inc/stm32wbxx_ll_rcc.h **** 
2864:Drivers/STM32WBxx_HAL_Driver/Inc/stm32wbxx_ll_rcc.h **** /**
2865:Drivers/STM32WBxx_HAL_Driver/Inc/stm32wbxx_ll_rcc.h ****   * @brief  Get RTC Clock Source
2866:Drivers/STM32WBxx_HAL_Driver/Inc/stm32wbxx_ll_rcc.h ****   * @rmtoll BDCR         RTCSEL        LL_RCC_GetRTCClockSource
2867:Drivers/STM32WBxx_HAL_Driver/Inc/stm32wbxx_ll_rcc.h ****   * @retval Returned value can be one of the following values:
2868:Drivers/STM32WBxx_HAL_Driver/Inc/stm32wbxx_ll_rcc.h ****   *         @arg @ref LL_RCC_RTC_CLKSOURCE_NONE
2869:Drivers/STM32WBxx_HAL_Driver/Inc/stm32wbxx_ll_rcc.h ****   *         @arg @ref LL_RCC_RTC_CLKSOURCE_LSE
2870:Drivers/STM32WBxx_HAL_Driver/Inc/stm32wbxx_ll_rcc.h ****   *         @arg @ref LL_RCC_RTC_CLKSOURCE_LSI
2871:Drivers/STM32WBxx_HAL_Driver/Inc/stm32wbxx_ll_rcc.h ****   *         @arg @ref LL_RCC_RTC_CLKSOURCE_HSE_DIV32
2872:Drivers/STM32WBxx_HAL_Driver/Inc/stm32wbxx_ll_rcc.h ****   */
2873:Drivers/STM32WBxx_HAL_Driver/Inc/stm32wbxx_ll_rcc.h **** __STATIC_INLINE uint32_t LL_RCC_GetRTCClockSource(void)
2874:Drivers/STM32WBxx_HAL_Driver/Inc/stm32wbxx_ll_rcc.h **** {
2875:Drivers/STM32WBxx_HAL_Driver/Inc/stm32wbxx_ll_rcc.h ****   return (uint32_t)(READ_BIT(RCC->BDCR, RCC_BDCR_RTCSEL));
2876:Drivers/STM32WBxx_HAL_Driver/Inc/stm32wbxx_ll_rcc.h **** }
ARM GAS  C:\Users\843E~1\AppData\Local\Temp\cc5PNIRY.s 			page 93


2877:Drivers/STM32WBxx_HAL_Driver/Inc/stm32wbxx_ll_rcc.h **** 
2878:Drivers/STM32WBxx_HAL_Driver/Inc/stm32wbxx_ll_rcc.h **** /**
2879:Drivers/STM32WBxx_HAL_Driver/Inc/stm32wbxx_ll_rcc.h ****   * @brief  Enable RTC
2880:Drivers/STM32WBxx_HAL_Driver/Inc/stm32wbxx_ll_rcc.h ****   * @rmtoll BDCR         RTCEN         LL_RCC_EnableRTC
2881:Drivers/STM32WBxx_HAL_Driver/Inc/stm32wbxx_ll_rcc.h ****   * @retval None
2882:Drivers/STM32WBxx_HAL_Driver/Inc/stm32wbxx_ll_rcc.h ****   */
2883:Drivers/STM32WBxx_HAL_Driver/Inc/stm32wbxx_ll_rcc.h **** __STATIC_INLINE void LL_RCC_EnableRTC(void)
2884:Drivers/STM32WBxx_HAL_Driver/Inc/stm32wbxx_ll_rcc.h **** {
2885:Drivers/STM32WBxx_HAL_Driver/Inc/stm32wbxx_ll_rcc.h ****   SET_BIT(RCC->BDCR, RCC_BDCR_RTCEN);
2886:Drivers/STM32WBxx_HAL_Driver/Inc/stm32wbxx_ll_rcc.h **** }
2887:Drivers/STM32WBxx_HAL_Driver/Inc/stm32wbxx_ll_rcc.h **** 
2888:Drivers/STM32WBxx_HAL_Driver/Inc/stm32wbxx_ll_rcc.h **** /**
2889:Drivers/STM32WBxx_HAL_Driver/Inc/stm32wbxx_ll_rcc.h ****   * @brief  Disable RTC
2890:Drivers/STM32WBxx_HAL_Driver/Inc/stm32wbxx_ll_rcc.h ****   * @rmtoll BDCR         RTCEN         LL_RCC_DisableRTC
2891:Drivers/STM32WBxx_HAL_Driver/Inc/stm32wbxx_ll_rcc.h ****   * @retval None
2892:Drivers/STM32WBxx_HAL_Driver/Inc/stm32wbxx_ll_rcc.h ****   */
2893:Drivers/STM32WBxx_HAL_Driver/Inc/stm32wbxx_ll_rcc.h **** __STATIC_INLINE void LL_RCC_DisableRTC(void)
2894:Drivers/STM32WBxx_HAL_Driver/Inc/stm32wbxx_ll_rcc.h **** {
2895:Drivers/STM32WBxx_HAL_Driver/Inc/stm32wbxx_ll_rcc.h ****   CLEAR_BIT(RCC->BDCR, RCC_BDCR_RTCEN);
2896:Drivers/STM32WBxx_HAL_Driver/Inc/stm32wbxx_ll_rcc.h **** }
2897:Drivers/STM32WBxx_HAL_Driver/Inc/stm32wbxx_ll_rcc.h **** 
2898:Drivers/STM32WBxx_HAL_Driver/Inc/stm32wbxx_ll_rcc.h **** /**
2899:Drivers/STM32WBxx_HAL_Driver/Inc/stm32wbxx_ll_rcc.h ****   * @brief  Check if RTC has been enabled or not
2900:Drivers/STM32WBxx_HAL_Driver/Inc/stm32wbxx_ll_rcc.h ****   * @rmtoll BDCR         RTCEN         LL_RCC_IsEnabledRTC
2901:Drivers/STM32WBxx_HAL_Driver/Inc/stm32wbxx_ll_rcc.h ****   * @retval State of bit (1 or 0).
2902:Drivers/STM32WBxx_HAL_Driver/Inc/stm32wbxx_ll_rcc.h ****   */
2903:Drivers/STM32WBxx_HAL_Driver/Inc/stm32wbxx_ll_rcc.h **** __STATIC_INLINE uint32_t LL_RCC_IsEnabledRTC(void)
2904:Drivers/STM32WBxx_HAL_Driver/Inc/stm32wbxx_ll_rcc.h **** {
2905:Drivers/STM32WBxx_HAL_Driver/Inc/stm32wbxx_ll_rcc.h ****   return ((READ_BIT(RCC->BDCR, RCC_BDCR_RTCEN) == (RCC_BDCR_RTCEN)) ? 1UL : 0UL);
2906:Drivers/STM32WBxx_HAL_Driver/Inc/stm32wbxx_ll_rcc.h **** }
2907:Drivers/STM32WBxx_HAL_Driver/Inc/stm32wbxx_ll_rcc.h **** 
2908:Drivers/STM32WBxx_HAL_Driver/Inc/stm32wbxx_ll_rcc.h **** /**
2909:Drivers/STM32WBxx_HAL_Driver/Inc/stm32wbxx_ll_rcc.h ****   * @brief  Force the Backup domain reset
2910:Drivers/STM32WBxx_HAL_Driver/Inc/stm32wbxx_ll_rcc.h ****   * @rmtoll BDCR         BDRST         LL_RCC_ForceBackupDomainReset
2911:Drivers/STM32WBxx_HAL_Driver/Inc/stm32wbxx_ll_rcc.h ****   * @retval None
2912:Drivers/STM32WBxx_HAL_Driver/Inc/stm32wbxx_ll_rcc.h ****   */
2913:Drivers/STM32WBxx_HAL_Driver/Inc/stm32wbxx_ll_rcc.h **** __STATIC_INLINE void LL_RCC_ForceBackupDomainReset(void)
2914:Drivers/STM32WBxx_HAL_Driver/Inc/stm32wbxx_ll_rcc.h **** {
2915:Drivers/STM32WBxx_HAL_Driver/Inc/stm32wbxx_ll_rcc.h ****   SET_BIT(RCC->BDCR, RCC_BDCR_BDRST);
2916:Drivers/STM32WBxx_HAL_Driver/Inc/stm32wbxx_ll_rcc.h **** }
2917:Drivers/STM32WBxx_HAL_Driver/Inc/stm32wbxx_ll_rcc.h **** 
2918:Drivers/STM32WBxx_HAL_Driver/Inc/stm32wbxx_ll_rcc.h **** /**
2919:Drivers/STM32WBxx_HAL_Driver/Inc/stm32wbxx_ll_rcc.h ****   * @brief  Release the Backup domain reset
2920:Drivers/STM32WBxx_HAL_Driver/Inc/stm32wbxx_ll_rcc.h ****   * @rmtoll BDCR         BDRST         LL_RCC_ReleaseBackupDomainReset
2921:Drivers/STM32WBxx_HAL_Driver/Inc/stm32wbxx_ll_rcc.h ****   * @retval None
2922:Drivers/STM32WBxx_HAL_Driver/Inc/stm32wbxx_ll_rcc.h ****   */
2923:Drivers/STM32WBxx_HAL_Driver/Inc/stm32wbxx_ll_rcc.h **** __STATIC_INLINE void LL_RCC_ReleaseBackupDomainReset(void)
2924:Drivers/STM32WBxx_HAL_Driver/Inc/stm32wbxx_ll_rcc.h **** {
2925:Drivers/STM32WBxx_HAL_Driver/Inc/stm32wbxx_ll_rcc.h ****   CLEAR_BIT(RCC->BDCR, RCC_BDCR_BDRST);
2926:Drivers/STM32WBxx_HAL_Driver/Inc/stm32wbxx_ll_rcc.h **** }
2927:Drivers/STM32WBxx_HAL_Driver/Inc/stm32wbxx_ll_rcc.h **** 
2928:Drivers/STM32WBxx_HAL_Driver/Inc/stm32wbxx_ll_rcc.h **** /**
2929:Drivers/STM32WBxx_HAL_Driver/Inc/stm32wbxx_ll_rcc.h ****   * @}
2930:Drivers/STM32WBxx_HAL_Driver/Inc/stm32wbxx_ll_rcc.h ****   */
2931:Drivers/STM32WBxx_HAL_Driver/Inc/stm32wbxx_ll_rcc.h **** 
2932:Drivers/STM32WBxx_HAL_Driver/Inc/stm32wbxx_ll_rcc.h **** 
2933:Drivers/STM32WBxx_HAL_Driver/Inc/stm32wbxx_ll_rcc.h **** /** @defgroup RCC_LL_EF_PLL PLL
ARM GAS  C:\Users\843E~1\AppData\Local\Temp\cc5PNIRY.s 			page 94


2934:Drivers/STM32WBxx_HAL_Driver/Inc/stm32wbxx_ll_rcc.h ****   * @{
2935:Drivers/STM32WBxx_HAL_Driver/Inc/stm32wbxx_ll_rcc.h ****   */
2936:Drivers/STM32WBxx_HAL_Driver/Inc/stm32wbxx_ll_rcc.h **** 
2937:Drivers/STM32WBxx_HAL_Driver/Inc/stm32wbxx_ll_rcc.h **** /**
2938:Drivers/STM32WBxx_HAL_Driver/Inc/stm32wbxx_ll_rcc.h ****   * @brief  Enable PLL
2939:Drivers/STM32WBxx_HAL_Driver/Inc/stm32wbxx_ll_rcc.h ****   * @rmtoll CR           PLLON         LL_RCC_PLL_Enable
2940:Drivers/STM32WBxx_HAL_Driver/Inc/stm32wbxx_ll_rcc.h ****   * @retval None
2941:Drivers/STM32WBxx_HAL_Driver/Inc/stm32wbxx_ll_rcc.h ****   */
2942:Drivers/STM32WBxx_HAL_Driver/Inc/stm32wbxx_ll_rcc.h **** __STATIC_INLINE void LL_RCC_PLL_Enable(void)
2943:Drivers/STM32WBxx_HAL_Driver/Inc/stm32wbxx_ll_rcc.h **** {
2944:Drivers/STM32WBxx_HAL_Driver/Inc/stm32wbxx_ll_rcc.h ****   SET_BIT(RCC->CR, RCC_CR_PLLON);
2945:Drivers/STM32WBxx_HAL_Driver/Inc/stm32wbxx_ll_rcc.h **** }
2946:Drivers/STM32WBxx_HAL_Driver/Inc/stm32wbxx_ll_rcc.h **** 
2947:Drivers/STM32WBxx_HAL_Driver/Inc/stm32wbxx_ll_rcc.h **** /**
2948:Drivers/STM32WBxx_HAL_Driver/Inc/stm32wbxx_ll_rcc.h ****   * @brief  Disable PLL
2949:Drivers/STM32WBxx_HAL_Driver/Inc/stm32wbxx_ll_rcc.h ****   * @note Cannot be disabled if the PLL clock is used as the system clock
2950:Drivers/STM32WBxx_HAL_Driver/Inc/stm32wbxx_ll_rcc.h ****   * @rmtoll CR           PLLON         LL_RCC_PLL_Disable
2951:Drivers/STM32WBxx_HAL_Driver/Inc/stm32wbxx_ll_rcc.h ****   * @retval None
2952:Drivers/STM32WBxx_HAL_Driver/Inc/stm32wbxx_ll_rcc.h ****   */
2953:Drivers/STM32WBxx_HAL_Driver/Inc/stm32wbxx_ll_rcc.h **** __STATIC_INLINE void LL_RCC_PLL_Disable(void)
2954:Drivers/STM32WBxx_HAL_Driver/Inc/stm32wbxx_ll_rcc.h **** {
2955:Drivers/STM32WBxx_HAL_Driver/Inc/stm32wbxx_ll_rcc.h ****   CLEAR_BIT(RCC->CR, RCC_CR_PLLON);
2956:Drivers/STM32WBxx_HAL_Driver/Inc/stm32wbxx_ll_rcc.h **** }
2957:Drivers/STM32WBxx_HAL_Driver/Inc/stm32wbxx_ll_rcc.h **** 
2958:Drivers/STM32WBxx_HAL_Driver/Inc/stm32wbxx_ll_rcc.h **** /**
2959:Drivers/STM32WBxx_HAL_Driver/Inc/stm32wbxx_ll_rcc.h ****   * @brief  Check if PLL Ready
2960:Drivers/STM32WBxx_HAL_Driver/Inc/stm32wbxx_ll_rcc.h ****   * @rmtoll CR           PLLRDY        LL_RCC_PLL_IsReady
2961:Drivers/STM32WBxx_HAL_Driver/Inc/stm32wbxx_ll_rcc.h ****   * @retval State of bit (1 or 0).
2962:Drivers/STM32WBxx_HAL_Driver/Inc/stm32wbxx_ll_rcc.h ****   */
2963:Drivers/STM32WBxx_HAL_Driver/Inc/stm32wbxx_ll_rcc.h **** __STATIC_INLINE uint32_t LL_RCC_PLL_IsReady(void)
 476              		.loc 2 2963 26 view .LVU133
 477              	.LBB240:
2964:Drivers/STM32WBxx_HAL_Driver/Inc/stm32wbxx_ll_rcc.h **** {
2965:Drivers/STM32WBxx_HAL_Driver/Inc/stm32wbxx_ll_rcc.h ****   return ((READ_BIT(RCC->CR, RCC_CR_PLLRDY) == (RCC_CR_PLLRDY)) ? 1UL : 0UL);
 478              		.loc 2 2965 3 view .LVU134
 479              		.loc 2 2965 12 is_stmt 0 view .LVU135
 480 0094 4FF0B043 		mov	r3, #1476395008
 481 0098 1B68     		ldr	r3, [r3]
 482              		.loc 2 2965 71 view .LVU136
 483 009a 13F0007F 		tst	r3, #33554432
 484 009e 24D1     		bne	.L33
 485              	.LBE240:
 486              	.LBE239:
 333:Drivers/STM32WBxx_HAL_Driver/Src/stm32wbxx_hal_rcc.c **** 
 487              		.loc 1 333 3 is_stmt 1 view .LVU137
 488 00a0 4FF0B043 		mov	r3, #1476395008
 489 00a4 194A     		ldr	r2, .L42+4
 490 00a6 DA60     		str	r2, [r3, #12]
 337:Drivers/STM32WBxx_HAL_Driver/Src/stm32wbxx_hal_rcc.c **** 
 491              		.loc 1 337 3 view .LVU138
 337:Drivers/STM32WBxx_HAL_Driver/Src/stm32wbxx_hal_rcc.c **** 
 492              		.loc 1 337 15 is_stmt 0 view .LVU139
 493 00a8 FFF7FEFF 		bl	HAL_GetTick
 494              	.LVL43:
 495 00ac 0446     		mov	r4, r0
 496              	.LVL44:
 340:Drivers/STM32WBxx_HAL_Driver/Src/stm32wbxx_hal_rcc.c ****   {
ARM GAS  C:\Users\843E~1\AppData\Local\Temp\cc5PNIRY.s 			page 95


 497              		.loc 1 340 3 is_stmt 1 view .LVU140
 498              	.L34:
 340:Drivers/STM32WBxx_HAL_Driver/Src/stm32wbxx_hal_rcc.c ****   {
 499              		.loc 1 340 9 view .LVU141
 500              	.LBB241:
 501              	.LBI241:
2966:Drivers/STM32WBxx_HAL_Driver/Inc/stm32wbxx_ll_rcc.h **** }
2967:Drivers/STM32WBxx_HAL_Driver/Inc/stm32wbxx_ll_rcc.h **** 
2968:Drivers/STM32WBxx_HAL_Driver/Inc/stm32wbxx_ll_rcc.h **** /**
2969:Drivers/STM32WBxx_HAL_Driver/Inc/stm32wbxx_ll_rcc.h ****   * @brief  Configure PLL used for SYSCLK Domain
2970:Drivers/STM32WBxx_HAL_Driver/Inc/stm32wbxx_ll_rcc.h ****   * @note PLL Source and PLLM Divider can be written only when PLL is disabled
2971:Drivers/STM32WBxx_HAL_Driver/Inc/stm32wbxx_ll_rcc.h ****   *       PLLSAI1 are disabled
2972:Drivers/STM32WBxx_HAL_Driver/Inc/stm32wbxx_ll_rcc.h ****   * @note PLLN/PLLR can be written only when PLL is disabled
2973:Drivers/STM32WBxx_HAL_Driver/Inc/stm32wbxx_ll_rcc.h ****   * @rmtoll PLLCFGR      PLLSRC        LL_RCC_PLL_ConfigDomain_SYS\n
2974:Drivers/STM32WBxx_HAL_Driver/Inc/stm32wbxx_ll_rcc.h ****   *         PLLCFGR      PLLM          LL_RCC_PLL_ConfigDomain_SYS\n
2975:Drivers/STM32WBxx_HAL_Driver/Inc/stm32wbxx_ll_rcc.h ****   *         PLLCFGR      PLLN          LL_RCC_PLL_ConfigDomain_SYS\n
2976:Drivers/STM32WBxx_HAL_Driver/Inc/stm32wbxx_ll_rcc.h ****   *         PLLCFGR      PLLR          LL_RCC_PLL_ConfigDomain_SYS
2977:Drivers/STM32WBxx_HAL_Driver/Inc/stm32wbxx_ll_rcc.h ****   * @param  Source This parameter can be one of the following values:
2978:Drivers/STM32WBxx_HAL_Driver/Inc/stm32wbxx_ll_rcc.h ****   *         @arg @ref LL_RCC_PLLSOURCE_NONE
2979:Drivers/STM32WBxx_HAL_Driver/Inc/stm32wbxx_ll_rcc.h ****   *         @arg @ref LL_RCC_PLLSOURCE_MSI
2980:Drivers/STM32WBxx_HAL_Driver/Inc/stm32wbxx_ll_rcc.h ****   *         @arg @ref LL_RCC_PLLSOURCE_HSI
2981:Drivers/STM32WBxx_HAL_Driver/Inc/stm32wbxx_ll_rcc.h ****   *         @arg @ref LL_RCC_PLLSOURCE_HSE
2982:Drivers/STM32WBxx_HAL_Driver/Inc/stm32wbxx_ll_rcc.h ****   * @param  PLLM This parameter can be one of the following values:
2983:Drivers/STM32WBxx_HAL_Driver/Inc/stm32wbxx_ll_rcc.h ****   *         @arg @ref LL_RCC_PLLM_DIV_1
2984:Drivers/STM32WBxx_HAL_Driver/Inc/stm32wbxx_ll_rcc.h ****   *         @arg @ref LL_RCC_PLLM_DIV_2
2985:Drivers/STM32WBxx_HAL_Driver/Inc/stm32wbxx_ll_rcc.h ****   *         @arg @ref LL_RCC_PLLM_DIV_3
2986:Drivers/STM32WBxx_HAL_Driver/Inc/stm32wbxx_ll_rcc.h ****   *         @arg @ref LL_RCC_PLLM_DIV_4
2987:Drivers/STM32WBxx_HAL_Driver/Inc/stm32wbxx_ll_rcc.h ****   *         @arg @ref LL_RCC_PLLM_DIV_5
2988:Drivers/STM32WBxx_HAL_Driver/Inc/stm32wbxx_ll_rcc.h ****   *         @arg @ref LL_RCC_PLLM_DIV_6
2989:Drivers/STM32WBxx_HAL_Driver/Inc/stm32wbxx_ll_rcc.h ****   *         @arg @ref LL_RCC_PLLM_DIV_7
2990:Drivers/STM32WBxx_HAL_Driver/Inc/stm32wbxx_ll_rcc.h ****   *         @arg @ref LL_RCC_PLLM_DIV_8
2991:Drivers/STM32WBxx_HAL_Driver/Inc/stm32wbxx_ll_rcc.h ****   * @param  PLLN Between 6 and 127
2992:Drivers/STM32WBxx_HAL_Driver/Inc/stm32wbxx_ll_rcc.h ****   * @param  PLLR This parameter can be one of the following values:
2993:Drivers/STM32WBxx_HAL_Driver/Inc/stm32wbxx_ll_rcc.h ****   *         @arg @ref LL_RCC_PLLR_DIV_2
2994:Drivers/STM32WBxx_HAL_Driver/Inc/stm32wbxx_ll_rcc.h ****   *         @arg @ref LL_RCC_PLLR_DIV_4
2995:Drivers/STM32WBxx_HAL_Driver/Inc/stm32wbxx_ll_rcc.h ****   *         @arg @ref LL_RCC_PLLR_DIV_6
2996:Drivers/STM32WBxx_HAL_Driver/Inc/stm32wbxx_ll_rcc.h ****   *         @arg @ref LL_RCC_PLLR_DIV_8
2997:Drivers/STM32WBxx_HAL_Driver/Inc/stm32wbxx_ll_rcc.h ****   * @retval None
2998:Drivers/STM32WBxx_HAL_Driver/Inc/stm32wbxx_ll_rcc.h ****   */
2999:Drivers/STM32WBxx_HAL_Driver/Inc/stm32wbxx_ll_rcc.h **** __STATIC_INLINE void LL_RCC_PLL_ConfigDomain_SYS(uint32_t Source, uint32_t PLLM, uint32_t PLLN, uin
3000:Drivers/STM32WBxx_HAL_Driver/Inc/stm32wbxx_ll_rcc.h **** {
3001:Drivers/STM32WBxx_HAL_Driver/Inc/stm32wbxx_ll_rcc.h ****   MODIFY_REG(RCC->PLLCFGR, RCC_PLLCFGR_PLLSRC | RCC_PLLCFGR_PLLM | RCC_PLLCFGR_PLLN | RCC_PLLCFGR_P
3002:Drivers/STM32WBxx_HAL_Driver/Inc/stm32wbxx_ll_rcc.h ****              Source | PLLM | (PLLN << RCC_PLLCFGR_PLLN_Pos) | PLLR);
3003:Drivers/STM32WBxx_HAL_Driver/Inc/stm32wbxx_ll_rcc.h **** }
3004:Drivers/STM32WBxx_HAL_Driver/Inc/stm32wbxx_ll_rcc.h **** 
3005:Drivers/STM32WBxx_HAL_Driver/Inc/stm32wbxx_ll_rcc.h **** #if defined(SAI1)
3006:Drivers/STM32WBxx_HAL_Driver/Inc/stm32wbxx_ll_rcc.h **** /**
3007:Drivers/STM32WBxx_HAL_Driver/Inc/stm32wbxx_ll_rcc.h ****   * @brief  Configure PLL used for SAI domain clock
3008:Drivers/STM32WBxx_HAL_Driver/Inc/stm32wbxx_ll_rcc.h ****   * @note PLL Source and PLLM Divider can be written only when PLL is disabled
3009:Drivers/STM32WBxx_HAL_Driver/Inc/stm32wbxx_ll_rcc.h ****   *       PLLSAI1 are disabled
3010:Drivers/STM32WBxx_HAL_Driver/Inc/stm32wbxx_ll_rcc.h ****   * @note PLLN/PLLP can be written only when PLL is disabled
3011:Drivers/STM32WBxx_HAL_Driver/Inc/stm32wbxx_ll_rcc.h ****   * @rmtoll PLLCFGR      PLLSRC        LL_RCC_PLL_ConfigDomain_SAI\n
3012:Drivers/STM32WBxx_HAL_Driver/Inc/stm32wbxx_ll_rcc.h ****   *         PLLCFGR      PLLM          LL_RCC_PLL_ConfigDomain_SAI\n
3013:Drivers/STM32WBxx_HAL_Driver/Inc/stm32wbxx_ll_rcc.h ****   *         PLLCFGR      PLLN          LL_RCC_PLL_ConfigDomain_SAI\n
3014:Drivers/STM32WBxx_HAL_Driver/Inc/stm32wbxx_ll_rcc.h ****   *         PLLCFGR      PLLP          LL_RCC_PLL_ConfigDomain_SAI
3015:Drivers/STM32WBxx_HAL_Driver/Inc/stm32wbxx_ll_rcc.h ****   * @param  Source This parameter can be one of the following values:
3016:Drivers/STM32WBxx_HAL_Driver/Inc/stm32wbxx_ll_rcc.h ****   *         @arg @ref LL_RCC_PLLSOURCE_NONE
ARM GAS  C:\Users\843E~1\AppData\Local\Temp\cc5PNIRY.s 			page 96


3017:Drivers/STM32WBxx_HAL_Driver/Inc/stm32wbxx_ll_rcc.h ****   *         @arg @ref LL_RCC_PLLSOURCE_MSI
3018:Drivers/STM32WBxx_HAL_Driver/Inc/stm32wbxx_ll_rcc.h ****   *         @arg @ref LL_RCC_PLLSOURCE_HSI
3019:Drivers/STM32WBxx_HAL_Driver/Inc/stm32wbxx_ll_rcc.h ****   *         @arg @ref LL_RCC_PLLSOURCE_HSE
3020:Drivers/STM32WBxx_HAL_Driver/Inc/stm32wbxx_ll_rcc.h ****   * @param  PLLM This parameter can be one of the following values:
3021:Drivers/STM32WBxx_HAL_Driver/Inc/stm32wbxx_ll_rcc.h ****   *         @arg @ref LL_RCC_PLLM_DIV_1
3022:Drivers/STM32WBxx_HAL_Driver/Inc/stm32wbxx_ll_rcc.h ****   *         @arg @ref LL_RCC_PLLM_DIV_2
3023:Drivers/STM32WBxx_HAL_Driver/Inc/stm32wbxx_ll_rcc.h ****   *         @arg @ref LL_RCC_PLLM_DIV_3
3024:Drivers/STM32WBxx_HAL_Driver/Inc/stm32wbxx_ll_rcc.h ****   *         @arg @ref LL_RCC_PLLM_DIV_4
3025:Drivers/STM32WBxx_HAL_Driver/Inc/stm32wbxx_ll_rcc.h ****   *         @arg @ref LL_RCC_PLLM_DIV_5
3026:Drivers/STM32WBxx_HAL_Driver/Inc/stm32wbxx_ll_rcc.h ****   *         @arg @ref LL_RCC_PLLM_DIV_6
3027:Drivers/STM32WBxx_HAL_Driver/Inc/stm32wbxx_ll_rcc.h ****   *         @arg @ref LL_RCC_PLLM_DIV_7
3028:Drivers/STM32WBxx_HAL_Driver/Inc/stm32wbxx_ll_rcc.h ****   *         @arg @ref LL_RCC_PLLM_DIV_8
3029:Drivers/STM32WBxx_HAL_Driver/Inc/stm32wbxx_ll_rcc.h ****   * @param  PLLN Between 6 and 127
3030:Drivers/STM32WBxx_HAL_Driver/Inc/stm32wbxx_ll_rcc.h ****   * @param  PLLP This parameter can be one of the following values:
3031:Drivers/STM32WBxx_HAL_Driver/Inc/stm32wbxx_ll_rcc.h ****   *         @arg @ref LL_RCC_PLLP_DIV_2
3032:Drivers/STM32WBxx_HAL_Driver/Inc/stm32wbxx_ll_rcc.h ****   *         @arg @ref LL_RCC_PLLP_DIV_3
3033:Drivers/STM32WBxx_HAL_Driver/Inc/stm32wbxx_ll_rcc.h ****   *         @arg @ref LL_RCC_PLLP_DIV_4
3034:Drivers/STM32WBxx_HAL_Driver/Inc/stm32wbxx_ll_rcc.h ****   *         @arg @ref LL_RCC_PLLP_DIV_5
3035:Drivers/STM32WBxx_HAL_Driver/Inc/stm32wbxx_ll_rcc.h ****   *         @arg @ref LL_RCC_PLLP_DIV_6
3036:Drivers/STM32WBxx_HAL_Driver/Inc/stm32wbxx_ll_rcc.h ****   *         @arg @ref LL_RCC_PLLP_DIV_7
3037:Drivers/STM32WBxx_HAL_Driver/Inc/stm32wbxx_ll_rcc.h ****   *         @arg @ref LL_RCC_PLLP_DIV_8
3038:Drivers/STM32WBxx_HAL_Driver/Inc/stm32wbxx_ll_rcc.h ****   *         @arg @ref LL_RCC_PLLP_DIV_9
3039:Drivers/STM32WBxx_HAL_Driver/Inc/stm32wbxx_ll_rcc.h ****   *         @arg @ref LL_RCC_PLLP_DIV_10
3040:Drivers/STM32WBxx_HAL_Driver/Inc/stm32wbxx_ll_rcc.h ****   *         @arg @ref LL_RCC_PLLP_DIV_11
3041:Drivers/STM32WBxx_HAL_Driver/Inc/stm32wbxx_ll_rcc.h ****   *         @arg @ref LL_RCC_PLLP_DIV_12
3042:Drivers/STM32WBxx_HAL_Driver/Inc/stm32wbxx_ll_rcc.h ****   *         @arg @ref LL_RCC_PLLP_DIV_13
3043:Drivers/STM32WBxx_HAL_Driver/Inc/stm32wbxx_ll_rcc.h ****   *         @arg @ref LL_RCC_PLLP_DIV_14
3044:Drivers/STM32WBxx_HAL_Driver/Inc/stm32wbxx_ll_rcc.h ****   *         @arg @ref LL_RCC_PLLP_DIV_15
3045:Drivers/STM32WBxx_HAL_Driver/Inc/stm32wbxx_ll_rcc.h ****   *         @arg @ref LL_RCC_PLLP_DIV_16
3046:Drivers/STM32WBxx_HAL_Driver/Inc/stm32wbxx_ll_rcc.h ****   *         @arg @ref LL_RCC_PLLP_DIV_17
3047:Drivers/STM32WBxx_HAL_Driver/Inc/stm32wbxx_ll_rcc.h ****   *         @arg @ref LL_RCC_PLLP_DIV_18
3048:Drivers/STM32WBxx_HAL_Driver/Inc/stm32wbxx_ll_rcc.h ****   *         @arg @ref LL_RCC_PLLP_DIV_19
3049:Drivers/STM32WBxx_HAL_Driver/Inc/stm32wbxx_ll_rcc.h ****   *         @arg @ref LL_RCC_PLLP_DIV_20
3050:Drivers/STM32WBxx_HAL_Driver/Inc/stm32wbxx_ll_rcc.h ****   *         @arg @ref LL_RCC_PLLP_DIV_21
3051:Drivers/STM32WBxx_HAL_Driver/Inc/stm32wbxx_ll_rcc.h ****   *         @arg @ref LL_RCC_PLLP_DIV_22
3052:Drivers/STM32WBxx_HAL_Driver/Inc/stm32wbxx_ll_rcc.h ****   *         @arg @ref LL_RCC_PLLP_DIV_23
3053:Drivers/STM32WBxx_HAL_Driver/Inc/stm32wbxx_ll_rcc.h ****   *         @arg @ref LL_RCC_PLLP_DIV_24
3054:Drivers/STM32WBxx_HAL_Driver/Inc/stm32wbxx_ll_rcc.h ****   *         @arg @ref LL_RCC_PLLP_DIV_25
3055:Drivers/STM32WBxx_HAL_Driver/Inc/stm32wbxx_ll_rcc.h ****   *         @arg @ref LL_RCC_PLLP_DIV_26
3056:Drivers/STM32WBxx_HAL_Driver/Inc/stm32wbxx_ll_rcc.h ****   *         @arg @ref LL_RCC_PLLP_DIV_27
3057:Drivers/STM32WBxx_HAL_Driver/Inc/stm32wbxx_ll_rcc.h ****   *         @arg @ref LL_RCC_PLLP_DIV_28
3058:Drivers/STM32WBxx_HAL_Driver/Inc/stm32wbxx_ll_rcc.h ****   *         @arg @ref LL_RCC_PLLP_DIV_29
3059:Drivers/STM32WBxx_HAL_Driver/Inc/stm32wbxx_ll_rcc.h ****   *         @arg @ref LL_RCC_PLLP_DIV_30
3060:Drivers/STM32WBxx_HAL_Driver/Inc/stm32wbxx_ll_rcc.h ****   *         @arg @ref LL_RCC_PLLP_DIV_31
3061:Drivers/STM32WBxx_HAL_Driver/Inc/stm32wbxx_ll_rcc.h ****   *         @arg @ref LL_RCC_PLLP_DIV_32
3062:Drivers/STM32WBxx_HAL_Driver/Inc/stm32wbxx_ll_rcc.h ****   * @retval None
3063:Drivers/STM32WBxx_HAL_Driver/Inc/stm32wbxx_ll_rcc.h ****   */
3064:Drivers/STM32WBxx_HAL_Driver/Inc/stm32wbxx_ll_rcc.h **** __STATIC_INLINE void LL_RCC_PLL_ConfigDomain_SAI(uint32_t Source, uint32_t PLLM, uint32_t PLLN, uin
3065:Drivers/STM32WBxx_HAL_Driver/Inc/stm32wbxx_ll_rcc.h **** {
3066:Drivers/STM32WBxx_HAL_Driver/Inc/stm32wbxx_ll_rcc.h ****   MODIFY_REG(RCC->PLLCFGR, RCC_PLLCFGR_PLLSRC | RCC_PLLCFGR_PLLM | RCC_PLLCFGR_PLLN | RCC_PLLCFGR_P
3067:Drivers/STM32WBxx_HAL_Driver/Inc/stm32wbxx_ll_rcc.h ****              Source | PLLM | (PLLN << RCC_PLLCFGR_PLLN_Pos) | PLLP);
3068:Drivers/STM32WBxx_HAL_Driver/Inc/stm32wbxx_ll_rcc.h **** }
3069:Drivers/STM32WBxx_HAL_Driver/Inc/stm32wbxx_ll_rcc.h **** #endif /* SAI1 */
3070:Drivers/STM32WBxx_HAL_Driver/Inc/stm32wbxx_ll_rcc.h **** 
3071:Drivers/STM32WBxx_HAL_Driver/Inc/stm32wbxx_ll_rcc.h **** /**
3072:Drivers/STM32WBxx_HAL_Driver/Inc/stm32wbxx_ll_rcc.h ****   * @brief  Configure PLL used for ADC domain clock
3073:Drivers/STM32WBxx_HAL_Driver/Inc/stm32wbxx_ll_rcc.h ****   * @note PLL Source and PLLM Divider can be written only when PLL is disabled
ARM GAS  C:\Users\843E~1\AppData\Local\Temp\cc5PNIRY.s 			page 97


3074:Drivers/STM32WBxx_HAL_Driver/Inc/stm32wbxx_ll_rcc.h ****   *       PLLSAI1 are disabled
3075:Drivers/STM32WBxx_HAL_Driver/Inc/stm32wbxx_ll_rcc.h ****   * @note PLLN/PLLP can be written only when PLL is disabled
3076:Drivers/STM32WBxx_HAL_Driver/Inc/stm32wbxx_ll_rcc.h ****   * @rmtoll PLLCFGR      PLLSRC        LL_RCC_PLL_ConfigDomain_ADC\n
3077:Drivers/STM32WBxx_HAL_Driver/Inc/stm32wbxx_ll_rcc.h ****   *         PLLCFGR      PLLM          LL_RCC_PLL_ConfigDomain_ADC\n
3078:Drivers/STM32WBxx_HAL_Driver/Inc/stm32wbxx_ll_rcc.h ****   *         PLLCFGR      PLLN          LL_RCC_PLL_ConfigDomain_ADC\n
3079:Drivers/STM32WBxx_HAL_Driver/Inc/stm32wbxx_ll_rcc.h ****   *         PLLCFGR      PLLP          LL_RCC_PLL_ConfigDomain_ADC
3080:Drivers/STM32WBxx_HAL_Driver/Inc/stm32wbxx_ll_rcc.h ****   * @param  Source This parameter can be one of the following values:
3081:Drivers/STM32WBxx_HAL_Driver/Inc/stm32wbxx_ll_rcc.h ****   *         @arg @ref LL_RCC_PLLSOURCE_NONE
3082:Drivers/STM32WBxx_HAL_Driver/Inc/stm32wbxx_ll_rcc.h ****   *         @arg @ref LL_RCC_PLLSOURCE_MSI
3083:Drivers/STM32WBxx_HAL_Driver/Inc/stm32wbxx_ll_rcc.h ****   *         @arg @ref LL_RCC_PLLSOURCE_HSI
3084:Drivers/STM32WBxx_HAL_Driver/Inc/stm32wbxx_ll_rcc.h ****   *         @arg @ref LL_RCC_PLLSOURCE_HSE
3085:Drivers/STM32WBxx_HAL_Driver/Inc/stm32wbxx_ll_rcc.h ****   * @param  PLLM This parameter can be one of the following values:
3086:Drivers/STM32WBxx_HAL_Driver/Inc/stm32wbxx_ll_rcc.h ****   *         @arg @ref LL_RCC_PLLM_DIV_1
3087:Drivers/STM32WBxx_HAL_Driver/Inc/stm32wbxx_ll_rcc.h ****   *         @arg @ref LL_RCC_PLLM_DIV_2
3088:Drivers/STM32WBxx_HAL_Driver/Inc/stm32wbxx_ll_rcc.h ****   *         @arg @ref LL_RCC_PLLM_DIV_3
3089:Drivers/STM32WBxx_HAL_Driver/Inc/stm32wbxx_ll_rcc.h ****   *         @arg @ref LL_RCC_PLLM_DIV_4
3090:Drivers/STM32WBxx_HAL_Driver/Inc/stm32wbxx_ll_rcc.h ****   *         @arg @ref LL_RCC_PLLM_DIV_5
3091:Drivers/STM32WBxx_HAL_Driver/Inc/stm32wbxx_ll_rcc.h ****   *         @arg @ref LL_RCC_PLLM_DIV_6
3092:Drivers/STM32WBxx_HAL_Driver/Inc/stm32wbxx_ll_rcc.h ****   *         @arg @ref LL_RCC_PLLM_DIV_7
3093:Drivers/STM32WBxx_HAL_Driver/Inc/stm32wbxx_ll_rcc.h ****   *         @arg @ref LL_RCC_PLLM_DIV_8
3094:Drivers/STM32WBxx_HAL_Driver/Inc/stm32wbxx_ll_rcc.h ****   * @param  PLLN Between 6 and 127
3095:Drivers/STM32WBxx_HAL_Driver/Inc/stm32wbxx_ll_rcc.h ****   * @param  PLLP This parameter can be one of the following values:
3096:Drivers/STM32WBxx_HAL_Driver/Inc/stm32wbxx_ll_rcc.h ****   *         @arg @ref LL_RCC_PLLP_DIV_2
3097:Drivers/STM32WBxx_HAL_Driver/Inc/stm32wbxx_ll_rcc.h ****   *         @arg @ref LL_RCC_PLLP_DIV_3
3098:Drivers/STM32WBxx_HAL_Driver/Inc/stm32wbxx_ll_rcc.h ****   *         @arg @ref LL_RCC_PLLP_DIV_4
3099:Drivers/STM32WBxx_HAL_Driver/Inc/stm32wbxx_ll_rcc.h ****   *         @arg @ref LL_RCC_PLLP_DIV_5
3100:Drivers/STM32WBxx_HAL_Driver/Inc/stm32wbxx_ll_rcc.h ****   *         @arg @ref LL_RCC_PLLP_DIV_6
3101:Drivers/STM32WBxx_HAL_Driver/Inc/stm32wbxx_ll_rcc.h ****   *         @arg @ref LL_RCC_PLLP_DIV_7
3102:Drivers/STM32WBxx_HAL_Driver/Inc/stm32wbxx_ll_rcc.h ****   *         @arg @ref LL_RCC_PLLP_DIV_8
3103:Drivers/STM32WBxx_HAL_Driver/Inc/stm32wbxx_ll_rcc.h ****   *         @arg @ref LL_RCC_PLLP_DIV_9
3104:Drivers/STM32WBxx_HAL_Driver/Inc/stm32wbxx_ll_rcc.h ****   *         @arg @ref LL_RCC_PLLP_DIV_10
3105:Drivers/STM32WBxx_HAL_Driver/Inc/stm32wbxx_ll_rcc.h ****   *         @arg @ref LL_RCC_PLLP_DIV_11
3106:Drivers/STM32WBxx_HAL_Driver/Inc/stm32wbxx_ll_rcc.h ****   *         @arg @ref LL_RCC_PLLP_DIV_12
3107:Drivers/STM32WBxx_HAL_Driver/Inc/stm32wbxx_ll_rcc.h ****   *         @arg @ref LL_RCC_PLLP_DIV_13
3108:Drivers/STM32WBxx_HAL_Driver/Inc/stm32wbxx_ll_rcc.h ****   *         @arg @ref LL_RCC_PLLP_DIV_14
3109:Drivers/STM32WBxx_HAL_Driver/Inc/stm32wbxx_ll_rcc.h ****   *         @arg @ref LL_RCC_PLLP_DIV_15
3110:Drivers/STM32WBxx_HAL_Driver/Inc/stm32wbxx_ll_rcc.h ****   *         @arg @ref LL_RCC_PLLP_DIV_16
3111:Drivers/STM32WBxx_HAL_Driver/Inc/stm32wbxx_ll_rcc.h ****   *         @arg @ref LL_RCC_PLLP_DIV_17
3112:Drivers/STM32WBxx_HAL_Driver/Inc/stm32wbxx_ll_rcc.h ****   *         @arg @ref LL_RCC_PLLP_DIV_18
3113:Drivers/STM32WBxx_HAL_Driver/Inc/stm32wbxx_ll_rcc.h ****   *         @arg @ref LL_RCC_PLLP_DIV_19
3114:Drivers/STM32WBxx_HAL_Driver/Inc/stm32wbxx_ll_rcc.h ****   *         @arg @ref LL_RCC_PLLP_DIV_20
3115:Drivers/STM32WBxx_HAL_Driver/Inc/stm32wbxx_ll_rcc.h ****   *         @arg @ref LL_RCC_PLLP_DIV_21
3116:Drivers/STM32WBxx_HAL_Driver/Inc/stm32wbxx_ll_rcc.h ****   *         @arg @ref LL_RCC_PLLP_DIV_22
3117:Drivers/STM32WBxx_HAL_Driver/Inc/stm32wbxx_ll_rcc.h ****   *         @arg @ref LL_RCC_PLLP_DIV_23
3118:Drivers/STM32WBxx_HAL_Driver/Inc/stm32wbxx_ll_rcc.h ****   *         @arg @ref LL_RCC_PLLP_DIV_24
3119:Drivers/STM32WBxx_HAL_Driver/Inc/stm32wbxx_ll_rcc.h ****   *         @arg @ref LL_RCC_PLLP_DIV_25
3120:Drivers/STM32WBxx_HAL_Driver/Inc/stm32wbxx_ll_rcc.h ****   *         @arg @ref LL_RCC_PLLP_DIV_26
3121:Drivers/STM32WBxx_HAL_Driver/Inc/stm32wbxx_ll_rcc.h ****   *         @arg @ref LL_RCC_PLLP_DIV_27
3122:Drivers/STM32WBxx_HAL_Driver/Inc/stm32wbxx_ll_rcc.h ****   *         @arg @ref LL_RCC_PLLP_DIV_28
3123:Drivers/STM32WBxx_HAL_Driver/Inc/stm32wbxx_ll_rcc.h ****   *         @arg @ref LL_RCC_PLLP_DIV_29
3124:Drivers/STM32WBxx_HAL_Driver/Inc/stm32wbxx_ll_rcc.h ****   *         @arg @ref LL_RCC_PLLP_DIV_30
3125:Drivers/STM32WBxx_HAL_Driver/Inc/stm32wbxx_ll_rcc.h ****   *         @arg @ref LL_RCC_PLLP_DIV_31
3126:Drivers/STM32WBxx_HAL_Driver/Inc/stm32wbxx_ll_rcc.h ****   *         @arg @ref LL_RCC_PLLP_DIV_32
3127:Drivers/STM32WBxx_HAL_Driver/Inc/stm32wbxx_ll_rcc.h ****   * @retval None
3128:Drivers/STM32WBxx_HAL_Driver/Inc/stm32wbxx_ll_rcc.h ****   */
3129:Drivers/STM32WBxx_HAL_Driver/Inc/stm32wbxx_ll_rcc.h **** __STATIC_INLINE void LL_RCC_PLL_ConfigDomain_ADC(uint32_t Source, uint32_t PLLM, uint32_t PLLN, uin
3130:Drivers/STM32WBxx_HAL_Driver/Inc/stm32wbxx_ll_rcc.h **** {
ARM GAS  C:\Users\843E~1\AppData\Local\Temp\cc5PNIRY.s 			page 98


3131:Drivers/STM32WBxx_HAL_Driver/Inc/stm32wbxx_ll_rcc.h ****   MODIFY_REG(RCC->PLLCFGR, RCC_PLLCFGR_PLLSRC | RCC_PLLCFGR_PLLM | RCC_PLLCFGR_PLLN | RCC_PLLCFGR_P
3132:Drivers/STM32WBxx_HAL_Driver/Inc/stm32wbxx_ll_rcc.h ****              Source | PLLM | (PLLN << RCC_PLLCFGR_PLLN_Pos) | PLLP);
3133:Drivers/STM32WBxx_HAL_Driver/Inc/stm32wbxx_ll_rcc.h **** }
3134:Drivers/STM32WBxx_HAL_Driver/Inc/stm32wbxx_ll_rcc.h **** 
3135:Drivers/STM32WBxx_HAL_Driver/Inc/stm32wbxx_ll_rcc.h **** /**
3136:Drivers/STM32WBxx_HAL_Driver/Inc/stm32wbxx_ll_rcc.h ****   * @brief  Configure PLL used for 48Mhz domain clock
3137:Drivers/STM32WBxx_HAL_Driver/Inc/stm32wbxx_ll_rcc.h ****   * @note PLL Source and PLLM Divider can be written only when PLL is disabled
3138:Drivers/STM32WBxx_HAL_Driver/Inc/stm32wbxx_ll_rcc.h ****   *       PLLSAI1 are disabled
3139:Drivers/STM32WBxx_HAL_Driver/Inc/stm32wbxx_ll_rcc.h ****   * @note PLLN/PLLQ can be written only when PLL is disabled
3140:Drivers/STM32WBxx_HAL_Driver/Inc/stm32wbxx_ll_rcc.h ****   * @note This  can be selected for USB, RNG
3141:Drivers/STM32WBxx_HAL_Driver/Inc/stm32wbxx_ll_rcc.h ****   * @rmtoll PLLCFGR      PLLSRC        LL_RCC_PLL_ConfigDomain_48M\n
3142:Drivers/STM32WBxx_HAL_Driver/Inc/stm32wbxx_ll_rcc.h ****   *         PLLCFGR      PLLM          LL_RCC_PLL_ConfigDomain_48M\n
3143:Drivers/STM32WBxx_HAL_Driver/Inc/stm32wbxx_ll_rcc.h ****   *         PLLCFGR      PLLN          LL_RCC_PLL_ConfigDomain_48M\n
3144:Drivers/STM32WBxx_HAL_Driver/Inc/stm32wbxx_ll_rcc.h ****   *         PLLCFGR      PLLQ          LL_RCC_PLL_ConfigDomain_48M
3145:Drivers/STM32WBxx_HAL_Driver/Inc/stm32wbxx_ll_rcc.h ****   * @param  Source This parameter can be one of the following values:
3146:Drivers/STM32WBxx_HAL_Driver/Inc/stm32wbxx_ll_rcc.h ****   *         @arg @ref LL_RCC_PLLSOURCE_NONE
3147:Drivers/STM32WBxx_HAL_Driver/Inc/stm32wbxx_ll_rcc.h ****   *         @arg @ref LL_RCC_PLLSOURCE_MSI
3148:Drivers/STM32WBxx_HAL_Driver/Inc/stm32wbxx_ll_rcc.h ****   *         @arg @ref LL_RCC_PLLSOURCE_HSI
3149:Drivers/STM32WBxx_HAL_Driver/Inc/stm32wbxx_ll_rcc.h ****   *         @arg @ref LL_RCC_PLLSOURCE_HSE
3150:Drivers/STM32WBxx_HAL_Driver/Inc/stm32wbxx_ll_rcc.h ****   * @param  PLLM This parameter can be one of the following values:
3151:Drivers/STM32WBxx_HAL_Driver/Inc/stm32wbxx_ll_rcc.h ****   *         @arg @ref LL_RCC_PLLM_DIV_1
3152:Drivers/STM32WBxx_HAL_Driver/Inc/stm32wbxx_ll_rcc.h ****   *         @arg @ref LL_RCC_PLLM_DIV_2
3153:Drivers/STM32WBxx_HAL_Driver/Inc/stm32wbxx_ll_rcc.h ****   *         @arg @ref LL_RCC_PLLM_DIV_3
3154:Drivers/STM32WBxx_HAL_Driver/Inc/stm32wbxx_ll_rcc.h ****   *         @arg @ref LL_RCC_PLLM_DIV_4
3155:Drivers/STM32WBxx_HAL_Driver/Inc/stm32wbxx_ll_rcc.h ****   *         @arg @ref LL_RCC_PLLM_DIV_5
3156:Drivers/STM32WBxx_HAL_Driver/Inc/stm32wbxx_ll_rcc.h ****   *         @arg @ref LL_RCC_PLLM_DIV_6
3157:Drivers/STM32WBxx_HAL_Driver/Inc/stm32wbxx_ll_rcc.h ****   *         @arg @ref LL_RCC_PLLM_DIV_7
3158:Drivers/STM32WBxx_HAL_Driver/Inc/stm32wbxx_ll_rcc.h ****   *         @arg @ref LL_RCC_PLLM_DIV_8
3159:Drivers/STM32WBxx_HAL_Driver/Inc/stm32wbxx_ll_rcc.h ****   * @param  PLLN Between 6 and 127
3160:Drivers/STM32WBxx_HAL_Driver/Inc/stm32wbxx_ll_rcc.h ****   * @param  PLLQ This parameter can be one of the following values:
3161:Drivers/STM32WBxx_HAL_Driver/Inc/stm32wbxx_ll_rcc.h ****   *         @arg @ref LL_RCC_PLLQ_DIV_2
3162:Drivers/STM32WBxx_HAL_Driver/Inc/stm32wbxx_ll_rcc.h ****   *         @arg @ref LL_RCC_PLLQ_DIV_3
3163:Drivers/STM32WBxx_HAL_Driver/Inc/stm32wbxx_ll_rcc.h ****   *         @arg @ref LL_RCC_PLLQ_DIV_4
3164:Drivers/STM32WBxx_HAL_Driver/Inc/stm32wbxx_ll_rcc.h ****   *         @arg @ref LL_RCC_PLLQ_DIV_5
3165:Drivers/STM32WBxx_HAL_Driver/Inc/stm32wbxx_ll_rcc.h ****   *         @arg @ref LL_RCC_PLLQ_DIV_6
3166:Drivers/STM32WBxx_HAL_Driver/Inc/stm32wbxx_ll_rcc.h ****   *         @arg @ref LL_RCC_PLLQ_DIV_7
3167:Drivers/STM32WBxx_HAL_Driver/Inc/stm32wbxx_ll_rcc.h ****   *         @arg @ref LL_RCC_PLLQ_DIV_8
3168:Drivers/STM32WBxx_HAL_Driver/Inc/stm32wbxx_ll_rcc.h ****   * @retval None
3169:Drivers/STM32WBxx_HAL_Driver/Inc/stm32wbxx_ll_rcc.h ****   */
3170:Drivers/STM32WBxx_HAL_Driver/Inc/stm32wbxx_ll_rcc.h **** __STATIC_INLINE void LL_RCC_PLL_ConfigDomain_48M(uint32_t Source, uint32_t PLLM, uint32_t PLLN, uin
3171:Drivers/STM32WBxx_HAL_Driver/Inc/stm32wbxx_ll_rcc.h **** {
3172:Drivers/STM32WBxx_HAL_Driver/Inc/stm32wbxx_ll_rcc.h ****   MODIFY_REG(RCC->PLLCFGR, RCC_PLLCFGR_PLLSRC | RCC_PLLCFGR_PLLM | RCC_PLLCFGR_PLLN | RCC_PLLCFGR_P
3173:Drivers/STM32WBxx_HAL_Driver/Inc/stm32wbxx_ll_rcc.h ****              Source | PLLM | (PLLN << RCC_PLLCFGR_PLLN_Pos) | PLLQ);
3174:Drivers/STM32WBxx_HAL_Driver/Inc/stm32wbxx_ll_rcc.h **** }
3175:Drivers/STM32WBxx_HAL_Driver/Inc/stm32wbxx_ll_rcc.h **** 
3176:Drivers/STM32WBxx_HAL_Driver/Inc/stm32wbxx_ll_rcc.h **** /**
3177:Drivers/STM32WBxx_HAL_Driver/Inc/stm32wbxx_ll_rcc.h ****   * @brief  Get Main PLL multiplication factor for VCO
3178:Drivers/STM32WBxx_HAL_Driver/Inc/stm32wbxx_ll_rcc.h ****   * @rmtoll PLLCFGR      PLLN          LL_RCC_PLL_GetN
3179:Drivers/STM32WBxx_HAL_Driver/Inc/stm32wbxx_ll_rcc.h ****   * @retval Between 6 and 127
3180:Drivers/STM32WBxx_HAL_Driver/Inc/stm32wbxx_ll_rcc.h ****   */
3181:Drivers/STM32WBxx_HAL_Driver/Inc/stm32wbxx_ll_rcc.h **** __STATIC_INLINE uint32_t LL_RCC_PLL_GetN(void)
3182:Drivers/STM32WBxx_HAL_Driver/Inc/stm32wbxx_ll_rcc.h **** {
3183:Drivers/STM32WBxx_HAL_Driver/Inc/stm32wbxx_ll_rcc.h ****   return (uint32_t)(READ_BIT(RCC->PLLCFGR, RCC_PLLCFGR_PLLN) >>  RCC_PLLCFGR_PLLN_Pos);
3184:Drivers/STM32WBxx_HAL_Driver/Inc/stm32wbxx_ll_rcc.h **** }
3185:Drivers/STM32WBxx_HAL_Driver/Inc/stm32wbxx_ll_rcc.h **** 
3186:Drivers/STM32WBxx_HAL_Driver/Inc/stm32wbxx_ll_rcc.h **** /**
3187:Drivers/STM32WBxx_HAL_Driver/Inc/stm32wbxx_ll_rcc.h ****   * @brief  Get Main PLL division factor for PLLP
ARM GAS  C:\Users\843E~1\AppData\Local\Temp\cc5PNIRY.s 			page 99


3188:Drivers/STM32WBxx_HAL_Driver/Inc/stm32wbxx_ll_rcc.h ****   * @note   used for PLLSAI1CLK (SAI1 clock)
3189:Drivers/STM32WBxx_HAL_Driver/Inc/stm32wbxx_ll_rcc.h ****   * @rmtoll PLLCFGR      PLLP       LL_RCC_PLL_GetP
3190:Drivers/STM32WBxx_HAL_Driver/Inc/stm32wbxx_ll_rcc.h ****   * @retval Returned value can be one of the following values:
3191:Drivers/STM32WBxx_HAL_Driver/Inc/stm32wbxx_ll_rcc.h ****   *         @arg @ref LL_RCC_PLLP_DIV_2
3192:Drivers/STM32WBxx_HAL_Driver/Inc/stm32wbxx_ll_rcc.h ****   *         @arg @ref LL_RCC_PLLP_DIV_3
3193:Drivers/STM32WBxx_HAL_Driver/Inc/stm32wbxx_ll_rcc.h ****   *         @arg @ref LL_RCC_PLLP_DIV_4
3194:Drivers/STM32WBxx_HAL_Driver/Inc/stm32wbxx_ll_rcc.h ****   *         @arg @ref LL_RCC_PLLP_DIV_5
3195:Drivers/STM32WBxx_HAL_Driver/Inc/stm32wbxx_ll_rcc.h ****   *         @arg @ref LL_RCC_PLLP_DIV_6
3196:Drivers/STM32WBxx_HAL_Driver/Inc/stm32wbxx_ll_rcc.h ****   *         @arg @ref LL_RCC_PLLP_DIV_7
3197:Drivers/STM32WBxx_HAL_Driver/Inc/stm32wbxx_ll_rcc.h ****   *         @arg @ref LL_RCC_PLLP_DIV_8
3198:Drivers/STM32WBxx_HAL_Driver/Inc/stm32wbxx_ll_rcc.h ****   *         @arg @ref LL_RCC_PLLP_DIV_9
3199:Drivers/STM32WBxx_HAL_Driver/Inc/stm32wbxx_ll_rcc.h ****   *         @arg @ref LL_RCC_PLLP_DIV_10
3200:Drivers/STM32WBxx_HAL_Driver/Inc/stm32wbxx_ll_rcc.h ****   *         @arg @ref LL_RCC_PLLP_DIV_11
3201:Drivers/STM32WBxx_HAL_Driver/Inc/stm32wbxx_ll_rcc.h ****   *         @arg @ref LL_RCC_PLLP_DIV_12
3202:Drivers/STM32WBxx_HAL_Driver/Inc/stm32wbxx_ll_rcc.h ****   *         @arg @ref LL_RCC_PLLP_DIV_13
3203:Drivers/STM32WBxx_HAL_Driver/Inc/stm32wbxx_ll_rcc.h ****   *         @arg @ref LL_RCC_PLLP_DIV_14
3204:Drivers/STM32WBxx_HAL_Driver/Inc/stm32wbxx_ll_rcc.h ****   *         @arg @ref LL_RCC_PLLP_DIV_15
3205:Drivers/STM32WBxx_HAL_Driver/Inc/stm32wbxx_ll_rcc.h ****   *         @arg @ref LL_RCC_PLLP_DIV_16
3206:Drivers/STM32WBxx_HAL_Driver/Inc/stm32wbxx_ll_rcc.h ****   *         @arg @ref LL_RCC_PLLP_DIV_17
3207:Drivers/STM32WBxx_HAL_Driver/Inc/stm32wbxx_ll_rcc.h ****   *         @arg @ref LL_RCC_PLLP_DIV_18
3208:Drivers/STM32WBxx_HAL_Driver/Inc/stm32wbxx_ll_rcc.h ****   *         @arg @ref LL_RCC_PLLP_DIV_19
3209:Drivers/STM32WBxx_HAL_Driver/Inc/stm32wbxx_ll_rcc.h ****   *         @arg @ref LL_RCC_PLLP_DIV_20
3210:Drivers/STM32WBxx_HAL_Driver/Inc/stm32wbxx_ll_rcc.h ****   *         @arg @ref LL_RCC_PLLP_DIV_21
3211:Drivers/STM32WBxx_HAL_Driver/Inc/stm32wbxx_ll_rcc.h ****   *         @arg @ref LL_RCC_PLLP_DIV_22
3212:Drivers/STM32WBxx_HAL_Driver/Inc/stm32wbxx_ll_rcc.h ****   *         @arg @ref LL_RCC_PLLP_DIV_23
3213:Drivers/STM32WBxx_HAL_Driver/Inc/stm32wbxx_ll_rcc.h ****   *         @arg @ref LL_RCC_PLLP_DIV_24
3214:Drivers/STM32WBxx_HAL_Driver/Inc/stm32wbxx_ll_rcc.h ****   *         @arg @ref LL_RCC_PLLP_DIV_25
3215:Drivers/STM32WBxx_HAL_Driver/Inc/stm32wbxx_ll_rcc.h ****   *         @arg @ref LL_RCC_PLLP_DIV_26
3216:Drivers/STM32WBxx_HAL_Driver/Inc/stm32wbxx_ll_rcc.h ****   *         @arg @ref LL_RCC_PLLP_DIV_27
3217:Drivers/STM32WBxx_HAL_Driver/Inc/stm32wbxx_ll_rcc.h ****   *         @arg @ref LL_RCC_PLLP_DIV_28
3218:Drivers/STM32WBxx_HAL_Driver/Inc/stm32wbxx_ll_rcc.h ****   *         @arg @ref LL_RCC_PLLP_DIV_29
3219:Drivers/STM32WBxx_HAL_Driver/Inc/stm32wbxx_ll_rcc.h ****   *         @arg @ref LL_RCC_PLLP_DIV_30
3220:Drivers/STM32WBxx_HAL_Driver/Inc/stm32wbxx_ll_rcc.h ****   *         @arg @ref LL_RCC_PLLP_DIV_31
3221:Drivers/STM32WBxx_HAL_Driver/Inc/stm32wbxx_ll_rcc.h ****   *         @arg @ref LL_RCC_PLLP_DIV_32
3222:Drivers/STM32WBxx_HAL_Driver/Inc/stm32wbxx_ll_rcc.h ****   */
3223:Drivers/STM32WBxx_HAL_Driver/Inc/stm32wbxx_ll_rcc.h **** __STATIC_INLINE uint32_t LL_RCC_PLL_GetP(void)
3224:Drivers/STM32WBxx_HAL_Driver/Inc/stm32wbxx_ll_rcc.h **** {
3225:Drivers/STM32WBxx_HAL_Driver/Inc/stm32wbxx_ll_rcc.h ****   return (uint32_t)(READ_BIT(RCC->PLLCFGR, RCC_PLLCFGR_PLLP));
3226:Drivers/STM32WBxx_HAL_Driver/Inc/stm32wbxx_ll_rcc.h **** }
3227:Drivers/STM32WBxx_HAL_Driver/Inc/stm32wbxx_ll_rcc.h **** 
3228:Drivers/STM32WBxx_HAL_Driver/Inc/stm32wbxx_ll_rcc.h **** /**
3229:Drivers/STM32WBxx_HAL_Driver/Inc/stm32wbxx_ll_rcc.h ****   * @brief  Get Main PLL division factor for PLLQ
3230:Drivers/STM32WBxx_HAL_Driver/Inc/stm32wbxx_ll_rcc.h ****   * @note used for PLL48MCLK selected for USB, RNG (48 MHz clock)
3231:Drivers/STM32WBxx_HAL_Driver/Inc/stm32wbxx_ll_rcc.h ****   * @rmtoll PLLCFGR      PLLQ          LL_RCC_PLL_GetQ
3232:Drivers/STM32WBxx_HAL_Driver/Inc/stm32wbxx_ll_rcc.h ****   * @retval Returned value can be one of the following values:
3233:Drivers/STM32WBxx_HAL_Driver/Inc/stm32wbxx_ll_rcc.h ****   *         @arg @ref LL_RCC_PLLQ_DIV_2
3234:Drivers/STM32WBxx_HAL_Driver/Inc/stm32wbxx_ll_rcc.h ****   *         @arg @ref LL_RCC_PLLQ_DIV_3
3235:Drivers/STM32WBxx_HAL_Driver/Inc/stm32wbxx_ll_rcc.h ****   *         @arg @ref LL_RCC_PLLQ_DIV_4
3236:Drivers/STM32WBxx_HAL_Driver/Inc/stm32wbxx_ll_rcc.h ****   *         @arg @ref LL_RCC_PLLQ_DIV_5
3237:Drivers/STM32WBxx_HAL_Driver/Inc/stm32wbxx_ll_rcc.h ****   *         @arg @ref LL_RCC_PLLQ_DIV_6
3238:Drivers/STM32WBxx_HAL_Driver/Inc/stm32wbxx_ll_rcc.h ****   *         @arg @ref LL_RCC_PLLQ_DIV_7
3239:Drivers/STM32WBxx_HAL_Driver/Inc/stm32wbxx_ll_rcc.h ****   *         @arg @ref LL_RCC_PLLQ_DIV_8
3240:Drivers/STM32WBxx_HAL_Driver/Inc/stm32wbxx_ll_rcc.h ****   */
3241:Drivers/STM32WBxx_HAL_Driver/Inc/stm32wbxx_ll_rcc.h **** __STATIC_INLINE uint32_t LL_RCC_PLL_GetQ(void)
3242:Drivers/STM32WBxx_HAL_Driver/Inc/stm32wbxx_ll_rcc.h **** {
3243:Drivers/STM32WBxx_HAL_Driver/Inc/stm32wbxx_ll_rcc.h ****   return (uint32_t)(READ_BIT(RCC->PLLCFGR, RCC_PLLCFGR_PLLQ));
3244:Drivers/STM32WBxx_HAL_Driver/Inc/stm32wbxx_ll_rcc.h **** }
ARM GAS  C:\Users\843E~1\AppData\Local\Temp\cc5PNIRY.s 			page 100


3245:Drivers/STM32WBxx_HAL_Driver/Inc/stm32wbxx_ll_rcc.h **** 
3246:Drivers/STM32WBxx_HAL_Driver/Inc/stm32wbxx_ll_rcc.h **** /**
3247:Drivers/STM32WBxx_HAL_Driver/Inc/stm32wbxx_ll_rcc.h ****   * @brief  Get Main PLL division factor for PLLR
3248:Drivers/STM32WBxx_HAL_Driver/Inc/stm32wbxx_ll_rcc.h ****   * @note used for PLLCLK (system clock)
3249:Drivers/STM32WBxx_HAL_Driver/Inc/stm32wbxx_ll_rcc.h ****   * @rmtoll PLLCFGR      PLLR          LL_RCC_PLL_GetR
3250:Drivers/STM32WBxx_HAL_Driver/Inc/stm32wbxx_ll_rcc.h ****   * @retval Returned value can be one of the following values:
3251:Drivers/STM32WBxx_HAL_Driver/Inc/stm32wbxx_ll_rcc.h ****   *         @arg @ref LL_RCC_PLLR_DIV_2
3252:Drivers/STM32WBxx_HAL_Driver/Inc/stm32wbxx_ll_rcc.h ****   *         @arg @ref LL_RCC_PLLR_DIV_3
3253:Drivers/STM32WBxx_HAL_Driver/Inc/stm32wbxx_ll_rcc.h ****   *         @arg @ref LL_RCC_PLLR_DIV_4
3254:Drivers/STM32WBxx_HAL_Driver/Inc/stm32wbxx_ll_rcc.h ****   *         @arg @ref LL_RCC_PLLR_DIV_5
3255:Drivers/STM32WBxx_HAL_Driver/Inc/stm32wbxx_ll_rcc.h ****   *         @arg @ref LL_RCC_PLLR_DIV_6
3256:Drivers/STM32WBxx_HAL_Driver/Inc/stm32wbxx_ll_rcc.h ****   *         @arg @ref LL_RCC_PLLR_DIV_7
3257:Drivers/STM32WBxx_HAL_Driver/Inc/stm32wbxx_ll_rcc.h ****   *         @arg @ref LL_RCC_PLLR_DIV_8
3258:Drivers/STM32WBxx_HAL_Driver/Inc/stm32wbxx_ll_rcc.h ****   */
3259:Drivers/STM32WBxx_HAL_Driver/Inc/stm32wbxx_ll_rcc.h **** __STATIC_INLINE uint32_t LL_RCC_PLL_GetR(void)
3260:Drivers/STM32WBxx_HAL_Driver/Inc/stm32wbxx_ll_rcc.h **** {
3261:Drivers/STM32WBxx_HAL_Driver/Inc/stm32wbxx_ll_rcc.h ****   return (uint32_t)(READ_BIT(RCC->PLLCFGR, RCC_PLLCFGR_PLLR));
3262:Drivers/STM32WBxx_HAL_Driver/Inc/stm32wbxx_ll_rcc.h **** }
3263:Drivers/STM32WBxx_HAL_Driver/Inc/stm32wbxx_ll_rcc.h **** 
3264:Drivers/STM32WBxx_HAL_Driver/Inc/stm32wbxx_ll_rcc.h **** /**
3265:Drivers/STM32WBxx_HAL_Driver/Inc/stm32wbxx_ll_rcc.h ****   * @brief  Get Division factor for the main PLL and other PLL
3266:Drivers/STM32WBxx_HAL_Driver/Inc/stm32wbxx_ll_rcc.h ****   * @rmtoll PLLCFGR      PLLM          LL_RCC_PLL_GetDivider
3267:Drivers/STM32WBxx_HAL_Driver/Inc/stm32wbxx_ll_rcc.h ****   * @retval Returned value can be one of the following values:
3268:Drivers/STM32WBxx_HAL_Driver/Inc/stm32wbxx_ll_rcc.h ****   *         @arg @ref LL_RCC_PLLM_DIV_1
3269:Drivers/STM32WBxx_HAL_Driver/Inc/stm32wbxx_ll_rcc.h ****   *         @arg @ref LL_RCC_PLLM_DIV_2
3270:Drivers/STM32WBxx_HAL_Driver/Inc/stm32wbxx_ll_rcc.h ****   *         @arg @ref LL_RCC_PLLM_DIV_3
3271:Drivers/STM32WBxx_HAL_Driver/Inc/stm32wbxx_ll_rcc.h ****   *         @arg @ref LL_RCC_PLLM_DIV_4
3272:Drivers/STM32WBxx_HAL_Driver/Inc/stm32wbxx_ll_rcc.h ****   *         @arg @ref LL_RCC_PLLM_DIV_5
3273:Drivers/STM32WBxx_HAL_Driver/Inc/stm32wbxx_ll_rcc.h ****   *         @arg @ref LL_RCC_PLLM_DIV_6
3274:Drivers/STM32WBxx_HAL_Driver/Inc/stm32wbxx_ll_rcc.h ****   *         @arg @ref LL_RCC_PLLM_DIV_7
3275:Drivers/STM32WBxx_HAL_Driver/Inc/stm32wbxx_ll_rcc.h ****   *         @arg @ref LL_RCC_PLLM_DIV_8
3276:Drivers/STM32WBxx_HAL_Driver/Inc/stm32wbxx_ll_rcc.h ****   */
3277:Drivers/STM32WBxx_HAL_Driver/Inc/stm32wbxx_ll_rcc.h **** __STATIC_INLINE uint32_t LL_RCC_PLL_GetDivider(void)
3278:Drivers/STM32WBxx_HAL_Driver/Inc/stm32wbxx_ll_rcc.h **** {
3279:Drivers/STM32WBxx_HAL_Driver/Inc/stm32wbxx_ll_rcc.h ****   return (uint32_t)(READ_BIT(RCC->PLLCFGR, RCC_PLLCFGR_PLLM));
3280:Drivers/STM32WBxx_HAL_Driver/Inc/stm32wbxx_ll_rcc.h **** }
3281:Drivers/STM32WBxx_HAL_Driver/Inc/stm32wbxx_ll_rcc.h **** 
3282:Drivers/STM32WBxx_HAL_Driver/Inc/stm32wbxx_ll_rcc.h **** #if defined(SAI1)
3283:Drivers/STM32WBxx_HAL_Driver/Inc/stm32wbxx_ll_rcc.h **** /**
3284:Drivers/STM32WBxx_HAL_Driver/Inc/stm32wbxx_ll_rcc.h ****   * @brief  Enable PLL output mapped on SAI domain clock
3285:Drivers/STM32WBxx_HAL_Driver/Inc/stm32wbxx_ll_rcc.h ****   * @rmtoll PLLCFGR      PLLPEN        LL_RCC_PLL_EnableDomain_SAI
3286:Drivers/STM32WBxx_HAL_Driver/Inc/stm32wbxx_ll_rcc.h ****   * @retval None
3287:Drivers/STM32WBxx_HAL_Driver/Inc/stm32wbxx_ll_rcc.h ****   */
3288:Drivers/STM32WBxx_HAL_Driver/Inc/stm32wbxx_ll_rcc.h **** __STATIC_INLINE void LL_RCC_PLL_EnableDomain_SAI(void)
3289:Drivers/STM32WBxx_HAL_Driver/Inc/stm32wbxx_ll_rcc.h **** {
3290:Drivers/STM32WBxx_HAL_Driver/Inc/stm32wbxx_ll_rcc.h ****   SET_BIT(RCC->PLLCFGR, RCC_PLLCFGR_PLLPEN);
3291:Drivers/STM32WBxx_HAL_Driver/Inc/stm32wbxx_ll_rcc.h **** }
3292:Drivers/STM32WBxx_HAL_Driver/Inc/stm32wbxx_ll_rcc.h **** 
3293:Drivers/STM32WBxx_HAL_Driver/Inc/stm32wbxx_ll_rcc.h **** /**
3294:Drivers/STM32WBxx_HAL_Driver/Inc/stm32wbxx_ll_rcc.h ****   * @brief  Disable PLL output mapped on SAI domain clock
3295:Drivers/STM32WBxx_HAL_Driver/Inc/stm32wbxx_ll_rcc.h ****   * @note In order to save power, when the PLLCLK  of the PLL is
3296:Drivers/STM32WBxx_HAL_Driver/Inc/stm32wbxx_ll_rcc.h ****   *       not used,  should be 0
3297:Drivers/STM32WBxx_HAL_Driver/Inc/stm32wbxx_ll_rcc.h ****   * @rmtoll PLLCFGR      PLLPEN        LL_RCC_PLL_DisableDomain_SAI
3298:Drivers/STM32WBxx_HAL_Driver/Inc/stm32wbxx_ll_rcc.h ****   * @retval None
3299:Drivers/STM32WBxx_HAL_Driver/Inc/stm32wbxx_ll_rcc.h ****   */
3300:Drivers/STM32WBxx_HAL_Driver/Inc/stm32wbxx_ll_rcc.h **** __STATIC_INLINE void LL_RCC_PLL_DisableDomain_SAI(void)
3301:Drivers/STM32WBxx_HAL_Driver/Inc/stm32wbxx_ll_rcc.h **** {
ARM GAS  C:\Users\843E~1\AppData\Local\Temp\cc5PNIRY.s 			page 101


3302:Drivers/STM32WBxx_HAL_Driver/Inc/stm32wbxx_ll_rcc.h ****   CLEAR_BIT(RCC->PLLCFGR, RCC_PLLCFGR_PLLPEN);
3303:Drivers/STM32WBxx_HAL_Driver/Inc/stm32wbxx_ll_rcc.h **** }
3304:Drivers/STM32WBxx_HAL_Driver/Inc/stm32wbxx_ll_rcc.h **** #endif /* SAI1 */
3305:Drivers/STM32WBxx_HAL_Driver/Inc/stm32wbxx_ll_rcc.h **** 
3306:Drivers/STM32WBxx_HAL_Driver/Inc/stm32wbxx_ll_rcc.h **** /**
3307:Drivers/STM32WBxx_HAL_Driver/Inc/stm32wbxx_ll_rcc.h ****   * @brief  Check if PLL output mapped on SAI domain clock is enabled
3308:Drivers/STM32WBxx_HAL_Driver/Inc/stm32wbxx_ll_rcc.h ****   * @rmtoll PLLCFGR      PLLPEN        LL_RCC_PLL_IsEnabledDomain_SAI
3309:Drivers/STM32WBxx_HAL_Driver/Inc/stm32wbxx_ll_rcc.h ****   * @retval State of bit (1 or 0).
3310:Drivers/STM32WBxx_HAL_Driver/Inc/stm32wbxx_ll_rcc.h ****   */
3311:Drivers/STM32WBxx_HAL_Driver/Inc/stm32wbxx_ll_rcc.h **** __STATIC_INLINE uint32_t LL_RCC_PLL_IsEnabledDomain_SAI(void)
3312:Drivers/STM32WBxx_HAL_Driver/Inc/stm32wbxx_ll_rcc.h **** {
3313:Drivers/STM32WBxx_HAL_Driver/Inc/stm32wbxx_ll_rcc.h ****   return ((READ_BIT(RCC->PLLCFGR, RCC_PLLCFGR_PLLPEN) == (RCC_PLLCFGR_PLLPEN)) ? 1UL : 0UL);
3314:Drivers/STM32WBxx_HAL_Driver/Inc/stm32wbxx_ll_rcc.h **** }
3315:Drivers/STM32WBxx_HAL_Driver/Inc/stm32wbxx_ll_rcc.h **** 
3316:Drivers/STM32WBxx_HAL_Driver/Inc/stm32wbxx_ll_rcc.h **** /**
3317:Drivers/STM32WBxx_HAL_Driver/Inc/stm32wbxx_ll_rcc.h ****   * @brief  Enable PLL output mapped on ADC domain clock
3318:Drivers/STM32WBxx_HAL_Driver/Inc/stm32wbxx_ll_rcc.h ****   * @rmtoll PLLCFGR      PLLPEN        LL_RCC_PLL_EnableDomain_ADC
3319:Drivers/STM32WBxx_HAL_Driver/Inc/stm32wbxx_ll_rcc.h ****   * @retval None
3320:Drivers/STM32WBxx_HAL_Driver/Inc/stm32wbxx_ll_rcc.h ****   */
3321:Drivers/STM32WBxx_HAL_Driver/Inc/stm32wbxx_ll_rcc.h **** __STATIC_INLINE void LL_RCC_PLL_EnableDomain_ADC(void)
3322:Drivers/STM32WBxx_HAL_Driver/Inc/stm32wbxx_ll_rcc.h **** {
3323:Drivers/STM32WBxx_HAL_Driver/Inc/stm32wbxx_ll_rcc.h ****   SET_BIT(RCC->PLLCFGR, RCC_PLLCFGR_PLLPEN);
3324:Drivers/STM32WBxx_HAL_Driver/Inc/stm32wbxx_ll_rcc.h **** }
3325:Drivers/STM32WBxx_HAL_Driver/Inc/stm32wbxx_ll_rcc.h **** 
3326:Drivers/STM32WBxx_HAL_Driver/Inc/stm32wbxx_ll_rcc.h **** /**
3327:Drivers/STM32WBxx_HAL_Driver/Inc/stm32wbxx_ll_rcc.h ****   * @brief  Disable PLL output mapped on ADC domain clock
3328:Drivers/STM32WBxx_HAL_Driver/Inc/stm32wbxx_ll_rcc.h ****   * @note In order to save power, when the PLLCLK  of the PLL is
3329:Drivers/STM32WBxx_HAL_Driver/Inc/stm32wbxx_ll_rcc.h ****   *       not used,  should be 0
3330:Drivers/STM32WBxx_HAL_Driver/Inc/stm32wbxx_ll_rcc.h ****   * @rmtoll PLLCFGR      PLLPEN        LL_RCC_PLL_DisableDomain_ADC
3331:Drivers/STM32WBxx_HAL_Driver/Inc/stm32wbxx_ll_rcc.h ****   * @retval None
3332:Drivers/STM32WBxx_HAL_Driver/Inc/stm32wbxx_ll_rcc.h ****   */
3333:Drivers/STM32WBxx_HAL_Driver/Inc/stm32wbxx_ll_rcc.h **** __STATIC_INLINE void LL_RCC_PLL_DisableDomain_ADC(void)
3334:Drivers/STM32WBxx_HAL_Driver/Inc/stm32wbxx_ll_rcc.h **** {
3335:Drivers/STM32WBxx_HAL_Driver/Inc/stm32wbxx_ll_rcc.h ****   CLEAR_BIT(RCC->PLLCFGR, RCC_PLLCFGR_PLLPEN);
3336:Drivers/STM32WBxx_HAL_Driver/Inc/stm32wbxx_ll_rcc.h **** }
3337:Drivers/STM32WBxx_HAL_Driver/Inc/stm32wbxx_ll_rcc.h **** 
3338:Drivers/STM32WBxx_HAL_Driver/Inc/stm32wbxx_ll_rcc.h **** /**
3339:Drivers/STM32WBxx_HAL_Driver/Inc/stm32wbxx_ll_rcc.h ****   * @brief  Check if PLL output mapped on ADC domain clock is enabled
3340:Drivers/STM32WBxx_HAL_Driver/Inc/stm32wbxx_ll_rcc.h ****   * @rmtoll PLLCFGR      PLLPEN        LL_RCC_PLL_IsEnabledDomain_ADC
3341:Drivers/STM32WBxx_HAL_Driver/Inc/stm32wbxx_ll_rcc.h ****   * @retval State of bit (1 or 0).
3342:Drivers/STM32WBxx_HAL_Driver/Inc/stm32wbxx_ll_rcc.h ****   */
3343:Drivers/STM32WBxx_HAL_Driver/Inc/stm32wbxx_ll_rcc.h **** __STATIC_INLINE uint32_t LL_RCC_PLL_IsEnabledDomain_ADC(void)
3344:Drivers/STM32WBxx_HAL_Driver/Inc/stm32wbxx_ll_rcc.h **** {
3345:Drivers/STM32WBxx_HAL_Driver/Inc/stm32wbxx_ll_rcc.h ****   return ((READ_BIT(RCC->PLLCFGR, RCC_PLLCFGR_PLLPEN) == (RCC_PLLCFGR_PLLPEN)) ? 1UL : 0UL);
3346:Drivers/STM32WBxx_HAL_Driver/Inc/stm32wbxx_ll_rcc.h **** }
3347:Drivers/STM32WBxx_HAL_Driver/Inc/stm32wbxx_ll_rcc.h **** 
3348:Drivers/STM32WBxx_HAL_Driver/Inc/stm32wbxx_ll_rcc.h **** /**
3349:Drivers/STM32WBxx_HAL_Driver/Inc/stm32wbxx_ll_rcc.h ****   * @brief  Enable PLL output mapped on 48MHz domain clock
3350:Drivers/STM32WBxx_HAL_Driver/Inc/stm32wbxx_ll_rcc.h ****   * @rmtoll PLLCFGR      PLLQEN        LL_RCC_PLL_EnableDomain_48M
3351:Drivers/STM32WBxx_HAL_Driver/Inc/stm32wbxx_ll_rcc.h ****   * @retval None
3352:Drivers/STM32WBxx_HAL_Driver/Inc/stm32wbxx_ll_rcc.h ****   */
3353:Drivers/STM32WBxx_HAL_Driver/Inc/stm32wbxx_ll_rcc.h **** __STATIC_INLINE void LL_RCC_PLL_EnableDomain_48M(void)
3354:Drivers/STM32WBxx_HAL_Driver/Inc/stm32wbxx_ll_rcc.h **** {
3355:Drivers/STM32WBxx_HAL_Driver/Inc/stm32wbxx_ll_rcc.h ****   SET_BIT(RCC->PLLCFGR, RCC_PLLCFGR_PLLQEN);
3356:Drivers/STM32WBxx_HAL_Driver/Inc/stm32wbxx_ll_rcc.h **** }
3357:Drivers/STM32WBxx_HAL_Driver/Inc/stm32wbxx_ll_rcc.h **** 
3358:Drivers/STM32WBxx_HAL_Driver/Inc/stm32wbxx_ll_rcc.h **** /**
ARM GAS  C:\Users\843E~1\AppData\Local\Temp\cc5PNIRY.s 			page 102


3359:Drivers/STM32WBxx_HAL_Driver/Inc/stm32wbxx_ll_rcc.h ****   * @brief  Disable PLL output mapped on 48MHz domain clock
3360:Drivers/STM32WBxx_HAL_Driver/Inc/stm32wbxx_ll_rcc.h ****   * @note In order to save power, when the PLLCLK  of the PLL is
3361:Drivers/STM32WBxx_HAL_Driver/Inc/stm32wbxx_ll_rcc.h ****   *       not used,  should be 0
3362:Drivers/STM32WBxx_HAL_Driver/Inc/stm32wbxx_ll_rcc.h ****   * @rmtoll PLLCFGR      PLLQEN        LL_RCC_PLL_DisableDomain_48M
3363:Drivers/STM32WBxx_HAL_Driver/Inc/stm32wbxx_ll_rcc.h ****   * @retval None
3364:Drivers/STM32WBxx_HAL_Driver/Inc/stm32wbxx_ll_rcc.h ****   */
3365:Drivers/STM32WBxx_HAL_Driver/Inc/stm32wbxx_ll_rcc.h **** __STATIC_INLINE void LL_RCC_PLL_DisableDomain_48M(void)
3366:Drivers/STM32WBxx_HAL_Driver/Inc/stm32wbxx_ll_rcc.h **** {
3367:Drivers/STM32WBxx_HAL_Driver/Inc/stm32wbxx_ll_rcc.h ****   CLEAR_BIT(RCC->PLLCFGR, RCC_PLLCFGR_PLLQEN);
3368:Drivers/STM32WBxx_HAL_Driver/Inc/stm32wbxx_ll_rcc.h **** }
3369:Drivers/STM32WBxx_HAL_Driver/Inc/stm32wbxx_ll_rcc.h **** 
3370:Drivers/STM32WBxx_HAL_Driver/Inc/stm32wbxx_ll_rcc.h **** /**
3371:Drivers/STM32WBxx_HAL_Driver/Inc/stm32wbxx_ll_rcc.h ****   * @brief  Check if PLL output mapped on 48MHz domain clock is enabled
3372:Drivers/STM32WBxx_HAL_Driver/Inc/stm32wbxx_ll_rcc.h ****   * @rmtoll PLLCFGR      PLLQEN        LL_RCC_PLL_IsEnabledDomain_48M
3373:Drivers/STM32WBxx_HAL_Driver/Inc/stm32wbxx_ll_rcc.h ****   * @retval State of bit (1 or 0).
3374:Drivers/STM32WBxx_HAL_Driver/Inc/stm32wbxx_ll_rcc.h ****   */
3375:Drivers/STM32WBxx_HAL_Driver/Inc/stm32wbxx_ll_rcc.h **** __STATIC_INLINE uint32_t LL_RCC_PLL_IsEnabledDomain_48M(void)
3376:Drivers/STM32WBxx_HAL_Driver/Inc/stm32wbxx_ll_rcc.h **** {
3377:Drivers/STM32WBxx_HAL_Driver/Inc/stm32wbxx_ll_rcc.h ****   return ((READ_BIT(RCC->PLLCFGR, RCC_PLLCFGR_PLLQEN) == (RCC_PLLCFGR_PLLQEN)) ? 1UL : 0UL);
3378:Drivers/STM32WBxx_HAL_Driver/Inc/stm32wbxx_ll_rcc.h **** }
3379:Drivers/STM32WBxx_HAL_Driver/Inc/stm32wbxx_ll_rcc.h **** 
3380:Drivers/STM32WBxx_HAL_Driver/Inc/stm32wbxx_ll_rcc.h **** /**
3381:Drivers/STM32WBxx_HAL_Driver/Inc/stm32wbxx_ll_rcc.h ****   * @brief  Enable PLL output mapped on SYSCLK domain
3382:Drivers/STM32WBxx_HAL_Driver/Inc/stm32wbxx_ll_rcc.h ****   * @rmtoll PLLCFGR      PLLREN        LL_RCC_PLL_EnableDomain_SYS
3383:Drivers/STM32WBxx_HAL_Driver/Inc/stm32wbxx_ll_rcc.h ****   * @retval None
3384:Drivers/STM32WBxx_HAL_Driver/Inc/stm32wbxx_ll_rcc.h ****   */
3385:Drivers/STM32WBxx_HAL_Driver/Inc/stm32wbxx_ll_rcc.h **** __STATIC_INLINE void LL_RCC_PLL_EnableDomain_SYS(void)
3386:Drivers/STM32WBxx_HAL_Driver/Inc/stm32wbxx_ll_rcc.h **** {
3387:Drivers/STM32WBxx_HAL_Driver/Inc/stm32wbxx_ll_rcc.h ****   SET_BIT(RCC->PLLCFGR, RCC_PLLCFGR_PLLREN);
3388:Drivers/STM32WBxx_HAL_Driver/Inc/stm32wbxx_ll_rcc.h **** }
3389:Drivers/STM32WBxx_HAL_Driver/Inc/stm32wbxx_ll_rcc.h **** 
3390:Drivers/STM32WBxx_HAL_Driver/Inc/stm32wbxx_ll_rcc.h **** /**
3391:Drivers/STM32WBxx_HAL_Driver/Inc/stm32wbxx_ll_rcc.h ****   * @brief  Disable PLL output mapped on SYSCLK domain
3392:Drivers/STM32WBxx_HAL_Driver/Inc/stm32wbxx_ll_rcc.h ****   * @note Cannot be disabled if the PLL clock is used as the system clock
3393:Drivers/STM32WBxx_HAL_Driver/Inc/stm32wbxx_ll_rcc.h ****   * @note In order to save power, when the PLLCLK  of the PLL is
3394:Drivers/STM32WBxx_HAL_Driver/Inc/stm32wbxx_ll_rcc.h ****   *       not used, Main PLL  should be 0
3395:Drivers/STM32WBxx_HAL_Driver/Inc/stm32wbxx_ll_rcc.h ****   * @rmtoll PLLCFGR      PLLREN        LL_RCC_PLL_DisableDomain_SYS
3396:Drivers/STM32WBxx_HAL_Driver/Inc/stm32wbxx_ll_rcc.h ****   * @retval None
3397:Drivers/STM32WBxx_HAL_Driver/Inc/stm32wbxx_ll_rcc.h ****   */
3398:Drivers/STM32WBxx_HAL_Driver/Inc/stm32wbxx_ll_rcc.h **** __STATIC_INLINE void LL_RCC_PLL_DisableDomain_SYS(void)
3399:Drivers/STM32WBxx_HAL_Driver/Inc/stm32wbxx_ll_rcc.h **** {
3400:Drivers/STM32WBxx_HAL_Driver/Inc/stm32wbxx_ll_rcc.h ****   CLEAR_BIT(RCC->PLLCFGR, RCC_PLLCFGR_PLLREN);
3401:Drivers/STM32WBxx_HAL_Driver/Inc/stm32wbxx_ll_rcc.h **** }
3402:Drivers/STM32WBxx_HAL_Driver/Inc/stm32wbxx_ll_rcc.h **** 
3403:Drivers/STM32WBxx_HAL_Driver/Inc/stm32wbxx_ll_rcc.h **** /**
3404:Drivers/STM32WBxx_HAL_Driver/Inc/stm32wbxx_ll_rcc.h ****   * @brief  Check if PLL output mapped on SYSCLK domain clock is enabled
3405:Drivers/STM32WBxx_HAL_Driver/Inc/stm32wbxx_ll_rcc.h ****   * @rmtoll PLLCFGR      RCC_PLLCFGR_PLLREN        LL_RCC_PLL_LL_RCC_PLL_IsEnabledDomain_SYSIsEnabl
3406:Drivers/STM32WBxx_HAL_Driver/Inc/stm32wbxx_ll_rcc.h ****   * @retval State of bit (1 or 0).
3407:Drivers/STM32WBxx_HAL_Driver/Inc/stm32wbxx_ll_rcc.h ****   */
3408:Drivers/STM32WBxx_HAL_Driver/Inc/stm32wbxx_ll_rcc.h **** __STATIC_INLINE uint32_t LL_RCC_PLL_IsEnabledDomain_SYS(void)
3409:Drivers/STM32WBxx_HAL_Driver/Inc/stm32wbxx_ll_rcc.h **** {
3410:Drivers/STM32WBxx_HAL_Driver/Inc/stm32wbxx_ll_rcc.h ****   return ((READ_BIT(RCC->PLLCFGR, RCC_PLLCFGR_PLLREN) == (RCC_PLLCFGR_PLLREN)) ? 1UL : 0UL);
3411:Drivers/STM32WBxx_HAL_Driver/Inc/stm32wbxx_ll_rcc.h **** }
3412:Drivers/STM32WBxx_HAL_Driver/Inc/stm32wbxx_ll_rcc.h **** 
3413:Drivers/STM32WBxx_HAL_Driver/Inc/stm32wbxx_ll_rcc.h **** /**
3414:Drivers/STM32WBxx_HAL_Driver/Inc/stm32wbxx_ll_rcc.h ****   * @}
3415:Drivers/STM32WBxx_HAL_Driver/Inc/stm32wbxx_ll_rcc.h ****   */
ARM GAS  C:\Users\843E~1\AppData\Local\Temp\cc5PNIRY.s 			page 103


3416:Drivers/STM32WBxx_HAL_Driver/Inc/stm32wbxx_ll_rcc.h **** 
3417:Drivers/STM32WBxx_HAL_Driver/Inc/stm32wbxx_ll_rcc.h **** #if defined(SAI1)
3418:Drivers/STM32WBxx_HAL_Driver/Inc/stm32wbxx_ll_rcc.h **** /** @defgroup RCC_LL_EF_PLLSAI1 PLLSAI1
3419:Drivers/STM32WBxx_HAL_Driver/Inc/stm32wbxx_ll_rcc.h ****   * @{
3420:Drivers/STM32WBxx_HAL_Driver/Inc/stm32wbxx_ll_rcc.h ****   */
3421:Drivers/STM32WBxx_HAL_Driver/Inc/stm32wbxx_ll_rcc.h **** 
3422:Drivers/STM32WBxx_HAL_Driver/Inc/stm32wbxx_ll_rcc.h **** /**
3423:Drivers/STM32WBxx_HAL_Driver/Inc/stm32wbxx_ll_rcc.h ****   * @brief  Enable PLLSAI1
3424:Drivers/STM32WBxx_HAL_Driver/Inc/stm32wbxx_ll_rcc.h ****   * @rmtoll CR           PLLSAI1ON     LL_RCC_PLLSAI1_Enable
3425:Drivers/STM32WBxx_HAL_Driver/Inc/stm32wbxx_ll_rcc.h ****   * @retval None
3426:Drivers/STM32WBxx_HAL_Driver/Inc/stm32wbxx_ll_rcc.h ****   */
3427:Drivers/STM32WBxx_HAL_Driver/Inc/stm32wbxx_ll_rcc.h **** __STATIC_INLINE void LL_RCC_PLLSAI1_Enable(void)
3428:Drivers/STM32WBxx_HAL_Driver/Inc/stm32wbxx_ll_rcc.h **** {
3429:Drivers/STM32WBxx_HAL_Driver/Inc/stm32wbxx_ll_rcc.h ****   SET_BIT(RCC->CR, RCC_CR_PLLSAI1ON);
3430:Drivers/STM32WBxx_HAL_Driver/Inc/stm32wbxx_ll_rcc.h **** }
3431:Drivers/STM32WBxx_HAL_Driver/Inc/stm32wbxx_ll_rcc.h **** 
3432:Drivers/STM32WBxx_HAL_Driver/Inc/stm32wbxx_ll_rcc.h **** /**
3433:Drivers/STM32WBxx_HAL_Driver/Inc/stm32wbxx_ll_rcc.h ****   * @brief  Disable PLLSAI1
3434:Drivers/STM32WBxx_HAL_Driver/Inc/stm32wbxx_ll_rcc.h ****   * @rmtoll CR           PLLSAI1ON     LL_RCC_PLLSAI1_Disable
3435:Drivers/STM32WBxx_HAL_Driver/Inc/stm32wbxx_ll_rcc.h ****   * @retval None
3436:Drivers/STM32WBxx_HAL_Driver/Inc/stm32wbxx_ll_rcc.h ****   */
3437:Drivers/STM32WBxx_HAL_Driver/Inc/stm32wbxx_ll_rcc.h **** __STATIC_INLINE void LL_RCC_PLLSAI1_Disable(void)
3438:Drivers/STM32WBxx_HAL_Driver/Inc/stm32wbxx_ll_rcc.h **** {
3439:Drivers/STM32WBxx_HAL_Driver/Inc/stm32wbxx_ll_rcc.h ****   CLEAR_BIT(RCC->CR, RCC_CR_PLLSAI1ON);
3440:Drivers/STM32WBxx_HAL_Driver/Inc/stm32wbxx_ll_rcc.h **** }
3441:Drivers/STM32WBxx_HAL_Driver/Inc/stm32wbxx_ll_rcc.h **** 
3442:Drivers/STM32WBxx_HAL_Driver/Inc/stm32wbxx_ll_rcc.h **** /**
3443:Drivers/STM32WBxx_HAL_Driver/Inc/stm32wbxx_ll_rcc.h ****   * @brief  Check if PLLSAI1 Ready
3444:Drivers/STM32WBxx_HAL_Driver/Inc/stm32wbxx_ll_rcc.h ****   * @rmtoll CR           PLLSAI1RDY    LL_RCC_PLLSAI1_IsReady
3445:Drivers/STM32WBxx_HAL_Driver/Inc/stm32wbxx_ll_rcc.h ****   * @retval State of bit (1 or 0).
3446:Drivers/STM32WBxx_HAL_Driver/Inc/stm32wbxx_ll_rcc.h ****   */
3447:Drivers/STM32WBxx_HAL_Driver/Inc/stm32wbxx_ll_rcc.h **** __STATIC_INLINE uint32_t LL_RCC_PLLSAI1_IsReady(void)
 502              		.loc 2 3447 26 view .LVU142
 503              	.LBB242:
3448:Drivers/STM32WBxx_HAL_Driver/Inc/stm32wbxx_ll_rcc.h **** {
3449:Drivers/STM32WBxx_HAL_Driver/Inc/stm32wbxx_ll_rcc.h ****   return ((READ_BIT(RCC->CR, RCC_CR_PLLSAI1RDY) == (RCC_CR_PLLSAI1RDY)) ? 1UL : 0UL);
 504              		.loc 2 3449 3 view .LVU143
 505              		.loc 2 3449 12 is_stmt 0 view .LVU144
 506 00ae 4FF0B043 		mov	r3, #1476395008
 507 00b2 1B68     		ldr	r3, [r3]
 508              		.loc 2 3449 79 view .LVU145
 509 00b4 13F0006F 		tst	r3, #134217728
 510 00b8 1ED1     		bne	.L36
 511              	.LBE242:
 512              	.LBE241:
 348:Drivers/STM32WBxx_HAL_Driver/Src/stm32wbxx_hal_rcc.c ****             RCC_PLLSAI1CFGR_PLLP_1 | RCC_PLLSAI1CFGR_PLLN_0);
 513              		.loc 1 348 3 is_stmt 1 view .LVU146
 514 00ba 4FF0B043 		mov	r3, #1476395008
 515 00be 134A     		ldr	r2, .L42+4
 516 00c0 1A61     		str	r2, [r3, #16]
 353:Drivers/STM32WBxx_HAL_Driver/Src/stm32wbxx_hal_rcc.c **** 
 517              		.loc 1 353 3 view .LVU147
 518 00c2 0022     		movs	r2, #0
 519 00c4 9A61     		str	r2, [r3, #24]
 356:Drivers/STM32WBxx_HAL_Driver/Src/stm32wbxx_hal_rcc.c **** 
 520              		.loc 1 356 3 view .LVU148
 521 00c6 4FF0FF32 		mov	r2, #-1
ARM GAS  C:\Users\843E~1\AppData\Local\Temp\cc5PNIRY.s 			page 104


 522 00ca 1A62     		str	r2, [r3, #32]
 359:Drivers/STM32WBxx_HAL_Driver/Src/stm32wbxx_hal_rcc.c **** 
 523              		.loc 1 359 3 view .LVU149
 524 00cc 4FF44032 		mov	r2, #196608
 525 00d0 C3F80821 		str	r2, [r3, #264]
 362:Drivers/STM32WBxx_HAL_Driver/Src/stm32wbxx_hal_rcc.c **** 
 526              		.loc 1 362 3 view .LVU150
 362:Drivers/STM32WBxx_HAL_Driver/Src/stm32wbxx_hal_rcc.c **** 
 527              		.loc 1 362 19 is_stmt 0 view .LVU151
 528 00d4 0E4B     		ldr	r3, .L42+8
 529 00d6 0F4A     		ldr	r2, .L42+12
 530 00d8 1A60     		str	r2, [r3]
 365:Drivers/STM32WBxx_HAL_Driver/Src/stm32wbxx_hal_rcc.c ****   {
 531              		.loc 1 365 3 is_stmt 1 view .LVU152
 365:Drivers/STM32WBxx_HAL_Driver/Src/stm32wbxx_hal_rcc.c ****   {
 532              		.loc 1 365 7 is_stmt 0 view .LVU153
 533 00da 0F4B     		ldr	r3, .L42+16
 534 00dc 1868     		ldr	r0, [r3]
 535 00de FFF7FEFF 		bl	HAL_InitTick
 536              	.LVL45:
 365:Drivers/STM32WBxx_HAL_Driver/Src/stm32wbxx_hal_rcc.c ****   {
 537              		.loc 1 365 6 view .LVU154
 538 00e2 0028     		cmp	r0, #0
 539 00e4 C5D0     		beq	.L30
 367:Drivers/STM32WBxx_HAL_Driver/Src/stm32wbxx_hal_rcc.c ****   }
 540              		.loc 1 367 12 view .LVU155
 541 00e6 0120     		movs	r0, #1
 542 00e8 C3E7     		b	.L30
 543              	.L33:
 326:Drivers/STM32WBxx_HAL_Driver/Src/stm32wbxx_hal_rcc.c ****     {
 544              		.loc 1 326 5 is_stmt 1 view .LVU156
 326:Drivers/STM32WBxx_HAL_Driver/Src/stm32wbxx_hal_rcc.c ****     {
 545              		.loc 1 326 10 is_stmt 0 view .LVU157
 546 00ea FFF7FEFF 		bl	HAL_GetTick
 547              	.LVL46:
 326:Drivers/STM32WBxx_HAL_Driver/Src/stm32wbxx_hal_rcc.c ****     {
 548              		.loc 1 326 24 view .LVU158
 549 00ee 001B     		subs	r0, r0, r4
 326:Drivers/STM32WBxx_HAL_Driver/Src/stm32wbxx_hal_rcc.c ****     {
 550              		.loc 1 326 8 view .LVU159
 551 00f0 0228     		cmp	r0, #2
 552 00f2 CFD9     		bls	.L35
 328:Drivers/STM32WBxx_HAL_Driver/Src/stm32wbxx_hal_rcc.c ****     }
 553              		.loc 1 328 14 view .LVU160
 554 00f4 0320     		movs	r0, #3
 555 00f6 BCE7     		b	.L30
 556              	.L36:
 342:Drivers/STM32WBxx_HAL_Driver/Src/stm32wbxx_hal_rcc.c ****     {
 557              		.loc 1 342 5 is_stmt 1 view .LVU161
 342:Drivers/STM32WBxx_HAL_Driver/Src/stm32wbxx_hal_rcc.c ****     {
 558              		.loc 1 342 10 is_stmt 0 view .LVU162
 559 00f8 FFF7FEFF 		bl	HAL_GetTick
 560              	.LVL47:
 342:Drivers/STM32WBxx_HAL_Driver/Src/stm32wbxx_hal_rcc.c ****     {
 561              		.loc 1 342 24 view .LVU163
 562 00fc 001B     		subs	r0, r0, r4
 342:Drivers/STM32WBxx_HAL_Driver/Src/stm32wbxx_hal_rcc.c ****     {
ARM GAS  C:\Users\843E~1\AppData\Local\Temp\cc5PNIRY.s 			page 105


 563              		.loc 1 342 8 view .LVU164
 564 00fe 0228     		cmp	r0, #2
 565 0100 D5D9     		bls	.L34
 344:Drivers/STM32WBxx_HAL_Driver/Src/stm32wbxx_hal_rcc.c ****     }
 566              		.loc 1 344 14 view .LVU165
 567 0102 0320     		movs	r0, #3
 568 0104 B5E7     		b	.L30
 569              	.L43:
 570 0106 00BF     		.align	2
 571              	.L42:
 572 0108 FFF4EEFA 		.word	-85003009
 573 010c 00010422 		.word	570687744
 574 0110 00000000 		.word	SystemCoreClock
 575 0114 00093D00 		.word	4000000
 576 0118 00000000 		.word	uwTickPrio
 577              		.cfi_endproc
 578              	.LFE950:
 580              		.section	.text.HAL_RCC_MCOConfig,"ax",%progbits
 581              		.align	1
 582              		.global	HAL_RCC_MCOConfig
 583              		.syntax unified
 584              		.thumb
 585              		.thumb_func
 587              	HAL_RCC_MCOConfig:
 588              	.LVL48:
 589              	.LFB953:
1318:Drivers/STM32WBxx_HAL_Driver/Src/stm32wbxx_hal_rcc.c ****   GPIO_InitTypeDef gpio_initstruct;
 590              		.loc 1 1318 1 is_stmt 1 view -0
 591              		.cfi_startproc
 592              		@ args = 0, pretend = 0, frame = 24
 593              		@ frame_needed = 0, uses_anonymous_args = 0
1318:Drivers/STM32WBxx_HAL_Driver/Src/stm32wbxx_hal_rcc.c ****   GPIO_InitTypeDef gpio_initstruct;
 594              		.loc 1 1318 1 is_stmt 0 view .LVU167
 595 0000 70B5     		push	{r4, r5, r6, lr}
 596              	.LCFI5:
 597              		.cfi_def_cfa_offset 16
 598              		.cfi_offset 4, -16
 599              		.cfi_offset 5, -12
 600              		.cfi_offset 6, -8
 601              		.cfi_offset 14, -4
 602 0002 86B0     		sub	sp, sp, #24
 603              	.LCFI6:
 604              		.cfi_def_cfa_offset 40
 605 0004 0C46     		mov	r4, r1
 606 0006 1546     		mov	r5, r2
1319:Drivers/STM32WBxx_HAL_Driver/Src/stm32wbxx_hal_rcc.c ****   uint32_t mcoindex;
 607              		.loc 1 1319 3 is_stmt 1 view .LVU168
1320:Drivers/STM32WBxx_HAL_Driver/Src/stm32wbxx_hal_rcc.c ****   uint32_t mco_gpio_index;
 608              		.loc 1 1320 3 view .LVU169
1321:Drivers/STM32WBxx_HAL_Driver/Src/stm32wbxx_hal_rcc.c ****   GPIO_TypeDef *mco_gpio_port;
 609              		.loc 1 1321 3 view .LVU170
1322:Drivers/STM32WBxx_HAL_Driver/Src/stm32wbxx_hal_rcc.c **** 
 610              		.loc 1 1322 3 view .LVU171
1325:Drivers/STM32WBxx_HAL_Driver/Src/stm32wbxx_hal_rcc.c **** 
 611              		.loc 1 1325 3 view .LVU172
1328:Drivers/STM32WBxx_HAL_Driver/Src/stm32wbxx_hal_rcc.c ****   gpio_initstruct.Speed     = GPIO_SPEED_FREQ_VERY_HIGH;
 612              		.loc 1 1328 3 view .LVU173
ARM GAS  C:\Users\843E~1\AppData\Local\Temp\cc5PNIRY.s 			page 106


1328:Drivers/STM32WBxx_HAL_Driver/Src/stm32wbxx_hal_rcc.c ****   gpio_initstruct.Speed     = GPIO_SPEED_FREQ_VERY_HIGH;
 613              		.loc 1 1328 29 is_stmt 0 view .LVU174
 614 0008 0223     		movs	r3, #2
 615 000a 0293     		str	r3, [sp, #8]
1329:Drivers/STM32WBxx_HAL_Driver/Src/stm32wbxx_hal_rcc.c ****   gpio_initstruct.Pull      = GPIO_NOPULL;
 616              		.loc 1 1329 3 is_stmt 1 view .LVU175
1329:Drivers/STM32WBxx_HAL_Driver/Src/stm32wbxx_hal_rcc.c ****   gpio_initstruct.Pull      = GPIO_NOPULL;
 617              		.loc 1 1329 29 is_stmt 0 view .LVU176
 618 000c 0323     		movs	r3, #3
 619 000e 0493     		str	r3, [sp, #16]
1330:Drivers/STM32WBxx_HAL_Driver/Src/stm32wbxx_hal_rcc.c **** 
 620              		.loc 1 1330 3 is_stmt 1 view .LVU177
1330:Drivers/STM32WBxx_HAL_Driver/Src/stm32wbxx_hal_rcc.c **** 
 621              		.loc 1 1330 29 is_stmt 0 view .LVU178
 622 0010 0023     		movs	r3, #0
 623 0012 0393     		str	r3, [sp, #12]
1333:Drivers/STM32WBxx_HAL_Driver/Src/stm32wbxx_hal_rcc.c **** 
 624              		.loc 1 1333 3 is_stmt 1 view .LVU179
1333:Drivers/STM32WBxx_HAL_Driver/Src/stm32wbxx_hal_rcc.c **** 
 625              		.loc 1 1333 12 is_stmt 0 view .LVU180
 626 0014 00F08056 		and	r6, r0, #268435456
 627              	.LVL49:
1336:Drivers/STM32WBxx_HAL_Driver/Src/stm32wbxx_hal_rcc.c **** 
 628              		.loc 1 1336 3 is_stmt 1 view .LVU181
1336:Drivers/STM32WBxx_HAL_Driver/Src/stm32wbxx_hal_rcc.c **** 
 629              		.loc 1 1336 36 is_stmt 0 view .LVU182
 630 0018 C0F3034C 		ubfx	ip, r0, #16, #4
 631 001c 0CF5901E 		add	lr, ip, #1179648
 632              	.LVL50:
1339:Drivers/STM32WBxx_HAL_Driver/Src/stm32wbxx_hal_rcc.c ****   SET_BIT(RCC->AHB2ENR, (1UL << mco_gpio_index));
 633              		.loc 1 1339 3 is_stmt 1 view .LVU183
1340:Drivers/STM32WBxx_HAL_Driver/Src/stm32wbxx_hal_rcc.c **** 
 634              		.loc 1 1340 3 view .LVU184
 635 0020 4FF0B041 		mov	r1, #1476395008
 636              	.LVL51:
1340:Drivers/STM32WBxx_HAL_Driver/Src/stm32wbxx_hal_rcc.c **** 
 637              		.loc 1 1340 3 is_stmt 0 view .LVU185
 638 0024 CB6C     		ldr	r3, [r1, #76]
 639 0026 0122     		movs	r2, #1
 640              	.LVL52:
1340:Drivers/STM32WBxx_HAL_Driver/Src/stm32wbxx_hal_rcc.c **** 
 641              		.loc 1 1340 3 view .LVU186
 642 0028 02FA0CF2 		lsl	r2, r2, ip
 643 002c 1343     		orrs	r3, r3, r2
 644 002e CB64     		str	r3, [r1, #76]
1343:Drivers/STM32WBxx_HAL_Driver/Src/stm32wbxx_hal_rcc.c ****   gpio_initstruct.Alternate = RCC_GET_MCO_GPIO_AF(RCC_MCOx);
 645              		.loc 1 1343 3 is_stmt 1 view .LVU187
1343:Drivers/STM32WBxx_HAL_Driver/Src/stm32wbxx_hal_rcc.c ****   gpio_initstruct.Alternate = RCC_GET_MCO_GPIO_AF(RCC_MCOx);
 646              		.loc 1 1343 25 is_stmt 0 view .LVU188
 647 0030 83B2     		uxth	r3, r0
1343:Drivers/STM32WBxx_HAL_Driver/Src/stm32wbxx_hal_rcc.c ****   gpio_initstruct.Alternate = RCC_GET_MCO_GPIO_AF(RCC_MCOx);
 648              		.loc 1 1343 23 view .LVU189
 649 0032 0193     		str	r3, [sp, #4]
1344:Drivers/STM32WBxx_HAL_Driver/Src/stm32wbxx_hal_rcc.c ****   HAL_GPIO_Init(mco_gpio_port, &gpio_initstruct);
 650              		.loc 1 1344 3 is_stmt 1 view .LVU190
1344:Drivers/STM32WBxx_HAL_Driver/Src/stm32wbxx_hal_rcc.c ****   HAL_GPIO_Init(mco_gpio_port, &gpio_initstruct);
 651              		.loc 1 1344 31 is_stmt 0 view .LVU191
ARM GAS  C:\Users\843E~1\AppData\Local\Temp\cc5PNIRY.s 			page 107


 652 0034 C0F30750 		ubfx	r0, r0, #20, #8
 653              	.LVL53:
1344:Drivers/STM32WBxx_HAL_Driver/Src/stm32wbxx_hal_rcc.c ****   HAL_GPIO_Init(mco_gpio_port, &gpio_initstruct);
 654              		.loc 1 1344 29 view .LVU192
 655 0038 0590     		str	r0, [sp, #20]
1345:Drivers/STM32WBxx_HAL_Driver/Src/stm32wbxx_hal_rcc.c **** 
 656              		.loc 1 1345 3 is_stmt 1 view .LVU193
 657 003a 01A9     		add	r1, sp, #4
 658 003c 4FEA8E20 		lsl	r0, lr, #10
 659              	.LVL54:
1345:Drivers/STM32WBxx_HAL_Driver/Src/stm32wbxx_hal_rcc.c **** 
 660              		.loc 1 1345 3 is_stmt 0 view .LVU194
 661 0040 FFF7FEFF 		bl	HAL_GPIO_Init
 662              	.LVL55:
1347:Drivers/STM32WBxx_HAL_Driver/Src/stm32wbxx_hal_rcc.c ****   {
 663              		.loc 1 1347 3 is_stmt 1 view .LVU195
1347:Drivers/STM32WBxx_HAL_Driver/Src/stm32wbxx_hal_rcc.c ****   {
 664              		.loc 1 1347 6 is_stmt 0 view .LVU196
 665 0044 4EB9     		cbnz	r6, .L45
1349:Drivers/STM32WBxx_HAL_Driver/Src/stm32wbxx_hal_rcc.c ****     assert_param(IS_RCC_MCO1SOURCE(RCC_MCOSource));
 666              		.loc 1 1349 5 is_stmt 1 view .LVU197
1350:Drivers/STM32WBxx_HAL_Driver/Src/stm32wbxx_hal_rcc.c ****     /* Mask MCOSEL[] and MCOPRE[] bits then set MCO clock source and prescaler */
 667              		.loc 1 1350 5 view .LVU198
1352:Drivers/STM32WBxx_HAL_Driver/Src/stm32wbxx_hal_rcc.c ****   }
 668              		.loc 1 1352 5 view .LVU199
 669              	.LVL56:
 670              	.LBB243:
 671              	.LBI243:
2484:Drivers/STM32WBxx_HAL_Driver/Inc/stm32wbxx_ll_rcc.h **** {
 672              		.loc 2 2484 22 view .LVU200
 673              	.LBB244:
2486:Drivers/STM32WBxx_HAL_Driver/Inc/stm32wbxx_ll_rcc.h **** }
 674              		.loc 2 2486 3 view .LVU201
 675 0046 4FF0B040 		mov	r0, #1476395008
 676 004a 8368     		ldr	r3, [r0, #8]
 677 004c 23F0FE43 		bic	r3, r3, #2130706432
 678 0050 2543     		orrs	r5, r5, r4
 679              	.LVL57:
2486:Drivers/STM32WBxx_HAL_Driver/Inc/stm32wbxx_ll_rcc.h **** }
 680              		.loc 2 2486 3 is_stmt 0 view .LVU202
 681 0052 1D43     		orrs	r5, r5, r3
 682 0054 8560     		str	r5, [r0, #8]
 683              	.LVL58:
 684              	.L44:
2486:Drivers/STM32WBxx_HAL_Driver/Inc/stm32wbxx_ll_rcc.h **** }
 685              		.loc 2 2486 3 view .LVU203
 686              	.LBE244:
 687              	.LBE243:
1372:Drivers/STM32WBxx_HAL_Driver/Src/stm32wbxx_hal_rcc.c **** 
 688              		.loc 1 1372 1 view .LVU204
 689 0056 06B0     		add	sp, sp, #24
 690              	.LCFI7:
 691              		.cfi_remember_state
 692              		.cfi_def_cfa_offset 16
 693              		@ sp needed
 694 0058 70BD     		pop	{r4, r5, r6, pc}
 695              	.LVL59:
ARM GAS  C:\Users\843E~1\AppData\Local\Temp\cc5PNIRY.s 			page 108


 696              	.L45:
 697              	.LCFI8:
 698              		.cfi_restore_state
1354:Drivers/STM32WBxx_HAL_Driver/Src/stm32wbxx_hal_rcc.c ****   {
 699              		.loc 1 1354 8 is_stmt 1 view .LVU205
1356:Drivers/STM32WBxx_HAL_Driver/Src/stm32wbxx_hal_rcc.c ****     assert_param(IS_RCC_MCO2SOURCE(RCC_MCOSource));
 700              		.loc 1 1356 5 view .LVU206
1357:Drivers/STM32WBxx_HAL_Driver/Src/stm32wbxx_hal_rcc.c ****     /* Mask MCOSEL[] and MCOPRE[] bits then set MCO clock source and prescaler */
 701              		.loc 1 1357 5 view .LVU207
1359:Drivers/STM32WBxx_HAL_Driver/Src/stm32wbxx_hal_rcc.c ****   }
 702              		.loc 1 1359 5 view .LVU208
 703              	.LBB245:
 704              	.LBI245:
2484:Drivers/STM32WBxx_HAL_Driver/Inc/stm32wbxx_ll_rcc.h **** {
 705              		.loc 2 2484 22 view .LVU209
 706              	.LBB246:
2486:Drivers/STM32WBxx_HAL_Driver/Inc/stm32wbxx_ll_rcc.h **** }
 707              		.loc 2 2486 3 view .LVU210
 708 005a 4FF0B042 		mov	r2, #1476395008
 709 005e 9368     		ldr	r3, [r2, #8]
 710 0060 23F0FE43 		bic	r3, r3, #2130706432
 711 0064 2C43     		orrs	r4, r4, r5
 712              	.LVL60:
2486:Drivers/STM32WBxx_HAL_Driver/Inc/stm32wbxx_ll_rcc.h **** }
 713              		.loc 2 2486 3 is_stmt 0 view .LVU211
 714 0066 1C43     		orrs	r4, r4, r3
 715 0068 9460     		str	r4, [r2, #8]
 716              	.LVL61:
2486:Drivers/STM32WBxx_HAL_Driver/Inc/stm32wbxx_ll_rcc.h **** }
 717              		.loc 2 2486 3 view .LVU212
 718              	.LBE246:
 719              	.LBE245:
1371:Drivers/STM32WBxx_HAL_Driver/Src/stm32wbxx_hal_rcc.c **** }
 720              		.loc 1 1371 4 is_stmt 1 view .LVU213
1372:Drivers/STM32WBxx_HAL_Driver/Src/stm32wbxx_hal_rcc.c **** 
 721              		.loc 1 1372 1 is_stmt 0 view .LVU214
 722 006a F4E7     		b	.L44
 723              		.cfi_endproc
 724              	.LFE953:
 726              		.section	.text.HAL_RCC_GetSysClockFreq,"ax",%progbits
 727              		.align	1
 728              		.global	HAL_RCC_GetSysClockFreq
 729              		.syntax unified
 730              		.thumb
 731              		.thumb_func
 733              	HAL_RCC_GetSysClockFreq:
 734              	.LFB954:
1406:Drivers/STM32WBxx_HAL_Driver/Src/stm32wbxx_hal_rcc.c ****   uint32_t pllsource;
 735              		.loc 1 1406 1 is_stmt 1 view -0
 736              		.cfi_startproc
 737              		@ args = 0, pretend = 0, frame = 0
 738              		@ frame_needed = 0, uses_anonymous_args = 0
 739              		@ link register save eliminated.
1407:Drivers/STM32WBxx_HAL_Driver/Src/stm32wbxx_hal_rcc.c ****   uint32_t sysclockfreq;
 740              		.loc 1 1407 3 view .LVU216
1408:Drivers/STM32WBxx_HAL_Driver/Src/stm32wbxx_hal_rcc.c ****   uint32_t pllinputfreq;
 741              		.loc 1 1408 3 view .LVU217
ARM GAS  C:\Users\843E~1\AppData\Local\Temp\cc5PNIRY.s 			page 109


1409:Drivers/STM32WBxx_HAL_Driver/Src/stm32wbxx_hal_rcc.c ****   const uint32_t temp_sysclksrc = __HAL_RCC_GET_SYSCLK_SOURCE();
 742              		.loc 1 1409 3 view .LVU218
1410:Drivers/STM32WBxx_HAL_Driver/Src/stm32wbxx_hal_rcc.c **** 
 743              		.loc 1 1410 3 view .LVU219
 744              	.LBB247:
 745              	.LBI247:
2072:Drivers/STM32WBxx_HAL_Driver/Inc/stm32wbxx_ll_rcc.h **** {
 746              		.loc 2 2072 26 view .LVU220
 747              	.LBB248:
2074:Drivers/STM32WBxx_HAL_Driver/Inc/stm32wbxx_ll_rcc.h **** }
 748              		.loc 2 2074 3 view .LVU221
2074:Drivers/STM32WBxx_HAL_Driver/Inc/stm32wbxx_ll_rcc.h **** }
 749              		.loc 2 2074 21 is_stmt 0 view .LVU222
 750 0000 4FF0B043 		mov	r3, #1476395008
 751 0004 9B68     		ldr	r3, [r3, #8]
 752              	.LVL62:
2074:Drivers/STM32WBxx_HAL_Driver/Inc/stm32wbxx_ll_rcc.h **** }
 753              		.loc 2 2074 21 view .LVU223
 754              	.LBE248:
 755              	.LBE247:
1412:Drivers/STM32WBxx_HAL_Driver/Src/stm32wbxx_hal_rcc.c ****   {
 756              		.loc 1 1412 3 is_stmt 1 view .LVU224
1412:Drivers/STM32WBxx_HAL_Driver/Src/stm32wbxx_hal_rcc.c ****   {
 757              		.loc 1 1412 6 is_stmt 0 view .LVU225
 758 0006 13F00C03 		ands	r3, r3, #12
 759              	.LVL63:
1412:Drivers/STM32WBxx_HAL_Driver/Src/stm32wbxx_hal_rcc.c ****   {
 760              		.loc 1 1412 6 view .LVU226
 761 000a 0DD1     		bne	.L49
1416:Drivers/STM32WBxx_HAL_Driver/Src/stm32wbxx_hal_rcc.c ****   }
 762              		.loc 1 1416 5 is_stmt 1 view .LVU227
 763              	.LBB249:
 764              	.LBI249:
1942:Drivers/STM32WBxx_HAL_Driver/Inc/stm32wbxx_ll_rcc.h **** {
 765              		.loc 2 1942 26 view .LVU228
 766              	.LBB250:
1944:Drivers/STM32WBxx_HAL_Driver/Inc/stm32wbxx_ll_rcc.h ****   if (msiRange > LL_RCC_MSIRANGE_11)
 767              		.loc 2 1944 3 view .LVU229
1944:Drivers/STM32WBxx_HAL_Driver/Inc/stm32wbxx_ll_rcc.h ****   if (msiRange > LL_RCC_MSIRANGE_11)
 768              		.loc 2 1944 23 is_stmt 0 view .LVU230
 769 000c 4FF0B043 		mov	r3, #1476395008
 770              	.LVL64:
1944:Drivers/STM32WBxx_HAL_Driver/Inc/stm32wbxx_ll_rcc.h ****   if (msiRange > LL_RCC_MSIRANGE_11)
 771              		.loc 2 1944 23 view .LVU231
 772 0010 1B68     		ldr	r3, [r3]
1944:Drivers/STM32WBxx_HAL_Driver/Inc/stm32wbxx_ll_rcc.h ****   if (msiRange > LL_RCC_MSIRANGE_11)
 773              		.loc 2 1944 12 view .LVU232
 774 0012 03F0F003 		and	r3, r3, #240
 775              	.LVL65:
1945:Drivers/STM32WBxx_HAL_Driver/Inc/stm32wbxx_ll_rcc.h ****   {
 776              		.loc 2 1945 3 is_stmt 1 view .LVU233
1945:Drivers/STM32WBxx_HAL_Driver/Inc/stm32wbxx_ll_rcc.h ****   {
 777              		.loc 2 1945 6 is_stmt 0 view .LVU234
 778 0016 B02B     		cmp	r3, #176
 779 0018 04D8     		bhi	.L62
 780              	.LVL66:
 781              	.L50:
ARM GAS  C:\Users\843E~1\AppData\Local\Temp\cc5PNIRY.s 			page 110


1949:Drivers/STM32WBxx_HAL_Driver/Inc/stm32wbxx_ll_rcc.h **** }
 782              		.loc 2 1949 3 is_stmt 1 view .LVU235
1949:Drivers/STM32WBxx_HAL_Driver/Inc/stm32wbxx_ll_rcc.h **** }
 783              		.loc 2 1949 3 is_stmt 0 view .LVU236
 784              	.LBE250:
 785              	.LBE249:
1416:Drivers/STM32WBxx_HAL_Driver/Src/stm32wbxx_hal_rcc.c ****   }
 786              		.loc 1 1416 20 view .LVU237
 787 001a 1B09     		lsrs	r3, r3, #4
1416:Drivers/STM32WBxx_HAL_Driver/Src/stm32wbxx_hal_rcc.c ****   }
 788              		.loc 1 1416 18 view .LVU238
 789 001c 254A     		ldr	r2, .L65
 790 001e 52F82300 		ldr	r0, [r2, r3, lsl #2]
 791              	.LVL67:
1416:Drivers/STM32WBxx_HAL_Driver/Src/stm32wbxx_hal_rcc.c ****   }
 792              		.loc 1 1416 18 view .LVU239
 793 0022 7047     		bx	lr
 794              	.LVL68:
 795              	.L62:
 796              	.LBB252:
 797              	.LBB251:
1947:Drivers/STM32WBxx_HAL_Driver/Inc/stm32wbxx_ll_rcc.h ****   }
 798              		.loc 2 1947 14 view .LVU240
 799 0024 B023     		movs	r3, #176
 800              	.LVL69:
1947:Drivers/STM32WBxx_HAL_Driver/Inc/stm32wbxx_ll_rcc.h ****   }
 801              		.loc 2 1947 14 view .LVU241
 802 0026 F8E7     		b	.L50
 803              	.LVL70:
 804              	.L49:
1947:Drivers/STM32WBxx_HAL_Driver/Inc/stm32wbxx_ll_rcc.h ****   }
 805              		.loc 2 1947 14 view .LVU242
 806              	.LBE251:
 807              	.LBE252:
1418:Drivers/STM32WBxx_HAL_Driver/Src/stm32wbxx_hal_rcc.c ****   {
 808              		.loc 1 1418 8 is_stmt 1 view .LVU243
1418:Drivers/STM32WBxx_HAL_Driver/Src/stm32wbxx_hal_rcc.c ****   {
 809              		.loc 1 1418 11 is_stmt 0 view .LVU244
 810 0028 042B     		cmp	r3, #4
 811 002a 3ED0     		beq	.L57
1423:Drivers/STM32WBxx_HAL_Driver/Src/stm32wbxx_hal_rcc.c ****   {
 812              		.loc 1 1423 8 is_stmt 1 view .LVU245
1423:Drivers/STM32WBxx_HAL_Driver/Src/stm32wbxx_hal_rcc.c ****   {
 813              		.loc 1 1423 11 is_stmt 0 view .LVU246
 814 002c 082B     		cmp	r3, #8
 815 002e 10D0     		beq	.L63
1438:Drivers/STM32WBxx_HAL_Driver/Src/stm32wbxx_hal_rcc.c ****     switch (pllsource)
 816              		.loc 1 1438 5 is_stmt 1 view .LVU247
 817              	.LBB253:
 818              	.LBI253:
3450:Drivers/STM32WBxx_HAL_Driver/Inc/stm32wbxx_ll_rcc.h **** }
3451:Drivers/STM32WBxx_HAL_Driver/Inc/stm32wbxx_ll_rcc.h **** 
3452:Drivers/STM32WBxx_HAL_Driver/Inc/stm32wbxx_ll_rcc.h **** /**
3453:Drivers/STM32WBxx_HAL_Driver/Inc/stm32wbxx_ll_rcc.h ****   * @brief  Configure PLLSAI1 used for 48Mhz domain clock
3454:Drivers/STM32WBxx_HAL_Driver/Inc/stm32wbxx_ll_rcc.h ****   * @note PLL Source and PLLM Divider can be written only when PLL is disabled
3455:Drivers/STM32WBxx_HAL_Driver/Inc/stm32wbxx_ll_rcc.h ****   *       PLLSAI1 are disabled
3456:Drivers/STM32WBxx_HAL_Driver/Inc/stm32wbxx_ll_rcc.h ****   * @note PLLN/PLLQ can be written only when PLLSAI1 is disabled
ARM GAS  C:\Users\843E~1\AppData\Local\Temp\cc5PNIRY.s 			page 111


3457:Drivers/STM32WBxx_HAL_Driver/Inc/stm32wbxx_ll_rcc.h ****   * @note This  can be selected for USB, RNG
3458:Drivers/STM32WBxx_HAL_Driver/Inc/stm32wbxx_ll_rcc.h ****   * @rmtoll PLLCFGR      PLLSRC        LL_RCC_PLLSAI1_ConfigDomain_48M\n
3459:Drivers/STM32WBxx_HAL_Driver/Inc/stm32wbxx_ll_rcc.h ****   *         PLLCFGR      PLLM          LL_RCC_PLLSAI1_ConfigDomain_48M\n
3460:Drivers/STM32WBxx_HAL_Driver/Inc/stm32wbxx_ll_rcc.h ****   *         PLLSAI1CFGR  PLLN      LL_RCC_PLLSAI1_ConfigDomain_48M\n
3461:Drivers/STM32WBxx_HAL_Driver/Inc/stm32wbxx_ll_rcc.h ****   *         PLLSAI1CFGR  PLLQ      LL_RCC_PLLSAI1_ConfigDomain_48M
3462:Drivers/STM32WBxx_HAL_Driver/Inc/stm32wbxx_ll_rcc.h ****   * @param  Source This parameter can be one of the following values:
3463:Drivers/STM32WBxx_HAL_Driver/Inc/stm32wbxx_ll_rcc.h ****   *         @arg @ref LL_RCC_PLLSOURCE_NONE
3464:Drivers/STM32WBxx_HAL_Driver/Inc/stm32wbxx_ll_rcc.h ****   *         @arg @ref LL_RCC_PLLSOURCE_MSI
3465:Drivers/STM32WBxx_HAL_Driver/Inc/stm32wbxx_ll_rcc.h ****   *         @arg @ref LL_RCC_PLLSOURCE_HSI
3466:Drivers/STM32WBxx_HAL_Driver/Inc/stm32wbxx_ll_rcc.h ****   *         @arg @ref LL_RCC_PLLSOURCE_HSE
3467:Drivers/STM32WBxx_HAL_Driver/Inc/stm32wbxx_ll_rcc.h ****   * @param  PLLM This parameter can be one of the following values:
3468:Drivers/STM32WBxx_HAL_Driver/Inc/stm32wbxx_ll_rcc.h ****   *         @arg @ref LL_RCC_PLLM_DIV_1
3469:Drivers/STM32WBxx_HAL_Driver/Inc/stm32wbxx_ll_rcc.h ****   *         @arg @ref LL_RCC_PLLM_DIV_2
3470:Drivers/STM32WBxx_HAL_Driver/Inc/stm32wbxx_ll_rcc.h ****   *         @arg @ref LL_RCC_PLLM_DIV_3
3471:Drivers/STM32WBxx_HAL_Driver/Inc/stm32wbxx_ll_rcc.h ****   *         @arg @ref LL_RCC_PLLM_DIV_4
3472:Drivers/STM32WBxx_HAL_Driver/Inc/stm32wbxx_ll_rcc.h ****   *         @arg @ref LL_RCC_PLLM_DIV_5
3473:Drivers/STM32WBxx_HAL_Driver/Inc/stm32wbxx_ll_rcc.h ****   *         @arg @ref LL_RCC_PLLM_DIV_6
3474:Drivers/STM32WBxx_HAL_Driver/Inc/stm32wbxx_ll_rcc.h ****   *         @arg @ref LL_RCC_PLLM_DIV_7
3475:Drivers/STM32WBxx_HAL_Driver/Inc/stm32wbxx_ll_rcc.h ****   *         @arg @ref LL_RCC_PLLM_DIV_8
3476:Drivers/STM32WBxx_HAL_Driver/Inc/stm32wbxx_ll_rcc.h ****   * @param  PLLN Between 6 and 127
3477:Drivers/STM32WBxx_HAL_Driver/Inc/stm32wbxx_ll_rcc.h ****   * @param  PLLQ This parameter can be one of the following values:
3478:Drivers/STM32WBxx_HAL_Driver/Inc/stm32wbxx_ll_rcc.h ****   *         @arg @ref LL_RCC_PLLSAI1Q_DIV_2
3479:Drivers/STM32WBxx_HAL_Driver/Inc/stm32wbxx_ll_rcc.h ****   *         @arg @ref LL_RCC_PLLSAI1Q_DIV_3
3480:Drivers/STM32WBxx_HAL_Driver/Inc/stm32wbxx_ll_rcc.h ****   *         @arg @ref LL_RCC_PLLSAI1Q_DIV_4
3481:Drivers/STM32WBxx_HAL_Driver/Inc/stm32wbxx_ll_rcc.h ****   *         @arg @ref LL_RCC_PLLSAI1Q_DIV_5
3482:Drivers/STM32WBxx_HAL_Driver/Inc/stm32wbxx_ll_rcc.h ****   *         @arg @ref LL_RCC_PLLSAI1Q_DIV_6
3483:Drivers/STM32WBxx_HAL_Driver/Inc/stm32wbxx_ll_rcc.h ****   *         @arg @ref LL_RCC_PLLSAI1Q_DIV_7
3484:Drivers/STM32WBxx_HAL_Driver/Inc/stm32wbxx_ll_rcc.h ****   *         @arg @ref LL_RCC_PLLSAI1Q_DIV_8
3485:Drivers/STM32WBxx_HAL_Driver/Inc/stm32wbxx_ll_rcc.h ****   * @retval None
3486:Drivers/STM32WBxx_HAL_Driver/Inc/stm32wbxx_ll_rcc.h ****   */
3487:Drivers/STM32WBxx_HAL_Driver/Inc/stm32wbxx_ll_rcc.h **** __STATIC_INLINE void LL_RCC_PLLSAI1_ConfigDomain_48M(uint32_t Source, uint32_t PLLM, uint32_t PLLN,
3488:Drivers/STM32WBxx_HAL_Driver/Inc/stm32wbxx_ll_rcc.h **** {
3489:Drivers/STM32WBxx_HAL_Driver/Inc/stm32wbxx_ll_rcc.h ****   MODIFY_REG(RCC->PLLCFGR, RCC_PLLCFGR_PLLSRC | RCC_PLLCFGR_PLLM, Source | PLLM);
3490:Drivers/STM32WBxx_HAL_Driver/Inc/stm32wbxx_ll_rcc.h ****   MODIFY_REG(RCC->PLLSAI1CFGR, RCC_PLLSAI1CFGR_PLLN | RCC_PLLSAI1CFGR_PLLQ, (PLLN << RCC_PLLSAI1CFG
3491:Drivers/STM32WBxx_HAL_Driver/Inc/stm32wbxx_ll_rcc.h **** }
3492:Drivers/STM32WBxx_HAL_Driver/Inc/stm32wbxx_ll_rcc.h **** 
3493:Drivers/STM32WBxx_HAL_Driver/Inc/stm32wbxx_ll_rcc.h **** /**
3494:Drivers/STM32WBxx_HAL_Driver/Inc/stm32wbxx_ll_rcc.h ****   * @brief  Configure PLLSAI1 used for SAI domain clock
3495:Drivers/STM32WBxx_HAL_Driver/Inc/stm32wbxx_ll_rcc.h ****   * @note PLL Source and PLLM Divider can be written only when PLL is disabled
3496:Drivers/STM32WBxx_HAL_Driver/Inc/stm32wbxx_ll_rcc.h ****   *       PLLSAI1 are disabled
3497:Drivers/STM32WBxx_HAL_Driver/Inc/stm32wbxx_ll_rcc.h ****   * @note PLLN/PLLP can be written only when PLLSAI1 is disabled
3498:Drivers/STM32WBxx_HAL_Driver/Inc/stm32wbxx_ll_rcc.h ****   * @note This  can be selected for SAI1 or SAI2 (*)
3499:Drivers/STM32WBxx_HAL_Driver/Inc/stm32wbxx_ll_rcc.h ****   * @rmtoll PLLCFGR      PLLSRC        LL_RCC_PLLSAI1_ConfigDomain_SAI\n
3500:Drivers/STM32WBxx_HAL_Driver/Inc/stm32wbxx_ll_rcc.h ****   *         PLLCFGR      PLLM          LL_RCC_PLLSAI1_ConfigDomain_SAI\n
3501:Drivers/STM32WBxx_HAL_Driver/Inc/stm32wbxx_ll_rcc.h ****   *         PLLSAI1CFGR  PLLN      LL_RCC_PLLSAI1_ConfigDomain_SAI\n
3502:Drivers/STM32WBxx_HAL_Driver/Inc/stm32wbxx_ll_rcc.h ****   *         PLLSAI1CFGR  PLLP   LL_RCC_PLLSAI1_ConfigDomain_SAI
3503:Drivers/STM32WBxx_HAL_Driver/Inc/stm32wbxx_ll_rcc.h ****   * @param  Source This parameter can be one of the following values:
3504:Drivers/STM32WBxx_HAL_Driver/Inc/stm32wbxx_ll_rcc.h ****   *         @arg @ref LL_RCC_PLLSOURCE_NONE
3505:Drivers/STM32WBxx_HAL_Driver/Inc/stm32wbxx_ll_rcc.h ****   *         @arg @ref LL_RCC_PLLSOURCE_MSI
3506:Drivers/STM32WBxx_HAL_Driver/Inc/stm32wbxx_ll_rcc.h ****   *         @arg @ref LL_RCC_PLLSOURCE_HSI
3507:Drivers/STM32WBxx_HAL_Driver/Inc/stm32wbxx_ll_rcc.h ****   *         @arg @ref LL_RCC_PLLSOURCE_HSE
3508:Drivers/STM32WBxx_HAL_Driver/Inc/stm32wbxx_ll_rcc.h ****   * @param  PLLM This parameter can be one of the following values:
3509:Drivers/STM32WBxx_HAL_Driver/Inc/stm32wbxx_ll_rcc.h ****   *         @arg @ref LL_RCC_PLLM_DIV_1
3510:Drivers/STM32WBxx_HAL_Driver/Inc/stm32wbxx_ll_rcc.h ****   *         @arg @ref LL_RCC_PLLM_DIV_2
3511:Drivers/STM32WBxx_HAL_Driver/Inc/stm32wbxx_ll_rcc.h ****   *         @arg @ref LL_RCC_PLLM_DIV_3
3512:Drivers/STM32WBxx_HAL_Driver/Inc/stm32wbxx_ll_rcc.h ****   *         @arg @ref LL_RCC_PLLM_DIV_4
3513:Drivers/STM32WBxx_HAL_Driver/Inc/stm32wbxx_ll_rcc.h ****   *         @arg @ref LL_RCC_PLLM_DIV_5
ARM GAS  C:\Users\843E~1\AppData\Local\Temp\cc5PNIRY.s 			page 112


3514:Drivers/STM32WBxx_HAL_Driver/Inc/stm32wbxx_ll_rcc.h ****   *         @arg @ref LL_RCC_PLLM_DIV_6
3515:Drivers/STM32WBxx_HAL_Driver/Inc/stm32wbxx_ll_rcc.h ****   *         @arg @ref LL_RCC_PLLM_DIV_7
3516:Drivers/STM32WBxx_HAL_Driver/Inc/stm32wbxx_ll_rcc.h ****   *         @arg @ref LL_RCC_PLLM_DIV_8
3517:Drivers/STM32WBxx_HAL_Driver/Inc/stm32wbxx_ll_rcc.h ****   * @param  PLLN Between 6 and 127
3518:Drivers/STM32WBxx_HAL_Driver/Inc/stm32wbxx_ll_rcc.h ****   * @param  PLLP This parameter can be one of the following values:
3519:Drivers/STM32WBxx_HAL_Driver/Inc/stm32wbxx_ll_rcc.h ****   *         @arg @ref LL_RCC_PLLSAI1P_DIV_2
3520:Drivers/STM32WBxx_HAL_Driver/Inc/stm32wbxx_ll_rcc.h ****   *         @arg @ref LL_RCC_PLLSAI1P_DIV_3
3521:Drivers/STM32WBxx_HAL_Driver/Inc/stm32wbxx_ll_rcc.h ****   *         @arg @ref LL_RCC_PLLSAI1P_DIV_4
3522:Drivers/STM32WBxx_HAL_Driver/Inc/stm32wbxx_ll_rcc.h ****   *         @arg @ref LL_RCC_PLLSAI1P_DIV_5
3523:Drivers/STM32WBxx_HAL_Driver/Inc/stm32wbxx_ll_rcc.h ****   *         @arg @ref LL_RCC_PLLSAI1P_DIV_6
3524:Drivers/STM32WBxx_HAL_Driver/Inc/stm32wbxx_ll_rcc.h ****   *         @arg @ref LL_RCC_PLLSAI1P_DIV_7
3525:Drivers/STM32WBxx_HAL_Driver/Inc/stm32wbxx_ll_rcc.h ****   *         @arg @ref LL_RCC_PLLSAI1P_DIV_8
3526:Drivers/STM32WBxx_HAL_Driver/Inc/stm32wbxx_ll_rcc.h ****   *         @arg @ref LL_RCC_PLLSAI1P_DIV_9
3527:Drivers/STM32WBxx_HAL_Driver/Inc/stm32wbxx_ll_rcc.h ****   *         @arg @ref LL_RCC_PLLSAI1P_DIV_10
3528:Drivers/STM32WBxx_HAL_Driver/Inc/stm32wbxx_ll_rcc.h ****   *         @arg @ref LL_RCC_PLLSAI1P_DIV_11
3529:Drivers/STM32WBxx_HAL_Driver/Inc/stm32wbxx_ll_rcc.h ****   *         @arg @ref LL_RCC_PLLSAI1P_DIV_12
3530:Drivers/STM32WBxx_HAL_Driver/Inc/stm32wbxx_ll_rcc.h ****   *         @arg @ref LL_RCC_PLLSAI1P_DIV_13
3531:Drivers/STM32WBxx_HAL_Driver/Inc/stm32wbxx_ll_rcc.h ****   *         @arg @ref LL_RCC_PLLSAI1P_DIV_14
3532:Drivers/STM32WBxx_HAL_Driver/Inc/stm32wbxx_ll_rcc.h ****   *         @arg @ref LL_RCC_PLLSAI1P_DIV_15
3533:Drivers/STM32WBxx_HAL_Driver/Inc/stm32wbxx_ll_rcc.h ****   *         @arg @ref LL_RCC_PLLSAI1P_DIV_16
3534:Drivers/STM32WBxx_HAL_Driver/Inc/stm32wbxx_ll_rcc.h ****   *         @arg @ref LL_RCC_PLLSAI1P_DIV_17
3535:Drivers/STM32WBxx_HAL_Driver/Inc/stm32wbxx_ll_rcc.h ****   *         @arg @ref LL_RCC_PLLSAI1P_DIV_18
3536:Drivers/STM32WBxx_HAL_Driver/Inc/stm32wbxx_ll_rcc.h ****   *         @arg @ref LL_RCC_PLLSAI1P_DIV_19
3537:Drivers/STM32WBxx_HAL_Driver/Inc/stm32wbxx_ll_rcc.h ****   *         @arg @ref LL_RCC_PLLSAI1P_DIV_20
3538:Drivers/STM32WBxx_HAL_Driver/Inc/stm32wbxx_ll_rcc.h ****   *         @arg @ref LL_RCC_PLLSAI1P_DIV_21
3539:Drivers/STM32WBxx_HAL_Driver/Inc/stm32wbxx_ll_rcc.h ****   *         @arg @ref LL_RCC_PLLSAI1P_DIV_22
3540:Drivers/STM32WBxx_HAL_Driver/Inc/stm32wbxx_ll_rcc.h ****   *         @arg @ref LL_RCC_PLLSAI1P_DIV_23
3541:Drivers/STM32WBxx_HAL_Driver/Inc/stm32wbxx_ll_rcc.h ****   *         @arg @ref LL_RCC_PLLSAI1P_DIV_24
3542:Drivers/STM32WBxx_HAL_Driver/Inc/stm32wbxx_ll_rcc.h ****   *         @arg @ref LL_RCC_PLLSAI1P_DIV_25
3543:Drivers/STM32WBxx_HAL_Driver/Inc/stm32wbxx_ll_rcc.h ****   *         @arg @ref LL_RCC_PLLSAI1P_DIV_26
3544:Drivers/STM32WBxx_HAL_Driver/Inc/stm32wbxx_ll_rcc.h ****   *         @arg @ref LL_RCC_PLLSAI1P_DIV_27
3545:Drivers/STM32WBxx_HAL_Driver/Inc/stm32wbxx_ll_rcc.h ****   *         @arg @ref LL_RCC_PLLSAI1P_DIV_28
3546:Drivers/STM32WBxx_HAL_Driver/Inc/stm32wbxx_ll_rcc.h ****   *         @arg @ref LL_RCC_PLLSAI1P_DIV_29
3547:Drivers/STM32WBxx_HAL_Driver/Inc/stm32wbxx_ll_rcc.h ****   *         @arg @ref LL_RCC_PLLSAI1P_DIV_30
3548:Drivers/STM32WBxx_HAL_Driver/Inc/stm32wbxx_ll_rcc.h ****   *         @arg @ref LL_RCC_PLLSAI1P_DIV_31
3549:Drivers/STM32WBxx_HAL_Driver/Inc/stm32wbxx_ll_rcc.h ****   *         @arg @ref LL_RCC_PLLSAI1P_DIV_32
3550:Drivers/STM32WBxx_HAL_Driver/Inc/stm32wbxx_ll_rcc.h ****   * @retval None
3551:Drivers/STM32WBxx_HAL_Driver/Inc/stm32wbxx_ll_rcc.h ****   */
3552:Drivers/STM32WBxx_HAL_Driver/Inc/stm32wbxx_ll_rcc.h **** __STATIC_INLINE void LL_RCC_PLLSAI1_ConfigDomain_SAI(uint32_t Source, uint32_t PLLM, uint32_t PLLN,
3553:Drivers/STM32WBxx_HAL_Driver/Inc/stm32wbxx_ll_rcc.h **** {
3554:Drivers/STM32WBxx_HAL_Driver/Inc/stm32wbxx_ll_rcc.h ****   MODIFY_REG(RCC->PLLCFGR, RCC_PLLCFGR_PLLSRC | RCC_PLLCFGR_PLLM, Source | PLLM);
3555:Drivers/STM32WBxx_HAL_Driver/Inc/stm32wbxx_ll_rcc.h ****   MODIFY_REG(RCC->PLLSAI1CFGR, RCC_PLLSAI1CFGR_PLLN | RCC_PLLSAI1CFGR_PLLP,
3556:Drivers/STM32WBxx_HAL_Driver/Inc/stm32wbxx_ll_rcc.h ****              (PLLN << RCC_PLLSAI1CFGR_PLLN_Pos) | PLLP);
3557:Drivers/STM32WBxx_HAL_Driver/Inc/stm32wbxx_ll_rcc.h **** }
3558:Drivers/STM32WBxx_HAL_Driver/Inc/stm32wbxx_ll_rcc.h **** 
3559:Drivers/STM32WBxx_HAL_Driver/Inc/stm32wbxx_ll_rcc.h **** /**
3560:Drivers/STM32WBxx_HAL_Driver/Inc/stm32wbxx_ll_rcc.h ****   * @brief  Configure PLLSAI1 used for ADC domain clock
3561:Drivers/STM32WBxx_HAL_Driver/Inc/stm32wbxx_ll_rcc.h ****   * @note PLL Source and PLLM Divider can be written only when PLL is disabled
3562:Drivers/STM32WBxx_HAL_Driver/Inc/stm32wbxx_ll_rcc.h ****   *       PLLSAI1 are disabled
3563:Drivers/STM32WBxx_HAL_Driver/Inc/stm32wbxx_ll_rcc.h ****   * @note PLLN/PLLR can be written only when PLLSAI1 is disabled
3564:Drivers/STM32WBxx_HAL_Driver/Inc/stm32wbxx_ll_rcc.h ****   * @note This  can be selected for ADC
3565:Drivers/STM32WBxx_HAL_Driver/Inc/stm32wbxx_ll_rcc.h ****   * @rmtoll PLLCFGR      PLLSRC        LL_RCC_PLLSAI1_ConfigDomain_ADC\n
3566:Drivers/STM32WBxx_HAL_Driver/Inc/stm32wbxx_ll_rcc.h ****   *         PLLCFGR      PLLM          LL_RCC_PLLSAI1_ConfigDomain_ADC\n
3567:Drivers/STM32WBxx_HAL_Driver/Inc/stm32wbxx_ll_rcc.h ****   *         PLLSAI1CFGR  PLLN      LL_RCC_PLLSAI1_ConfigDomain_ADC\n
3568:Drivers/STM32WBxx_HAL_Driver/Inc/stm32wbxx_ll_rcc.h ****   *         PLLSAI1CFGR  PLLR      LL_RCC_PLLSAI1_ConfigDomain_ADC
3569:Drivers/STM32WBxx_HAL_Driver/Inc/stm32wbxx_ll_rcc.h ****   * @param  Source This parameter can be one of the following values:
3570:Drivers/STM32WBxx_HAL_Driver/Inc/stm32wbxx_ll_rcc.h ****   *         @arg @ref LL_RCC_PLLSOURCE_NONE
ARM GAS  C:\Users\843E~1\AppData\Local\Temp\cc5PNIRY.s 			page 113


3571:Drivers/STM32WBxx_HAL_Driver/Inc/stm32wbxx_ll_rcc.h ****   *         @arg @ref LL_RCC_PLLSOURCE_MSI
3572:Drivers/STM32WBxx_HAL_Driver/Inc/stm32wbxx_ll_rcc.h ****   *         @arg @ref LL_RCC_PLLSOURCE_HSI
3573:Drivers/STM32WBxx_HAL_Driver/Inc/stm32wbxx_ll_rcc.h ****   *         @arg @ref LL_RCC_PLLSOURCE_HSE
3574:Drivers/STM32WBxx_HAL_Driver/Inc/stm32wbxx_ll_rcc.h ****   * @param  PLLM This parameter can be one of the following values:
3575:Drivers/STM32WBxx_HAL_Driver/Inc/stm32wbxx_ll_rcc.h ****   *         @arg @ref LL_RCC_PLLM_DIV_1
3576:Drivers/STM32WBxx_HAL_Driver/Inc/stm32wbxx_ll_rcc.h ****   *         @arg @ref LL_RCC_PLLM_DIV_2
3577:Drivers/STM32WBxx_HAL_Driver/Inc/stm32wbxx_ll_rcc.h ****   *         @arg @ref LL_RCC_PLLM_DIV_3
3578:Drivers/STM32WBxx_HAL_Driver/Inc/stm32wbxx_ll_rcc.h ****   *         @arg @ref LL_RCC_PLLM_DIV_4
3579:Drivers/STM32WBxx_HAL_Driver/Inc/stm32wbxx_ll_rcc.h ****   *         @arg @ref LL_RCC_PLLM_DIV_5
3580:Drivers/STM32WBxx_HAL_Driver/Inc/stm32wbxx_ll_rcc.h ****   *         @arg @ref LL_RCC_PLLM_DIV_6
3581:Drivers/STM32WBxx_HAL_Driver/Inc/stm32wbxx_ll_rcc.h ****   *         @arg @ref LL_RCC_PLLM_DIV_7
3582:Drivers/STM32WBxx_HAL_Driver/Inc/stm32wbxx_ll_rcc.h ****   *         @arg @ref LL_RCC_PLLM_DIV_8
3583:Drivers/STM32WBxx_HAL_Driver/Inc/stm32wbxx_ll_rcc.h ****   * @param  PLLN Between 6 and 127
3584:Drivers/STM32WBxx_HAL_Driver/Inc/stm32wbxx_ll_rcc.h ****   * @param  PLLR This parameter can be one of the following values:
3585:Drivers/STM32WBxx_HAL_Driver/Inc/stm32wbxx_ll_rcc.h ****   *         @arg @ref LL_RCC_PLLSAI1R_DIV_2
3586:Drivers/STM32WBxx_HAL_Driver/Inc/stm32wbxx_ll_rcc.h ****   *         @arg @ref LL_RCC_PLLSAI1R_DIV_3
3587:Drivers/STM32WBxx_HAL_Driver/Inc/stm32wbxx_ll_rcc.h ****   *         @arg @ref LL_RCC_PLLSAI1R_DIV_4
3588:Drivers/STM32WBxx_HAL_Driver/Inc/stm32wbxx_ll_rcc.h ****   *         @arg @ref LL_RCC_PLLSAI1R_DIV_5
3589:Drivers/STM32WBxx_HAL_Driver/Inc/stm32wbxx_ll_rcc.h ****   *         @arg @ref LL_RCC_PLLSAI1R_DIV_6
3590:Drivers/STM32WBxx_HAL_Driver/Inc/stm32wbxx_ll_rcc.h ****   *         @arg @ref LL_RCC_PLLSAI1R_DIV_7
3591:Drivers/STM32WBxx_HAL_Driver/Inc/stm32wbxx_ll_rcc.h ****   *         @arg @ref LL_RCC_PLLSAI1R_DIV_8
3592:Drivers/STM32WBxx_HAL_Driver/Inc/stm32wbxx_ll_rcc.h ****   * @retval None
3593:Drivers/STM32WBxx_HAL_Driver/Inc/stm32wbxx_ll_rcc.h ****   */
3594:Drivers/STM32WBxx_HAL_Driver/Inc/stm32wbxx_ll_rcc.h **** __STATIC_INLINE void LL_RCC_PLLSAI1_ConfigDomain_ADC(uint32_t Source, uint32_t PLLM, uint32_t PLLN,
3595:Drivers/STM32WBxx_HAL_Driver/Inc/stm32wbxx_ll_rcc.h **** {
3596:Drivers/STM32WBxx_HAL_Driver/Inc/stm32wbxx_ll_rcc.h ****   MODIFY_REG(RCC->PLLCFGR, RCC_PLLCFGR_PLLSRC | RCC_PLLCFGR_PLLM, Source | PLLM);
3597:Drivers/STM32WBxx_HAL_Driver/Inc/stm32wbxx_ll_rcc.h ****   MODIFY_REG(RCC->PLLSAI1CFGR, RCC_PLLSAI1CFGR_PLLN | RCC_PLLSAI1CFGR_PLLR, (PLLN << RCC_PLLSAI1CFG
3598:Drivers/STM32WBxx_HAL_Driver/Inc/stm32wbxx_ll_rcc.h **** }
3599:Drivers/STM32WBxx_HAL_Driver/Inc/stm32wbxx_ll_rcc.h **** 
3600:Drivers/STM32WBxx_HAL_Driver/Inc/stm32wbxx_ll_rcc.h **** /**
3601:Drivers/STM32WBxx_HAL_Driver/Inc/stm32wbxx_ll_rcc.h ****   * @brief  Get SAI1PLL multiplication factor for VCO
3602:Drivers/STM32WBxx_HAL_Driver/Inc/stm32wbxx_ll_rcc.h ****   * @rmtoll PLLSAI1CFGR  PLLN      LL_RCC_PLLSAI1_GetN
3603:Drivers/STM32WBxx_HAL_Driver/Inc/stm32wbxx_ll_rcc.h ****   * @retval Between 6 and 127
3604:Drivers/STM32WBxx_HAL_Driver/Inc/stm32wbxx_ll_rcc.h ****   */
3605:Drivers/STM32WBxx_HAL_Driver/Inc/stm32wbxx_ll_rcc.h **** __STATIC_INLINE uint32_t LL_RCC_PLLSAI1_GetN(void)
3606:Drivers/STM32WBxx_HAL_Driver/Inc/stm32wbxx_ll_rcc.h **** {
3607:Drivers/STM32WBxx_HAL_Driver/Inc/stm32wbxx_ll_rcc.h ****   return (uint32_t)(READ_BIT(RCC->PLLSAI1CFGR, RCC_PLLSAI1CFGR_PLLN) >> RCC_PLLSAI1CFGR_PLLN_Pos);
3608:Drivers/STM32WBxx_HAL_Driver/Inc/stm32wbxx_ll_rcc.h **** }
3609:Drivers/STM32WBxx_HAL_Driver/Inc/stm32wbxx_ll_rcc.h **** 
3610:Drivers/STM32WBxx_HAL_Driver/Inc/stm32wbxx_ll_rcc.h **** /**
3611:Drivers/STM32WBxx_HAL_Driver/Inc/stm32wbxx_ll_rcc.h ****   * @brief  Get SAI1PLL division factor for PLLSAI1P
3612:Drivers/STM32WBxx_HAL_Driver/Inc/stm32wbxx_ll_rcc.h ****   * @note used for PLLSAI1CLK (SAI1 or SAI2 (*) clock).
3613:Drivers/STM32WBxx_HAL_Driver/Inc/stm32wbxx_ll_rcc.h ****   * @rmtoll PLLSAI1CFGR  PLLP      LL_RCC_PLLSAI1_GetP
3614:Drivers/STM32WBxx_HAL_Driver/Inc/stm32wbxx_ll_rcc.h ****   * @retval Returned value can be one of the following values:
3615:Drivers/STM32WBxx_HAL_Driver/Inc/stm32wbxx_ll_rcc.h ****   *         @arg @ref LL_RCC_PLLSAI1P_DIV_2
3616:Drivers/STM32WBxx_HAL_Driver/Inc/stm32wbxx_ll_rcc.h ****   *         @arg @ref LL_RCC_PLLSAI1P_DIV_3
3617:Drivers/STM32WBxx_HAL_Driver/Inc/stm32wbxx_ll_rcc.h ****   *         @arg @ref LL_RCC_PLLSAI1P_DIV_4
3618:Drivers/STM32WBxx_HAL_Driver/Inc/stm32wbxx_ll_rcc.h ****   *         @arg @ref LL_RCC_PLLSAI1P_DIV_5
3619:Drivers/STM32WBxx_HAL_Driver/Inc/stm32wbxx_ll_rcc.h ****   *         @arg @ref LL_RCC_PLLSAI1P_DIV_6
3620:Drivers/STM32WBxx_HAL_Driver/Inc/stm32wbxx_ll_rcc.h ****   *         @arg @ref LL_RCC_PLLSAI1P_DIV_7
3621:Drivers/STM32WBxx_HAL_Driver/Inc/stm32wbxx_ll_rcc.h ****   *         @arg @ref LL_RCC_PLLSAI1P_DIV_8
3622:Drivers/STM32WBxx_HAL_Driver/Inc/stm32wbxx_ll_rcc.h ****   *         @arg @ref LL_RCC_PLLSAI1P_DIV_9
3623:Drivers/STM32WBxx_HAL_Driver/Inc/stm32wbxx_ll_rcc.h ****   *         @arg @ref LL_RCC_PLLSAI1P_DIV_10
3624:Drivers/STM32WBxx_HAL_Driver/Inc/stm32wbxx_ll_rcc.h ****   *         @arg @ref LL_RCC_PLLSAI1P_DIV_11
3625:Drivers/STM32WBxx_HAL_Driver/Inc/stm32wbxx_ll_rcc.h ****   *         @arg @ref LL_RCC_PLLSAI1P_DIV_12
3626:Drivers/STM32WBxx_HAL_Driver/Inc/stm32wbxx_ll_rcc.h ****   *         @arg @ref LL_RCC_PLLSAI1P_DIV_13
3627:Drivers/STM32WBxx_HAL_Driver/Inc/stm32wbxx_ll_rcc.h ****   *         @arg @ref LL_RCC_PLLSAI1P_DIV_14
ARM GAS  C:\Users\843E~1\AppData\Local\Temp\cc5PNIRY.s 			page 114


3628:Drivers/STM32WBxx_HAL_Driver/Inc/stm32wbxx_ll_rcc.h ****   *         @arg @ref LL_RCC_PLLSAI1P_DIV_15
3629:Drivers/STM32WBxx_HAL_Driver/Inc/stm32wbxx_ll_rcc.h ****   *         @arg @ref LL_RCC_PLLSAI1P_DIV_16
3630:Drivers/STM32WBxx_HAL_Driver/Inc/stm32wbxx_ll_rcc.h ****   *         @arg @ref LL_RCC_PLLSAI1P_DIV_17
3631:Drivers/STM32WBxx_HAL_Driver/Inc/stm32wbxx_ll_rcc.h ****   *         @arg @ref LL_RCC_PLLSAI1P_DIV_18
3632:Drivers/STM32WBxx_HAL_Driver/Inc/stm32wbxx_ll_rcc.h ****   *         @arg @ref LL_RCC_PLLSAI1P_DIV_19
3633:Drivers/STM32WBxx_HAL_Driver/Inc/stm32wbxx_ll_rcc.h ****   *         @arg @ref LL_RCC_PLLSAI1P_DIV_20
3634:Drivers/STM32WBxx_HAL_Driver/Inc/stm32wbxx_ll_rcc.h ****   *         @arg @ref LL_RCC_PLLSAI1P_DIV_21
3635:Drivers/STM32WBxx_HAL_Driver/Inc/stm32wbxx_ll_rcc.h ****   *         @arg @ref LL_RCC_PLLSAI1P_DIV_22
3636:Drivers/STM32WBxx_HAL_Driver/Inc/stm32wbxx_ll_rcc.h ****   *         @arg @ref LL_RCC_PLLSAI1P_DIV_23
3637:Drivers/STM32WBxx_HAL_Driver/Inc/stm32wbxx_ll_rcc.h ****   *         @arg @ref LL_RCC_PLLSAI1P_DIV_24
3638:Drivers/STM32WBxx_HAL_Driver/Inc/stm32wbxx_ll_rcc.h ****   *         @arg @ref LL_RCC_PLLSAI1P_DIV_25
3639:Drivers/STM32WBxx_HAL_Driver/Inc/stm32wbxx_ll_rcc.h ****   *         @arg @ref LL_RCC_PLLSAI1P_DIV_26
3640:Drivers/STM32WBxx_HAL_Driver/Inc/stm32wbxx_ll_rcc.h ****   *         @arg @ref LL_RCC_PLLSAI1P_DIV_27
3641:Drivers/STM32WBxx_HAL_Driver/Inc/stm32wbxx_ll_rcc.h ****   *         @arg @ref LL_RCC_PLLSAI1P_DIV_28
3642:Drivers/STM32WBxx_HAL_Driver/Inc/stm32wbxx_ll_rcc.h ****   *         @arg @ref LL_RCC_PLLSAI1P_DIV_29
3643:Drivers/STM32WBxx_HAL_Driver/Inc/stm32wbxx_ll_rcc.h ****   *         @arg @ref LL_RCC_PLLSAI1P_DIV_30
3644:Drivers/STM32WBxx_HAL_Driver/Inc/stm32wbxx_ll_rcc.h ****   *         @arg @ref LL_RCC_PLLSAI1P_DIV_31
3645:Drivers/STM32WBxx_HAL_Driver/Inc/stm32wbxx_ll_rcc.h ****   *         @arg @ref LL_RCC_PLLSAI1P_DIV_32
3646:Drivers/STM32WBxx_HAL_Driver/Inc/stm32wbxx_ll_rcc.h ****   */
3647:Drivers/STM32WBxx_HAL_Driver/Inc/stm32wbxx_ll_rcc.h **** __STATIC_INLINE uint32_t LL_RCC_PLLSAI1_GetP(void)
3648:Drivers/STM32WBxx_HAL_Driver/Inc/stm32wbxx_ll_rcc.h **** {
3649:Drivers/STM32WBxx_HAL_Driver/Inc/stm32wbxx_ll_rcc.h ****   return (uint32_t)(READ_BIT(RCC->PLLSAI1CFGR, RCC_PLLSAI1CFGR_PLLP));
3650:Drivers/STM32WBxx_HAL_Driver/Inc/stm32wbxx_ll_rcc.h **** }
3651:Drivers/STM32WBxx_HAL_Driver/Inc/stm32wbxx_ll_rcc.h **** 
3652:Drivers/STM32WBxx_HAL_Driver/Inc/stm32wbxx_ll_rcc.h **** /**
3653:Drivers/STM32WBxx_HAL_Driver/Inc/stm32wbxx_ll_rcc.h ****   * @brief  Get SAI1PLL division factor for PLLQ
3654:Drivers/STM32WBxx_HAL_Driver/Inc/stm32wbxx_ll_rcc.h ****   * @note used PLL48M2CLK selected for USB, RNG (48 MHz clock)
3655:Drivers/STM32WBxx_HAL_Driver/Inc/stm32wbxx_ll_rcc.h ****   * @rmtoll PLLSAI1CFGR  PLLQ      LL_RCC_PLLSAI1_GetQ
3656:Drivers/STM32WBxx_HAL_Driver/Inc/stm32wbxx_ll_rcc.h ****   * @retval Returned value can be one of the following values:
3657:Drivers/STM32WBxx_HAL_Driver/Inc/stm32wbxx_ll_rcc.h ****   *         @arg @ref LL_RCC_PLLSAI1Q_DIV_2
3658:Drivers/STM32WBxx_HAL_Driver/Inc/stm32wbxx_ll_rcc.h ****   *         @arg @ref LL_RCC_PLLSAI1Q_DIV_3
3659:Drivers/STM32WBxx_HAL_Driver/Inc/stm32wbxx_ll_rcc.h ****   *         @arg @ref LL_RCC_PLLSAI1Q_DIV_4
3660:Drivers/STM32WBxx_HAL_Driver/Inc/stm32wbxx_ll_rcc.h ****   *         @arg @ref LL_RCC_PLLSAI1Q_DIV_5
3661:Drivers/STM32WBxx_HAL_Driver/Inc/stm32wbxx_ll_rcc.h ****   *         @arg @ref LL_RCC_PLLSAI1Q_DIV_6
3662:Drivers/STM32WBxx_HAL_Driver/Inc/stm32wbxx_ll_rcc.h ****   *         @arg @ref LL_RCC_PLLSAI1Q_DIV_7
3663:Drivers/STM32WBxx_HAL_Driver/Inc/stm32wbxx_ll_rcc.h ****   *         @arg @ref LL_RCC_PLLSAI1Q_DIV_8
3664:Drivers/STM32WBxx_HAL_Driver/Inc/stm32wbxx_ll_rcc.h ****   */
3665:Drivers/STM32WBxx_HAL_Driver/Inc/stm32wbxx_ll_rcc.h **** __STATIC_INLINE uint32_t LL_RCC_PLLSAI1_GetQ(void)
3666:Drivers/STM32WBxx_HAL_Driver/Inc/stm32wbxx_ll_rcc.h **** {
3667:Drivers/STM32WBxx_HAL_Driver/Inc/stm32wbxx_ll_rcc.h ****   return (uint32_t)(READ_BIT(RCC->PLLSAI1CFGR, RCC_PLLSAI1CFGR_PLLQ));
3668:Drivers/STM32WBxx_HAL_Driver/Inc/stm32wbxx_ll_rcc.h **** }
3669:Drivers/STM32WBxx_HAL_Driver/Inc/stm32wbxx_ll_rcc.h **** 
3670:Drivers/STM32WBxx_HAL_Driver/Inc/stm32wbxx_ll_rcc.h **** /**
3671:Drivers/STM32WBxx_HAL_Driver/Inc/stm32wbxx_ll_rcc.h ****   * @brief  Get PLLSAI1 division factor for PLLSAIR
3672:Drivers/STM32WBxx_HAL_Driver/Inc/stm32wbxx_ll_rcc.h ****   * @note used for PLLADC1CLK (ADC clock)
3673:Drivers/STM32WBxx_HAL_Driver/Inc/stm32wbxx_ll_rcc.h ****   * @rmtoll PLLSAI1CFGR  PLLR      LL_RCC_PLLSAI1_GetR
3674:Drivers/STM32WBxx_HAL_Driver/Inc/stm32wbxx_ll_rcc.h ****   * @retval Returned value can be one of the following values:
3675:Drivers/STM32WBxx_HAL_Driver/Inc/stm32wbxx_ll_rcc.h ****   *         @arg @ref LL_RCC_PLLSAI1R_DIV_2
3676:Drivers/STM32WBxx_HAL_Driver/Inc/stm32wbxx_ll_rcc.h ****   *         @arg @ref LL_RCC_PLLSAI1R_DIV_3
3677:Drivers/STM32WBxx_HAL_Driver/Inc/stm32wbxx_ll_rcc.h ****   *         @arg @ref LL_RCC_PLLSAI1R_DIV_4
3678:Drivers/STM32WBxx_HAL_Driver/Inc/stm32wbxx_ll_rcc.h ****   *         @arg @ref LL_RCC_PLLSAI1R_DIV_5
3679:Drivers/STM32WBxx_HAL_Driver/Inc/stm32wbxx_ll_rcc.h ****   *         @arg @ref LL_RCC_PLLSAI1R_DIV_6
3680:Drivers/STM32WBxx_HAL_Driver/Inc/stm32wbxx_ll_rcc.h ****   *         @arg @ref LL_RCC_PLLSAI1R_DIV_7
3681:Drivers/STM32WBxx_HAL_Driver/Inc/stm32wbxx_ll_rcc.h ****   *         @arg @ref LL_RCC_PLLSAI1R_DIV_8
3682:Drivers/STM32WBxx_HAL_Driver/Inc/stm32wbxx_ll_rcc.h ****   */
3683:Drivers/STM32WBxx_HAL_Driver/Inc/stm32wbxx_ll_rcc.h **** __STATIC_INLINE uint32_t LL_RCC_PLLSAI1_GetR(void)
3684:Drivers/STM32WBxx_HAL_Driver/Inc/stm32wbxx_ll_rcc.h **** {
ARM GAS  C:\Users\843E~1\AppData\Local\Temp\cc5PNIRY.s 			page 115


3685:Drivers/STM32WBxx_HAL_Driver/Inc/stm32wbxx_ll_rcc.h ****   return (uint32_t)(READ_BIT(RCC->PLLSAI1CFGR, RCC_PLLSAI1CFGR_PLLR));
3686:Drivers/STM32WBxx_HAL_Driver/Inc/stm32wbxx_ll_rcc.h **** }
3687:Drivers/STM32WBxx_HAL_Driver/Inc/stm32wbxx_ll_rcc.h **** 
3688:Drivers/STM32WBxx_HAL_Driver/Inc/stm32wbxx_ll_rcc.h **** 
3689:Drivers/STM32WBxx_HAL_Driver/Inc/stm32wbxx_ll_rcc.h **** /**
3690:Drivers/STM32WBxx_HAL_Driver/Inc/stm32wbxx_ll_rcc.h ****   * @brief  Enable PLLSAI1 output mapped on SAI domain clock
3691:Drivers/STM32WBxx_HAL_Driver/Inc/stm32wbxx_ll_rcc.h ****   * @rmtoll PLLSAI1CFGR  PLLPEN    LL_RCC_PLLSAI1_EnableDomain_SAI
3692:Drivers/STM32WBxx_HAL_Driver/Inc/stm32wbxx_ll_rcc.h ****   * @retval None
3693:Drivers/STM32WBxx_HAL_Driver/Inc/stm32wbxx_ll_rcc.h ****   */
3694:Drivers/STM32WBxx_HAL_Driver/Inc/stm32wbxx_ll_rcc.h **** __STATIC_INLINE void LL_RCC_PLLSAI1_EnableDomain_SAI(void)
3695:Drivers/STM32WBxx_HAL_Driver/Inc/stm32wbxx_ll_rcc.h **** {
3696:Drivers/STM32WBxx_HAL_Driver/Inc/stm32wbxx_ll_rcc.h ****   SET_BIT(RCC->PLLSAI1CFGR, RCC_PLLSAI1CFGR_PLLPEN);
3697:Drivers/STM32WBxx_HAL_Driver/Inc/stm32wbxx_ll_rcc.h **** }
3698:Drivers/STM32WBxx_HAL_Driver/Inc/stm32wbxx_ll_rcc.h **** 
3699:Drivers/STM32WBxx_HAL_Driver/Inc/stm32wbxx_ll_rcc.h **** /**
3700:Drivers/STM32WBxx_HAL_Driver/Inc/stm32wbxx_ll_rcc.h ****   * @brief  Disable PLLSAI1 output mapped on SAI domain clock
3701:Drivers/STM32WBxx_HAL_Driver/Inc/stm32wbxx_ll_rcc.h ****   * @note In order to save power, when  of the PLLSAI1 is
3702:Drivers/STM32WBxx_HAL_Driver/Inc/stm32wbxx_ll_rcc.h ****   *       not used, should be 0
3703:Drivers/STM32WBxx_HAL_Driver/Inc/stm32wbxx_ll_rcc.h ****   * @rmtoll PLLSAI1CFGR  PLLPEN    LL_RCC_PLLSAI1_DisableDomain_SAI
3704:Drivers/STM32WBxx_HAL_Driver/Inc/stm32wbxx_ll_rcc.h ****   * @retval None
3705:Drivers/STM32WBxx_HAL_Driver/Inc/stm32wbxx_ll_rcc.h ****   */
3706:Drivers/STM32WBxx_HAL_Driver/Inc/stm32wbxx_ll_rcc.h **** __STATIC_INLINE void LL_RCC_PLLSAI1_DisableDomain_SAI(void)
3707:Drivers/STM32WBxx_HAL_Driver/Inc/stm32wbxx_ll_rcc.h **** {
3708:Drivers/STM32WBxx_HAL_Driver/Inc/stm32wbxx_ll_rcc.h ****   CLEAR_BIT(RCC->PLLSAI1CFGR, RCC_PLLSAI1CFGR_PLLPEN);
3709:Drivers/STM32WBxx_HAL_Driver/Inc/stm32wbxx_ll_rcc.h **** }
3710:Drivers/STM32WBxx_HAL_Driver/Inc/stm32wbxx_ll_rcc.h **** 
3711:Drivers/STM32WBxx_HAL_Driver/Inc/stm32wbxx_ll_rcc.h **** /**
3712:Drivers/STM32WBxx_HAL_Driver/Inc/stm32wbxx_ll_rcc.h ****   * @brief  Check if PLLSAI1 output mapped on SAI domain clock is enabled
3713:Drivers/STM32WBxx_HAL_Driver/Inc/stm32wbxx_ll_rcc.h ****   * @rmtoll PLLSAI1CFGR  PLLPEN        LL_RCC_PLLSAI1_IsEnabledDomain_SAI
3714:Drivers/STM32WBxx_HAL_Driver/Inc/stm32wbxx_ll_rcc.h ****   * @retval State of bit (1 or 0).
3715:Drivers/STM32WBxx_HAL_Driver/Inc/stm32wbxx_ll_rcc.h ****   */
3716:Drivers/STM32WBxx_HAL_Driver/Inc/stm32wbxx_ll_rcc.h **** __STATIC_INLINE uint32_t LL_RCC_PLLSAI1_IsEnabledDomain_SAI(void)
3717:Drivers/STM32WBxx_HAL_Driver/Inc/stm32wbxx_ll_rcc.h **** {
3718:Drivers/STM32WBxx_HAL_Driver/Inc/stm32wbxx_ll_rcc.h ****   return ((READ_BIT(RCC->PLLSAI1CFGR, RCC_PLLSAI1CFGR_PLLPEN) == (RCC_PLLSAI1CFGR_PLLPEN)) ? 1UL : 
3719:Drivers/STM32WBxx_HAL_Driver/Inc/stm32wbxx_ll_rcc.h **** }
3720:Drivers/STM32WBxx_HAL_Driver/Inc/stm32wbxx_ll_rcc.h **** 
3721:Drivers/STM32WBxx_HAL_Driver/Inc/stm32wbxx_ll_rcc.h **** /**
3722:Drivers/STM32WBxx_HAL_Driver/Inc/stm32wbxx_ll_rcc.h ****   * @brief  Enable PLLSAI1 output mapped on 48MHz domain clock
3723:Drivers/STM32WBxx_HAL_Driver/Inc/stm32wbxx_ll_rcc.h ****   * @rmtoll PLLSAI1CFGR  PLLQEN    LL_RCC_PLLSAI1_EnableDomain_48M
3724:Drivers/STM32WBxx_HAL_Driver/Inc/stm32wbxx_ll_rcc.h ****   * @retval None
3725:Drivers/STM32WBxx_HAL_Driver/Inc/stm32wbxx_ll_rcc.h ****   */
3726:Drivers/STM32WBxx_HAL_Driver/Inc/stm32wbxx_ll_rcc.h **** __STATIC_INLINE void LL_RCC_PLLSAI1_EnableDomain_48M(void)
3727:Drivers/STM32WBxx_HAL_Driver/Inc/stm32wbxx_ll_rcc.h **** {
3728:Drivers/STM32WBxx_HAL_Driver/Inc/stm32wbxx_ll_rcc.h ****   SET_BIT(RCC->PLLSAI1CFGR, RCC_PLLSAI1CFGR_PLLQEN);
3729:Drivers/STM32WBxx_HAL_Driver/Inc/stm32wbxx_ll_rcc.h **** }
3730:Drivers/STM32WBxx_HAL_Driver/Inc/stm32wbxx_ll_rcc.h **** 
3731:Drivers/STM32WBxx_HAL_Driver/Inc/stm32wbxx_ll_rcc.h **** /**
3732:Drivers/STM32WBxx_HAL_Driver/Inc/stm32wbxx_ll_rcc.h ****   * @brief  Disable PLLSAI1 output mapped on 48MHz domain clock
3733:Drivers/STM32WBxx_HAL_Driver/Inc/stm32wbxx_ll_rcc.h ****   * @note In order to save power, when  of the PLLSAI1 is
3734:Drivers/STM32WBxx_HAL_Driver/Inc/stm32wbxx_ll_rcc.h ****   *       not used, should be 0
3735:Drivers/STM32WBxx_HAL_Driver/Inc/stm32wbxx_ll_rcc.h ****   * @rmtoll PLLSAI1CFGR  PLLQEN    LL_RCC_PLLSAI1_DisableDomain_48M
3736:Drivers/STM32WBxx_HAL_Driver/Inc/stm32wbxx_ll_rcc.h ****   * @retval None
3737:Drivers/STM32WBxx_HAL_Driver/Inc/stm32wbxx_ll_rcc.h ****   */
3738:Drivers/STM32WBxx_HAL_Driver/Inc/stm32wbxx_ll_rcc.h **** __STATIC_INLINE void LL_RCC_PLLSAI1_DisableDomain_48M(void)
3739:Drivers/STM32WBxx_HAL_Driver/Inc/stm32wbxx_ll_rcc.h **** {
3740:Drivers/STM32WBxx_HAL_Driver/Inc/stm32wbxx_ll_rcc.h ****   CLEAR_BIT(RCC->PLLSAI1CFGR, RCC_PLLSAI1CFGR_PLLQEN);
3741:Drivers/STM32WBxx_HAL_Driver/Inc/stm32wbxx_ll_rcc.h **** }
ARM GAS  C:\Users\843E~1\AppData\Local\Temp\cc5PNIRY.s 			page 116


3742:Drivers/STM32WBxx_HAL_Driver/Inc/stm32wbxx_ll_rcc.h **** 
3743:Drivers/STM32WBxx_HAL_Driver/Inc/stm32wbxx_ll_rcc.h **** /**
3744:Drivers/STM32WBxx_HAL_Driver/Inc/stm32wbxx_ll_rcc.h ****   * @brief  Check if PLLSAI1 output mapped on 48MHz domain clock is enabled
3745:Drivers/STM32WBxx_HAL_Driver/Inc/stm32wbxx_ll_rcc.h ****   * @rmtoll PLLSAI1CFGR  PLLQEN        LL_RCC_PLLSAI1_IsEnabledDomain_48M
3746:Drivers/STM32WBxx_HAL_Driver/Inc/stm32wbxx_ll_rcc.h ****   * @retval State of bit (1 or 0).
3747:Drivers/STM32WBxx_HAL_Driver/Inc/stm32wbxx_ll_rcc.h ****   */
3748:Drivers/STM32WBxx_HAL_Driver/Inc/stm32wbxx_ll_rcc.h **** __STATIC_INLINE uint32_t LL_RCC_PLLSAI1_IsEnabledDomain_48M(void)
3749:Drivers/STM32WBxx_HAL_Driver/Inc/stm32wbxx_ll_rcc.h **** {
3750:Drivers/STM32WBxx_HAL_Driver/Inc/stm32wbxx_ll_rcc.h ****   return ((READ_BIT(RCC->PLLSAI1CFGR, RCC_PLLSAI1CFGR_PLLQEN) == (RCC_PLLSAI1CFGR_PLLQEN)) ? 1UL : 
3751:Drivers/STM32WBxx_HAL_Driver/Inc/stm32wbxx_ll_rcc.h **** }
3752:Drivers/STM32WBxx_HAL_Driver/Inc/stm32wbxx_ll_rcc.h **** 
3753:Drivers/STM32WBxx_HAL_Driver/Inc/stm32wbxx_ll_rcc.h **** /**
3754:Drivers/STM32WBxx_HAL_Driver/Inc/stm32wbxx_ll_rcc.h ****   * @brief  Enable PLLSAI1 output mapped on ADC domain clock
3755:Drivers/STM32WBxx_HAL_Driver/Inc/stm32wbxx_ll_rcc.h ****   * @rmtoll PLLSAI1CFGR  PLLREN    LL_RCC_PLLSAI1_EnableDomain_ADC
3756:Drivers/STM32WBxx_HAL_Driver/Inc/stm32wbxx_ll_rcc.h ****   * @retval None
3757:Drivers/STM32WBxx_HAL_Driver/Inc/stm32wbxx_ll_rcc.h ****   */
3758:Drivers/STM32WBxx_HAL_Driver/Inc/stm32wbxx_ll_rcc.h **** __STATIC_INLINE void LL_RCC_PLLSAI1_EnableDomain_ADC(void)
3759:Drivers/STM32WBxx_HAL_Driver/Inc/stm32wbxx_ll_rcc.h **** {
3760:Drivers/STM32WBxx_HAL_Driver/Inc/stm32wbxx_ll_rcc.h ****   SET_BIT(RCC->PLLSAI1CFGR, RCC_PLLSAI1CFGR_PLLREN);
3761:Drivers/STM32WBxx_HAL_Driver/Inc/stm32wbxx_ll_rcc.h **** }
3762:Drivers/STM32WBxx_HAL_Driver/Inc/stm32wbxx_ll_rcc.h **** 
3763:Drivers/STM32WBxx_HAL_Driver/Inc/stm32wbxx_ll_rcc.h **** /**
3764:Drivers/STM32WBxx_HAL_Driver/Inc/stm32wbxx_ll_rcc.h ****   * @brief  Disable PLLSAI1 output mapped on ADC domain clock
3765:Drivers/STM32WBxx_HAL_Driver/Inc/stm32wbxx_ll_rcc.h ****   * @note In order to save power, when  of the PLLSAI1 is
3766:Drivers/STM32WBxx_HAL_Driver/Inc/stm32wbxx_ll_rcc.h ****   *       not used, Main PLLSAI1 should be 0
3767:Drivers/STM32WBxx_HAL_Driver/Inc/stm32wbxx_ll_rcc.h ****   * @rmtoll PLLSAI1CFGR  PLLREN    LL_RCC_PLLSAI1_DisableDomain_ADC
3768:Drivers/STM32WBxx_HAL_Driver/Inc/stm32wbxx_ll_rcc.h ****   * @retval None
3769:Drivers/STM32WBxx_HAL_Driver/Inc/stm32wbxx_ll_rcc.h ****   */
3770:Drivers/STM32WBxx_HAL_Driver/Inc/stm32wbxx_ll_rcc.h **** __STATIC_INLINE void LL_RCC_PLLSAI1_DisableDomain_ADC(void)
3771:Drivers/STM32WBxx_HAL_Driver/Inc/stm32wbxx_ll_rcc.h **** {
3772:Drivers/STM32WBxx_HAL_Driver/Inc/stm32wbxx_ll_rcc.h ****   CLEAR_BIT(RCC->PLLSAI1CFGR, RCC_PLLSAI1CFGR_PLLREN);
3773:Drivers/STM32WBxx_HAL_Driver/Inc/stm32wbxx_ll_rcc.h **** }
3774:Drivers/STM32WBxx_HAL_Driver/Inc/stm32wbxx_ll_rcc.h **** 
3775:Drivers/STM32WBxx_HAL_Driver/Inc/stm32wbxx_ll_rcc.h **** /**
3776:Drivers/STM32WBxx_HAL_Driver/Inc/stm32wbxx_ll_rcc.h ****   * @brief  Check if PLLSAI1 output mapped on ADC domain clock is enabled
3777:Drivers/STM32WBxx_HAL_Driver/Inc/stm32wbxx_ll_rcc.h ****   * @rmtoll PLLSAI1CFGR  PLLREN        LL_RCC_PLLSAI1_IsEnabledDomain_ADC
3778:Drivers/STM32WBxx_HAL_Driver/Inc/stm32wbxx_ll_rcc.h ****   * @retval State of bit (1 or 0).
3779:Drivers/STM32WBxx_HAL_Driver/Inc/stm32wbxx_ll_rcc.h ****   */
3780:Drivers/STM32WBxx_HAL_Driver/Inc/stm32wbxx_ll_rcc.h **** __STATIC_INLINE uint32_t LL_RCC_PLLSAI1_IsEnabledDomain_ADC(void)
3781:Drivers/STM32WBxx_HAL_Driver/Inc/stm32wbxx_ll_rcc.h **** {
3782:Drivers/STM32WBxx_HAL_Driver/Inc/stm32wbxx_ll_rcc.h ****   return ((READ_BIT(RCC->PLLSAI1CFGR, RCC_PLLSAI1CFGR_PLLREN) == (RCC_PLLSAI1CFGR_PLLREN)) ? 1UL : 
3783:Drivers/STM32WBxx_HAL_Driver/Inc/stm32wbxx_ll_rcc.h **** }
3784:Drivers/STM32WBxx_HAL_Driver/Inc/stm32wbxx_ll_rcc.h **** #endif /* SAI1 */
3785:Drivers/STM32WBxx_HAL_Driver/Inc/stm32wbxx_ll_rcc.h **** 
3786:Drivers/STM32WBxx_HAL_Driver/Inc/stm32wbxx_ll_rcc.h **** /**
3787:Drivers/STM32WBxx_HAL_Driver/Inc/stm32wbxx_ll_rcc.h ****   * @}
3788:Drivers/STM32WBxx_HAL_Driver/Inc/stm32wbxx_ll_rcc.h ****   */
3789:Drivers/STM32WBxx_HAL_Driver/Inc/stm32wbxx_ll_rcc.h **** 
3790:Drivers/STM32WBxx_HAL_Driver/Inc/stm32wbxx_ll_rcc.h **** 
3791:Drivers/STM32WBxx_HAL_Driver/Inc/stm32wbxx_ll_rcc.h **** 
3792:Drivers/STM32WBxx_HAL_Driver/Inc/stm32wbxx_ll_rcc.h **** /** @defgroup RCC_LL_EF_FLAG_Management FLAG Management
3793:Drivers/STM32WBxx_HAL_Driver/Inc/stm32wbxx_ll_rcc.h ****   * @{
3794:Drivers/STM32WBxx_HAL_Driver/Inc/stm32wbxx_ll_rcc.h ****   */
3795:Drivers/STM32WBxx_HAL_Driver/Inc/stm32wbxx_ll_rcc.h **** 
3796:Drivers/STM32WBxx_HAL_Driver/Inc/stm32wbxx_ll_rcc.h **** /**
3797:Drivers/STM32WBxx_HAL_Driver/Inc/stm32wbxx_ll_rcc.h ****   * @brief  Clear LSI1 ready interrupt flag
3798:Drivers/STM32WBxx_HAL_Driver/Inc/stm32wbxx_ll_rcc.h ****   * @rmtoll CICR         LSI1RDYC       LL_RCC_ClearFlag_LSI1RDY
ARM GAS  C:\Users\843E~1\AppData\Local\Temp\cc5PNIRY.s 			page 117


3799:Drivers/STM32WBxx_HAL_Driver/Inc/stm32wbxx_ll_rcc.h ****   * @retval None
3800:Drivers/STM32WBxx_HAL_Driver/Inc/stm32wbxx_ll_rcc.h ****   */
3801:Drivers/STM32WBxx_HAL_Driver/Inc/stm32wbxx_ll_rcc.h **** __STATIC_INLINE void LL_RCC_ClearFlag_LSI1RDY(void)
3802:Drivers/STM32WBxx_HAL_Driver/Inc/stm32wbxx_ll_rcc.h **** {
3803:Drivers/STM32WBxx_HAL_Driver/Inc/stm32wbxx_ll_rcc.h ****   SET_BIT(RCC->CICR, RCC_CICR_LSI1RDYC);
3804:Drivers/STM32WBxx_HAL_Driver/Inc/stm32wbxx_ll_rcc.h **** }
3805:Drivers/STM32WBxx_HAL_Driver/Inc/stm32wbxx_ll_rcc.h **** 
3806:Drivers/STM32WBxx_HAL_Driver/Inc/stm32wbxx_ll_rcc.h **** /**
3807:Drivers/STM32WBxx_HAL_Driver/Inc/stm32wbxx_ll_rcc.h ****   * @brief  Clear LSI2 ready interrupt flag
3808:Drivers/STM32WBxx_HAL_Driver/Inc/stm32wbxx_ll_rcc.h ****   * @rmtoll CICR         LSI2RDYC       LL_RCC_ClearFlag_LSI2RDY
3809:Drivers/STM32WBxx_HAL_Driver/Inc/stm32wbxx_ll_rcc.h ****   * @retval None
3810:Drivers/STM32WBxx_HAL_Driver/Inc/stm32wbxx_ll_rcc.h ****   */
3811:Drivers/STM32WBxx_HAL_Driver/Inc/stm32wbxx_ll_rcc.h **** __STATIC_INLINE void LL_RCC_ClearFlag_LSI2RDY(void)
3812:Drivers/STM32WBxx_HAL_Driver/Inc/stm32wbxx_ll_rcc.h **** {
3813:Drivers/STM32WBxx_HAL_Driver/Inc/stm32wbxx_ll_rcc.h ****   SET_BIT(RCC->CICR, RCC_CICR_LSI2RDYC);
3814:Drivers/STM32WBxx_HAL_Driver/Inc/stm32wbxx_ll_rcc.h **** }
3815:Drivers/STM32WBxx_HAL_Driver/Inc/stm32wbxx_ll_rcc.h **** 
3816:Drivers/STM32WBxx_HAL_Driver/Inc/stm32wbxx_ll_rcc.h **** /**
3817:Drivers/STM32WBxx_HAL_Driver/Inc/stm32wbxx_ll_rcc.h ****   * @brief  Clear LSE ready interrupt flag
3818:Drivers/STM32WBxx_HAL_Driver/Inc/stm32wbxx_ll_rcc.h ****   * @rmtoll CICR         LSERDYC       LL_RCC_ClearFlag_LSERDY
3819:Drivers/STM32WBxx_HAL_Driver/Inc/stm32wbxx_ll_rcc.h ****   * @retval None
3820:Drivers/STM32WBxx_HAL_Driver/Inc/stm32wbxx_ll_rcc.h ****   */
3821:Drivers/STM32WBxx_HAL_Driver/Inc/stm32wbxx_ll_rcc.h **** __STATIC_INLINE void LL_RCC_ClearFlag_LSERDY(void)
3822:Drivers/STM32WBxx_HAL_Driver/Inc/stm32wbxx_ll_rcc.h **** {
3823:Drivers/STM32WBxx_HAL_Driver/Inc/stm32wbxx_ll_rcc.h ****   SET_BIT(RCC->CICR, RCC_CICR_LSERDYC);
3824:Drivers/STM32WBxx_HAL_Driver/Inc/stm32wbxx_ll_rcc.h **** }
3825:Drivers/STM32WBxx_HAL_Driver/Inc/stm32wbxx_ll_rcc.h **** 
3826:Drivers/STM32WBxx_HAL_Driver/Inc/stm32wbxx_ll_rcc.h **** /**
3827:Drivers/STM32WBxx_HAL_Driver/Inc/stm32wbxx_ll_rcc.h ****   * @brief  Clear MSI ready interrupt flag
3828:Drivers/STM32WBxx_HAL_Driver/Inc/stm32wbxx_ll_rcc.h ****   * @rmtoll CICR         MSIRDYC       LL_RCC_ClearFlag_MSIRDY
3829:Drivers/STM32WBxx_HAL_Driver/Inc/stm32wbxx_ll_rcc.h ****   * @retval None
3830:Drivers/STM32WBxx_HAL_Driver/Inc/stm32wbxx_ll_rcc.h ****   */
3831:Drivers/STM32WBxx_HAL_Driver/Inc/stm32wbxx_ll_rcc.h **** __STATIC_INLINE void LL_RCC_ClearFlag_MSIRDY(void)
3832:Drivers/STM32WBxx_HAL_Driver/Inc/stm32wbxx_ll_rcc.h **** {
3833:Drivers/STM32WBxx_HAL_Driver/Inc/stm32wbxx_ll_rcc.h ****   SET_BIT(RCC->CICR, RCC_CICR_MSIRDYC);
3834:Drivers/STM32WBxx_HAL_Driver/Inc/stm32wbxx_ll_rcc.h **** }
3835:Drivers/STM32WBxx_HAL_Driver/Inc/stm32wbxx_ll_rcc.h **** 
3836:Drivers/STM32WBxx_HAL_Driver/Inc/stm32wbxx_ll_rcc.h **** /**
3837:Drivers/STM32WBxx_HAL_Driver/Inc/stm32wbxx_ll_rcc.h ****   * @brief  Clear HSI ready interrupt flag
3838:Drivers/STM32WBxx_HAL_Driver/Inc/stm32wbxx_ll_rcc.h ****   * @rmtoll CICR         HSIRDYC       LL_RCC_ClearFlag_HSIRDY
3839:Drivers/STM32WBxx_HAL_Driver/Inc/stm32wbxx_ll_rcc.h ****   * @retval None
3840:Drivers/STM32WBxx_HAL_Driver/Inc/stm32wbxx_ll_rcc.h ****   */
3841:Drivers/STM32WBxx_HAL_Driver/Inc/stm32wbxx_ll_rcc.h **** __STATIC_INLINE void LL_RCC_ClearFlag_HSIRDY(void)
3842:Drivers/STM32WBxx_HAL_Driver/Inc/stm32wbxx_ll_rcc.h **** {
3843:Drivers/STM32WBxx_HAL_Driver/Inc/stm32wbxx_ll_rcc.h ****   SET_BIT(RCC->CICR, RCC_CICR_HSIRDYC);
3844:Drivers/STM32WBxx_HAL_Driver/Inc/stm32wbxx_ll_rcc.h **** }
3845:Drivers/STM32WBxx_HAL_Driver/Inc/stm32wbxx_ll_rcc.h **** 
3846:Drivers/STM32WBxx_HAL_Driver/Inc/stm32wbxx_ll_rcc.h **** /**
3847:Drivers/STM32WBxx_HAL_Driver/Inc/stm32wbxx_ll_rcc.h ****   * @brief  Clear HSE ready interrupt flag
3848:Drivers/STM32WBxx_HAL_Driver/Inc/stm32wbxx_ll_rcc.h ****   * @rmtoll CICR         HSERDYC       LL_RCC_ClearFlag_HSERDY
3849:Drivers/STM32WBxx_HAL_Driver/Inc/stm32wbxx_ll_rcc.h ****   * @retval None
3850:Drivers/STM32WBxx_HAL_Driver/Inc/stm32wbxx_ll_rcc.h ****   */
3851:Drivers/STM32WBxx_HAL_Driver/Inc/stm32wbxx_ll_rcc.h **** __STATIC_INLINE void LL_RCC_ClearFlag_HSERDY(void)
3852:Drivers/STM32WBxx_HAL_Driver/Inc/stm32wbxx_ll_rcc.h **** {
3853:Drivers/STM32WBxx_HAL_Driver/Inc/stm32wbxx_ll_rcc.h ****   SET_BIT(RCC->CICR, RCC_CICR_HSERDYC);
3854:Drivers/STM32WBxx_HAL_Driver/Inc/stm32wbxx_ll_rcc.h **** }
3855:Drivers/STM32WBxx_HAL_Driver/Inc/stm32wbxx_ll_rcc.h **** 
ARM GAS  C:\Users\843E~1\AppData\Local\Temp\cc5PNIRY.s 			page 118


3856:Drivers/STM32WBxx_HAL_Driver/Inc/stm32wbxx_ll_rcc.h **** /**
3857:Drivers/STM32WBxx_HAL_Driver/Inc/stm32wbxx_ll_rcc.h ****   * @brief  Configure PLL clock source
3858:Drivers/STM32WBxx_HAL_Driver/Inc/stm32wbxx_ll_rcc.h ****   * @rmtoll PLLCFGR      PLLSRC        LL_RCC_PLL_SetMainSource
3859:Drivers/STM32WBxx_HAL_Driver/Inc/stm32wbxx_ll_rcc.h ****   * @param PLLSource This parameter can be one of the following values:
3860:Drivers/STM32WBxx_HAL_Driver/Inc/stm32wbxx_ll_rcc.h ****   *         @arg @ref LL_RCC_PLLSOURCE_MSI
3861:Drivers/STM32WBxx_HAL_Driver/Inc/stm32wbxx_ll_rcc.h ****   *         @arg @ref LL_RCC_PLLSOURCE_HSI
3862:Drivers/STM32WBxx_HAL_Driver/Inc/stm32wbxx_ll_rcc.h ****   *         @arg @ref LL_RCC_PLLSOURCE_HSE
3863:Drivers/STM32WBxx_HAL_Driver/Inc/stm32wbxx_ll_rcc.h ****   * @retval None
3864:Drivers/STM32WBxx_HAL_Driver/Inc/stm32wbxx_ll_rcc.h ****   */
3865:Drivers/STM32WBxx_HAL_Driver/Inc/stm32wbxx_ll_rcc.h **** __STATIC_INLINE void LL_RCC_PLL_SetMainSource(uint32_t PLLSource)
3866:Drivers/STM32WBxx_HAL_Driver/Inc/stm32wbxx_ll_rcc.h **** {
3867:Drivers/STM32WBxx_HAL_Driver/Inc/stm32wbxx_ll_rcc.h ****   MODIFY_REG(RCC->PLLCFGR, RCC_PLLCFGR_PLLSRC, PLLSource);
3868:Drivers/STM32WBxx_HAL_Driver/Inc/stm32wbxx_ll_rcc.h **** }
3869:Drivers/STM32WBxx_HAL_Driver/Inc/stm32wbxx_ll_rcc.h **** 
3870:Drivers/STM32WBxx_HAL_Driver/Inc/stm32wbxx_ll_rcc.h **** /**
3871:Drivers/STM32WBxx_HAL_Driver/Inc/stm32wbxx_ll_rcc.h ****   * @brief  Get the oscillator used as PLL clock source.
3872:Drivers/STM32WBxx_HAL_Driver/Inc/stm32wbxx_ll_rcc.h ****   * @rmtoll PLLCFGR      PLLSRC        LL_RCC_PLL_GetMainSource
3873:Drivers/STM32WBxx_HAL_Driver/Inc/stm32wbxx_ll_rcc.h ****   * @retval Returned value can be one of the following values:
3874:Drivers/STM32WBxx_HAL_Driver/Inc/stm32wbxx_ll_rcc.h ****   *         @arg @ref LL_RCC_PLLSOURCE_NONE
3875:Drivers/STM32WBxx_HAL_Driver/Inc/stm32wbxx_ll_rcc.h ****   *         @arg @ref LL_RCC_PLLSOURCE_MSI
3876:Drivers/STM32WBxx_HAL_Driver/Inc/stm32wbxx_ll_rcc.h ****   *         @arg @ref LL_RCC_PLLSOURCE_HSI
3877:Drivers/STM32WBxx_HAL_Driver/Inc/stm32wbxx_ll_rcc.h ****   *         @arg @ref LL_RCC_PLLSOURCE_HSE
3878:Drivers/STM32WBxx_HAL_Driver/Inc/stm32wbxx_ll_rcc.h ****   */
3879:Drivers/STM32WBxx_HAL_Driver/Inc/stm32wbxx_ll_rcc.h **** __STATIC_INLINE uint32_t LL_RCC_PLL_GetMainSource(void)
 819              		.loc 2 3879 26 view .LVU248
 820              	.LBB254:
3880:Drivers/STM32WBxx_HAL_Driver/Inc/stm32wbxx_ll_rcc.h **** {
3881:Drivers/STM32WBxx_HAL_Driver/Inc/stm32wbxx_ll_rcc.h ****   return (uint32_t)(READ_BIT(RCC->PLLCFGR, RCC_PLLCFGR_PLLSRC));
 821              		.loc 2 3881 3 view .LVU249
 822              		.loc 2 3881 21 is_stmt 0 view .LVU250
 823 0030 4FF0B043 		mov	r3, #1476395008
 824              	.LVL71:
 825              		.loc 2 3881 21 view .LVU251
 826 0034 DB68     		ldr	r3, [r3, #12]
 827              		.loc 2 3881 10 view .LVU252
 828 0036 03F00303 		and	r3, r3, #3
 829              	.LVL72:
 830              		.loc 2 3881 10 view .LVU253
 831              	.LBE254:
 832              	.LBE253:
1439:Drivers/STM32WBxx_HAL_Driver/Src/stm32wbxx_hal_rcc.c ****     {
 833              		.loc 1 1439 5 is_stmt 1 view .LVU254
 834 003a 022B     		cmp	r3, #2
 835 003c 31D0     		beq	.L59
 836 003e 032B     		cmp	r3, #3
 837 0040 0FD1     		bne	.L54
1445:Drivers/STM32WBxx_HAL_Driver/Src/stm32wbxx_hal_rcc.c ****         {
 838              		.loc 1 1445 9 view .LVU255
 839              	.LBB255:
 840              	.LBI255:
1298:Drivers/STM32WBxx_HAL_Driver/Inc/stm32wbxx_ll_rcc.h **** {
 841              		.loc 2 1298 26 view .LVU256
 842              	.LBB256:
1300:Drivers/STM32WBxx_HAL_Driver/Inc/stm32wbxx_ll_rcc.h **** }
 843              		.loc 2 1300 3 view .LVU257
1300:Drivers/STM32WBxx_HAL_Driver/Inc/stm32wbxx_ll_rcc.h **** }
 844              		.loc 2 1300 12 is_stmt 0 view .LVU258
ARM GAS  C:\Users\843E~1\AppData\Local\Temp\cc5PNIRY.s 			page 119


 845 0042 4FF0B043 		mov	r3, #1476395008
 846              	.LVL73:
1300:Drivers/STM32WBxx_HAL_Driver/Inc/stm32wbxx_ll_rcc.h **** }
 847              		.loc 2 1300 12 view .LVU259
 848 0046 1B68     		ldr	r3, [r3]
1300:Drivers/STM32WBxx_HAL_Driver/Inc/stm32wbxx_ll_rcc.h **** }
 849              		.loc 2 1300 71 view .LVU260
 850 0048 13F4801F 		tst	r3, #1048576
 851 004c 2BD1     		bne	.L60
 852              	.LBE256:
 853              	.LBE255:
1451:Drivers/STM32WBxx_HAL_Driver/Src/stm32wbxx_hal_rcc.c ****         }
 854              		.loc 1 1451 24 view .LVU261
 855 004e 1A48     		ldr	r0, .L65+4
 856 0050 12E0     		b	.L53
 857              	.LVL74:
 858              	.L63:
1426:Drivers/STM32WBxx_HAL_Driver/Src/stm32wbxx_hal_rcc.c ****     {
 859              		.loc 1 1426 5 is_stmt 1 view .LVU262
 860              	.LBB257:
 861              	.LBI257:
1298:Drivers/STM32WBxx_HAL_Driver/Inc/stm32wbxx_ll_rcc.h **** {
 862              		.loc 2 1298 26 view .LVU263
 863              	.LBB258:
1300:Drivers/STM32WBxx_HAL_Driver/Inc/stm32wbxx_ll_rcc.h **** }
 864              		.loc 2 1300 3 view .LVU264
1300:Drivers/STM32WBxx_HAL_Driver/Inc/stm32wbxx_ll_rcc.h **** }
 865              		.loc 2 1300 12 is_stmt 0 view .LVU265
 866 0052 4FF0B043 		mov	r3, #1476395008
 867              	.LVL75:
1300:Drivers/STM32WBxx_HAL_Driver/Inc/stm32wbxx_ll_rcc.h **** }
 868              		.loc 2 1300 12 view .LVU266
 869 0056 1B68     		ldr	r3, [r3]
1300:Drivers/STM32WBxx_HAL_Driver/Inc/stm32wbxx_ll_rcc.h **** }
 870              		.loc 2 1300 71 view .LVU267
 871 0058 13F4801F 		tst	r3, #1048576
 872 005c 27D0     		beq	.L58
 873              	.LBE258:
 874              	.LBE257:
1428:Drivers/STM32WBxx_HAL_Driver/Src/stm32wbxx_hal_rcc.c ****     }
 875              		.loc 1 1428 20 view .LVU268
 876 005e 1748     		ldr	r0, .L65+8
 877 0060 7047     		bx	lr
 878              	.LVL76:
 879              	.L54:
1456:Drivers/STM32WBxx_HAL_Driver/Src/stm32wbxx_hal_rcc.c ****         break;
 880              		.loc 1 1456 9 is_stmt 1 view .LVU269
 881              	.LBB259:
 882              	.LBI259:
1942:Drivers/STM32WBxx_HAL_Driver/Inc/stm32wbxx_ll_rcc.h **** {
 883              		.loc 2 1942 26 view .LVU270
 884              	.LBB260:
1944:Drivers/STM32WBxx_HAL_Driver/Inc/stm32wbxx_ll_rcc.h ****   if (msiRange > LL_RCC_MSIRANGE_11)
 885              		.loc 2 1944 3 view .LVU271
1944:Drivers/STM32WBxx_HAL_Driver/Inc/stm32wbxx_ll_rcc.h ****   if (msiRange > LL_RCC_MSIRANGE_11)
 886              		.loc 2 1944 23 is_stmt 0 view .LVU272
 887 0062 4FF0B043 		mov	r3, #1476395008
ARM GAS  C:\Users\843E~1\AppData\Local\Temp\cc5PNIRY.s 			page 120


 888              	.LVL77:
1944:Drivers/STM32WBxx_HAL_Driver/Inc/stm32wbxx_ll_rcc.h ****   if (msiRange > LL_RCC_MSIRANGE_11)
 889              		.loc 2 1944 23 view .LVU273
 890 0066 1B68     		ldr	r3, [r3]
1944:Drivers/STM32WBxx_HAL_Driver/Inc/stm32wbxx_ll_rcc.h ****   if (msiRange > LL_RCC_MSIRANGE_11)
 891              		.loc 2 1944 12 view .LVU274
 892 0068 03F0F003 		and	r3, r3, #240
 893              	.LVL78:
1945:Drivers/STM32WBxx_HAL_Driver/Inc/stm32wbxx_ll_rcc.h ****   {
 894              		.loc 2 1945 3 is_stmt 1 view .LVU275
1945:Drivers/STM32WBxx_HAL_Driver/Inc/stm32wbxx_ll_rcc.h ****   {
 895              		.loc 2 1945 6 is_stmt 0 view .LVU276
 896 006c B02B     		cmp	r3, #176
 897 006e 16D8     		bhi	.L64
 898              	.LVL79:
 899              	.L55:
1949:Drivers/STM32WBxx_HAL_Driver/Inc/stm32wbxx_ll_rcc.h **** }
 900              		.loc 2 1949 3 is_stmt 1 view .LVU277
1949:Drivers/STM32WBxx_HAL_Driver/Inc/stm32wbxx_ll_rcc.h **** }
 901              		.loc 2 1949 3 is_stmt 0 view .LVU278
 902              	.LBE260:
 903              	.LBE259:
1456:Drivers/STM32WBxx_HAL_Driver/Src/stm32wbxx_hal_rcc.c ****         break;
 904              		.loc 1 1456 24 view .LVU279
 905 0070 1B09     		lsrs	r3, r3, #4
1456:Drivers/STM32WBxx_HAL_Driver/Src/stm32wbxx_hal_rcc.c ****         break;
 906              		.loc 1 1456 22 view .LVU280
 907 0072 104A     		ldr	r2, .L65
 908 0074 52F82300 		ldr	r0, [r2, r3, lsl #2]
 909              	.LVL80:
1457:Drivers/STM32WBxx_HAL_Driver/Src/stm32wbxx_hal_rcc.c ****     }
 910              		.loc 1 1457 9 is_stmt 1 view .LVU281
 911              	.L53:
1459:Drivers/STM32WBxx_HAL_Driver/Src/stm32wbxx_hal_rcc.c ****                                              LL_RCC_PLL_GetR());
 912              		.loc 1 1459 5 view .LVU282
 913              	.LBB262:
 914              	.LBI262:
3181:Drivers/STM32WBxx_HAL_Driver/Inc/stm32wbxx_ll_rcc.h **** {
 915              		.loc 2 3181 26 view .LVU283
 916              	.LBB263:
3183:Drivers/STM32WBxx_HAL_Driver/Inc/stm32wbxx_ll_rcc.h **** }
 917              		.loc 2 3183 3 view .LVU284
3183:Drivers/STM32WBxx_HAL_Driver/Inc/stm32wbxx_ll_rcc.h **** }
 918              		.loc 2 3183 21 is_stmt 0 view .LVU285
 919 0078 4FF0B042 		mov	r2, #1476395008
 920 007c D368     		ldr	r3, [r2, #12]
3183:Drivers/STM32WBxx_HAL_Driver/Inc/stm32wbxx_ll_rcc.h **** }
 921              		.loc 2 3183 10 view .LVU286
 922 007e C3F30623 		ubfx	r3, r3, #8, #7
 923              	.LBE263:
 924              	.LBE262:
1459:Drivers/STM32WBxx_HAL_Driver/Src/stm32wbxx_hal_rcc.c ****                                              LL_RCC_PLL_GetR());
 925              		.loc 1 1459 20 view .LVU287
 926 0082 03FB00F0 		mul	r0, r3, r0
 927              	.LVL81:
 928              	.LBB264:
 929              	.LBI264:
ARM GAS  C:\Users\843E~1\AppData\Local\Temp\cc5PNIRY.s 			page 121


3277:Drivers/STM32WBxx_HAL_Driver/Inc/stm32wbxx_ll_rcc.h **** {
 930              		.loc 2 3277 26 is_stmt 1 view .LVU288
 931              	.LBB265:
3279:Drivers/STM32WBxx_HAL_Driver/Inc/stm32wbxx_ll_rcc.h **** }
 932              		.loc 2 3279 3 view .LVU289
3279:Drivers/STM32WBxx_HAL_Driver/Inc/stm32wbxx_ll_rcc.h **** }
 933              		.loc 2 3279 21 is_stmt 0 view .LVU290
 934 0086 D368     		ldr	r3, [r2, #12]
 935              	.LBE265:
 936              	.LBE264:
1459:Drivers/STM32WBxx_HAL_Driver/Src/stm32wbxx_hal_rcc.c ****                                              LL_RCC_PLL_GetR());
 937              		.loc 1 1459 20 view .LVU291
 938 0088 C3F30213 		ubfx	r3, r3, #4, #3
 939 008c 0133     		adds	r3, r3, #1
 940 008e B0FBF3F0 		udiv	r0, r0, r3
 941              	.LBB266:
 942              	.LBI266:
3259:Drivers/STM32WBxx_HAL_Driver/Inc/stm32wbxx_ll_rcc.h **** {
 943              		.loc 2 3259 26 is_stmt 1 view .LVU292
 944              	.LBB267:
3261:Drivers/STM32WBxx_HAL_Driver/Inc/stm32wbxx_ll_rcc.h **** }
 945              		.loc 2 3261 3 view .LVU293
3261:Drivers/STM32WBxx_HAL_Driver/Inc/stm32wbxx_ll_rcc.h **** }
 946              		.loc 2 3261 21 is_stmt 0 view .LVU294
 947 0092 D368     		ldr	r3, [r2, #12]
 948              	.LBE267:
 949              	.LBE266:
1459:Drivers/STM32WBxx_HAL_Driver/Src/stm32wbxx_hal_rcc.c ****                                              LL_RCC_PLL_GetR());
 950              		.loc 1 1459 20 view .LVU295
 951 0094 5B0F     		lsrs	r3, r3, #29
 952 0096 0133     		adds	r3, r3, #1
1459:Drivers/STM32WBxx_HAL_Driver/Src/stm32wbxx_hal_rcc.c ****                                              LL_RCC_PLL_GetR());
 953              		.loc 1 1459 18 view .LVU296
 954 0098 B0FBF3F0 		udiv	r0, r0, r3
 955              	.LVL82:
1459:Drivers/STM32WBxx_HAL_Driver/Src/stm32wbxx_hal_rcc.c ****                                              LL_RCC_PLL_GetR());
 956              		.loc 1 1459 18 view .LVU297
 957 009c 7047     		bx	lr
 958              	.LVL83:
 959              	.L64:
 960              	.LBB268:
 961              	.LBB261:
1947:Drivers/STM32WBxx_HAL_Driver/Inc/stm32wbxx_ll_rcc.h ****   }
 962              		.loc 2 1947 14 view .LVU298
 963 009e B023     		movs	r3, #176
 964              	.LVL84:
1947:Drivers/STM32WBxx_HAL_Driver/Inc/stm32wbxx_ll_rcc.h ****   }
 965              		.loc 2 1947 14 view .LVU299
 966 00a0 E6E7     		b	.L55
 967              	.LVL85:
 968              	.L59:
1947:Drivers/STM32WBxx_HAL_Driver/Inc/stm32wbxx_ll_rcc.h ****   }
 969              		.loc 2 1947 14 view .LVU300
 970              	.LBE261:
 971              	.LBE268:
1439:Drivers/STM32WBxx_HAL_Driver/Src/stm32wbxx_hal_rcc.c ****     {
 972              		.loc 1 1439 5 view .LVU301
ARM GAS  C:\Users\843E~1\AppData\Local\Temp\cc5PNIRY.s 			page 122


 973 00a2 0648     		ldr	r0, .L65+8
 974 00a4 E8E7     		b	.L53
 975              	.LVL86:
 976              	.L60:
1447:Drivers/STM32WBxx_HAL_Driver/Src/stm32wbxx_hal_rcc.c ****         }
 977              		.loc 1 1447 24 view .LVU302
 978 00a6 0548     		ldr	r0, .L65+8
 979 00a8 E6E7     		b	.L53
 980              	.LVL87:
 981              	.L57:
1421:Drivers/STM32WBxx_HAL_Driver/Src/stm32wbxx_hal_rcc.c ****   }
 982              		.loc 1 1421 18 view .LVU303
 983 00aa 0448     		ldr	r0, .L65+8
 984 00ac 7047     		bx	lr
 985              	.LVL88:
 986              	.L58:
1432:Drivers/STM32WBxx_HAL_Driver/Src/stm32wbxx_hal_rcc.c ****     }
 987              		.loc 1 1432 20 view .LVU304
 988 00ae 0248     		ldr	r0, .L65+4
 989              	.LVL89:
1463:Drivers/STM32WBxx_HAL_Driver/Src/stm32wbxx_hal_rcc.c **** }
 990              		.loc 1 1463 3 is_stmt 1 view .LVU305
1464:Drivers/STM32WBxx_HAL_Driver/Src/stm32wbxx_hal_rcc.c **** 
 991              		.loc 1 1464 1 is_stmt 0 view .LVU306
 992 00b0 7047     		bx	lr
 993              	.L66:
 994 00b2 00BF     		.align	2
 995              	.L65:
 996 00b4 00000000 		.word	MSIRangeTable
 997 00b8 0048E801 		.word	32000000
 998 00bc 0024F400 		.word	16000000
 999              		.cfi_endproc
 1000              	.LFE954:
 1002              		.section	.text.HAL_RCC_GetHCLKFreq,"ax",%progbits
 1003              		.align	1
 1004              		.global	HAL_RCC_GetHCLKFreq
 1005              		.syntax unified
 1006              		.thumb
 1007              		.thumb_func
 1009              	HAL_RCC_GetHCLKFreq:
 1010              	.LFB955:
1471:Drivers/STM32WBxx_HAL_Driver/Src/stm32wbxx_hal_rcc.c ****   /* Get SysClock and Compute HCLK1 frequency ---------------------------*/
 1011              		.loc 1 1471 1 is_stmt 1 view -0
 1012              		.cfi_startproc
 1013              		@ args = 0, pretend = 0, frame = 0
 1014              		@ frame_needed = 0, uses_anonymous_args = 0
 1015 0000 08B5     		push	{r3, lr}
 1016              	.LCFI9:
 1017              		.cfi_def_cfa_offset 8
 1018              		.cfi_offset 3, -8
 1019              		.cfi_offset 14, -4
1473:Drivers/STM32WBxx_HAL_Driver/Src/stm32wbxx_hal_rcc.c **** }
 1020              		.loc 1 1473 3 view .LVU308
1473:Drivers/STM32WBxx_HAL_Driver/Src/stm32wbxx_hal_rcc.c **** }
 1021              		.loc 1 1473 22 is_stmt 0 view .LVU309
 1022 0002 FFF7FEFF 		bl	HAL_RCC_GetSysClockFreq
 1023              	.LVL90:
ARM GAS  C:\Users\843E~1\AppData\Local\Temp\cc5PNIRY.s 			page 123


 1024              	.LBB269:
 1025              	.LBI269:
2258:Drivers/STM32WBxx_HAL_Driver/Inc/stm32wbxx_ll_rcc.h **** {
 1026              		.loc 2 2258 26 is_stmt 1 view .LVU310
 1027              	.LBB270:
2260:Drivers/STM32WBxx_HAL_Driver/Inc/stm32wbxx_ll_rcc.h **** }
 1028              		.loc 2 2260 3 view .LVU311
2260:Drivers/STM32WBxx_HAL_Driver/Inc/stm32wbxx_ll_rcc.h **** }
 1029              		.loc 2 2260 21 is_stmt 0 view .LVU312
 1030 0006 4FF0B043 		mov	r3, #1476395008
 1031 000a 9B68     		ldr	r3, [r3, #8]
 1032              	.LBE270:
 1033              	.LBE269:
1473:Drivers/STM32WBxx_HAL_Driver/Src/stm32wbxx_hal_rcc.c **** }
 1034              		.loc 1 1473 22 view .LVU313
 1035 000c C3F30313 		ubfx	r3, r3, #4, #4
 1036 0010 024A     		ldr	r2, .L69
 1037 0012 52F82330 		ldr	r3, [r2, r3, lsl #2]
1474:Drivers/STM32WBxx_HAL_Driver/Src/stm32wbxx_hal_rcc.c **** 
 1038              		.loc 1 1474 1 view .LVU314
 1039 0016 B0FBF3F0 		udiv	r0, r0, r3
 1040 001a 08BD     		pop	{r3, pc}
 1041              	.L70:
 1042              		.align	2
 1043              	.L69:
 1044 001c 00000000 		.word	AHBPrescTable
 1045              		.cfi_endproc
 1046              	.LFE955:
 1048              		.section	.text.HAL_RCC_OscConfig,"ax",%progbits
 1049              		.align	1
 1050              		.global	HAL_RCC_OscConfig
 1051              		.syntax unified
 1052              		.thumb
 1053              		.thumb_func
 1055              	HAL_RCC_OscConfig:
 1056              	.LVL91:
 1057              	.LFB951:
 385:Drivers/STM32WBxx_HAL_Driver/Src/stm32wbxx_hal_rcc.c ****   uint32_t tickstart;
 1058              		.loc 1 385 1 is_stmt 1 view -0
 1059              		.cfi_startproc
 1060              		@ args = 0, pretend = 0, frame = 0
 1061              		@ frame_needed = 0, uses_anonymous_args = 0
 386:Drivers/STM32WBxx_HAL_Driver/Src/stm32wbxx_hal_rcc.c **** 
 1062              		.loc 1 386 3 view .LVU316
 389:Drivers/STM32WBxx_HAL_Driver/Src/stm32wbxx_hal_rcc.c ****   {
 1063              		.loc 1 389 3 view .LVU317
 389:Drivers/STM32WBxx_HAL_Driver/Src/stm32wbxx_hal_rcc.c ****   {
 1064              		.loc 1 389 6 is_stmt 0 view .LVU318
 1065 0000 0028     		cmp	r0, #0
 1066 0002 00F07283 		beq	.L137
 385:Drivers/STM32WBxx_HAL_Driver/Src/stm32wbxx_hal_rcc.c ****   uint32_t tickstart;
 1067              		.loc 1 385 1 view .LVU319
 1068 0006 38B5     		push	{r3, r4, r5, lr}
 1069              	.LCFI10:
 1070              		.cfi_def_cfa_offset 16
 1071              		.cfi_offset 3, -16
 1072              		.cfi_offset 4, -12
ARM GAS  C:\Users\843E~1\AppData\Local\Temp\cc5PNIRY.s 			page 124


 1073              		.cfi_offset 5, -8
 1074              		.cfi_offset 14, -4
 1075 0008 0446     		mov	r4, r0
 395:Drivers/STM32WBxx_HAL_Driver/Src/stm32wbxx_hal_rcc.c **** 
 1076              		.loc 1 395 3 is_stmt 1 view .LVU320
 398:Drivers/STM32WBxx_HAL_Driver/Src/stm32wbxx_hal_rcc.c ****   {
 1077              		.loc 1 398 3 view .LVU321
 398:Drivers/STM32WBxx_HAL_Driver/Src/stm32wbxx_hal_rcc.c ****   {
 1078              		.loc 1 398 26 is_stmt 0 view .LVU322
 1079 000a 0368     		ldr	r3, [r0]
 398:Drivers/STM32WBxx_HAL_Driver/Src/stm32wbxx_hal_rcc.c ****   {
 1080              		.loc 1 398 6 view .LVU323
 1081 000c 13F0200F 		tst	r3, #32
 1082 0010 2DD0     		beq	.L73
 1083              	.LBB271:
 401:Drivers/STM32WBxx_HAL_Driver/Src/stm32wbxx_hal_rcc.c ****     assert_param(IS_RCC_MSICALIBRATION_VALUE(RCC_OscInitStruct->MSICalibrationValue));
 1084              		.loc 1 401 5 is_stmt 1 view .LVU324
 402:Drivers/STM32WBxx_HAL_Driver/Src/stm32wbxx_hal_rcc.c ****     assert_param(IS_RCC_MSI_CLOCK_RANGE(RCC_OscInitStruct->MSIClockRange));
 1085              		.loc 1 402 5 view .LVU325
 403:Drivers/STM32WBxx_HAL_Driver/Src/stm32wbxx_hal_rcc.c **** 
 1086              		.loc 1 403 5 view .LVU326
 406:Drivers/STM32WBxx_HAL_Driver/Src/stm32wbxx_hal_rcc.c ****     const uint32_t temp_plloscsrc = __HAL_RCC_GET_PLL_OSCSOURCE();
 1087              		.loc 1 406 5 view .LVU327
 1088              	.LBB272:
 1089              	.LBI272:
2072:Drivers/STM32WBxx_HAL_Driver/Inc/stm32wbxx_ll_rcc.h **** {
 1090              		.loc 2 2072 26 view .LVU328
 1091              	.LBB273:
2074:Drivers/STM32WBxx_HAL_Driver/Inc/stm32wbxx_ll_rcc.h **** }
 1092              		.loc 2 2074 3 view .LVU329
2074:Drivers/STM32WBxx_HAL_Driver/Inc/stm32wbxx_ll_rcc.h **** }
 1093              		.loc 2 2074 21 is_stmt 0 view .LVU330
 1094 0012 4FF0B042 		mov	r2, #1476395008
 1095 0016 9368     		ldr	r3, [r2, #8]
 1096              	.LVL92:
2074:Drivers/STM32WBxx_HAL_Driver/Inc/stm32wbxx_ll_rcc.h **** }
 1097              		.loc 2 2074 21 view .LVU331
 1098              	.LBE273:
 1099              	.LBE272:
 407:Drivers/STM32WBxx_HAL_Driver/Src/stm32wbxx_hal_rcc.c ****     if ((temp_sysclksrc == RCC_SYSCLKSOURCE_STATUS_MSI) ||
 1100              		.loc 1 407 5 is_stmt 1 view .LVU332
 1101              	.LBB274:
 1102              	.LBI274:
3879:Drivers/STM32WBxx_HAL_Driver/Inc/stm32wbxx_ll_rcc.h **** {
 1103              		.loc 2 3879 26 view .LVU333
 1104              	.LBB275:
 1105              		.loc 2 3881 3 view .LVU334
 1106              		.loc 2 3881 21 is_stmt 0 view .LVU335
 1107 0018 D268     		ldr	r2, [r2, #12]
 1108              		.loc 2 3881 10 view .LVU336
 1109 001a 02F00302 		and	r2, r2, #3
 1110              	.LVL93:
 1111              		.loc 2 3881 10 view .LVU337
 1112              	.LBE275:
 1113              	.LBE274:
 408:Drivers/STM32WBxx_HAL_Driver/Src/stm32wbxx_hal_rcc.c ****         ((temp_sysclksrc == RCC_SYSCLKSOURCE_STATUS_PLLCLK) && (temp_plloscsrc == RCC_PLLSOURCE_MSI
 1114              		.loc 1 408 5 is_stmt 1 view .LVU338
ARM GAS  C:\Users\843E~1\AppData\Local\Temp\cc5PNIRY.s 			page 125


 408:Drivers/STM32WBxx_HAL_Driver/Src/stm32wbxx_hal_rcc.c ****         ((temp_sysclksrc == RCC_SYSCLKSOURCE_STATUS_PLLCLK) && (temp_plloscsrc == RCC_PLLSOURCE_MSI
 1115              		.loc 1 408 8 is_stmt 0 view .LVU339
 1116 001e 13F00C03 		ands	r3, r3, #12
 1117              	.LVL94:
 408:Drivers/STM32WBxx_HAL_Driver/Src/stm32wbxx_hal_rcc.c ****         ((temp_sysclksrc == RCC_SYSCLKSOURCE_STATUS_PLLCLK) && (temp_plloscsrc == RCC_PLLSOURCE_MSI
 1118              		.loc 1 408 8 view .LVU340
 1119 0022 58D0     		beq	.L74
 408:Drivers/STM32WBxx_HAL_Driver/Src/stm32wbxx_hal_rcc.c ****         ((temp_sysclksrc == RCC_SYSCLKSOURCE_STATUS_PLLCLK) && (temp_plloscsrc == RCC_PLLSOURCE_MSI
 1120              		.loc 1 408 57 discriminator 1 view .LVU341
 1121 0024 0C2B     		cmp	r3, #12
 1122 0026 54D0     		beq	.L176
 1123              	.L75:
 461:Drivers/STM32WBxx_HAL_Driver/Src/stm32wbxx_hal_rcc.c ****       {
 1124              		.loc 1 461 7 is_stmt 1 view .LVU342
 461:Drivers/STM32WBxx_HAL_Driver/Src/stm32wbxx_hal_rcc.c ****       {
 1125              		.loc 1 461 28 is_stmt 0 view .LVU343
 1126 0028 E369     		ldr	r3, [r4, #28]
 1127              	.LVL95:
 461:Drivers/STM32WBxx_HAL_Driver/Src/stm32wbxx_hal_rcc.c ****       {
 1128              		.loc 1 461 10 view .LVU344
 1129 002a 002B     		cmp	r3, #0
 1130 002c 00F0A080 		beq	.L79
 464:Drivers/STM32WBxx_HAL_Driver/Src/stm32wbxx_hal_rcc.c **** 
 1131              		.loc 1 464 9 is_stmt 1 view .LVU345
 1132              	.LBB276:
 1133              	.LBI276:
1850:Drivers/STM32WBxx_HAL_Driver/Inc/stm32wbxx_ll_rcc.h **** {
 1134              		.loc 2 1850 22 view .LVU346
 1135              	.LBB277:
1852:Drivers/STM32WBxx_HAL_Driver/Inc/stm32wbxx_ll_rcc.h **** }
 1136              		.loc 2 1852 3 view .LVU347
 1137 0030 4FF0B042 		mov	r2, #1476395008
 1138              	.LVL96:
1852:Drivers/STM32WBxx_HAL_Driver/Inc/stm32wbxx_ll_rcc.h **** }
 1139              		.loc 2 1852 3 is_stmt 0 view .LVU348
 1140 0034 1368     		ldr	r3, [r2]
 1141 0036 43F00103 		orr	r3, r3, #1
 1142 003a 1360     		str	r3, [r2]
 1143              	.LBE277:
 1144              	.LBE276:
 467:Drivers/STM32WBxx_HAL_Driver/Src/stm32wbxx_hal_rcc.c **** 
 1145              		.loc 1 467 9 is_stmt 1 view .LVU349
 467:Drivers/STM32WBxx_HAL_Driver/Src/stm32wbxx_hal_rcc.c **** 
 1146              		.loc 1 467 21 is_stmt 0 view .LVU350
 1147 003c FFF7FEFF 		bl	HAL_GetTick
 1148              	.LVL97:
 467:Drivers/STM32WBxx_HAL_Driver/Src/stm32wbxx_hal_rcc.c **** 
 1149              		.loc 1 467 21 view .LVU351
 1150 0040 0546     		mov	r5, r0
 1151              	.LVL98:
 470:Drivers/STM32WBxx_HAL_Driver/Src/stm32wbxx_hal_rcc.c ****         {
 1152              		.loc 1 470 9 is_stmt 1 view .LVU352
 1153              	.L81:
 470:Drivers/STM32WBxx_HAL_Driver/Src/stm32wbxx_hal_rcc.c ****         {
 1154              		.loc 1 470 15 view .LVU353
 1155              	.LBB278:
 1156              	.LBI278:
ARM GAS  C:\Users\843E~1\AppData\Local\Temp\cc5PNIRY.s 			page 126


1870:Drivers/STM32WBxx_HAL_Driver/Inc/stm32wbxx_ll_rcc.h **** {
 1157              		.loc 2 1870 26 view .LVU354
 1158              	.LBB279:
1872:Drivers/STM32WBxx_HAL_Driver/Inc/stm32wbxx_ll_rcc.h **** }
 1159              		.loc 2 1872 3 view .LVU355
1872:Drivers/STM32WBxx_HAL_Driver/Inc/stm32wbxx_ll_rcc.h **** }
 1160              		.loc 2 1872 12 is_stmt 0 view .LVU356
 1161 0042 4FF0B043 		mov	r3, #1476395008
 1162 0046 1B68     		ldr	r3, [r3]
1872:Drivers/STM32WBxx_HAL_Driver/Inc/stm32wbxx_ll_rcc.h **** }
 1163              		.loc 2 1872 71 view .LVU357
 1164 0048 13F0020F 		tst	r3, #2
 1165 004c 00F08880 		beq	.L80
 1166              	.LBE279:
 1167              	.LBE278:
 479:Drivers/STM32WBxx_HAL_Driver/Src/stm32wbxx_hal_rcc.c ****         /* Adjusts the Multiple Speed oscillator (MSI) calibration value.*/
 1168              		.loc 1 479 9 is_stmt 1 view .LVU358
 1169 0050 636A     		ldr	r3, [r4, #36]
 1170              	.LVL99:
 1171              	.LBB280:
 1172              	.LBI280:
1920:Drivers/STM32WBxx_HAL_Driver/Inc/stm32wbxx_ll_rcc.h **** {
 1173              		.loc 2 1920 22 view .LVU359
 1174              	.LBB281:
1922:Drivers/STM32WBxx_HAL_Driver/Inc/stm32wbxx_ll_rcc.h **** }
 1175              		.loc 2 1922 3 view .LVU360
 1176 0052 4FF0B042 		mov	r2, #1476395008
 1177 0056 1168     		ldr	r1, [r2]
 1178 0058 21F0F001 		bic	r1, r1, #240
 1179 005c 0B43     		orrs	r3, r3, r1
 1180              	.LVL100:
1922:Drivers/STM32WBxx_HAL_Driver/Inc/stm32wbxx_ll_rcc.h **** }
 1181              		.loc 2 1922 3 is_stmt 0 view .LVU361
 1182 005e 1360     		str	r3, [r2]
 1183              	.LVL101:
1922:Drivers/STM32WBxx_HAL_Driver/Inc/stm32wbxx_ll_rcc.h **** }
 1184              		.loc 2 1922 3 view .LVU362
 1185              	.LBE281:
 1186              	.LBE280:
 481:Drivers/STM32WBxx_HAL_Driver/Src/stm32wbxx_hal_rcc.c **** 
 1187              		.loc 1 481 9 is_stmt 1 view .LVU363
 1188 0060 216A     		ldr	r1, [r4, #32]
 1189              	.LVL102:
 1190              	.LBB282:
 1191              	.LBI282:
1972:Drivers/STM32WBxx_HAL_Driver/Inc/stm32wbxx_ll_rcc.h **** {
 1192              		.loc 2 1972 22 view .LVU364
 1193              	.LBB283:
1974:Drivers/STM32WBxx_HAL_Driver/Inc/stm32wbxx_ll_rcc.h **** }
 1194              		.loc 2 1974 3 view .LVU365
 1195 0062 5368     		ldr	r3, [r2, #4]
 1196 0064 23F47F43 		bic	r3, r3, #65280
 1197 0068 43EA0123 		orr	r3, r3, r1, lsl #8
 1198 006c 5360     		str	r3, [r2, #4]
 1199              	.LVL103:
 1200              	.L73:
1974:Drivers/STM32WBxx_HAL_Driver/Inc/stm32wbxx_ll_rcc.h **** }
ARM GAS  C:\Users\843E~1\AppData\Local\Temp\cc5PNIRY.s 			page 127


 1201              		.loc 2 1974 3 is_stmt 0 view .LVU366
 1202              	.LBE283:
 1203              	.LBE282:
 1204              	.LBE271:
 505:Drivers/STM32WBxx_HAL_Driver/Src/stm32wbxx_hal_rcc.c ****   {
 1205              		.loc 1 505 3 is_stmt 1 view .LVU367
 505:Drivers/STM32WBxx_HAL_Driver/Src/stm32wbxx_hal_rcc.c ****   {
 1206              		.loc 1 505 26 is_stmt 0 view .LVU368
 1207 006e 2368     		ldr	r3, [r4]
 505:Drivers/STM32WBxx_HAL_Driver/Src/stm32wbxx_hal_rcc.c ****   {
 1208              		.loc 1 505 6 view .LVU369
 1209 0070 13F0010F 		tst	r3, #1
 1210 0074 00F09A80 		beq	.L83
 1211              	.LBB300:
 508:Drivers/STM32WBxx_HAL_Driver/Src/stm32wbxx_hal_rcc.c **** 
 1212              		.loc 1 508 5 is_stmt 1 view .LVU370
 511:Drivers/STM32WBxx_HAL_Driver/Src/stm32wbxx_hal_rcc.c ****     const uint32_t temp_plloscsrc = __HAL_RCC_GET_PLL_OSCSOURCE();
 1213              		.loc 1 511 5 view .LVU371
 1214              	.LBB301:
 1215              	.LBI301:
2072:Drivers/STM32WBxx_HAL_Driver/Inc/stm32wbxx_ll_rcc.h **** {
 1216              		.loc 2 2072 26 view .LVU372
 1217              	.LBB302:
2074:Drivers/STM32WBxx_HAL_Driver/Inc/stm32wbxx_ll_rcc.h **** }
 1218              		.loc 2 2074 3 view .LVU373
2074:Drivers/STM32WBxx_HAL_Driver/Inc/stm32wbxx_ll_rcc.h **** }
 1219              		.loc 2 2074 21 is_stmt 0 view .LVU374
 1220 0078 4FF0B042 		mov	r2, #1476395008
 1221 007c 9368     		ldr	r3, [r2, #8]
2074:Drivers/STM32WBxx_HAL_Driver/Inc/stm32wbxx_ll_rcc.h **** }
 1222              		.loc 2 2074 10 view .LVU375
 1223 007e 03F00C03 		and	r3, r3, #12
 1224              	.LVL104:
2074:Drivers/STM32WBxx_HAL_Driver/Inc/stm32wbxx_ll_rcc.h **** }
 1225              		.loc 2 2074 10 view .LVU376
 1226              	.LBE302:
 1227              	.LBE301:
 512:Drivers/STM32WBxx_HAL_Driver/Src/stm32wbxx_hal_rcc.c ****     if ((temp_sysclksrc == RCC_SYSCLKSOURCE_STATUS_HSE) ||
 1228              		.loc 1 512 5 is_stmt 1 view .LVU377
 1229              	.LBB303:
 1230              	.LBI303:
3879:Drivers/STM32WBxx_HAL_Driver/Inc/stm32wbxx_ll_rcc.h **** {
 1231              		.loc 2 3879 26 view .LVU378
 1232              	.LBB304:
 1233              		.loc 2 3881 3 view .LVU379
 1234              		.loc 2 3881 21 is_stmt 0 view .LVU380
 1235 0082 D268     		ldr	r2, [r2, #12]
 1236              		.loc 2 3881 10 view .LVU381
 1237 0084 02F00302 		and	r2, r2, #3
 1238              	.LVL105:
 1239              		.loc 2 3881 10 view .LVU382
 1240              	.LBE304:
 1241              	.LBE303:
 513:Drivers/STM32WBxx_HAL_Driver/Src/stm32wbxx_hal_rcc.c ****         ((temp_sysclksrc == RCC_SYSCLKSOURCE_STATUS_PLLCLK) && (temp_plloscsrc == RCC_PLLSOURCE_HSE
 1242              		.loc 1 513 5 is_stmt 1 view .LVU383
 513:Drivers/STM32WBxx_HAL_Driver/Src/stm32wbxx_hal_rcc.c ****         ((temp_sysclksrc == RCC_SYSCLKSOURCE_STATUS_PLLCLK) && (temp_plloscsrc == RCC_PLLSOURCE_HSE
 1243              		.loc 1 513 8 is_stmt 0 view .LVU384
ARM GAS  C:\Users\843E~1\AppData\Local\Temp\cc5PNIRY.s 			page 128


 1244 0088 082B     		cmp	r3, #8
 1245 008a 00F08B80 		beq	.L84
 513:Drivers/STM32WBxx_HAL_Driver/Src/stm32wbxx_hal_rcc.c ****         ((temp_sysclksrc == RCC_SYSCLKSOURCE_STATUS_PLLCLK) && (temp_plloscsrc == RCC_PLLSOURCE_HSE
 1246              		.loc 1 513 57 discriminator 1 view .LVU385
 1247 008e 0C2B     		cmp	r3, #12
 1248 0090 00F08580 		beq	.L177
 1249              	.L85:
 524:Drivers/STM32WBxx_HAL_Driver/Src/stm32wbxx_hal_rcc.c **** 
 1250              		.loc 1 524 7 is_stmt 1 view .LVU386
 524:Drivers/STM32WBxx_HAL_Driver/Src/stm32wbxx_hal_rcc.c **** 
 1251              		.loc 1 524 7 view .LVU387
 1252 0094 6368     		ldr	r3, [r4, #4]
 1253              	.LVL106:
 524:Drivers/STM32WBxx_HAL_Driver/Src/stm32wbxx_hal_rcc.c **** 
 1254              		.loc 1 524 7 is_stmt 0 view .LVU388
 1255 0096 B3F5803F 		cmp	r3, #65536
 1256 009a 00F0B080 		beq	.L178
 524:Drivers/STM32WBxx_HAL_Driver/Src/stm32wbxx_hal_rcc.c **** 
 1257              		.loc 1 524 7 is_stmt 1 view .LVU389
 1258              	.LBB305:
 1259              	.LBI305:
1328:Drivers/STM32WBxx_HAL_Driver/Inc/stm32wbxx_ll_rcc.h **** {
 1260              		.loc 2 1328 22 view .LVU390
 1261              	.LBB306:
1330:Drivers/STM32WBxx_HAL_Driver/Inc/stm32wbxx_ll_rcc.h **** }
 1262              		.loc 2 1330 3 view .LVU391
 1263 009e 4FF0B042 		mov	r2, #1476395008
 1264              	.LVL107:
1330:Drivers/STM32WBxx_HAL_Driver/Inc/stm32wbxx_ll_rcc.h **** }
 1265              		.loc 2 1330 3 is_stmt 0 view .LVU392
 1266 00a2 1368     		ldr	r3, [r2]
 1267 00a4 23F48033 		bic	r3, r3, #65536
 1268 00a8 1360     		str	r3, [r2]
 1269              	.L87:
 1270              	.LBE306:
 1271              	.LBE305:
 524:Drivers/STM32WBxx_HAL_Driver/Src/stm32wbxx_hal_rcc.c **** 
 1272              		.loc 1 524 7 is_stmt 1 discriminator 4 view .LVU393
 527:Drivers/STM32WBxx_HAL_Driver/Src/stm32wbxx_hal_rcc.c ****       {
 1273              		.loc 1 527 7 discriminator 4 view .LVU394
 527:Drivers/STM32WBxx_HAL_Driver/Src/stm32wbxx_hal_rcc.c ****       {
 1274              		.loc 1 527 28 is_stmt 0 discriminator 4 view .LVU395
 1275 00aa 6368     		ldr	r3, [r4, #4]
 527:Drivers/STM32WBxx_HAL_Driver/Src/stm32wbxx_hal_rcc.c ****       {
 1276              		.loc 1 527 10 discriminator 4 view .LVU396
 1277 00ac 002B     		cmp	r3, #0
 1278 00ae 00F0AD80 		beq	.L88
 530:Drivers/STM32WBxx_HAL_Driver/Src/stm32wbxx_hal_rcc.c **** 
 1279              		.loc 1 530 9 is_stmt 1 view .LVU397
 530:Drivers/STM32WBxx_HAL_Driver/Src/stm32wbxx_hal_rcc.c **** 
 1280              		.loc 1 530 21 is_stmt 0 view .LVU398
 1281 00b2 FFF7FEFF 		bl	HAL_GetTick
 1282              	.LVL108:
 1283 00b6 0546     		mov	r5, r0
 1284              	.LVL109:
 533:Drivers/STM32WBxx_HAL_Driver/Src/stm32wbxx_hal_rcc.c ****         {
 1285              		.loc 1 533 9 is_stmt 1 view .LVU399
ARM GAS  C:\Users\843E~1\AppData\Local\Temp\cc5PNIRY.s 			page 129


 1286              	.L89:
 533:Drivers/STM32WBxx_HAL_Driver/Src/stm32wbxx_hal_rcc.c ****         {
 1287              		.loc 1 533 15 view .LVU400
 1288              	.LBB307:
 1289              	.LBI307:
1338:Drivers/STM32WBxx_HAL_Driver/Inc/stm32wbxx_ll_rcc.h **** {
 1290              		.loc 2 1338 26 view .LVU401
 1291              	.LBB308:
1340:Drivers/STM32WBxx_HAL_Driver/Inc/stm32wbxx_ll_rcc.h **** }
 1292              		.loc 2 1340 3 view .LVU402
1340:Drivers/STM32WBxx_HAL_Driver/Inc/stm32wbxx_ll_rcc.h **** }
 1293              		.loc 2 1340 12 is_stmt 0 view .LVU403
 1294 00b8 4FF0B043 		mov	r3, #1476395008
 1295 00bc 1B68     		ldr	r3, [r3]
1340:Drivers/STM32WBxx_HAL_Driver/Inc/stm32wbxx_ll_rcc.h **** }
 1296              		.loc 2 1340 71 view .LVU404
 1297 00be 13F4003F 		tst	r3, #131072
 1298 00c2 73D1     		bne	.L83
 1299              	.LBE308:
 1300              	.LBE307:
 535:Drivers/STM32WBxx_HAL_Driver/Src/stm32wbxx_hal_rcc.c ****           {
 1301              		.loc 1 535 11 is_stmt 1 view .LVU405
 535:Drivers/STM32WBxx_HAL_Driver/Src/stm32wbxx_hal_rcc.c ****           {
 1302              		.loc 1 535 16 is_stmt 0 view .LVU406
 1303 00c4 FFF7FEFF 		bl	HAL_GetTick
 1304              	.LVL110:
 535:Drivers/STM32WBxx_HAL_Driver/Src/stm32wbxx_hal_rcc.c ****           {
 1305              		.loc 1 535 30 view .LVU407
 1306 00c8 401B     		subs	r0, r0, r5
 535:Drivers/STM32WBxx_HAL_Driver/Src/stm32wbxx_hal_rcc.c ****           {
 1307              		.loc 1 535 14 view .LVU408
 1308 00ca 6428     		cmp	r0, #100
 1309 00cc F4D9     		bls	.L89
 537:Drivers/STM32WBxx_HAL_Driver/Src/stm32wbxx_hal_rcc.c ****           }
 1310              		.loc 1 537 20 view .LVU409
 1311 00ce 0320     		movs	r0, #3
 1312 00d0 16E3     		b	.L72
 1313              	.LVL111:
 1314              	.L176:
 537:Drivers/STM32WBxx_HAL_Driver/Src/stm32wbxx_hal_rcc.c ****           }
 1315              		.loc 1 537 20 view .LVU410
 1316              	.LBE300:
 1317              	.LBB313:
 409:Drivers/STM32WBxx_HAL_Driver/Src/stm32wbxx_hal_rcc.c ****     {
 1318              		.loc 1 409 61 view .LVU411
 1319 00d2 012A     		cmp	r2, #1
 1320 00d4 A8D1     		bne	.L75
 1321              	.L74:
 411:Drivers/STM32WBxx_HAL_Driver/Src/stm32wbxx_hal_rcc.c ****       {
 1322              		.loc 1 411 7 is_stmt 1 view .LVU412
 411:Drivers/STM32WBxx_HAL_Driver/Src/stm32wbxx_hal_rcc.c ****       {
 1323              		.loc 1 411 28 is_stmt 0 view .LVU413
 1324 00d6 E369     		ldr	r3, [r4, #28]
 1325              	.LVL112:
 411:Drivers/STM32WBxx_HAL_Driver/Src/stm32wbxx_hal_rcc.c ****       {
 1326              		.loc 1 411 10 view .LVU414
 1327 00d8 002B     		cmp	r3, #0
ARM GAS  C:\Users\843E~1\AppData\Local\Temp\cc5PNIRY.s 			page 130


 1328 00da 00F00883 		beq	.L138
 421:Drivers/STM32WBxx_HAL_Driver/Src/stm32wbxx_hal_rcc.c ****         {
 1329              		.loc 1 421 9 is_stmt 1 view .LVU415
 421:Drivers/STM32WBxx_HAL_Driver/Src/stm32wbxx_hal_rcc.c ****         {
 1330              		.loc 1 421 30 is_stmt 0 view .LVU416
 1331 00de 606A     		ldr	r0, [r4, #36]
 1332              	.LVL113:
 1333              	.LBB284:
 1334              	.LBI284:
1942:Drivers/STM32WBxx_HAL_Driver/Inc/stm32wbxx_ll_rcc.h **** {
 1335              		.loc 2 1942 26 is_stmt 1 view .LVU417
 1336              	.LBB285:
1944:Drivers/STM32WBxx_HAL_Driver/Inc/stm32wbxx_ll_rcc.h ****   if (msiRange > LL_RCC_MSIRANGE_11)
 1337              		.loc 2 1944 3 view .LVU418
1944:Drivers/STM32WBxx_HAL_Driver/Inc/stm32wbxx_ll_rcc.h ****   if (msiRange > LL_RCC_MSIRANGE_11)
 1338              		.loc 2 1944 23 is_stmt 0 view .LVU419
 1339 00e0 4FF0B043 		mov	r3, #1476395008
 1340 00e4 1B68     		ldr	r3, [r3]
1944:Drivers/STM32WBxx_HAL_Driver/Inc/stm32wbxx_ll_rcc.h ****   if (msiRange > LL_RCC_MSIRANGE_11)
 1341              		.loc 2 1944 12 view .LVU420
 1342 00e6 03F0F003 		and	r3, r3, #240
 1343              	.LVL114:
1945:Drivers/STM32WBxx_HAL_Driver/Inc/stm32wbxx_ll_rcc.h ****   {
 1344              		.loc 2 1945 3 is_stmt 1 view .LVU421
1945:Drivers/STM32WBxx_HAL_Driver/Inc/stm32wbxx_ll_rcc.h ****   {
 1345              		.loc 2 1945 6 is_stmt 0 view .LVU422
 1346 00ea B02B     		cmp	r3, #176
 1347 00ec 21D8     		bhi	.L179
 1348              	.LVL115:
 1349              	.L76:
1949:Drivers/STM32WBxx_HAL_Driver/Inc/stm32wbxx_ll_rcc.h **** }
 1350              		.loc 2 1949 3 is_stmt 1 view .LVU423
1949:Drivers/STM32WBxx_HAL_Driver/Inc/stm32wbxx_ll_rcc.h **** }
 1351              		.loc 2 1949 3 is_stmt 0 view .LVU424
 1352              	.LBE285:
 1353              	.LBE284:
 421:Drivers/STM32WBxx_HAL_Driver/Src/stm32wbxx_hal_rcc.c ****         {
 1354              		.loc 1 421 12 view .LVU425
 1355 00ee 9842     		cmp	r0, r3
 1356 00f0 21D9     		bls	.L77
 424:Drivers/STM32WBxx_HAL_Driver/Src/stm32wbxx_hal_rcc.c ****           {
 1357              		.loc 1 424 11 is_stmt 1 view .LVU426
 424:Drivers/STM32WBxx_HAL_Driver/Src/stm32wbxx_hal_rcc.c ****           {
 1358              		.loc 1 424 15 is_stmt 0 view .LVU427
 1359 00f2 FFF7FEFF 		bl	RCC_SetFlashLatencyFromMSIRange
 1360              	.LVL116:
 424:Drivers/STM32WBxx_HAL_Driver/Src/stm32wbxx_hal_rcc.c ****           {
 1361              		.loc 1 424 14 view .LVU428
 1362 00f6 0028     		cmp	r0, #0
 1363 00f8 40F0FB82 		bne	.L140
 430:Drivers/STM32WBxx_HAL_Driver/Src/stm32wbxx_hal_rcc.c ****           /* Adjusts the Multiple Speed oscillator (MSI) calibration value.*/
 1364              		.loc 1 430 11 is_stmt 1 view .LVU429
 1365 00fc 636A     		ldr	r3, [r4, #36]
 1366              	.LVL117:
 1367              	.LBB287:
 1368              	.LBI287:
1920:Drivers/STM32WBxx_HAL_Driver/Inc/stm32wbxx_ll_rcc.h **** {
ARM GAS  C:\Users\843E~1\AppData\Local\Temp\cc5PNIRY.s 			page 131


 1369              		.loc 2 1920 22 view .LVU430
 1370              	.LBB288:
1922:Drivers/STM32WBxx_HAL_Driver/Inc/stm32wbxx_ll_rcc.h **** }
 1371              		.loc 2 1922 3 view .LVU431
 1372 00fe 4FF0B042 		mov	r2, #1476395008
 1373 0102 1168     		ldr	r1, [r2]
 1374 0104 21F0F001 		bic	r1, r1, #240
 1375 0108 0B43     		orrs	r3, r3, r1
 1376              	.LVL118:
1922:Drivers/STM32WBxx_HAL_Driver/Inc/stm32wbxx_ll_rcc.h **** }
 1377              		.loc 2 1922 3 is_stmt 0 view .LVU432
 1378 010a 1360     		str	r3, [r2]
 1379              	.LVL119:
1922:Drivers/STM32WBxx_HAL_Driver/Inc/stm32wbxx_ll_rcc.h **** }
 1380              		.loc 2 1922 3 view .LVU433
 1381              	.LBE288:
 1382              	.LBE287:
 432:Drivers/STM32WBxx_HAL_Driver/Src/stm32wbxx_hal_rcc.c ****         }
 1383              		.loc 1 432 11 is_stmt 1 view .LVU434
 1384 010c 216A     		ldr	r1, [r4, #32]
 1385              	.LVL120:
 1386              	.LBB289:
 1387              	.LBI289:
1972:Drivers/STM32WBxx_HAL_Driver/Inc/stm32wbxx_ll_rcc.h **** {
 1388              		.loc 2 1972 22 view .LVU435
 1389              	.LBB290:
1974:Drivers/STM32WBxx_HAL_Driver/Inc/stm32wbxx_ll_rcc.h **** }
 1390              		.loc 2 1974 3 view .LVU436
 1391 010e 5368     		ldr	r3, [r2, #4]
 1392 0110 23F47F43 		bic	r3, r3, #65280
 1393 0114 43EA0123 		orr	r3, r3, r1, lsl #8
 1394 0118 5360     		str	r3, [r2, #4]
 1395              	.LVL121:
 1396              	.L78:
1974:Drivers/STM32WBxx_HAL_Driver/Inc/stm32wbxx_ll_rcc.h **** }
 1397              		.loc 2 1974 3 is_stmt 0 view .LVU437
 1398              	.LBE290:
 1399              	.LBE289:
 450:Drivers/STM32WBxx_HAL_Driver/Src/stm32wbxx_hal_rcc.c **** 
 1400              		.loc 1 450 9 is_stmt 1 view .LVU438
 450:Drivers/STM32WBxx_HAL_Driver/Src/stm32wbxx_hal_rcc.c **** 
 1401              		.loc 1 450 27 is_stmt 0 view .LVU439
 1402 011a FFF7FEFF 		bl	HAL_RCC_GetHCLKFreq
 1403              	.LVL122:
 450:Drivers/STM32WBxx_HAL_Driver/Src/stm32wbxx_hal_rcc.c **** 
 1404              		.loc 1 450 25 view .LVU440
 1405 011e BF4B     		ldr	r3, .L193
 1406 0120 1860     		str	r0, [r3]
 452:Drivers/STM32WBxx_HAL_Driver/Src/stm32wbxx_hal_rcc.c ****         {
 1407              		.loc 1 452 9 is_stmt 1 view .LVU441
 452:Drivers/STM32WBxx_HAL_Driver/Src/stm32wbxx_hal_rcc.c ****         {
 1408              		.loc 1 452 13 is_stmt 0 view .LVU442
 1409 0122 BF4B     		ldr	r3, .L193+4
 1410 0124 1868     		ldr	r0, [r3]
 1411 0126 FFF7FEFF 		bl	HAL_InitTick
 1412              	.LVL123:
 452:Drivers/STM32WBxx_HAL_Driver/Src/stm32wbxx_hal_rcc.c ****         {
ARM GAS  C:\Users\843E~1\AppData\Local\Temp\cc5PNIRY.s 			page 132


 1413              		.loc 1 452 12 view .LVU443
 1414 012a 0028     		cmp	r0, #0
 1415 012c 9FD0     		beq	.L73
 454:Drivers/STM32WBxx_HAL_Driver/Src/stm32wbxx_hal_rcc.c ****         }
 1416              		.loc 1 454 18 view .LVU444
 1417 012e 0120     		movs	r0, #1
 1418 0130 E6E2     		b	.L72
 1419              	.LVL124:
 1420              	.L179:
 1421              	.LBB291:
 1422              	.LBB286:
1947:Drivers/STM32WBxx_HAL_Driver/Inc/stm32wbxx_ll_rcc.h ****   }
 1423              		.loc 2 1947 14 view .LVU445
 1424 0132 B023     		movs	r3, #176
 1425              	.LVL125:
1947:Drivers/STM32WBxx_HAL_Driver/Inc/stm32wbxx_ll_rcc.h ****   }
 1426              		.loc 2 1947 14 view .LVU446
 1427 0134 DBE7     		b	.L76
 1428              	.L77:
1947:Drivers/STM32WBxx_HAL_Driver/Inc/stm32wbxx_ll_rcc.h ****   }
 1429              		.loc 2 1947 14 view .LVU447
 1430              	.LBE286:
 1431              	.LBE291:
 438:Drivers/STM32WBxx_HAL_Driver/Src/stm32wbxx_hal_rcc.c ****           /* Adjusts the Multiple Speed oscillator (MSI) calibration value.*/
 1432              		.loc 1 438 11 is_stmt 1 view .LVU448
 1433              	.LVL126:
 1434              	.LBB292:
 1435              	.LBI292:
1920:Drivers/STM32WBxx_HAL_Driver/Inc/stm32wbxx_ll_rcc.h **** {
 1436              		.loc 2 1920 22 view .LVU449
 1437              	.LBB293:
1922:Drivers/STM32WBxx_HAL_Driver/Inc/stm32wbxx_ll_rcc.h **** }
 1438              		.loc 2 1922 3 view .LVU450
 1439 0136 4FF0B042 		mov	r2, #1476395008
 1440              	.LVL127:
1922:Drivers/STM32WBxx_HAL_Driver/Inc/stm32wbxx_ll_rcc.h **** }
 1441              		.loc 2 1922 3 is_stmt 0 view .LVU451
 1442 013a 1368     		ldr	r3, [r2]
 1443 013c 23F0F003 		bic	r3, r3, #240
 1444 0140 1843     		orrs	r0, r0, r3
 1445              	.LVL128:
1922:Drivers/STM32WBxx_HAL_Driver/Inc/stm32wbxx_ll_rcc.h **** }
 1446              		.loc 2 1922 3 view .LVU452
 1447 0142 1060     		str	r0, [r2]
 1448              	.LVL129:
1922:Drivers/STM32WBxx_HAL_Driver/Inc/stm32wbxx_ll_rcc.h **** }
 1449              		.loc 2 1922 3 view .LVU453
 1450              	.LBE293:
 1451              	.LBE292:
 440:Drivers/STM32WBxx_HAL_Driver/Src/stm32wbxx_hal_rcc.c **** 
 1452              		.loc 1 440 11 is_stmt 1 view .LVU454
 1453 0144 216A     		ldr	r1, [r4, #32]
 1454              	.LVL130:
 1455              	.LBB294:
 1456              	.LBI294:
1972:Drivers/STM32WBxx_HAL_Driver/Inc/stm32wbxx_ll_rcc.h **** {
 1457              		.loc 2 1972 22 view .LVU455
ARM GAS  C:\Users\843E~1\AppData\Local\Temp\cc5PNIRY.s 			page 133


 1458              	.LBB295:
1974:Drivers/STM32WBxx_HAL_Driver/Inc/stm32wbxx_ll_rcc.h **** }
 1459              		.loc 2 1974 3 view .LVU456
 1460 0146 5368     		ldr	r3, [r2, #4]
 1461 0148 23F47F43 		bic	r3, r3, #65280
 1462 014c 43EA0123 		orr	r3, r3, r1, lsl #8
 1463 0150 5360     		str	r3, [r2, #4]
 1464              	.LVL131:
1974:Drivers/STM32WBxx_HAL_Driver/Inc/stm32wbxx_ll_rcc.h **** }
 1465              		.loc 2 1974 3 is_stmt 0 view .LVU457
 1466              	.LBE295:
 1467              	.LBE294:
 443:Drivers/STM32WBxx_HAL_Driver/Src/stm32wbxx_hal_rcc.c ****           {
 1468              		.loc 1 443 11 is_stmt 1 view .LVU458
 443:Drivers/STM32WBxx_HAL_Driver/Src/stm32wbxx_hal_rcc.c ****           {
 1469              		.loc 1 443 15 is_stmt 0 view .LVU459
 1470 0152 606A     		ldr	r0, [r4, #36]
 1471 0154 FFF7FEFF 		bl	RCC_SetFlashLatencyFromMSIRange
 1472              	.LVL132:
 443:Drivers/STM32WBxx_HAL_Driver/Src/stm32wbxx_hal_rcc.c ****           {
 1473              		.loc 1 443 14 view .LVU460
 1474 0158 0028     		cmp	r0, #0
 1475 015a DED0     		beq	.L78
 445:Drivers/STM32WBxx_HAL_Driver/Src/stm32wbxx_hal_rcc.c ****           }
 1476              		.loc 1 445 20 view .LVU461
 1477 015c 0120     		movs	r0, #1
 1478 015e CFE2     		b	.L72
 1479              	.LVL133:
 1480              	.L80:
 472:Drivers/STM32WBxx_HAL_Driver/Src/stm32wbxx_hal_rcc.c ****           {
 1481              		.loc 1 472 11 is_stmt 1 view .LVU462
 472:Drivers/STM32WBxx_HAL_Driver/Src/stm32wbxx_hal_rcc.c ****           {
 1482              		.loc 1 472 16 is_stmt 0 view .LVU463
 1483 0160 FFF7FEFF 		bl	HAL_GetTick
 1484              	.LVL134:
 472:Drivers/STM32WBxx_HAL_Driver/Src/stm32wbxx_hal_rcc.c ****           {
 1485              		.loc 1 472 30 view .LVU464
 1486 0164 401B     		subs	r0, r0, r5
 472:Drivers/STM32WBxx_HAL_Driver/Src/stm32wbxx_hal_rcc.c ****           {
 1487              		.loc 1 472 14 view .LVU465
 1488 0166 0228     		cmp	r0, #2
 1489 0168 7FF66BAF 		bls	.L81
 474:Drivers/STM32WBxx_HAL_Driver/Src/stm32wbxx_hal_rcc.c ****           }
 1490              		.loc 1 474 20 view .LVU466
 1491 016c 0320     		movs	r0, #3
 1492 016e C7E2     		b	.L72
 1493              	.LVL135:
 1494              	.L79:
 487:Drivers/STM32WBxx_HAL_Driver/Src/stm32wbxx_hal_rcc.c **** 
 1495              		.loc 1 487 9 is_stmt 1 view .LVU467
 1496              	.LBB296:
 1497              	.LBI296:
1860:Drivers/STM32WBxx_HAL_Driver/Inc/stm32wbxx_ll_rcc.h **** {
 1498              		.loc 2 1860 22 view .LVU468
 1499              	.LBB297:
1862:Drivers/STM32WBxx_HAL_Driver/Inc/stm32wbxx_ll_rcc.h **** }
 1500              		.loc 2 1862 3 view .LVU469
ARM GAS  C:\Users\843E~1\AppData\Local\Temp\cc5PNIRY.s 			page 134


 1501 0170 4FF0B042 		mov	r2, #1476395008
 1502              	.LVL136:
1862:Drivers/STM32WBxx_HAL_Driver/Inc/stm32wbxx_ll_rcc.h **** }
 1503              		.loc 2 1862 3 is_stmt 0 view .LVU470
 1504 0174 1368     		ldr	r3, [r2]
 1505 0176 23F00103 		bic	r3, r3, #1
 1506 017a 1360     		str	r3, [r2]
 1507              	.LBE297:
 1508              	.LBE296:
 490:Drivers/STM32WBxx_HAL_Driver/Src/stm32wbxx_hal_rcc.c **** 
 1509              		.loc 1 490 9 is_stmt 1 view .LVU471
 490:Drivers/STM32WBxx_HAL_Driver/Src/stm32wbxx_hal_rcc.c **** 
 1510              		.loc 1 490 21 is_stmt 0 view .LVU472
 1511 017c FFF7FEFF 		bl	HAL_GetTick
 1512              	.LVL137:
 490:Drivers/STM32WBxx_HAL_Driver/Src/stm32wbxx_hal_rcc.c **** 
 1513              		.loc 1 490 21 view .LVU473
 1514 0180 0546     		mov	r5, r0
 1515              	.LVL138:
 493:Drivers/STM32WBxx_HAL_Driver/Src/stm32wbxx_hal_rcc.c ****         {
 1516              		.loc 1 493 9 is_stmt 1 view .LVU474
 1517              	.L82:
 493:Drivers/STM32WBxx_HAL_Driver/Src/stm32wbxx_hal_rcc.c ****         {
 1518              		.loc 1 493 15 view .LVU475
 1519              	.LBB298:
 1520              	.LBI298:
1870:Drivers/STM32WBxx_HAL_Driver/Inc/stm32wbxx_ll_rcc.h **** {
 1521              		.loc 2 1870 26 view .LVU476
 1522              	.LBB299:
1872:Drivers/STM32WBxx_HAL_Driver/Inc/stm32wbxx_ll_rcc.h **** }
 1523              		.loc 2 1872 3 view .LVU477
1872:Drivers/STM32WBxx_HAL_Driver/Inc/stm32wbxx_ll_rcc.h **** }
 1524              		.loc 2 1872 12 is_stmt 0 view .LVU478
 1525 0182 4FF0B043 		mov	r3, #1476395008
 1526 0186 1B68     		ldr	r3, [r3]
1872:Drivers/STM32WBxx_HAL_Driver/Inc/stm32wbxx_ll_rcc.h **** }
 1527              		.loc 2 1872 71 view .LVU479
 1528 0188 13F0020F 		tst	r3, #2
 1529 018c 3FF46FAF 		beq	.L73
 1530              	.LBE299:
 1531              	.LBE298:
 495:Drivers/STM32WBxx_HAL_Driver/Src/stm32wbxx_hal_rcc.c ****           {
 1532              		.loc 1 495 11 is_stmt 1 view .LVU480
 495:Drivers/STM32WBxx_HAL_Driver/Src/stm32wbxx_hal_rcc.c ****           {
 1533              		.loc 1 495 16 is_stmt 0 view .LVU481
 1534 0190 FFF7FEFF 		bl	HAL_GetTick
 1535              	.LVL139:
 495:Drivers/STM32WBxx_HAL_Driver/Src/stm32wbxx_hal_rcc.c ****           {
 1536              		.loc 1 495 30 view .LVU482
 1537 0194 401B     		subs	r0, r0, r5
 495:Drivers/STM32WBxx_HAL_Driver/Src/stm32wbxx_hal_rcc.c ****           {
 1538              		.loc 1 495 14 view .LVU483
 1539 0196 0228     		cmp	r0, #2
 1540 0198 F3D9     		bls	.L82
 497:Drivers/STM32WBxx_HAL_Driver/Src/stm32wbxx_hal_rcc.c ****           }
 1541              		.loc 1 497 20 view .LVU484
 1542 019a 0320     		movs	r0, #3
ARM GAS  C:\Users\843E~1\AppData\Local\Temp\cc5PNIRY.s 			page 135


 1543 019c B0E2     		b	.L72
 1544              	.LVL140:
 1545              	.L177:
 497:Drivers/STM32WBxx_HAL_Driver/Src/stm32wbxx_hal_rcc.c ****           }
 1546              		.loc 1 497 20 view .LVU485
 1547              	.LBE313:
 1548              	.LBB314:
 514:Drivers/STM32WBxx_HAL_Driver/Src/stm32wbxx_hal_rcc.c ****     {
 1549              		.loc 1 514 61 view .LVU486
 1550 019e 032A     		cmp	r2, #3
 1551 01a0 7FF478AF 		bne	.L85
 1552              	.L84:
 516:Drivers/STM32WBxx_HAL_Driver/Src/stm32wbxx_hal_rcc.c ****       {
 1553              		.loc 1 516 7 is_stmt 1 view .LVU487
 516:Drivers/STM32WBxx_HAL_Driver/Src/stm32wbxx_hal_rcc.c ****       {
 1554              		.loc 1 516 28 is_stmt 0 view .LVU488
 1555 01a4 6368     		ldr	r3, [r4, #4]
 1556              	.LVL141:
 516:Drivers/STM32WBxx_HAL_Driver/Src/stm32wbxx_hal_rcc.c ****       {
 1557              		.loc 1 516 10 view .LVU489
 1558 01a6 002B     		cmp	r3, #0
 1559 01a8 00F0A582 		beq	.L180
 1560              	.LVL142:
 1561              	.L83:
 516:Drivers/STM32WBxx_HAL_Driver/Src/stm32wbxx_hal_rcc.c ****       {
 1562              		.loc 1 516 10 view .LVU490
 1563              	.LBE314:
 559:Drivers/STM32WBxx_HAL_Driver/Src/stm32wbxx_hal_rcc.c ****   {
 1564              		.loc 1 559 3 is_stmt 1 view .LVU491
 559:Drivers/STM32WBxx_HAL_Driver/Src/stm32wbxx_hal_rcc.c ****   {
 1565              		.loc 1 559 26 is_stmt 0 view .LVU492
 1566 01ac 2368     		ldr	r3, [r4]
 559:Drivers/STM32WBxx_HAL_Driver/Src/stm32wbxx_hal_rcc.c ****   {
 1567              		.loc 1 559 6 view .LVU493
 1568 01ae 13F0020F 		tst	r3, #2
 1569 01b2 54D0     		beq	.L91
 1570              	.LBB315:
 562:Drivers/STM32WBxx_HAL_Driver/Src/stm32wbxx_hal_rcc.c ****     assert_param(IS_RCC_HSI_CALIBRATION_VALUE(RCC_OscInitStruct->HSICalibrationValue));
 1571              		.loc 1 562 5 is_stmt 1 view .LVU494
 563:Drivers/STM32WBxx_HAL_Driver/Src/stm32wbxx_hal_rcc.c **** 
 1572              		.loc 1 563 5 view .LVU495
 566:Drivers/STM32WBxx_HAL_Driver/Src/stm32wbxx_hal_rcc.c ****     const uint32_t temp_plloscsrc = __HAL_RCC_GET_PLL_OSCSOURCE();
 1573              		.loc 1 566 5 view .LVU496
 1574              	.LBB316:
 1575              	.LBI316:
2072:Drivers/STM32WBxx_HAL_Driver/Inc/stm32wbxx_ll_rcc.h **** {
 1576              		.loc 2 2072 26 view .LVU497
 1577              	.LBB317:
2074:Drivers/STM32WBxx_HAL_Driver/Inc/stm32wbxx_ll_rcc.h **** }
 1578              		.loc 2 2074 3 view .LVU498
2074:Drivers/STM32WBxx_HAL_Driver/Inc/stm32wbxx_ll_rcc.h **** }
 1579              		.loc 2 2074 21 is_stmt 0 view .LVU499
 1580 01b4 4FF0B042 		mov	r2, #1476395008
 1581 01b8 9368     		ldr	r3, [r2, #8]
2074:Drivers/STM32WBxx_HAL_Driver/Inc/stm32wbxx_ll_rcc.h **** }
 1582              		.loc 2 2074 10 view .LVU500
 1583 01ba 03F00C03 		and	r3, r3, #12
ARM GAS  C:\Users\843E~1\AppData\Local\Temp\cc5PNIRY.s 			page 136


 1584              	.LVL143:
2074:Drivers/STM32WBxx_HAL_Driver/Inc/stm32wbxx_ll_rcc.h **** }
 1585              		.loc 2 2074 10 view .LVU501
 1586              	.LBE317:
 1587              	.LBE316:
 567:Drivers/STM32WBxx_HAL_Driver/Src/stm32wbxx_hal_rcc.c ****     if ((temp_sysclksrc == RCC_SYSCLKSOURCE_STATUS_HSI) ||
 1588              		.loc 1 567 5 is_stmt 1 view .LVU502
 1589              	.LBB318:
 1590              	.LBI318:
3879:Drivers/STM32WBxx_HAL_Driver/Inc/stm32wbxx_ll_rcc.h **** {
 1591              		.loc 2 3879 26 view .LVU503
 1592              	.LBB319:
 1593              		.loc 2 3881 3 view .LVU504
 1594              		.loc 2 3881 21 is_stmt 0 view .LVU505
 1595 01be D268     		ldr	r2, [r2, #12]
 1596              		.loc 2 3881 10 view .LVU506
 1597 01c0 02F00302 		and	r2, r2, #3
 1598              	.LVL144:
 1599              		.loc 2 3881 10 view .LVU507
 1600              	.LBE319:
 1601              	.LBE318:
 568:Drivers/STM32WBxx_HAL_Driver/Src/stm32wbxx_hal_rcc.c ****         ((temp_sysclksrc == RCC_SYSCLKSOURCE_STATUS_PLLCLK) && (temp_plloscsrc == RCC_PLLSOURCE_HSI
 1602              		.loc 1 568 5 is_stmt 1 view .LVU508
 568:Drivers/STM32WBxx_HAL_Driver/Src/stm32wbxx_hal_rcc.c ****         ((temp_sysclksrc == RCC_SYSCLKSOURCE_STATUS_PLLCLK) && (temp_plloscsrc == RCC_PLLSOURCE_HSI
 1603              		.loc 1 568 8 is_stmt 0 view .LVU509
 1604 01c4 042B     		cmp	r3, #4
 1605 01c6 33D0     		beq	.L92
 568:Drivers/STM32WBxx_HAL_Driver/Src/stm32wbxx_hal_rcc.c ****         ((temp_sysclksrc == RCC_SYSCLKSOURCE_STATUS_PLLCLK) && (temp_plloscsrc == RCC_PLLSOURCE_HSI
 1606              		.loc 1 568 57 discriminator 1 view .LVU510
 1607 01c8 0C2B     		cmp	r3, #12
 1608 01ca 2FD0     		beq	.L181
 1609              	.L93:
 586:Drivers/STM32WBxx_HAL_Driver/Src/stm32wbxx_hal_rcc.c ****       {
 1610              		.loc 1 586 7 is_stmt 1 view .LVU511
 586:Drivers/STM32WBxx_HAL_Driver/Src/stm32wbxx_hal_rcc.c ****       {
 1611              		.loc 1 586 28 is_stmt 0 view .LVU512
 1612 01cc E368     		ldr	r3, [r4, #12]
 1613              	.LVL145:
 586:Drivers/STM32WBxx_HAL_Driver/Src/stm32wbxx_hal_rcc.c ****       {
 1614              		.loc 1 586 10 view .LVU513
 1615 01ce 002B     		cmp	r3, #0
 1616 01d0 71D0     		beq	.L94
 589:Drivers/STM32WBxx_HAL_Driver/Src/stm32wbxx_hal_rcc.c **** 
 1617              		.loc 1 589 9 is_stmt 1 view .LVU514
 1618              	.LBB320:
 1619              	.LBI320:
1480:Drivers/STM32WBxx_HAL_Driver/Inc/stm32wbxx_ll_rcc.h **** {
 1620              		.loc 2 1480 22 view .LVU515
 1621              	.LBB321:
1482:Drivers/STM32WBxx_HAL_Driver/Inc/stm32wbxx_ll_rcc.h **** }
 1622              		.loc 2 1482 3 view .LVU516
 1623 01d2 4FF0B042 		mov	r2, #1476395008
 1624              	.LVL146:
1482:Drivers/STM32WBxx_HAL_Driver/Inc/stm32wbxx_ll_rcc.h **** }
 1625              		.loc 2 1482 3 is_stmt 0 view .LVU517
 1626 01d6 1368     		ldr	r3, [r2]
 1627 01d8 43F48073 		orr	r3, r3, #256
ARM GAS  C:\Users\843E~1\AppData\Local\Temp\cc5PNIRY.s 			page 137


 1628 01dc 1360     		str	r3, [r2]
 1629              	.LBE321:
 1630              	.LBE320:
 592:Drivers/STM32WBxx_HAL_Driver/Src/stm32wbxx_hal_rcc.c **** 
 1631              		.loc 1 592 9 is_stmt 1 view .LVU518
 592:Drivers/STM32WBxx_HAL_Driver/Src/stm32wbxx_hal_rcc.c **** 
 1632              		.loc 1 592 21 is_stmt 0 view .LVU519
 1633 01de FFF7FEFF 		bl	HAL_GetTick
 1634              	.LVL147:
 1635 01e2 0546     		mov	r5, r0
 1636              	.LVL148:
 595:Drivers/STM32WBxx_HAL_Driver/Src/stm32wbxx_hal_rcc.c ****         {
 1637              		.loc 1 595 9 is_stmt 1 view .LVU520
 1638              	.L96:
 595:Drivers/STM32WBxx_HAL_Driver/Src/stm32wbxx_hal_rcc.c ****         {
 1639              		.loc 1 595 15 view .LVU521
 1640              	.LBB322:
 1641              	.LBI322:
1500:Drivers/STM32WBxx_HAL_Driver/Inc/stm32wbxx_ll_rcc.h **** {
 1642              		.loc 2 1500 26 view .LVU522
 1643              	.LBB323:
1502:Drivers/STM32WBxx_HAL_Driver/Inc/stm32wbxx_ll_rcc.h **** }
 1644              		.loc 2 1502 3 view .LVU523
1502:Drivers/STM32WBxx_HAL_Driver/Inc/stm32wbxx_ll_rcc.h **** }
 1645              		.loc 2 1502 12 is_stmt 0 view .LVU524
 1646 01e4 4FF0B043 		mov	r3, #1476395008
 1647 01e8 1B68     		ldr	r3, [r3]
1502:Drivers/STM32WBxx_HAL_Driver/Inc/stm32wbxx_ll_rcc.h **** }
 1648              		.loc 2 1502 71 view .LVU525
 1649 01ea 13F4806F 		tst	r3, #1024
 1650 01ee 2DD1     		bne	.L95
 1651              	.LBE323:
 1652              	.LBE322:
 597:Drivers/STM32WBxx_HAL_Driver/Src/stm32wbxx_hal_rcc.c ****           {
 1653              		.loc 1 597 11 is_stmt 1 view .LVU526
 597:Drivers/STM32WBxx_HAL_Driver/Src/stm32wbxx_hal_rcc.c ****           {
 1654              		.loc 1 597 16 is_stmt 0 view .LVU527
 1655 01f0 FFF7FEFF 		bl	HAL_GetTick
 1656              	.LVL149:
 597:Drivers/STM32WBxx_HAL_Driver/Src/stm32wbxx_hal_rcc.c ****           {
 1657              		.loc 1 597 30 view .LVU528
 1658 01f4 401B     		subs	r0, r0, r5
 597:Drivers/STM32WBxx_HAL_Driver/Src/stm32wbxx_hal_rcc.c ****           {
 1659              		.loc 1 597 14 view .LVU529
 1660 01f6 0228     		cmp	r0, #2
 1661 01f8 F4D9     		bls	.L96
 599:Drivers/STM32WBxx_HAL_Driver/Src/stm32wbxx_hal_rcc.c ****           }
 1662              		.loc 1 599 20 view .LVU530
 1663 01fa 0320     		movs	r0, #3
 1664 01fc 80E2     		b	.L72
 1665              	.LVL150:
 1666              	.L178:
 599:Drivers/STM32WBxx_HAL_Driver/Src/stm32wbxx_hal_rcc.c ****           }
 1667              		.loc 1 599 20 view .LVU531
 1668              	.LBE315:
 1669              	.LBB332:
 524:Drivers/STM32WBxx_HAL_Driver/Src/stm32wbxx_hal_rcc.c **** 
ARM GAS  C:\Users\843E~1\AppData\Local\Temp\cc5PNIRY.s 			page 138


 1670              		.loc 1 524 7 is_stmt 1 view .LVU532
 1671              	.LBB309:
 1672              	.LBI309:
1318:Drivers/STM32WBxx_HAL_Driver/Inc/stm32wbxx_ll_rcc.h **** {
 1673              		.loc 2 1318 22 view .LVU533
 1674              	.LBB310:
1320:Drivers/STM32WBxx_HAL_Driver/Inc/stm32wbxx_ll_rcc.h **** }
 1675              		.loc 2 1320 3 view .LVU534
 1676 01fe 4FF0B042 		mov	r2, #1476395008
 1677              	.LVL151:
1320:Drivers/STM32WBxx_HAL_Driver/Inc/stm32wbxx_ll_rcc.h **** }
 1678              		.loc 2 1320 3 is_stmt 0 view .LVU535
 1679 0202 1368     		ldr	r3, [r2]
 1680 0204 43F48033 		orr	r3, r3, #65536
 1681 0208 1360     		str	r3, [r2]
1321:Drivers/STM32WBxx_HAL_Driver/Inc/stm32wbxx_ll_rcc.h **** 
 1682              		.loc 2 1321 1 view .LVU536
 1683 020a 4EE7     		b	.L87
 1684              	.L88:
1321:Drivers/STM32WBxx_HAL_Driver/Inc/stm32wbxx_ll_rcc.h **** 
 1685              		.loc 2 1321 1 view .LVU537
 1686              	.LBE310:
 1687              	.LBE309:
 544:Drivers/STM32WBxx_HAL_Driver/Src/stm32wbxx_hal_rcc.c **** 
 1688              		.loc 1 544 9 is_stmt 1 view .LVU538
 544:Drivers/STM32WBxx_HAL_Driver/Src/stm32wbxx_hal_rcc.c **** 
 1689              		.loc 1 544 21 is_stmt 0 view .LVU539
 1690 020c FFF7FEFF 		bl	HAL_GetTick
 1691              	.LVL152:
 1692 0210 0546     		mov	r5, r0
 1693              	.LVL153:
 547:Drivers/STM32WBxx_HAL_Driver/Src/stm32wbxx_hal_rcc.c ****         {
 1694              		.loc 1 547 9 is_stmt 1 view .LVU540
 1695              	.L90:
 547:Drivers/STM32WBxx_HAL_Driver/Src/stm32wbxx_hal_rcc.c ****         {
 1696              		.loc 1 547 15 view .LVU541
 1697              	.LBB311:
 1698              	.LBI311:
1338:Drivers/STM32WBxx_HAL_Driver/Inc/stm32wbxx_ll_rcc.h **** {
 1699              		.loc 2 1338 26 view .LVU542
 1700              	.LBB312:
1340:Drivers/STM32WBxx_HAL_Driver/Inc/stm32wbxx_ll_rcc.h **** }
 1701              		.loc 2 1340 3 view .LVU543
1340:Drivers/STM32WBxx_HAL_Driver/Inc/stm32wbxx_ll_rcc.h **** }
 1702              		.loc 2 1340 12 is_stmt 0 view .LVU544
 1703 0212 4FF0B043 		mov	r3, #1476395008
 1704 0216 1B68     		ldr	r3, [r3]
1340:Drivers/STM32WBxx_HAL_Driver/Inc/stm32wbxx_ll_rcc.h **** }
 1705              		.loc 2 1340 71 view .LVU545
 1706 0218 13F4003F 		tst	r3, #131072
 1707 021c C6D0     		beq	.L83
 1708              	.LBE312:
 1709              	.LBE311:
 549:Drivers/STM32WBxx_HAL_Driver/Src/stm32wbxx_hal_rcc.c ****           {
 1710              		.loc 1 549 11 is_stmt 1 view .LVU546
 549:Drivers/STM32WBxx_HAL_Driver/Src/stm32wbxx_hal_rcc.c ****           {
 1711              		.loc 1 549 16 is_stmt 0 view .LVU547
ARM GAS  C:\Users\843E~1\AppData\Local\Temp\cc5PNIRY.s 			page 139


 1712 021e FFF7FEFF 		bl	HAL_GetTick
 1713              	.LVL154:
 549:Drivers/STM32WBxx_HAL_Driver/Src/stm32wbxx_hal_rcc.c ****           {
 1714              		.loc 1 549 30 view .LVU548
 1715 0222 401B     		subs	r0, r0, r5
 549:Drivers/STM32WBxx_HAL_Driver/Src/stm32wbxx_hal_rcc.c ****           {
 1716              		.loc 1 549 14 view .LVU549
 1717 0224 6428     		cmp	r0, #100
 1718 0226 F4D9     		bls	.L90
 551:Drivers/STM32WBxx_HAL_Driver/Src/stm32wbxx_hal_rcc.c ****           }
 1719              		.loc 1 551 20 view .LVU550
 1720 0228 0320     		movs	r0, #3
 1721 022a 69E2     		b	.L72
 1722              	.LVL155:
 1723              	.L181:
 551:Drivers/STM32WBxx_HAL_Driver/Src/stm32wbxx_hal_rcc.c ****           }
 1724              		.loc 1 551 20 view .LVU551
 1725              	.LBE332:
 1726              	.LBB333:
 569:Drivers/STM32WBxx_HAL_Driver/Src/stm32wbxx_hal_rcc.c ****     {
 1727              		.loc 1 569 61 view .LVU552
 1728 022c 022A     		cmp	r2, #2
 1729 022e CDD1     		bne	.L93
 1730              	.L92:
 572:Drivers/STM32WBxx_HAL_Driver/Src/stm32wbxx_hal_rcc.c ****       {
 1731              		.loc 1 572 7 is_stmt 1 view .LVU553
 572:Drivers/STM32WBxx_HAL_Driver/Src/stm32wbxx_hal_rcc.c ****       {
 1732              		.loc 1 572 28 is_stmt 0 view .LVU554
 1733 0230 E368     		ldr	r3, [r4, #12]
 1734              	.LVL156:
 572:Drivers/STM32WBxx_HAL_Driver/Src/stm32wbxx_hal_rcc.c ****       {
 1735              		.loc 1 572 10 view .LVU555
 1736 0232 002B     		cmp	r3, #0
 1737 0234 00F06182 		beq	.L148
 580:Drivers/STM32WBxx_HAL_Driver/Src/stm32wbxx_hal_rcc.c ****       }
 1738              		.loc 1 580 9 is_stmt 1 view .LVU556
 1739 0238 2169     		ldr	r1, [r4, #16]
 1740              	.LVL157:
 1741              	.LBB324:
 1742              	.LBI324:
1545:Drivers/STM32WBxx_HAL_Driver/Inc/stm32wbxx_ll_rcc.h **** {
 1743              		.loc 2 1545 22 view .LVU557
 1744              	.LBB325:
1547:Drivers/STM32WBxx_HAL_Driver/Inc/stm32wbxx_ll_rcc.h **** }
 1745              		.loc 2 1547 3 view .LVU558
 1746 023a 4FF0B042 		mov	r2, #1476395008
 1747              	.LVL158:
1547:Drivers/STM32WBxx_HAL_Driver/Inc/stm32wbxx_ll_rcc.h **** }
 1748              		.loc 2 1547 3 is_stmt 0 view .LVU559
 1749 023e 5368     		ldr	r3, [r2, #4]
 1750 0240 23F0FE43 		bic	r3, r3, #2130706432
 1751 0244 43EA0163 		orr	r3, r3, r1, lsl #24
 1752 0248 5360     		str	r3, [r2, #4]
1548:Drivers/STM32WBxx_HAL_Driver/Inc/stm32wbxx_ll_rcc.h **** 
 1753              		.loc 2 1548 1 view .LVU560
 1754 024a 08E0     		b	.L91
 1755              	.LVL159:
ARM GAS  C:\Users\843E~1\AppData\Local\Temp\cc5PNIRY.s 			page 140


 1756              	.L95:
1548:Drivers/STM32WBxx_HAL_Driver/Inc/stm32wbxx_ll_rcc.h **** 
 1757              		.loc 2 1548 1 view .LVU561
 1758              	.LBE325:
 1759              	.LBE324:
 604:Drivers/STM32WBxx_HAL_Driver/Src/stm32wbxx_hal_rcc.c ****       }
 1760              		.loc 1 604 9 is_stmt 1 view .LVU562
 1761 024c 2169     		ldr	r1, [r4, #16]
 1762              	.LVL160:
 1763              	.LBB326:
 1764              	.LBI326:
1545:Drivers/STM32WBxx_HAL_Driver/Inc/stm32wbxx_ll_rcc.h **** {
 1765              		.loc 2 1545 22 view .LVU563
 1766              	.LBB327:
1547:Drivers/STM32WBxx_HAL_Driver/Inc/stm32wbxx_ll_rcc.h **** }
 1767              		.loc 2 1547 3 view .LVU564
 1768 024e 4FF0B042 		mov	r2, #1476395008
 1769 0252 5368     		ldr	r3, [r2, #4]
 1770 0254 23F0FE43 		bic	r3, r3, #2130706432
 1771 0258 43EA0163 		orr	r3, r3, r1, lsl #24
 1772 025c 5360     		str	r3, [r2, #4]
 1773              	.LVL161:
 1774              	.L91:
1547:Drivers/STM32WBxx_HAL_Driver/Inc/stm32wbxx_ll_rcc.h **** }
 1775              		.loc 2 1547 3 is_stmt 0 view .LVU565
 1776              	.LBE327:
 1777              	.LBE326:
 1778              	.LBE333:
 627:Drivers/STM32WBxx_HAL_Driver/Src/stm32wbxx_hal_rcc.c ****       (((RCC_OscInitStruct->OscillatorType) & RCC_OSCILLATORTYPE_LSI2) == RCC_OSCILLATORTYPE_LSI2))
 1779              		.loc 1 627 3 is_stmt 1 view .LVU566
 627:Drivers/STM32WBxx_HAL_Driver/Src/stm32wbxx_hal_rcc.c ****       (((RCC_OscInitStruct->OscillatorType) & RCC_OSCILLATORTYPE_LSI2) == RCC_OSCILLATORTYPE_LSI2))
 1780              		.loc 1 627 100 is_stmt 0 view .LVU567
 1781 025e 2368     		ldr	r3, [r4]
 627:Drivers/STM32WBxx_HAL_Driver/Src/stm32wbxx_hal_rcc.c ****       (((RCC_OscInitStruct->OscillatorType) & RCC_OSCILLATORTYPE_LSI2) == RCC_OSCILLATORTYPE_LSI2))
 1782              		.loc 1 627 6 view .LVU568
 1783 0260 13F0180F 		tst	r3, #24
 1784 0264 00F0DE80 		beq	.L98
 631:Drivers/STM32WBxx_HAL_Driver/Src/stm32wbxx_hal_rcc.c **** 
 1785              		.loc 1 631 5 is_stmt 1 view .LVU569
 634:Drivers/STM32WBxx_HAL_Driver/Src/stm32wbxx_hal_rcc.c ****     {
 1786              		.loc 1 634 5 view .LVU570
 634:Drivers/STM32WBxx_HAL_Driver/Src/stm32wbxx_hal_rcc.c ****     {
 1787              		.loc 1 634 26 is_stmt 0 view .LVU571
 1788 0268 6269     		ldr	r2, [r4, #20]
 634:Drivers/STM32WBxx_HAL_Driver/Src/stm32wbxx_hal_rcc.c ****     {
 1789              		.loc 1 634 8 view .LVU572
 1790 026a 002A     		cmp	r2, #0
 1791 026c 00F0A380 		beq	.L99
 637:Drivers/STM32WBxx_HAL_Driver/Src/stm32wbxx_hal_rcc.c ****       {
 1792              		.loc 1 637 7 is_stmt 1 view .LVU573
 637:Drivers/STM32WBxx_HAL_Driver/Src/stm32wbxx_hal_rcc.c ****       {
 1793              		.loc 1 637 10 is_stmt 0 view .LVU574
 1794 0270 13F0100F 		tst	r3, #16
 1795 0274 70D0     		beq	.L100
 639:Drivers/STM32WBxx_HAL_Driver/Src/stm32wbxx_hal_rcc.c **** 
 1796              		.loc 1 639 9 is_stmt 1 view .LVU575
 642:Drivers/STM32WBxx_HAL_Driver/Src/stm32wbxx_hal_rcc.c ****         {
ARM GAS  C:\Users\843E~1\AppData\Local\Temp\cc5PNIRY.s 			page 141


 1797              		.loc 1 642 9 view .LVU576
 1798              	.LBB334:
 1799              	.LBI334:
1773:Drivers/STM32WBxx_HAL_Driver/Inc/stm32wbxx_ll_rcc.h **** {
 1800              		.loc 2 1773 26 view .LVU577
 1801              	.LBB335:
1775:Drivers/STM32WBxx_HAL_Driver/Inc/stm32wbxx_ll_rcc.h **** }
 1802              		.loc 2 1775 3 view .LVU578
1775:Drivers/STM32WBxx_HAL_Driver/Inc/stm32wbxx_ll_rcc.h **** }
 1803              		.loc 2 1775 12 is_stmt 0 view .LVU579
 1804 0276 4FF0B043 		mov	r3, #1476395008
 1805 027a D3F89430 		ldr	r3, [r3, #148]
1775:Drivers/STM32WBxx_HAL_Driver/Inc/stm32wbxx_ll_rcc.h **** }
 1806              		.loc 2 1775 76 view .LVU580
 1807 027e 13F0020F 		tst	r3, #2
 1808 0282 2ED1     		bne	.L101
 1809              	.LBE335:
 1810              	.LBE334:
 645:Drivers/STM32WBxx_HAL_Driver/Src/stm32wbxx_hal_rcc.c **** 
 1811              		.loc 1 645 11 is_stmt 1 view .LVU581
 1812              	.LBB336:
 1813              	.LBI336:
1753:Drivers/STM32WBxx_HAL_Driver/Inc/stm32wbxx_ll_rcc.h **** {
 1814              		.loc 2 1753 22 view .LVU582
 1815              	.LBB337:
1755:Drivers/STM32WBxx_HAL_Driver/Inc/stm32wbxx_ll_rcc.h **** }
 1816              		.loc 2 1755 3 view .LVU583
 1817 0284 4FF0B042 		mov	r2, #1476395008
 1818 0288 D2F89430 		ldr	r3, [r2, #148]
 1819 028c 43F00103 		orr	r3, r3, #1
 1820 0290 C2F89430 		str	r3, [r2, #148]
 1821              	.LBE337:
 1822              	.LBE336:
 648:Drivers/STM32WBxx_HAL_Driver/Src/stm32wbxx_hal_rcc.c **** 
 1823              		.loc 1 648 11 view .LVU584
 648:Drivers/STM32WBxx_HAL_Driver/Src/stm32wbxx_hal_rcc.c **** 
 1824              		.loc 1 648 23 is_stmt 0 view .LVU585
 1825 0294 FFF7FEFF 		bl	HAL_GetTick
 1826              	.LVL162:
 1827 0298 0546     		mov	r5, r0
 1828              	.LVL163:
 651:Drivers/STM32WBxx_HAL_Driver/Src/stm32wbxx_hal_rcc.c ****           {
 1829              		.loc 1 651 11 is_stmt 1 view .LVU586
 1830              	.L102:
 651:Drivers/STM32WBxx_HAL_Driver/Src/stm32wbxx_hal_rcc.c ****           {
 1831              		.loc 1 651 17 view .LVU587
 1832              	.LBB338:
 1833              	.LBI338:
1773:Drivers/STM32WBxx_HAL_Driver/Inc/stm32wbxx_ll_rcc.h **** {
 1834              		.loc 2 1773 26 view .LVU588
 1835              	.LBB339:
1775:Drivers/STM32WBxx_HAL_Driver/Inc/stm32wbxx_ll_rcc.h **** }
 1836              		.loc 2 1775 3 view .LVU589
1775:Drivers/STM32WBxx_HAL_Driver/Inc/stm32wbxx_ll_rcc.h **** }
 1837              		.loc 2 1775 12 is_stmt 0 view .LVU590
 1838 029a 4FF0B043 		mov	r3, #1476395008
 1839 029e D3F89430 		ldr	r3, [r3, #148]
ARM GAS  C:\Users\843E~1\AppData\Local\Temp\cc5PNIRY.s 			page 142


1775:Drivers/STM32WBxx_HAL_Driver/Inc/stm32wbxx_ll_rcc.h **** }
 1840              		.loc 2 1775 76 view .LVU591
 1841 02a2 13F0020F 		tst	r3, #2
 1842 02a6 1CD1     		bne	.L101
 1843              	.LBE339:
 1844              	.LBE338:
 653:Drivers/STM32WBxx_HAL_Driver/Src/stm32wbxx_hal_rcc.c ****             {
 1845              		.loc 1 653 13 is_stmt 1 view .LVU592
 653:Drivers/STM32WBxx_HAL_Driver/Src/stm32wbxx_hal_rcc.c ****             {
 1846              		.loc 1 653 18 is_stmt 0 view .LVU593
 1847 02a8 FFF7FEFF 		bl	HAL_GetTick
 1848              	.LVL164:
 653:Drivers/STM32WBxx_HAL_Driver/Src/stm32wbxx_hal_rcc.c ****             {
 1849              		.loc 1 653 32 view .LVU594
 1850 02ac 401B     		subs	r0, r0, r5
 653:Drivers/STM32WBxx_HAL_Driver/Src/stm32wbxx_hal_rcc.c ****             {
 1851              		.loc 1 653 16 view .LVU595
 1852 02ae 0228     		cmp	r0, #2
 1853 02b0 F3D9     		bls	.L102
 655:Drivers/STM32WBxx_HAL_Driver/Src/stm32wbxx_hal_rcc.c ****             }
 1854              		.loc 1 655 22 view .LVU596
 1855 02b2 0320     		movs	r0, #3
 1856 02b4 24E2     		b	.L72
 1857              	.LVL165:
 1858              	.L94:
 1859              	.LBB340:
 609:Drivers/STM32WBxx_HAL_Driver/Src/stm32wbxx_hal_rcc.c **** 
 1860              		.loc 1 609 9 is_stmt 1 view .LVU597
 1861              	.LBB328:
 1862              	.LBI328:
1490:Drivers/STM32WBxx_HAL_Driver/Inc/stm32wbxx_ll_rcc.h **** {
 1863              		.loc 2 1490 22 view .LVU598
 1864              	.LBB329:
1492:Drivers/STM32WBxx_HAL_Driver/Inc/stm32wbxx_ll_rcc.h **** }
 1865              		.loc 2 1492 3 view .LVU599
 1866 02b6 4FF0B042 		mov	r2, #1476395008
 1867              	.LVL166:
1492:Drivers/STM32WBxx_HAL_Driver/Inc/stm32wbxx_ll_rcc.h **** }
 1868              		.loc 2 1492 3 is_stmt 0 view .LVU600
 1869 02ba 1368     		ldr	r3, [r2]
 1870 02bc 23F48073 		bic	r3, r3, #256
 1871 02c0 1360     		str	r3, [r2]
 1872              	.LBE329:
 1873              	.LBE328:
 612:Drivers/STM32WBxx_HAL_Driver/Src/stm32wbxx_hal_rcc.c **** 
 1874              		.loc 1 612 9 is_stmt 1 view .LVU601
 612:Drivers/STM32WBxx_HAL_Driver/Src/stm32wbxx_hal_rcc.c **** 
 1875              		.loc 1 612 21 is_stmt 0 view .LVU602
 1876 02c2 FFF7FEFF 		bl	HAL_GetTick
 1877              	.LVL167:
 1878 02c6 0546     		mov	r5, r0
 1879              	.LVL168:
 615:Drivers/STM32WBxx_HAL_Driver/Src/stm32wbxx_hal_rcc.c ****         {
 1880              		.loc 1 615 9 is_stmt 1 view .LVU603
 1881              	.L97:
 615:Drivers/STM32WBxx_HAL_Driver/Src/stm32wbxx_hal_rcc.c ****         {
 1882              		.loc 1 615 15 view .LVU604
ARM GAS  C:\Users\843E~1\AppData\Local\Temp\cc5PNIRY.s 			page 143


 1883              	.LBB330:
 1884              	.LBI330:
1500:Drivers/STM32WBxx_HAL_Driver/Inc/stm32wbxx_ll_rcc.h **** {
 1885              		.loc 2 1500 26 view .LVU605
 1886              	.LBB331:
1502:Drivers/STM32WBxx_HAL_Driver/Inc/stm32wbxx_ll_rcc.h **** }
 1887              		.loc 2 1502 3 view .LVU606
1502:Drivers/STM32WBxx_HAL_Driver/Inc/stm32wbxx_ll_rcc.h **** }
 1888              		.loc 2 1502 12 is_stmt 0 view .LVU607
 1889 02c8 4FF0B043 		mov	r3, #1476395008
 1890 02cc 1B68     		ldr	r3, [r3]
1502:Drivers/STM32WBxx_HAL_Driver/Inc/stm32wbxx_ll_rcc.h **** }
 1891              		.loc 2 1502 71 view .LVU608
 1892 02ce 13F4806F 		tst	r3, #1024
 1893 02d2 C4D0     		beq	.L91
 1894              	.LBE331:
 1895              	.LBE330:
 617:Drivers/STM32WBxx_HAL_Driver/Src/stm32wbxx_hal_rcc.c ****           {
 1896              		.loc 1 617 11 is_stmt 1 view .LVU609
 617:Drivers/STM32WBxx_HAL_Driver/Src/stm32wbxx_hal_rcc.c ****           {
 1897              		.loc 1 617 16 is_stmt 0 view .LVU610
 1898 02d4 FFF7FEFF 		bl	HAL_GetTick
 1899              	.LVL169:
 617:Drivers/STM32WBxx_HAL_Driver/Src/stm32wbxx_hal_rcc.c ****           {
 1900              		.loc 1 617 30 view .LVU611
 1901 02d8 401B     		subs	r0, r0, r5
 617:Drivers/STM32WBxx_HAL_Driver/Src/stm32wbxx_hal_rcc.c ****           {
 1902              		.loc 1 617 14 view .LVU612
 1903 02da 0228     		cmp	r0, #2
 1904 02dc F4D9     		bls	.L97
 619:Drivers/STM32WBxx_HAL_Driver/Src/stm32wbxx_hal_rcc.c ****           }
 1905              		.loc 1 619 20 view .LVU613
 1906 02de 0320     		movs	r0, #3
 1907 02e0 0EE2     		b	.L72
 1908              	.LVL170:
 1909              	.L101:
 619:Drivers/STM32WBxx_HAL_Driver/Src/stm32wbxx_hal_rcc.c ****           }
 1910              		.loc 1 619 20 view .LVU614
 1911              	.LBE340:
 661:Drivers/STM32WBxx_HAL_Driver/Src/stm32wbxx_hal_rcc.c **** 
 1912              		.loc 1 661 9 is_stmt 1 view .LVU615
 1913              	.LBB341:
 1914              	.LBI341:
1791:Drivers/STM32WBxx_HAL_Driver/Inc/stm32wbxx_ll_rcc.h **** {
 1915              		.loc 2 1791 22 view .LVU616
 1916              	.LBB342:
1793:Drivers/STM32WBxx_HAL_Driver/Inc/stm32wbxx_ll_rcc.h **** }
 1917              		.loc 2 1793 3 view .LVU617
 1918 02e2 4FF0B042 		mov	r2, #1476395008
 1919 02e6 D2F89430 		ldr	r3, [r2, #148]
 1920 02ea 43F00403 		orr	r3, r3, #4
 1921 02ee C2F89430 		str	r3, [r2, #148]
 1922              	.LBE342:
 1923              	.LBE341:
 664:Drivers/STM32WBxx_HAL_Driver/Src/stm32wbxx_hal_rcc.c **** 
 1924              		.loc 1 664 9 view .LVU618
 664:Drivers/STM32WBxx_HAL_Driver/Src/stm32wbxx_hal_rcc.c **** 
ARM GAS  C:\Users\843E~1\AppData\Local\Temp\cc5PNIRY.s 			page 144


 1925              		.loc 1 664 21 is_stmt 0 view .LVU619
 1926 02f2 FFF7FEFF 		bl	HAL_GetTick
 1927              	.LVL171:
 1928 02f6 0546     		mov	r5, r0
 1929              	.LVL172:
 667:Drivers/STM32WBxx_HAL_Driver/Src/stm32wbxx_hal_rcc.c ****         {
 1930              		.loc 1 667 9 is_stmt 1 view .LVU620
 1931              	.L104:
 667:Drivers/STM32WBxx_HAL_Driver/Src/stm32wbxx_hal_rcc.c ****         {
 1932              		.loc 1 667 15 view .LVU621
 1933              	.LBB343:
 1934              	.LBI343:
1811:Drivers/STM32WBxx_HAL_Driver/Inc/stm32wbxx_ll_rcc.h **** {
 1935              		.loc 2 1811 26 view .LVU622
 1936              	.LBB344:
1813:Drivers/STM32WBxx_HAL_Driver/Inc/stm32wbxx_ll_rcc.h **** }
 1937              		.loc 2 1813 3 view .LVU623
1813:Drivers/STM32WBxx_HAL_Driver/Inc/stm32wbxx_ll_rcc.h **** }
 1938              		.loc 2 1813 12 is_stmt 0 view .LVU624
 1939 02f8 4FF0B043 		mov	r3, #1476395008
 1940 02fc D3F89430 		ldr	r3, [r3, #148]
1813:Drivers/STM32WBxx_HAL_Driver/Inc/stm32wbxx_ll_rcc.h **** }
 1941              		.loc 2 1813 76 view .LVU625
 1942 0300 13F0080F 		tst	r3, #8
 1943 0304 06D1     		bne	.L103
 1944              	.LBE344:
 1945              	.LBE343:
 669:Drivers/STM32WBxx_HAL_Driver/Src/stm32wbxx_hal_rcc.c ****           {
 1946              		.loc 1 669 11 is_stmt 1 view .LVU626
 669:Drivers/STM32WBxx_HAL_Driver/Src/stm32wbxx_hal_rcc.c ****           {
 1947              		.loc 1 669 16 is_stmt 0 view .LVU627
 1948 0306 FFF7FEFF 		bl	HAL_GetTick
 1949              	.LVL173:
 669:Drivers/STM32WBxx_HAL_Driver/Src/stm32wbxx_hal_rcc.c ****           {
 1950              		.loc 1 669 30 view .LVU628
 1951 030a 401B     		subs	r0, r0, r5
 669:Drivers/STM32WBxx_HAL_Driver/Src/stm32wbxx_hal_rcc.c ****           {
 1952              		.loc 1 669 14 view .LVU629
 1953 030c 0328     		cmp	r0, #3
 1954 030e F3D9     		bls	.L104
 671:Drivers/STM32WBxx_HAL_Driver/Src/stm32wbxx_hal_rcc.c ****           }
 1955              		.loc 1 671 20 view .LVU630
 1956 0310 0320     		movs	r0, #3
 1957 0312 F5E1     		b	.L72
 1958              	.L103:
 675:Drivers/STM32WBxx_HAL_Driver/Src/stm32wbxx_hal_rcc.c **** 
 1959              		.loc 1 675 9 is_stmt 1 view .LVU631
 1960 0314 A169     		ldr	r1, [r4, #24]
 1961              	.LVL174:
 1962              	.LBB345:
 1963              	.LBI345:
1822:Drivers/STM32WBxx_HAL_Driver/Inc/stm32wbxx_ll_rcc.h **** {
 1964              		.loc 2 1822 22 view .LVU632
 1965              	.LBB346:
1824:Drivers/STM32WBxx_HAL_Driver/Inc/stm32wbxx_ll_rcc.h **** }
 1966              		.loc 2 1824 3 view .LVU633
 1967 0316 4FF0B042 		mov	r2, #1476395008
ARM GAS  C:\Users\843E~1\AppData\Local\Temp\cc5PNIRY.s 			page 145


 1968 031a D2F89430 		ldr	r3, [r2, #148]
 1969 031e 23F47063 		bic	r3, r3, #3840
 1970 0322 43EA0123 		orr	r3, r3, r1, lsl #8
 1971 0326 C2F89430 		str	r3, [r2, #148]
 1972              	.LVL175:
1824:Drivers/STM32WBxx_HAL_Driver/Inc/stm32wbxx_ll_rcc.h **** }
 1973              		.loc 2 1824 3 is_stmt 0 view .LVU634
 1974              	.LBE346:
 1975              	.LBE345:
 680:Drivers/STM32WBxx_HAL_Driver/Src/stm32wbxx_hal_rcc.c **** 
 1976              		.loc 1 680 9 is_stmt 1 view .LVU635
 1977              	.LBB347:
 1978              	.LBI347:
1763:Drivers/STM32WBxx_HAL_Driver/Inc/stm32wbxx_ll_rcc.h **** {
 1979              		.loc 2 1763 22 view .LVU636
 1980              	.LBB348:
1765:Drivers/STM32WBxx_HAL_Driver/Inc/stm32wbxx_ll_rcc.h **** }
 1981              		.loc 2 1765 3 view .LVU637
 1982 032a D2F89430 		ldr	r3, [r2, #148]
 1983 032e 23F00103 		bic	r3, r3, #1
 1984 0332 C2F89430 		str	r3, [r2, #148]
 1985              	.LBE348:
 1986              	.LBE347:
 683:Drivers/STM32WBxx_HAL_Driver/Src/stm32wbxx_hal_rcc.c **** 
 1987              		.loc 1 683 9 view .LVU638
 683:Drivers/STM32WBxx_HAL_Driver/Src/stm32wbxx_hal_rcc.c **** 
 1988              		.loc 1 683 21 is_stmt 0 view .LVU639
 1989 0336 FFF7FEFF 		bl	HAL_GetTick
 1990              	.LVL176:
 1991 033a 0546     		mov	r5, r0
 1992              	.LVL177:
 686:Drivers/STM32WBxx_HAL_Driver/Src/stm32wbxx_hal_rcc.c ****         {
 1993              		.loc 1 686 9 is_stmt 1 view .LVU640
 1994              	.L105:
 686:Drivers/STM32WBxx_HAL_Driver/Src/stm32wbxx_hal_rcc.c ****         {
 1995              		.loc 1 686 15 view .LVU641
 1996              	.LBB349:
 1997              	.LBI349:
1773:Drivers/STM32WBxx_HAL_Driver/Inc/stm32wbxx_ll_rcc.h **** {
 1998              		.loc 2 1773 26 view .LVU642
 1999              	.LBB350:
1775:Drivers/STM32WBxx_HAL_Driver/Inc/stm32wbxx_ll_rcc.h **** }
 2000              		.loc 2 1775 3 view .LVU643
1775:Drivers/STM32WBxx_HAL_Driver/Inc/stm32wbxx_ll_rcc.h **** }
 2001              		.loc 2 1775 12 is_stmt 0 view .LVU644
 2002 033c 4FF0B043 		mov	r3, #1476395008
 2003 0340 D3F89430 		ldr	r3, [r3, #148]
1775:Drivers/STM32WBxx_HAL_Driver/Inc/stm32wbxx_ll_rcc.h **** }
 2004              		.loc 2 1775 76 view .LVU645
 2005 0344 13F0020F 		tst	r3, #2
 2006 0348 6CD0     		beq	.L98
 2007              	.LBE350:
 2008              	.LBE349:
 688:Drivers/STM32WBxx_HAL_Driver/Src/stm32wbxx_hal_rcc.c ****           {
 2009              		.loc 1 688 11 is_stmt 1 view .LVU646
 688:Drivers/STM32WBxx_HAL_Driver/Src/stm32wbxx_hal_rcc.c ****           {
 2010              		.loc 1 688 16 is_stmt 0 view .LVU647
ARM GAS  C:\Users\843E~1\AppData\Local\Temp\cc5PNIRY.s 			page 146


 2011 034a FFF7FEFF 		bl	HAL_GetTick
 2012              	.LVL178:
 688:Drivers/STM32WBxx_HAL_Driver/Src/stm32wbxx_hal_rcc.c ****           {
 2013              		.loc 1 688 30 view .LVU648
 2014 034e 401B     		subs	r0, r0, r5
 688:Drivers/STM32WBxx_HAL_Driver/Src/stm32wbxx_hal_rcc.c ****           {
 2015              		.loc 1 688 14 view .LVU649
 2016 0350 0228     		cmp	r0, #2
 2017 0352 F3D9     		bls	.L105
 690:Drivers/STM32WBxx_HAL_Driver/Src/stm32wbxx_hal_rcc.c ****           }
 2018              		.loc 1 690 20 view .LVU650
 2019 0354 0320     		movs	r0, #3
 2020 0356 D3E1     		b	.L72
 2021              	.LVL179:
 2022              	.L100:
 699:Drivers/STM32WBxx_HAL_Driver/Src/stm32wbxx_hal_rcc.c **** 
 2023              		.loc 1 699 9 is_stmt 1 view .LVU651
 2024              	.LBB351:
 2025              	.LBI351:
1753:Drivers/STM32WBxx_HAL_Driver/Inc/stm32wbxx_ll_rcc.h **** {
 2026              		.loc 2 1753 22 view .LVU652
 2027              	.LBB352:
1755:Drivers/STM32WBxx_HAL_Driver/Inc/stm32wbxx_ll_rcc.h **** }
 2028              		.loc 2 1755 3 view .LVU653
 2029 0358 4FF0B042 		mov	r2, #1476395008
 2030 035c D2F89430 		ldr	r3, [r2, #148]
 2031 0360 43F00103 		orr	r3, r3, #1
 2032 0364 C2F89430 		str	r3, [r2, #148]
 2033              	.LBE352:
 2034              	.LBE351:
 702:Drivers/STM32WBxx_HAL_Driver/Src/stm32wbxx_hal_rcc.c **** 
 2035              		.loc 1 702 9 view .LVU654
 702:Drivers/STM32WBxx_HAL_Driver/Src/stm32wbxx_hal_rcc.c **** 
 2036              		.loc 1 702 21 is_stmt 0 view .LVU655
 2037 0368 FFF7FEFF 		bl	HAL_GetTick
 2038              	.LVL180:
 2039 036c 0546     		mov	r5, r0
 2040              	.LVL181:
 705:Drivers/STM32WBxx_HAL_Driver/Src/stm32wbxx_hal_rcc.c ****         {
 2041              		.loc 1 705 9 is_stmt 1 view .LVU656
 2042              	.L107:
 705:Drivers/STM32WBxx_HAL_Driver/Src/stm32wbxx_hal_rcc.c ****         {
 2043              		.loc 1 705 15 view .LVU657
 2044              	.LBB353:
 2045              	.LBI353:
1773:Drivers/STM32WBxx_HAL_Driver/Inc/stm32wbxx_ll_rcc.h **** {
 2046              		.loc 2 1773 26 view .LVU658
 2047              	.LBB354:
1775:Drivers/STM32WBxx_HAL_Driver/Inc/stm32wbxx_ll_rcc.h **** }
 2048              		.loc 2 1775 3 view .LVU659
1775:Drivers/STM32WBxx_HAL_Driver/Inc/stm32wbxx_ll_rcc.h **** }
 2049              		.loc 2 1775 12 is_stmt 0 view .LVU660
 2050 036e 4FF0B043 		mov	r3, #1476395008
 2051 0372 D3F89430 		ldr	r3, [r3, #148]
1775:Drivers/STM32WBxx_HAL_Driver/Inc/stm32wbxx_ll_rcc.h **** }
 2052              		.loc 2 1775 76 view .LVU661
 2053 0376 13F0020F 		tst	r3, #2
ARM GAS  C:\Users\843E~1\AppData\Local\Temp\cc5PNIRY.s 			page 147


 2054 037a 06D1     		bne	.L106
 2055              	.LBE354:
 2056              	.LBE353:
 707:Drivers/STM32WBxx_HAL_Driver/Src/stm32wbxx_hal_rcc.c ****           {
 2057              		.loc 1 707 11 is_stmt 1 view .LVU662
 707:Drivers/STM32WBxx_HAL_Driver/Src/stm32wbxx_hal_rcc.c ****           {
 2058              		.loc 1 707 16 is_stmt 0 view .LVU663
 2059 037c FFF7FEFF 		bl	HAL_GetTick
 2060              	.LVL182:
 707:Drivers/STM32WBxx_HAL_Driver/Src/stm32wbxx_hal_rcc.c ****           {
 2061              		.loc 1 707 30 view .LVU664
 2062 0380 401B     		subs	r0, r0, r5
 707:Drivers/STM32WBxx_HAL_Driver/Src/stm32wbxx_hal_rcc.c ****           {
 2063              		.loc 1 707 14 view .LVU665
 2064 0382 0228     		cmp	r0, #2
 2065 0384 F3D9     		bls	.L107
 709:Drivers/STM32WBxx_HAL_Driver/Src/stm32wbxx_hal_rcc.c ****           }
 2066              		.loc 1 709 20 view .LVU666
 2067 0386 0320     		movs	r0, #3
 2068 0388 BAE1     		b	.L72
 2069              	.L106:
 715:Drivers/STM32WBxx_HAL_Driver/Src/stm32wbxx_hal_rcc.c **** 
 2070              		.loc 1 715 9 is_stmt 1 view .LVU667
 2071              	.LBB355:
 2072              	.LBI355:
1801:Drivers/STM32WBxx_HAL_Driver/Inc/stm32wbxx_ll_rcc.h **** {
 2073              		.loc 2 1801 22 view .LVU668
 2074              	.LBB356:
1803:Drivers/STM32WBxx_HAL_Driver/Inc/stm32wbxx_ll_rcc.h **** }
 2075              		.loc 2 1803 3 view .LVU669
 2076 038a 4FF0B042 		mov	r2, #1476395008
 2077 038e D2F89430 		ldr	r3, [r2, #148]
 2078 0392 23F00403 		bic	r3, r3, #4
 2079 0396 C2F89430 		str	r3, [r2, #148]
 2080              	.L108:
 2081              	.LBE356:
 2082              	.LBE355:
 718:Drivers/STM32WBxx_HAL_Driver/Src/stm32wbxx_hal_rcc.c ****         {
 2083              		.loc 1 718 15 view .LVU670
 2084              	.LBB357:
 2085              	.LBI357:
1811:Drivers/STM32WBxx_HAL_Driver/Inc/stm32wbxx_ll_rcc.h **** {
 2086              		.loc 2 1811 26 view .LVU671
 2087              	.LBB358:
1813:Drivers/STM32WBxx_HAL_Driver/Inc/stm32wbxx_ll_rcc.h **** }
 2088              		.loc 2 1813 3 view .LVU672
1813:Drivers/STM32WBxx_HAL_Driver/Inc/stm32wbxx_ll_rcc.h **** }
 2089              		.loc 2 1813 12 is_stmt 0 view .LVU673
 2090 039a 4FF0B043 		mov	r3, #1476395008
 2091 039e D3F89430 		ldr	r3, [r3, #148]
1813:Drivers/STM32WBxx_HAL_Driver/Inc/stm32wbxx_ll_rcc.h **** }
 2092              		.loc 2 1813 76 view .LVU674
 2093 03a2 13F0080F 		tst	r3, #8
 2094 03a6 3DD0     		beq	.L98
 2095              	.LBE358:
 2096              	.LBE357:
 720:Drivers/STM32WBxx_HAL_Driver/Src/stm32wbxx_hal_rcc.c ****           {
ARM GAS  C:\Users\843E~1\AppData\Local\Temp\cc5PNIRY.s 			page 148


 2097              		.loc 1 720 11 is_stmt 1 view .LVU675
 720:Drivers/STM32WBxx_HAL_Driver/Src/stm32wbxx_hal_rcc.c ****           {
 2098              		.loc 1 720 16 is_stmt 0 view .LVU676
 2099 03a8 FFF7FEFF 		bl	HAL_GetTick
 2100              	.LVL183:
 720:Drivers/STM32WBxx_HAL_Driver/Src/stm32wbxx_hal_rcc.c ****           {
 2101              		.loc 1 720 30 view .LVU677
 2102 03ac 401B     		subs	r0, r0, r5
 720:Drivers/STM32WBxx_HAL_Driver/Src/stm32wbxx_hal_rcc.c ****           {
 2103              		.loc 1 720 14 view .LVU678
 2104 03ae 0328     		cmp	r0, #3
 2105 03b0 F3D9     		bls	.L108
 722:Drivers/STM32WBxx_HAL_Driver/Src/stm32wbxx_hal_rcc.c ****           }
 2106              		.loc 1 722 20 view .LVU679
 2107 03b2 0320     		movs	r0, #3
 2108 03b4 A4E1     		b	.L72
 2109              	.LVL184:
 2110              	.L99:
 731:Drivers/STM32WBxx_HAL_Driver/Src/stm32wbxx_hal_rcc.c **** 
 2111              		.loc 1 731 7 is_stmt 1 view .LVU680
 2112              	.LBB359:
 2113              	.LBI359:
1801:Drivers/STM32WBxx_HAL_Driver/Inc/stm32wbxx_ll_rcc.h **** {
 2114              		.loc 2 1801 22 view .LVU681
 2115              	.LBB360:
1803:Drivers/STM32WBxx_HAL_Driver/Inc/stm32wbxx_ll_rcc.h **** }
 2116              		.loc 2 1803 3 view .LVU682
 2117 03b6 4FF0B042 		mov	r2, #1476395008
 2118 03ba D2F89430 		ldr	r3, [r2, #148]
 2119 03be 23F00403 		bic	r3, r3, #4
 2120 03c2 C2F89430 		str	r3, [r2, #148]
 2121              	.LBE360:
 2122              	.LBE359:
 734:Drivers/STM32WBxx_HAL_Driver/Src/stm32wbxx_hal_rcc.c **** 
 2123              		.loc 1 734 7 view .LVU683
 734:Drivers/STM32WBxx_HAL_Driver/Src/stm32wbxx_hal_rcc.c **** 
 2124              		.loc 1 734 19 is_stmt 0 view .LVU684
 2125 03c6 FFF7FEFF 		bl	HAL_GetTick
 2126              	.LVL185:
 2127 03ca 0546     		mov	r5, r0
 2128              	.LVL186:
 737:Drivers/STM32WBxx_HAL_Driver/Src/stm32wbxx_hal_rcc.c ****       {
 2129              		.loc 1 737 7 is_stmt 1 view .LVU685
 2130              	.L111:
 737:Drivers/STM32WBxx_HAL_Driver/Src/stm32wbxx_hal_rcc.c ****       {
 2131              		.loc 1 737 13 view .LVU686
 2132              	.LBB361:
 2133              	.LBI361:
1811:Drivers/STM32WBxx_HAL_Driver/Inc/stm32wbxx_ll_rcc.h **** {
 2134              		.loc 2 1811 26 view .LVU687
 2135              	.LBB362:
1813:Drivers/STM32WBxx_HAL_Driver/Inc/stm32wbxx_ll_rcc.h **** }
 2136              		.loc 2 1813 3 view .LVU688
1813:Drivers/STM32WBxx_HAL_Driver/Inc/stm32wbxx_ll_rcc.h **** }
 2137              		.loc 2 1813 12 is_stmt 0 view .LVU689
 2138 03cc 4FF0B043 		mov	r3, #1476395008
 2139 03d0 D3F89430 		ldr	r3, [r3, #148]
ARM GAS  C:\Users\843E~1\AppData\Local\Temp\cc5PNIRY.s 			page 149


1813:Drivers/STM32WBxx_HAL_Driver/Inc/stm32wbxx_ll_rcc.h **** }
 2140              		.loc 2 1813 76 view .LVU690
 2141 03d4 13F0080F 		tst	r3, #8
 2142 03d8 18D1     		bne	.L109
 2143              	.LBE362:
 2144              	.LBE361:
 746:Drivers/STM32WBxx_HAL_Driver/Src/stm32wbxx_hal_rcc.c **** 
 2145              		.loc 1 746 7 is_stmt 1 view .LVU691
 2146              	.LBB363:
 2147              	.LBI363:
1763:Drivers/STM32WBxx_HAL_Driver/Inc/stm32wbxx_ll_rcc.h **** {
 2148              		.loc 2 1763 22 view .LVU692
 2149              	.LBB364:
1765:Drivers/STM32WBxx_HAL_Driver/Inc/stm32wbxx_ll_rcc.h **** }
 2150              		.loc 2 1765 3 view .LVU693
 2151 03da 4FF0B042 		mov	r2, #1476395008
 2152 03de D2F89430 		ldr	r3, [r2, #148]
 2153 03e2 23F00103 		bic	r3, r3, #1
 2154 03e6 C2F89430 		str	r3, [r2, #148]
 2155              	.LBE364:
 2156              	.LBE363:
 749:Drivers/STM32WBxx_HAL_Driver/Src/stm32wbxx_hal_rcc.c **** 
 2157              		.loc 1 749 7 view .LVU694
 749:Drivers/STM32WBxx_HAL_Driver/Src/stm32wbxx_hal_rcc.c **** 
 2158              		.loc 1 749 19 is_stmt 0 view .LVU695
 2159 03ea FFF7FEFF 		bl	HAL_GetTick
 2160              	.LVL187:
 2161 03ee 0546     		mov	r5, r0
 2162              	.LVL188:
 752:Drivers/STM32WBxx_HAL_Driver/Src/stm32wbxx_hal_rcc.c ****       {
 2163              		.loc 1 752 7 is_stmt 1 view .LVU696
 2164              	.L110:
 752:Drivers/STM32WBxx_HAL_Driver/Src/stm32wbxx_hal_rcc.c ****       {
 2165              		.loc 1 752 13 view .LVU697
 2166              	.LBB365:
 2167              	.LBI365:
1773:Drivers/STM32WBxx_HAL_Driver/Inc/stm32wbxx_ll_rcc.h **** {
 2168              		.loc 2 1773 26 view .LVU698
 2169              	.LBB366:
1775:Drivers/STM32WBxx_HAL_Driver/Inc/stm32wbxx_ll_rcc.h **** }
 2170              		.loc 2 1775 3 view .LVU699
1775:Drivers/STM32WBxx_HAL_Driver/Inc/stm32wbxx_ll_rcc.h **** }
 2171              		.loc 2 1775 12 is_stmt 0 view .LVU700
 2172 03f0 4FF0B043 		mov	r3, #1476395008
 2173 03f4 D3F89430 		ldr	r3, [r3, #148]
1775:Drivers/STM32WBxx_HAL_Driver/Inc/stm32wbxx_ll_rcc.h **** }
 2174              		.loc 2 1775 76 view .LVU701
 2175 03f8 13F0020F 		tst	r3, #2
 2176 03fc 12D0     		beq	.L98
 2177              	.LBE366:
 2178              	.LBE365:
 754:Drivers/STM32WBxx_HAL_Driver/Src/stm32wbxx_hal_rcc.c ****         {
 2179              		.loc 1 754 9 is_stmt 1 view .LVU702
 754:Drivers/STM32WBxx_HAL_Driver/Src/stm32wbxx_hal_rcc.c ****         {
 2180              		.loc 1 754 14 is_stmt 0 view .LVU703
 2181 03fe FFF7FEFF 		bl	HAL_GetTick
 2182              	.LVL189:
ARM GAS  C:\Users\843E~1\AppData\Local\Temp\cc5PNIRY.s 			page 150


 754:Drivers/STM32WBxx_HAL_Driver/Src/stm32wbxx_hal_rcc.c ****         {
 2183              		.loc 1 754 28 view .LVU704
 2184 0402 401B     		subs	r0, r0, r5
 754:Drivers/STM32WBxx_HAL_Driver/Src/stm32wbxx_hal_rcc.c ****         {
 2185              		.loc 1 754 12 view .LVU705
 2186 0404 0228     		cmp	r0, #2
 2187 0406 F3D9     		bls	.L110
 756:Drivers/STM32WBxx_HAL_Driver/Src/stm32wbxx_hal_rcc.c ****         }
 2188              		.loc 1 756 18 view .LVU706
 2189 0408 0320     		movs	r0, #3
 2190 040a 79E1     		b	.L72
 2191              	.L109:
 739:Drivers/STM32WBxx_HAL_Driver/Src/stm32wbxx_hal_rcc.c ****         {
 2192              		.loc 1 739 9 is_stmt 1 view .LVU707
 739:Drivers/STM32WBxx_HAL_Driver/Src/stm32wbxx_hal_rcc.c ****         {
 2193              		.loc 1 739 14 is_stmt 0 view .LVU708
 2194 040c FFF7FEFF 		bl	HAL_GetTick
 2195              	.LVL190:
 739:Drivers/STM32WBxx_HAL_Driver/Src/stm32wbxx_hal_rcc.c ****         {
 2196              		.loc 1 739 28 view .LVU709
 2197 0410 401B     		subs	r0, r0, r5
 739:Drivers/STM32WBxx_HAL_Driver/Src/stm32wbxx_hal_rcc.c ****         {
 2198              		.loc 1 739 12 view .LVU710
 2199 0412 0328     		cmp	r0, #3
 2200 0414 DAD9     		bls	.L111
 741:Drivers/STM32WBxx_HAL_Driver/Src/stm32wbxx_hal_rcc.c ****         }
 2201              		.loc 1 741 18 view .LVU711
 2202 0416 0320     		movs	r0, #3
 2203 0418 72E1     		b	.L72
 2204              	.L194:
 2205 041a 00BF     		.align	2
 2206              	.L193:
 2207 041c 00000000 		.word	SystemCoreClock
 2208 0420 00000000 		.word	uwTickPrio
 2209              	.LVL191:
 2210              	.L98:
 763:Drivers/STM32WBxx_HAL_Driver/Src/stm32wbxx_hal_rcc.c ****   {
 2211              		.loc 1 763 3 is_stmt 1 view .LVU712
 763:Drivers/STM32WBxx_HAL_Driver/Src/stm32wbxx_hal_rcc.c ****   {
 2212              		.loc 1 763 26 is_stmt 0 view .LVU713
 2213 0424 2368     		ldr	r3, [r4]
 763:Drivers/STM32WBxx_HAL_Driver/Src/stm32wbxx_hal_rcc.c ****   {
 2214              		.loc 1 763 6 view .LVU714
 2215 0426 13F0040F 		tst	r3, #4
 2216 042a 68D0     		beq	.L112
 766:Drivers/STM32WBxx_HAL_Driver/Src/stm32wbxx_hal_rcc.c **** 
 2217              		.loc 1 766 5 is_stmt 1 view .LVU715
 771:Drivers/STM32WBxx_HAL_Driver/Src/stm32wbxx_hal_rcc.c ****     {
 2218              		.loc 1 771 5 view .LVU716
 771:Drivers/STM32WBxx_HAL_Driver/Src/stm32wbxx_hal_rcc.c ****     {
 2219              		.loc 1 771 9 is_stmt 0 view .LVU717
 2220 042c B74B     		ldr	r3, .L195
 2221 042e 1B68     		ldr	r3, [r3]
 771:Drivers/STM32WBxx_HAL_Driver/Src/stm32wbxx_hal_rcc.c ****     {
 2222              		.loc 1 771 8 view .LVU718
 2223 0430 13F4807F 		tst	r3, #256
 2224 0434 27D0     		beq	.L182
ARM GAS  C:\Users\843E~1\AppData\Local\Temp\cc5PNIRY.s 			page 151


 2225              	.L113:
 789:Drivers/STM32WBxx_HAL_Driver/Src/stm32wbxx_hal_rcc.c **** 
 2226              		.loc 1 789 5 is_stmt 1 view .LVU719
 789:Drivers/STM32WBxx_HAL_Driver/Src/stm32wbxx_hal_rcc.c **** 
 2227              		.loc 1 789 5 view .LVU720
 2228 0436 A368     		ldr	r3, [r4, #8]
 2229 0438 012B     		cmp	r3, #1
 2230 043a 35D0     		beq	.L183
 789:Drivers/STM32WBxx_HAL_Driver/Src/stm32wbxx_hal_rcc.c **** 
 2231              		.loc 1 789 5 discriminator 2 view .LVU721
 2232 043c 052B     		cmp	r3, #5
 2233 043e 3CD0     		beq	.L184
 789:Drivers/STM32WBxx_HAL_Driver/Src/stm32wbxx_hal_rcc.c **** 
 2234              		.loc 1 789 5 view .LVU722
 2235              	.LBB367:
 2236              	.LBI367:
1633:Drivers/STM32WBxx_HAL_Driver/Inc/stm32wbxx_ll_rcc.h **** {
 2237              		.loc 2 1633 22 view .LVU723
 2238              	.LBB368:
1635:Drivers/STM32WBxx_HAL_Driver/Inc/stm32wbxx_ll_rcc.h **** }
 2239              		.loc 2 1635 3 view .LVU724
 2240 0440 4FF0B043 		mov	r3, #1476395008
 2241 0444 D3F89020 		ldr	r2, [r3, #144]
 2242 0448 22F00102 		bic	r2, r2, #1
 2243 044c C3F89020 		str	r2, [r3, #144]
 2244              	.LBE368:
 2245              	.LBE367:
 789:Drivers/STM32WBxx_HAL_Driver/Src/stm32wbxx_hal_rcc.c **** 
 2246              		.loc 1 789 5 view .LVU725
 2247              	.LBB369:
 2248              	.LBI369:
1663:Drivers/STM32WBxx_HAL_Driver/Inc/stm32wbxx_ll_rcc.h **** {
 2249              		.loc 2 1663 22 view .LVU726
 2250              	.LBB370:
1665:Drivers/STM32WBxx_HAL_Driver/Inc/stm32wbxx_ll_rcc.h **** }
 2251              		.loc 2 1665 3 view .LVU727
 2252 0450 D3F89020 		ldr	r2, [r3, #144]
 2253 0454 22F00402 		bic	r2, r2, #4
 2254 0458 C3F89020 		str	r2, [r3, #144]
 2255              	.L117:
 2256              	.LBE370:
 2257              	.LBE369:
 789:Drivers/STM32WBxx_HAL_Driver/Src/stm32wbxx_hal_rcc.c **** 
 2258              		.loc 1 789 5 discriminator 7 view .LVU728
 792:Drivers/STM32WBxx_HAL_Driver/Src/stm32wbxx_hal_rcc.c ****     {
 2259              		.loc 1 792 5 discriminator 7 view .LVU729
 792:Drivers/STM32WBxx_HAL_Driver/Src/stm32wbxx_hal_rcc.c ****     {
 2260              		.loc 1 792 26 is_stmt 0 discriminator 7 view .LVU730
 2261 045c A368     		ldr	r3, [r4, #8]
 792:Drivers/STM32WBxx_HAL_Driver/Src/stm32wbxx_hal_rcc.c ****     {
 2262              		.loc 1 792 8 discriminator 7 view .LVU731
 2263 045e DBB3     		cbz	r3, .L119
 795:Drivers/STM32WBxx_HAL_Driver/Src/stm32wbxx_hal_rcc.c **** 
 2264              		.loc 1 795 7 is_stmt 1 view .LVU732
 795:Drivers/STM32WBxx_HAL_Driver/Src/stm32wbxx_hal_rcc.c **** 
 2265              		.loc 1 795 19 is_stmt 0 view .LVU733
 2266 0460 FFF7FEFF 		bl	HAL_GetTick
ARM GAS  C:\Users\843E~1\AppData\Local\Temp\cc5PNIRY.s 			page 152


 2267              	.LVL192:
 2268 0464 0546     		mov	r5, r0
 2269              	.LVL193:
 798:Drivers/STM32WBxx_HAL_Driver/Src/stm32wbxx_hal_rcc.c ****       {
 2270              		.loc 1 798 7 is_stmt 1 view .LVU734
 2271              	.L120:
 798:Drivers/STM32WBxx_HAL_Driver/Src/stm32wbxx_hal_rcc.c ****       {
 2272              		.loc 1 798 13 view .LVU735
 2273              	.LBB371:
 2274              	.LBI371:
1725:Drivers/STM32WBxx_HAL_Driver/Inc/stm32wbxx_ll_rcc.h **** {
 2275              		.loc 2 1725 26 view .LVU736
 2276              	.LBB372:
1727:Drivers/STM32WBxx_HAL_Driver/Inc/stm32wbxx_ll_rcc.h **** }
 2277              		.loc 2 1727 3 view .LVU737
1727:Drivers/STM32WBxx_HAL_Driver/Inc/stm32wbxx_ll_rcc.h **** }
 2278              		.loc 2 1727 12 is_stmt 0 view .LVU738
 2279 0466 4FF0B043 		mov	r3, #1476395008
 2280 046a D3F89030 		ldr	r3, [r3, #144]
1727:Drivers/STM32WBxx_HAL_Driver/Inc/stm32wbxx_ll_rcc.h **** }
 2281              		.loc 2 1727 77 view .LVU739
 2282 046e 13F0020F 		tst	r3, #2
 2283 0472 44D1     		bne	.L112
 2284              	.LBE372:
 2285              	.LBE371:
 800:Drivers/STM32WBxx_HAL_Driver/Src/stm32wbxx_hal_rcc.c ****         {
 2286              		.loc 1 800 9 is_stmt 1 view .LVU740
 800:Drivers/STM32WBxx_HAL_Driver/Src/stm32wbxx_hal_rcc.c ****         {
 2287              		.loc 1 800 14 is_stmt 0 view .LVU741
 2288 0474 FFF7FEFF 		bl	HAL_GetTick
 2289              	.LVL194:
 800:Drivers/STM32WBxx_HAL_Driver/Src/stm32wbxx_hal_rcc.c ****         {
 2290              		.loc 1 800 28 view .LVU742
 2291 0478 401B     		subs	r0, r0, r5
 800:Drivers/STM32WBxx_HAL_Driver/Src/stm32wbxx_hal_rcc.c ****         {
 2292              		.loc 1 800 12 view .LVU743
 2293 047a 41F28833 		movw	r3, #5000
 2294 047e 9842     		cmp	r0, r3
 2295 0480 F1D9     		bls	.L120
 802:Drivers/STM32WBxx_HAL_Driver/Src/stm32wbxx_hal_rcc.c ****         }
 2296              		.loc 1 802 18 view .LVU744
 2297 0482 0320     		movs	r0, #3
 2298 0484 3CE1     		b	.L72
 2299              	.LVL195:
 2300              	.L182:
 774:Drivers/STM32WBxx_HAL_Driver/Src/stm32wbxx_hal_rcc.c **** 
 2301              		.loc 1 774 7 is_stmt 1 view .LVU745
 2302 0486 FFF7FEFF 		bl	HAL_PWR_EnableBkUpAccess
 2303              	.LVL196:
 777:Drivers/STM32WBxx_HAL_Driver/Src/stm32wbxx_hal_rcc.c **** 
 2304              		.loc 1 777 7 view .LVU746
 777:Drivers/STM32WBxx_HAL_Driver/Src/stm32wbxx_hal_rcc.c **** 
 2305              		.loc 1 777 19 is_stmt 0 view .LVU747
 2306 048a FFF7FEFF 		bl	HAL_GetTick
 2307              	.LVL197:
 2308 048e 0546     		mov	r5, r0
 2309              	.LVL198:
ARM GAS  C:\Users\843E~1\AppData\Local\Temp\cc5PNIRY.s 			page 153


 779:Drivers/STM32WBxx_HAL_Driver/Src/stm32wbxx_hal_rcc.c ****       {
 2310              		.loc 1 779 7 is_stmt 1 view .LVU748
 2311              	.L114:
 779:Drivers/STM32WBxx_HAL_Driver/Src/stm32wbxx_hal_rcc.c ****       {
 2312              		.loc 1 779 13 view .LVU749
 779:Drivers/STM32WBxx_HAL_Driver/Src/stm32wbxx_hal_rcc.c ****       {
 2313              		.loc 1 779 14 is_stmt 0 view .LVU750
 2314 0490 9E4B     		ldr	r3, .L195
 2315 0492 1B68     		ldr	r3, [r3]
 779:Drivers/STM32WBxx_HAL_Driver/Src/stm32wbxx_hal_rcc.c ****       {
 2316              		.loc 1 779 13 view .LVU751
 2317 0494 13F4807F 		tst	r3, #256
 2318 0498 CDD1     		bne	.L113
 781:Drivers/STM32WBxx_HAL_Driver/Src/stm32wbxx_hal_rcc.c ****         {
 2319              		.loc 1 781 9 is_stmt 1 view .LVU752
 781:Drivers/STM32WBxx_HAL_Driver/Src/stm32wbxx_hal_rcc.c ****         {
 2320              		.loc 1 781 14 is_stmt 0 view .LVU753
 2321 049a FFF7FEFF 		bl	HAL_GetTick
 2322              	.LVL199:
 781:Drivers/STM32WBxx_HAL_Driver/Src/stm32wbxx_hal_rcc.c ****         {
 2323              		.loc 1 781 28 view .LVU754
 2324 049e 401B     		subs	r0, r0, r5
 781:Drivers/STM32WBxx_HAL_Driver/Src/stm32wbxx_hal_rcc.c ****         {
 2325              		.loc 1 781 12 view .LVU755
 2326 04a0 0228     		cmp	r0, #2
 2327 04a2 F5D9     		bls	.L114
 783:Drivers/STM32WBxx_HAL_Driver/Src/stm32wbxx_hal_rcc.c ****         }
 2328              		.loc 1 783 18 view .LVU756
 2329 04a4 0320     		movs	r0, #3
 2330 04a6 2BE1     		b	.L72
 2331              	.LVL200:
 2332              	.L183:
 789:Drivers/STM32WBxx_HAL_Driver/Src/stm32wbxx_hal_rcc.c **** 
 2333              		.loc 1 789 5 is_stmt 1 view .LVU757
 2334              	.LBB373:
 2335              	.LBI373:
1623:Drivers/STM32WBxx_HAL_Driver/Inc/stm32wbxx_ll_rcc.h **** {
 2336              		.loc 2 1623 22 view .LVU758
 2337              	.LBB374:
1625:Drivers/STM32WBxx_HAL_Driver/Inc/stm32wbxx_ll_rcc.h **** }
 2338              		.loc 2 1625 3 view .LVU759
 2339 04a8 4FF0B042 		mov	r2, #1476395008
 2340 04ac D2F89030 		ldr	r3, [r2, #144]
 2341 04b0 43F00103 		orr	r3, r3, #1
 2342 04b4 C2F89030 		str	r3, [r2, #144]
1626:Drivers/STM32WBxx_HAL_Driver/Inc/stm32wbxx_ll_rcc.h **** 
 2343              		.loc 2 1626 1 is_stmt 0 view .LVU760
 2344 04b8 D0E7     		b	.L117
 2345              	.L184:
 2346              	.LBE374:
 2347              	.LBE373:
 789:Drivers/STM32WBxx_HAL_Driver/Src/stm32wbxx_hal_rcc.c **** 
 2348              		.loc 1 789 5 is_stmt 1 view .LVU761
 2349              	.LBB375:
 2350              	.LBI375:
1653:Drivers/STM32WBxx_HAL_Driver/Inc/stm32wbxx_ll_rcc.h **** {
 2351              		.loc 2 1653 22 view .LVU762
ARM GAS  C:\Users\843E~1\AppData\Local\Temp\cc5PNIRY.s 			page 154


 2352              	.LBB376:
1655:Drivers/STM32WBxx_HAL_Driver/Inc/stm32wbxx_ll_rcc.h **** }
 2353              		.loc 2 1655 3 view .LVU763
 2354 04ba 4FF0B043 		mov	r3, #1476395008
 2355 04be D3F89020 		ldr	r2, [r3, #144]
 2356 04c2 42F00402 		orr	r2, r2, #4
 2357 04c6 C3F89020 		str	r2, [r3, #144]
 2358              	.LBE376:
 2359              	.LBE375:
 789:Drivers/STM32WBxx_HAL_Driver/Src/stm32wbxx_hal_rcc.c **** 
 2360              		.loc 1 789 5 view .LVU764
 2361              	.LBB377:
 2362              	.LBI377:
1623:Drivers/STM32WBxx_HAL_Driver/Inc/stm32wbxx_ll_rcc.h **** {
 2363              		.loc 2 1623 22 view .LVU765
 2364              	.LBB378:
1625:Drivers/STM32WBxx_HAL_Driver/Inc/stm32wbxx_ll_rcc.h **** }
 2365              		.loc 2 1625 3 view .LVU766
 2366 04ca D3F89020 		ldr	r2, [r3, #144]
 2367 04ce 42F00102 		orr	r2, r2, #1
 2368 04d2 C3F89020 		str	r2, [r3, #144]
1626:Drivers/STM32WBxx_HAL_Driver/Inc/stm32wbxx_ll_rcc.h **** 
 2369              		.loc 2 1626 1 is_stmt 0 view .LVU767
 2370 04d6 C1E7     		b	.L117
 2371              	.L119:
1626:Drivers/STM32WBxx_HAL_Driver/Inc/stm32wbxx_ll_rcc.h **** 
 2372              		.loc 2 1626 1 view .LVU768
 2373              	.LBE378:
 2374              	.LBE377:
 809:Drivers/STM32WBxx_HAL_Driver/Src/stm32wbxx_hal_rcc.c **** 
 2375              		.loc 1 809 7 is_stmt 1 view .LVU769
 809:Drivers/STM32WBxx_HAL_Driver/Src/stm32wbxx_hal_rcc.c **** 
 2376              		.loc 1 809 19 is_stmt 0 view .LVU770
 2377 04d8 FFF7FEFF 		bl	HAL_GetTick
 2378              	.LVL201:
 2379 04dc 0546     		mov	r5, r0
 2380              	.LVL202:
 812:Drivers/STM32WBxx_HAL_Driver/Src/stm32wbxx_hal_rcc.c ****       {
 2381              		.loc 1 812 7 is_stmt 1 view .LVU771
 2382              	.L121:
 812:Drivers/STM32WBxx_HAL_Driver/Src/stm32wbxx_hal_rcc.c ****       {
 2383              		.loc 1 812 13 view .LVU772
 2384              	.LBB379:
 2385              	.LBI379:
1725:Drivers/STM32WBxx_HAL_Driver/Inc/stm32wbxx_ll_rcc.h **** {
 2386              		.loc 2 1725 26 view .LVU773
 2387              	.LBB380:
1727:Drivers/STM32WBxx_HAL_Driver/Inc/stm32wbxx_ll_rcc.h **** }
 2388              		.loc 2 1727 3 view .LVU774
1727:Drivers/STM32WBxx_HAL_Driver/Inc/stm32wbxx_ll_rcc.h **** }
 2389              		.loc 2 1727 12 is_stmt 0 view .LVU775
 2390 04de 4FF0B043 		mov	r3, #1476395008
 2391 04e2 D3F89030 		ldr	r3, [r3, #144]
1727:Drivers/STM32WBxx_HAL_Driver/Inc/stm32wbxx_ll_rcc.h **** }
 2392              		.loc 2 1727 77 view .LVU776
 2393 04e6 13F0020F 		tst	r3, #2
 2394 04ea 08D0     		beq	.L112
ARM GAS  C:\Users\843E~1\AppData\Local\Temp\cc5PNIRY.s 			page 155


 2395              	.LBE380:
 2396              	.LBE379:
 814:Drivers/STM32WBxx_HAL_Driver/Src/stm32wbxx_hal_rcc.c ****         {
 2397              		.loc 1 814 9 is_stmt 1 view .LVU777
 814:Drivers/STM32WBxx_HAL_Driver/Src/stm32wbxx_hal_rcc.c ****         {
 2398              		.loc 1 814 14 is_stmt 0 view .LVU778
 2399 04ec FFF7FEFF 		bl	HAL_GetTick
 2400              	.LVL203:
 814:Drivers/STM32WBxx_HAL_Driver/Src/stm32wbxx_hal_rcc.c ****         {
 2401              		.loc 1 814 28 view .LVU779
 2402 04f0 401B     		subs	r0, r0, r5
 814:Drivers/STM32WBxx_HAL_Driver/Src/stm32wbxx_hal_rcc.c ****         {
 2403              		.loc 1 814 12 view .LVU780
 2404 04f2 41F28833 		movw	r3, #5000
 2405 04f6 9842     		cmp	r0, r3
 2406 04f8 F1D9     		bls	.L121
 816:Drivers/STM32WBxx_HAL_Driver/Src/stm32wbxx_hal_rcc.c ****         }
 2407              		.loc 1 816 18 view .LVU781
 2408 04fa 0320     		movs	r0, #3
 2409 04fc 00E1     		b	.L72
 2410              	.LVL204:
 2411              	.L112:
 824:Drivers/STM32WBxx_HAL_Driver/Src/stm32wbxx_hal_rcc.c ****   {
 2412              		.loc 1 824 3 is_stmt 1 view .LVU782
 824:Drivers/STM32WBxx_HAL_Driver/Src/stm32wbxx_hal_rcc.c ****   {
 2413              		.loc 1 824 26 is_stmt 0 view .LVU783
 2414 04fe 2368     		ldr	r3, [r4]
 824:Drivers/STM32WBxx_HAL_Driver/Src/stm32wbxx_hal_rcc.c ****   {
 2415              		.loc 1 824 6 view .LVU784
 2416 0500 13F0400F 		tst	r3, #64
 2417 0504 33D0     		beq	.L122
 827:Drivers/STM32WBxx_HAL_Driver/Src/stm32wbxx_hal_rcc.c **** 
 2418              		.loc 1 827 5 is_stmt 1 view .LVU785
 830:Drivers/STM32WBxx_HAL_Driver/Src/stm32wbxx_hal_rcc.c ****     {
 2419              		.loc 1 830 5 view .LVU786
 830:Drivers/STM32WBxx_HAL_Driver/Src/stm32wbxx_hal_rcc.c ****     {
 2420              		.loc 1 830 26 is_stmt 0 view .LVU787
 2421 0506 A36A     		ldr	r3, [r4, #40]
 830:Drivers/STM32WBxx_HAL_Driver/Src/stm32wbxx_hal_rcc.c ****     {
 2422              		.loc 1 830 8 view .LVU788
 2423 0508 C3B1     		cbz	r3, .L123
 833:Drivers/STM32WBxx_HAL_Driver/Src/stm32wbxx_hal_rcc.c **** 
 2424              		.loc 1 833 7 is_stmt 1 view .LVU789
 2425              	.LBB381:
 2426              	.LBI381:
1574:Drivers/STM32WBxx_HAL_Driver/Inc/stm32wbxx_ll_rcc.h **** {
 2427              		.loc 2 1574 22 view .LVU790
 2428              	.LBB382:
1576:Drivers/STM32WBxx_HAL_Driver/Inc/stm32wbxx_ll_rcc.h **** }
 2429              		.loc 2 1576 3 view .LVU791
 2430 050a 4FF0B042 		mov	r2, #1476395008
 2431 050e D2F89830 		ldr	r3, [r2, #152]
 2432 0512 43F00103 		orr	r3, r3, #1
 2433 0516 C2F89830 		str	r3, [r2, #152]
 2434              	.LBE382:
 2435              	.LBE381:
 836:Drivers/STM32WBxx_HAL_Driver/Src/stm32wbxx_hal_rcc.c **** 
ARM GAS  C:\Users\843E~1\AppData\Local\Temp\cc5PNIRY.s 			page 156


 2436              		.loc 1 836 7 view .LVU792
 836:Drivers/STM32WBxx_HAL_Driver/Src/stm32wbxx_hal_rcc.c **** 
 2437              		.loc 1 836 19 is_stmt 0 view .LVU793
 2438 051a FFF7FEFF 		bl	HAL_GetTick
 2439              	.LVL205:
 2440 051e 0546     		mov	r5, r0
 2441              	.LVL206:
 839:Drivers/STM32WBxx_HAL_Driver/Src/stm32wbxx_hal_rcc.c ****       {
 2442              		.loc 1 839 7 is_stmt 1 view .LVU794
 2443              	.L124:
 839:Drivers/STM32WBxx_HAL_Driver/Src/stm32wbxx_hal_rcc.c ****       {
 2444              		.loc 1 839 13 view .LVU795
 2445              	.LBB383:
 2446              	.LBI383:
1594:Drivers/STM32WBxx_HAL_Driver/Inc/stm32wbxx_ll_rcc.h **** {
 2447              		.loc 2 1594 26 view .LVU796
 2448              	.LBB384:
1596:Drivers/STM32WBxx_HAL_Driver/Inc/stm32wbxx_ll_rcc.h **** }
 2449              		.loc 2 1596 3 view .LVU797
1596:Drivers/STM32WBxx_HAL_Driver/Inc/stm32wbxx_ll_rcc.h **** }
 2450              		.loc 2 1596 12 is_stmt 0 view .LVU798
 2451 0520 4FF0B043 		mov	r3, #1476395008
 2452 0524 D3F89830 		ldr	r3, [r3, #152]
1596:Drivers/STM32WBxx_HAL_Driver/Inc/stm32wbxx_ll_rcc.h **** }
 2453              		.loc 2 1596 84 view .LVU799
 2454 0528 13F0020F 		tst	r3, #2
 2455 052c 1FD1     		bne	.L122
 2456              	.LBE384:
 2457              	.LBE383:
 841:Drivers/STM32WBxx_HAL_Driver/Src/stm32wbxx_hal_rcc.c ****         {
 2458              		.loc 1 841 9 is_stmt 1 view .LVU800
 841:Drivers/STM32WBxx_HAL_Driver/Src/stm32wbxx_hal_rcc.c ****         {
 2459              		.loc 1 841 14 is_stmt 0 view .LVU801
 2460 052e FFF7FEFF 		bl	HAL_GetTick
 2461              	.LVL207:
 841:Drivers/STM32WBxx_HAL_Driver/Src/stm32wbxx_hal_rcc.c ****         {
 2462              		.loc 1 841 28 view .LVU802
 2463 0532 401B     		subs	r0, r0, r5
 841:Drivers/STM32WBxx_HAL_Driver/Src/stm32wbxx_hal_rcc.c ****         {
 2464              		.loc 1 841 12 view .LVU803
 2465 0534 0228     		cmp	r0, #2
 2466 0536 F3D9     		bls	.L124
 843:Drivers/STM32WBxx_HAL_Driver/Src/stm32wbxx_hal_rcc.c ****         }
 2467              		.loc 1 843 18 view .LVU804
 2468 0538 0320     		movs	r0, #3
 2469 053a E1E0     		b	.L72
 2470              	.LVL208:
 2471              	.L123:
 850:Drivers/STM32WBxx_HAL_Driver/Src/stm32wbxx_hal_rcc.c **** 
 2472              		.loc 1 850 7 is_stmt 1 view .LVU805
 2473              	.LBB385:
 2474              	.LBI385:
1584:Drivers/STM32WBxx_HAL_Driver/Inc/stm32wbxx_ll_rcc.h **** {
 2475              		.loc 2 1584 22 view .LVU806
 2476              	.LBB386:
1586:Drivers/STM32WBxx_HAL_Driver/Inc/stm32wbxx_ll_rcc.h **** }
 2477              		.loc 2 1586 3 view .LVU807
ARM GAS  C:\Users\843E~1\AppData\Local\Temp\cc5PNIRY.s 			page 157


 2478 053c 4FF0B042 		mov	r2, #1476395008
 2479 0540 D2F89830 		ldr	r3, [r2, #152]
 2480 0544 23F00103 		bic	r3, r3, #1
 2481 0548 C2F89830 		str	r3, [r2, #152]
 2482              	.LBE386:
 2483              	.LBE385:
 853:Drivers/STM32WBxx_HAL_Driver/Src/stm32wbxx_hal_rcc.c **** 
 2484              		.loc 1 853 7 view .LVU808
 853:Drivers/STM32WBxx_HAL_Driver/Src/stm32wbxx_hal_rcc.c **** 
 2485              		.loc 1 853 19 is_stmt 0 view .LVU809
 2486 054c FFF7FEFF 		bl	HAL_GetTick
 2487              	.LVL209:
 2488 0550 0546     		mov	r5, r0
 2489              	.LVL210:
 856:Drivers/STM32WBxx_HAL_Driver/Src/stm32wbxx_hal_rcc.c ****       {
 2490              		.loc 1 856 7 is_stmt 1 view .LVU810
 2491              	.L125:
 856:Drivers/STM32WBxx_HAL_Driver/Src/stm32wbxx_hal_rcc.c ****       {
 2492              		.loc 1 856 13 view .LVU811
 2493              	.LBB387:
 2494              	.LBI387:
1594:Drivers/STM32WBxx_HAL_Driver/Inc/stm32wbxx_ll_rcc.h **** {
 2495              		.loc 2 1594 26 view .LVU812
 2496              	.LBB388:
1596:Drivers/STM32WBxx_HAL_Driver/Inc/stm32wbxx_ll_rcc.h **** }
 2497              		.loc 2 1596 3 view .LVU813
1596:Drivers/STM32WBxx_HAL_Driver/Inc/stm32wbxx_ll_rcc.h **** }
 2498              		.loc 2 1596 12 is_stmt 0 view .LVU814
 2499 0552 4FF0B043 		mov	r3, #1476395008
 2500 0556 D3F89830 		ldr	r3, [r3, #152]
1596:Drivers/STM32WBxx_HAL_Driver/Inc/stm32wbxx_ll_rcc.h **** }
 2501              		.loc 2 1596 84 view .LVU815
 2502 055a 13F0020F 		tst	r3, #2
 2503 055e 06D0     		beq	.L122
 2504              	.LBE388:
 2505              	.LBE387:
 858:Drivers/STM32WBxx_HAL_Driver/Src/stm32wbxx_hal_rcc.c ****         {
 2506              		.loc 1 858 9 is_stmt 1 view .LVU816
 858:Drivers/STM32WBxx_HAL_Driver/Src/stm32wbxx_hal_rcc.c ****         {
 2507              		.loc 1 858 14 is_stmt 0 view .LVU817
 2508 0560 FFF7FEFF 		bl	HAL_GetTick
 2509              	.LVL211:
 858:Drivers/STM32WBxx_HAL_Driver/Src/stm32wbxx_hal_rcc.c ****         {
 2510              		.loc 1 858 28 view .LVU818
 2511 0564 401B     		subs	r0, r0, r5
 858:Drivers/STM32WBxx_HAL_Driver/Src/stm32wbxx_hal_rcc.c ****         {
 2512              		.loc 1 858 12 view .LVU819
 2513 0566 0228     		cmp	r0, #2
 2514 0568 F3D9     		bls	.L125
 860:Drivers/STM32WBxx_HAL_Driver/Src/stm32wbxx_hal_rcc.c ****         }
 2515              		.loc 1 860 18 view .LVU820
 2516 056a 0320     		movs	r0, #3
 2517 056c C8E0     		b	.L72
 2518              	.LVL212:
 2519              	.L122:
 868:Drivers/STM32WBxx_HAL_Driver/Src/stm32wbxx_hal_rcc.c **** 
 2520              		.loc 1 868 3 is_stmt 1 view .LVU821
ARM GAS  C:\Users\843E~1\AppData\Local\Temp\cc5PNIRY.s 			page 158


 870:Drivers/STM32WBxx_HAL_Driver/Src/stm32wbxx_hal_rcc.c ****   {
 2521              		.loc 1 870 3 view .LVU822
 870:Drivers/STM32WBxx_HAL_Driver/Src/stm32wbxx_hal_rcc.c ****   {
 2522              		.loc 1 870 29 is_stmt 0 view .LVU823
 2523 056e E36A     		ldr	r3, [r4, #44]
 870:Drivers/STM32WBxx_HAL_Driver/Src/stm32wbxx_hal_rcc.c ****   {
 2524              		.loc 1 870 6 view .LVU824
 2525 0570 002B     		cmp	r3, #0
 2526 0572 00F0C480 		beq	.L163
 2527              	.LBB389:
 872:Drivers/STM32WBxx_HAL_Driver/Src/stm32wbxx_hal_rcc.c ****     const uint32_t temp_pllconfig = RCC->PLLCFGR;
 2528              		.loc 1 872 5 is_stmt 1 view .LVU825
 2529              	.LBB390:
 2530              	.LBI390:
2072:Drivers/STM32WBxx_HAL_Driver/Inc/stm32wbxx_ll_rcc.h **** {
 2531              		.loc 2 2072 26 view .LVU826
 2532              	.LBB391:
2074:Drivers/STM32WBxx_HAL_Driver/Inc/stm32wbxx_ll_rcc.h **** }
 2533              		.loc 2 2074 3 view .LVU827
2074:Drivers/STM32WBxx_HAL_Driver/Inc/stm32wbxx_ll_rcc.h **** }
 2534              		.loc 2 2074 21 is_stmt 0 view .LVU828
 2535 0576 4FF0B042 		mov	r2, #1476395008
 2536 057a 9168     		ldr	r1, [r2, #8]
2074:Drivers/STM32WBxx_HAL_Driver/Inc/stm32wbxx_ll_rcc.h **** }
 2537              		.loc 2 2074 10 view .LVU829
 2538 057c 01F00C01 		and	r1, r1, #12
 2539              	.LVL213:
2074:Drivers/STM32WBxx_HAL_Driver/Inc/stm32wbxx_ll_rcc.h **** }
 2540              		.loc 2 2074 10 view .LVU830
 2541              	.LBE391:
 2542              	.LBE390:
 873:Drivers/STM32WBxx_HAL_Driver/Src/stm32wbxx_hal_rcc.c **** 
 2543              		.loc 1 873 5 is_stmt 1 view .LVU831
 873:Drivers/STM32WBxx_HAL_Driver/Src/stm32wbxx_hal_rcc.c **** 
 2544              		.loc 1 873 20 is_stmt 0 view .LVU832
 2545 0580 D268     		ldr	r2, [r2, #12]
 2546              	.LVL214:
 876:Drivers/STM32WBxx_HAL_Driver/Src/stm32wbxx_hal_rcc.c ****     {
 2547              		.loc 1 876 5 is_stmt 1 view .LVU833
 876:Drivers/STM32WBxx_HAL_Driver/Src/stm32wbxx_hal_rcc.c ****     {
 2548              		.loc 1 876 8 is_stmt 0 view .LVU834
 2549 0582 022B     		cmp	r3, #2
 2550 0584 19D0     		beq	.L185
 985:Drivers/STM32WBxx_HAL_Driver/Src/stm32wbxx_hal_rcc.c ****       {
 2551              		.loc 1 985 7 is_stmt 1 view .LVU835
 985:Drivers/STM32WBxx_HAL_Driver/Src/stm32wbxx_hal_rcc.c ****       {
 2552              		.loc 1 985 10 is_stmt 0 view .LVU836
 2553 0586 0C29     		cmp	r1, #12
 2554 0588 00F0BD80 		beq	.L170
 988:Drivers/STM32WBxx_HAL_Driver/Src/stm32wbxx_hal_rcc.c **** 
 2555              		.loc 1 988 9 is_stmt 1 view .LVU837
 2556              	.LBB392:
 2557              	.LBI392:
2953:Drivers/STM32WBxx_HAL_Driver/Inc/stm32wbxx_ll_rcc.h **** {
 2558              		.loc 2 2953 22 view .LVU838
 2559              	.LBB393:
2955:Drivers/STM32WBxx_HAL_Driver/Inc/stm32wbxx_ll_rcc.h **** }
ARM GAS  C:\Users\843E~1\AppData\Local\Temp\cc5PNIRY.s 			page 159


 2560              		.loc 2 2955 3 view .LVU839
 2561 058c 4FF0B042 		mov	r2, #1476395008
 2562              	.LVL215:
2955:Drivers/STM32WBxx_HAL_Driver/Inc/stm32wbxx_ll_rcc.h **** }
 2563              		.loc 2 2955 3 is_stmt 0 view .LVU840
 2564 0590 1368     		ldr	r3, [r2]
 2565 0592 23F08073 		bic	r3, r3, #16777216
 2566 0596 1360     		str	r3, [r2]
 2567              	.LBE393:
 2568              	.LBE392:
 991:Drivers/STM32WBxx_HAL_Driver/Src/stm32wbxx_hal_rcc.c **** 
 2569              		.loc 1 991 9 is_stmt 1 view .LVU841
 991:Drivers/STM32WBxx_HAL_Driver/Src/stm32wbxx_hal_rcc.c **** 
 2570              		.loc 1 991 21 is_stmt 0 view .LVU842
 2571 0598 FFF7FEFF 		bl	HAL_GetTick
 2572              	.LVL216:
 991:Drivers/STM32WBxx_HAL_Driver/Src/stm32wbxx_hal_rcc.c **** 
 2573              		.loc 1 991 21 view .LVU843
 2574 059c 0446     		mov	r4, r0
 2575              	.LVL217:
 994:Drivers/STM32WBxx_HAL_Driver/Src/stm32wbxx_hal_rcc.c ****         {
 2576              		.loc 1 994 9 is_stmt 1 view .LVU844
 2577              	.L135:
 994:Drivers/STM32WBxx_HAL_Driver/Src/stm32wbxx_hal_rcc.c ****         {
 2578              		.loc 1 994 15 view .LVU845
 994:Drivers/STM32WBxx_HAL_Driver/Src/stm32wbxx_hal_rcc.c ****         {
 2579              		.loc 1 994 16 is_stmt 0 view .LVU846
 2580 059e 4FF0B043 		mov	r3, #1476395008
 2581 05a2 1B68     		ldr	r3, [r3]
 994:Drivers/STM32WBxx_HAL_Driver/Src/stm32wbxx_hal_rcc.c ****         {
 2582              		.loc 1 994 15 view .LVU847
 2583 05a4 13F0007F 		tst	r3, #33554432
 2584 05a8 00F09780 		beq	.L186
 996:Drivers/STM32WBxx_HAL_Driver/Src/stm32wbxx_hal_rcc.c ****           {
 2585              		.loc 1 996 11 is_stmt 1 view .LVU848
 996:Drivers/STM32WBxx_HAL_Driver/Src/stm32wbxx_hal_rcc.c ****           {
 2586              		.loc 1 996 16 is_stmt 0 view .LVU849
 2587 05ac FFF7FEFF 		bl	HAL_GetTick
 2588              	.LVL218:
 996:Drivers/STM32WBxx_HAL_Driver/Src/stm32wbxx_hal_rcc.c ****           {
 2589              		.loc 1 996 30 view .LVU850
 2590 05b0 001B     		subs	r0, r0, r4
 996:Drivers/STM32WBxx_HAL_Driver/Src/stm32wbxx_hal_rcc.c ****           {
 2591              		.loc 1 996 14 view .LVU851
 2592 05b2 0228     		cmp	r0, #2
 2593 05b4 F3D9     		bls	.L135
 998:Drivers/STM32WBxx_HAL_Driver/Src/stm32wbxx_hal_rcc.c ****           }
 2594              		.loc 1 998 20 view .LVU852
 2595 05b6 0320     		movs	r0, #3
 2596 05b8 A2E0     		b	.L72
 2597              	.LVL219:
 2598              	.L185:
 879:Drivers/STM32WBxx_HAL_Driver/Src/stm32wbxx_hal_rcc.c ****       assert_param(IS_RCC_PLLM_VALUE(RCC_OscInitStruct->PLL.PLLM));
 2599              		.loc 1 879 7 is_stmt 1 view .LVU853
 880:Drivers/STM32WBxx_HAL_Driver/Src/stm32wbxx_hal_rcc.c ****       assert_param(IS_RCC_PLLN_VALUE(RCC_OscInitStruct->PLL.PLLN));
 2600              		.loc 1 880 7 view .LVU854
 881:Drivers/STM32WBxx_HAL_Driver/Src/stm32wbxx_hal_rcc.c ****       assert_param(IS_RCC_PLLP_VALUE(RCC_OscInitStruct->PLL.PLLP));
ARM GAS  C:\Users\843E~1\AppData\Local\Temp\cc5PNIRY.s 			page 160


 2601              		.loc 1 881 7 view .LVU855
 882:Drivers/STM32WBxx_HAL_Driver/Src/stm32wbxx_hal_rcc.c ****       assert_param(IS_RCC_PLLQ_VALUE(RCC_OscInitStruct->PLL.PLLQ));
 2602              		.loc 1 882 7 view .LVU856
 883:Drivers/STM32WBxx_HAL_Driver/Src/stm32wbxx_hal_rcc.c ****       assert_param(IS_RCC_PLLR_VALUE(RCC_OscInitStruct->PLL.PLLR));
 2603              		.loc 1 883 7 view .LVU857
 884:Drivers/STM32WBxx_HAL_Driver/Src/stm32wbxx_hal_rcc.c **** 
 2604              		.loc 1 884 7 view .LVU858
 887:Drivers/STM32WBxx_HAL_Driver/Src/stm32wbxx_hal_rcc.c ****           (READ_BIT(temp_pllconfig, RCC_PLLCFGR_PLLM) != RCC_OscInitStruct->PLL.PLLM) ||
 2605              		.loc 1 887 7 view .LVU859
 887:Drivers/STM32WBxx_HAL_Driver/Src/stm32wbxx_hal_rcc.c ****           (READ_BIT(temp_pllconfig, RCC_PLLCFGR_PLLM) != RCC_OscInitStruct->PLL.PLLM) ||
 2606              		.loc 1 887 12 is_stmt 0 view .LVU860
 2607 05ba 02F00303 		and	r3, r2, #3
 887:Drivers/STM32WBxx_HAL_Driver/Src/stm32wbxx_hal_rcc.c ****           (READ_BIT(temp_pllconfig, RCC_PLLCFGR_PLLM) != RCC_OscInitStruct->PLL.PLLM) ||
 2608              		.loc 1 887 82 view .LVU861
 2609 05be 206B     		ldr	r0, [r4, #48]
 887:Drivers/STM32WBxx_HAL_Driver/Src/stm32wbxx_hal_rcc.c ****           (READ_BIT(temp_pllconfig, RCC_PLLCFGR_PLLM) != RCC_OscInitStruct->PLL.PLLM) ||
 2610              		.loc 1 887 10 view .LVU862
 2611 05c0 8342     		cmp	r3, r0
 2612 05c2 0AD0     		beq	.L187
 2613              	.LVL220:
 2614              	.L127:
 895:Drivers/STM32WBxx_HAL_Driver/Src/stm32wbxx_hal_rcc.c ****         {
 2615              		.loc 1 895 9 is_stmt 1 view .LVU863
 895:Drivers/STM32WBxx_HAL_Driver/Src/stm32wbxx_hal_rcc.c ****         {
 2616              		.loc 1 895 12 is_stmt 0 view .LVU864
 2617 05c4 0C29     		cmp	r1, #12
 2618 05c6 00F09C80 		beq	.L164
 900:Drivers/STM32WBxx_HAL_Driver/Src/stm32wbxx_hal_rcc.c **** 
 2619              		.loc 1 900 11 is_stmt 1 view .LVU865
 900:Drivers/STM32WBxx_HAL_Driver/Src/stm32wbxx_hal_rcc.c **** 
 2620              		.loc 1 900 15 is_stmt 0 view .LVU866
 2621 05ca 4FF0B043 		mov	r3, #1476395008
 2622 05ce 1B68     		ldr	r3, [r3]
 900:Drivers/STM32WBxx_HAL_Driver/Src/stm32wbxx_hal_rcc.c **** 
 2623              		.loc 1 900 14 view .LVU867
 2624 05d0 13F0806F 		tst	r3, #67108864
 2625 05d4 22D0     		beq	.L188
 903:Drivers/STM32WBxx_HAL_Driver/Src/stm32wbxx_hal_rcc.c ****           }
 2626              		.loc 1 903 20 view .LVU868
 2627 05d6 0120     		movs	r0, #1
 2628 05d8 92E0     		b	.L72
 2629              	.LVL221:
 2630              	.L187:
 888:Drivers/STM32WBxx_HAL_Driver/Src/stm32wbxx_hal_rcc.c ****           ((READ_BIT(temp_pllconfig, RCC_PLLCFGR_PLLN) >> RCC_PLLCFGR_PLLN_Pos) != RCC_OscInitStruc
 2631              		.loc 1 888 12 discriminator 1 view .LVU869
 2632 05da 02F07003 		and	r3, r2, #112
 888:Drivers/STM32WBxx_HAL_Driver/Src/stm32wbxx_hal_rcc.c ****           ((READ_BIT(temp_pllconfig, RCC_PLLCFGR_PLLN) >> RCC_PLLCFGR_PLLN_Pos) != RCC_OscInitStruc
 2633              		.loc 1 888 80 discriminator 1 view .LVU870
 2634 05de 606B     		ldr	r0, [r4, #52]
 887:Drivers/STM32WBxx_HAL_Driver/Src/stm32wbxx_hal_rcc.c ****           (READ_BIT(temp_pllconfig, RCC_PLLCFGR_PLLM) != RCC_OscInitStruct->PLL.PLLM) ||
 2635              		.loc 1 887 94 discriminator 1 view .LVU871
 2636 05e0 8342     		cmp	r3, r0
 2637 05e2 EFD1     		bne	.L127
 889:Drivers/STM32WBxx_HAL_Driver/Src/stm32wbxx_hal_rcc.c ****           (READ_BIT(temp_pllconfig, RCC_PLLCFGR_PLLP) != RCC_OscInitStruct->PLL.PLLP) ||
 2638              		.loc 1 889 56 view .LVU872
 2639 05e4 C2F30623 		ubfx	r3, r2, #8, #7
 889:Drivers/STM32WBxx_HAL_Driver/Src/stm32wbxx_hal_rcc.c ****           (READ_BIT(temp_pllconfig, RCC_PLLCFGR_PLLP) != RCC_OscInitStruct->PLL.PLLP) ||
ARM GAS  C:\Users\843E~1\AppData\Local\Temp\cc5PNIRY.s 			page 161


 2640              		.loc 1 889 106 view .LVU873
 2641 05e8 A06B     		ldr	r0, [r4, #56]
 888:Drivers/STM32WBxx_HAL_Driver/Src/stm32wbxx_hal_rcc.c ****           ((READ_BIT(temp_pllconfig, RCC_PLLCFGR_PLLN) >> RCC_PLLCFGR_PLLN_Pos) != RCC_OscInitStruc
 2642              		.loc 1 888 87 view .LVU874
 2643 05ea 8342     		cmp	r3, r0
 2644 05ec EAD1     		bne	.L127
 890:Drivers/STM32WBxx_HAL_Driver/Src/stm32wbxx_hal_rcc.c ****           (READ_BIT(temp_pllconfig, RCC_PLLCFGR_PLLQ) != RCC_OscInitStruct->PLL.PLLQ) ||
 2645              		.loc 1 890 12 view .LVU875
 2646 05ee 02F47813 		and	r3, r2, #4063232
 890:Drivers/STM32WBxx_HAL_Driver/Src/stm32wbxx_hal_rcc.c ****           (READ_BIT(temp_pllconfig, RCC_PLLCFGR_PLLQ) != RCC_OscInitStruct->PLL.PLLQ) ||
 2647              		.loc 1 890 80 view .LVU876
 2648 05f2 E06B     		ldr	r0, [r4, #60]
 889:Drivers/STM32WBxx_HAL_Driver/Src/stm32wbxx_hal_rcc.c ****           (READ_BIT(temp_pllconfig, RCC_PLLCFGR_PLLP) != RCC_OscInitStruct->PLL.PLLP) ||
 2649              		.loc 1 889 113 view .LVU877
 2650 05f4 8342     		cmp	r3, r0
 2651 05f6 E5D1     		bne	.L127
 891:Drivers/STM32WBxx_HAL_Driver/Src/stm32wbxx_hal_rcc.c ****           (READ_BIT(temp_pllconfig, RCC_PLLCFGR_PLLR) != RCC_OscInitStruct->PLL.PLLR))
 2652              		.loc 1 891 12 view .LVU878
 2653 05f8 02F06063 		and	r3, r2, #234881024
 891:Drivers/STM32WBxx_HAL_Driver/Src/stm32wbxx_hal_rcc.c ****           (READ_BIT(temp_pllconfig, RCC_PLLCFGR_PLLR) != RCC_OscInitStruct->PLL.PLLR))
 2654              		.loc 1 891 80 view .LVU879
 2655 05fc 206C     		ldr	r0, [r4, #64]
 890:Drivers/STM32WBxx_HAL_Driver/Src/stm32wbxx_hal_rcc.c ****           (READ_BIT(temp_pllconfig, RCC_PLLCFGR_PLLQ) != RCC_OscInitStruct->PLL.PLLQ) ||
 2656              		.loc 1 890 87 view .LVU880
 2657 05fe 8342     		cmp	r3, r0
 2658 0600 E0D1     		bne	.L127
 892:Drivers/STM32WBxx_HAL_Driver/Src/stm32wbxx_hal_rcc.c ****       {
 2659              		.loc 1 892 12 view .LVU881
 2660 0602 02F06042 		and	r2, r2, #-536870912
 2661              	.LVL222:
 892:Drivers/STM32WBxx_HAL_Driver/Src/stm32wbxx_hal_rcc.c ****       {
 2662              		.loc 1 892 80 view .LVU882
 2663 0606 636C     		ldr	r3, [r4, #68]
 891:Drivers/STM32WBxx_HAL_Driver/Src/stm32wbxx_hal_rcc.c ****           (READ_BIT(temp_pllconfig, RCC_PLLCFGR_PLLR) != RCC_OscInitStruct->PLL.PLLR))
 2664              		.loc 1 891 87 view .LVU883
 2665 0608 9A42     		cmp	r2, r3
 2666 060a DBD1     		bne	.L127
 960:Drivers/STM32WBxx_HAL_Driver/Src/stm32wbxx_hal_rcc.c ****         {
 2667              		.loc 1 960 9 is_stmt 1 view .LVU884
 960:Drivers/STM32WBxx_HAL_Driver/Src/stm32wbxx_hal_rcc.c ****         {
 2668              		.loc 1 960 13 is_stmt 0 view .LVU885
 2669 060c 4FF0B043 		mov	r3, #1476395008
 2670 0610 1B68     		ldr	r3, [r3]
 960:Drivers/STM32WBxx_HAL_Driver/Src/stm32wbxx_hal_rcc.c ****         {
 2671              		.loc 1 960 12 view .LVU886
 2672 0612 13F0007F 		tst	r3, #33554432
 2673 0616 44D0     		beq	.L189
 2674              	.LBE389:
1016:Drivers/STM32WBxx_HAL_Driver/Src/stm32wbxx_hal_rcc.c **** }
 2675              		.loc 1 1016 10 view .LVU887
 2676 0618 0020     		movs	r0, #0
 2677 061a 71E0     		b	.L72
 2678              	.L188:
 2679              	.LBB400:
 909:Drivers/STM32WBxx_HAL_Driver/Src/stm32wbxx_hal_rcc.c **** 
 2680              		.loc 1 909 13 is_stmt 1 view .LVU888
 2681              	.LBB394:
ARM GAS  C:\Users\843E~1\AppData\Local\Temp\cc5PNIRY.s 			page 162


 2682              	.LBI394:
2953:Drivers/STM32WBxx_HAL_Driver/Inc/stm32wbxx_ll_rcc.h **** {
 2683              		.loc 2 2953 22 view .LVU889
 2684              	.LBB395:
2955:Drivers/STM32WBxx_HAL_Driver/Inc/stm32wbxx_ll_rcc.h **** }
 2685              		.loc 2 2955 3 view .LVU890
 2686 061c 4FF0B042 		mov	r2, #1476395008
 2687 0620 1368     		ldr	r3, [r2]
 2688 0622 23F08073 		bic	r3, r3, #16777216
 2689 0626 1360     		str	r3, [r2]
 2690              	.LBE395:
 2691              	.LBE394:
 912:Drivers/STM32WBxx_HAL_Driver/Src/stm32wbxx_hal_rcc.c **** 
 2692              		.loc 1 912 13 view .LVU891
 912:Drivers/STM32WBxx_HAL_Driver/Src/stm32wbxx_hal_rcc.c **** 
 2693              		.loc 1 912 25 is_stmt 0 view .LVU892
 2694 0628 FFF7FEFF 		bl	HAL_GetTick
 2695              	.LVL223:
 912:Drivers/STM32WBxx_HAL_Driver/Src/stm32wbxx_hal_rcc.c **** 
 2696              		.loc 1 912 25 view .LVU893
 2697 062c 0546     		mov	r5, r0
 2698              	.LVL224:
 915:Drivers/STM32WBxx_HAL_Driver/Src/stm32wbxx_hal_rcc.c ****             {
 2699              		.loc 1 915 13 is_stmt 1 view .LVU894
 2700              	.L129:
 915:Drivers/STM32WBxx_HAL_Driver/Src/stm32wbxx_hal_rcc.c ****             {
 2701              		.loc 1 915 19 view .LVU895
 915:Drivers/STM32WBxx_HAL_Driver/Src/stm32wbxx_hal_rcc.c ****             {
 2702              		.loc 1 915 20 is_stmt 0 view .LVU896
 2703 062e 4FF0B043 		mov	r3, #1476395008
 2704 0632 1B68     		ldr	r3, [r3]
 915:Drivers/STM32WBxx_HAL_Driver/Src/stm32wbxx_hal_rcc.c ****             {
 2705              		.loc 1 915 19 view .LVU897
 2706 0634 13F0007F 		tst	r3, #33554432
 2707 0638 06D0     		beq	.L190
 917:Drivers/STM32WBxx_HAL_Driver/Src/stm32wbxx_hal_rcc.c ****               {
 2708              		.loc 1 917 15 is_stmt 1 view .LVU898
 917:Drivers/STM32WBxx_HAL_Driver/Src/stm32wbxx_hal_rcc.c ****               {
 2709              		.loc 1 917 20 is_stmt 0 view .LVU899
 2710 063a FFF7FEFF 		bl	HAL_GetTick
 2711              	.LVL225:
 917:Drivers/STM32WBxx_HAL_Driver/Src/stm32wbxx_hal_rcc.c ****               {
 2712              		.loc 1 917 34 view .LVU900
 2713 063e 401B     		subs	r0, r0, r5
 917:Drivers/STM32WBxx_HAL_Driver/Src/stm32wbxx_hal_rcc.c ****               {
 2714              		.loc 1 917 18 view .LVU901
 2715 0640 0228     		cmp	r0, #2
 2716 0642 F4D9     		bls	.L129
 919:Drivers/STM32WBxx_HAL_Driver/Src/stm32wbxx_hal_rcc.c ****               }
 2717              		.loc 1 919 24 view .LVU902
 2718 0644 0320     		movs	r0, #3
 2719 0646 5BE0     		b	.L72
 2720              	.L190:
 924:Drivers/STM32WBxx_HAL_Driver/Src/stm32wbxx_hal_rcc.c ****                                  RCC_OscInitStruct->PLL.PLLM,
 2721              		.loc 1 924 13 is_stmt 1 view .LVU903
 2722 0648 4FF0B042 		mov	r2, #1476395008
 2723 064c D368     		ldr	r3, [r2, #12]
ARM GAS  C:\Users\843E~1\AppData\Local\Temp\cc5PNIRY.s 			page 163


 2724 064e 3049     		ldr	r1, .L195+4
 2725 0650 1940     		ands	r1, r1, r3
 2726 0652 236B     		ldr	r3, [r4, #48]
 2727 0654 606B     		ldr	r0, [r4, #52]
 2728 0656 0343     		orrs	r3, r3, r0
 2729 0658 A06B     		ldr	r0, [r4, #56]
 2730 065a 43EA0023 		orr	r3, r3, r0, lsl #8
 2731 065e E06B     		ldr	r0, [r4, #60]
 2732 0660 0343     		orrs	r3, r3, r0
 2733 0662 206C     		ldr	r0, [r4, #64]
 2734 0664 0343     		orrs	r3, r3, r0
 2735 0666 606C     		ldr	r0, [r4, #68]
 2736 0668 0343     		orrs	r3, r3, r0
 2737 066a 0B43     		orrs	r3, r3, r1
 2738 066c D360     		str	r3, [r2, #12]
 932:Drivers/STM32WBxx_HAL_Driver/Src/stm32wbxx_hal_rcc.c **** 
 2739              		.loc 1 932 13 view .LVU904
 2740              	.LBB396:
 2741              	.LBI396:
2942:Drivers/STM32WBxx_HAL_Driver/Inc/stm32wbxx_ll_rcc.h **** {
 2742              		.loc 2 2942 22 view .LVU905
 2743              	.LBB397:
2944:Drivers/STM32WBxx_HAL_Driver/Inc/stm32wbxx_ll_rcc.h **** }
 2744              		.loc 2 2944 3 view .LVU906
 2745 066e 1368     		ldr	r3, [r2]
 2746 0670 43F08073 		orr	r3, r3, #16777216
 2747 0674 1360     		str	r3, [r2]
 2748              	.LBE397:
 2749              	.LBE396:
 935:Drivers/STM32WBxx_HAL_Driver/Src/stm32wbxx_hal_rcc.c **** 
 2750              		.loc 1 935 13 view .LVU907
 2751 0676 D368     		ldr	r3, [r2, #12]
 2752 0678 43F08053 		orr	r3, r3, #268435456
 2753 067c D360     		str	r3, [r2, #12]
 938:Drivers/STM32WBxx_HAL_Driver/Src/stm32wbxx_hal_rcc.c **** 
 2754              		.loc 1 938 13 view .LVU908
 938:Drivers/STM32WBxx_HAL_Driver/Src/stm32wbxx_hal_rcc.c **** 
 2755              		.loc 1 938 25 is_stmt 0 view .LVU909
 2756 067e FFF7FEFF 		bl	HAL_GetTick
 2757              	.LVL226:
 2758 0682 0446     		mov	r4, r0
 2759              	.LVL227:
 941:Drivers/STM32WBxx_HAL_Driver/Src/stm32wbxx_hal_rcc.c ****             {
 2760              		.loc 1 941 13 is_stmt 1 view .LVU910
 2761              	.L131:
 941:Drivers/STM32WBxx_HAL_Driver/Src/stm32wbxx_hal_rcc.c ****             {
 2762              		.loc 1 941 19 view .LVU911
 941:Drivers/STM32WBxx_HAL_Driver/Src/stm32wbxx_hal_rcc.c ****             {
 2763              		.loc 1 941 20 is_stmt 0 view .LVU912
 2764 0684 4FF0B043 		mov	r3, #1476395008
 2765 0688 1B68     		ldr	r3, [r3]
 941:Drivers/STM32WBxx_HAL_Driver/Src/stm32wbxx_hal_rcc.c ****             {
 2766              		.loc 1 941 19 view .LVU913
 2767 068a 13F0007F 		tst	r3, #33554432
 2768 068e 06D1     		bne	.L191
 943:Drivers/STM32WBxx_HAL_Driver/Src/stm32wbxx_hal_rcc.c ****               {
 2769              		.loc 1 943 15 is_stmt 1 view .LVU914
ARM GAS  C:\Users\843E~1\AppData\Local\Temp\cc5PNIRY.s 			page 164


 943:Drivers/STM32WBxx_HAL_Driver/Src/stm32wbxx_hal_rcc.c ****               {
 2770              		.loc 1 943 20 is_stmt 0 view .LVU915
 2771 0690 FFF7FEFF 		bl	HAL_GetTick
 2772              	.LVL228:
 943:Drivers/STM32WBxx_HAL_Driver/Src/stm32wbxx_hal_rcc.c ****               {
 2773              		.loc 1 943 34 view .LVU916
 2774 0694 001B     		subs	r0, r0, r4
 943:Drivers/STM32WBxx_HAL_Driver/Src/stm32wbxx_hal_rcc.c ****               {
 2775              		.loc 1 943 18 view .LVU917
 2776 0696 0228     		cmp	r0, #2
 2777 0698 F4D9     		bls	.L131
 945:Drivers/STM32WBxx_HAL_Driver/Src/stm32wbxx_hal_rcc.c ****               }
 2778              		.loc 1 945 24 view .LVU918
 2779 069a 0320     		movs	r0, #3
 2780 069c 30E0     		b	.L72
 2781              	.L191:
 945:Drivers/STM32WBxx_HAL_Driver/Src/stm32wbxx_hal_rcc.c ****               }
 2782              		.loc 1 945 24 view .LVU919
 2783              	.LBE400:
1016:Drivers/STM32WBxx_HAL_Driver/Src/stm32wbxx_hal_rcc.c **** }
 2784              		.loc 1 1016 10 view .LVU920
 2785 069e 0020     		movs	r0, #0
 2786 06a0 2EE0     		b	.L72
 2787              	.LVL229:
 2788              	.L189:
 2789              	.LBB401:
 963:Drivers/STM32WBxx_HAL_Driver/Src/stm32wbxx_hal_rcc.c **** 
 2790              		.loc 1 963 11 is_stmt 1 view .LVU921
 2791              	.LBB398:
 2792              	.LBI398:
2942:Drivers/STM32WBxx_HAL_Driver/Inc/stm32wbxx_ll_rcc.h **** {
 2793              		.loc 2 2942 22 view .LVU922
 2794              	.LBB399:
2944:Drivers/STM32WBxx_HAL_Driver/Inc/stm32wbxx_ll_rcc.h **** }
 2795              		.loc 2 2944 3 view .LVU923
 2796 06a2 4FF0B043 		mov	r3, #1476395008
 2797 06a6 1A68     		ldr	r2, [r3]
 2798 06a8 42F08072 		orr	r2, r2, #16777216
 2799 06ac 1A60     		str	r2, [r3]
 2800              	.LBE399:
 2801              	.LBE398:
 966:Drivers/STM32WBxx_HAL_Driver/Src/stm32wbxx_hal_rcc.c **** 
 2802              		.loc 1 966 11 view .LVU924
 2803 06ae DA68     		ldr	r2, [r3, #12]
 2804 06b0 42F08052 		orr	r2, r2, #268435456
 2805 06b4 DA60     		str	r2, [r3, #12]
 969:Drivers/STM32WBxx_HAL_Driver/Src/stm32wbxx_hal_rcc.c **** 
 2806              		.loc 1 969 11 view .LVU925
 969:Drivers/STM32WBxx_HAL_Driver/Src/stm32wbxx_hal_rcc.c **** 
 2807              		.loc 1 969 23 is_stmt 0 view .LVU926
 2808 06b6 FFF7FEFF 		bl	HAL_GetTick
 2809              	.LVL230:
 969:Drivers/STM32WBxx_HAL_Driver/Src/stm32wbxx_hal_rcc.c **** 
 2810              		.loc 1 969 23 view .LVU927
 2811 06ba 0446     		mov	r4, r0
 2812              	.LVL231:
 972:Drivers/STM32WBxx_HAL_Driver/Src/stm32wbxx_hal_rcc.c ****           {
ARM GAS  C:\Users\843E~1\AppData\Local\Temp\cc5PNIRY.s 			page 165


 2813              		.loc 1 972 11 is_stmt 1 view .LVU928
 2814              	.L133:
 972:Drivers/STM32WBxx_HAL_Driver/Src/stm32wbxx_hal_rcc.c ****           {
 2815              		.loc 1 972 17 view .LVU929
 972:Drivers/STM32WBxx_HAL_Driver/Src/stm32wbxx_hal_rcc.c ****           {
 2816              		.loc 1 972 18 is_stmt 0 view .LVU930
 2817 06bc 4FF0B043 		mov	r3, #1476395008
 2818 06c0 1B68     		ldr	r3, [r3]
 972:Drivers/STM32WBxx_HAL_Driver/Src/stm32wbxx_hal_rcc.c ****           {
 2819              		.loc 1 972 17 view .LVU931
 2820 06c2 13F0007F 		tst	r3, #33554432
 2821 06c6 06D1     		bne	.L192
 974:Drivers/STM32WBxx_HAL_Driver/Src/stm32wbxx_hal_rcc.c ****             {
 2822              		.loc 1 974 13 is_stmt 1 view .LVU932
 974:Drivers/STM32WBxx_HAL_Driver/Src/stm32wbxx_hal_rcc.c ****             {
 2823              		.loc 1 974 18 is_stmt 0 view .LVU933
 2824 06c8 FFF7FEFF 		bl	HAL_GetTick
 2825              	.LVL232:
 974:Drivers/STM32WBxx_HAL_Driver/Src/stm32wbxx_hal_rcc.c ****             {
 2826              		.loc 1 974 32 view .LVU934
 2827 06cc 031B     		subs	r3, r0, r4
 974:Drivers/STM32WBxx_HAL_Driver/Src/stm32wbxx_hal_rcc.c ****             {
 2828              		.loc 1 974 16 view .LVU935
 2829 06ce 022B     		cmp	r3, #2
 2830 06d0 F4D9     		bls	.L133
 976:Drivers/STM32WBxx_HAL_Driver/Src/stm32wbxx_hal_rcc.c ****             }
 2831              		.loc 1 976 22 view .LVU936
 2832 06d2 0320     		movs	r0, #3
 2833 06d4 14E0     		b	.L72
 2834              	.L192:
 976:Drivers/STM32WBxx_HAL_Driver/Src/stm32wbxx_hal_rcc.c ****             }
 2835              		.loc 1 976 22 view .LVU937
 2836              	.LBE401:
1016:Drivers/STM32WBxx_HAL_Driver/Src/stm32wbxx_hal_rcc.c **** }
 2837              		.loc 1 1016 10 view .LVU938
 2838 06d6 0020     		movs	r0, #0
 2839 06d8 12E0     		b	.L72
 2840              	.L186:
 2841              	.LBB402:
1004:Drivers/STM32WBxx_HAL_Driver/Src/stm32wbxx_hal_rcc.c **** #else
 2842              		.loc 1 1004 9 is_stmt 1 view .LVU939
 2843 06da 4FF0B042 		mov	r2, #1476395008
 2844 06de D168     		ldr	r1, [r2, #12]
 2845 06e0 0C4B     		ldr	r3, .L195+8
 2846 06e2 0B40     		ands	r3, r3, r1
 2847 06e4 D360     		str	r3, [r2, #12]
 2848              	.LBE402:
1016:Drivers/STM32WBxx_HAL_Driver/Src/stm32wbxx_hal_rcc.c **** }
 2849              		.loc 1 1016 10 is_stmt 0 view .LVU940
 2850 06e6 0020     		movs	r0, #0
 2851              	.LBB403:
 2852 06e8 0AE0     		b	.L72
 2853              	.LVL233:
 2854              	.L137:
 2855              	.LCFI11:
 2856              		.cfi_def_cfa_offset 0
 2857              		.cfi_restore 3
ARM GAS  C:\Users\843E~1\AppData\Local\Temp\cc5PNIRY.s 			page 166


 2858              		.cfi_restore 4
 2859              		.cfi_restore 5
 2860              		.cfi_restore 14
1016:Drivers/STM32WBxx_HAL_Driver/Src/stm32wbxx_hal_rcc.c **** }
 2861              		.loc 1 1016 10 view .LVU941
 2862              	.LBE403:
 391:Drivers/STM32WBxx_HAL_Driver/Src/stm32wbxx_hal_rcc.c ****   }
 2863              		.loc 1 391 12 view .LVU942
 2864 06ea 0120     		movs	r0, #1
 2865              	.LVL234:
1017:Drivers/STM32WBxx_HAL_Driver/Src/stm32wbxx_hal_rcc.c **** 
 2866              		.loc 1 1017 1 view .LVU943
 2867 06ec 7047     		bx	lr
 2868              	.LVL235:
 2869              	.L138:
 2870              	.LCFI12:
 2871              		.cfi_def_cfa_offset 16
 2872              		.cfi_offset 3, -16
 2873              		.cfi_offset 4, -12
 2874              		.cfi_offset 5, -8
 2875              		.cfi_offset 14, -4
 2876              	.LBB404:
 413:Drivers/STM32WBxx_HAL_Driver/Src/stm32wbxx_hal_rcc.c ****       }
 2877              		.loc 1 413 16 view .LVU944
 2878 06ee 0120     		movs	r0, #1
 2879              	.LVL236:
 413:Drivers/STM32WBxx_HAL_Driver/Src/stm32wbxx_hal_rcc.c ****       }
 2880              		.loc 1 413 16 view .LVU945
 2881 06f0 06E0     		b	.L72
 2882              	.LVL237:
 2883              	.L140:
 426:Drivers/STM32WBxx_HAL_Driver/Src/stm32wbxx_hal_rcc.c ****           }
 2884              		.loc 1 426 20 view .LVU946
 2885 06f2 0120     		movs	r0, #1
 2886 06f4 04E0     		b	.L72
 2887              	.LVL238:
 2888              	.L180:
 426:Drivers/STM32WBxx_HAL_Driver/Src/stm32wbxx_hal_rcc.c ****           }
 2889              		.loc 1 426 20 view .LVU947
 2890              	.LBE404:
 2891              	.LBB405:
 518:Drivers/STM32WBxx_HAL_Driver/Src/stm32wbxx_hal_rcc.c ****       }
 2892              		.loc 1 518 16 view .LVU948
 2893 06f6 0120     		movs	r0, #1
 2894 06f8 02E0     		b	.L72
 2895              	.LVL239:
 2896              	.L148:
 518:Drivers/STM32WBxx_HAL_Driver/Src/stm32wbxx_hal_rcc.c ****       }
 2897              		.loc 1 518 16 view .LVU949
 2898              	.LBE405:
 2899              	.LBB406:
 574:Drivers/STM32WBxx_HAL_Driver/Src/stm32wbxx_hal_rcc.c ****       }
 2900              		.loc 1 574 16 view .LVU950
 2901 06fa 0120     		movs	r0, #1
 2902 06fc 00E0     		b	.L72
 2903              	.LVL240:
 2904              	.L163:
ARM GAS  C:\Users\843E~1\AppData\Local\Temp\cc5PNIRY.s 			page 167


 574:Drivers/STM32WBxx_HAL_Driver/Src/stm32wbxx_hal_rcc.c ****       }
 2905              		.loc 1 574 16 view .LVU951
 2906              	.LBE406:
1016:Drivers/STM32WBxx_HAL_Driver/Src/stm32wbxx_hal_rcc.c **** }
 2907              		.loc 1 1016 10 view .LVU952
 2908 06fe 0020     		movs	r0, #0
 2909              	.LVL241:
 2910              	.L72:
1017:Drivers/STM32WBxx_HAL_Driver/Src/stm32wbxx_hal_rcc.c **** 
 2911              		.loc 1 1017 1 view .LVU953
 2912 0700 38BD     		pop	{r3, r4, r5, pc}
 2913              	.LVL242:
 2914              	.L164:
 2915              	.LBB407:
 953:Drivers/STM32WBxx_HAL_Driver/Src/stm32wbxx_hal_rcc.c ****         }
 2916              		.loc 1 953 18 view .LVU954
 2917 0702 0120     		movs	r0, #1
 2918 0704 FCE7     		b	.L72
 2919              	.LVL243:
 2920              	.L170:
1012:Drivers/STM32WBxx_HAL_Driver/Src/stm32wbxx_hal_rcc.c ****       }
 2921              		.loc 1 1012 16 view .LVU955
 2922 0706 0120     		movs	r0, #1
 2923 0708 FAE7     		b	.L72
 2924              	.L196:
 2925 070a 00BF     		.align	2
 2926              	.L195:
 2927 070c 00040058 		.word	1476396032
 2928 0710 8C80C111 		.word	297894028
 2929 0714 FCFFFEEE 		.word	-285278212
 2930              	.LBE407:
 2931              		.cfi_endproc
 2932              	.LFE951:
 2934              		.section	.text.HAL_RCC_ClockConfig,"ax",%progbits
 2935              		.align	1
 2936              		.global	HAL_RCC_ClockConfig
 2937              		.syntax unified
 2938              		.thumb
 2939              		.thumb_func
 2941              	HAL_RCC_ClockConfig:
 2942              	.LVL244:
 2943              	.LFB952:
1057:Drivers/STM32WBxx_HAL_Driver/Src/stm32wbxx_hal_rcc.c ****   uint32_t tickstart;
 2944              		.loc 1 1057 1 is_stmt 1 view -0
 2945              		.cfi_startproc
 2946              		@ args = 0, pretend = 0, frame = 0
 2947              		@ frame_needed = 0, uses_anonymous_args = 0
1058:Drivers/STM32WBxx_HAL_Driver/Src/stm32wbxx_hal_rcc.c **** 
 2948              		.loc 1 1058 3 view .LVU957
1061:Drivers/STM32WBxx_HAL_Driver/Src/stm32wbxx_hal_rcc.c ****   {
 2949              		.loc 1 1061 3 view .LVU958
1061:Drivers/STM32WBxx_HAL_Driver/Src/stm32wbxx_hal_rcc.c ****   {
 2950              		.loc 1 1061 6 is_stmt 0 view .LVU959
 2951 0000 0028     		cmp	r0, #0
 2952 0002 00F02781 		beq	.L222
1057:Drivers/STM32WBxx_HAL_Driver/Src/stm32wbxx_hal_rcc.c ****   uint32_t tickstart;
 2953              		.loc 1 1057 1 view .LVU960
ARM GAS  C:\Users\843E~1\AppData\Local\Temp\cc5PNIRY.s 			page 168


 2954 0006 70B5     		push	{r4, r5, r6, lr}
 2955              	.LCFI13:
 2956              		.cfi_def_cfa_offset 16
 2957              		.cfi_offset 4, -16
 2958              		.cfi_offset 5, -12
 2959              		.cfi_offset 6, -8
 2960              		.cfi_offset 14, -4
 2961 0008 0C46     		mov	r4, r1
 2962 000a 0546     		mov	r5, r0
1067:Drivers/STM32WBxx_HAL_Driver/Src/stm32wbxx_hal_rcc.c ****   assert_param(IS_FLASH_LATENCY(FLatency));
 2963              		.loc 1 1067 3 is_stmt 1 view .LVU961
1068:Drivers/STM32WBxx_HAL_Driver/Src/stm32wbxx_hal_rcc.c **** 
 2964              		.loc 1 1068 3 view .LVU962
1075:Drivers/STM32WBxx_HAL_Driver/Src/stm32wbxx_hal_rcc.c ****   {
 2965              		.loc 1 1075 3 view .LVU963
1075:Drivers/STM32WBxx_HAL_Driver/Src/stm32wbxx_hal_rcc.c ****   {
 2966              		.loc 1 1075 18 is_stmt 0 view .LVU964
 2967 000c 934B     		ldr	r3, .L244
 2968 000e 1B68     		ldr	r3, [r3]
 2969 0010 03F00703 		and	r3, r3, #7
1075:Drivers/STM32WBxx_HAL_Driver/Src/stm32wbxx_hal_rcc.c ****   {
 2970              		.loc 1 1075 6 view .LVU965
 2971 0014 8B42     		cmp	r3, r1
 2972 0016 2DD3     		bcc	.L236
 2973              	.LVL245:
 2974              	.L199:
1095:Drivers/STM32WBxx_HAL_Driver/Src/stm32wbxx_hal_rcc.c ****   {
 2975              		.loc 1 1095 3 is_stmt 1 view .LVU966
1095:Drivers/STM32WBxx_HAL_Driver/Src/stm32wbxx_hal_rcc.c ****   {
 2976              		.loc 1 1095 26 is_stmt 0 view .LVU967
 2977 0018 2B68     		ldr	r3, [r5]
1095:Drivers/STM32WBxx_HAL_Driver/Src/stm32wbxx_hal_rcc.c ****   {
 2978              		.loc 1 1095 6 view .LVU968
 2979 001a 13F0020F 		tst	r3, #2
 2980 001e 3FD1     		bne	.L237
 2981              	.L202:
1112:Drivers/STM32WBxx_HAL_Driver/Src/stm32wbxx_hal_rcc.c ****   {
 2982              		.loc 1 1112 3 is_stmt 1 view .LVU969
1112:Drivers/STM32WBxx_HAL_Driver/Src/stm32wbxx_hal_rcc.c ****   {
 2983              		.loc 1 1112 26 is_stmt 0 view .LVU970
 2984 0020 2B68     		ldr	r3, [r5]
1112:Drivers/STM32WBxx_HAL_Driver/Src/stm32wbxx_hal_rcc.c ****   {
 2985              		.loc 1 1112 6 view .LVU971
 2986 0022 13F0200F 		tst	r3, #32
 2987 0026 53D1     		bne	.L238
 2988              	.L204:
1128:Drivers/STM32WBxx_HAL_Driver/Src/stm32wbxx_hal_rcc.c ****   {
 2989              		.loc 1 1128 3 is_stmt 1 view .LVU972
1128:Drivers/STM32WBxx_HAL_Driver/Src/stm32wbxx_hal_rcc.c ****   {
 2990              		.loc 1 1128 26 is_stmt 0 view .LVU973
 2991 0028 2B68     		ldr	r3, [r5]
1128:Drivers/STM32WBxx_HAL_Driver/Src/stm32wbxx_hal_rcc.c ****   {
 2992              		.loc 1 1128 6 view .LVU974
 2993 002a 13F0400F 		tst	r3, #64
 2994 002e 6AD1     		bne	.L239
 2995              	.L206:
1145:Drivers/STM32WBxx_HAL_Driver/Src/stm32wbxx_hal_rcc.c ****   {
ARM GAS  C:\Users\843E~1\AppData\Local\Temp\cc5PNIRY.s 			page 169


 2996              		.loc 1 1145 3 is_stmt 1 view .LVU975
1145:Drivers/STM32WBxx_HAL_Driver/Src/stm32wbxx_hal_rcc.c ****   {
 2997              		.loc 1 1145 26 is_stmt 0 view .LVU976
 2998 0030 2B68     		ldr	r3, [r5]
1145:Drivers/STM32WBxx_HAL_Driver/Src/stm32wbxx_hal_rcc.c ****   {
 2999              		.loc 1 1145 6 view .LVU977
 3000 0032 13F0040F 		tst	r3, #4
 3001 0036 40F08380 		bne	.L240
 3002              	.L208:
1162:Drivers/STM32WBxx_HAL_Driver/Src/stm32wbxx_hal_rcc.c ****   {
 3003              		.loc 1 1162 3 is_stmt 1 view .LVU978
1162:Drivers/STM32WBxx_HAL_Driver/Src/stm32wbxx_hal_rcc.c ****   {
 3004              		.loc 1 1162 26 is_stmt 0 view .LVU979
 3005 003a 2B68     		ldr	r3, [r5]
1162:Drivers/STM32WBxx_HAL_Driver/Src/stm32wbxx_hal_rcc.c ****   {
 3006              		.loc 1 1162 6 view .LVU980
 3007 003c 13F0080F 		tst	r3, #8
 3008 0040 40F09780 		bne	.L241
 3009              	.L210:
1179:Drivers/STM32WBxx_HAL_Driver/Src/stm32wbxx_hal_rcc.c ****   {
 3010              		.loc 1 1179 3 is_stmt 1 view .LVU981
1179:Drivers/STM32WBxx_HAL_Driver/Src/stm32wbxx_hal_rcc.c ****   {
 3011              		.loc 1 1179 26 is_stmt 0 view .LVU982
 3012 0044 2B68     		ldr	r3, [r5]
1179:Drivers/STM32WBxx_HAL_Driver/Src/stm32wbxx_hal_rcc.c ****   {
 3013              		.loc 1 1179 6 view .LVU983
 3014 0046 13F0010F 		tst	r3, #1
 3015 004a 00F0DE80 		beq	.L212
1181:Drivers/STM32WBxx_HAL_Driver/Src/stm32wbxx_hal_rcc.c **** 
 3016              		.loc 1 1181 5 is_stmt 1 view .LVU984
1184:Drivers/STM32WBxx_HAL_Driver/Src/stm32wbxx_hal_rcc.c ****     {
 3017              		.loc 1 1184 5 view .LVU985
1184:Drivers/STM32WBxx_HAL_Driver/Src/stm32wbxx_hal_rcc.c ****     {
 3018              		.loc 1 1184 26 is_stmt 0 view .LVU986
 3019 004e 6B68     		ldr	r3, [r5, #4]
1184:Drivers/STM32WBxx_HAL_Driver/Src/stm32wbxx_hal_rcc.c ****     {
 3020              		.loc 1 1184 8 view .LVU987
 3021 0050 022B     		cmp	r3, #2
 3022 0052 00F0A880 		beq	.L242
1193:Drivers/STM32WBxx_HAL_Driver/Src/stm32wbxx_hal_rcc.c ****     {
 3023              		.loc 1 1193 10 is_stmt 1 view .LVU988
1193:Drivers/STM32WBxx_HAL_Driver/Src/stm32wbxx_hal_rcc.c ****     {
 3024              		.loc 1 1193 13 is_stmt 0 view .LVU989
 3025 0056 032B     		cmp	r3, #3
 3026 0058 00F0AD80 		beq	.L243
1202:Drivers/STM32WBxx_HAL_Driver/Src/stm32wbxx_hal_rcc.c ****     {
 3027              		.loc 1 1202 10 is_stmt 1 view .LVU990
1202:Drivers/STM32WBxx_HAL_Driver/Src/stm32wbxx_hal_rcc.c ****     {
 3028              		.loc 1 1202 13 is_stmt 0 view .LVU991
 3029 005c 002B     		cmp	r3, #0
 3030 005e 40F0B280 		bne	.L216
1205:Drivers/STM32WBxx_HAL_Driver/Src/stm32wbxx_hal_rcc.c ****       {
 3031              		.loc 1 1205 7 is_stmt 1 view .LVU992
 3032              	.LBB408:
 3033              	.LBI408:
1870:Drivers/STM32WBxx_HAL_Driver/Inc/stm32wbxx_ll_rcc.h **** {
 3034              		.loc 2 1870 26 view .LVU993
ARM GAS  C:\Users\843E~1\AppData\Local\Temp\cc5PNIRY.s 			page 170


 3035              	.LBB409:
1872:Drivers/STM32WBxx_HAL_Driver/Inc/stm32wbxx_ll_rcc.h **** }
 3036              		.loc 2 1872 3 view .LVU994
1872:Drivers/STM32WBxx_HAL_Driver/Inc/stm32wbxx_ll_rcc.h **** }
 3037              		.loc 2 1872 12 is_stmt 0 view .LVU995
 3038 0062 4FF0B042 		mov	r2, #1476395008
 3039 0066 1268     		ldr	r2, [r2]
1872:Drivers/STM32WBxx_HAL_Driver/Inc/stm32wbxx_ll_rcc.h **** }
 3040              		.loc 2 1872 71 view .LVU996
 3041 0068 12F0020F 		tst	r2, #2
 3042 006c 40F0B180 		bne	.L214
 3043              	.LBE409:
 3044              	.LBE408:
1207:Drivers/STM32WBxx_HAL_Driver/Src/stm32wbxx_hal_rcc.c ****       }
 3045              		.loc 1 1207 16 view .LVU997
 3046 0070 0120     		movs	r0, #1
 3047 0072 EEE0     		b	.L198
 3048              	.LVL246:
 3049              	.L236:
1078:Drivers/STM32WBxx_HAL_Driver/Src/stm32wbxx_hal_rcc.c **** 
 3050              		.loc 1 1078 5 is_stmt 1 view .LVU998
 3051 0074 794A     		ldr	r2, .L244
 3052 0076 1368     		ldr	r3, [r2]
 3053 0078 23F00703 		bic	r3, r3, #7
 3054 007c 0B43     		orrs	r3, r3, r1
 3055 007e 1360     		str	r3, [r2]
1081:Drivers/STM32WBxx_HAL_Driver/Src/stm32wbxx_hal_rcc.c **** 
 3056              		.loc 1 1081 5 view .LVU999
1081:Drivers/STM32WBxx_HAL_Driver/Src/stm32wbxx_hal_rcc.c **** 
 3057              		.loc 1 1081 17 is_stmt 0 view .LVU1000
 3058 0080 FFF7FEFF 		bl	HAL_GetTick
 3059              	.LVL247:
1081:Drivers/STM32WBxx_HAL_Driver/Src/stm32wbxx_hal_rcc.c **** 
 3060              		.loc 1 1081 17 view .LVU1001
 3061 0084 0646     		mov	r6, r0
 3062              	.LVL248:
1085:Drivers/STM32WBxx_HAL_Driver/Src/stm32wbxx_hal_rcc.c ****     {
 3063              		.loc 1 1085 5 is_stmt 1 view .LVU1002
 3064              	.L200:
1085:Drivers/STM32WBxx_HAL_Driver/Src/stm32wbxx_hal_rcc.c ****     {
 3065              		.loc 1 1085 11 view .LVU1003
1085:Drivers/STM32WBxx_HAL_Driver/Src/stm32wbxx_hal_rcc.c ****     {
 3066              		.loc 1 1085 12 is_stmt 0 view .LVU1004
 3067 0086 754B     		ldr	r3, .L244
 3068 0088 1B68     		ldr	r3, [r3]
 3069 008a 03F00703 		and	r3, r3, #7
1085:Drivers/STM32WBxx_HAL_Driver/Src/stm32wbxx_hal_rcc.c ****     {
 3070              		.loc 1 1085 11 view .LVU1005
 3071 008e A342     		cmp	r3, r4
 3072 0090 C2D0     		beq	.L199
1087:Drivers/STM32WBxx_HAL_Driver/Src/stm32wbxx_hal_rcc.c ****       {
 3073              		.loc 1 1087 7 is_stmt 1 view .LVU1006
1087:Drivers/STM32WBxx_HAL_Driver/Src/stm32wbxx_hal_rcc.c ****       {
 3074              		.loc 1 1087 12 is_stmt 0 view .LVU1007
 3075 0092 FFF7FEFF 		bl	HAL_GetTick
 3076              	.LVL249:
1087:Drivers/STM32WBxx_HAL_Driver/Src/stm32wbxx_hal_rcc.c ****       {
ARM GAS  C:\Users\843E~1\AppData\Local\Temp\cc5PNIRY.s 			page 171


 3077              		.loc 1 1087 26 view .LVU1008
 3078 0096 801B     		subs	r0, r0, r6
1087:Drivers/STM32WBxx_HAL_Driver/Src/stm32wbxx_hal_rcc.c ****       {
 3079              		.loc 1 1087 10 view .LVU1009
 3080 0098 0228     		cmp	r0, #2
 3081 009a F4D9     		bls	.L200
1089:Drivers/STM32WBxx_HAL_Driver/Src/stm32wbxx_hal_rcc.c ****       }
 3082              		.loc 1 1089 16 view .LVU1010
 3083 009c 0320     		movs	r0, #3
 3084 009e D8E0     		b	.L198
 3085              	.LVL250:
 3086              	.L237:
1097:Drivers/STM32WBxx_HAL_Driver/Src/stm32wbxx_hal_rcc.c ****     LL_RCC_SetAHBPrescaler(RCC_ClkInitStruct->AHBCLKDivider);
 3087              		.loc 1 1097 5 is_stmt 1 view .LVU1011
1098:Drivers/STM32WBxx_HAL_Driver/Src/stm32wbxx_hal_rcc.c **** 
 3088              		.loc 1 1098 5 view .LVU1012
 3089 00a0 AB68     		ldr	r3, [r5, #8]
 3090              	.LVL251:
 3091              	.LBB410:
 3092              	.LBI410:
2152:Drivers/STM32WBxx_HAL_Driver/Inc/stm32wbxx_ll_rcc.h **** {
 3093              		.loc 2 2152 22 view .LVU1013
 3094              	.LBB411:
2154:Drivers/STM32WBxx_HAL_Driver/Inc/stm32wbxx_ll_rcc.h **** }
 3095              		.loc 2 2154 3 view .LVU1014
 3096 00a2 4FF0B041 		mov	r1, #1476395008
 3097 00a6 8A68     		ldr	r2, [r1, #8]
 3098 00a8 22F0F002 		bic	r2, r2, #240
 3099 00ac 1343     		orrs	r3, r3, r2
 3100              	.LVL252:
2154:Drivers/STM32WBxx_HAL_Driver/Inc/stm32wbxx_ll_rcc.h **** }
 3101              		.loc 2 2154 3 is_stmt 0 view .LVU1015
 3102 00ae 8B60     		str	r3, [r1, #8]
 3103              	.LVL253:
2154:Drivers/STM32WBxx_HAL_Driver/Inc/stm32wbxx_ll_rcc.h **** }
 3104              		.loc 2 2154 3 view .LVU1016
 3105              	.LBE411:
 3106              	.LBE410:
1101:Drivers/STM32WBxx_HAL_Driver/Src/stm32wbxx_hal_rcc.c ****     while (LL_RCC_IsActiveFlag_HPRE() == 0U)
 3107              		.loc 1 1101 5 is_stmt 1 view .LVU1017
1101:Drivers/STM32WBxx_HAL_Driver/Src/stm32wbxx_hal_rcc.c ****     while (LL_RCC_IsActiveFlag_HPRE() == 0U)
 3108              		.loc 1 1101 17 is_stmt 0 view .LVU1018
 3109 00b0 FFF7FEFF 		bl	HAL_GetTick
 3110              	.LVL254:
 3111 00b4 0646     		mov	r6, r0
 3112              	.LVL255:
1102:Drivers/STM32WBxx_HAL_Driver/Src/stm32wbxx_hal_rcc.c ****     {
 3113              		.loc 1 1102 5 is_stmt 1 view .LVU1019
 3114              	.L203:
1102:Drivers/STM32WBxx_HAL_Driver/Src/stm32wbxx_hal_rcc.c ****     {
 3115              		.loc 1 1102 11 view .LVU1020
 3116              	.LBB412:
 3117              	.LBI412:
3882:Drivers/STM32WBxx_HAL_Driver/Inc/stm32wbxx_ll_rcc.h **** }
3883:Drivers/STM32WBxx_HAL_Driver/Inc/stm32wbxx_ll_rcc.h **** 
3884:Drivers/STM32WBxx_HAL_Driver/Inc/stm32wbxx_ll_rcc.h **** /**
3885:Drivers/STM32WBxx_HAL_Driver/Inc/stm32wbxx_ll_rcc.h ****   * @brief  Clear PLL ready interrupt flag
ARM GAS  C:\Users\843E~1\AppData\Local\Temp\cc5PNIRY.s 			page 172


3886:Drivers/STM32WBxx_HAL_Driver/Inc/stm32wbxx_ll_rcc.h ****   * @rmtoll CICR         PLLRDYC       LL_RCC_ClearFlag_PLLRDY
3887:Drivers/STM32WBxx_HAL_Driver/Inc/stm32wbxx_ll_rcc.h ****   * @retval None
3888:Drivers/STM32WBxx_HAL_Driver/Inc/stm32wbxx_ll_rcc.h ****   */
3889:Drivers/STM32WBxx_HAL_Driver/Inc/stm32wbxx_ll_rcc.h **** __STATIC_INLINE void LL_RCC_ClearFlag_PLLRDY(void)
3890:Drivers/STM32WBxx_HAL_Driver/Inc/stm32wbxx_ll_rcc.h **** {
3891:Drivers/STM32WBxx_HAL_Driver/Inc/stm32wbxx_ll_rcc.h ****   SET_BIT(RCC->CICR, RCC_CICR_PLLRDYC);
3892:Drivers/STM32WBxx_HAL_Driver/Inc/stm32wbxx_ll_rcc.h **** }
3893:Drivers/STM32WBxx_HAL_Driver/Inc/stm32wbxx_ll_rcc.h **** 
3894:Drivers/STM32WBxx_HAL_Driver/Inc/stm32wbxx_ll_rcc.h **** #if defined(RCC_HSI48_SUPPORT)
3895:Drivers/STM32WBxx_HAL_Driver/Inc/stm32wbxx_ll_rcc.h **** /**
3896:Drivers/STM32WBxx_HAL_Driver/Inc/stm32wbxx_ll_rcc.h ****   * @brief  Clear HSI48 ready interrupt flag
3897:Drivers/STM32WBxx_HAL_Driver/Inc/stm32wbxx_ll_rcc.h ****   * @rmtoll CICR          HSI48RDYC     LL_RCC_ClearFlag_HSI48RDY
3898:Drivers/STM32WBxx_HAL_Driver/Inc/stm32wbxx_ll_rcc.h ****   * @retval None
3899:Drivers/STM32WBxx_HAL_Driver/Inc/stm32wbxx_ll_rcc.h ****   */
3900:Drivers/STM32WBxx_HAL_Driver/Inc/stm32wbxx_ll_rcc.h **** __STATIC_INLINE void LL_RCC_ClearFlag_HSI48RDY(void)
3901:Drivers/STM32WBxx_HAL_Driver/Inc/stm32wbxx_ll_rcc.h **** {
3902:Drivers/STM32WBxx_HAL_Driver/Inc/stm32wbxx_ll_rcc.h ****   SET_BIT(RCC->CICR, RCC_CICR_HSI48RDYC);
3903:Drivers/STM32WBxx_HAL_Driver/Inc/stm32wbxx_ll_rcc.h **** }
3904:Drivers/STM32WBxx_HAL_Driver/Inc/stm32wbxx_ll_rcc.h **** #endif /* RCC_HSI48_SUPPORT */
3905:Drivers/STM32WBxx_HAL_Driver/Inc/stm32wbxx_ll_rcc.h **** 
3906:Drivers/STM32WBxx_HAL_Driver/Inc/stm32wbxx_ll_rcc.h **** #if defined(SAI1)
3907:Drivers/STM32WBxx_HAL_Driver/Inc/stm32wbxx_ll_rcc.h **** /**
3908:Drivers/STM32WBxx_HAL_Driver/Inc/stm32wbxx_ll_rcc.h ****   * @brief  Clear PLLSAI1 ready interrupt flag
3909:Drivers/STM32WBxx_HAL_Driver/Inc/stm32wbxx_ll_rcc.h ****   * @rmtoll CICR         PLLSAI1RDYC   LL_RCC_ClearFlag_PLLSAI1RDY
3910:Drivers/STM32WBxx_HAL_Driver/Inc/stm32wbxx_ll_rcc.h ****   * @retval None
3911:Drivers/STM32WBxx_HAL_Driver/Inc/stm32wbxx_ll_rcc.h ****   */
3912:Drivers/STM32WBxx_HAL_Driver/Inc/stm32wbxx_ll_rcc.h **** __STATIC_INLINE void LL_RCC_ClearFlag_PLLSAI1RDY(void)
3913:Drivers/STM32WBxx_HAL_Driver/Inc/stm32wbxx_ll_rcc.h **** {
3914:Drivers/STM32WBxx_HAL_Driver/Inc/stm32wbxx_ll_rcc.h ****   SET_BIT(RCC->CICR, RCC_CICR_PLLSAI1RDYC);
3915:Drivers/STM32WBxx_HAL_Driver/Inc/stm32wbxx_ll_rcc.h **** }
3916:Drivers/STM32WBxx_HAL_Driver/Inc/stm32wbxx_ll_rcc.h **** #endif /* SAI1 */
3917:Drivers/STM32WBxx_HAL_Driver/Inc/stm32wbxx_ll_rcc.h **** 
3918:Drivers/STM32WBxx_HAL_Driver/Inc/stm32wbxx_ll_rcc.h **** /**
3919:Drivers/STM32WBxx_HAL_Driver/Inc/stm32wbxx_ll_rcc.h ****   * @brief  Clear Clock security system interrupt flag
3920:Drivers/STM32WBxx_HAL_Driver/Inc/stm32wbxx_ll_rcc.h ****   * @rmtoll CICR         CSSC          LL_RCC_ClearFlag_HSECSS
3921:Drivers/STM32WBxx_HAL_Driver/Inc/stm32wbxx_ll_rcc.h ****   * @retval None
3922:Drivers/STM32WBxx_HAL_Driver/Inc/stm32wbxx_ll_rcc.h ****   */
3923:Drivers/STM32WBxx_HAL_Driver/Inc/stm32wbxx_ll_rcc.h **** __STATIC_INLINE void LL_RCC_ClearFlag_HSECSS(void)
3924:Drivers/STM32WBxx_HAL_Driver/Inc/stm32wbxx_ll_rcc.h **** {
3925:Drivers/STM32WBxx_HAL_Driver/Inc/stm32wbxx_ll_rcc.h ****   SET_BIT(RCC->CICR, RCC_CICR_CSSC);
3926:Drivers/STM32WBxx_HAL_Driver/Inc/stm32wbxx_ll_rcc.h **** }
3927:Drivers/STM32WBxx_HAL_Driver/Inc/stm32wbxx_ll_rcc.h **** 
3928:Drivers/STM32WBxx_HAL_Driver/Inc/stm32wbxx_ll_rcc.h **** /**
3929:Drivers/STM32WBxx_HAL_Driver/Inc/stm32wbxx_ll_rcc.h ****   * @brief  Clear LSE Clock security system interrupt flag
3930:Drivers/STM32WBxx_HAL_Driver/Inc/stm32wbxx_ll_rcc.h ****   * @rmtoll CICR         LSECSSC       LL_RCC_ClearFlag_LSECSS
3931:Drivers/STM32WBxx_HAL_Driver/Inc/stm32wbxx_ll_rcc.h ****   * @retval None
3932:Drivers/STM32WBxx_HAL_Driver/Inc/stm32wbxx_ll_rcc.h ****   */
3933:Drivers/STM32WBxx_HAL_Driver/Inc/stm32wbxx_ll_rcc.h **** __STATIC_INLINE void LL_RCC_ClearFlag_LSECSS(void)
3934:Drivers/STM32WBxx_HAL_Driver/Inc/stm32wbxx_ll_rcc.h **** {
3935:Drivers/STM32WBxx_HAL_Driver/Inc/stm32wbxx_ll_rcc.h ****   SET_BIT(RCC->CICR, RCC_CICR_LSECSSC);
3936:Drivers/STM32WBxx_HAL_Driver/Inc/stm32wbxx_ll_rcc.h **** }
3937:Drivers/STM32WBxx_HAL_Driver/Inc/stm32wbxx_ll_rcc.h **** 
3938:Drivers/STM32WBxx_HAL_Driver/Inc/stm32wbxx_ll_rcc.h **** /**
3939:Drivers/STM32WBxx_HAL_Driver/Inc/stm32wbxx_ll_rcc.h ****   * @brief  Check if LSI1 ready interrupt occurred or not
3940:Drivers/STM32WBxx_HAL_Driver/Inc/stm32wbxx_ll_rcc.h ****   * @rmtoll CIFR         LSI1RDYF       LL_RCC_IsActiveFlag_LSI1RDY
3941:Drivers/STM32WBxx_HAL_Driver/Inc/stm32wbxx_ll_rcc.h ****   * @retval State of bit (1 or 0).
3942:Drivers/STM32WBxx_HAL_Driver/Inc/stm32wbxx_ll_rcc.h ****   */
ARM GAS  C:\Users\843E~1\AppData\Local\Temp\cc5PNIRY.s 			page 173


3943:Drivers/STM32WBxx_HAL_Driver/Inc/stm32wbxx_ll_rcc.h **** __STATIC_INLINE uint32_t LL_RCC_IsActiveFlag_LSI1RDY(void)
3944:Drivers/STM32WBxx_HAL_Driver/Inc/stm32wbxx_ll_rcc.h **** {
3945:Drivers/STM32WBxx_HAL_Driver/Inc/stm32wbxx_ll_rcc.h ****   return ((READ_BIT(RCC->CIFR, RCC_CIFR_LSI1RDYF) == (RCC_CIFR_LSI1RDYF)) ? 1UL : 0UL);
3946:Drivers/STM32WBxx_HAL_Driver/Inc/stm32wbxx_ll_rcc.h **** }
3947:Drivers/STM32WBxx_HAL_Driver/Inc/stm32wbxx_ll_rcc.h **** 
3948:Drivers/STM32WBxx_HAL_Driver/Inc/stm32wbxx_ll_rcc.h **** /**
3949:Drivers/STM32WBxx_HAL_Driver/Inc/stm32wbxx_ll_rcc.h ****   * @brief  Check if LSI2 ready interrupt occurred or not
3950:Drivers/STM32WBxx_HAL_Driver/Inc/stm32wbxx_ll_rcc.h ****   * @rmtoll CIFR         LSI2RDYF       LL_RCC_IsActiveFlag_LSI2RDY
3951:Drivers/STM32WBxx_HAL_Driver/Inc/stm32wbxx_ll_rcc.h ****   * @retval State of bit (1 or 0).
3952:Drivers/STM32WBxx_HAL_Driver/Inc/stm32wbxx_ll_rcc.h ****   */
3953:Drivers/STM32WBxx_HAL_Driver/Inc/stm32wbxx_ll_rcc.h **** __STATIC_INLINE uint32_t LL_RCC_IsActiveFlag_LSI2RDY(void)
3954:Drivers/STM32WBxx_HAL_Driver/Inc/stm32wbxx_ll_rcc.h **** {
3955:Drivers/STM32WBxx_HAL_Driver/Inc/stm32wbxx_ll_rcc.h ****   return ((READ_BIT(RCC->CIFR, RCC_CIFR_LSI2RDYF) == (RCC_CIFR_LSI2RDYF)) ? 1UL : 0UL);
3956:Drivers/STM32WBxx_HAL_Driver/Inc/stm32wbxx_ll_rcc.h **** }
3957:Drivers/STM32WBxx_HAL_Driver/Inc/stm32wbxx_ll_rcc.h **** 
3958:Drivers/STM32WBxx_HAL_Driver/Inc/stm32wbxx_ll_rcc.h **** /**
3959:Drivers/STM32WBxx_HAL_Driver/Inc/stm32wbxx_ll_rcc.h ****   * @brief  Check if LSE ready interrupt occurred or not
3960:Drivers/STM32WBxx_HAL_Driver/Inc/stm32wbxx_ll_rcc.h ****   * @rmtoll CIFR         LSERDYF       LL_RCC_IsActiveFlag_LSERDY
3961:Drivers/STM32WBxx_HAL_Driver/Inc/stm32wbxx_ll_rcc.h ****   * @retval State of bit (1 or 0).
3962:Drivers/STM32WBxx_HAL_Driver/Inc/stm32wbxx_ll_rcc.h ****   */
3963:Drivers/STM32WBxx_HAL_Driver/Inc/stm32wbxx_ll_rcc.h **** __STATIC_INLINE uint32_t LL_RCC_IsActiveFlag_LSERDY(void)
3964:Drivers/STM32WBxx_HAL_Driver/Inc/stm32wbxx_ll_rcc.h **** {
3965:Drivers/STM32WBxx_HAL_Driver/Inc/stm32wbxx_ll_rcc.h ****   return ((READ_BIT(RCC->CIFR, RCC_CIFR_LSERDYF) == (RCC_CIFR_LSERDYF)) ? 1UL : 0UL);
3966:Drivers/STM32WBxx_HAL_Driver/Inc/stm32wbxx_ll_rcc.h **** }
3967:Drivers/STM32WBxx_HAL_Driver/Inc/stm32wbxx_ll_rcc.h **** 
3968:Drivers/STM32WBxx_HAL_Driver/Inc/stm32wbxx_ll_rcc.h **** /**
3969:Drivers/STM32WBxx_HAL_Driver/Inc/stm32wbxx_ll_rcc.h ****   * @brief  Check if MSI ready interrupt occurred or not
3970:Drivers/STM32WBxx_HAL_Driver/Inc/stm32wbxx_ll_rcc.h ****   * @rmtoll CIFR         MSIRDYF       LL_RCC_IsActiveFlag_MSIRDY
3971:Drivers/STM32WBxx_HAL_Driver/Inc/stm32wbxx_ll_rcc.h ****   * @retval State of bit (1 or 0).
3972:Drivers/STM32WBxx_HAL_Driver/Inc/stm32wbxx_ll_rcc.h ****   */
3973:Drivers/STM32WBxx_HAL_Driver/Inc/stm32wbxx_ll_rcc.h **** __STATIC_INLINE uint32_t LL_RCC_IsActiveFlag_MSIRDY(void)
3974:Drivers/STM32WBxx_HAL_Driver/Inc/stm32wbxx_ll_rcc.h **** {
3975:Drivers/STM32WBxx_HAL_Driver/Inc/stm32wbxx_ll_rcc.h ****   return ((READ_BIT(RCC->CIFR, RCC_CIFR_MSIRDYF) == (RCC_CIFR_MSIRDYF)) ? 1UL : 0UL);
3976:Drivers/STM32WBxx_HAL_Driver/Inc/stm32wbxx_ll_rcc.h **** }
3977:Drivers/STM32WBxx_HAL_Driver/Inc/stm32wbxx_ll_rcc.h **** 
3978:Drivers/STM32WBxx_HAL_Driver/Inc/stm32wbxx_ll_rcc.h **** /**
3979:Drivers/STM32WBxx_HAL_Driver/Inc/stm32wbxx_ll_rcc.h ****   * @brief  Check if HSI ready interrupt occurred or not
3980:Drivers/STM32WBxx_HAL_Driver/Inc/stm32wbxx_ll_rcc.h ****   * @rmtoll CIFR         HSIRDYF       LL_RCC_IsActiveFlag_HSIRDY
3981:Drivers/STM32WBxx_HAL_Driver/Inc/stm32wbxx_ll_rcc.h ****   * @retval State of bit (1 or 0).
3982:Drivers/STM32WBxx_HAL_Driver/Inc/stm32wbxx_ll_rcc.h ****   */
3983:Drivers/STM32WBxx_HAL_Driver/Inc/stm32wbxx_ll_rcc.h **** __STATIC_INLINE uint32_t LL_RCC_IsActiveFlag_HSIRDY(void)
3984:Drivers/STM32WBxx_HAL_Driver/Inc/stm32wbxx_ll_rcc.h **** {
3985:Drivers/STM32WBxx_HAL_Driver/Inc/stm32wbxx_ll_rcc.h ****   return ((READ_BIT(RCC->CIFR, RCC_CIFR_HSIRDYF) == (RCC_CIFR_HSIRDYF)) ? 1UL : 0UL);
3986:Drivers/STM32WBxx_HAL_Driver/Inc/stm32wbxx_ll_rcc.h **** }
3987:Drivers/STM32WBxx_HAL_Driver/Inc/stm32wbxx_ll_rcc.h **** 
3988:Drivers/STM32WBxx_HAL_Driver/Inc/stm32wbxx_ll_rcc.h **** /**
3989:Drivers/STM32WBxx_HAL_Driver/Inc/stm32wbxx_ll_rcc.h ****   * @brief  Check if HSE ready interrupt occurred or not
3990:Drivers/STM32WBxx_HAL_Driver/Inc/stm32wbxx_ll_rcc.h ****   * @rmtoll CIFR         HSERDYF       LL_RCC_IsActiveFlag_HSERDY
3991:Drivers/STM32WBxx_HAL_Driver/Inc/stm32wbxx_ll_rcc.h ****   * @retval State of bit (1 or 0).
3992:Drivers/STM32WBxx_HAL_Driver/Inc/stm32wbxx_ll_rcc.h ****   */
3993:Drivers/STM32WBxx_HAL_Driver/Inc/stm32wbxx_ll_rcc.h **** __STATIC_INLINE uint32_t LL_RCC_IsActiveFlag_HSERDY(void)
3994:Drivers/STM32WBxx_HAL_Driver/Inc/stm32wbxx_ll_rcc.h **** {
3995:Drivers/STM32WBxx_HAL_Driver/Inc/stm32wbxx_ll_rcc.h ****   return ((READ_BIT(RCC->CIFR, RCC_CIFR_HSERDYF) == (RCC_CIFR_HSERDYF)) ? 1UL : 0UL);
3996:Drivers/STM32WBxx_HAL_Driver/Inc/stm32wbxx_ll_rcc.h **** }
3997:Drivers/STM32WBxx_HAL_Driver/Inc/stm32wbxx_ll_rcc.h **** 
3998:Drivers/STM32WBxx_HAL_Driver/Inc/stm32wbxx_ll_rcc.h **** /**
3999:Drivers/STM32WBxx_HAL_Driver/Inc/stm32wbxx_ll_rcc.h ****   * @brief  Check if PLL ready interrupt occurred or not
ARM GAS  C:\Users\843E~1\AppData\Local\Temp\cc5PNIRY.s 			page 174


4000:Drivers/STM32WBxx_HAL_Driver/Inc/stm32wbxx_ll_rcc.h ****   * @rmtoll CIFR         PLLRDYF       LL_RCC_IsActiveFlag_PLLRDY
4001:Drivers/STM32WBxx_HAL_Driver/Inc/stm32wbxx_ll_rcc.h ****   * @retval State of bit (1 or 0).
4002:Drivers/STM32WBxx_HAL_Driver/Inc/stm32wbxx_ll_rcc.h ****   */
4003:Drivers/STM32WBxx_HAL_Driver/Inc/stm32wbxx_ll_rcc.h **** __STATIC_INLINE uint32_t LL_RCC_IsActiveFlag_PLLRDY(void)
4004:Drivers/STM32WBxx_HAL_Driver/Inc/stm32wbxx_ll_rcc.h **** {
4005:Drivers/STM32WBxx_HAL_Driver/Inc/stm32wbxx_ll_rcc.h ****   return ((READ_BIT(RCC->CIFR, RCC_CIFR_PLLRDYF) == (RCC_CIFR_PLLRDYF)) ? 1UL : 0UL);
4006:Drivers/STM32WBxx_HAL_Driver/Inc/stm32wbxx_ll_rcc.h **** }
4007:Drivers/STM32WBxx_HAL_Driver/Inc/stm32wbxx_ll_rcc.h **** 
4008:Drivers/STM32WBxx_HAL_Driver/Inc/stm32wbxx_ll_rcc.h **** #if defined(RCC_HSI48_SUPPORT)
4009:Drivers/STM32WBxx_HAL_Driver/Inc/stm32wbxx_ll_rcc.h **** /**
4010:Drivers/STM32WBxx_HAL_Driver/Inc/stm32wbxx_ll_rcc.h ****   * @brief  Check if HSI48 ready interrupt occurred or not
4011:Drivers/STM32WBxx_HAL_Driver/Inc/stm32wbxx_ll_rcc.h ****   * @rmtoll CIFR          HSI48RDYF     LL_RCC_IsActiveFlag_HSI48RDY
4012:Drivers/STM32WBxx_HAL_Driver/Inc/stm32wbxx_ll_rcc.h ****   * @retval State of bit (1 or 0).
4013:Drivers/STM32WBxx_HAL_Driver/Inc/stm32wbxx_ll_rcc.h ****   */
4014:Drivers/STM32WBxx_HAL_Driver/Inc/stm32wbxx_ll_rcc.h **** __STATIC_INLINE uint32_t LL_RCC_IsActiveFlag_HSI48RDY(void)
4015:Drivers/STM32WBxx_HAL_Driver/Inc/stm32wbxx_ll_rcc.h **** {
4016:Drivers/STM32WBxx_HAL_Driver/Inc/stm32wbxx_ll_rcc.h ****   return ((READ_BIT(RCC->CIFR, RCC_CIFR_HSI48RDYF) == (RCC_CIFR_HSI48RDYF)) ? 1UL : 0UL);
4017:Drivers/STM32WBxx_HAL_Driver/Inc/stm32wbxx_ll_rcc.h **** }
4018:Drivers/STM32WBxx_HAL_Driver/Inc/stm32wbxx_ll_rcc.h **** #endif /* RCC_HSI48_SUPPORT */
4019:Drivers/STM32WBxx_HAL_Driver/Inc/stm32wbxx_ll_rcc.h **** 
4020:Drivers/STM32WBxx_HAL_Driver/Inc/stm32wbxx_ll_rcc.h **** #if defined(SAI1)
4021:Drivers/STM32WBxx_HAL_Driver/Inc/stm32wbxx_ll_rcc.h **** /**
4022:Drivers/STM32WBxx_HAL_Driver/Inc/stm32wbxx_ll_rcc.h ****   * @brief  Check if PLLSAI1 ready interrupt occurred or not
4023:Drivers/STM32WBxx_HAL_Driver/Inc/stm32wbxx_ll_rcc.h ****   * @rmtoll CIFR         PLLSAI1RDYF   LL_RCC_IsActiveFlag_PLLSAI1RDY
4024:Drivers/STM32WBxx_HAL_Driver/Inc/stm32wbxx_ll_rcc.h ****   * @retval State of bit (1 or 0).
4025:Drivers/STM32WBxx_HAL_Driver/Inc/stm32wbxx_ll_rcc.h ****   */
4026:Drivers/STM32WBxx_HAL_Driver/Inc/stm32wbxx_ll_rcc.h **** __STATIC_INLINE uint32_t LL_RCC_IsActiveFlag_PLLSAI1RDY(void)
4027:Drivers/STM32WBxx_HAL_Driver/Inc/stm32wbxx_ll_rcc.h **** {
4028:Drivers/STM32WBxx_HAL_Driver/Inc/stm32wbxx_ll_rcc.h ****   return ((READ_BIT(RCC->CIFR, RCC_CIFR_PLLSAI1RDYF) == (RCC_CIFR_PLLSAI1RDYF)) ? 1UL : 0UL);
4029:Drivers/STM32WBxx_HAL_Driver/Inc/stm32wbxx_ll_rcc.h **** }
4030:Drivers/STM32WBxx_HAL_Driver/Inc/stm32wbxx_ll_rcc.h **** #endif /* SAI1 */
4031:Drivers/STM32WBxx_HAL_Driver/Inc/stm32wbxx_ll_rcc.h **** 
4032:Drivers/STM32WBxx_HAL_Driver/Inc/stm32wbxx_ll_rcc.h **** /**
4033:Drivers/STM32WBxx_HAL_Driver/Inc/stm32wbxx_ll_rcc.h ****   * @brief  Check if Clock security system interrupt occurred or not
4034:Drivers/STM32WBxx_HAL_Driver/Inc/stm32wbxx_ll_rcc.h ****   * @rmtoll CIFR         CSSF          LL_RCC_IsActiveFlag_HSECSS
4035:Drivers/STM32WBxx_HAL_Driver/Inc/stm32wbxx_ll_rcc.h ****   * @retval State of bit (1 or 0).
4036:Drivers/STM32WBxx_HAL_Driver/Inc/stm32wbxx_ll_rcc.h ****   */
4037:Drivers/STM32WBxx_HAL_Driver/Inc/stm32wbxx_ll_rcc.h **** __STATIC_INLINE uint32_t LL_RCC_IsActiveFlag_HSECSS(void)
4038:Drivers/STM32WBxx_HAL_Driver/Inc/stm32wbxx_ll_rcc.h **** {
4039:Drivers/STM32WBxx_HAL_Driver/Inc/stm32wbxx_ll_rcc.h ****   return ((READ_BIT(RCC->CIFR, RCC_CIFR_CSSF) == (RCC_CIFR_CSSF)) ? 1UL : 0UL);
4040:Drivers/STM32WBxx_HAL_Driver/Inc/stm32wbxx_ll_rcc.h **** }
4041:Drivers/STM32WBxx_HAL_Driver/Inc/stm32wbxx_ll_rcc.h **** 
4042:Drivers/STM32WBxx_HAL_Driver/Inc/stm32wbxx_ll_rcc.h **** /**
4043:Drivers/STM32WBxx_HAL_Driver/Inc/stm32wbxx_ll_rcc.h ****   * @brief  Check if LSE Clock security system interrupt occurred or not
4044:Drivers/STM32WBxx_HAL_Driver/Inc/stm32wbxx_ll_rcc.h ****   * @rmtoll CIFR         LSECSSF       LL_RCC_IsActiveFlag_LSECSS
4045:Drivers/STM32WBxx_HAL_Driver/Inc/stm32wbxx_ll_rcc.h ****   * @retval State of bit (1 or 0).
4046:Drivers/STM32WBxx_HAL_Driver/Inc/stm32wbxx_ll_rcc.h ****   */
4047:Drivers/STM32WBxx_HAL_Driver/Inc/stm32wbxx_ll_rcc.h **** __STATIC_INLINE uint32_t LL_RCC_IsActiveFlag_LSECSS(void)
4048:Drivers/STM32WBxx_HAL_Driver/Inc/stm32wbxx_ll_rcc.h **** {
4049:Drivers/STM32WBxx_HAL_Driver/Inc/stm32wbxx_ll_rcc.h ****   return ((READ_BIT(RCC->CIFR, RCC_CIFR_LSECSSF) == (RCC_CIFR_LSECSSF)) ? 1UL : 0UL);
4050:Drivers/STM32WBxx_HAL_Driver/Inc/stm32wbxx_ll_rcc.h **** }
4051:Drivers/STM32WBxx_HAL_Driver/Inc/stm32wbxx_ll_rcc.h **** 
4052:Drivers/STM32WBxx_HAL_Driver/Inc/stm32wbxx_ll_rcc.h **** /**
4053:Drivers/STM32WBxx_HAL_Driver/Inc/stm32wbxx_ll_rcc.h ****   * @brief  Check if HCLK1 prescaler flag value has been applied or not
4054:Drivers/STM32WBxx_HAL_Driver/Inc/stm32wbxx_ll_rcc.h ****   * @rmtoll CFGR         HPREF       LL_RCC_IsActiveFlag_HPRE
4055:Drivers/STM32WBxx_HAL_Driver/Inc/stm32wbxx_ll_rcc.h ****   * @retval State of bit (1 or 0).
4056:Drivers/STM32WBxx_HAL_Driver/Inc/stm32wbxx_ll_rcc.h ****   */
ARM GAS  C:\Users\843E~1\AppData\Local\Temp\cc5PNIRY.s 			page 175


4057:Drivers/STM32WBxx_HAL_Driver/Inc/stm32wbxx_ll_rcc.h **** __STATIC_INLINE uint32_t LL_RCC_IsActiveFlag_HPRE(void)
 3118              		.loc 2 4057 26 view .LVU1021
 3119              	.LBB413:
4058:Drivers/STM32WBxx_HAL_Driver/Inc/stm32wbxx_ll_rcc.h **** {
4059:Drivers/STM32WBxx_HAL_Driver/Inc/stm32wbxx_ll_rcc.h ****   return ((READ_BIT(RCC->CFGR, RCC_CFGR_HPREF) == (RCC_CFGR_HPREF)) ? 1UL : 0UL);
 3120              		.loc 2 4059 3 view .LVU1022
 3121              		.loc 2 4059 12 is_stmt 0 view .LVU1023
 3122 00b6 4FF0B043 		mov	r3, #1476395008
 3123 00ba 9B68     		ldr	r3, [r3, #8]
 3124              		.loc 2 4059 75 view .LVU1024
 3125 00bc 13F4803F 		tst	r3, #65536
 3126 00c0 AED1     		bne	.L202
 3127              	.LBE413:
 3128              	.LBE412:
1104:Drivers/STM32WBxx_HAL_Driver/Src/stm32wbxx_hal_rcc.c ****       {
 3129              		.loc 1 1104 7 is_stmt 1 view .LVU1025
1104:Drivers/STM32WBxx_HAL_Driver/Src/stm32wbxx_hal_rcc.c ****       {
 3130              		.loc 1 1104 12 is_stmt 0 view .LVU1026
 3131 00c2 FFF7FEFF 		bl	HAL_GetTick
 3132              	.LVL256:
1104:Drivers/STM32WBxx_HAL_Driver/Src/stm32wbxx_hal_rcc.c ****       {
 3133              		.loc 1 1104 26 view .LVU1027
 3134 00c6 801B     		subs	r0, r0, r6
1104:Drivers/STM32WBxx_HAL_Driver/Src/stm32wbxx_hal_rcc.c ****       {
 3135              		.loc 1 1104 10 view .LVU1028
 3136 00c8 0228     		cmp	r0, #2
 3137 00ca F4D9     		bls	.L203
1106:Drivers/STM32WBxx_HAL_Driver/Src/stm32wbxx_hal_rcc.c ****       }
 3138              		.loc 1 1106 16 view .LVU1029
 3139 00cc 0320     		movs	r0, #3
 3140 00ce C0E0     		b	.L198
 3141              	.LVL257:
 3142              	.L238:
1114:Drivers/STM32WBxx_HAL_Driver/Src/stm32wbxx_hal_rcc.c ****     LL_C2_RCC_SetAHBPrescaler(RCC_ClkInitStruct->AHBCLK2Divider);
 3143              		.loc 1 1114 5 is_stmt 1 view .LVU1030
1115:Drivers/STM32WBxx_HAL_Driver/Src/stm32wbxx_hal_rcc.c **** 
 3144              		.loc 1 1115 5 view .LVU1031
 3145 00d0 6B69     		ldr	r3, [r5, #20]
 3146              	.LVL258:
 3147              	.LBB414:
 3148              	.LBI414:
2177:Drivers/STM32WBxx_HAL_Driver/Inc/stm32wbxx_ll_rcc.h **** {
 3149              		.loc 2 2177 22 view .LVU1032
 3150              	.LBB415:
2179:Drivers/STM32WBxx_HAL_Driver/Inc/stm32wbxx_ll_rcc.h **** }
 3151              		.loc 2 2179 3 view .LVU1033
 3152 00d2 4FF0B041 		mov	r1, #1476395008
 3153 00d6 D1F80821 		ldr	r2, [r1, #264]
 3154 00da 22F0F002 		bic	r2, r2, #240
 3155 00de 1343     		orrs	r3, r3, r2
 3156              	.LVL259:
2179:Drivers/STM32WBxx_HAL_Driver/Inc/stm32wbxx_ll_rcc.h **** }
 3157              		.loc 2 2179 3 is_stmt 0 view .LVU1034
 3158 00e0 C1F80831 		str	r3, [r1, #264]
 3159              	.LVL260:
2179:Drivers/STM32WBxx_HAL_Driver/Inc/stm32wbxx_ll_rcc.h **** }
 3160              		.loc 2 2179 3 view .LVU1035
ARM GAS  C:\Users\843E~1\AppData\Local\Temp\cc5PNIRY.s 			page 176


 3161              	.LBE415:
 3162              	.LBE414:
1118:Drivers/STM32WBxx_HAL_Driver/Src/stm32wbxx_hal_rcc.c ****     while (LL_RCC_IsActiveFlag_C2HPRE() == 0U)
 3163              		.loc 1 1118 5 is_stmt 1 view .LVU1036
1118:Drivers/STM32WBxx_HAL_Driver/Src/stm32wbxx_hal_rcc.c ****     while (LL_RCC_IsActiveFlag_C2HPRE() == 0U)
 3164              		.loc 1 1118 17 is_stmt 0 view .LVU1037
 3165 00e4 FFF7FEFF 		bl	HAL_GetTick
 3166              	.LVL261:
 3167 00e8 0646     		mov	r6, r0
 3168              	.LVL262:
1119:Drivers/STM32WBxx_HAL_Driver/Src/stm32wbxx_hal_rcc.c ****     {
 3169              		.loc 1 1119 5 is_stmt 1 view .LVU1038
 3170              	.L205:
1119:Drivers/STM32WBxx_HAL_Driver/Src/stm32wbxx_hal_rcc.c ****     {
 3171              		.loc 1 1119 11 view .LVU1039
 3172              	.LBB416:
 3173              	.LBI416:
4060:Drivers/STM32WBxx_HAL_Driver/Inc/stm32wbxx_ll_rcc.h **** }
4061:Drivers/STM32WBxx_HAL_Driver/Inc/stm32wbxx_ll_rcc.h **** 
4062:Drivers/STM32WBxx_HAL_Driver/Inc/stm32wbxx_ll_rcc.h **** /**
4063:Drivers/STM32WBxx_HAL_Driver/Inc/stm32wbxx_ll_rcc.h ****   * @brief  Check if HCLK2 prescaler flag value has been applied or not
4064:Drivers/STM32WBxx_HAL_Driver/Inc/stm32wbxx_ll_rcc.h ****   * @rmtoll EXTCFGR         C2HPREF       LL_RCC_IsActiveFlag_C2HPRE
4065:Drivers/STM32WBxx_HAL_Driver/Inc/stm32wbxx_ll_rcc.h ****   * @retval State of bit (1 or 0).
4066:Drivers/STM32WBxx_HAL_Driver/Inc/stm32wbxx_ll_rcc.h ****   */
4067:Drivers/STM32WBxx_HAL_Driver/Inc/stm32wbxx_ll_rcc.h **** __STATIC_INLINE uint32_t LL_RCC_IsActiveFlag_C2HPRE(void)
 3174              		.loc 2 4067 26 view .LVU1040
 3175              	.LBB417:
4068:Drivers/STM32WBxx_HAL_Driver/Inc/stm32wbxx_ll_rcc.h **** {
4069:Drivers/STM32WBxx_HAL_Driver/Inc/stm32wbxx_ll_rcc.h ****   return ((READ_BIT(RCC->EXTCFGR, RCC_EXTCFGR_C2HPREF) == (RCC_EXTCFGR_C2HPREF)) ? 1UL : 0UL);
 3176              		.loc 2 4069 3 view .LVU1041
 3177              		.loc 2 4069 12 is_stmt 0 view .LVU1042
 3178 00ea 4FF0B043 		mov	r3, #1476395008
 3179 00ee D3F80831 		ldr	r3, [r3, #264]
 3180              		.loc 2 4069 88 view .LVU1043
 3181 00f2 13F4003F 		tst	r3, #131072
 3182 00f6 97D1     		bne	.L204
 3183              	.LBE417:
 3184              	.LBE416:
1121:Drivers/STM32WBxx_HAL_Driver/Src/stm32wbxx_hal_rcc.c ****       {
 3185              		.loc 1 1121 7 is_stmt 1 view .LVU1044
1121:Drivers/STM32WBxx_HAL_Driver/Src/stm32wbxx_hal_rcc.c ****       {
 3186              		.loc 1 1121 12 is_stmt 0 view .LVU1045
 3187 00f8 FFF7FEFF 		bl	HAL_GetTick
 3188              	.LVL263:
1121:Drivers/STM32WBxx_HAL_Driver/Src/stm32wbxx_hal_rcc.c ****       {
 3189              		.loc 1 1121 26 view .LVU1046
 3190 00fc 801B     		subs	r0, r0, r6
1121:Drivers/STM32WBxx_HAL_Driver/Src/stm32wbxx_hal_rcc.c ****       {
 3191              		.loc 1 1121 10 view .LVU1047
 3192 00fe 0228     		cmp	r0, #2
 3193 0100 F3D9     		bls	.L205
1123:Drivers/STM32WBxx_HAL_Driver/Src/stm32wbxx_hal_rcc.c ****       }
 3194              		.loc 1 1123 16 view .LVU1048
 3195 0102 0320     		movs	r0, #3
 3196 0104 A5E0     		b	.L198
 3197              	.LVL264:
 3198              	.L239:
ARM GAS  C:\Users\843E~1\AppData\Local\Temp\cc5PNIRY.s 			page 177


1130:Drivers/STM32WBxx_HAL_Driver/Src/stm32wbxx_hal_rcc.c ****     LL_RCC_SetAHB4Prescaler(RCC_ClkInitStruct->AHBCLK4Divider);
 3199              		.loc 1 1130 5 is_stmt 1 view .LVU1049
1131:Drivers/STM32WBxx_HAL_Driver/Src/stm32wbxx_hal_rcc.c **** 
 3200              		.loc 1 1131 5 view .LVU1050
 3201 0106 A969     		ldr	r1, [r5, #24]
 3202              	.LVL265:
 3203              	.LBB418:
 3204              	.LBI418:
2202:Drivers/STM32WBxx_HAL_Driver/Inc/stm32wbxx_ll_rcc.h **** {
 3205              		.loc 2 2202 22 view .LVU1051
 3206              	.LBB419:
2204:Drivers/STM32WBxx_HAL_Driver/Inc/stm32wbxx_ll_rcc.h **** }
 3207              		.loc 2 2204 3 view .LVU1052
 3208 0108 4FF0B042 		mov	r2, #1476395008
 3209 010c D2F80831 		ldr	r3, [r2, #264]
 3210 0110 23F00F03 		bic	r3, r3, #15
 3211 0114 43EA1113 		orr	r3, r3, r1, lsr #4
 3212 0118 C2F80831 		str	r3, [r2, #264]
 3213              	.LVL266:
2204:Drivers/STM32WBxx_HAL_Driver/Inc/stm32wbxx_ll_rcc.h **** }
 3214              		.loc 2 2204 3 is_stmt 0 view .LVU1053
 3215              	.LBE419:
 3216              	.LBE418:
1134:Drivers/STM32WBxx_HAL_Driver/Src/stm32wbxx_hal_rcc.c ****     while (LL_RCC_IsActiveFlag_SHDHPRE() == 0U)
 3217              		.loc 1 1134 5 is_stmt 1 view .LVU1054
1134:Drivers/STM32WBxx_HAL_Driver/Src/stm32wbxx_hal_rcc.c ****     while (LL_RCC_IsActiveFlag_SHDHPRE() == 0U)
 3218              		.loc 1 1134 17 is_stmt 0 view .LVU1055
 3219 011c FFF7FEFF 		bl	HAL_GetTick
 3220              	.LVL267:
 3221 0120 0646     		mov	r6, r0
 3222              	.LVL268:
1135:Drivers/STM32WBxx_HAL_Driver/Src/stm32wbxx_hal_rcc.c ****     {
 3223              		.loc 1 1135 5 is_stmt 1 view .LVU1056
 3224              	.L207:
1135:Drivers/STM32WBxx_HAL_Driver/Src/stm32wbxx_hal_rcc.c ****     {
 3225              		.loc 1 1135 11 view .LVU1057
 3226              	.LBB420:
 3227              	.LBI420:
4070:Drivers/STM32WBxx_HAL_Driver/Inc/stm32wbxx_ll_rcc.h **** }
4071:Drivers/STM32WBxx_HAL_Driver/Inc/stm32wbxx_ll_rcc.h **** 
4072:Drivers/STM32WBxx_HAL_Driver/Inc/stm32wbxx_ll_rcc.h **** /**
4073:Drivers/STM32WBxx_HAL_Driver/Inc/stm32wbxx_ll_rcc.h ****   * @brief  Check if HCLK4 prescaler flag value has been applied or not
4074:Drivers/STM32WBxx_HAL_Driver/Inc/stm32wbxx_ll_rcc.h ****   * @rmtoll EXTCFGR         SHDHPREF       LL_RCC_IsActiveFlag_SHDHPRE
4075:Drivers/STM32WBxx_HAL_Driver/Inc/stm32wbxx_ll_rcc.h ****   * @retval State of bit (1 or 0).
4076:Drivers/STM32WBxx_HAL_Driver/Inc/stm32wbxx_ll_rcc.h ****   */
4077:Drivers/STM32WBxx_HAL_Driver/Inc/stm32wbxx_ll_rcc.h **** __STATIC_INLINE uint32_t LL_RCC_IsActiveFlag_SHDHPRE(void)
 3228              		.loc 2 4077 26 view .LVU1058
 3229              	.LBB421:
4078:Drivers/STM32WBxx_HAL_Driver/Inc/stm32wbxx_ll_rcc.h **** {
4079:Drivers/STM32WBxx_HAL_Driver/Inc/stm32wbxx_ll_rcc.h ****   return ((READ_BIT(RCC->EXTCFGR, RCC_EXTCFGR_SHDHPREF) == (RCC_EXTCFGR_SHDHPREF)) ? 1UL : 0UL);
 3230              		.loc 2 4079 3 view .LVU1059
 3231              		.loc 2 4079 12 is_stmt 0 view .LVU1060
 3232 0122 4FF0B043 		mov	r3, #1476395008
 3233 0126 D3F80831 		ldr	r3, [r3, #264]
 3234              		.loc 2 4079 90 view .LVU1061
 3235 012a 13F4803F 		tst	r3, #65536
 3236 012e 7FF47FAF 		bne	.L206
ARM GAS  C:\Users\843E~1\AppData\Local\Temp\cc5PNIRY.s 			page 178


 3237              	.LBE421:
 3238              	.LBE420:
1137:Drivers/STM32WBxx_HAL_Driver/Src/stm32wbxx_hal_rcc.c ****       {
 3239              		.loc 1 1137 7 is_stmt 1 view .LVU1062
1137:Drivers/STM32WBxx_HAL_Driver/Src/stm32wbxx_hal_rcc.c ****       {
 3240              		.loc 1 1137 12 is_stmt 0 view .LVU1063
 3241 0132 FFF7FEFF 		bl	HAL_GetTick
 3242              	.LVL269:
1137:Drivers/STM32WBxx_HAL_Driver/Src/stm32wbxx_hal_rcc.c ****       {
 3243              		.loc 1 1137 26 view .LVU1064
 3244 0136 801B     		subs	r0, r0, r6
1137:Drivers/STM32WBxx_HAL_Driver/Src/stm32wbxx_hal_rcc.c ****       {
 3245              		.loc 1 1137 10 view .LVU1065
 3246 0138 0228     		cmp	r0, #2
 3247 013a F2D9     		bls	.L207
1139:Drivers/STM32WBxx_HAL_Driver/Src/stm32wbxx_hal_rcc.c ****       }
 3248              		.loc 1 1139 16 view .LVU1066
 3249 013c 0320     		movs	r0, #3
 3250 013e 88E0     		b	.L198
 3251              	.LVL270:
 3252              	.L240:
1147:Drivers/STM32WBxx_HAL_Driver/Src/stm32wbxx_hal_rcc.c ****     LL_RCC_SetAPB1Prescaler(RCC_ClkInitStruct->APB1CLKDivider);
 3253              		.loc 1 1147 5 is_stmt 1 view .LVU1067
1148:Drivers/STM32WBxx_HAL_Driver/Src/stm32wbxx_hal_rcc.c **** 
 3254              		.loc 1 1148 5 view .LVU1068
 3255 0140 EB68     		ldr	r3, [r5, #12]
 3256              	.LVL271:
 3257              	.LBB422:
 3258              	.LBI422:
2218:Drivers/STM32WBxx_HAL_Driver/Inc/stm32wbxx_ll_rcc.h **** {
 3259              		.loc 2 2218 22 view .LVU1069
 3260              	.LBB423:
2220:Drivers/STM32WBxx_HAL_Driver/Inc/stm32wbxx_ll_rcc.h **** }
 3261              		.loc 2 2220 3 view .LVU1070
 3262 0142 4FF0B041 		mov	r1, #1476395008
 3263 0146 8A68     		ldr	r2, [r1, #8]
 3264 0148 22F4E062 		bic	r2, r2, #1792
 3265 014c 1343     		orrs	r3, r3, r2
 3266              	.LVL272:
2220:Drivers/STM32WBxx_HAL_Driver/Inc/stm32wbxx_ll_rcc.h **** }
 3267              		.loc 2 2220 3 is_stmt 0 view .LVU1071
 3268 014e 8B60     		str	r3, [r1, #8]
 3269              	.LVL273:
2220:Drivers/STM32WBxx_HAL_Driver/Inc/stm32wbxx_ll_rcc.h **** }
 3270              		.loc 2 2220 3 view .LVU1072
 3271              	.LBE423:
 3272              	.LBE422:
1151:Drivers/STM32WBxx_HAL_Driver/Src/stm32wbxx_hal_rcc.c ****     while (LL_RCC_IsActiveFlag_PPRE1() == 0U)
 3273              		.loc 1 1151 5 is_stmt 1 view .LVU1073
1151:Drivers/STM32WBxx_HAL_Driver/Src/stm32wbxx_hal_rcc.c ****     while (LL_RCC_IsActiveFlag_PPRE1() == 0U)
 3274              		.loc 1 1151 17 is_stmt 0 view .LVU1074
 3275 0150 FFF7FEFF 		bl	HAL_GetTick
 3276              	.LVL274:
 3277 0154 0646     		mov	r6, r0
 3278              	.LVL275:
1152:Drivers/STM32WBxx_HAL_Driver/Src/stm32wbxx_hal_rcc.c ****     {
 3279              		.loc 1 1152 5 is_stmt 1 view .LVU1075
ARM GAS  C:\Users\843E~1\AppData\Local\Temp\cc5PNIRY.s 			page 179


 3280              	.L209:
1152:Drivers/STM32WBxx_HAL_Driver/Src/stm32wbxx_hal_rcc.c ****     {
 3281              		.loc 1 1152 11 view .LVU1076
 3282              	.LBB424:
 3283              	.LBI424:
4080:Drivers/STM32WBxx_HAL_Driver/Inc/stm32wbxx_ll_rcc.h **** }
4081:Drivers/STM32WBxx_HAL_Driver/Inc/stm32wbxx_ll_rcc.h **** 
4082:Drivers/STM32WBxx_HAL_Driver/Inc/stm32wbxx_ll_rcc.h **** 
4083:Drivers/STM32WBxx_HAL_Driver/Inc/stm32wbxx_ll_rcc.h **** /**
4084:Drivers/STM32WBxx_HAL_Driver/Inc/stm32wbxx_ll_rcc.h ****   * @brief  Check if PLCK1 prescaler flag value has been applied or not
4085:Drivers/STM32WBxx_HAL_Driver/Inc/stm32wbxx_ll_rcc.h ****   * @rmtoll CFGR         PPRE1F       LL_RCC_IsActiveFlag_PPRE1
4086:Drivers/STM32WBxx_HAL_Driver/Inc/stm32wbxx_ll_rcc.h ****   * @retval State of bit (1 or 0).
4087:Drivers/STM32WBxx_HAL_Driver/Inc/stm32wbxx_ll_rcc.h ****   */
4088:Drivers/STM32WBxx_HAL_Driver/Inc/stm32wbxx_ll_rcc.h **** __STATIC_INLINE uint32_t LL_RCC_IsActiveFlag_PPRE1(void)
 3284              		.loc 2 4088 26 view .LVU1077
 3285              	.LBB425:
4089:Drivers/STM32WBxx_HAL_Driver/Inc/stm32wbxx_ll_rcc.h **** {
4090:Drivers/STM32WBxx_HAL_Driver/Inc/stm32wbxx_ll_rcc.h ****   return ((READ_BIT(RCC->CFGR, RCC_CFGR_PPRE1F) == (RCC_CFGR_PPRE1F)) ? 1UL : 0UL);
 3286              		.loc 2 4090 3 view .LVU1078
 3287              		.loc 2 4090 12 is_stmt 0 view .LVU1079
 3288 0156 4FF0B043 		mov	r3, #1476395008
 3289 015a 9B68     		ldr	r3, [r3, #8]
 3290              		.loc 2 4090 77 view .LVU1080
 3291 015c 13F4003F 		tst	r3, #131072
 3292 0160 7FF46BAF 		bne	.L208
 3293              	.LBE425:
 3294              	.LBE424:
1154:Drivers/STM32WBxx_HAL_Driver/Src/stm32wbxx_hal_rcc.c ****       {
 3295              		.loc 1 1154 7 is_stmt 1 view .LVU1081
1154:Drivers/STM32WBxx_HAL_Driver/Src/stm32wbxx_hal_rcc.c ****       {
 3296              		.loc 1 1154 12 is_stmt 0 view .LVU1082
 3297 0164 FFF7FEFF 		bl	HAL_GetTick
 3298              	.LVL276:
1154:Drivers/STM32WBxx_HAL_Driver/Src/stm32wbxx_hal_rcc.c ****       {
 3299              		.loc 1 1154 26 view .LVU1083
 3300 0168 801B     		subs	r0, r0, r6
1154:Drivers/STM32WBxx_HAL_Driver/Src/stm32wbxx_hal_rcc.c ****       {
 3301              		.loc 1 1154 10 view .LVU1084
 3302 016a 0228     		cmp	r0, #2
 3303 016c F3D9     		bls	.L209
1156:Drivers/STM32WBxx_HAL_Driver/Src/stm32wbxx_hal_rcc.c ****       }
 3304              		.loc 1 1156 16 view .LVU1085
 3305 016e 0320     		movs	r0, #3
 3306 0170 6FE0     		b	.L198
 3307              	.LVL277:
 3308              	.L241:
1164:Drivers/STM32WBxx_HAL_Driver/Src/stm32wbxx_hal_rcc.c ****     LL_RCC_SetAPB2Prescaler((RCC_ClkInitStruct->APB2CLKDivider) << 3U);
 3309              		.loc 1 1164 5 is_stmt 1 view .LVU1086
1165:Drivers/STM32WBxx_HAL_Driver/Src/stm32wbxx_hal_rcc.c **** 
 3310              		.loc 1 1165 5 view .LVU1087
1165:Drivers/STM32WBxx_HAL_Driver/Src/stm32wbxx_hal_rcc.c **** 
 3311              		.loc 1 1165 47 is_stmt 0 view .LVU1088
 3312 0172 2969     		ldr	r1, [r5, #16]
 3313              	.LVL278:
 3314              	.LBB426:
 3315              	.LBI426:
2234:Drivers/STM32WBxx_HAL_Driver/Inc/stm32wbxx_ll_rcc.h **** {
ARM GAS  C:\Users\843E~1\AppData\Local\Temp\cc5PNIRY.s 			page 180


 3316              		.loc 2 2234 22 is_stmt 1 view .LVU1089
 3317              	.LBB427:
2236:Drivers/STM32WBxx_HAL_Driver/Inc/stm32wbxx_ll_rcc.h **** }
 3318              		.loc 2 2236 3 view .LVU1090
 3319 0174 4FF0B042 		mov	r2, #1476395008
 3320 0178 9368     		ldr	r3, [r2, #8]
 3321 017a 23F46053 		bic	r3, r3, #14336
 3322 017e 43EAC103 		orr	r3, r3, r1, lsl #3
 3323 0182 9360     		str	r3, [r2, #8]
 3324              	.LVL279:
2236:Drivers/STM32WBxx_HAL_Driver/Inc/stm32wbxx_ll_rcc.h **** }
 3325              		.loc 2 2236 3 is_stmt 0 view .LVU1091
 3326              	.LBE427:
 3327              	.LBE426:
1168:Drivers/STM32WBxx_HAL_Driver/Src/stm32wbxx_hal_rcc.c ****     while (LL_RCC_IsActiveFlag_PPRE2() == 0U)
 3328              		.loc 1 1168 5 is_stmt 1 view .LVU1092
1168:Drivers/STM32WBxx_HAL_Driver/Src/stm32wbxx_hal_rcc.c ****     while (LL_RCC_IsActiveFlag_PPRE2() == 0U)
 3329              		.loc 1 1168 17 is_stmt 0 view .LVU1093
 3330 0184 FFF7FEFF 		bl	HAL_GetTick
 3331              	.LVL280:
 3332 0188 0646     		mov	r6, r0
 3333              	.LVL281:
1169:Drivers/STM32WBxx_HAL_Driver/Src/stm32wbxx_hal_rcc.c ****     {
 3334              		.loc 1 1169 5 is_stmt 1 view .LVU1094
 3335              	.L211:
1169:Drivers/STM32WBxx_HAL_Driver/Src/stm32wbxx_hal_rcc.c ****     {
 3336              		.loc 1 1169 11 view .LVU1095
 3337              	.LBB428:
 3338              	.LBI428:
4091:Drivers/STM32WBxx_HAL_Driver/Inc/stm32wbxx_ll_rcc.h **** }
4092:Drivers/STM32WBxx_HAL_Driver/Inc/stm32wbxx_ll_rcc.h **** 
4093:Drivers/STM32WBxx_HAL_Driver/Inc/stm32wbxx_ll_rcc.h **** /**
4094:Drivers/STM32WBxx_HAL_Driver/Inc/stm32wbxx_ll_rcc.h ****   * @brief  Check if PLCK2 prescaler flag value has been applied or not
4095:Drivers/STM32WBxx_HAL_Driver/Inc/stm32wbxx_ll_rcc.h ****   * @rmtoll CFGR         PPRE2F       LL_RCC_IsActiveFlag_PPRE2
4096:Drivers/STM32WBxx_HAL_Driver/Inc/stm32wbxx_ll_rcc.h ****   * @retval State of bit (1 or 0).
4097:Drivers/STM32WBxx_HAL_Driver/Inc/stm32wbxx_ll_rcc.h ****   */
4098:Drivers/STM32WBxx_HAL_Driver/Inc/stm32wbxx_ll_rcc.h **** __STATIC_INLINE uint32_t LL_RCC_IsActiveFlag_PPRE2(void)
 3339              		.loc 2 4098 26 view .LVU1096
 3340              	.LBB429:
4099:Drivers/STM32WBxx_HAL_Driver/Inc/stm32wbxx_ll_rcc.h **** {
4100:Drivers/STM32WBxx_HAL_Driver/Inc/stm32wbxx_ll_rcc.h ****   return ((READ_BIT(RCC->CFGR, RCC_CFGR_PPRE2F) == (RCC_CFGR_PPRE2F)) ? 1UL : 0UL);
 3341              		.loc 2 4100 3 view .LVU1097
 3342              		.loc 2 4100 12 is_stmt 0 view .LVU1098
 3343 018a 4FF0B043 		mov	r3, #1476395008
 3344 018e 9B68     		ldr	r3, [r3, #8]
 3345              		.loc 2 4100 77 view .LVU1099
 3346 0190 13F4802F 		tst	r3, #262144
 3347 0194 7FF456AF 		bne	.L210
 3348              	.LBE429:
 3349              	.LBE428:
1171:Drivers/STM32WBxx_HAL_Driver/Src/stm32wbxx_hal_rcc.c ****       {
 3350              		.loc 1 1171 7 is_stmt 1 view .LVU1100
1171:Drivers/STM32WBxx_HAL_Driver/Src/stm32wbxx_hal_rcc.c ****       {
 3351              		.loc 1 1171 12 is_stmt 0 view .LVU1101
 3352 0198 FFF7FEFF 		bl	HAL_GetTick
 3353              	.LVL282:
1171:Drivers/STM32WBxx_HAL_Driver/Src/stm32wbxx_hal_rcc.c ****       {
ARM GAS  C:\Users\843E~1\AppData\Local\Temp\cc5PNIRY.s 			page 181


 3354              		.loc 1 1171 26 view .LVU1102
 3355 019c 801B     		subs	r0, r0, r6
1171:Drivers/STM32WBxx_HAL_Driver/Src/stm32wbxx_hal_rcc.c ****       {
 3356              		.loc 1 1171 10 view .LVU1103
 3357 019e 0228     		cmp	r0, #2
 3358 01a0 F3D9     		bls	.L211
1173:Drivers/STM32WBxx_HAL_Driver/Src/stm32wbxx_hal_rcc.c ****       }
 3359              		.loc 1 1173 16 view .LVU1104
 3360 01a2 0320     		movs	r0, #3
 3361 01a4 55E0     		b	.L198
 3362              	.LVL283:
 3363              	.L242:
1187:Drivers/STM32WBxx_HAL_Driver/Src/stm32wbxx_hal_rcc.c ****       {
 3364              		.loc 1 1187 7 is_stmt 1 view .LVU1105
 3365              	.LBB430:
 3366              	.LBI430:
1338:Drivers/STM32WBxx_HAL_Driver/Inc/stm32wbxx_ll_rcc.h **** {
 3367              		.loc 2 1338 26 view .LVU1106
 3368              	.LBB431:
1340:Drivers/STM32WBxx_HAL_Driver/Inc/stm32wbxx_ll_rcc.h **** }
 3369              		.loc 2 1340 3 view .LVU1107
1340:Drivers/STM32WBxx_HAL_Driver/Inc/stm32wbxx_ll_rcc.h **** }
 3370              		.loc 2 1340 12 is_stmt 0 view .LVU1108
 3371 01a6 4FF0B042 		mov	r2, #1476395008
 3372 01aa 1268     		ldr	r2, [r2]
1340:Drivers/STM32WBxx_HAL_Driver/Inc/stm32wbxx_ll_rcc.h **** }
 3373              		.loc 2 1340 71 view .LVU1109
 3374 01ac 12F4003F 		tst	r2, #131072
 3375 01b0 0FD1     		bne	.L214
 3376              	.LBE431:
 3377              	.LBE430:
1189:Drivers/STM32WBxx_HAL_Driver/Src/stm32wbxx_hal_rcc.c ****       }
 3378              		.loc 1 1189 16 view .LVU1110
 3379 01b2 0120     		movs	r0, #1
 3380 01b4 4DE0     		b	.L198
 3381              	.L243:
1196:Drivers/STM32WBxx_HAL_Driver/Src/stm32wbxx_hal_rcc.c ****       {
 3382              		.loc 1 1196 7 is_stmt 1 view .LVU1111
 3383              	.LBB432:
 3384              	.LBI432:
2963:Drivers/STM32WBxx_HAL_Driver/Inc/stm32wbxx_ll_rcc.h **** {
 3385              		.loc 2 2963 26 view .LVU1112
 3386              	.LBB433:
2965:Drivers/STM32WBxx_HAL_Driver/Inc/stm32wbxx_ll_rcc.h **** }
 3387              		.loc 2 2965 3 view .LVU1113
2965:Drivers/STM32WBxx_HAL_Driver/Inc/stm32wbxx_ll_rcc.h **** }
 3388              		.loc 2 2965 12 is_stmt 0 view .LVU1114
 3389 01b6 4FF0B042 		mov	r2, #1476395008
 3390 01ba 1268     		ldr	r2, [r2]
2965:Drivers/STM32WBxx_HAL_Driver/Inc/stm32wbxx_ll_rcc.h **** }
 3391              		.loc 2 2965 71 view .LVU1115
 3392 01bc 12F0007F 		tst	r2, #33554432
 3393 01c0 07D1     		bne	.L214
 3394              	.LBE433:
 3395              	.LBE432:
1198:Drivers/STM32WBxx_HAL_Driver/Src/stm32wbxx_hal_rcc.c ****       }
 3396              		.loc 1 1198 16 view .LVU1116
ARM GAS  C:\Users\843E~1\AppData\Local\Temp\cc5PNIRY.s 			page 182


 3397 01c2 0120     		movs	r0, #1
 3398 01c4 45E0     		b	.L198
 3399              	.L216:
1214:Drivers/STM32WBxx_HAL_Driver/Src/stm32wbxx_hal_rcc.c ****       {
 3400              		.loc 1 1214 7 is_stmt 1 view .LVU1117
 3401              	.LBB434:
 3402              	.LBI434:
1500:Drivers/STM32WBxx_HAL_Driver/Inc/stm32wbxx_ll_rcc.h **** {
 3403              		.loc 2 1500 26 view .LVU1118
 3404              	.LBB435:
1502:Drivers/STM32WBxx_HAL_Driver/Inc/stm32wbxx_ll_rcc.h **** }
 3405              		.loc 2 1502 3 view .LVU1119
1502:Drivers/STM32WBxx_HAL_Driver/Inc/stm32wbxx_ll_rcc.h **** }
 3406              		.loc 2 1502 12 is_stmt 0 view .LVU1120
 3407 01c6 4FF0B042 		mov	r2, #1476395008
 3408 01ca 1268     		ldr	r2, [r2]
1502:Drivers/STM32WBxx_HAL_Driver/Inc/stm32wbxx_ll_rcc.h **** }
 3409              		.loc 2 1502 71 view .LVU1121
 3410 01cc 12F4806F 		tst	r2, #1024
 3411 01d0 42D0     		beq	.L229
 3412              	.L214:
 3413              	.LBE435:
 3414              	.LBE434:
1222:Drivers/STM32WBxx_HAL_Driver/Src/stm32wbxx_hal_rcc.c **** 
 3415              		.loc 1 1222 5 is_stmt 1 view .LVU1122
 3416              	.LVL284:
 3417              	.LBB436:
 3418              	.LBI436:
2058:Drivers/STM32WBxx_HAL_Driver/Inc/stm32wbxx_ll_rcc.h **** {
 3419              		.loc 2 2058 22 view .LVU1123
 3420              	.LBB437:
2060:Drivers/STM32WBxx_HAL_Driver/Inc/stm32wbxx_ll_rcc.h **** }
 3421              		.loc 2 2060 3 view .LVU1124
 3422 01d2 4FF0B041 		mov	r1, #1476395008
 3423 01d6 8A68     		ldr	r2, [r1, #8]
 3424 01d8 22F00302 		bic	r2, r2, #3
 3425 01dc 1343     		orrs	r3, r3, r2
 3426              	.LVL285:
2060:Drivers/STM32WBxx_HAL_Driver/Inc/stm32wbxx_ll_rcc.h **** }
 3427              		.loc 2 2060 3 is_stmt 0 view .LVU1125
 3428 01de 8B60     		str	r3, [r1, #8]
 3429              	.LVL286:
2060:Drivers/STM32WBxx_HAL_Driver/Inc/stm32wbxx_ll_rcc.h **** }
 3430              		.loc 2 2060 3 view .LVU1126
 3431              	.LBE437:
 3432              	.LBE436:
1225:Drivers/STM32WBxx_HAL_Driver/Src/stm32wbxx_hal_rcc.c **** 
 3433              		.loc 1 1225 5 is_stmt 1 view .LVU1127
1225:Drivers/STM32WBxx_HAL_Driver/Src/stm32wbxx_hal_rcc.c **** 
 3434              		.loc 1 1225 17 is_stmt 0 view .LVU1128
 3435 01e0 FFF7FEFF 		bl	HAL_GetTick
 3436              	.LVL287:
 3437 01e4 0646     		mov	r6, r0
 3438              	.LVL288:
1228:Drivers/STM32WBxx_HAL_Driver/Src/stm32wbxx_hal_rcc.c ****     {
 3439              		.loc 1 1228 5 is_stmt 1 view .LVU1129
 3440              	.L217:
ARM GAS  C:\Users\843E~1\AppData\Local\Temp\cc5PNIRY.s 			page 183


1228:Drivers/STM32WBxx_HAL_Driver/Src/stm32wbxx_hal_rcc.c ****     {
 3441              		.loc 1 1228 11 view .LVU1130
 3442              	.LBB438:
 3443              	.LBI438:
2072:Drivers/STM32WBxx_HAL_Driver/Inc/stm32wbxx_ll_rcc.h **** {
 3444              		.loc 2 2072 26 view .LVU1131
 3445              	.LBB439:
2074:Drivers/STM32WBxx_HAL_Driver/Inc/stm32wbxx_ll_rcc.h **** }
 3446              		.loc 2 2074 3 view .LVU1132
2074:Drivers/STM32WBxx_HAL_Driver/Inc/stm32wbxx_ll_rcc.h **** }
 3447              		.loc 2 2074 21 is_stmt 0 view .LVU1133
 3448 01e6 4FF0B043 		mov	r3, #1476395008
 3449 01ea 9B68     		ldr	r3, [r3, #8]
2074:Drivers/STM32WBxx_HAL_Driver/Inc/stm32wbxx_ll_rcc.h **** }
 3450              		.loc 2 2074 10 view .LVU1134
 3451 01ec 03F00C03 		and	r3, r3, #12
 3452              	.LBE439:
 3453              	.LBE438:
1228:Drivers/STM32WBxx_HAL_Driver/Src/stm32wbxx_hal_rcc.c ****     {
 3454              		.loc 1 1228 63 view .LVU1135
 3455 01f0 6A68     		ldr	r2, [r5, #4]
1228:Drivers/STM32WBxx_HAL_Driver/Src/stm32wbxx_hal_rcc.c ****     {
 3456              		.loc 1 1228 11 view .LVU1136
 3457 01f2 B3EB820F 		cmp	r3, r2, lsl #2
 3458 01f6 08D0     		beq	.L212
1230:Drivers/STM32WBxx_HAL_Driver/Src/stm32wbxx_hal_rcc.c ****       {
 3459              		.loc 1 1230 7 is_stmt 1 view .LVU1137
1230:Drivers/STM32WBxx_HAL_Driver/Src/stm32wbxx_hal_rcc.c ****       {
 3460              		.loc 1 1230 12 is_stmt 0 view .LVU1138
 3461 01f8 FFF7FEFF 		bl	HAL_GetTick
 3462              	.LVL289:
1230:Drivers/STM32WBxx_HAL_Driver/Src/stm32wbxx_hal_rcc.c ****       {
 3463              		.loc 1 1230 26 view .LVU1139
 3464 01fc 801B     		subs	r0, r0, r6
1230:Drivers/STM32WBxx_HAL_Driver/Src/stm32wbxx_hal_rcc.c ****       {
 3465              		.loc 1 1230 10 view .LVU1140
 3466 01fe 41F28833 		movw	r3, #5000
 3467 0202 9842     		cmp	r0, r3
 3468 0204 EFD9     		bls	.L217
1232:Drivers/STM32WBxx_HAL_Driver/Src/stm32wbxx_hal_rcc.c ****       }
 3469              		.loc 1 1232 16 view .LVU1141
 3470 0206 0320     		movs	r0, #3
 3471 0208 23E0     		b	.L198
 3472              	.LVL290:
 3473              	.L212:
1238:Drivers/STM32WBxx_HAL_Driver/Src/stm32wbxx_hal_rcc.c ****   {
 3474              		.loc 1 1238 3 is_stmt 1 view .LVU1142
1238:Drivers/STM32WBxx_HAL_Driver/Src/stm32wbxx_hal_rcc.c ****   {
 3475              		.loc 1 1238 18 is_stmt 0 view .LVU1143
 3476 020a 144B     		ldr	r3, .L244
 3477 020c 1B68     		ldr	r3, [r3]
 3478 020e 03F00703 		and	r3, r3, #7
1238:Drivers/STM32WBxx_HAL_Driver/Src/stm32wbxx_hal_rcc.c ****   {
 3479              		.loc 1 1238 6 view .LVU1144
 3480 0212 A342     		cmp	r3, r4
 3481 0214 15D9     		bls	.L219
1241:Drivers/STM32WBxx_HAL_Driver/Src/stm32wbxx_hal_rcc.c **** 
ARM GAS  C:\Users\843E~1\AppData\Local\Temp\cc5PNIRY.s 			page 184


 3482              		.loc 1 1241 5 is_stmt 1 view .LVU1145
 3483 0216 114A     		ldr	r2, .L244
 3484 0218 1368     		ldr	r3, [r2]
 3485 021a 23F00703 		bic	r3, r3, #7
 3486 021e 2343     		orrs	r3, r3, r4
 3487 0220 1360     		str	r3, [r2]
1244:Drivers/STM32WBxx_HAL_Driver/Src/stm32wbxx_hal_rcc.c **** 
 3488              		.loc 1 1244 5 view .LVU1146
1244:Drivers/STM32WBxx_HAL_Driver/Src/stm32wbxx_hal_rcc.c **** 
 3489              		.loc 1 1244 17 is_stmt 0 view .LVU1147
 3490 0222 FFF7FEFF 		bl	HAL_GetTick
 3491              	.LVL291:
 3492 0226 0546     		mov	r5, r0
 3493              	.LVL292:
1248:Drivers/STM32WBxx_HAL_Driver/Src/stm32wbxx_hal_rcc.c ****     {
 3494              		.loc 1 1248 5 is_stmt 1 view .LVU1148
 3495              	.L220:
1248:Drivers/STM32WBxx_HAL_Driver/Src/stm32wbxx_hal_rcc.c ****     {
 3496              		.loc 1 1248 11 view .LVU1149
1248:Drivers/STM32WBxx_HAL_Driver/Src/stm32wbxx_hal_rcc.c ****     {
 3497              		.loc 1 1248 12 is_stmt 0 view .LVU1150
 3498 0228 0C4B     		ldr	r3, .L244
 3499 022a 1B68     		ldr	r3, [r3]
 3500 022c 03F00703 		and	r3, r3, #7
1248:Drivers/STM32WBxx_HAL_Driver/Src/stm32wbxx_hal_rcc.c ****     {
 3501              		.loc 1 1248 11 view .LVU1151
 3502 0230 A342     		cmp	r3, r4
 3503 0232 06D0     		beq	.L219
1250:Drivers/STM32WBxx_HAL_Driver/Src/stm32wbxx_hal_rcc.c ****       {
 3504              		.loc 1 1250 7 is_stmt 1 view .LVU1152
1250:Drivers/STM32WBxx_HAL_Driver/Src/stm32wbxx_hal_rcc.c ****       {
 3505              		.loc 1 1250 12 is_stmt 0 view .LVU1153
 3506 0234 FFF7FEFF 		bl	HAL_GetTick
 3507              	.LVL293:
1250:Drivers/STM32WBxx_HAL_Driver/Src/stm32wbxx_hal_rcc.c ****       {
 3508              		.loc 1 1250 26 view .LVU1154
 3509 0238 401B     		subs	r0, r0, r5
1250:Drivers/STM32WBxx_HAL_Driver/Src/stm32wbxx_hal_rcc.c ****       {
 3510              		.loc 1 1250 10 view .LVU1155
 3511 023a 0228     		cmp	r0, #2
 3512 023c F4D9     		bls	.L220
1252:Drivers/STM32WBxx_HAL_Driver/Src/stm32wbxx_hal_rcc.c ****       }
 3513              		.loc 1 1252 16 view .LVU1156
 3514 023e 0320     		movs	r0, #3
 3515 0240 07E0     		b	.L198
 3516              	.LVL294:
 3517              	.L219:
1260:Drivers/STM32WBxx_HAL_Driver/Src/stm32wbxx_hal_rcc.c **** 
 3518              		.loc 1 1260 3 is_stmt 1 view .LVU1157
1260:Drivers/STM32WBxx_HAL_Driver/Src/stm32wbxx_hal_rcc.c **** 
 3519              		.loc 1 1260 21 is_stmt 0 view .LVU1158
 3520 0242 FFF7FEFF 		bl	HAL_RCC_GetHCLKFreq
 3521              	.LVL295:
1260:Drivers/STM32WBxx_HAL_Driver/Src/stm32wbxx_hal_rcc.c **** 
 3522              		.loc 1 1260 19 view .LVU1159
 3523 0246 064B     		ldr	r3, .L244+4
 3524 0248 1860     		str	r0, [r3]
ARM GAS  C:\Users\843E~1\AppData\Local\Temp\cc5PNIRY.s 			page 185


1263:Drivers/STM32WBxx_HAL_Driver/Src/stm32wbxx_hal_rcc.c **** }
 3525              		.loc 1 1263 3 is_stmt 1 view .LVU1160
1263:Drivers/STM32WBxx_HAL_Driver/Src/stm32wbxx_hal_rcc.c **** }
 3526              		.loc 1 1263 10 is_stmt 0 view .LVU1161
 3527 024a FFF7FEFF 		bl	HAL_GetTickPrio
 3528              	.LVL296:
 3529 024e FFF7FEFF 		bl	HAL_InitTick
 3530              	.LVL297:
 3531              	.L198:
1264:Drivers/STM32WBxx_HAL_Driver/Src/stm32wbxx_hal_rcc.c **** 
 3532              		.loc 1 1264 1 view .LVU1162
 3533 0252 70BD     		pop	{r4, r5, r6, pc}
 3534              	.LVL298:
 3535              	.L222:
 3536              	.LCFI14:
 3537              		.cfi_def_cfa_offset 0
 3538              		.cfi_restore 4
 3539              		.cfi_restore 5
 3540              		.cfi_restore 6
 3541              		.cfi_restore 14
1063:Drivers/STM32WBxx_HAL_Driver/Src/stm32wbxx_hal_rcc.c ****   }
 3542              		.loc 1 1063 12 view .LVU1163
 3543 0254 0120     		movs	r0, #1
 3544              	.LVL299:
1264:Drivers/STM32WBxx_HAL_Driver/Src/stm32wbxx_hal_rcc.c **** 
 3545              		.loc 1 1264 1 view .LVU1164
 3546 0256 7047     		bx	lr
 3547              	.LVL300:
 3548              	.L229:
 3549              	.LCFI15:
 3550              		.cfi_def_cfa_offset 16
 3551              		.cfi_offset 4, -16
 3552              		.cfi_offset 5, -12
 3553              		.cfi_offset 6, -8
 3554              		.cfi_offset 14, -4
1216:Drivers/STM32WBxx_HAL_Driver/Src/stm32wbxx_hal_rcc.c ****       }
 3555              		.loc 1 1216 16 view .LVU1165
 3556 0258 0120     		movs	r0, #1
 3557 025a FAE7     		b	.L198
 3558              	.L245:
 3559              		.align	2
 3560              	.L244:
 3561 025c 00400058 		.word	1476411392
 3562 0260 00000000 		.word	SystemCoreClock
 3563              		.cfi_endproc
 3564              	.LFE952:
 3566              		.section	.text.HAL_RCC_GetHCLK2Freq,"ax",%progbits
 3567              		.align	1
 3568              		.global	HAL_RCC_GetHCLK2Freq
 3569              		.syntax unified
 3570              		.thumb
 3571              		.thumb_func
 3573              	HAL_RCC_GetHCLK2Freq:
 3574              	.LFB956:
1481:Drivers/STM32WBxx_HAL_Driver/Src/stm32wbxx_hal_rcc.c ****   /* Get SysClock and Compute HCLK2 frequency ---------------------------*/
 3575              		.loc 1 1481 1 is_stmt 1 view -0
 3576              		.cfi_startproc
ARM GAS  C:\Users\843E~1\AppData\Local\Temp\cc5PNIRY.s 			page 186


 3577              		@ args = 0, pretend = 0, frame = 0
 3578              		@ frame_needed = 0, uses_anonymous_args = 0
 3579 0000 08B5     		push	{r3, lr}
 3580              	.LCFI16:
 3581              		.cfi_def_cfa_offset 8
 3582              		.cfi_offset 3, -8
 3583              		.cfi_offset 14, -4
1483:Drivers/STM32WBxx_HAL_Driver/Src/stm32wbxx_hal_rcc.c **** }
 3584              		.loc 1 1483 3 view .LVU1167
1483:Drivers/STM32WBxx_HAL_Driver/Src/stm32wbxx_hal_rcc.c **** }
 3585              		.loc 1 1483 22 is_stmt 0 view .LVU1168
 3586 0002 FFF7FEFF 		bl	HAL_RCC_GetSysClockFreq
 3587              	.LVL301:
 3588              	.LBB440:
 3589              	.LBI440:
2282:Drivers/STM32WBxx_HAL_Driver/Inc/stm32wbxx_ll_rcc.h **** {
 3590              		.loc 2 2282 26 is_stmt 1 view .LVU1169
 3591              	.LBB441:
2284:Drivers/STM32WBxx_HAL_Driver/Inc/stm32wbxx_ll_rcc.h **** }
 3592              		.loc 2 2284 3 view .LVU1170
2284:Drivers/STM32WBxx_HAL_Driver/Inc/stm32wbxx_ll_rcc.h **** }
 3593              		.loc 2 2284 21 is_stmt 0 view .LVU1171
 3594 0006 4FF0B043 		mov	r3, #1476395008
 3595 000a D3F80831 		ldr	r3, [r3, #264]
 3596              	.LBE441:
 3597              	.LBE440:
1483:Drivers/STM32WBxx_HAL_Driver/Src/stm32wbxx_hal_rcc.c **** }
 3598              		.loc 1 1483 22 view .LVU1172
 3599 000e C3F30313 		ubfx	r3, r3, #4, #4
 3600 0012 034A     		ldr	r2, .L248
 3601 0014 52F82330 		ldr	r3, [r2, r3, lsl #2]
1484:Drivers/STM32WBxx_HAL_Driver/Src/stm32wbxx_hal_rcc.c **** 
 3602              		.loc 1 1484 1 view .LVU1173
 3603 0018 B0FBF3F0 		udiv	r0, r0, r3
 3604 001c 08BD     		pop	{r3, pc}
 3605              	.L249:
 3606 001e 00BF     		.align	2
 3607              	.L248:
 3608 0020 00000000 		.word	AHBPrescTable
 3609              		.cfi_endproc
 3610              	.LFE956:
 3612              		.section	.text.HAL_RCC_GetHCLK4Freq,"ax",%progbits
 3613              		.align	1
 3614              		.global	HAL_RCC_GetHCLK4Freq
 3615              		.syntax unified
 3616              		.thumb
 3617              		.thumb_func
 3619              	HAL_RCC_GetHCLK4Freq:
 3620              	.LFB957:
1491:Drivers/STM32WBxx_HAL_Driver/Src/stm32wbxx_hal_rcc.c ****   /* Get SysClock and Compute AHB4 frequency ---------------------------*/
 3621              		.loc 1 1491 1 is_stmt 1 view -0
 3622              		.cfi_startproc
 3623              		@ args = 0, pretend = 0, frame = 0
 3624              		@ frame_needed = 0, uses_anonymous_args = 0
 3625 0000 08B5     		push	{r3, lr}
 3626              	.LCFI17:
 3627              		.cfi_def_cfa_offset 8
ARM GAS  C:\Users\843E~1\AppData\Local\Temp\cc5PNIRY.s 			page 187


 3628              		.cfi_offset 3, -8
 3629              		.cfi_offset 14, -4
1493:Drivers/STM32WBxx_HAL_Driver/Src/stm32wbxx_hal_rcc.c **** }
 3630              		.loc 1 1493 3 view .LVU1175
1493:Drivers/STM32WBxx_HAL_Driver/Src/stm32wbxx_hal_rcc.c **** }
 3631              		.loc 1 1493 22 is_stmt 0 view .LVU1176
 3632 0002 FFF7FEFF 		bl	HAL_RCC_GetSysClockFreq
 3633              	.LVL302:
 3634              	.LBB442:
 3635              	.LBI442:
2306:Drivers/STM32WBxx_HAL_Driver/Inc/stm32wbxx_ll_rcc.h **** {
 3636              		.loc 2 2306 26 is_stmt 1 view .LVU1177
 3637              	.LBB443:
2308:Drivers/STM32WBxx_HAL_Driver/Inc/stm32wbxx_ll_rcc.h **** }
 3638              		.loc 2 2308 3 view .LVU1178
2308:Drivers/STM32WBxx_HAL_Driver/Inc/stm32wbxx_ll_rcc.h **** }
 3639              		.loc 2 2308 21 is_stmt 0 view .LVU1179
 3640 0006 4FF0B043 		mov	r3, #1476395008
 3641 000a D3F80831 		ldr	r3, [r3, #264]
 3642              	.LBE443:
 3643              	.LBE442:
1493:Drivers/STM32WBxx_HAL_Driver/Src/stm32wbxx_hal_rcc.c **** }
 3644              		.loc 1 1493 22 view .LVU1180
 3645 000e 03F00F03 		and	r3, r3, #15
 3646 0012 034A     		ldr	r2, .L252
 3647 0014 52F82330 		ldr	r3, [r2, r3, lsl #2]
1494:Drivers/STM32WBxx_HAL_Driver/Src/stm32wbxx_hal_rcc.c **** 
 3648              		.loc 1 1494 1 view .LVU1181
 3649 0018 B0FBF3F0 		udiv	r0, r0, r3
 3650 001c 08BD     		pop	{r3, pc}
 3651              	.L253:
 3652 001e 00BF     		.align	2
 3653              	.L252:
 3654 0020 00000000 		.word	AHBPrescTable
 3655              		.cfi_endproc
 3656              	.LFE957:
 3658              		.section	.text.HAL_RCC_GetPCLK1Freq,"ax",%progbits
 3659              		.align	1
 3660              		.global	HAL_RCC_GetPCLK1Freq
 3661              		.syntax unified
 3662              		.thumb
 3663              		.thumb_func
 3665              	HAL_RCC_GetPCLK1Freq:
 3666              	.LFB958:
1503:Drivers/STM32WBxx_HAL_Driver/Src/stm32wbxx_hal_rcc.c ****   /* Get HCLK source and Compute PCLK1 frequency ---------------------------*/
 3667              		.loc 1 1503 1 is_stmt 1 view -0
 3668              		.cfi_startproc
 3669              		@ args = 0, pretend = 0, frame = 0
 3670              		@ frame_needed = 0, uses_anonymous_args = 0
 3671 0000 08B5     		push	{r3, lr}
 3672              	.LCFI18:
 3673              		.cfi_def_cfa_offset 8
 3674              		.cfi_offset 3, -8
 3675              		.cfi_offset 14, -4
1505:Drivers/STM32WBxx_HAL_Driver/Src/stm32wbxx_hal_rcc.c **** }
 3676              		.loc 1 1505 3 view .LVU1183
1505:Drivers/STM32WBxx_HAL_Driver/Src/stm32wbxx_hal_rcc.c **** }
ARM GAS  C:\Users\843E~1\AppData\Local\Temp\cc5PNIRY.s 			page 188


 3677              		.loc 1 1505 22 is_stmt 0 view .LVU1184
 3678 0002 FFF7FEFF 		bl	HAL_RCC_GetHCLKFreq
 3679              	.LVL303:
 3680              	.LBB444:
 3681              	.LBI444:
2321:Drivers/STM32WBxx_HAL_Driver/Inc/stm32wbxx_ll_rcc.h **** {
 3682              		.loc 2 2321 26 is_stmt 1 view .LVU1185
 3683              	.LBB445:
2323:Drivers/STM32WBxx_HAL_Driver/Inc/stm32wbxx_ll_rcc.h **** }
 3684              		.loc 2 2323 3 view .LVU1186
2323:Drivers/STM32WBxx_HAL_Driver/Inc/stm32wbxx_ll_rcc.h **** }
 3685              		.loc 2 2323 21 is_stmt 0 view .LVU1187
 3686 0006 4FF0B043 		mov	r3, #1476395008
 3687 000a 9B68     		ldr	r3, [r3, #8]
 3688              	.LBE445:
 3689              	.LBE444:
1505:Drivers/STM32WBxx_HAL_Driver/Src/stm32wbxx_hal_rcc.c **** }
 3690              		.loc 1 1505 22 view .LVU1188
 3691 000c C3F30223 		ubfx	r3, r3, #8, #3
 3692 0010 034A     		ldr	r2, .L256
 3693 0012 52F82330 		ldr	r3, [r2, r3, lsl #2]
 3694 0016 03F01F03 		and	r3, r3, #31
1506:Drivers/STM32WBxx_HAL_Driver/Src/stm32wbxx_hal_rcc.c **** 
 3695              		.loc 1 1506 1 view .LVU1189
 3696 001a D840     		lsrs	r0, r0, r3
 3697 001c 08BD     		pop	{r3, pc}
 3698              	.L257:
 3699 001e 00BF     		.align	2
 3700              	.L256:
 3701 0020 00000000 		.word	APBPrescTable
 3702              		.cfi_endproc
 3703              	.LFE958:
 3705              		.section	.text.HAL_RCC_GetPCLK2Freq,"ax",%progbits
 3706              		.align	1
 3707              		.global	HAL_RCC_GetPCLK2Freq
 3708              		.syntax unified
 3709              		.thumb
 3710              		.thumb_func
 3712              	HAL_RCC_GetPCLK2Freq:
 3713              	.LFB959:
1515:Drivers/STM32WBxx_HAL_Driver/Src/stm32wbxx_hal_rcc.c ****   /* Get HCLK source and Compute PCLK2 frequency ---------------------------*/
 3714              		.loc 1 1515 1 is_stmt 1 view -0
 3715              		.cfi_startproc
 3716              		@ args = 0, pretend = 0, frame = 0
 3717              		@ frame_needed = 0, uses_anonymous_args = 0
 3718 0000 08B5     		push	{r3, lr}
 3719              	.LCFI19:
 3720              		.cfi_def_cfa_offset 8
 3721              		.cfi_offset 3, -8
 3722              		.cfi_offset 14, -4
1517:Drivers/STM32WBxx_HAL_Driver/Src/stm32wbxx_hal_rcc.c **** }
 3723              		.loc 1 1517 3 view .LVU1191
1517:Drivers/STM32WBxx_HAL_Driver/Src/stm32wbxx_hal_rcc.c **** }
 3724              		.loc 1 1517 22 is_stmt 0 view .LVU1192
 3725 0002 FFF7FEFF 		bl	HAL_RCC_GetHCLKFreq
 3726              	.LVL304:
 3727              	.LBB446:
ARM GAS  C:\Users\843E~1\AppData\Local\Temp\cc5PNIRY.s 			page 189


 3728              	.LBI446:
2336:Drivers/STM32WBxx_HAL_Driver/Inc/stm32wbxx_ll_rcc.h **** {
 3729              		.loc 2 2336 26 is_stmt 1 view .LVU1193
 3730              	.LBB447:
2338:Drivers/STM32WBxx_HAL_Driver/Inc/stm32wbxx_ll_rcc.h **** }
 3731              		.loc 2 2338 3 view .LVU1194
2338:Drivers/STM32WBxx_HAL_Driver/Inc/stm32wbxx_ll_rcc.h **** }
 3732              		.loc 2 2338 21 is_stmt 0 view .LVU1195
 3733 0006 4FF0B043 		mov	r3, #1476395008
 3734 000a 9B68     		ldr	r3, [r3, #8]
 3735              	.LBE447:
 3736              	.LBE446:
1517:Drivers/STM32WBxx_HAL_Driver/Src/stm32wbxx_hal_rcc.c **** }
 3737              		.loc 1 1517 22 view .LVU1196
 3738 000c C3F3C223 		ubfx	r3, r3, #11, #3
 3739 0010 034A     		ldr	r2, .L260
 3740 0012 52F82330 		ldr	r3, [r2, r3, lsl #2]
 3741 0016 03F01F03 		and	r3, r3, #31
1518:Drivers/STM32WBxx_HAL_Driver/Src/stm32wbxx_hal_rcc.c **** 
 3742              		.loc 1 1518 1 view .LVU1197
 3743 001a D840     		lsrs	r0, r0, r3
 3744 001c 08BD     		pop	{r3, pc}
 3745              	.L261:
 3746 001e 00BF     		.align	2
 3747              	.L260:
 3748 0020 00000000 		.word	APBPrescTable
 3749              		.cfi_endproc
 3750              	.LFE959:
 3752              		.section	.text.HAL_RCC_GetOscConfig,"ax",%progbits
 3753              		.align	1
 3754              		.global	HAL_RCC_GetOscConfig
 3755              		.syntax unified
 3756              		.thumb
 3757              		.thumb_func
 3759              	HAL_RCC_GetOscConfig:
 3760              	.LVL305:
 3761              	.LFB960:
1528:Drivers/STM32WBxx_HAL_Driver/Src/stm32wbxx_hal_rcc.c ****   uint32_t regvalue;
 3762              		.loc 1 1528 1 is_stmt 1 view -0
 3763              		.cfi_startproc
 3764              		@ args = 0, pretend = 0, frame = 0
 3765              		@ frame_needed = 0, uses_anonymous_args = 0
 3766              		@ link register save eliminated.
1528:Drivers/STM32WBxx_HAL_Driver/Src/stm32wbxx_hal_rcc.c ****   uint32_t regvalue;
 3767              		.loc 1 1528 1 is_stmt 0 view .LVU1199
 3768 0000 30B4     		push	{r4, r5}
 3769              	.LCFI20:
 3770              		.cfi_def_cfa_offset 8
 3771              		.cfi_offset 4, -8
 3772              		.cfi_offset 5, -4
1529:Drivers/STM32WBxx_HAL_Driver/Src/stm32wbxx_hal_rcc.c ****   uint32_t regICSRvalue;
 3773              		.loc 1 1529 3 is_stmt 1 view .LVU1200
1530:Drivers/STM32WBxx_HAL_Driver/Src/stm32wbxx_hal_rcc.c ****   uint32_t regPLLCFGRvalue;
 3774              		.loc 1 1530 3 view .LVU1201
1531:Drivers/STM32WBxx_HAL_Driver/Src/stm32wbxx_hal_rcc.c **** 
 3775              		.loc 1 1531 3 view .LVU1202
1534:Drivers/STM32WBxx_HAL_Driver/Src/stm32wbxx_hal_rcc.c **** 
ARM GAS  C:\Users\843E~1\AppData\Local\Temp\cc5PNIRY.s 			page 190


 3776              		.loc 1 1534 3 view .LVU1203
1537:Drivers/STM32WBxx_HAL_Driver/Src/stm32wbxx_hal_rcc.c ****                                       RCC_OSCILLATORTYPE_LSE | RCC_OSCILLATORTYPE_LSI1 | RCC_OSCILL
 3777              		.loc 1 1537 3 view .LVU1204
1537:Drivers/STM32WBxx_HAL_Driver/Src/stm32wbxx_hal_rcc.c ****                                       RCC_OSCILLATORTYPE_LSE | RCC_OSCILLATORTYPE_LSI1 | RCC_OSCILL
 3778              		.loc 1 1537 37 is_stmt 0 view .LVU1205
 3779 0002 3F23     		movs	r3, #63
 3780 0004 0360     		str	r3, [r0]
1541:Drivers/STM32WBxx_HAL_Driver/Src/stm32wbxx_hal_rcc.c **** #endif /* RCC_HSI48_SUPPORT */
 3781              		.loc 1 1541 3 is_stmt 1 view .LVU1206
1541:Drivers/STM32WBxx_HAL_Driver/Src/stm32wbxx_hal_rcc.c **** #endif /* RCC_HSI48_SUPPORT */
 3782              		.loc 1 1541 37 is_stmt 0 view .LVU1207
 3783 0006 7F23     		movs	r3, #127
 3784 0008 0360     		str	r3, [r0]
1545:Drivers/STM32WBxx_HAL_Driver/Src/stm32wbxx_hal_rcc.c ****   regICSRvalue = RCC->ICSCR; /* Get Internal Clock Sources Calibration register */
 3785              		.loc 1 1545 3 is_stmt 1 view .LVU1208
1545:Drivers/STM32WBxx_HAL_Driver/Src/stm32wbxx_hal_rcc.c ****   regICSRvalue = RCC->ICSCR; /* Get Internal Clock Sources Calibration register */
 3786              		.loc 1 1545 12 is_stmt 0 view .LVU1209
 3787 000a 4FF0B041 		mov	r1, #1476395008
 3788 000e 0B68     		ldr	r3, [r1]
 3789              	.LVL306:
1546:Drivers/STM32WBxx_HAL_Driver/Src/stm32wbxx_hal_rcc.c ****   regPLLCFGRvalue = RCC->PLLCFGR; /* Get PLL Configuration register */
 3790              		.loc 1 1546 3 is_stmt 1 view .LVU1210
1546:Drivers/STM32WBxx_HAL_Driver/Src/stm32wbxx_hal_rcc.c ****   regPLLCFGRvalue = RCC->PLLCFGR; /* Get PLL Configuration register */
 3791              		.loc 1 1546 16 is_stmt 0 view .LVU1211
 3792 0010 4C68     		ldr	r4, [r1, #4]
 3793              	.LVL307:
1547:Drivers/STM32WBxx_HAL_Driver/Src/stm32wbxx_hal_rcc.c **** 
 3794              		.loc 1 1547 3 is_stmt 1 view .LVU1212
1547:Drivers/STM32WBxx_HAL_Driver/Src/stm32wbxx_hal_rcc.c **** 
 3795              		.loc 1 1547 19 is_stmt 0 view .LVU1213
 3796 0012 CA68     		ldr	r2, [r1, #12]
 3797              	.LVL308:
1550:Drivers/STM32WBxx_HAL_Driver/Src/stm32wbxx_hal_rcc.c **** 
 3798              		.loc 1 1550 3 is_stmt 1 view .LVU1214
1550:Drivers/STM32WBxx_HAL_Driver/Src/stm32wbxx_hal_rcc.c **** 
 3799              		.loc 1 1550 43 is_stmt 0 view .LVU1215
 3800 0014 03F48035 		and	r5, r3, #65536
1550:Drivers/STM32WBxx_HAL_Driver/Src/stm32wbxx_hal_rcc.c **** 
 3801              		.loc 1 1550 31 view .LVU1216
 3802 0018 4560     		str	r5, [r0, #4]
1553:Drivers/STM32WBxx_HAL_Driver/Src/stm32wbxx_hal_rcc.c ****   RCC_OscInitStruct->MSICalibrationValue = (regICSRvalue & RCC_ICSCR_MSITRIM) >> RCC_ICSCR_MSITRIM_
 3803              		.loc 1 1553 3 is_stmt 1 view .LVU1217
1553:Drivers/STM32WBxx_HAL_Driver/Src/stm32wbxx_hal_rcc.c ****   RCC_OscInitStruct->MSICalibrationValue = (regICSRvalue & RCC_ICSCR_MSITRIM) >> RCC_ICSCR_MSITRIM_
 3804              		.loc 1 1553 54 is_stmt 0 view .LVU1218
 3805 001a 03F00105 		and	r5, r3, #1
1553:Drivers/STM32WBxx_HAL_Driver/Src/stm32wbxx_hal_rcc.c ****   RCC_OscInitStruct->MSICalibrationValue = (regICSRvalue & RCC_ICSCR_MSITRIM) >> RCC_ICSCR_MSITRIM_
 3806              		.loc 1 1553 42 view .LVU1219
 3807 001e C561     		str	r5, [r0, #28]
1554:Drivers/STM32WBxx_HAL_Driver/Src/stm32wbxx_hal_rcc.c ****   RCC_OscInitStruct->MSIClockRange       = (regvalue & RCC_CR_MSIRANGE);
 3808              		.loc 1 1554 3 is_stmt 1 view .LVU1220
1554:Drivers/STM32WBxx_HAL_Driver/Src/stm32wbxx_hal_rcc.c ****   RCC_OscInitStruct->MSIClockRange       = (regvalue & RCC_CR_MSIRANGE);
 3809              		.loc 1 1554 79 is_stmt 0 view .LVU1221
 3810 0020 C4F30725 		ubfx	r5, r4, #8, #8
1554:Drivers/STM32WBxx_HAL_Driver/Src/stm32wbxx_hal_rcc.c ****   RCC_OscInitStruct->MSIClockRange       = (regvalue & RCC_CR_MSIRANGE);
 3811              		.loc 1 1554 42 view .LVU1222
 3812 0024 0562     		str	r5, [r0, #32]
1555:Drivers/STM32WBxx_HAL_Driver/Src/stm32wbxx_hal_rcc.c **** 
ARM GAS  C:\Users\843E~1\AppData\Local\Temp\cc5PNIRY.s 			page 191


 3813              		.loc 1 1555 3 is_stmt 1 view .LVU1223
1555:Drivers/STM32WBxx_HAL_Driver/Src/stm32wbxx_hal_rcc.c **** 
 3814              		.loc 1 1555 54 is_stmt 0 view .LVU1224
 3815 0026 03F0F005 		and	r5, r3, #240
1555:Drivers/STM32WBxx_HAL_Driver/Src/stm32wbxx_hal_rcc.c **** 
 3816              		.loc 1 1555 42 view .LVU1225
 3817 002a 4562     		str	r5, [r0, #36]
1558:Drivers/STM32WBxx_HAL_Driver/Src/stm32wbxx_hal_rcc.c ****   RCC_OscInitStruct->HSICalibrationValue = ((regICSRvalue & RCC_ICSCR_HSITRIM) >> RCC_ICSCR_HSITRIM
 3818              		.loc 1 1558 3 is_stmt 1 view .LVU1226
1558:Drivers/STM32WBxx_HAL_Driver/Src/stm32wbxx_hal_rcc.c ****   RCC_OscInitStruct->HSICalibrationValue = ((regICSRvalue & RCC_ICSCR_HSITRIM) >> RCC_ICSCR_HSITRIM
 3819              		.loc 1 1558 54 is_stmt 0 view .LVU1227
 3820 002c 03F48075 		and	r5, r3, #256
1558:Drivers/STM32WBxx_HAL_Driver/Src/stm32wbxx_hal_rcc.c ****   RCC_OscInitStruct->HSICalibrationValue = ((regICSRvalue & RCC_ICSCR_HSITRIM) >> RCC_ICSCR_HSITRIM
 3821              		.loc 1 1558 42 view .LVU1228
 3822 0030 C560     		str	r5, [r0, #12]
1559:Drivers/STM32WBxx_HAL_Driver/Src/stm32wbxx_hal_rcc.c **** 
 3823              		.loc 1 1559 3 is_stmt 1 view .LVU1229
1559:Drivers/STM32WBxx_HAL_Driver/Src/stm32wbxx_hal_rcc.c **** 
 3824              		.loc 1 1559 80 is_stmt 0 view .LVU1230
 3825 0032 C4F30664 		ubfx	r4, r4, #24, #7
 3826              	.LVL309:
1559:Drivers/STM32WBxx_HAL_Driver/Src/stm32wbxx_hal_rcc.c **** 
 3827              		.loc 1 1559 42 view .LVU1231
 3828 0036 0461     		str	r4, [r0, #16]
1562:Drivers/STM32WBxx_HAL_Driver/Src/stm32wbxx_hal_rcc.c ****   RCC_OscInitStruct->PLL.PLLSource = (regPLLCFGRvalue & RCC_PLLCFGR_PLLSRC);
 3829              		.loc 1 1562 3 is_stmt 1 view .LVU1232
1562:Drivers/STM32WBxx_HAL_Driver/Src/stm32wbxx_hal_rcc.c ****   RCC_OscInitStruct->PLL.PLLSource = (regPLLCFGRvalue & RCC_PLLCFGR_PLLSRC);
 3830              		.loc 1 1562 65 is_stmt 0 view .LVU1233
 3831 0038 C3F30063 		ubfx	r3, r3, #24, #1
 3832              	.LVL310:
1562:Drivers/STM32WBxx_HAL_Driver/Src/stm32wbxx_hal_rcc.c ****   RCC_OscInitStruct->PLL.PLLSource = (regPLLCFGRvalue & RCC_PLLCFGR_PLLSRC);
 3833              		.loc 1 1562 86 view .LVU1234
 3834 003c 0133     		adds	r3, r3, #1
1562:Drivers/STM32WBxx_HAL_Driver/Src/stm32wbxx_hal_rcc.c ****   RCC_OscInitStruct->PLL.PLLSource = (regPLLCFGRvalue & RCC_PLLCFGR_PLLSRC);
 3835              		.loc 1 1562 36 view .LVU1235
 3836 003e C362     		str	r3, [r0, #44]
1563:Drivers/STM32WBxx_HAL_Driver/Src/stm32wbxx_hal_rcc.c ****   RCC_OscInitStruct->PLL.PLLM      = (regPLLCFGRvalue & RCC_PLLCFGR_PLLM);
 3837              		.loc 1 1563 3 is_stmt 1 view .LVU1236
1563:Drivers/STM32WBxx_HAL_Driver/Src/stm32wbxx_hal_rcc.c ****   RCC_OscInitStruct->PLL.PLLM      = (regPLLCFGRvalue & RCC_PLLCFGR_PLLM);
 3838              		.loc 1 1563 55 is_stmt 0 view .LVU1237
 3839 0040 02F00303 		and	r3, r2, #3
1563:Drivers/STM32WBxx_HAL_Driver/Src/stm32wbxx_hal_rcc.c ****   RCC_OscInitStruct->PLL.PLLM      = (regPLLCFGRvalue & RCC_PLLCFGR_PLLM);
 3840              		.loc 1 1563 36 view .LVU1238
 3841 0044 0363     		str	r3, [r0, #48]
1564:Drivers/STM32WBxx_HAL_Driver/Src/stm32wbxx_hal_rcc.c ****   RCC_OscInitStruct->PLL.PLLN      = ((regPLLCFGRvalue & RCC_PLLCFGR_PLLN) >> RCC_PLLCFGR_PLLN_Pos)
 3842              		.loc 1 1564 3 is_stmt 1 view .LVU1239
1564:Drivers/STM32WBxx_HAL_Driver/Src/stm32wbxx_hal_rcc.c ****   RCC_OscInitStruct->PLL.PLLN      = ((regPLLCFGRvalue & RCC_PLLCFGR_PLLN) >> RCC_PLLCFGR_PLLN_Pos)
 3843              		.loc 1 1564 55 is_stmt 0 view .LVU1240
 3844 0046 02F07003 		and	r3, r2, #112
1564:Drivers/STM32WBxx_HAL_Driver/Src/stm32wbxx_hal_rcc.c ****   RCC_OscInitStruct->PLL.PLLN      = ((regPLLCFGRvalue & RCC_PLLCFGR_PLLN) >> RCC_PLLCFGR_PLLN_Pos)
 3845              		.loc 1 1564 36 view .LVU1241
 3846 004a 4363     		str	r3, [r0, #52]
1565:Drivers/STM32WBxx_HAL_Driver/Src/stm32wbxx_hal_rcc.c ****   RCC_OscInitStruct->PLL.PLLP      = (regPLLCFGRvalue & RCC_PLLCFGR_PLLP);
 3847              		.loc 1 1565 3 is_stmt 1 view .LVU1242
1565:Drivers/STM32WBxx_HAL_Driver/Src/stm32wbxx_hal_rcc.c ****   RCC_OscInitStruct->PLL.PLLP      = (regPLLCFGRvalue & RCC_PLLCFGR_PLLP);
 3848              		.loc 1 1565 76 is_stmt 0 view .LVU1243
 3849 004c C2F30623 		ubfx	r3, r2, #8, #7
ARM GAS  C:\Users\843E~1\AppData\Local\Temp\cc5PNIRY.s 			page 192


1565:Drivers/STM32WBxx_HAL_Driver/Src/stm32wbxx_hal_rcc.c ****   RCC_OscInitStruct->PLL.PLLP      = (regPLLCFGRvalue & RCC_PLLCFGR_PLLP);
 3850              		.loc 1 1565 36 view .LVU1244
 3851 0050 8363     		str	r3, [r0, #56]
1566:Drivers/STM32WBxx_HAL_Driver/Src/stm32wbxx_hal_rcc.c ****   RCC_OscInitStruct->PLL.PLLQ      = (regPLLCFGRvalue & RCC_PLLCFGR_PLLQ);
 3852              		.loc 1 1566 3 is_stmt 1 view .LVU1245
1566:Drivers/STM32WBxx_HAL_Driver/Src/stm32wbxx_hal_rcc.c ****   RCC_OscInitStruct->PLL.PLLQ      = (regPLLCFGRvalue & RCC_PLLCFGR_PLLQ);
 3853              		.loc 1 1566 55 is_stmt 0 view .LVU1246
 3854 0052 02F47813 		and	r3, r2, #4063232
1566:Drivers/STM32WBxx_HAL_Driver/Src/stm32wbxx_hal_rcc.c ****   RCC_OscInitStruct->PLL.PLLQ      = (regPLLCFGRvalue & RCC_PLLCFGR_PLLQ);
 3855              		.loc 1 1566 36 view .LVU1247
 3856 0056 C363     		str	r3, [r0, #60]
1567:Drivers/STM32WBxx_HAL_Driver/Src/stm32wbxx_hal_rcc.c ****   RCC_OscInitStruct->PLL.PLLR      = (regPLLCFGRvalue & RCC_PLLCFGR_PLLR);
 3857              		.loc 1 1567 3 is_stmt 1 view .LVU1248
1567:Drivers/STM32WBxx_HAL_Driver/Src/stm32wbxx_hal_rcc.c ****   RCC_OscInitStruct->PLL.PLLR      = (regPLLCFGRvalue & RCC_PLLCFGR_PLLR);
 3858              		.loc 1 1567 55 is_stmt 0 view .LVU1249
 3859 0058 02F06063 		and	r3, r2, #234881024
1567:Drivers/STM32WBxx_HAL_Driver/Src/stm32wbxx_hal_rcc.c ****   RCC_OscInitStruct->PLL.PLLR      = (regPLLCFGRvalue & RCC_PLLCFGR_PLLR);
 3860              		.loc 1 1567 36 view .LVU1250
 3861 005c 0364     		str	r3, [r0, #64]
1568:Drivers/STM32WBxx_HAL_Driver/Src/stm32wbxx_hal_rcc.c **** 
 3862              		.loc 1 1568 3 is_stmt 1 view .LVU1251
1568:Drivers/STM32WBxx_HAL_Driver/Src/stm32wbxx_hal_rcc.c **** 
 3863              		.loc 1 1568 55 is_stmt 0 view .LVU1252
 3864 005e 02F06042 		and	r2, r2, #-536870912
 3865              	.LVL311:
1568:Drivers/STM32WBxx_HAL_Driver/Src/stm32wbxx_hal_rcc.c **** 
 3866              		.loc 1 1568 36 view .LVU1253
 3867 0062 4264     		str	r2, [r0, #68]
1571:Drivers/STM32WBxx_HAL_Driver/Src/stm32wbxx_hal_rcc.c **** 
 3868              		.loc 1 1571 3 is_stmt 1 view .LVU1254
1571:Drivers/STM32WBxx_HAL_Driver/Src/stm32wbxx_hal_rcc.c **** 
 3869              		.loc 1 1571 12 is_stmt 0 view .LVU1255
 3870 0064 D1F89030 		ldr	r3, [r1, #144]
 3871              	.LVL312:
1574:Drivers/STM32WBxx_HAL_Driver/Src/stm32wbxx_hal_rcc.c **** 
 3872              		.loc 1 1574 3 is_stmt 1 view .LVU1256
1574:Drivers/STM32WBxx_HAL_Driver/Src/stm32wbxx_hal_rcc.c **** 
 3873              		.loc 1 1574 43 is_stmt 0 view .LVU1257
 3874 0068 03F00503 		and	r3, r3, #5
 3875              	.LVL313:
1574:Drivers/STM32WBxx_HAL_Driver/Src/stm32wbxx_hal_rcc.c **** 
 3876              		.loc 1 1574 31 view .LVU1258
 3877 006c 8360     		str	r3, [r0, #8]
1577:Drivers/STM32WBxx_HAL_Driver/Src/stm32wbxx_hal_rcc.c **** 
 3878              		.loc 1 1577 3 is_stmt 1 view .LVU1259
1577:Drivers/STM32WBxx_HAL_Driver/Src/stm32wbxx_hal_rcc.c **** 
 3879              		.loc 1 1577 12 is_stmt 0 view .LVU1260
 3880 006e D1F89430 		ldr	r3, [r1, #148]
 3881              	.LVL314:
1580:Drivers/STM32WBxx_HAL_Driver/Src/stm32wbxx_hal_rcc.c **** 
 3882              		.loc 1 1580 3 is_stmt 1 view .LVU1261
1580:Drivers/STM32WBxx_HAL_Driver/Src/stm32wbxx_hal_rcc.c **** 
 3883              		.loc 1 1580 77 is_stmt 0 view .LVU1262
 3884 0072 13F00503 		ands	r3, r3, #5
 3885              	.LVL315:
1580:Drivers/STM32WBxx_HAL_Driver/Src/stm32wbxx_hal_rcc.c **** 
 3886              		.loc 1 1580 77 view .LVU1263
ARM GAS  C:\Users\843E~1\AppData\Local\Temp\cc5PNIRY.s 			page 193


 3887 0076 00D0     		beq	.L263
 3888 0078 0523     		movs	r3, #5
 3889              	.L263:
1580:Drivers/STM32WBxx_HAL_Driver/Src/stm32wbxx_hal_rcc.c **** 
 3890              		.loc 1 1580 31 discriminator 4 view .LVU1264
 3891 007a 4361     		str	r3, [r0, #20]
1584:Drivers/STM32WBxx_HAL_Driver/Src/stm32wbxx_hal_rcc.c **** 
 3892              		.loc 1 1584 3 is_stmt 1 discriminator 4 view .LVU1265
1584:Drivers/STM32WBxx_HAL_Driver/Src/stm32wbxx_hal_rcc.c **** 
 3893              		.loc 1 1584 12 is_stmt 0 discriminator 4 view .LVU1266
 3894 007c 4FF0B043 		mov	r3, #1476395008
 3895 0080 D3F89830 		ldr	r3, [r3, #152]
 3896              	.LVL316:
1587:Drivers/STM32WBxx_HAL_Driver/Src/stm32wbxx_hal_rcc.c **** #endif /* RCC_HSI48_SUPPORT */
 3897              		.loc 1 1587 3 is_stmt 1 discriminator 4 view .LVU1267
1587:Drivers/STM32WBxx_HAL_Driver/Src/stm32wbxx_hal_rcc.c **** #endif /* RCC_HSI48_SUPPORT */
 3898              		.loc 1 1587 45 is_stmt 0 discriminator 4 view .LVU1268
 3899 0084 03F00103 		and	r3, r3, #1
 3900              	.LVL317:
1587:Drivers/STM32WBxx_HAL_Driver/Src/stm32wbxx_hal_rcc.c **** #endif /* RCC_HSI48_SUPPORT */
 3901              		.loc 1 1587 33 discriminator 4 view .LVU1269
 3902 0088 8362     		str	r3, [r0, #40]
1590:Drivers/STM32WBxx_HAL_Driver/Src/stm32wbxx_hal_rcc.c **** 
 3903              		.loc 1 1590 1 discriminator 4 view .LVU1270
 3904 008a 30BC     		pop	{r4, r5}
 3905              	.LCFI21:
 3906              		.cfi_restore 5
 3907              		.cfi_restore 4
 3908              		.cfi_def_cfa_offset 0
 3909 008c 7047     		bx	lr
 3910              		.cfi_endproc
 3911              	.LFE960:
 3913              		.section	.text.HAL_RCC_GetClockConfig,"ax",%progbits
 3914              		.align	1
 3915              		.global	HAL_RCC_GetClockConfig
 3916              		.syntax unified
 3917              		.thumb
 3918              		.thumb_func
 3920              	HAL_RCC_GetClockConfig:
 3921              	.LVL318:
 3922              	.LFB961:
1601:Drivers/STM32WBxx_HAL_Driver/Src/stm32wbxx_hal_rcc.c ****   /* Check the parameters */
 3923              		.loc 1 1601 1 is_stmt 1 view -0
 3924              		.cfi_startproc
 3925              		@ args = 0, pretend = 0, frame = 0
 3926              		@ frame_needed = 0, uses_anonymous_args = 0
 3927              		@ link register save eliminated.
1603:Drivers/STM32WBxx_HAL_Driver/Src/stm32wbxx_hal_rcc.c ****   assert_param(pFLatency != (void *)NULL);
 3928              		.loc 1 1603 3 view .LVU1272
1604:Drivers/STM32WBxx_HAL_Driver/Src/stm32wbxx_hal_rcc.c **** 
 3929              		.loc 1 1604 3 view .LVU1273
1607:Drivers/STM32WBxx_HAL_Driver/Src/stm32wbxx_hal_rcc.c ****                                   RCC_CLOCKTYPE_PCLK2 | RCC_CLOCKTYPE_HCLK2 | RCC_CLOCKTYPE_HCLK4);
 3930              		.loc 1 1607 3 view .LVU1274
1607:Drivers/STM32WBxx_HAL_Driver/Src/stm32wbxx_hal_rcc.c ****                                   RCC_CLOCKTYPE_PCLK2 | RCC_CLOCKTYPE_HCLK2 | RCC_CLOCKTYPE_HCLK4);
 3931              		.loc 1 1607 32 is_stmt 0 view .LVU1275
 3932 0000 6F23     		movs	r3, #111
 3933 0002 0360     		str	r3, [r0]
ARM GAS  C:\Users\843E~1\AppData\Local\Temp\cc5PNIRY.s 			page 194


1611:Drivers/STM32WBxx_HAL_Driver/Src/stm32wbxx_hal_rcc.c **** 
 3934              		.loc 1 1611 3 is_stmt 1 view .LVU1276
 3935              	.LBB448:
 3936              	.LBI448:
2072:Drivers/STM32WBxx_HAL_Driver/Inc/stm32wbxx_ll_rcc.h **** {
 3937              		.loc 2 2072 26 view .LVU1277
 3938              	.LBB449:
2074:Drivers/STM32WBxx_HAL_Driver/Inc/stm32wbxx_ll_rcc.h **** }
 3939              		.loc 2 2074 3 view .LVU1278
2074:Drivers/STM32WBxx_HAL_Driver/Inc/stm32wbxx_ll_rcc.h **** }
 3940              		.loc 2 2074 21 is_stmt 0 view .LVU1279
 3941 0004 4FF0B043 		mov	r3, #1476395008
 3942 0008 9A68     		ldr	r2, [r3, #8]
2074:Drivers/STM32WBxx_HAL_Driver/Inc/stm32wbxx_ll_rcc.h **** }
 3943              		.loc 2 2074 10 view .LVU1280
 3944 000a 02F00C02 		and	r2, r2, #12
 3945              	.LBE449:
 3946              	.LBE448:
1611:Drivers/STM32WBxx_HAL_Driver/Src/stm32wbxx_hal_rcc.c **** 
 3947              		.loc 1 1611 35 view .LVU1281
 3948 000e 4260     		str	r2, [r0, #4]
1614:Drivers/STM32WBxx_HAL_Driver/Src/stm32wbxx_hal_rcc.c **** 
 3949              		.loc 1 1614 3 is_stmt 1 view .LVU1282
 3950              	.LBB450:
 3951              	.LBI450:
2258:Drivers/STM32WBxx_HAL_Driver/Inc/stm32wbxx_ll_rcc.h **** {
 3952              		.loc 2 2258 26 view .LVU1283
 3953              	.LBB451:
2260:Drivers/STM32WBxx_HAL_Driver/Inc/stm32wbxx_ll_rcc.h **** }
 3954              		.loc 2 2260 3 view .LVU1284
2260:Drivers/STM32WBxx_HAL_Driver/Inc/stm32wbxx_ll_rcc.h **** }
 3955              		.loc 2 2260 21 is_stmt 0 view .LVU1285
 3956 0010 9A68     		ldr	r2, [r3, #8]
2260:Drivers/STM32WBxx_HAL_Driver/Inc/stm32wbxx_ll_rcc.h **** }
 3957              		.loc 2 2260 10 view .LVU1286
 3958 0012 02F0F002 		and	r2, r2, #240
 3959              	.LBE451:
 3960              	.LBE450:
1614:Drivers/STM32WBxx_HAL_Driver/Src/stm32wbxx_hal_rcc.c **** 
 3961              		.loc 1 1614 36 view .LVU1287
 3962 0016 8260     		str	r2, [r0, #8]
1617:Drivers/STM32WBxx_HAL_Driver/Src/stm32wbxx_hal_rcc.c **** 
 3963              		.loc 1 1617 3 is_stmt 1 view .LVU1288
 3964              	.LBB452:
 3965              	.LBI452:
2321:Drivers/STM32WBxx_HAL_Driver/Inc/stm32wbxx_ll_rcc.h **** {
 3966              		.loc 2 2321 26 view .LVU1289
 3967              	.LBB453:
2323:Drivers/STM32WBxx_HAL_Driver/Inc/stm32wbxx_ll_rcc.h **** }
 3968              		.loc 2 2323 3 view .LVU1290
2323:Drivers/STM32WBxx_HAL_Driver/Inc/stm32wbxx_ll_rcc.h **** }
 3969              		.loc 2 2323 21 is_stmt 0 view .LVU1291
 3970 0018 9A68     		ldr	r2, [r3, #8]
2323:Drivers/STM32WBxx_HAL_Driver/Inc/stm32wbxx_ll_rcc.h **** }
 3971              		.loc 2 2323 10 view .LVU1292
 3972 001a 02F4E062 		and	r2, r2, #1792
 3973              	.LBE453:
ARM GAS  C:\Users\843E~1\AppData\Local\Temp\cc5PNIRY.s 			page 195


 3974              	.LBE452:
1617:Drivers/STM32WBxx_HAL_Driver/Src/stm32wbxx_hal_rcc.c **** 
 3975              		.loc 1 1617 37 view .LVU1293
 3976 001e C260     		str	r2, [r0, #12]
1620:Drivers/STM32WBxx_HAL_Driver/Src/stm32wbxx_hal_rcc.c **** 
 3977              		.loc 1 1620 3 is_stmt 1 view .LVU1294
 3978              	.LBB454:
 3979              	.LBI454:
2336:Drivers/STM32WBxx_HAL_Driver/Inc/stm32wbxx_ll_rcc.h **** {
 3980              		.loc 2 2336 26 view .LVU1295
 3981              	.LBB455:
2338:Drivers/STM32WBxx_HAL_Driver/Inc/stm32wbxx_ll_rcc.h **** }
 3982              		.loc 2 2338 3 view .LVU1296
2338:Drivers/STM32WBxx_HAL_Driver/Inc/stm32wbxx_ll_rcc.h **** }
 3983              		.loc 2 2338 21 is_stmt 0 view .LVU1297
 3984 0020 9A68     		ldr	r2, [r3, #8]
2338:Drivers/STM32WBxx_HAL_Driver/Inc/stm32wbxx_ll_rcc.h **** }
 3985              		.loc 2 2338 10 view .LVU1298
 3986 0022 02F46052 		and	r2, r2, #14336
 3987              	.LBE455:
 3988              	.LBE454:
1620:Drivers/STM32WBxx_HAL_Driver/Src/stm32wbxx_hal_rcc.c **** 
 3989              		.loc 1 1620 37 view .LVU1299
 3990 0026 0261     		str	r2, [r0, #16]
1623:Drivers/STM32WBxx_HAL_Driver/Src/stm32wbxx_hal_rcc.c **** 
 3991              		.loc 1 1623 3 is_stmt 1 view .LVU1300
 3992              	.LBB456:
 3993              	.LBI456:
2282:Drivers/STM32WBxx_HAL_Driver/Inc/stm32wbxx_ll_rcc.h **** {
 3994              		.loc 2 2282 26 view .LVU1301
 3995              	.LBB457:
2284:Drivers/STM32WBxx_HAL_Driver/Inc/stm32wbxx_ll_rcc.h **** }
 3996              		.loc 2 2284 3 view .LVU1302
2284:Drivers/STM32WBxx_HAL_Driver/Inc/stm32wbxx_ll_rcc.h **** }
 3997              		.loc 2 2284 21 is_stmt 0 view .LVU1303
 3998 0028 D3F80821 		ldr	r2, [r3, #264]
2284:Drivers/STM32WBxx_HAL_Driver/Inc/stm32wbxx_ll_rcc.h **** }
 3999              		.loc 2 2284 10 view .LVU1304
 4000 002c 02F0F002 		and	r2, r2, #240
 4001              	.LBE457:
 4002              	.LBE456:
1623:Drivers/STM32WBxx_HAL_Driver/Src/stm32wbxx_hal_rcc.c **** 
 4003              		.loc 1 1623 37 view .LVU1305
 4004 0030 4261     		str	r2, [r0, #20]
1626:Drivers/STM32WBxx_HAL_Driver/Src/stm32wbxx_hal_rcc.c **** 
 4005              		.loc 1 1626 3 is_stmt 1 view .LVU1306
 4006              	.LBB458:
 4007              	.LBI458:
2306:Drivers/STM32WBxx_HAL_Driver/Inc/stm32wbxx_ll_rcc.h **** {
 4008              		.loc 2 2306 26 view .LVU1307
 4009              	.LBB459:
2308:Drivers/STM32WBxx_HAL_Driver/Inc/stm32wbxx_ll_rcc.h **** }
 4010              		.loc 2 2308 3 view .LVU1308
2308:Drivers/STM32WBxx_HAL_Driver/Inc/stm32wbxx_ll_rcc.h **** }
 4011              		.loc 2 2308 21 is_stmt 0 view .LVU1309
 4012 0032 D3F80831 		ldr	r3, [r3, #264]
2308:Drivers/STM32WBxx_HAL_Driver/Inc/stm32wbxx_ll_rcc.h **** }
ARM GAS  C:\Users\843E~1\AppData\Local\Temp\cc5PNIRY.s 			page 196


 4013              		.loc 2 2308 10 view .LVU1310
 4014 0036 1B01     		lsls	r3, r3, #4
 4015 0038 DBB2     		uxtb	r3, r3
 4016              	.LBE459:
 4017              	.LBE458:
1626:Drivers/STM32WBxx_HAL_Driver/Src/stm32wbxx_hal_rcc.c **** 
 4018              		.loc 1 1626 37 view .LVU1311
 4019 003a 8361     		str	r3, [r0, #24]
1629:Drivers/STM32WBxx_HAL_Driver/Src/stm32wbxx_hal_rcc.c **** }
 4020              		.loc 1 1629 3 is_stmt 1 view .LVU1312
1629:Drivers/STM32WBxx_HAL_Driver/Src/stm32wbxx_hal_rcc.c **** }
 4021              		.loc 1 1629 16 is_stmt 0 view .LVU1313
 4022 003c 024B     		ldr	r3, .L266
 4023 003e 1B68     		ldr	r3, [r3]
 4024 0040 03F00703 		and	r3, r3, #7
1629:Drivers/STM32WBxx_HAL_Driver/Src/stm32wbxx_hal_rcc.c **** }
 4025              		.loc 1 1629 14 view .LVU1314
 4026 0044 0B60     		str	r3, [r1]
1630:Drivers/STM32WBxx_HAL_Driver/Src/stm32wbxx_hal_rcc.c **** 
 4027              		.loc 1 1630 1 view .LVU1315
 4028 0046 7047     		bx	lr
 4029              	.L267:
 4030              		.align	2
 4031              	.L266:
 4032 0048 00400058 		.word	1476411392
 4033              		.cfi_endproc
 4034              	.LFE961:
 4036              		.section	.text.HAL_RCC_EnableCSS,"ax",%progbits
 4037              		.align	1
 4038              		.global	HAL_RCC_EnableCSS
 4039              		.syntax unified
 4040              		.thumb
 4041              		.thumb_func
 4043              	HAL_RCC_EnableCSS:
 4044              	.LFB962:
1643:Drivers/STM32WBxx_HAL_Driver/Src/stm32wbxx_hal_rcc.c ****   LL_RCC_HSE_EnableCSS();
 4045              		.loc 1 1643 1 is_stmt 1 view -0
 4046              		.cfi_startproc
 4047              		@ args = 0, pretend = 0, frame = 0
 4048              		@ frame_needed = 0, uses_anonymous_args = 0
 4049              		@ link register save eliminated.
1644:Drivers/STM32WBxx_HAL_Driver/Src/stm32wbxx_hal_rcc.c **** }
 4050              		.loc 1 1644 3 view .LVU1317
 4051              	.LBB460:
 4052              	.LBI460:
1308:Drivers/STM32WBxx_HAL_Driver/Inc/stm32wbxx_ll_rcc.h **** {
 4053              		.loc 2 1308 22 view .LVU1318
 4054              	.LBB461:
1310:Drivers/STM32WBxx_HAL_Driver/Inc/stm32wbxx_ll_rcc.h **** }
 4055              		.loc 2 1310 3 view .LVU1319
 4056 0000 4FF0B042 		mov	r2, #1476395008
 4057 0004 1368     		ldr	r3, [r2]
 4058 0006 43F40023 		orr	r3, r3, #524288
 4059 000a 1360     		str	r3, [r2]
 4060              	.LBE461:
 4061              	.LBE460:
1645:Drivers/STM32WBxx_HAL_Driver/Src/stm32wbxx_hal_rcc.c **** 
ARM GAS  C:\Users\843E~1\AppData\Local\Temp\cc5PNIRY.s 			page 197


 4062              		.loc 1 1645 1 is_stmt 0 view .LVU1320
 4063 000c 7047     		bx	lr
 4064              		.cfi_endproc
 4065              	.LFE962:
 4067              		.section	.text.HAL_RCC_CSSCallback,"ax",%progbits
 4068              		.align	1
 4069              		.weak	HAL_RCC_CSSCallback
 4070              		.syntax unified
 4071              		.thumb
 4072              		.thumb_func
 4074              	HAL_RCC_CSSCallback:
 4075              	.LFB964:
1670:Drivers/STM32WBxx_HAL_Driver/Src/stm32wbxx_hal_rcc.c ****   /* NOTE : This function should not be modified, when the callback is needed,
 4076              		.loc 1 1670 1 is_stmt 1 view -0
 4077              		.cfi_startproc
 4078              		@ args = 0, pretend = 0, frame = 0
 4079              		@ frame_needed = 0, uses_anonymous_args = 0
 4080              		@ link register save eliminated.
1674:Drivers/STM32WBxx_HAL_Driver/Src/stm32wbxx_hal_rcc.c **** 
 4081              		.loc 1 1674 1 view .LVU1322
 4082 0000 7047     		bx	lr
 4083              		.cfi_endproc
 4084              	.LFE964:
 4086              		.section	.text.HAL_RCC_NMI_IRQHandler,"ax",%progbits
 4087              		.align	1
 4088              		.global	HAL_RCC_NMI_IRQHandler
 4089              		.syntax unified
 4090              		.thumb
 4091              		.thumb_func
 4093              	HAL_RCC_NMI_IRQHandler:
 4094              	.LFB963:
1653:Drivers/STM32WBxx_HAL_Driver/Src/stm32wbxx_hal_rcc.c ****   /* Check RCC CSSF interrupt flag  */
 4095              		.loc 1 1653 1 view -0
 4096              		.cfi_startproc
 4097              		@ args = 0, pretend = 0, frame = 0
 4098              		@ frame_needed = 0, uses_anonymous_args = 0
 4099 0000 08B5     		push	{r3, lr}
 4100              	.LCFI22:
 4101              		.cfi_def_cfa_offset 8
 4102              		.cfi_offset 3, -8
 4103              		.cfi_offset 14, -4
1655:Drivers/STM32WBxx_HAL_Driver/Src/stm32wbxx_hal_rcc.c ****   {
 4104              		.loc 1 1655 3 view .LVU1324
1655:Drivers/STM32WBxx_HAL_Driver/Src/stm32wbxx_hal_rcc.c ****   {
 4105              		.loc 1 1655 7 is_stmt 0 view .LVU1325
 4106 0002 4FF0B043 		mov	r3, #1476395008
 4107 0006 DB69     		ldr	r3, [r3, #28]
1655:Drivers/STM32WBxx_HAL_Driver/Src/stm32wbxx_hal_rcc.c ****   {
 4108              		.loc 1 1655 6 view .LVU1326
 4109 0008 13F4807F 		tst	r3, #256
 4110 000c 00D1     		bne	.L273
 4111              	.L270:
1663:Drivers/STM32WBxx_HAL_Driver/Src/stm32wbxx_hal_rcc.c **** 
 4112              		.loc 1 1663 1 view .LVU1327
 4113 000e 08BD     		pop	{r3, pc}
 4114              	.L273:
1658:Drivers/STM32WBxx_HAL_Driver/Src/stm32wbxx_hal_rcc.c **** 
ARM GAS  C:\Users\843E~1\AppData\Local\Temp\cc5PNIRY.s 			page 198


 4115              		.loc 1 1658 5 is_stmt 1 view .LVU1328
 4116 0010 FFF7FEFF 		bl	HAL_RCC_CSSCallback
 4117              	.LVL319:
1661:Drivers/STM32WBxx_HAL_Driver/Src/stm32wbxx_hal_rcc.c ****   }
 4118              		.loc 1 1661 5 view .LVU1329
 4119 0014 4FF0B043 		mov	r3, #1476395008
 4120 0018 4FF48072 		mov	r2, #256
 4121 001c 1A62     		str	r2, [r3, #32]
1663:Drivers/STM32WBxx_HAL_Driver/Src/stm32wbxx_hal_rcc.c **** 
 4122              		.loc 1 1663 1 is_stmt 0 view .LVU1330
 4123 001e F6E7     		b	.L270
 4124              		.cfi_endproc
 4125              	.LFE963:
 4127              		.section	.text.HAL_RCC_GetResetSource,"ax",%progbits
 4128              		.align	1
 4129              		.global	HAL_RCC_GetResetSource
 4130              		.syntax unified
 4131              		.thumb
 4132              		.thumb_func
 4134              	HAL_RCC_GetResetSource:
 4135              	.LFB965:
1684:Drivers/STM32WBxx_HAL_Driver/Src/stm32wbxx_hal_rcc.c ****   uint32_t reset;
 4136              		.loc 1 1684 1 is_stmt 1 view -0
 4137              		.cfi_startproc
 4138              		@ args = 0, pretend = 0, frame = 0
 4139              		@ frame_needed = 0, uses_anonymous_args = 0
 4140              		@ link register save eliminated.
1685:Drivers/STM32WBxx_HAL_Driver/Src/stm32wbxx_hal_rcc.c **** 
 4141              		.loc 1 1685 3 view .LVU1332
1688:Drivers/STM32WBxx_HAL_Driver/Src/stm32wbxx_hal_rcc.c **** 
 4142              		.loc 1 1688 3 view .LVU1333
1688:Drivers/STM32WBxx_HAL_Driver/Src/stm32wbxx_hal_rcc.c **** 
 4143              		.loc 1 1688 14 is_stmt 0 view .LVU1334
 4144 0000 4FF0B043 		mov	r3, #1476395008
 4145 0004 D3F89400 		ldr	r0, [r3, #148]
 4146              	.LVL320:
1691:Drivers/STM32WBxx_HAL_Driver/Src/stm32wbxx_hal_rcc.c **** 
 4147              		.loc 1 1691 3 is_stmt 1 view .LVU1335
1691:Drivers/STM32WBxx_HAL_Driver/Src/stm32wbxx_hal_rcc.c **** 
 4148              		.loc 1 1691 12 is_stmt 0 view .LVU1336
 4149 0008 D3F89420 		ldr	r2, [r3, #148]
 4150 000c 42F40002 		orr	r2, r2, #8388608
 4151 0010 C3F89420 		str	r2, [r3, #148]
1693:Drivers/STM32WBxx_HAL_Driver/Src/stm32wbxx_hal_rcc.c **** }
 4152              		.loc 1 1693 3 is_stmt 1 view .LVU1337
1694:Drivers/STM32WBxx_HAL_Driver/Src/stm32wbxx_hal_rcc.c **** 
 4153              		.loc 1 1694 1 is_stmt 0 view .LVU1338
 4154 0014 00F07E40 		and	r0, r0, #-33554432
 4155              	.LVL321:
1694:Drivers/STM32WBxx_HAL_Driver/Src/stm32wbxx_hal_rcc.c **** 
 4156              		.loc 1 1694 1 view .LVU1339
 4157 0018 7047     		bx	lr
 4158              		.cfi_endproc
 4159              	.LFE965:
 4161              		.section	.rodata
 4162              		.align	2
 4163              		.set	.LANCHOR0,. + 0
ARM GAS  C:\Users\843E~1\AppData\Local\Temp\cc5PNIRY.s 			page 199


 4164              	.LC0:
 4165 0000 12000000 		.word	18
 4166 0004 24000000 		.word	36
 4167 0008 36000000 		.word	54
 4168 000c 40000000 		.word	64
 4169              	.LC1:
 4170 0010 06000000 		.word	6
 4171 0014 0C000000 		.word	12
 4172 0018 10000000 		.word	16
 4173              	.LC2:
 4174 001c 00000000 		.word	0
 4175 0020 01000000 		.word	1
 4176 0024 02000000 		.word	2
 4177 0028 03000000 		.word	3
 4178              		.text
 4179              	.Letext0:
 4180              		.file 3 "g:\\arm\\10 2021.10\\arm-none-eabi\\include\\machine\\_default_types.h"
 4181              		.file 4 "g:\\arm\\10 2021.10\\arm-none-eabi\\include\\sys\\_stdint.h"
 4182              		.file 5 "Drivers/CMSIS/Device/ST/STM32WBxx/Include/system_stm32wbxx.h"
 4183              		.file 6 "Drivers/CMSIS/Device/ST/STM32WBxx/Include/stm32wb55xx.h"
 4184              		.file 7 "Drivers/STM32WBxx_HAL_Driver/Inc/stm32wbxx_hal_def.h"
 4185              		.file 8 "Drivers/STM32WBxx_HAL_Driver/Inc/stm32wbxx_hal_gpio.h"
 4186              		.file 9 "Drivers/STM32WBxx_HAL_Driver/Inc/stm32wbxx_hal_rcc.h"
 4187              		.file 10 "Drivers/STM32WBxx_HAL_Driver/Inc/stm32wbxx_hal.h"
 4188              		.file 11 "Drivers/STM32WBxx_HAL_Driver/Inc/stm32wbxx_hal_pwr_ex.h"
 4189              		.file 12 "Drivers/STM32WBxx_HAL_Driver/Inc/stm32wbxx_hal_pwr.h"
ARM GAS  C:\Users\843E~1\AppData\Local\Temp\cc5PNIRY.s 			page 200


DEFINED SYMBOLS
                            *ABS*:00000000 stm32wbxx_hal_rcc.c
C:\Users\843E~1\AppData\Local\Temp\cc5PNIRY.s:20     .text.RCC_SetFlashLatency:00000000 $t
C:\Users\843E~1\AppData\Local\Temp\cc5PNIRY.s:25     .text.RCC_SetFlashLatency:00000000 RCC_SetFlashLatency
C:\Users\843E~1\AppData\Local\Temp\cc5PNIRY.s:211    .text.RCC_SetFlashLatency:000000b8 $d
C:\Users\843E~1\AppData\Local\Temp\cc5PNIRY.s:217    .text.RCC_SetFlashLatencyFromMSIRange:00000000 $t
C:\Users\843E~1\AppData\Local\Temp\cc5PNIRY.s:222    .text.RCC_SetFlashLatencyFromMSIRange:00000000 RCC_SetFlashLatencyFromMSIRange
C:\Users\843E~1\AppData\Local\Temp\cc5PNIRY.s:294    .text.RCC_SetFlashLatencyFromMSIRange:00000040 $d
C:\Users\843E~1\AppData\Local\Temp\cc5PNIRY.s:301    .text.HAL_RCC_DeInit:00000000 $t
C:\Users\843E~1\AppData\Local\Temp\cc5PNIRY.s:307    .text.HAL_RCC_DeInit:00000000 HAL_RCC_DeInit
C:\Users\843E~1\AppData\Local\Temp\cc5PNIRY.s:572    .text.HAL_RCC_DeInit:00000108 $d
C:\Users\843E~1\AppData\Local\Temp\cc5PNIRY.s:581    .text.HAL_RCC_MCOConfig:00000000 $t
C:\Users\843E~1\AppData\Local\Temp\cc5PNIRY.s:587    .text.HAL_RCC_MCOConfig:00000000 HAL_RCC_MCOConfig
C:\Users\843E~1\AppData\Local\Temp\cc5PNIRY.s:727    .text.HAL_RCC_GetSysClockFreq:00000000 $t
C:\Users\843E~1\AppData\Local\Temp\cc5PNIRY.s:733    .text.HAL_RCC_GetSysClockFreq:00000000 HAL_RCC_GetSysClockFreq
C:\Users\843E~1\AppData\Local\Temp\cc5PNIRY.s:996    .text.HAL_RCC_GetSysClockFreq:000000b4 $d
C:\Users\843E~1\AppData\Local\Temp\cc5PNIRY.s:1003   .text.HAL_RCC_GetHCLKFreq:00000000 $t
C:\Users\843E~1\AppData\Local\Temp\cc5PNIRY.s:1009   .text.HAL_RCC_GetHCLKFreq:00000000 HAL_RCC_GetHCLKFreq
C:\Users\843E~1\AppData\Local\Temp\cc5PNIRY.s:1044   .text.HAL_RCC_GetHCLKFreq:0000001c $d
C:\Users\843E~1\AppData\Local\Temp\cc5PNIRY.s:1049   .text.HAL_RCC_OscConfig:00000000 $t
C:\Users\843E~1\AppData\Local\Temp\cc5PNIRY.s:1055   .text.HAL_RCC_OscConfig:00000000 HAL_RCC_OscConfig
C:\Users\843E~1\AppData\Local\Temp\cc5PNIRY.s:2207   .text.HAL_RCC_OscConfig:0000041c $d
C:\Users\843E~1\AppData\Local\Temp\cc5PNIRY.s:2213   .text.HAL_RCC_OscConfig:00000424 $t
C:\Users\843E~1\AppData\Local\Temp\cc5PNIRY.s:2927   .text.HAL_RCC_OscConfig:0000070c $d
C:\Users\843E~1\AppData\Local\Temp\cc5PNIRY.s:2935   .text.HAL_RCC_ClockConfig:00000000 $t
C:\Users\843E~1\AppData\Local\Temp\cc5PNIRY.s:2941   .text.HAL_RCC_ClockConfig:00000000 HAL_RCC_ClockConfig
C:\Users\843E~1\AppData\Local\Temp\cc5PNIRY.s:3561   .text.HAL_RCC_ClockConfig:0000025c $d
C:\Users\843E~1\AppData\Local\Temp\cc5PNIRY.s:3567   .text.HAL_RCC_GetHCLK2Freq:00000000 $t
C:\Users\843E~1\AppData\Local\Temp\cc5PNIRY.s:3573   .text.HAL_RCC_GetHCLK2Freq:00000000 HAL_RCC_GetHCLK2Freq
C:\Users\843E~1\AppData\Local\Temp\cc5PNIRY.s:3608   .text.HAL_RCC_GetHCLK2Freq:00000020 $d
C:\Users\843E~1\AppData\Local\Temp\cc5PNIRY.s:3613   .text.HAL_RCC_GetHCLK4Freq:00000000 $t
C:\Users\843E~1\AppData\Local\Temp\cc5PNIRY.s:3619   .text.HAL_RCC_GetHCLK4Freq:00000000 HAL_RCC_GetHCLK4Freq
C:\Users\843E~1\AppData\Local\Temp\cc5PNIRY.s:3654   .text.HAL_RCC_GetHCLK4Freq:00000020 $d
C:\Users\843E~1\AppData\Local\Temp\cc5PNIRY.s:3659   .text.HAL_RCC_GetPCLK1Freq:00000000 $t
C:\Users\843E~1\AppData\Local\Temp\cc5PNIRY.s:3665   .text.HAL_RCC_GetPCLK1Freq:00000000 HAL_RCC_GetPCLK1Freq
C:\Users\843E~1\AppData\Local\Temp\cc5PNIRY.s:3701   .text.HAL_RCC_GetPCLK1Freq:00000020 $d
C:\Users\843E~1\AppData\Local\Temp\cc5PNIRY.s:3706   .text.HAL_RCC_GetPCLK2Freq:00000000 $t
C:\Users\843E~1\AppData\Local\Temp\cc5PNIRY.s:3712   .text.HAL_RCC_GetPCLK2Freq:00000000 HAL_RCC_GetPCLK2Freq
C:\Users\843E~1\AppData\Local\Temp\cc5PNIRY.s:3748   .text.HAL_RCC_GetPCLK2Freq:00000020 $d
C:\Users\843E~1\AppData\Local\Temp\cc5PNIRY.s:3753   .text.HAL_RCC_GetOscConfig:00000000 $t
C:\Users\843E~1\AppData\Local\Temp\cc5PNIRY.s:3759   .text.HAL_RCC_GetOscConfig:00000000 HAL_RCC_GetOscConfig
C:\Users\843E~1\AppData\Local\Temp\cc5PNIRY.s:3914   .text.HAL_RCC_GetClockConfig:00000000 $t
C:\Users\843E~1\AppData\Local\Temp\cc5PNIRY.s:3920   .text.HAL_RCC_GetClockConfig:00000000 HAL_RCC_GetClockConfig
C:\Users\843E~1\AppData\Local\Temp\cc5PNIRY.s:4032   .text.HAL_RCC_GetClockConfig:00000048 $d
C:\Users\843E~1\AppData\Local\Temp\cc5PNIRY.s:4037   .text.HAL_RCC_EnableCSS:00000000 $t
C:\Users\843E~1\AppData\Local\Temp\cc5PNIRY.s:4043   .text.HAL_RCC_EnableCSS:00000000 HAL_RCC_EnableCSS
C:\Users\843E~1\AppData\Local\Temp\cc5PNIRY.s:4068   .text.HAL_RCC_CSSCallback:00000000 $t
C:\Users\843E~1\AppData\Local\Temp\cc5PNIRY.s:4074   .text.HAL_RCC_CSSCallback:00000000 HAL_RCC_CSSCallback
C:\Users\843E~1\AppData\Local\Temp\cc5PNIRY.s:4087   .text.HAL_RCC_NMI_IRQHandler:00000000 $t
C:\Users\843E~1\AppData\Local\Temp\cc5PNIRY.s:4093   .text.HAL_RCC_NMI_IRQHandler:00000000 HAL_RCC_NMI_IRQHandler
C:\Users\843E~1\AppData\Local\Temp\cc5PNIRY.s:4128   .text.HAL_RCC_GetResetSource:00000000 $t
C:\Users\843E~1\AppData\Local\Temp\cc5PNIRY.s:4134   .text.HAL_RCC_GetResetSource:00000000 HAL_RCC_GetResetSource
C:\Users\843E~1\AppData\Local\Temp\cc5PNIRY.s:4162   .rodata:00000000 $d

UNDEFINED SYMBOLS
HAL_GetTick
HAL_PWREx_GetVoltageRange
ARM GAS  C:\Users\843E~1\AppData\Local\Temp\cc5PNIRY.s 			page 201


MSIRangeTable
AHBPrescTable
HAL_InitTick
SystemCoreClock
uwTickPrio
HAL_GPIO_Init
HAL_PWR_EnableBkUpAccess
HAL_GetTickPrio
APBPrescTable
