ARM GAS  C:\Users\843E~1\AppData\Local\Temp\ccnJJWYX.s 			page 1


   1              		.cpu cortex-m4
   2              		.arch armv7e-m
   3              		.fpu fpv4-sp-d16
   4              		.eabi_attribute 27, 1
   5              		.eabi_attribute 28, 1
   6              		.eabi_attribute 20, 1
   7              		.eabi_attribute 21, 1
   8              		.eabi_attribute 23, 3
   9              		.eabi_attribute 24, 1
  10              		.eabi_attribute 25, 1
  11              		.eabi_attribute 26, 1
  12              		.eabi_attribute 30, 1
  13              		.eabi_attribute 34, 1
  14              		.eabi_attribute 18, 4
  15              		.file	"stm32wbxx_hal_gpio.c"
  16              		.text
  17              	.Ltext0:
  18              		.cfi_sections	.debug_frame
  19              		.section	.text.HAL_GPIO_Init,"ax",%progbits
  20              		.align	1
  21              		.global	HAL_GPIO_Init
  22              		.syntax unified
  23              		.thumb
  24              		.thumb_func
  26              	HAL_GPIO_Init:
  27              	.LVL0:
  28              	.LFB950:
  29              		.file 1 "Drivers/STM32WBxx_HAL_Driver/Src/stm32wbxx_hal_gpio.c"
   1:Drivers/STM32WBxx_HAL_Driver/Src/stm32wbxx_hal_gpio.c **** /**
   2:Drivers/STM32WBxx_HAL_Driver/Src/stm32wbxx_hal_gpio.c ****   ******************************************************************************
   3:Drivers/STM32WBxx_HAL_Driver/Src/stm32wbxx_hal_gpio.c ****   * @file    stm32wbxx_hal_gpio.c
   4:Drivers/STM32WBxx_HAL_Driver/Src/stm32wbxx_hal_gpio.c ****   * @author  MCD Application Team
   5:Drivers/STM32WBxx_HAL_Driver/Src/stm32wbxx_hal_gpio.c ****   * @brief   GPIO HAL module driver.
   6:Drivers/STM32WBxx_HAL_Driver/Src/stm32wbxx_hal_gpio.c ****   *          This file provides firmware functions to manage the following
   7:Drivers/STM32WBxx_HAL_Driver/Src/stm32wbxx_hal_gpio.c ****   *          functionalities of the General Purpose Input/Output (GPIO) peripheral:
   8:Drivers/STM32WBxx_HAL_Driver/Src/stm32wbxx_hal_gpio.c ****   *           + Initialization and de-initialization functions
   9:Drivers/STM32WBxx_HAL_Driver/Src/stm32wbxx_hal_gpio.c ****   *           + IO operation functions
  10:Drivers/STM32WBxx_HAL_Driver/Src/stm32wbxx_hal_gpio.c ****   ******************************************************************************
  11:Drivers/STM32WBxx_HAL_Driver/Src/stm32wbxx_hal_gpio.c ****   * @attention
  12:Drivers/STM32WBxx_HAL_Driver/Src/stm32wbxx_hal_gpio.c ****   *
  13:Drivers/STM32WBxx_HAL_Driver/Src/stm32wbxx_hal_gpio.c ****   * Copyright (c) 2019 STMicroelectronics.
  14:Drivers/STM32WBxx_HAL_Driver/Src/stm32wbxx_hal_gpio.c ****   * All rights reserved.
  15:Drivers/STM32WBxx_HAL_Driver/Src/stm32wbxx_hal_gpio.c ****   *
  16:Drivers/STM32WBxx_HAL_Driver/Src/stm32wbxx_hal_gpio.c ****   * This software is licensed under terms that can be found in the LICENSE file
  17:Drivers/STM32WBxx_HAL_Driver/Src/stm32wbxx_hal_gpio.c ****   * in the root directory of this software component.
  18:Drivers/STM32WBxx_HAL_Driver/Src/stm32wbxx_hal_gpio.c ****   * If no LICENSE file comes with this software, it is provided AS-IS.
  19:Drivers/STM32WBxx_HAL_Driver/Src/stm32wbxx_hal_gpio.c ****   *
  20:Drivers/STM32WBxx_HAL_Driver/Src/stm32wbxx_hal_gpio.c ****   ******************************************************************************
  21:Drivers/STM32WBxx_HAL_Driver/Src/stm32wbxx_hal_gpio.c ****   @verbatim
  22:Drivers/STM32WBxx_HAL_Driver/Src/stm32wbxx_hal_gpio.c ****   ==============================================================================
  23:Drivers/STM32WBxx_HAL_Driver/Src/stm32wbxx_hal_gpio.c ****                     ##### GPIO Peripheral features #####
  24:Drivers/STM32WBxx_HAL_Driver/Src/stm32wbxx_hal_gpio.c ****   ==============================================================================
  25:Drivers/STM32WBxx_HAL_Driver/Src/stm32wbxx_hal_gpio.c ****   [..]
  26:Drivers/STM32WBxx_HAL_Driver/Src/stm32wbxx_hal_gpio.c ****     (+) Each port bit of the general-purpose I/O (GPIO) ports can be individually
  27:Drivers/STM32WBxx_HAL_Driver/Src/stm32wbxx_hal_gpio.c ****         configured by software in several modes:
  28:Drivers/STM32WBxx_HAL_Driver/Src/stm32wbxx_hal_gpio.c ****         (++) Input mode
  29:Drivers/STM32WBxx_HAL_Driver/Src/stm32wbxx_hal_gpio.c ****         (++) Analog mode
ARM GAS  C:\Users\843E~1\AppData\Local\Temp\ccnJJWYX.s 			page 2


  30:Drivers/STM32WBxx_HAL_Driver/Src/stm32wbxx_hal_gpio.c ****         (++) Output mode
  31:Drivers/STM32WBxx_HAL_Driver/Src/stm32wbxx_hal_gpio.c ****         (++) Alternate function mode
  32:Drivers/STM32WBxx_HAL_Driver/Src/stm32wbxx_hal_gpio.c ****         (++) External interrupt/event lines
  33:Drivers/STM32WBxx_HAL_Driver/Src/stm32wbxx_hal_gpio.c **** 
  34:Drivers/STM32WBxx_HAL_Driver/Src/stm32wbxx_hal_gpio.c ****     (+) During and just after reset, the alternate functions and external interrupt
  35:Drivers/STM32WBxx_HAL_Driver/Src/stm32wbxx_hal_gpio.c ****         lines are not active and the I/O ports are configured in input floating mode.
  36:Drivers/STM32WBxx_HAL_Driver/Src/stm32wbxx_hal_gpio.c **** 
  37:Drivers/STM32WBxx_HAL_Driver/Src/stm32wbxx_hal_gpio.c ****     (+) All GPIO pins have weak internal pull-up and pull-down resistors, which can be
  38:Drivers/STM32WBxx_HAL_Driver/Src/stm32wbxx_hal_gpio.c ****         activated or not.
  39:Drivers/STM32WBxx_HAL_Driver/Src/stm32wbxx_hal_gpio.c **** 
  40:Drivers/STM32WBxx_HAL_Driver/Src/stm32wbxx_hal_gpio.c ****     (+) In Output or Alternate mode, each IO can be configured on open-drain or push-pull
  41:Drivers/STM32WBxx_HAL_Driver/Src/stm32wbxx_hal_gpio.c ****         type and the IO speed can be selected depending on the VDD value.
  42:Drivers/STM32WBxx_HAL_Driver/Src/stm32wbxx_hal_gpio.c **** 
  43:Drivers/STM32WBxx_HAL_Driver/Src/stm32wbxx_hal_gpio.c ****     (+) The microcontroller IO pins are connected to onboard peripherals/modules through a
  44:Drivers/STM32WBxx_HAL_Driver/Src/stm32wbxx_hal_gpio.c ****         multiplexer that allows only one peripheral alternate function (AF) connected
  45:Drivers/STM32WBxx_HAL_Driver/Src/stm32wbxx_hal_gpio.c ****        to an IO pin at a time. In this way, there can be no conflict between peripherals
  46:Drivers/STM32WBxx_HAL_Driver/Src/stm32wbxx_hal_gpio.c ****        sharing the same IO pin.
  47:Drivers/STM32WBxx_HAL_Driver/Src/stm32wbxx_hal_gpio.c **** 
  48:Drivers/STM32WBxx_HAL_Driver/Src/stm32wbxx_hal_gpio.c ****     (+) All ports have external interrupt/event capability. To use external interrupt
  49:Drivers/STM32WBxx_HAL_Driver/Src/stm32wbxx_hal_gpio.c ****         lines, the port must be configured in input mode. All available GPIO pins are
  50:Drivers/STM32WBxx_HAL_Driver/Src/stm32wbxx_hal_gpio.c ****         connected to the 16 external interrupt/event lines from EXTI0 to EXTI15.
  51:Drivers/STM32WBxx_HAL_Driver/Src/stm32wbxx_hal_gpio.c **** 
  52:Drivers/STM32WBxx_HAL_Driver/Src/stm32wbxx_hal_gpio.c ****     (+) The external interrupt/event controller consists of up to 28 edge detectors
  53:Drivers/STM32WBxx_HAL_Driver/Src/stm32wbxx_hal_gpio.c ****         (16 lines are connected to GPIO) for generating event/interrupt requests (each
  54:Drivers/STM32WBxx_HAL_Driver/Src/stm32wbxx_hal_gpio.c ****         input line can be independently configured to select the type (interrupt or event)
  55:Drivers/STM32WBxx_HAL_Driver/Src/stm32wbxx_hal_gpio.c ****         and the corresponding trigger event (rising or falling or both). Each line can
  56:Drivers/STM32WBxx_HAL_Driver/Src/stm32wbxx_hal_gpio.c ****         also be masked independently.
  57:Drivers/STM32WBxx_HAL_Driver/Src/stm32wbxx_hal_gpio.c **** 
  58:Drivers/STM32WBxx_HAL_Driver/Src/stm32wbxx_hal_gpio.c ****                      ##### How to use this driver #####
  59:Drivers/STM32WBxx_HAL_Driver/Src/stm32wbxx_hal_gpio.c ****   ==============================================================================
  60:Drivers/STM32WBxx_HAL_Driver/Src/stm32wbxx_hal_gpio.c ****   [..]
  61:Drivers/STM32WBxx_HAL_Driver/Src/stm32wbxx_hal_gpio.c ****     (#) Enable the GPIO AHB clock using the following function: __HAL_RCC_GPIOx_CLK_ENABLE().
  62:Drivers/STM32WBxx_HAL_Driver/Src/stm32wbxx_hal_gpio.c **** 
  63:Drivers/STM32WBxx_HAL_Driver/Src/stm32wbxx_hal_gpio.c ****     (#) Configure the GPIO pin(s) using HAL_GPIO_Init().
  64:Drivers/STM32WBxx_HAL_Driver/Src/stm32wbxx_hal_gpio.c ****         (++) Configure the IO mode using "Mode" member from GPIO_InitTypeDef structure
  65:Drivers/STM32WBxx_HAL_Driver/Src/stm32wbxx_hal_gpio.c ****         (++) Activate Pull-up, Pull-down resistor using "Pull" member from GPIO_InitTypeDef
  66:Drivers/STM32WBxx_HAL_Driver/Src/stm32wbxx_hal_gpio.c ****              structure.
  67:Drivers/STM32WBxx_HAL_Driver/Src/stm32wbxx_hal_gpio.c ****         (++) In case of Output or alternate function mode selection: the speed is
  68:Drivers/STM32WBxx_HAL_Driver/Src/stm32wbxx_hal_gpio.c ****              configured through "Speed" member from GPIO_InitTypeDef structure.
  69:Drivers/STM32WBxx_HAL_Driver/Src/stm32wbxx_hal_gpio.c ****         (++) In alternate mode is selection, the alternate function connected to the IO
  70:Drivers/STM32WBxx_HAL_Driver/Src/stm32wbxx_hal_gpio.c ****              is configured through "Alternate" member from GPIO_InitTypeDef structure.
  71:Drivers/STM32WBxx_HAL_Driver/Src/stm32wbxx_hal_gpio.c ****         (++) Analog mode is required when a pin is to be used as ADC channel
  72:Drivers/STM32WBxx_HAL_Driver/Src/stm32wbxx_hal_gpio.c ****              or DAC output.
  73:Drivers/STM32WBxx_HAL_Driver/Src/stm32wbxx_hal_gpio.c ****         (++) In case of external interrupt/event selection the "Mode" member from
  74:Drivers/STM32WBxx_HAL_Driver/Src/stm32wbxx_hal_gpio.c ****              GPIO_InitTypeDef structure select the type (interrupt or event) and
  75:Drivers/STM32WBxx_HAL_Driver/Src/stm32wbxx_hal_gpio.c ****              the corresponding trigger event (rising or falling or both).
  76:Drivers/STM32WBxx_HAL_Driver/Src/stm32wbxx_hal_gpio.c **** 
  77:Drivers/STM32WBxx_HAL_Driver/Src/stm32wbxx_hal_gpio.c ****     (#) In case of external interrupt/event mode selection, configure NVIC IRQ priority
  78:Drivers/STM32WBxx_HAL_Driver/Src/stm32wbxx_hal_gpio.c ****         mapped to the EXTI line using HAL_NVIC_SetPriority() and enable it using
  79:Drivers/STM32WBxx_HAL_Driver/Src/stm32wbxx_hal_gpio.c ****         HAL_NVIC_EnableIRQ().
  80:Drivers/STM32WBxx_HAL_Driver/Src/stm32wbxx_hal_gpio.c **** 
  81:Drivers/STM32WBxx_HAL_Driver/Src/stm32wbxx_hal_gpio.c ****     (#) To get the level of a pin configured in input mode use HAL_GPIO_ReadPin().
  82:Drivers/STM32WBxx_HAL_Driver/Src/stm32wbxx_hal_gpio.c **** 
  83:Drivers/STM32WBxx_HAL_Driver/Src/stm32wbxx_hal_gpio.c ****     (#) To set/reset the level of a pin configured in output mode use
  84:Drivers/STM32WBxx_HAL_Driver/Src/stm32wbxx_hal_gpio.c ****         HAL_GPIO_WritePin()/HAL_GPIO_TogglePin().
  85:Drivers/STM32WBxx_HAL_Driver/Src/stm32wbxx_hal_gpio.c **** 
  86:Drivers/STM32WBxx_HAL_Driver/Src/stm32wbxx_hal_gpio.c ****     (#) To set the level of several pins and reset level of several other pins in
ARM GAS  C:\Users\843E~1\AppData\Local\Temp\ccnJJWYX.s 			page 3


  87:Drivers/STM32WBxx_HAL_Driver/Src/stm32wbxx_hal_gpio.c ****         same cycle, use HAL_GPIO_WriteMultipleStatePin().
  88:Drivers/STM32WBxx_HAL_Driver/Src/stm32wbxx_hal_gpio.c **** 
  89:Drivers/STM32WBxx_HAL_Driver/Src/stm32wbxx_hal_gpio.c ****    (#) To lock pin configuration until next reset use HAL_GPIO_LockPin().
  90:Drivers/STM32WBxx_HAL_Driver/Src/stm32wbxx_hal_gpio.c **** 
  91:Drivers/STM32WBxx_HAL_Driver/Src/stm32wbxx_hal_gpio.c ****     (#) During and just after reset, the alternate functions are not
  92:Drivers/STM32WBxx_HAL_Driver/Src/stm32wbxx_hal_gpio.c ****         active and the GPIO pins are configured in input floating mode (except JTAG
  93:Drivers/STM32WBxx_HAL_Driver/Src/stm32wbxx_hal_gpio.c ****         pins).
  94:Drivers/STM32WBxx_HAL_Driver/Src/stm32wbxx_hal_gpio.c **** 
  95:Drivers/STM32WBxx_HAL_Driver/Src/stm32wbxx_hal_gpio.c ****     (#) The LSE oscillator pins OSC32_IN and OSC32_OUT can be used as general purpose
  96:Drivers/STM32WBxx_HAL_Driver/Src/stm32wbxx_hal_gpio.c ****         (PC14 and PC15, respectively) when the LSE oscillator is off. The LSE has
  97:Drivers/STM32WBxx_HAL_Driver/Src/stm32wbxx_hal_gpio.c ****         priority over the GPIO function.
  98:Drivers/STM32WBxx_HAL_Driver/Src/stm32wbxx_hal_gpio.c **** 
  99:Drivers/STM32WBxx_HAL_Driver/Src/stm32wbxx_hal_gpio.c ****     (#) The HSE oscillator pins OSC_IN/OSC_OUT can be used as
 100:Drivers/STM32WBxx_HAL_Driver/Src/stm32wbxx_hal_gpio.c ****         general purpose PH0 and PH1, respectively, when the HSE oscillator is off.
 101:Drivers/STM32WBxx_HAL_Driver/Src/stm32wbxx_hal_gpio.c ****         The HSE has priority over the GPIO function.
 102:Drivers/STM32WBxx_HAL_Driver/Src/stm32wbxx_hal_gpio.c **** 
 103:Drivers/STM32WBxx_HAL_Driver/Src/stm32wbxx_hal_gpio.c ****   @endverbatim
 104:Drivers/STM32WBxx_HAL_Driver/Src/stm32wbxx_hal_gpio.c ****   ******************************************************************************
 105:Drivers/STM32WBxx_HAL_Driver/Src/stm32wbxx_hal_gpio.c ****   */
 106:Drivers/STM32WBxx_HAL_Driver/Src/stm32wbxx_hal_gpio.c **** 
 107:Drivers/STM32WBxx_HAL_Driver/Src/stm32wbxx_hal_gpio.c **** /* Includes ------------------------------------------------------------------*/
 108:Drivers/STM32WBxx_HAL_Driver/Src/stm32wbxx_hal_gpio.c **** #include "stm32wbxx_hal.h"
 109:Drivers/STM32WBxx_HAL_Driver/Src/stm32wbxx_hal_gpio.c **** 
 110:Drivers/STM32WBxx_HAL_Driver/Src/stm32wbxx_hal_gpio.c **** /** @addtogroup STM32WBxx_HAL_Driver
 111:Drivers/STM32WBxx_HAL_Driver/Src/stm32wbxx_hal_gpio.c ****   * @{
 112:Drivers/STM32WBxx_HAL_Driver/Src/stm32wbxx_hal_gpio.c ****   */
 113:Drivers/STM32WBxx_HAL_Driver/Src/stm32wbxx_hal_gpio.c **** 
 114:Drivers/STM32WBxx_HAL_Driver/Src/stm32wbxx_hal_gpio.c **** /** @addtogroup GPIO
 115:Drivers/STM32WBxx_HAL_Driver/Src/stm32wbxx_hal_gpio.c ****   * @{
 116:Drivers/STM32WBxx_HAL_Driver/Src/stm32wbxx_hal_gpio.c ****   */
 117:Drivers/STM32WBxx_HAL_Driver/Src/stm32wbxx_hal_gpio.c **** /** MISRA C:2012 deviation rule has been granted for following rules:
 118:Drivers/STM32WBxx_HAL_Driver/Src/stm32wbxx_hal_gpio.c ****   * Rule-12.2 - Medium: RHS argument is in interval [0,INF] which is out of
 119:Drivers/STM32WBxx_HAL_Driver/Src/stm32wbxx_hal_gpio.c ****   * range of the shift operator in following API :
 120:Drivers/STM32WBxx_HAL_Driver/Src/stm32wbxx_hal_gpio.c ****   * HAL_GPIO_Init
 121:Drivers/STM32WBxx_HAL_Driver/Src/stm32wbxx_hal_gpio.c ****   * HAL_GPIO_DeInit
 122:Drivers/STM32WBxx_HAL_Driver/Src/stm32wbxx_hal_gpio.c ****   */
 123:Drivers/STM32WBxx_HAL_Driver/Src/stm32wbxx_hal_gpio.c **** 
 124:Drivers/STM32WBxx_HAL_Driver/Src/stm32wbxx_hal_gpio.c **** #ifdef HAL_GPIO_MODULE_ENABLED
 125:Drivers/STM32WBxx_HAL_Driver/Src/stm32wbxx_hal_gpio.c **** 
 126:Drivers/STM32WBxx_HAL_Driver/Src/stm32wbxx_hal_gpio.c **** /* Private typedef -----------------------------------------------------------*/
 127:Drivers/STM32WBxx_HAL_Driver/Src/stm32wbxx_hal_gpio.c **** /* Private defines ------------------------------------------------------------*/
 128:Drivers/STM32WBxx_HAL_Driver/Src/stm32wbxx_hal_gpio.c **** /** @addtogroup GPIO_Private_Constants GPIO Private Constants
 129:Drivers/STM32WBxx_HAL_Driver/Src/stm32wbxx_hal_gpio.c ****   * @{
 130:Drivers/STM32WBxx_HAL_Driver/Src/stm32wbxx_hal_gpio.c ****   */
 131:Drivers/STM32WBxx_HAL_Driver/Src/stm32wbxx_hal_gpio.c **** #define GPIO_NUMBER           (16u)
 132:Drivers/STM32WBxx_HAL_Driver/Src/stm32wbxx_hal_gpio.c **** /**
 133:Drivers/STM32WBxx_HAL_Driver/Src/stm32wbxx_hal_gpio.c ****   * @}
 134:Drivers/STM32WBxx_HAL_Driver/Src/stm32wbxx_hal_gpio.c ****   */
 135:Drivers/STM32WBxx_HAL_Driver/Src/stm32wbxx_hal_gpio.c **** 
 136:Drivers/STM32WBxx_HAL_Driver/Src/stm32wbxx_hal_gpio.c **** /* Private macros ------------------------------------------------------------*/
 137:Drivers/STM32WBxx_HAL_Driver/Src/stm32wbxx_hal_gpio.c **** /* Private variables ---------------------------------------------------------*/
 138:Drivers/STM32WBxx_HAL_Driver/Src/stm32wbxx_hal_gpio.c **** /* Private function prototypes -----------------------------------------------*/
 139:Drivers/STM32WBxx_HAL_Driver/Src/stm32wbxx_hal_gpio.c **** /* Exported functions --------------------------------------------------------*/
 140:Drivers/STM32WBxx_HAL_Driver/Src/stm32wbxx_hal_gpio.c **** 
 141:Drivers/STM32WBxx_HAL_Driver/Src/stm32wbxx_hal_gpio.c **** /** @addtogroup GPIO_Exported_Functions
 142:Drivers/STM32WBxx_HAL_Driver/Src/stm32wbxx_hal_gpio.c ****   * @{
 143:Drivers/STM32WBxx_HAL_Driver/Src/stm32wbxx_hal_gpio.c ****   */
ARM GAS  C:\Users\843E~1\AppData\Local\Temp\ccnJJWYX.s 			page 4


 144:Drivers/STM32WBxx_HAL_Driver/Src/stm32wbxx_hal_gpio.c **** 
 145:Drivers/STM32WBxx_HAL_Driver/Src/stm32wbxx_hal_gpio.c **** /** @addtogroup GPIO_Exported_Functions_Group1
 146:Drivers/STM32WBxx_HAL_Driver/Src/stm32wbxx_hal_gpio.c ****   *  @brief    Initialization and Configuration functions
 147:Drivers/STM32WBxx_HAL_Driver/Src/stm32wbxx_hal_gpio.c ****   *
 148:Drivers/STM32WBxx_HAL_Driver/Src/stm32wbxx_hal_gpio.c **** @verbatim
 149:Drivers/STM32WBxx_HAL_Driver/Src/stm32wbxx_hal_gpio.c ****  ===============================================================================
 150:Drivers/STM32WBxx_HAL_Driver/Src/stm32wbxx_hal_gpio.c ****               ##### Initialization and de-initialization functions #####
 151:Drivers/STM32WBxx_HAL_Driver/Src/stm32wbxx_hal_gpio.c ****  ===============================================================================
 152:Drivers/STM32WBxx_HAL_Driver/Src/stm32wbxx_hal_gpio.c **** 
 153:Drivers/STM32WBxx_HAL_Driver/Src/stm32wbxx_hal_gpio.c **** @endverbatim
 154:Drivers/STM32WBxx_HAL_Driver/Src/stm32wbxx_hal_gpio.c ****   * @{
 155:Drivers/STM32WBxx_HAL_Driver/Src/stm32wbxx_hal_gpio.c ****   */
 156:Drivers/STM32WBxx_HAL_Driver/Src/stm32wbxx_hal_gpio.c **** 
 157:Drivers/STM32WBxx_HAL_Driver/Src/stm32wbxx_hal_gpio.c **** /**
 158:Drivers/STM32WBxx_HAL_Driver/Src/stm32wbxx_hal_gpio.c ****   * @brief  Initialize the GPIOx peripheral according to the specified parameters in the GPIO_Init.
 159:Drivers/STM32WBxx_HAL_Driver/Src/stm32wbxx_hal_gpio.c ****   * @param GPIOx where x can be (A..H) to select the GPIO peripheral for STM32WBxx family
 160:Drivers/STM32WBxx_HAL_Driver/Src/stm32wbxx_hal_gpio.c ****   * @param GPIO_Init pointer to a GPIO_InitTypeDef structure that contains
 161:Drivers/STM32WBxx_HAL_Driver/Src/stm32wbxx_hal_gpio.c ****   *         the configuration information for the specified GPIO peripheral.
 162:Drivers/STM32WBxx_HAL_Driver/Src/stm32wbxx_hal_gpio.c ****   * @retval None
 163:Drivers/STM32WBxx_HAL_Driver/Src/stm32wbxx_hal_gpio.c ****   */
 164:Drivers/STM32WBxx_HAL_Driver/Src/stm32wbxx_hal_gpio.c **** void HAL_GPIO_Init(GPIO_TypeDef  *GPIOx, GPIO_InitTypeDef *GPIO_Init)
 165:Drivers/STM32WBxx_HAL_Driver/Src/stm32wbxx_hal_gpio.c **** {
  30              		.loc 1 165 1 view -0
  31              		.cfi_startproc
  32              		@ args = 0, pretend = 0, frame = 0
  33              		@ frame_needed = 0, uses_anonymous_args = 0
  34              		.loc 1 165 1 is_stmt 0 view .LVU1
  35 0000 F0B5     		push	{r4, r5, r6, r7, lr}
  36              	.LCFI0:
  37              		.cfi_def_cfa_offset 20
  38              		.cfi_offset 4, -20
  39              		.cfi_offset 5, -16
  40              		.cfi_offset 6, -12
  41              		.cfi_offset 7, -8
  42              		.cfi_offset 14, -4
 166:Drivers/STM32WBxx_HAL_Driver/Src/stm32wbxx_hal_gpio.c ****   uint32_t position = 0x00u;
  43              		.loc 1 166 3 is_stmt 1 view .LVU2
  44              	.LVL1:
 167:Drivers/STM32WBxx_HAL_Driver/Src/stm32wbxx_hal_gpio.c ****   uint32_t iocurrent;
  45              		.loc 1 167 3 view .LVU3
 168:Drivers/STM32WBxx_HAL_Driver/Src/stm32wbxx_hal_gpio.c ****   uint32_t temp;
  46              		.loc 1 168 3 view .LVU4
 169:Drivers/STM32WBxx_HAL_Driver/Src/stm32wbxx_hal_gpio.c **** 
 170:Drivers/STM32WBxx_HAL_Driver/Src/stm32wbxx_hal_gpio.c ****   /* Check the parameters */
 171:Drivers/STM32WBxx_HAL_Driver/Src/stm32wbxx_hal_gpio.c ****   assert_param(IS_GPIO_ALL_INSTANCE(GPIOx));
  47              		.loc 1 171 3 view .LVU5
 172:Drivers/STM32WBxx_HAL_Driver/Src/stm32wbxx_hal_gpio.c ****   assert_param(IS_GPIO_PIN(GPIO_Init->Pin));
  48              		.loc 1 172 3 view .LVU6
 173:Drivers/STM32WBxx_HAL_Driver/Src/stm32wbxx_hal_gpio.c ****   assert_param(IS_GPIO_MODE(GPIO_Init->Mode));
  49              		.loc 1 173 3 view .LVU7
 174:Drivers/STM32WBxx_HAL_Driver/Src/stm32wbxx_hal_gpio.c ****   assert_param(IS_GPIO_PULL(GPIO_Init->Pull));
  50              		.loc 1 174 3 view .LVU8
 175:Drivers/STM32WBxx_HAL_Driver/Src/stm32wbxx_hal_gpio.c **** 
 176:Drivers/STM32WBxx_HAL_Driver/Src/stm32wbxx_hal_gpio.c ****   /* Configure the port pins */
 177:Drivers/STM32WBxx_HAL_Driver/Src/stm32wbxx_hal_gpio.c ****   while (((GPIO_Init->Pin) >> position) != 0x00u)
  51              		.loc 1 177 3 view .LVU9
 166:Drivers/STM32WBxx_HAL_Driver/Src/stm32wbxx_hal_gpio.c ****   uint32_t iocurrent;
ARM GAS  C:\Users\843E~1\AppData\Local\Temp\ccnJJWYX.s 			page 5


  52              		.loc 1 166 12 is_stmt 0 view .LVU10
  53 0002 0023     		movs	r3, #0
  54              		.loc 1 177 9 view .LVU11
  55 0004 66E0     		b	.L2
  56              	.LVL2:
  57              	.L20:
 178:Drivers/STM32WBxx_HAL_Driver/Src/stm32wbxx_hal_gpio.c ****   {
 179:Drivers/STM32WBxx_HAL_Driver/Src/stm32wbxx_hal_gpio.c ****     /* Get current io position */
 180:Drivers/STM32WBxx_HAL_Driver/Src/stm32wbxx_hal_gpio.c ****     iocurrent = (GPIO_Init->Pin) & (1uL << position);
 181:Drivers/STM32WBxx_HAL_Driver/Src/stm32wbxx_hal_gpio.c **** 
 182:Drivers/STM32WBxx_HAL_Driver/Src/stm32wbxx_hal_gpio.c ****     if (iocurrent != 0x00u)
 183:Drivers/STM32WBxx_HAL_Driver/Src/stm32wbxx_hal_gpio.c ****     {
 184:Drivers/STM32WBxx_HAL_Driver/Src/stm32wbxx_hal_gpio.c ****       /*--------------------- GPIO Mode Configuration ------------------------*/
 185:Drivers/STM32WBxx_HAL_Driver/Src/stm32wbxx_hal_gpio.c ****       /* In case of Output or Alternate function mode selection */
 186:Drivers/STM32WBxx_HAL_Driver/Src/stm32wbxx_hal_gpio.c ****       if (((GPIO_Init->Mode & GPIO_MODE) == MODE_OUTPUT) || ((GPIO_Init->Mode & GPIO_MODE) == MODE_
 187:Drivers/STM32WBxx_HAL_Driver/Src/stm32wbxx_hal_gpio.c ****       {
 188:Drivers/STM32WBxx_HAL_Driver/Src/stm32wbxx_hal_gpio.c ****         /* Check the Speed parameter */
 189:Drivers/STM32WBxx_HAL_Driver/Src/stm32wbxx_hal_gpio.c ****         assert_param(IS_GPIO_SPEED(GPIO_Init->Speed));
  58              		.loc 1 189 9 is_stmt 1 view .LVU12
 190:Drivers/STM32WBxx_HAL_Driver/Src/stm32wbxx_hal_gpio.c ****         /* Configure the IO Speed */
 191:Drivers/STM32WBxx_HAL_Driver/Src/stm32wbxx_hal_gpio.c ****         temp = GPIOx->OSPEEDR;
  59              		.loc 1 191 9 view .LVU13
  60              		.loc 1 191 14 is_stmt 0 view .LVU14
  61 0006 8568     		ldr	r5, [r0, #8]
  62              	.LVL3:
 192:Drivers/STM32WBxx_HAL_Driver/Src/stm32wbxx_hal_gpio.c ****         temp &= ~(GPIO_OSPEEDR_OSPEED0 << (position * 2u));
  63              		.loc 1 192 9 is_stmt 1 view .LVU15
  64              		.loc 1 192 53 is_stmt 0 view .LVU16
  65 0008 5E00     		lsls	r6, r3, #1
  66              		.loc 1 192 40 view .LVU17
  67 000a 0324     		movs	r4, #3
  68 000c B440     		lsls	r4, r4, r6
  69              		.loc 1 192 14 view .LVU18
  70 000e 25EA0405 		bic	r5, r5, r4
  71              	.LVL4:
 193:Drivers/STM32WBxx_HAL_Driver/Src/stm32wbxx_hal_gpio.c ****         temp |= (GPIO_Init->Speed << (position * 2u));
  72              		.loc 1 193 9 is_stmt 1 view .LVU19
  73              		.loc 1 193 27 is_stmt 0 view .LVU20
  74 0012 CC68     		ldr	r4, [r1, #12]
  75              		.loc 1 193 35 view .LVU21
  76 0014 B440     		lsls	r4, r4, r6
  77              		.loc 1 193 14 view .LVU22
  78 0016 2C43     		orrs	r4, r4, r5
  79              	.LVL5:
 194:Drivers/STM32WBxx_HAL_Driver/Src/stm32wbxx_hal_gpio.c ****         GPIOx->OSPEEDR = temp;
  80              		.loc 1 194 9 is_stmt 1 view .LVU23
  81              		.loc 1 194 24 is_stmt 0 view .LVU24
  82 0018 8460     		str	r4, [r0, #8]
 195:Drivers/STM32WBxx_HAL_Driver/Src/stm32wbxx_hal_gpio.c **** 
 196:Drivers/STM32WBxx_HAL_Driver/Src/stm32wbxx_hal_gpio.c ****         /* Configure the IO Output Type */
 197:Drivers/STM32WBxx_HAL_Driver/Src/stm32wbxx_hal_gpio.c ****         temp = GPIOx->OTYPER;
  83              		.loc 1 197 9 is_stmt 1 view .LVU25
  84              		.loc 1 197 14 is_stmt 0 view .LVU26
  85 001a 4468     		ldr	r4, [r0, #4]
  86              	.LVL6:
 198:Drivers/STM32WBxx_HAL_Driver/Src/stm32wbxx_hal_gpio.c ****         temp &= ~(GPIO_OTYPER_OT0 << position) ;
  87              		.loc 1 198 9 is_stmt 1 view .LVU27
ARM GAS  C:\Users\843E~1\AppData\Local\Temp\ccnJJWYX.s 			page 6


  88              		.loc 1 198 14 is_stmt 0 view .LVU28
  89 001c 24EA0C0C 		bic	ip, r4, ip
  90              	.LVL7:
 199:Drivers/STM32WBxx_HAL_Driver/Src/stm32wbxx_hal_gpio.c ****         temp |= (((GPIO_Init->Mode & OUTPUT_TYPE) >> OUTPUT_TYPE_Pos) << position);
  91              		.loc 1 199 9 is_stmt 1 view .LVU29
  92              		.loc 1 199 29 is_stmt 0 view .LVU30
  93 0020 4C68     		ldr	r4, [r1, #4]
  94              		.loc 1 199 51 view .LVU31
  95 0022 C4F30014 		ubfx	r4, r4, #4, #1
  96              		.loc 1 199 71 view .LVU32
  97 0026 9C40     		lsls	r4, r4, r3
  98              		.loc 1 199 14 view .LVU33
  99 0028 44EA0C04 		orr	r4, r4, ip
 100              	.LVL8:
 200:Drivers/STM32WBxx_HAL_Driver/Src/stm32wbxx_hal_gpio.c ****         GPIOx->OTYPER = temp;
 101              		.loc 1 200 9 is_stmt 1 view .LVU34
 102              		.loc 1 200 23 is_stmt 0 view .LVU35
 103 002c 4460     		str	r4, [r0, #4]
 104 002e 62E0     		b	.L4
 105              	.LVL9:
 106              	.L21:
 201:Drivers/STM32WBxx_HAL_Driver/Src/stm32wbxx_hal_gpio.c ****       }
 202:Drivers/STM32WBxx_HAL_Driver/Src/stm32wbxx_hal_gpio.c **** 
 203:Drivers/STM32WBxx_HAL_Driver/Src/stm32wbxx_hal_gpio.c ****       /* Activate the Pull-up or Pull down resistor for the current IO */
 204:Drivers/STM32WBxx_HAL_Driver/Src/stm32wbxx_hal_gpio.c ****       if ((GPIO_Init->Mode & GPIO_MODE) != MODE_ANALOG)
 205:Drivers/STM32WBxx_HAL_Driver/Src/stm32wbxx_hal_gpio.c ****       {
 206:Drivers/STM32WBxx_HAL_Driver/Src/stm32wbxx_hal_gpio.c ****         temp = GPIOx->PUPDR;
 207:Drivers/STM32WBxx_HAL_Driver/Src/stm32wbxx_hal_gpio.c ****         temp &= ~(GPIO_PUPDR_PUPD0 << (position * 2U));
 208:Drivers/STM32WBxx_HAL_Driver/Src/stm32wbxx_hal_gpio.c ****         temp |= ((GPIO_Init->Pull) << (position * 2U));
 209:Drivers/STM32WBxx_HAL_Driver/Src/stm32wbxx_hal_gpio.c ****         GPIOx->PUPDR = temp;
 210:Drivers/STM32WBxx_HAL_Driver/Src/stm32wbxx_hal_gpio.c ****       }
 211:Drivers/STM32WBxx_HAL_Driver/Src/stm32wbxx_hal_gpio.c **** 
 212:Drivers/STM32WBxx_HAL_Driver/Src/stm32wbxx_hal_gpio.c ****       /* In case of Alternate function mode selection */
 213:Drivers/STM32WBxx_HAL_Driver/Src/stm32wbxx_hal_gpio.c ****       if ((GPIO_Init->Mode & GPIO_MODE) == MODE_AF)
 214:Drivers/STM32WBxx_HAL_Driver/Src/stm32wbxx_hal_gpio.c ****       {
 215:Drivers/STM32WBxx_HAL_Driver/Src/stm32wbxx_hal_gpio.c ****         /* Check the Alternate function parameters */
 216:Drivers/STM32WBxx_HAL_Driver/Src/stm32wbxx_hal_gpio.c ****         assert_param(IS_GPIO_AF_INSTANCE(GPIOx));
 107              		.loc 1 216 9 is_stmt 1 view .LVU36
 217:Drivers/STM32WBxx_HAL_Driver/Src/stm32wbxx_hal_gpio.c ****         assert_param(IS_GPIO_AF(GPIO_Init->Alternate));
 108              		.loc 1 217 9 view .LVU37
 218:Drivers/STM32WBxx_HAL_Driver/Src/stm32wbxx_hal_gpio.c **** 
 219:Drivers/STM32WBxx_HAL_Driver/Src/stm32wbxx_hal_gpio.c ****         /* Configure Alternate function mapped with the current IO */
 220:Drivers/STM32WBxx_HAL_Driver/Src/stm32wbxx_hal_gpio.c ****         temp = GPIOx->AFR[position >> 3u];
 109              		.loc 1 220 9 view .LVU38
 110              		.loc 1 220 36 is_stmt 0 view .LVU39
 111 0030 DD08     		lsrs	r5, r3, #3
 112              		.loc 1 220 14 view .LVU40
 113 0032 0835     		adds	r5, r5, #8
 114 0034 50F82560 		ldr	r6, [r0, r5, lsl #2]
 115              	.LVL10:
 221:Drivers/STM32WBxx_HAL_Driver/Src/stm32wbxx_hal_gpio.c ****         temp &= ~(0xFu << ((position & 0x07u) * 4u));
 116              		.loc 1 221 9 is_stmt 1 view .LVU41
 117              		.loc 1 221 38 is_stmt 0 view .LVU42
 118 0038 03F00704 		and	r4, r3, #7
 119              		.loc 1 221 47 view .LVU43
 120 003c 4FEA840C 		lsl	ip, r4, #2
 121              		.loc 1 221 24 view .LVU44
ARM GAS  C:\Users\843E~1\AppData\Local\Temp\ccnJJWYX.s 			page 7


 122 0040 0F24     		movs	r4, #15
 123 0042 04FA0CF4 		lsl	r4, r4, ip
 124              		.loc 1 221 14 view .LVU45
 125 0046 26EA040E 		bic	lr, r6, r4
 126              	.LVL11:
 222:Drivers/STM32WBxx_HAL_Driver/Src/stm32wbxx_hal_gpio.c ****         temp |= ((GPIO_Init->Alternate) << ((position & 0x07u) * 4u));
 127              		.loc 1 222 9 is_stmt 1 view .LVU46
 128              		.loc 1 222 28 is_stmt 0 view .LVU47
 129 004a 0C69     		ldr	r4, [r1, #16]
 130              		.loc 1 222 41 view .LVU48
 131 004c 04FA0CF4 		lsl	r4, r4, ip
 132              		.loc 1 222 14 view .LVU49
 133 0050 44EA0E04 		orr	r4, r4, lr
 134              	.LVL12:
 223:Drivers/STM32WBxx_HAL_Driver/Src/stm32wbxx_hal_gpio.c ****         GPIOx->AFR[position >> 3u] = temp;
 135              		.loc 1 223 9 is_stmt 1 view .LVU50
 136              		.loc 1 223 36 is_stmt 0 view .LVU51
 137 0054 40F82540 		str	r4, [r0, r5, lsl #2]
 138 0058 64E0     		b	.L6
 139              	.LVL13:
 140              	.L22:
 224:Drivers/STM32WBxx_HAL_Driver/Src/stm32wbxx_hal_gpio.c ****       }
 225:Drivers/STM32WBxx_HAL_Driver/Src/stm32wbxx_hal_gpio.c **** 
 226:Drivers/STM32WBxx_HAL_Driver/Src/stm32wbxx_hal_gpio.c ****       /* Configure IO Direction mode (Input, Output, Alternate or Analog) */
 227:Drivers/STM32WBxx_HAL_Driver/Src/stm32wbxx_hal_gpio.c ****       temp = GPIOx->MODER;
 228:Drivers/STM32WBxx_HAL_Driver/Src/stm32wbxx_hal_gpio.c ****       temp &= ~(GPIO_MODER_MODE0 << (position * 2u));
 229:Drivers/STM32WBxx_HAL_Driver/Src/stm32wbxx_hal_gpio.c ****       temp |= ((GPIO_Init->Mode & GPIO_MODE) << (position * 2u));
 230:Drivers/STM32WBxx_HAL_Driver/Src/stm32wbxx_hal_gpio.c ****       GPIOx->MODER = temp;
 231:Drivers/STM32WBxx_HAL_Driver/Src/stm32wbxx_hal_gpio.c **** 
 232:Drivers/STM32WBxx_HAL_Driver/Src/stm32wbxx_hal_gpio.c ****       /*--------------------- EXTI Mode Configuration ------------------------*/
 233:Drivers/STM32WBxx_HAL_Driver/Src/stm32wbxx_hal_gpio.c ****       /* Configure the External Interrupt or event for the current IO */
 234:Drivers/STM32WBxx_HAL_Driver/Src/stm32wbxx_hal_gpio.c ****       if ((GPIO_Init->Mode & EXTI_MODE) != 0x00u)
 235:Drivers/STM32WBxx_HAL_Driver/Src/stm32wbxx_hal_gpio.c ****       {
 236:Drivers/STM32WBxx_HAL_Driver/Src/stm32wbxx_hal_gpio.c ****         temp = SYSCFG->EXTICR[position >> 2u];
 237:Drivers/STM32WBxx_HAL_Driver/Src/stm32wbxx_hal_gpio.c ****         temp &= ~(0x0FuL << (4u * (position & 0x03u)));
 238:Drivers/STM32WBxx_HAL_Driver/Src/stm32wbxx_hal_gpio.c ****         temp |= (GPIO_GET_INDEX(GPIOx) << (4u * (position & 0x03u)));
 141              		.loc 1 238 18 view .LVU52
 142 005a 0424     		movs	r4, #4
 143 005c 00E0     		b	.L7
 144              	.L13:
 145 005e 0024     		movs	r4, #0
 146              	.L7:
 147              		.loc 1 238 40 discriminator 20 view .LVU53
 148 0060 04FA0EF4 		lsl	r4, r4, lr
 149              		.loc 1 238 14 discriminator 20 view .LVU54
 150 0064 2C43     		orrs	r4, r4, r5
 151              	.LVL14:
 239:Drivers/STM32WBxx_HAL_Driver/Src/stm32wbxx_hal_gpio.c ****         SYSCFG->EXTICR[position >> 2u] = temp;
 152              		.loc 1 239 9 is_stmt 1 discriminator 20 view .LVU55
 153              		.loc 1 239 40 is_stmt 0 discriminator 20 view .LVU56
 154 0066 0CF1020C 		add	ip, ip, #2
 155 006a 4F4D     		ldr	r5, .L23
 156 006c 45F82C40 		str	r4, [r5, ip, lsl #2]
 240:Drivers/STM32WBxx_HAL_Driver/Src/stm32wbxx_hal_gpio.c **** 
 241:Drivers/STM32WBxx_HAL_Driver/Src/stm32wbxx_hal_gpio.c ****         /* Clear Rising Falling edge configuration */
 242:Drivers/STM32WBxx_HAL_Driver/Src/stm32wbxx_hal_gpio.c ****         temp = EXTI->RTSR1;
 157              		.loc 1 242 9 is_stmt 1 discriminator 20 view .LVU57
ARM GAS  C:\Users\843E~1\AppData\Local\Temp\ccnJJWYX.s 			page 8


 158              		.loc 1 242 14 is_stmt 0 discriminator 20 view .LVU58
 159 0070 4E4C     		ldr	r4, .L23+4
 160              	.LVL15:
 161              		.loc 1 242 14 discriminator 20 view .LVU59
 162 0072 2568     		ldr	r5, [r4]
 163              	.LVL16:
 243:Drivers/STM32WBxx_HAL_Driver/Src/stm32wbxx_hal_gpio.c ****         temp &= ~(iocurrent);
 164              		.loc 1 243 9 is_stmt 1 discriminator 20 view .LVU60
 165              		.loc 1 243 17 is_stmt 0 discriminator 20 view .LVU61
 166 0074 D443     		mvns	r4, r2
 167              		.loc 1 243 14 discriminator 20 view .LVU62
 168 0076 25EA0206 		bic	r6, r5, r2
 169              	.LVL17:
 244:Drivers/STM32WBxx_HAL_Driver/Src/stm32wbxx_hal_gpio.c ****         if ((GPIO_Init->Mode & TRIGGER_RISING) != 0x00u)
 170              		.loc 1 244 9 is_stmt 1 discriminator 20 view .LVU63
 171              		.loc 1 244 12 is_stmt 0 discriminator 20 view .LVU64
 172 007a 4F68     		ldr	r7, [r1, #4]
 173 007c 17F4801F 		tst	r7, #1048576
 174 0080 01D0     		beq	.L8
 245:Drivers/STM32WBxx_HAL_Driver/Src/stm32wbxx_hal_gpio.c ****         {
 246:Drivers/STM32WBxx_HAL_Driver/Src/stm32wbxx_hal_gpio.c ****           temp |= iocurrent;
 175              		.loc 1 246 11 is_stmt 1 view .LVU65
 176              		.loc 1 246 16 is_stmt 0 view .LVU66
 177 0082 42EA0506 		orr	r6, r2, r5
 178              	.LVL18:
 179              	.L8:
 247:Drivers/STM32WBxx_HAL_Driver/Src/stm32wbxx_hal_gpio.c ****         }
 248:Drivers/STM32WBxx_HAL_Driver/Src/stm32wbxx_hal_gpio.c ****         EXTI->RTSR1 = temp;
 180              		.loc 1 248 9 is_stmt 1 view .LVU67
 181              		.loc 1 248 21 is_stmt 0 view .LVU68
 182 0086 494D     		ldr	r5, .L23+4
 183 0088 2E60     		str	r6, [r5]
 249:Drivers/STM32WBxx_HAL_Driver/Src/stm32wbxx_hal_gpio.c **** 
 250:Drivers/STM32WBxx_HAL_Driver/Src/stm32wbxx_hal_gpio.c ****         temp = EXTI->FTSR1;
 184              		.loc 1 250 9 is_stmt 1 view .LVU69
 185              		.loc 1 250 14 is_stmt 0 view .LVU70
 186 008a 6D68     		ldr	r5, [r5, #4]
 187              	.LVL19:
 251:Drivers/STM32WBxx_HAL_Driver/Src/stm32wbxx_hal_gpio.c ****         temp &= ~(iocurrent);
 188              		.loc 1 251 9 is_stmt 1 view .LVU71
 189              		.loc 1 251 14 is_stmt 0 view .LVU72
 190 008c 04EA0506 		and	r6, r4, r5
 191              	.LVL20:
 252:Drivers/STM32WBxx_HAL_Driver/Src/stm32wbxx_hal_gpio.c ****         if ((GPIO_Init->Mode & TRIGGER_FALLING) != 0x00u)
 192              		.loc 1 252 9 is_stmt 1 view .LVU73
 193              		.loc 1 252 12 is_stmt 0 view .LVU74
 194 0090 4F68     		ldr	r7, [r1, #4]
 195 0092 17F4001F 		tst	r7, #2097152
 196 0096 01D0     		beq	.L9
 253:Drivers/STM32WBxx_HAL_Driver/Src/stm32wbxx_hal_gpio.c ****         {
 254:Drivers/STM32WBxx_HAL_Driver/Src/stm32wbxx_hal_gpio.c ****           temp |= iocurrent;
 197              		.loc 1 254 11 is_stmt 1 view .LVU75
 198              		.loc 1 254 16 is_stmt 0 view .LVU76
 199 0098 42EA0506 		orr	r6, r2, r5
 200              	.LVL21:
 201              	.L9:
 255:Drivers/STM32WBxx_HAL_Driver/Src/stm32wbxx_hal_gpio.c ****         }
ARM GAS  C:\Users\843E~1\AppData\Local\Temp\ccnJJWYX.s 			page 9


 256:Drivers/STM32WBxx_HAL_Driver/Src/stm32wbxx_hal_gpio.c ****         EXTI->FTSR1 = temp;
 202              		.loc 1 256 9 is_stmt 1 view .LVU77
 203              		.loc 1 256 21 is_stmt 0 view .LVU78
 204 009c 434D     		ldr	r5, .L23+4
 205 009e 6E60     		str	r6, [r5, #4]
 257:Drivers/STM32WBxx_HAL_Driver/Src/stm32wbxx_hal_gpio.c **** 
 258:Drivers/STM32WBxx_HAL_Driver/Src/stm32wbxx_hal_gpio.c ****         /* Clear EXTI line configuration */
 259:Drivers/STM32WBxx_HAL_Driver/Src/stm32wbxx_hal_gpio.c ****         temp = EXTI->IMR1;
 206              		.loc 1 259 9 is_stmt 1 view .LVU79
 207              		.loc 1 259 14 is_stmt 0 view .LVU80
 208 00a0 D5F88050 		ldr	r5, [r5, #128]
 209              	.LVL22:
 260:Drivers/STM32WBxx_HAL_Driver/Src/stm32wbxx_hal_gpio.c ****         temp &= ~(iocurrent);
 210              		.loc 1 260 9 is_stmt 1 view .LVU81
 211              		.loc 1 260 14 is_stmt 0 view .LVU82
 212 00a4 04EA0506 		and	r6, r4, r5
 213              	.LVL23:
 261:Drivers/STM32WBxx_HAL_Driver/Src/stm32wbxx_hal_gpio.c ****         if ((GPIO_Init->Mode & EXTI_IT) != 0x00u)
 214              		.loc 1 261 9 is_stmt 1 view .LVU83
 215              		.loc 1 261 12 is_stmt 0 view .LVU84
 216 00a8 4F68     		ldr	r7, [r1, #4]
 217 00aa 17F4803F 		tst	r7, #65536
 218 00ae 01D0     		beq	.L10
 262:Drivers/STM32WBxx_HAL_Driver/Src/stm32wbxx_hal_gpio.c ****         {
 263:Drivers/STM32WBxx_HAL_Driver/Src/stm32wbxx_hal_gpio.c ****           temp |= iocurrent;
 219              		.loc 1 263 11 is_stmt 1 view .LVU85
 220              		.loc 1 263 16 is_stmt 0 view .LVU86
 221 00b0 42EA0506 		orr	r6, r2, r5
 222              	.LVL24:
 223              	.L10:
 264:Drivers/STM32WBxx_HAL_Driver/Src/stm32wbxx_hal_gpio.c ****         }
 265:Drivers/STM32WBxx_HAL_Driver/Src/stm32wbxx_hal_gpio.c ****         EXTI->IMR1 = temp;
 224              		.loc 1 265 9 is_stmt 1 view .LVU87
 225              		.loc 1 265 20 is_stmt 0 view .LVU88
 226 00b4 3D4D     		ldr	r5, .L23+4
 227 00b6 C5F88060 		str	r6, [r5, #128]
 266:Drivers/STM32WBxx_HAL_Driver/Src/stm32wbxx_hal_gpio.c **** 
 267:Drivers/STM32WBxx_HAL_Driver/Src/stm32wbxx_hal_gpio.c ****         temp = EXTI->EMR1;
 228              		.loc 1 267 9 is_stmt 1 view .LVU89
 229              		.loc 1 267 14 is_stmt 0 view .LVU90
 230 00ba D5F88450 		ldr	r5, [r5, #132]
 231              	.LVL25:
 268:Drivers/STM32WBxx_HAL_Driver/Src/stm32wbxx_hal_gpio.c ****         temp &= ~(iocurrent);
 232              		.loc 1 268 9 is_stmt 1 view .LVU91
 233              		.loc 1 268 14 is_stmt 0 view .LVU92
 234 00be 2C40     		ands	r4, r4, r5
 235              	.LVL26:
 269:Drivers/STM32WBxx_HAL_Driver/Src/stm32wbxx_hal_gpio.c ****         if ((GPIO_Init->Mode & EXTI_EVT) != 0x00u)
 236              		.loc 1 269 9 is_stmt 1 view .LVU93
 237              		.loc 1 269 23 is_stmt 0 view .LVU94
 238 00c0 4E68     		ldr	r6, [r1, #4]
 239              		.loc 1 269 12 view .LVU95
 240 00c2 16F4003F 		tst	r6, #131072
 241 00c6 01D0     		beq	.L11
 270:Drivers/STM32WBxx_HAL_Driver/Src/stm32wbxx_hal_gpio.c ****         {
 271:Drivers/STM32WBxx_HAL_Driver/Src/stm32wbxx_hal_gpio.c ****           temp |= iocurrent;
 242              		.loc 1 271 11 is_stmt 1 view .LVU96
ARM GAS  C:\Users\843E~1\AppData\Local\Temp\ccnJJWYX.s 			page 10


 243              		.loc 1 271 16 is_stmt 0 view .LVU97
 244 00c8 42EA0504 		orr	r4, r2, r5
 245              	.LVL27:
 246              	.L11:
 272:Drivers/STM32WBxx_HAL_Driver/Src/stm32wbxx_hal_gpio.c ****         }
 273:Drivers/STM32WBxx_HAL_Driver/Src/stm32wbxx_hal_gpio.c ****         EXTI->EMR1 = temp;
 247              		.loc 1 273 9 is_stmt 1 view .LVU98
 248              		.loc 1 273 20 is_stmt 0 view .LVU99
 249 00cc 374A     		ldr	r2, .L23+4
 250              	.LVL28:
 251              		.loc 1 273 20 view .LVU100
 252 00ce C2F88440 		str	r4, [r2, #132]
 253              	.LVL29:
 254              	.L3:
 274:Drivers/STM32WBxx_HAL_Driver/Src/stm32wbxx_hal_gpio.c ****       }
 275:Drivers/STM32WBxx_HAL_Driver/Src/stm32wbxx_hal_gpio.c ****     }
 276:Drivers/STM32WBxx_HAL_Driver/Src/stm32wbxx_hal_gpio.c **** 
 277:Drivers/STM32WBxx_HAL_Driver/Src/stm32wbxx_hal_gpio.c ****     position++;
 255              		.loc 1 277 5 is_stmt 1 view .LVU101
 256              		.loc 1 277 13 is_stmt 0 view .LVU102
 257 00d2 0133     		adds	r3, r3, #1
 258              	.LVL30:
 259              	.L2:
 177:Drivers/STM32WBxx_HAL_Driver/Src/stm32wbxx_hal_gpio.c ****   {
 260              		.loc 1 177 9 is_stmt 1 view .LVU103
 177:Drivers/STM32WBxx_HAL_Driver/Src/stm32wbxx_hal_gpio.c ****   {
 261              		.loc 1 177 21 is_stmt 0 view .LVU104
 262 00d4 0A68     		ldr	r2, [r1]
 177:Drivers/STM32WBxx_HAL_Driver/Src/stm32wbxx_hal_gpio.c ****   {
 263              		.loc 1 177 9 view .LVU105
 264 00d6 32FA03F4 		lsrs	r4, r2, r3
 265 00da 64D0     		beq	.L19
 180:Drivers/STM32WBxx_HAL_Driver/Src/stm32wbxx_hal_gpio.c **** 
 266              		.loc 1 180 5 is_stmt 1 view .LVU106
 180:Drivers/STM32WBxx_HAL_Driver/Src/stm32wbxx_hal_gpio.c **** 
 267              		.loc 1 180 41 is_stmt 0 view .LVU107
 268 00dc 4FF0010C 		mov	ip, #1
 269 00e0 0CFA03FC 		lsl	ip, ip, r3
 270              	.LVL31:
 182:Drivers/STM32WBxx_HAL_Driver/Src/stm32wbxx_hal_gpio.c ****     {
 271              		.loc 1 182 5 is_stmt 1 view .LVU108
 182:Drivers/STM32WBxx_HAL_Driver/Src/stm32wbxx_hal_gpio.c ****     {
 272              		.loc 1 182 8 is_stmt 0 view .LVU109
 273 00e4 1CEA0202 		ands	r2, ip, r2
 274              	.LVL32:
 182:Drivers/STM32WBxx_HAL_Driver/Src/stm32wbxx_hal_gpio.c ****     {
 275              		.loc 1 182 8 view .LVU110
 276 00e8 F3D0     		beq	.L3
 186:Drivers/STM32WBxx_HAL_Driver/Src/stm32wbxx_hal_gpio.c ****       {
 277              		.loc 1 186 7 is_stmt 1 view .LVU111
 186:Drivers/STM32WBxx_HAL_Driver/Src/stm32wbxx_hal_gpio.c ****       {
 278              		.loc 1 186 22 is_stmt 0 view .LVU112
 279 00ea 4C68     		ldr	r4, [r1, #4]
 186:Drivers/STM32WBxx_HAL_Driver/Src/stm32wbxx_hal_gpio.c ****       {
 280              		.loc 1 186 29 view .LVU113
 281 00ec 04F00304 		and	r4, r4, #3
 186:Drivers/STM32WBxx_HAL_Driver/Src/stm32wbxx_hal_gpio.c ****       {
ARM GAS  C:\Users\843E~1\AppData\Local\Temp\ccnJJWYX.s 			page 11


 282              		.loc 1 186 58 view .LVU114
 283 00f0 013C     		subs	r4, r4, #1
 186:Drivers/STM32WBxx_HAL_Driver/Src/stm32wbxx_hal_gpio.c ****       {
 284              		.loc 1 186 10 view .LVU115
 285 00f2 012C     		cmp	r4, #1
 286 00f4 87D9     		bls	.L20
 287              	.L4:
 204:Drivers/STM32WBxx_HAL_Driver/Src/stm32wbxx_hal_gpio.c ****       {
 288              		.loc 1 204 7 is_stmt 1 view .LVU116
 204:Drivers/STM32WBxx_HAL_Driver/Src/stm32wbxx_hal_gpio.c ****       {
 289              		.loc 1 204 21 is_stmt 0 view .LVU117
 290 00f6 4C68     		ldr	r4, [r1, #4]
 204:Drivers/STM32WBxx_HAL_Driver/Src/stm32wbxx_hal_gpio.c ****       {
 291              		.loc 1 204 28 view .LVU118
 292 00f8 04F00304 		and	r4, r4, #3
 204:Drivers/STM32WBxx_HAL_Driver/Src/stm32wbxx_hal_gpio.c ****       {
 293              		.loc 1 204 10 view .LVU119
 294 00fc 032C     		cmp	r4, #3
 295 00fe 0CD0     		beq	.L5
 206:Drivers/STM32WBxx_HAL_Driver/Src/stm32wbxx_hal_gpio.c ****         temp &= ~(GPIO_PUPDR_PUPD0 << (position * 2U));
 296              		.loc 1 206 9 is_stmt 1 view .LVU120
 206:Drivers/STM32WBxx_HAL_Driver/Src/stm32wbxx_hal_gpio.c ****         temp &= ~(GPIO_PUPDR_PUPD0 << (position * 2U));
 297              		.loc 1 206 14 is_stmt 0 view .LVU121
 298 0100 C468     		ldr	r4, [r0, #12]
 299              	.LVL33:
 207:Drivers/STM32WBxx_HAL_Driver/Src/stm32wbxx_hal_gpio.c ****         temp |= ((GPIO_Init->Pull) << (position * 2U));
 300              		.loc 1 207 9 is_stmt 1 view .LVU122
 207:Drivers/STM32WBxx_HAL_Driver/Src/stm32wbxx_hal_gpio.c ****         temp |= ((GPIO_Init->Pull) << (position * 2U));
 301              		.loc 1 207 49 is_stmt 0 view .LVU123
 302 0102 5D00     		lsls	r5, r3, #1
 207:Drivers/STM32WBxx_HAL_Driver/Src/stm32wbxx_hal_gpio.c ****         temp |= ((GPIO_Init->Pull) << (position * 2U));
 303              		.loc 1 207 36 view .LVU124
 304 0104 4FF0030C 		mov	ip, #3
 305 0108 0CFA05FC 		lsl	ip, ip, r5
 207:Drivers/STM32WBxx_HAL_Driver/Src/stm32wbxx_hal_gpio.c ****         temp |= ((GPIO_Init->Pull) << (position * 2U));
 306              		.loc 1 207 14 view .LVU125
 307 010c 24EA0C0C 		bic	ip, r4, ip
 308              	.LVL34:
 208:Drivers/STM32WBxx_HAL_Driver/Src/stm32wbxx_hal_gpio.c ****         GPIOx->PUPDR = temp;
 309              		.loc 1 208 9 is_stmt 1 view .LVU126
 208:Drivers/STM32WBxx_HAL_Driver/Src/stm32wbxx_hal_gpio.c ****         GPIOx->PUPDR = temp;
 310              		.loc 1 208 28 is_stmt 0 view .LVU127
 311 0110 8C68     		ldr	r4, [r1, #8]
 208:Drivers/STM32WBxx_HAL_Driver/Src/stm32wbxx_hal_gpio.c ****         GPIOx->PUPDR = temp;
 312              		.loc 1 208 36 view .LVU128
 313 0112 AC40     		lsls	r4, r4, r5
 208:Drivers/STM32WBxx_HAL_Driver/Src/stm32wbxx_hal_gpio.c ****         GPIOx->PUPDR = temp;
 314              		.loc 1 208 14 view .LVU129
 315 0114 44EA0C04 		orr	r4, r4, ip
 316              	.LVL35:
 209:Drivers/STM32WBxx_HAL_Driver/Src/stm32wbxx_hal_gpio.c ****       }
 317              		.loc 1 209 9 is_stmt 1 view .LVU130
 209:Drivers/STM32WBxx_HAL_Driver/Src/stm32wbxx_hal_gpio.c ****       }
 318              		.loc 1 209 22 is_stmt 0 view .LVU131
 319 0118 C460     		str	r4, [r0, #12]
 320              	.LVL36:
 321              	.L5:
ARM GAS  C:\Users\843E~1\AppData\Local\Temp\ccnJJWYX.s 			page 12


 213:Drivers/STM32WBxx_HAL_Driver/Src/stm32wbxx_hal_gpio.c ****       {
 322              		.loc 1 213 7 is_stmt 1 view .LVU132
 213:Drivers/STM32WBxx_HAL_Driver/Src/stm32wbxx_hal_gpio.c ****       {
 323              		.loc 1 213 21 is_stmt 0 view .LVU133
 324 011a 4C68     		ldr	r4, [r1, #4]
 213:Drivers/STM32WBxx_HAL_Driver/Src/stm32wbxx_hal_gpio.c ****       {
 325              		.loc 1 213 28 view .LVU134
 326 011c 04F00304 		and	r4, r4, #3
 213:Drivers/STM32WBxx_HAL_Driver/Src/stm32wbxx_hal_gpio.c ****       {
 327              		.loc 1 213 10 view .LVU135
 328 0120 022C     		cmp	r4, #2
 329 0122 85D0     		beq	.L21
 330              	.L6:
 227:Drivers/STM32WBxx_HAL_Driver/Src/stm32wbxx_hal_gpio.c ****       temp &= ~(GPIO_MODER_MODE0 << (position * 2u));
 331              		.loc 1 227 7 is_stmt 1 view .LVU136
 227:Drivers/STM32WBxx_HAL_Driver/Src/stm32wbxx_hal_gpio.c ****       temp &= ~(GPIO_MODER_MODE0 << (position * 2u));
 332              		.loc 1 227 12 is_stmt 0 view .LVU137
 333 0124 0468     		ldr	r4, [r0]
 334              	.LVL37:
 228:Drivers/STM32WBxx_HAL_Driver/Src/stm32wbxx_hal_gpio.c ****       temp |= ((GPIO_Init->Mode & GPIO_MODE) << (position * 2u));
 335              		.loc 1 228 7 is_stmt 1 view .LVU138
 228:Drivers/STM32WBxx_HAL_Driver/Src/stm32wbxx_hal_gpio.c ****       temp |= ((GPIO_Init->Mode & GPIO_MODE) << (position * 2u));
 336              		.loc 1 228 47 is_stmt 0 view .LVU139
 337 0126 4FEA430E 		lsl	lr, r3, #1
 228:Drivers/STM32WBxx_HAL_Driver/Src/stm32wbxx_hal_gpio.c ****       temp |= ((GPIO_Init->Mode & GPIO_MODE) << (position * 2u));
 338              		.loc 1 228 34 view .LVU140
 339 012a 4FF0030C 		mov	ip, #3
 340 012e 0CFA0EFC 		lsl	ip, ip, lr
 228:Drivers/STM32WBxx_HAL_Driver/Src/stm32wbxx_hal_gpio.c ****       temp |= ((GPIO_Init->Mode & GPIO_MODE) << (position * 2u));
 341              		.loc 1 228 12 view .LVU141
 342 0132 24EA0C0C 		bic	ip, r4, ip
 343              	.LVL38:
 229:Drivers/STM32WBxx_HAL_Driver/Src/stm32wbxx_hal_gpio.c ****       GPIOx->MODER = temp;
 344              		.loc 1 229 7 is_stmt 1 view .LVU142
 229:Drivers/STM32WBxx_HAL_Driver/Src/stm32wbxx_hal_gpio.c ****       GPIOx->MODER = temp;
 345              		.loc 1 229 26 is_stmt 0 view .LVU143
 346 0136 4C68     		ldr	r4, [r1, #4]
 229:Drivers/STM32WBxx_HAL_Driver/Src/stm32wbxx_hal_gpio.c ****       GPIOx->MODER = temp;
 347              		.loc 1 229 33 view .LVU144
 348 0138 04F00304 		and	r4, r4, #3
 229:Drivers/STM32WBxx_HAL_Driver/Src/stm32wbxx_hal_gpio.c ****       GPIOx->MODER = temp;
 349              		.loc 1 229 46 view .LVU145
 350 013c 04FA0EF4 		lsl	r4, r4, lr
 229:Drivers/STM32WBxx_HAL_Driver/Src/stm32wbxx_hal_gpio.c ****       GPIOx->MODER = temp;
 351              		.loc 1 229 12 view .LVU146
 352 0140 44EA0C04 		orr	r4, r4, ip
 353              	.LVL39:
 230:Drivers/STM32WBxx_HAL_Driver/Src/stm32wbxx_hal_gpio.c **** 
 354              		.loc 1 230 7 is_stmt 1 view .LVU147
 230:Drivers/STM32WBxx_HAL_Driver/Src/stm32wbxx_hal_gpio.c **** 
 355              		.loc 1 230 20 is_stmt 0 view .LVU148
 356 0144 0460     		str	r4, [r0]
 234:Drivers/STM32WBxx_HAL_Driver/Src/stm32wbxx_hal_gpio.c ****       {
 357              		.loc 1 234 7 is_stmt 1 view .LVU149
 234:Drivers/STM32WBxx_HAL_Driver/Src/stm32wbxx_hal_gpio.c ****       {
 358              		.loc 1 234 21 is_stmt 0 view .LVU150
 359 0146 4C68     		ldr	r4, [r1, #4]
ARM GAS  C:\Users\843E~1\AppData\Local\Temp\ccnJJWYX.s 			page 13


 360              	.LVL40:
 234:Drivers/STM32WBxx_HAL_Driver/Src/stm32wbxx_hal_gpio.c ****       {
 361              		.loc 1 234 10 view .LVU151
 362 0148 14F4403F 		tst	r4, #196608
 363 014c C1D0     		beq	.L3
 236:Drivers/STM32WBxx_HAL_Driver/Src/stm32wbxx_hal_gpio.c ****         temp &= ~(0x0FuL << (4u * (position & 0x03u)));
 364              		.loc 1 236 9 is_stmt 1 view .LVU152
 236:Drivers/STM32WBxx_HAL_Driver/Src/stm32wbxx_hal_gpio.c ****         temp &= ~(0x0FuL << (4u * (position & 0x03u)));
 365              		.loc 1 236 40 is_stmt 0 view .LVU153
 366 014e 4FEA930C 		lsr	ip, r3, #2
 236:Drivers/STM32WBxx_HAL_Driver/Src/stm32wbxx_hal_gpio.c ****         temp &= ~(0x0FuL << (4u * (position & 0x03u)));
 367              		.loc 1 236 14 view .LVU154
 368 0152 0CF10205 		add	r5, ip, #2
 369 0156 144C     		ldr	r4, .L23
 370 0158 54F82550 		ldr	r5, [r4, r5, lsl #2]
 371              	.LVL41:
 237:Drivers/STM32WBxx_HAL_Driver/Src/stm32wbxx_hal_gpio.c ****         temp |= (GPIO_GET_INDEX(GPIOx) << (4u * (position & 0x03u)));
 372              		.loc 1 237 9 is_stmt 1 view .LVU155
 237:Drivers/STM32WBxx_HAL_Driver/Src/stm32wbxx_hal_gpio.c ****         temp |= (GPIO_GET_INDEX(GPIOx) << (4u * (position & 0x03u)));
 373              		.loc 1 237 45 is_stmt 0 view .LVU156
 374 015c 03F00304 		and	r4, r3, #3
 237:Drivers/STM32WBxx_HAL_Driver/Src/stm32wbxx_hal_gpio.c ****         temp |= (GPIO_GET_INDEX(GPIOx) << (4u * (position & 0x03u)));
 375              		.loc 1 237 33 view .LVU157
 376 0160 4FEA840E 		lsl	lr, r4, #2
 237:Drivers/STM32WBxx_HAL_Driver/Src/stm32wbxx_hal_gpio.c ****         temp |= (GPIO_GET_INDEX(GPIOx) << (4u * (position & 0x03u)));
 377              		.loc 1 237 26 view .LVU158
 378 0164 0F24     		movs	r4, #15
 379 0166 04FA0EF4 		lsl	r4, r4, lr
 237:Drivers/STM32WBxx_HAL_Driver/Src/stm32wbxx_hal_gpio.c ****         temp |= (GPIO_GET_INDEX(GPIOx) << (4u * (position & 0x03u)));
 380              		.loc 1 237 14 view .LVU159
 381 016a 25EA0405 		bic	r5, r5, r4
 382              	.LVL42:
 238:Drivers/STM32WBxx_HAL_Driver/Src/stm32wbxx_hal_gpio.c ****         SYSCFG->EXTICR[position >> 2u] = temp;
 383              		.loc 1 238 9 is_stmt 1 view .LVU160
 238:Drivers/STM32WBxx_HAL_Driver/Src/stm32wbxx_hal_gpio.c ****         SYSCFG->EXTICR[position >> 2u] = temp;
 384              		.loc 1 238 18 is_stmt 0 view .LVU161
 385 016e B0F1904F 		cmp	r0, #1207959552
 386 0172 3FF474AF 		beq	.L13
 238:Drivers/STM32WBxx_HAL_Driver/Src/stm32wbxx_hal_gpio.c ****         SYSCFG->EXTICR[position >> 2u] = temp;
 387              		.loc 1 238 18 discriminator 1 view .LVU162
 388 0176 0E4C     		ldr	r4, .L23+8
 389 0178 A042     		cmp	r0, r4
 390 017a 0ED0     		beq	.L14
 238:Drivers/STM32WBxx_HAL_Driver/Src/stm32wbxx_hal_gpio.c ****         SYSCFG->EXTICR[position >> 2u] = temp;
 391              		.loc 1 238 18 discriminator 3 view .LVU163
 392 017c 04F58064 		add	r4, r4, #1024
 393 0180 A042     		cmp	r0, r4
 394 0182 0CD0     		beq	.L15
 238:Drivers/STM32WBxx_HAL_Driver/Src/stm32wbxx_hal_gpio.c ****         SYSCFG->EXTICR[position >> 2u] = temp;
 395              		.loc 1 238 18 discriminator 5 view .LVU164
 396 0184 04F58064 		add	r4, r4, #1024
 397 0188 A042     		cmp	r0, r4
 398 018a 0AD0     		beq	.L16
 238:Drivers/STM32WBxx_HAL_Driver/Src/stm32wbxx_hal_gpio.c ****         SYSCFG->EXTICR[position >> 2u] = temp;
 399              		.loc 1 238 18 discriminator 7 view .LVU165
 400 018c 04F58064 		add	r4, r4, #1024
 401 0190 A042     		cmp	r0, r4
ARM GAS  C:\Users\843E~1\AppData\Local\Temp\ccnJJWYX.s 			page 14


 402 0192 3FF462AF 		beq	.L22
 238:Drivers/STM32WBxx_HAL_Driver/Src/stm32wbxx_hal_gpio.c ****         SYSCFG->EXTICR[position >> 2u] = temp;
 403              		.loc 1 238 18 view .LVU166
 404 0196 0724     		movs	r4, #7
 405 0198 62E7     		b	.L7
 406              	.L14:
 407 019a 0124     		movs	r4, #1
 408 019c 60E7     		b	.L7
 409              	.L15:
 410 019e 0224     		movs	r4, #2
 411 01a0 5EE7     		b	.L7
 412              	.L16:
 413 01a2 0324     		movs	r4, #3
 414 01a4 5CE7     		b	.L7
 415              	.LVL43:
 416              	.L19:
 278:Drivers/STM32WBxx_HAL_Driver/Src/stm32wbxx_hal_gpio.c ****   }
 279:Drivers/STM32WBxx_HAL_Driver/Src/stm32wbxx_hal_gpio.c **** }
 417              		.loc 1 279 1 view .LVU167
 418 01a6 F0BD     		pop	{r4, r5, r6, r7, pc}
 419              	.L24:
 420              		.align	2
 421              	.L23:
 422 01a8 00000140 		.word	1073807360
 423 01ac 00080058 		.word	1476397056
 424 01b0 00040048 		.word	1207960576
 425              		.cfi_endproc
 426              	.LFE950:
 428              		.section	.text.HAL_GPIO_DeInit,"ax",%progbits
 429              		.align	1
 430              		.global	HAL_GPIO_DeInit
 431              		.syntax unified
 432              		.thumb
 433              		.thumb_func
 435              	HAL_GPIO_DeInit:
 436              	.LVL44:
 437              	.LFB951:
 280:Drivers/STM32WBxx_HAL_Driver/Src/stm32wbxx_hal_gpio.c **** 
 281:Drivers/STM32WBxx_HAL_Driver/Src/stm32wbxx_hal_gpio.c **** /**
 282:Drivers/STM32WBxx_HAL_Driver/Src/stm32wbxx_hal_gpio.c ****   * @brief  De-initialize the GPIOx peripheral registers to their default reset values.
 283:Drivers/STM32WBxx_HAL_Driver/Src/stm32wbxx_hal_gpio.c ****   * @param GPIOx where x can be (A..H) to select the GPIO peripheral for STM32WBxx family
 284:Drivers/STM32WBxx_HAL_Driver/Src/stm32wbxx_hal_gpio.c ****   * @param GPIO_Pin specifies the port bit to be written.
 285:Drivers/STM32WBxx_HAL_Driver/Src/stm32wbxx_hal_gpio.c ****   *         This parameter can be one of GPIO_PIN_x where x can be (0..15).
 286:Drivers/STM32WBxx_HAL_Driver/Src/stm32wbxx_hal_gpio.c ****   * @retval None
 287:Drivers/STM32WBxx_HAL_Driver/Src/stm32wbxx_hal_gpio.c ****   */
 288:Drivers/STM32WBxx_HAL_Driver/Src/stm32wbxx_hal_gpio.c **** void HAL_GPIO_DeInit(GPIO_TypeDef  *GPIOx, uint32_t GPIO_Pin)
 289:Drivers/STM32WBxx_HAL_Driver/Src/stm32wbxx_hal_gpio.c **** {
 438              		.loc 1 289 1 is_stmt 1 view -0
 439              		.cfi_startproc
 440              		@ args = 0, pretend = 0, frame = 0
 441              		@ frame_needed = 0, uses_anonymous_args = 0
 290:Drivers/STM32WBxx_HAL_Driver/Src/stm32wbxx_hal_gpio.c ****   uint32_t position = 0x00u;
 442              		.loc 1 290 3 view .LVU169
 291:Drivers/STM32WBxx_HAL_Driver/Src/stm32wbxx_hal_gpio.c ****   uint32_t iocurrent;
 443              		.loc 1 291 3 view .LVU170
 292:Drivers/STM32WBxx_HAL_Driver/Src/stm32wbxx_hal_gpio.c ****   uint32_t tmp;
 444              		.loc 1 292 3 view .LVU171
ARM GAS  C:\Users\843E~1\AppData\Local\Temp\ccnJJWYX.s 			page 15


 293:Drivers/STM32WBxx_HAL_Driver/Src/stm32wbxx_hal_gpio.c **** 
 294:Drivers/STM32WBxx_HAL_Driver/Src/stm32wbxx_hal_gpio.c ****   /* Check the parameters */
 295:Drivers/STM32WBxx_HAL_Driver/Src/stm32wbxx_hal_gpio.c ****   assert_param(IS_GPIO_ALL_INSTANCE(GPIOx));
 445              		.loc 1 295 3 view .LVU172
 296:Drivers/STM32WBxx_HAL_Driver/Src/stm32wbxx_hal_gpio.c ****   assert_param(IS_GPIO_PIN(GPIO_Pin));
 446              		.loc 1 296 3 view .LVU173
 297:Drivers/STM32WBxx_HAL_Driver/Src/stm32wbxx_hal_gpio.c **** 
 298:Drivers/STM32WBxx_HAL_Driver/Src/stm32wbxx_hal_gpio.c ****   /* Configure the port pins */
 299:Drivers/STM32WBxx_HAL_Driver/Src/stm32wbxx_hal_gpio.c ****   while ((GPIO_Pin >> position) != 0x00u)
 447              		.loc 1 299 3 view .LVU174
 290:Drivers/STM32WBxx_HAL_Driver/Src/stm32wbxx_hal_gpio.c ****   uint32_t iocurrent;
 448              		.loc 1 290 12 is_stmt 0 view .LVU175
 449 0000 0023     		movs	r3, #0
 450              	.LVL45:
 451              		.loc 1 299 9 is_stmt 1 view .LVU176
 452 0002 31FA03F2 		lsrs	r2, r1, r3
 453 0006 7ED0     		beq	.L39
 289:Drivers/STM32WBxx_HAL_Driver/Src/stm32wbxx_hal_gpio.c ****   uint32_t position = 0x00u;
 454              		.loc 1 289 1 is_stmt 0 view .LVU177
 455 0008 F0B5     		push	{r4, r5, r6, r7, lr}
 456              	.LCFI1:
 457              		.cfi_def_cfa_offset 20
 458              		.cfi_offset 4, -20
 459              		.cfi_offset 5, -16
 460              		.cfi_offset 6, -12
 461              		.cfi_offset 7, -8
 462              		.cfi_offset 14, -4
 463 000a 2EE0     		b	.L30
 464              	.LVL46:
 465              	.L42:
 300:Drivers/STM32WBxx_HAL_Driver/Src/stm32wbxx_hal_gpio.c ****   {
 301:Drivers/STM32WBxx_HAL_Driver/Src/stm32wbxx_hal_gpio.c ****     /* Get current io position */
 302:Drivers/STM32WBxx_HAL_Driver/Src/stm32wbxx_hal_gpio.c ****     iocurrent = (GPIO_Pin) & (1uL << position);
 303:Drivers/STM32WBxx_HAL_Driver/Src/stm32wbxx_hal_gpio.c **** 
 304:Drivers/STM32WBxx_HAL_Driver/Src/stm32wbxx_hal_gpio.c ****     if (iocurrent != 0x00u)
 305:Drivers/STM32WBxx_HAL_Driver/Src/stm32wbxx_hal_gpio.c ****     {
 306:Drivers/STM32WBxx_HAL_Driver/Src/stm32wbxx_hal_gpio.c ****       /*------------------------- EXTI Mode Configuration --------------------*/
 307:Drivers/STM32WBxx_HAL_Driver/Src/stm32wbxx_hal_gpio.c ****       /* Clear the External Interrupt or Event for the current IO */
 308:Drivers/STM32WBxx_HAL_Driver/Src/stm32wbxx_hal_gpio.c **** 
 309:Drivers/STM32WBxx_HAL_Driver/Src/stm32wbxx_hal_gpio.c ****       tmp = SYSCFG->EXTICR[position >> 2u];
 310:Drivers/STM32WBxx_HAL_Driver/Src/stm32wbxx_hal_gpio.c ****       tmp &= (0x0FUL << (4u * (position & 0x03u)));
 311:Drivers/STM32WBxx_HAL_Driver/Src/stm32wbxx_hal_gpio.c ****       if (tmp == (GPIO_GET_INDEX(GPIOx) << (4u * (position & 0x03u))))
 466              		.loc 1 311 19 view .LVU178
 467 000c 0425     		movs	r5, #4
 468 000e 00E0     		b	.L28
 469              	.L31:
 470 0010 0025     		movs	r5, #0
 471              	.L28:
 472              		.loc 1 311 41 discriminator 20 view .LVU179
 473 0012 05FA0CFC 		lsl	ip, r5, ip
 474              		.loc 1 311 10 discriminator 20 view .LVU180
 475 0016 A445     		cmp	ip, r4
 476 0018 55D0     		beq	.L40
 477              	.LVL47:
 478              	.L29:
 312:Drivers/STM32WBxx_HAL_Driver/Src/stm32wbxx_hal_gpio.c ****       {
 313:Drivers/STM32WBxx_HAL_Driver/Src/stm32wbxx_hal_gpio.c ****         /* Clear EXTI line configuration */
ARM GAS  C:\Users\843E~1\AppData\Local\Temp\ccnJJWYX.s 			page 16


 314:Drivers/STM32WBxx_HAL_Driver/Src/stm32wbxx_hal_gpio.c ****         EXTI->IMR1 &= ~(iocurrent);
 315:Drivers/STM32WBxx_HAL_Driver/Src/stm32wbxx_hal_gpio.c ****         EXTI->EMR1 &= ~(iocurrent);
 316:Drivers/STM32WBxx_HAL_Driver/Src/stm32wbxx_hal_gpio.c **** 
 317:Drivers/STM32WBxx_HAL_Driver/Src/stm32wbxx_hal_gpio.c ****         /* Clear Rising Falling edge configuration */
 318:Drivers/STM32WBxx_HAL_Driver/Src/stm32wbxx_hal_gpio.c ****         EXTI->RTSR1 &= ~(iocurrent);
 319:Drivers/STM32WBxx_HAL_Driver/Src/stm32wbxx_hal_gpio.c ****         EXTI->FTSR1 &= ~(iocurrent);
 320:Drivers/STM32WBxx_HAL_Driver/Src/stm32wbxx_hal_gpio.c **** 
 321:Drivers/STM32WBxx_HAL_Driver/Src/stm32wbxx_hal_gpio.c ****         tmp = 0x0FuL << (4u * (position & 0x03u));
 322:Drivers/STM32WBxx_HAL_Driver/Src/stm32wbxx_hal_gpio.c ****         SYSCFG->EXTICR[position >> 2u] &= ~tmp;
 323:Drivers/STM32WBxx_HAL_Driver/Src/stm32wbxx_hal_gpio.c ****       }
 324:Drivers/STM32WBxx_HAL_Driver/Src/stm32wbxx_hal_gpio.c **** 
 325:Drivers/STM32WBxx_HAL_Driver/Src/stm32wbxx_hal_gpio.c ****       /*------------------------- GPIO Mode Configuration --------------------*/
 326:Drivers/STM32WBxx_HAL_Driver/Src/stm32wbxx_hal_gpio.c ****       /* Configure IO in Analog Mode */
 327:Drivers/STM32WBxx_HAL_Driver/Src/stm32wbxx_hal_gpio.c ****       GPIOx->MODER |= (GPIO_MODER_MODE0 << (position * 2u));
 479              		.loc 1 327 7 is_stmt 1 view .LVU181
 480              		.loc 1 327 20 is_stmt 0 view .LVU182
 481 001a 0468     		ldr	r4, [r0]
 482              		.loc 1 327 54 view .LVU183
 483 001c 5D00     		lsls	r5, r3, #1
 484              		.loc 1 327 41 view .LVU184
 485 001e 4FF0030C 		mov	ip, #3
 486 0022 0CFA05FC 		lsl	ip, ip, r5
 487              		.loc 1 327 20 view .LVU185
 488 0026 44EA0C04 		orr	r4, r4, ip
 489 002a 0460     		str	r4, [r0]
 328:Drivers/STM32WBxx_HAL_Driver/Src/stm32wbxx_hal_gpio.c **** 
 329:Drivers/STM32WBxx_HAL_Driver/Src/stm32wbxx_hal_gpio.c ****       /* Configure the default Alternate Function in current IO */
 330:Drivers/STM32WBxx_HAL_Driver/Src/stm32wbxx_hal_gpio.c ****       GPIOx->AFR[position >> 3u] &= ~(0xFu << ((position & 0x07u) * 4u)) ;
 490              		.loc 1 330 7 is_stmt 1 view .LVU186
 491              		.loc 1 330 34 is_stmt 0 view .LVU187
 492 002c 4FEAD30E 		lsr	lr, r3, #3
 493 0030 0EF1080E 		add	lr, lr, #8
 494 0034 50F82E40 		ldr	r4, [r0, lr, lsl #2]
 495              		.loc 1 330 58 view .LVU188
 496 0038 03F00705 		and	r5, r3, #7
 497              		.loc 1 330 67 view .LVU189
 498 003c AE00     		lsls	r6, r5, #2
 499              		.loc 1 330 44 view .LVU190
 500 003e 0F25     		movs	r5, #15
 501 0040 B540     		lsls	r5, r5, r6
 502              		.loc 1 330 34 view .LVU191
 503 0042 24EA0504 		bic	r4, r4, r5
 504 0046 40F82E40 		str	r4, [r0, lr, lsl #2]
 331:Drivers/STM32WBxx_HAL_Driver/Src/stm32wbxx_hal_gpio.c **** 
 332:Drivers/STM32WBxx_HAL_Driver/Src/stm32wbxx_hal_gpio.c ****       /* Deactivate the Pull-up and Pull-down resistor for the current IO */
 333:Drivers/STM32WBxx_HAL_Driver/Src/stm32wbxx_hal_gpio.c ****       GPIOx->PUPDR &= ~(GPIO_PUPDR_PUPD0 << (position * 2u));
 505              		.loc 1 333 7 is_stmt 1 view .LVU192
 506              		.loc 1 333 20 is_stmt 0 view .LVU193
 507 004a C468     		ldr	r4, [r0, #12]
 508 004c 24EA0C04 		bic	r4, r4, ip
 509 0050 C460     		str	r4, [r0, #12]
 334:Drivers/STM32WBxx_HAL_Driver/Src/stm32wbxx_hal_gpio.c **** 
 335:Drivers/STM32WBxx_HAL_Driver/Src/stm32wbxx_hal_gpio.c ****       /* Configure the default value IO Output Type */
 336:Drivers/STM32WBxx_HAL_Driver/Src/stm32wbxx_hal_gpio.c ****       GPIOx->OTYPER  &= ~(GPIO_OTYPER_OT0 << position) ;
 510              		.loc 1 336 7 is_stmt 1 view .LVU194
 511              		.loc 1 336 22 is_stmt 0 view .LVU195
 512 0052 4468     		ldr	r4, [r0, #4]
ARM GAS  C:\Users\843E~1\AppData\Local\Temp\ccnJJWYX.s 			page 17


 513 0054 24EA0202 		bic	r2, r4, r2
 514              	.LVL48:
 515              		.loc 1 336 22 view .LVU196
 516 0058 4260     		str	r2, [r0, #4]
 337:Drivers/STM32WBxx_HAL_Driver/Src/stm32wbxx_hal_gpio.c **** 
 338:Drivers/STM32WBxx_HAL_Driver/Src/stm32wbxx_hal_gpio.c ****       /* Configure the default value for IO Speed */
 339:Drivers/STM32WBxx_HAL_Driver/Src/stm32wbxx_hal_gpio.c ****       GPIOx->OSPEEDR &= ~(GPIO_OSPEEDR_OSPEED0 << (position * 2u));
 517              		.loc 1 339 7 is_stmt 1 view .LVU197
 518              		.loc 1 339 22 is_stmt 0 view .LVU198
 519 005a 8268     		ldr	r2, [r0, #8]
 520 005c 22EA0C02 		bic	r2, r2, ip
 521 0060 8260     		str	r2, [r0, #8]
 522              	.L27:
 340:Drivers/STM32WBxx_HAL_Driver/Src/stm32wbxx_hal_gpio.c ****     }
 341:Drivers/STM32WBxx_HAL_Driver/Src/stm32wbxx_hal_gpio.c **** 
 342:Drivers/STM32WBxx_HAL_Driver/Src/stm32wbxx_hal_gpio.c ****     position++;
 523              		.loc 1 342 5 is_stmt 1 view .LVU199
 524              		.loc 1 342 13 is_stmt 0 view .LVU200
 525 0062 0133     		adds	r3, r3, #1
 526              	.LVL49:
 299:Drivers/STM32WBxx_HAL_Driver/Src/stm32wbxx_hal_gpio.c ****   {
 527              		.loc 1 299 9 is_stmt 1 view .LVU201
 528 0064 31FA03F2 		lsrs	r2, r1, r3
 529 0068 4CD0     		beq	.L41
 530              	.LVL50:
 531              	.L30:
 302:Drivers/STM32WBxx_HAL_Driver/Src/stm32wbxx_hal_gpio.c **** 
 532              		.loc 1 302 5 view .LVU202
 302:Drivers/STM32WBxx_HAL_Driver/Src/stm32wbxx_hal_gpio.c **** 
 533              		.loc 1 302 35 is_stmt 0 view .LVU203
 534 006a 0122     		movs	r2, #1
 535 006c 9A40     		lsls	r2, r2, r3
 536              	.LVL51:
 304:Drivers/STM32WBxx_HAL_Driver/Src/stm32wbxx_hal_gpio.c ****     {
 537              		.loc 1 304 5 is_stmt 1 view .LVU204
 304:Drivers/STM32WBxx_HAL_Driver/Src/stm32wbxx_hal_gpio.c ****     {
 538              		.loc 1 304 8 is_stmt 0 view .LVU205
 539 006e 12EA0107 		ands	r7, r2, r1
 540              	.LVL52:
 304:Drivers/STM32WBxx_HAL_Driver/Src/stm32wbxx_hal_gpio.c ****     {
 541              		.loc 1 304 8 view .LVU206
 542 0072 F6D0     		beq	.L27
 309:Drivers/STM32WBxx_HAL_Driver/Src/stm32wbxx_hal_gpio.c ****       tmp &= (0x0FUL << (4u * (position & 0x03u)));
 543              		.loc 1 309 7 is_stmt 1 view .LVU207
 309:Drivers/STM32WBxx_HAL_Driver/Src/stm32wbxx_hal_gpio.c ****       tmp &= (0x0FUL << (4u * (position & 0x03u)));
 544              		.loc 1 309 37 is_stmt 0 view .LVU208
 545 0074 4FEA930E 		lsr	lr, r3, #2
 309:Drivers/STM32WBxx_HAL_Driver/Src/stm32wbxx_hal_gpio.c ****       tmp &= (0x0FUL << (4u * (position & 0x03u)));
 546              		.loc 1 309 11 view .LVU209
 547 0078 0EF10205 		add	r5, lr, #2
 548 007c 224C     		ldr	r4, .L43
 549 007e 54F82540 		ldr	r4, [r4, r5, lsl #2]
 550              	.LVL53:
 310:Drivers/STM32WBxx_HAL_Driver/Src/stm32wbxx_hal_gpio.c ****       if (tmp == (GPIO_GET_INDEX(GPIOx) << (4u * (position & 0x03u))))
 551              		.loc 1 310 7 is_stmt 1 view .LVU210
 310:Drivers/STM32WBxx_HAL_Driver/Src/stm32wbxx_hal_gpio.c ****       if (tmp == (GPIO_GET_INDEX(GPIOx) << (4u * (position & 0x03u))))
 552              		.loc 1 310 41 is_stmt 0 view .LVU211
ARM GAS  C:\Users\843E~1\AppData\Local\Temp\ccnJJWYX.s 			page 18


 553 0082 03F0030C 		and	ip, r3, #3
 310:Drivers/STM32WBxx_HAL_Driver/Src/stm32wbxx_hal_gpio.c ****       if (tmp == (GPIO_GET_INDEX(GPIOx) << (4u * (position & 0x03u))))
 554              		.loc 1 310 29 view .LVU212
 555 0086 4FEA8C0C 		lsl	ip, ip, #2
 310:Drivers/STM32WBxx_HAL_Driver/Src/stm32wbxx_hal_gpio.c ****       if (tmp == (GPIO_GET_INDEX(GPIOx) << (4u * (position & 0x03u))))
 556              		.loc 1 310 22 view .LVU213
 557 008a 0F25     		movs	r5, #15
 558 008c 05FA0CF6 		lsl	r6, r5, ip
 310:Drivers/STM32WBxx_HAL_Driver/Src/stm32wbxx_hal_gpio.c ****       if (tmp == (GPIO_GET_INDEX(GPIOx) << (4u * (position & 0x03u))))
 559              		.loc 1 310 11 view .LVU214
 560 0090 3440     		ands	r4, r4, r6
 561              	.LVL54:
 311:Drivers/STM32WBxx_HAL_Driver/Src/stm32wbxx_hal_gpio.c ****       {
 562              		.loc 1 311 7 is_stmt 1 view .LVU215
 311:Drivers/STM32WBxx_HAL_Driver/Src/stm32wbxx_hal_gpio.c ****       {
 563              		.loc 1 311 19 is_stmt 0 view .LVU216
 564 0092 B0F1904F 		cmp	r0, #1207959552
 565 0096 BBD0     		beq	.L31
 311:Drivers/STM32WBxx_HAL_Driver/Src/stm32wbxx_hal_gpio.c ****       {
 566              		.loc 1 311 19 discriminator 1 view .LVU217
 567 0098 1C4D     		ldr	r5, .L43+4
 568 009a A842     		cmp	r0, r5
 569 009c 0DD0     		beq	.L32
 311:Drivers/STM32WBxx_HAL_Driver/Src/stm32wbxx_hal_gpio.c ****       {
 570              		.loc 1 311 19 discriminator 3 view .LVU218
 571 009e 05F58065 		add	r5, r5, #1024
 572 00a2 A842     		cmp	r0, r5
 573 00a4 0BD0     		beq	.L33
 311:Drivers/STM32WBxx_HAL_Driver/Src/stm32wbxx_hal_gpio.c ****       {
 574              		.loc 1 311 19 discriminator 5 view .LVU219
 575 00a6 05F58065 		add	r5, r5, #1024
 576 00aa A842     		cmp	r0, r5
 577 00ac 09D0     		beq	.L34
 311:Drivers/STM32WBxx_HAL_Driver/Src/stm32wbxx_hal_gpio.c ****       {
 578              		.loc 1 311 19 discriminator 7 view .LVU220
 579 00ae 05F58065 		add	r5, r5, #1024
 580 00b2 A842     		cmp	r0, r5
 581 00b4 AAD0     		beq	.L42
 311:Drivers/STM32WBxx_HAL_Driver/Src/stm32wbxx_hal_gpio.c ****       {
 582              		.loc 1 311 19 view .LVU221
 583 00b6 0725     		movs	r5, #7
 584 00b8 ABE7     		b	.L28
 585              	.L32:
 586 00ba 0125     		movs	r5, #1
 587 00bc A9E7     		b	.L28
 588              	.L33:
 589 00be 0225     		movs	r5, #2
 590 00c0 A7E7     		b	.L28
 591              	.L34:
 592 00c2 0325     		movs	r5, #3
 593 00c4 A5E7     		b	.L28
 594              	.L40:
 314:Drivers/STM32WBxx_HAL_Driver/Src/stm32wbxx_hal_gpio.c ****         EXTI->EMR1 &= ~(iocurrent);
 595              		.loc 1 314 9 is_stmt 1 view .LVU222
 314:Drivers/STM32WBxx_HAL_Driver/Src/stm32wbxx_hal_gpio.c ****         EXTI->EMR1 &= ~(iocurrent);
 596              		.loc 1 314 20 is_stmt 0 view .LVU223
 597 00c6 124C     		ldr	r4, .L43+8
ARM GAS  C:\Users\843E~1\AppData\Local\Temp\ccnJJWYX.s 			page 19


 598              	.LVL55:
 314:Drivers/STM32WBxx_HAL_Driver/Src/stm32wbxx_hal_gpio.c ****         EXTI->EMR1 &= ~(iocurrent);
 599              		.loc 1 314 20 view .LVU224
 600 00c8 D4F88050 		ldr	r5, [r4, #128]
 601 00cc 25EA0705 		bic	r5, r5, r7
 602 00d0 C4F88050 		str	r5, [r4, #128]
 315:Drivers/STM32WBxx_HAL_Driver/Src/stm32wbxx_hal_gpio.c **** 
 603              		.loc 1 315 9 is_stmt 1 view .LVU225
 315:Drivers/STM32WBxx_HAL_Driver/Src/stm32wbxx_hal_gpio.c **** 
 604              		.loc 1 315 20 is_stmt 0 view .LVU226
 605 00d4 D4F88450 		ldr	r5, [r4, #132]
 606 00d8 25EA0705 		bic	r5, r5, r7
 607 00dc C4F88450 		str	r5, [r4, #132]
 318:Drivers/STM32WBxx_HAL_Driver/Src/stm32wbxx_hal_gpio.c ****         EXTI->FTSR1 &= ~(iocurrent);
 608              		.loc 1 318 9 is_stmt 1 view .LVU227
 318:Drivers/STM32WBxx_HAL_Driver/Src/stm32wbxx_hal_gpio.c ****         EXTI->FTSR1 &= ~(iocurrent);
 609              		.loc 1 318 21 is_stmt 0 view .LVU228
 610 00e0 2568     		ldr	r5, [r4]
 611 00e2 25EA0705 		bic	r5, r5, r7
 612 00e6 2560     		str	r5, [r4]
 319:Drivers/STM32WBxx_HAL_Driver/Src/stm32wbxx_hal_gpio.c **** 
 613              		.loc 1 319 9 is_stmt 1 view .LVU229
 319:Drivers/STM32WBxx_HAL_Driver/Src/stm32wbxx_hal_gpio.c **** 
 614              		.loc 1 319 21 is_stmt 0 view .LVU230
 615 00e8 6568     		ldr	r5, [r4, #4]
 616 00ea 25EA0707 		bic	r7, r5, r7
 617              	.LVL56:
 319:Drivers/STM32WBxx_HAL_Driver/Src/stm32wbxx_hal_gpio.c **** 
 618              		.loc 1 319 21 view .LVU231
 619 00ee 6760     		str	r7, [r4, #4]
 321:Drivers/STM32WBxx_HAL_Driver/Src/stm32wbxx_hal_gpio.c ****         SYSCFG->EXTICR[position >> 2u] &= ~tmp;
 620              		.loc 1 321 9 is_stmt 1 view .LVU232
 621              	.LVL57:
 322:Drivers/STM32WBxx_HAL_Driver/Src/stm32wbxx_hal_gpio.c ****       }
 622              		.loc 1 322 9 view .LVU233
 322:Drivers/STM32WBxx_HAL_Driver/Src/stm32wbxx_hal_gpio.c ****       }
 623              		.loc 1 322 40 is_stmt 0 view .LVU234
 624 00f0 054F     		ldr	r7, .L43
 625 00f2 0EF10204 		add	r4, lr, #2
 626 00f6 57F82450 		ldr	r5, [r7, r4, lsl #2]
 627 00fa 25EA0605 		bic	r5, r5, r6
 628 00fe 47F82450 		str	r5, [r7, r4, lsl #2]
 629 0102 8AE7     		b	.L29
 630              	.LVL58:
 631              	.L41:
 343:Drivers/STM32WBxx_HAL_Driver/Src/stm32wbxx_hal_gpio.c ****   }
 344:Drivers/STM32WBxx_HAL_Driver/Src/stm32wbxx_hal_gpio.c **** }
 632              		.loc 1 344 1 view .LVU235
 633 0104 F0BD     		pop	{r4, r5, r6, r7, pc}
 634              	.LVL59:
 635              	.L39:
 636              	.LCFI2:
 637              		.cfi_def_cfa_offset 0
 638              		.cfi_restore 4
 639              		.cfi_restore 5
 640              		.cfi_restore 6
 641              		.cfi_restore 7
ARM GAS  C:\Users\843E~1\AppData\Local\Temp\ccnJJWYX.s 			page 20


 642              		.cfi_restore 14
 643              		.loc 1 344 1 view .LVU236
 644 0106 7047     		bx	lr
 645              	.L44:
 646              		.align	2
 647              	.L43:
 648 0108 00000140 		.word	1073807360
 649 010c 00040048 		.word	1207960576
 650 0110 00080058 		.word	1476397056
 651              		.cfi_endproc
 652              	.LFE951:
 654              		.section	.text.HAL_GPIO_ReadPin,"ax",%progbits
 655              		.align	1
 656              		.global	HAL_GPIO_ReadPin
 657              		.syntax unified
 658              		.thumb
 659              		.thumb_func
 661              	HAL_GPIO_ReadPin:
 662              	.LVL60:
 663              	.LFB952:
 345:Drivers/STM32WBxx_HAL_Driver/Src/stm32wbxx_hal_gpio.c **** 
 346:Drivers/STM32WBxx_HAL_Driver/Src/stm32wbxx_hal_gpio.c **** /**
 347:Drivers/STM32WBxx_HAL_Driver/Src/stm32wbxx_hal_gpio.c ****   * @}
 348:Drivers/STM32WBxx_HAL_Driver/Src/stm32wbxx_hal_gpio.c ****   */
 349:Drivers/STM32WBxx_HAL_Driver/Src/stm32wbxx_hal_gpio.c **** 
 350:Drivers/STM32WBxx_HAL_Driver/Src/stm32wbxx_hal_gpio.c **** /** @addtogroup GPIO_Exported_Functions_Group2
 351:Drivers/STM32WBxx_HAL_Driver/Src/stm32wbxx_hal_gpio.c ****   *  @brief GPIO Read, Write, Toggle, Lock and EXTI management functions.
 352:Drivers/STM32WBxx_HAL_Driver/Src/stm32wbxx_hal_gpio.c ****   *
 353:Drivers/STM32WBxx_HAL_Driver/Src/stm32wbxx_hal_gpio.c **** @verbatim
 354:Drivers/STM32WBxx_HAL_Driver/Src/stm32wbxx_hal_gpio.c ****  ===============================================================================
 355:Drivers/STM32WBxx_HAL_Driver/Src/stm32wbxx_hal_gpio.c ****                        ##### IO operation functions #####
 356:Drivers/STM32WBxx_HAL_Driver/Src/stm32wbxx_hal_gpio.c ****  ===============================================================================
 357:Drivers/STM32WBxx_HAL_Driver/Src/stm32wbxx_hal_gpio.c **** 
 358:Drivers/STM32WBxx_HAL_Driver/Src/stm32wbxx_hal_gpio.c **** @endverbatim
 359:Drivers/STM32WBxx_HAL_Driver/Src/stm32wbxx_hal_gpio.c ****   * @{
 360:Drivers/STM32WBxx_HAL_Driver/Src/stm32wbxx_hal_gpio.c ****   */
 361:Drivers/STM32WBxx_HAL_Driver/Src/stm32wbxx_hal_gpio.c **** 
 362:Drivers/STM32WBxx_HAL_Driver/Src/stm32wbxx_hal_gpio.c **** /**
 363:Drivers/STM32WBxx_HAL_Driver/Src/stm32wbxx_hal_gpio.c ****   * @brief  Read the specified input port pin.
 364:Drivers/STM32WBxx_HAL_Driver/Src/stm32wbxx_hal_gpio.c ****   * @param GPIOx where x can be (A..F) to select the GPIO peripheral for STM32WBxx family
 365:Drivers/STM32WBxx_HAL_Driver/Src/stm32wbxx_hal_gpio.c ****   * @param GPIO_Pin specifies the port bit to read.
 366:Drivers/STM32WBxx_HAL_Driver/Src/stm32wbxx_hal_gpio.c ****   *         This parameter can be GPIO_PIN_x where x can be (0..15).
 367:Drivers/STM32WBxx_HAL_Driver/Src/stm32wbxx_hal_gpio.c ****   * @retval The input port pin value.
 368:Drivers/STM32WBxx_HAL_Driver/Src/stm32wbxx_hal_gpio.c ****   */
 369:Drivers/STM32WBxx_HAL_Driver/Src/stm32wbxx_hal_gpio.c **** GPIO_PinState HAL_GPIO_ReadPin(GPIO_TypeDef *GPIOx, uint16_t GPIO_Pin)
 370:Drivers/STM32WBxx_HAL_Driver/Src/stm32wbxx_hal_gpio.c **** {
 664              		.loc 1 370 1 is_stmt 1 view -0
 665              		.cfi_startproc
 666              		@ args = 0, pretend = 0, frame = 0
 667              		@ frame_needed = 0, uses_anonymous_args = 0
 668              		@ link register save eliminated.
 371:Drivers/STM32WBxx_HAL_Driver/Src/stm32wbxx_hal_gpio.c ****   GPIO_PinState bitstatus;
 669              		.loc 1 371 3 view .LVU238
 372:Drivers/STM32WBxx_HAL_Driver/Src/stm32wbxx_hal_gpio.c **** 
 373:Drivers/STM32WBxx_HAL_Driver/Src/stm32wbxx_hal_gpio.c ****   /* Check the parameters */
 374:Drivers/STM32WBxx_HAL_Driver/Src/stm32wbxx_hal_gpio.c ****   assert_param(IS_GPIO_PIN(GPIO_Pin));
 670              		.loc 1 374 3 view .LVU239
ARM GAS  C:\Users\843E~1\AppData\Local\Temp\ccnJJWYX.s 			page 21


 375:Drivers/STM32WBxx_HAL_Driver/Src/stm32wbxx_hal_gpio.c **** 
 376:Drivers/STM32WBxx_HAL_Driver/Src/stm32wbxx_hal_gpio.c ****   if ((GPIOx->IDR & GPIO_Pin) != 0x00u)
 671              		.loc 1 376 3 view .LVU240
 672              		.loc 1 376 13 is_stmt 0 view .LVU241
 673 0000 0369     		ldr	r3, [r0, #16]
 674              		.loc 1 376 6 view .LVU242
 675 0002 1942     		tst	r1, r3
 676 0004 01D0     		beq	.L47
 377:Drivers/STM32WBxx_HAL_Driver/Src/stm32wbxx_hal_gpio.c ****   {
 378:Drivers/STM32WBxx_HAL_Driver/Src/stm32wbxx_hal_gpio.c ****     bitstatus = GPIO_PIN_SET;
 677              		.loc 1 378 15 view .LVU243
 678 0006 0120     		movs	r0, #1
 679              	.LVL61:
 680              		.loc 1 378 15 view .LVU244
 681 0008 7047     		bx	lr
 682              	.LVL62:
 683              	.L47:
 379:Drivers/STM32WBxx_HAL_Driver/Src/stm32wbxx_hal_gpio.c ****   }
 380:Drivers/STM32WBxx_HAL_Driver/Src/stm32wbxx_hal_gpio.c ****   else
 381:Drivers/STM32WBxx_HAL_Driver/Src/stm32wbxx_hal_gpio.c ****   {
 382:Drivers/STM32WBxx_HAL_Driver/Src/stm32wbxx_hal_gpio.c ****     bitstatus = GPIO_PIN_RESET;
 684              		.loc 1 382 15 view .LVU245
 685 000a 0020     		movs	r0, #0
 686              	.LVL63:
 383:Drivers/STM32WBxx_HAL_Driver/Src/stm32wbxx_hal_gpio.c ****   }
 384:Drivers/STM32WBxx_HAL_Driver/Src/stm32wbxx_hal_gpio.c ****   return bitstatus;
 687              		.loc 1 384 3 is_stmt 1 view .LVU246
 385:Drivers/STM32WBxx_HAL_Driver/Src/stm32wbxx_hal_gpio.c **** }
 688              		.loc 1 385 1 is_stmt 0 view .LVU247
 689 000c 7047     		bx	lr
 690              		.cfi_endproc
 691              	.LFE952:
 693              		.section	.text.HAL_GPIO_WritePin,"ax",%progbits
 694              		.align	1
 695              		.global	HAL_GPIO_WritePin
 696              		.syntax unified
 697              		.thumb
 698              		.thumb_func
 700              	HAL_GPIO_WritePin:
 701              	.LVL64:
 702              	.LFB953:
 386:Drivers/STM32WBxx_HAL_Driver/Src/stm32wbxx_hal_gpio.c **** 
 387:Drivers/STM32WBxx_HAL_Driver/Src/stm32wbxx_hal_gpio.c **** /**
 388:Drivers/STM32WBxx_HAL_Driver/Src/stm32wbxx_hal_gpio.c ****   * @brief  Set or clear the selected data port bit.
 389:Drivers/STM32WBxx_HAL_Driver/Src/stm32wbxx_hal_gpio.c ****   * @note   This function uses GPIOx_BSRR and GPIOx_BRR registers to allow atomic read/modify
 390:Drivers/STM32WBxx_HAL_Driver/Src/stm32wbxx_hal_gpio.c ****   *         accesses. In this way, there is no risk of an IRQ occurring between
 391:Drivers/STM32WBxx_HAL_Driver/Src/stm32wbxx_hal_gpio.c ****   *         the read and the modify access.
 392:Drivers/STM32WBxx_HAL_Driver/Src/stm32wbxx_hal_gpio.c ****   * @param GPIOx where x can be (A..F) to select the GPIO peripheral for STM32WBxx family
 393:Drivers/STM32WBxx_HAL_Driver/Src/stm32wbxx_hal_gpio.c ****   * @param GPIO_Pin specifies the port bit to be written.
 394:Drivers/STM32WBxx_HAL_Driver/Src/stm32wbxx_hal_gpio.c ****   *         This parameter can be one of GPIO_PIN_x where x can be (0..15).
 395:Drivers/STM32WBxx_HAL_Driver/Src/stm32wbxx_hal_gpio.c ****   * @param PinState specifies the value to be written to the selected bit.
 396:Drivers/STM32WBxx_HAL_Driver/Src/stm32wbxx_hal_gpio.c ****   *         This parameter can be one of the GPIO_PinState enum values:
 397:Drivers/STM32WBxx_HAL_Driver/Src/stm32wbxx_hal_gpio.c ****   *            @arg GPIO_PIN_RESET: to clear the port pin
 398:Drivers/STM32WBxx_HAL_Driver/Src/stm32wbxx_hal_gpio.c ****   *            @arg GPIO_PIN_SET: to set the port pin
 399:Drivers/STM32WBxx_HAL_Driver/Src/stm32wbxx_hal_gpio.c ****   * @retval None
 400:Drivers/STM32WBxx_HAL_Driver/Src/stm32wbxx_hal_gpio.c ****   */
 401:Drivers/STM32WBxx_HAL_Driver/Src/stm32wbxx_hal_gpio.c **** void HAL_GPIO_WritePin(GPIO_TypeDef *GPIOx, uint16_t GPIO_Pin, GPIO_PinState PinState)
ARM GAS  C:\Users\843E~1\AppData\Local\Temp\ccnJJWYX.s 			page 22


 402:Drivers/STM32WBxx_HAL_Driver/Src/stm32wbxx_hal_gpio.c **** {
 703              		.loc 1 402 1 is_stmt 1 view -0
 704              		.cfi_startproc
 705              		@ args = 0, pretend = 0, frame = 0
 706              		@ frame_needed = 0, uses_anonymous_args = 0
 707              		@ link register save eliminated.
 403:Drivers/STM32WBxx_HAL_Driver/Src/stm32wbxx_hal_gpio.c ****   /* Check the parameters */
 404:Drivers/STM32WBxx_HAL_Driver/Src/stm32wbxx_hal_gpio.c ****   assert_param(IS_GPIO_PIN(GPIO_Pin));
 708              		.loc 1 404 3 view .LVU249
 405:Drivers/STM32WBxx_HAL_Driver/Src/stm32wbxx_hal_gpio.c ****   assert_param(IS_GPIO_PIN_ACTION(PinState));
 709              		.loc 1 405 3 view .LVU250
 406:Drivers/STM32WBxx_HAL_Driver/Src/stm32wbxx_hal_gpio.c **** 
 407:Drivers/STM32WBxx_HAL_Driver/Src/stm32wbxx_hal_gpio.c ****   if (PinState != GPIO_PIN_RESET)
 710              		.loc 1 407 3 view .LVU251
 711              		.loc 1 407 6 is_stmt 0 view .LVU252
 712 0000 0AB1     		cbz	r2, .L49
 408:Drivers/STM32WBxx_HAL_Driver/Src/stm32wbxx_hal_gpio.c ****   {
 409:Drivers/STM32WBxx_HAL_Driver/Src/stm32wbxx_hal_gpio.c ****     GPIOx->BSRR = (uint32_t)GPIO_Pin;
 713              		.loc 1 409 5 is_stmt 1 view .LVU253
 714              		.loc 1 409 17 is_stmt 0 view .LVU254
 715 0002 8161     		str	r1, [r0, #24]
 716 0004 7047     		bx	lr
 717              	.L49:
 410:Drivers/STM32WBxx_HAL_Driver/Src/stm32wbxx_hal_gpio.c ****   }
 411:Drivers/STM32WBxx_HAL_Driver/Src/stm32wbxx_hal_gpio.c ****   else
 412:Drivers/STM32WBxx_HAL_Driver/Src/stm32wbxx_hal_gpio.c ****   {
 413:Drivers/STM32WBxx_HAL_Driver/Src/stm32wbxx_hal_gpio.c ****     GPIOx->BRR = (uint32_t)GPIO_Pin;
 718              		.loc 1 413 5 is_stmt 1 view .LVU255
 719              		.loc 1 413 16 is_stmt 0 view .LVU256
 720 0006 8162     		str	r1, [r0, #40]
 414:Drivers/STM32WBxx_HAL_Driver/Src/stm32wbxx_hal_gpio.c ****   }
 415:Drivers/STM32WBxx_HAL_Driver/Src/stm32wbxx_hal_gpio.c **** }
 721              		.loc 1 415 1 view .LVU257
 722 0008 7047     		bx	lr
 723              		.cfi_endproc
 724              	.LFE953:
 726              		.section	.text.HAL_GPIO_WriteMultipleStatePin,"ax",%progbits
 727              		.align	1
 728              		.global	HAL_GPIO_WriteMultipleStatePin
 729              		.syntax unified
 730              		.thumb
 731              		.thumb_func
 733              	HAL_GPIO_WriteMultipleStatePin:
 734              	.LVL65:
 735              	.LFB954:
 416:Drivers/STM32WBxx_HAL_Driver/Src/stm32wbxx_hal_gpio.c **** 
 417:Drivers/STM32WBxx_HAL_Driver/Src/stm32wbxx_hal_gpio.c **** /**
 418:Drivers/STM32WBxx_HAL_Driver/Src/stm32wbxx_hal_gpio.c ****   * @brief  Set and clear several pins of a dedicated port in same cycle.
 419:Drivers/STM32WBxx_HAL_Driver/Src/stm32wbxx_hal_gpio.c ****   * @note   This function uses GPIOx_BSRR and GPIOx_BRR registers to allow atomic read/modify
 420:Drivers/STM32WBxx_HAL_Driver/Src/stm32wbxx_hal_gpio.c ****   *         accesses.
 421:Drivers/STM32WBxx_HAL_Driver/Src/stm32wbxx_hal_gpio.c ****   * @param  GPIOx where x can be (A..F) to select the GPIO peripheral for STM32WLxx family
 422:Drivers/STM32WBxx_HAL_Driver/Src/stm32wbxx_hal_gpio.c ****   * @param  PinReset specifies the port bits to be reset
 423:Drivers/STM32WBxx_HAL_Driver/Src/stm32wbxx_hal_gpio.c ****   *         This parameter can be any combination of GPIO_PIN_x where x can be (0..15) or zero.
 424:Drivers/STM32WBxx_HAL_Driver/Src/stm32wbxx_hal_gpio.c ****   * @param  PinSet specifies the port bits to be set
 425:Drivers/STM32WBxx_HAL_Driver/Src/stm32wbxx_hal_gpio.c ****   *         This parameter can be any combination of GPIO_PIN_x where x can be (0..15) or zero.
 426:Drivers/STM32WBxx_HAL_Driver/Src/stm32wbxx_hal_gpio.c ****   * @note   Both PinReset and PinSet combinations shall not get any common bit, else
 427:Drivers/STM32WBxx_HAL_Driver/Src/stm32wbxx_hal_gpio.c ****   *         assert would be triggered.
ARM GAS  C:\Users\843E~1\AppData\Local\Temp\ccnJJWYX.s 			page 23


 428:Drivers/STM32WBxx_HAL_Driver/Src/stm32wbxx_hal_gpio.c ****   * @note   At least one of the two parameters used to set or reset shall be different from zero.
 429:Drivers/STM32WBxx_HAL_Driver/Src/stm32wbxx_hal_gpio.c ****   * @retval None
 430:Drivers/STM32WBxx_HAL_Driver/Src/stm32wbxx_hal_gpio.c ****   */
 431:Drivers/STM32WBxx_HAL_Driver/Src/stm32wbxx_hal_gpio.c **** void HAL_GPIO_WriteMultipleStatePin(GPIO_TypeDef *GPIOx, uint16_t PinReset, uint16_t PinSet)
 432:Drivers/STM32WBxx_HAL_Driver/Src/stm32wbxx_hal_gpio.c **** {
 736              		.loc 1 432 1 is_stmt 1 view -0
 737              		.cfi_startproc
 738              		@ args = 0, pretend = 0, frame = 0
 739              		@ frame_needed = 0, uses_anonymous_args = 0
 740              		@ link register save eliminated.
 433:Drivers/STM32WBxx_HAL_Driver/Src/stm32wbxx_hal_gpio.c ****   uint32_t tmp;
 741              		.loc 1 433 3 view .LVU259
 434:Drivers/STM32WBxx_HAL_Driver/Src/stm32wbxx_hal_gpio.c **** 
 435:Drivers/STM32WBxx_HAL_Driver/Src/stm32wbxx_hal_gpio.c ****   /* Check the parameters */
 436:Drivers/STM32WBxx_HAL_Driver/Src/stm32wbxx_hal_gpio.c ****   /* Make sure at least one parameter is different from zero and that there is no common pin */
 437:Drivers/STM32WBxx_HAL_Driver/Src/stm32wbxx_hal_gpio.c ****   assert_param(IS_GPIO_PIN((uint32_t)PinReset | (uint32_t)PinSet));
 742              		.loc 1 437 3 view .LVU260
 438:Drivers/STM32WBxx_HAL_Driver/Src/stm32wbxx_hal_gpio.c ****   assert_param(IS_GPIO_COMMON_PIN(PinReset, PinSet));
 743              		.loc 1 438 3 view .LVU261
 439:Drivers/STM32WBxx_HAL_Driver/Src/stm32wbxx_hal_gpio.c **** 
 440:Drivers/STM32WBxx_HAL_Driver/Src/stm32wbxx_hal_gpio.c ****   tmp = (((uint32_t)PinReset << 16) | PinSet);
 744              		.loc 1 440 3 view .LVU262
 745              		.loc 1 440 7 is_stmt 0 view .LVU263
 746 0000 42EA0142 		orr	r2, r2, r1, lsl #16
 747              	.LVL66:
 441:Drivers/STM32WBxx_HAL_Driver/Src/stm32wbxx_hal_gpio.c ****   GPIOx->BSRR = tmp;
 748              		.loc 1 441 3 is_stmt 1 view .LVU264
 749              		.loc 1 441 15 is_stmt 0 view .LVU265
 750 0004 8261     		str	r2, [r0, #24]
 442:Drivers/STM32WBxx_HAL_Driver/Src/stm32wbxx_hal_gpio.c **** }
 751              		.loc 1 442 1 view .LVU266
 752 0006 7047     		bx	lr
 753              		.cfi_endproc
 754              	.LFE954:
 756              		.section	.text.HAL_GPIO_TogglePin,"ax",%progbits
 757              		.align	1
 758              		.global	HAL_GPIO_TogglePin
 759              		.syntax unified
 760              		.thumb
 761              		.thumb_func
 763              	HAL_GPIO_TogglePin:
 764              	.LVL67:
 765              	.LFB955:
 443:Drivers/STM32WBxx_HAL_Driver/Src/stm32wbxx_hal_gpio.c **** 
 444:Drivers/STM32WBxx_HAL_Driver/Src/stm32wbxx_hal_gpio.c **** /**
 445:Drivers/STM32WBxx_HAL_Driver/Src/stm32wbxx_hal_gpio.c ****   * @brief  Toggle the specified GPIO pin.
 446:Drivers/STM32WBxx_HAL_Driver/Src/stm32wbxx_hal_gpio.c ****   * @param GPIOx where x can be (A..H) to select the GPIO peripheral for STM32WBxx family
 447:Drivers/STM32WBxx_HAL_Driver/Src/stm32wbxx_hal_gpio.c ****   * @param GPIO_Pin specifies the pin to be toggled.
 448:Drivers/STM32WBxx_HAL_Driver/Src/stm32wbxx_hal_gpio.c ****   * @retval None
 449:Drivers/STM32WBxx_HAL_Driver/Src/stm32wbxx_hal_gpio.c ****   */
 450:Drivers/STM32WBxx_HAL_Driver/Src/stm32wbxx_hal_gpio.c **** void HAL_GPIO_TogglePin(GPIO_TypeDef *GPIOx, uint16_t GPIO_Pin)
 451:Drivers/STM32WBxx_HAL_Driver/Src/stm32wbxx_hal_gpio.c **** {
 766              		.loc 1 451 1 is_stmt 1 view -0
 767              		.cfi_startproc
 768              		@ args = 0, pretend = 0, frame = 0
 769              		@ frame_needed = 0, uses_anonymous_args = 0
 770              		@ link register save eliminated.
ARM GAS  C:\Users\843E~1\AppData\Local\Temp\ccnJJWYX.s 			page 24


 452:Drivers/STM32WBxx_HAL_Driver/Src/stm32wbxx_hal_gpio.c ****   uint32_t odr;
 771              		.loc 1 452 3 view .LVU268
 453:Drivers/STM32WBxx_HAL_Driver/Src/stm32wbxx_hal_gpio.c **** 
 454:Drivers/STM32WBxx_HAL_Driver/Src/stm32wbxx_hal_gpio.c ****   /* Check the parameters */
 455:Drivers/STM32WBxx_HAL_Driver/Src/stm32wbxx_hal_gpio.c ****   assert_param(IS_GPIO_PIN(GPIO_Pin));
 772              		.loc 1 455 3 view .LVU269
 456:Drivers/STM32WBxx_HAL_Driver/Src/stm32wbxx_hal_gpio.c **** 
 457:Drivers/STM32WBxx_HAL_Driver/Src/stm32wbxx_hal_gpio.c ****   /* get current Output Data Register value */
 458:Drivers/STM32WBxx_HAL_Driver/Src/stm32wbxx_hal_gpio.c ****   odr = GPIOx->ODR;
 773              		.loc 1 458 3 view .LVU270
 774              		.loc 1 458 7 is_stmt 0 view .LVU271
 775 0000 4369     		ldr	r3, [r0, #20]
 776              	.LVL68:
 459:Drivers/STM32WBxx_HAL_Driver/Src/stm32wbxx_hal_gpio.c **** 
 460:Drivers/STM32WBxx_HAL_Driver/Src/stm32wbxx_hal_gpio.c ****   /* Set selected pins that were at low level, and reset ones that were high */
 461:Drivers/STM32WBxx_HAL_Driver/Src/stm32wbxx_hal_gpio.c ****   GPIOx->BSRR = ((odr & GPIO_Pin) << GPIO_NUMBER) | (~odr & GPIO_Pin);
 777              		.loc 1 461 3 is_stmt 1 view .LVU272
 778              		.loc 1 461 23 is_stmt 0 view .LVU273
 779 0002 01EA0302 		and	r2, r1, r3
 780              		.loc 1 461 59 view .LVU274
 781 0006 21EA0301 		bic	r1, r1, r3
 782              	.LVL69:
 783              		.loc 1 461 51 view .LVU275
 784 000a 41EA0241 		orr	r1, r1, r2, lsl #16
 785              		.loc 1 461 15 view .LVU276
 786 000e 8161     		str	r1, [r0, #24]
 462:Drivers/STM32WBxx_HAL_Driver/Src/stm32wbxx_hal_gpio.c **** }
 787              		.loc 1 462 1 view .LVU277
 788 0010 7047     		bx	lr
 789              		.cfi_endproc
 790              	.LFE955:
 792              		.section	.text.HAL_GPIO_LockPin,"ax",%progbits
 793              		.align	1
 794              		.global	HAL_GPIO_LockPin
 795              		.syntax unified
 796              		.thumb
 797              		.thumb_func
 799              	HAL_GPIO_LockPin:
 800              	.LVL70:
 801              	.LFB956:
 463:Drivers/STM32WBxx_HAL_Driver/Src/stm32wbxx_hal_gpio.c **** 
 464:Drivers/STM32WBxx_HAL_Driver/Src/stm32wbxx_hal_gpio.c **** /**
 465:Drivers/STM32WBxx_HAL_Driver/Src/stm32wbxx_hal_gpio.c ****   * @brief  Lock GPIO Pins configuration registers.
 466:Drivers/STM32WBxx_HAL_Driver/Src/stm32wbxx_hal_gpio.c ****   * @note   The locked registers are GPIOx_MODER, GPIOx_OTYPER, GPIOx_OSPEEDR,
 467:Drivers/STM32WBxx_HAL_Driver/Src/stm32wbxx_hal_gpio.c ****   *         GPIOx_PUPDR, GPIOx_AFRL and GPIOx_AFRH.
 468:Drivers/STM32WBxx_HAL_Driver/Src/stm32wbxx_hal_gpio.c ****   * @note   The configuration of the locked GPIO pins can no longer be modified
 469:Drivers/STM32WBxx_HAL_Driver/Src/stm32wbxx_hal_gpio.c ****   *         until the next reset.
 470:Drivers/STM32WBxx_HAL_Driver/Src/stm32wbxx_hal_gpio.c ****   * @param GPIOx where x can be (A..H) to select the GPIO peripheral for STM32WBxx family
 471:Drivers/STM32WBxx_HAL_Driver/Src/stm32wbxx_hal_gpio.c ****   * @param GPIO_Pin specifies the port bits to be locked.
 472:Drivers/STM32WBxx_HAL_Driver/Src/stm32wbxx_hal_gpio.c ****   *         This parameter can be any combination of GPIO_PIN_x where x can be (0..15).
 473:Drivers/STM32WBxx_HAL_Driver/Src/stm32wbxx_hal_gpio.c ****   * @retval None
 474:Drivers/STM32WBxx_HAL_Driver/Src/stm32wbxx_hal_gpio.c ****   */
 475:Drivers/STM32WBxx_HAL_Driver/Src/stm32wbxx_hal_gpio.c **** HAL_StatusTypeDef HAL_GPIO_LockPin(GPIO_TypeDef *GPIOx, uint16_t GPIO_Pin)
 476:Drivers/STM32WBxx_HAL_Driver/Src/stm32wbxx_hal_gpio.c **** {
 802              		.loc 1 476 1 is_stmt 1 view -0
 803              		.cfi_startproc
 804              		@ args = 0, pretend = 0, frame = 8
ARM GAS  C:\Users\843E~1\AppData\Local\Temp\ccnJJWYX.s 			page 25


 805              		@ frame_needed = 0, uses_anonymous_args = 0
 806              		@ link register save eliminated.
 807              		.loc 1 476 1 is_stmt 0 view .LVU279
 808 0000 82B0     		sub	sp, sp, #8
 809              	.LCFI3:
 810              		.cfi_def_cfa_offset 8
 477:Drivers/STM32WBxx_HAL_Driver/Src/stm32wbxx_hal_gpio.c ****   __IO uint32_t tmp = GPIO_LCKR_LCKK;
 811              		.loc 1 477 3 is_stmt 1 view .LVU280
 812              		.loc 1 477 17 is_stmt 0 view .LVU281
 813 0002 4FF48033 		mov	r3, #65536
 814 0006 0193     		str	r3, [sp, #4]
 478:Drivers/STM32WBxx_HAL_Driver/Src/stm32wbxx_hal_gpio.c **** 
 479:Drivers/STM32WBxx_HAL_Driver/Src/stm32wbxx_hal_gpio.c ****   /* Check the parameters */
 480:Drivers/STM32WBxx_HAL_Driver/Src/stm32wbxx_hal_gpio.c ****   assert_param(IS_GPIO_LOCK_INSTANCE(GPIOx));
 815              		.loc 1 480 3 is_stmt 1 view .LVU282
 481:Drivers/STM32WBxx_HAL_Driver/Src/stm32wbxx_hal_gpio.c ****   assert_param(IS_GPIO_PIN(GPIO_Pin));
 816              		.loc 1 481 3 view .LVU283
 482:Drivers/STM32WBxx_HAL_Driver/Src/stm32wbxx_hal_gpio.c **** 
 483:Drivers/STM32WBxx_HAL_Driver/Src/stm32wbxx_hal_gpio.c ****   /* Apply lock key write sequence */
 484:Drivers/STM32WBxx_HAL_Driver/Src/stm32wbxx_hal_gpio.c ****   tmp |= GPIO_Pin;
 817              		.loc 1 484 3 view .LVU284
 818              		.loc 1 484 7 is_stmt 0 view .LVU285
 819 0008 019B     		ldr	r3, [sp, #4]
 820 000a 0B43     		orrs	r3, r3, r1
 821 000c 0193     		str	r3, [sp, #4]
 485:Drivers/STM32WBxx_HAL_Driver/Src/stm32wbxx_hal_gpio.c ****   /* Set LCKx bit(s): LCKK='1' + LCK[15-0] */
 486:Drivers/STM32WBxx_HAL_Driver/Src/stm32wbxx_hal_gpio.c ****   GPIOx->LCKR = tmp;
 822              		.loc 1 486 3 is_stmt 1 view .LVU286
 823              		.loc 1 486 15 is_stmt 0 view .LVU287
 824 000e 019B     		ldr	r3, [sp, #4]
 825 0010 C361     		str	r3, [r0, #28]
 487:Drivers/STM32WBxx_HAL_Driver/Src/stm32wbxx_hal_gpio.c ****   /* Reset LCKx bit(s): LCKK='0' + LCK[15-0] */
 488:Drivers/STM32WBxx_HAL_Driver/Src/stm32wbxx_hal_gpio.c ****   GPIOx->LCKR = GPIO_Pin;
 826              		.loc 1 488 3 is_stmt 1 view .LVU288
 827              		.loc 1 488 15 is_stmt 0 view .LVU289
 828 0012 C161     		str	r1, [r0, #28]
 489:Drivers/STM32WBxx_HAL_Driver/Src/stm32wbxx_hal_gpio.c ****   /* Set LCKx bit(s): LCKK='1' + LCK[15-0] */
 490:Drivers/STM32WBxx_HAL_Driver/Src/stm32wbxx_hal_gpio.c ****   GPIOx->LCKR = tmp;
 829              		.loc 1 490 3 is_stmt 1 view .LVU290
 830              		.loc 1 490 15 is_stmt 0 view .LVU291
 831 0014 019B     		ldr	r3, [sp, #4]
 832 0016 C361     		str	r3, [r0, #28]
 491:Drivers/STM32WBxx_HAL_Driver/Src/stm32wbxx_hal_gpio.c ****   /* Read LCKK register. This read is mandatory to complete key lock sequence */
 492:Drivers/STM32WBxx_HAL_Driver/Src/stm32wbxx_hal_gpio.c ****   tmp = GPIOx->LCKR;
 833              		.loc 1 492 3 is_stmt 1 view .LVU292
 834              		.loc 1 492 14 is_stmt 0 view .LVU293
 835 0018 C369     		ldr	r3, [r0, #28]
 836              		.loc 1 492 7 view .LVU294
 837 001a 0193     		str	r3, [sp, #4]
 493:Drivers/STM32WBxx_HAL_Driver/Src/stm32wbxx_hal_gpio.c **** 
 494:Drivers/STM32WBxx_HAL_Driver/Src/stm32wbxx_hal_gpio.c ****   /* read again in order to confirm lock is active */
 495:Drivers/STM32WBxx_HAL_Driver/Src/stm32wbxx_hal_gpio.c ****   if ((GPIOx->LCKR & GPIO_LCKR_LCKK) != 0x00u)
 838              		.loc 1 495 3 is_stmt 1 view .LVU295
 839              		.loc 1 495 13 is_stmt 0 view .LVU296
 840 001c C369     		ldr	r3, [r0, #28]
 841              		.loc 1 495 6 view .LVU297
 842 001e 13F4803F 		tst	r3, #65536
ARM GAS  C:\Users\843E~1\AppData\Local\Temp\ccnJJWYX.s 			page 26


 843 0022 02D0     		beq	.L55
 496:Drivers/STM32WBxx_HAL_Driver/Src/stm32wbxx_hal_gpio.c ****   {
 497:Drivers/STM32WBxx_HAL_Driver/Src/stm32wbxx_hal_gpio.c ****     return HAL_OK;
 844              		.loc 1 497 12 view .LVU298
 845 0024 0020     		movs	r0, #0
 846              	.LVL71:
 847              	.L54:
 498:Drivers/STM32WBxx_HAL_Driver/Src/stm32wbxx_hal_gpio.c ****   }
 499:Drivers/STM32WBxx_HAL_Driver/Src/stm32wbxx_hal_gpio.c ****   else
 500:Drivers/STM32WBxx_HAL_Driver/Src/stm32wbxx_hal_gpio.c ****   {
 501:Drivers/STM32WBxx_HAL_Driver/Src/stm32wbxx_hal_gpio.c ****     return HAL_ERROR;
 502:Drivers/STM32WBxx_HAL_Driver/Src/stm32wbxx_hal_gpio.c ****   }
 503:Drivers/STM32WBxx_HAL_Driver/Src/stm32wbxx_hal_gpio.c **** }
 848              		.loc 1 503 1 view .LVU299
 849 0026 02B0     		add	sp, sp, #8
 850              	.LCFI4:
 851              		.cfi_remember_state
 852              		.cfi_def_cfa_offset 0
 853              		@ sp needed
 854 0028 7047     		bx	lr
 855              	.LVL72:
 856              	.L55:
 857              	.LCFI5:
 858              		.cfi_restore_state
 501:Drivers/STM32WBxx_HAL_Driver/Src/stm32wbxx_hal_gpio.c ****   }
 859              		.loc 1 501 12 view .LVU300
 860 002a 0120     		movs	r0, #1
 861              	.LVL73:
 501:Drivers/STM32WBxx_HAL_Driver/Src/stm32wbxx_hal_gpio.c ****   }
 862              		.loc 1 501 12 view .LVU301
 863 002c FBE7     		b	.L54
 864              		.cfi_endproc
 865              	.LFE956:
 867              		.section	.text.HAL_GPIO_EXTI_Callback,"ax",%progbits
 868              		.align	1
 869              		.weak	HAL_GPIO_EXTI_Callback
 870              		.syntax unified
 871              		.thumb
 872              		.thumb_func
 874              	HAL_GPIO_EXTI_Callback:
 875              	.LVL74:
 876              	.LFB958:
 504:Drivers/STM32WBxx_HAL_Driver/Src/stm32wbxx_hal_gpio.c **** 
 505:Drivers/STM32WBxx_HAL_Driver/Src/stm32wbxx_hal_gpio.c **** /**
 506:Drivers/STM32WBxx_HAL_Driver/Src/stm32wbxx_hal_gpio.c ****   * @brief  Handle EXTI interrupt request.
 507:Drivers/STM32WBxx_HAL_Driver/Src/stm32wbxx_hal_gpio.c ****   * @param GPIO_Pin Specifies the port pin connected to corresponding EXTI line.
 508:Drivers/STM32WBxx_HAL_Driver/Src/stm32wbxx_hal_gpio.c ****   * @retval None
 509:Drivers/STM32WBxx_HAL_Driver/Src/stm32wbxx_hal_gpio.c ****   */
 510:Drivers/STM32WBxx_HAL_Driver/Src/stm32wbxx_hal_gpio.c **** void HAL_GPIO_EXTI_IRQHandler(uint16_t GPIO_Pin)
 511:Drivers/STM32WBxx_HAL_Driver/Src/stm32wbxx_hal_gpio.c **** {
 512:Drivers/STM32WBxx_HAL_Driver/Src/stm32wbxx_hal_gpio.c ****   /* EXTI line interrupt detected */
 513:Drivers/STM32WBxx_HAL_Driver/Src/stm32wbxx_hal_gpio.c ****   if (__HAL_GPIO_EXTI_GET_IT(GPIO_Pin) != 0x00u)
 514:Drivers/STM32WBxx_HAL_Driver/Src/stm32wbxx_hal_gpio.c ****   {
 515:Drivers/STM32WBxx_HAL_Driver/Src/stm32wbxx_hal_gpio.c ****     __HAL_GPIO_EXTI_CLEAR_IT(GPIO_Pin);
 516:Drivers/STM32WBxx_HAL_Driver/Src/stm32wbxx_hal_gpio.c ****     HAL_GPIO_EXTI_Callback(GPIO_Pin);
 517:Drivers/STM32WBxx_HAL_Driver/Src/stm32wbxx_hal_gpio.c ****   }
 518:Drivers/STM32WBxx_HAL_Driver/Src/stm32wbxx_hal_gpio.c **** }
ARM GAS  C:\Users\843E~1\AppData\Local\Temp\ccnJJWYX.s 			page 27


 519:Drivers/STM32WBxx_HAL_Driver/Src/stm32wbxx_hal_gpio.c **** 
 520:Drivers/STM32WBxx_HAL_Driver/Src/stm32wbxx_hal_gpio.c **** /**
 521:Drivers/STM32WBxx_HAL_Driver/Src/stm32wbxx_hal_gpio.c ****   * @brief  EXTI line detection callback.
 522:Drivers/STM32WBxx_HAL_Driver/Src/stm32wbxx_hal_gpio.c ****   * @param GPIO_Pin Specifies the port pin connected to corresponding EXTI line.
 523:Drivers/STM32WBxx_HAL_Driver/Src/stm32wbxx_hal_gpio.c ****   * @retval None
 524:Drivers/STM32WBxx_HAL_Driver/Src/stm32wbxx_hal_gpio.c ****   */
 525:Drivers/STM32WBxx_HAL_Driver/Src/stm32wbxx_hal_gpio.c **** __weak void HAL_GPIO_EXTI_Callback(uint16_t GPIO_Pin)
 526:Drivers/STM32WBxx_HAL_Driver/Src/stm32wbxx_hal_gpio.c **** {
 877              		.loc 1 526 1 is_stmt 1 view -0
 878              		.cfi_startproc
 879              		@ args = 0, pretend = 0, frame = 0
 880              		@ frame_needed = 0, uses_anonymous_args = 0
 881              		@ link register save eliminated.
 527:Drivers/STM32WBxx_HAL_Driver/Src/stm32wbxx_hal_gpio.c ****   /* Prevent unused argument(s) compilation warning */
 528:Drivers/STM32WBxx_HAL_Driver/Src/stm32wbxx_hal_gpio.c ****   UNUSED(GPIO_Pin);
 882              		.loc 1 528 3 view .LVU303
 529:Drivers/STM32WBxx_HAL_Driver/Src/stm32wbxx_hal_gpio.c **** 
 530:Drivers/STM32WBxx_HAL_Driver/Src/stm32wbxx_hal_gpio.c ****   /* NOTE: This function should not be modified, when the callback is needed,
 531:Drivers/STM32WBxx_HAL_Driver/Src/stm32wbxx_hal_gpio.c ****            the HAL_GPIO_EXTI_Callback could be implemented in the user file
 532:Drivers/STM32WBxx_HAL_Driver/Src/stm32wbxx_hal_gpio.c ****    */
 533:Drivers/STM32WBxx_HAL_Driver/Src/stm32wbxx_hal_gpio.c **** }
 883              		.loc 1 533 1 is_stmt 0 view .LVU304
 884 0000 7047     		bx	lr
 885              		.cfi_endproc
 886              	.LFE958:
 888              		.section	.text.HAL_GPIO_EXTI_IRQHandler,"ax",%progbits
 889              		.align	1
 890              		.global	HAL_GPIO_EXTI_IRQHandler
 891              		.syntax unified
 892              		.thumb
 893              		.thumb_func
 895              	HAL_GPIO_EXTI_IRQHandler:
 896              	.LVL75:
 897              	.LFB957:
 511:Drivers/STM32WBxx_HAL_Driver/Src/stm32wbxx_hal_gpio.c ****   /* EXTI line interrupt detected */
 898              		.loc 1 511 1 is_stmt 1 view -0
 899              		.cfi_startproc
 900              		@ args = 0, pretend = 0, frame = 0
 901              		@ frame_needed = 0, uses_anonymous_args = 0
 511:Drivers/STM32WBxx_HAL_Driver/Src/stm32wbxx_hal_gpio.c ****   /* EXTI line interrupt detected */
 902              		.loc 1 511 1 is_stmt 0 view .LVU306
 903 0000 08B5     		push	{r3, lr}
 904              	.LCFI6:
 905              		.cfi_def_cfa_offset 8
 906              		.cfi_offset 3, -8
 907              		.cfi_offset 14, -4
 513:Drivers/STM32WBxx_HAL_Driver/Src/stm32wbxx_hal_gpio.c ****   {
 908              		.loc 1 513 3 is_stmt 1 view .LVU307
 513:Drivers/STM32WBxx_HAL_Driver/Src/stm32wbxx_hal_gpio.c ****   {
 909              		.loc 1 513 7 is_stmt 0 view .LVU308
 910 0002 054B     		ldr	r3, .L62
 911 0004 DB68     		ldr	r3, [r3, #12]
 513:Drivers/STM32WBxx_HAL_Driver/Src/stm32wbxx_hal_gpio.c ****   {
 912              		.loc 1 513 6 view .LVU309
 913 0006 0342     		tst	r3, r0
 914 0008 00D1     		bne	.L61
 915              	.LVL76:
ARM GAS  C:\Users\843E~1\AppData\Local\Temp\ccnJJWYX.s 			page 28


 916              	.L58:
 518:Drivers/STM32WBxx_HAL_Driver/Src/stm32wbxx_hal_gpio.c **** 
 917              		.loc 1 518 1 view .LVU310
 918 000a 08BD     		pop	{r3, pc}
 919              	.LVL77:
 920              	.L61:
 515:Drivers/STM32WBxx_HAL_Driver/Src/stm32wbxx_hal_gpio.c ****     HAL_GPIO_EXTI_Callback(GPIO_Pin);
 921              		.loc 1 515 5 is_stmt 1 view .LVU311
 922 000c 024B     		ldr	r3, .L62
 923 000e D860     		str	r0, [r3, #12]
 516:Drivers/STM32WBxx_HAL_Driver/Src/stm32wbxx_hal_gpio.c ****   }
 924              		.loc 1 516 5 view .LVU312
 925 0010 FFF7FEFF 		bl	HAL_GPIO_EXTI_Callback
 926              	.LVL78:
 518:Drivers/STM32WBxx_HAL_Driver/Src/stm32wbxx_hal_gpio.c **** 
 927              		.loc 1 518 1 is_stmt 0 view .LVU313
 928 0014 F9E7     		b	.L58
 929              	.L63:
 930 0016 00BF     		.align	2
 931              	.L62:
 932 0018 00080058 		.word	1476397056
 933              		.cfi_endproc
 934              	.LFE957:
 936              		.text
 937              	.Letext0:
 938              		.file 2 "g:\\arm\\10 2021.10\\arm-none-eabi\\include\\machine\\_default_types.h"
 939              		.file 3 "g:\\arm\\10 2021.10\\arm-none-eabi\\include\\sys\\_stdint.h"
 940              		.file 4 "Drivers/CMSIS/Device/ST/STM32WBxx/Include/stm32wb55xx.h"
 941              		.file 5 "Drivers/STM32WBxx_HAL_Driver/Inc/stm32wbxx_hal_def.h"
 942              		.file 6 "Drivers/STM32WBxx_HAL_Driver/Inc/stm32wbxx_hal_gpio.h"
ARM GAS  C:\Users\843E~1\AppData\Local\Temp\ccnJJWYX.s 			page 29


DEFINED SYMBOLS
                            *ABS*:00000000 stm32wbxx_hal_gpio.c
C:\Users\843E~1\AppData\Local\Temp\ccnJJWYX.s:20     .text.HAL_GPIO_Init:00000000 $t
C:\Users\843E~1\AppData\Local\Temp\ccnJJWYX.s:26     .text.HAL_GPIO_Init:00000000 HAL_GPIO_Init
C:\Users\843E~1\AppData\Local\Temp\ccnJJWYX.s:422    .text.HAL_GPIO_Init:000001a8 $d
C:\Users\843E~1\AppData\Local\Temp\ccnJJWYX.s:429    .text.HAL_GPIO_DeInit:00000000 $t
C:\Users\843E~1\AppData\Local\Temp\ccnJJWYX.s:435    .text.HAL_GPIO_DeInit:00000000 HAL_GPIO_DeInit
C:\Users\843E~1\AppData\Local\Temp\ccnJJWYX.s:648    .text.HAL_GPIO_DeInit:00000108 $d
C:\Users\843E~1\AppData\Local\Temp\ccnJJWYX.s:655    .text.HAL_GPIO_ReadPin:00000000 $t
C:\Users\843E~1\AppData\Local\Temp\ccnJJWYX.s:661    .text.HAL_GPIO_ReadPin:00000000 HAL_GPIO_ReadPin
C:\Users\843E~1\AppData\Local\Temp\ccnJJWYX.s:694    .text.HAL_GPIO_WritePin:00000000 $t
C:\Users\843E~1\AppData\Local\Temp\ccnJJWYX.s:700    .text.HAL_GPIO_WritePin:00000000 HAL_GPIO_WritePin
C:\Users\843E~1\AppData\Local\Temp\ccnJJWYX.s:727    .text.HAL_GPIO_WriteMultipleStatePin:00000000 $t
C:\Users\843E~1\AppData\Local\Temp\ccnJJWYX.s:733    .text.HAL_GPIO_WriteMultipleStatePin:00000000 HAL_GPIO_WriteMultipleStatePin
C:\Users\843E~1\AppData\Local\Temp\ccnJJWYX.s:757    .text.HAL_GPIO_TogglePin:00000000 $t
C:\Users\843E~1\AppData\Local\Temp\ccnJJWYX.s:763    .text.HAL_GPIO_TogglePin:00000000 HAL_GPIO_TogglePin
C:\Users\843E~1\AppData\Local\Temp\ccnJJWYX.s:793    .text.HAL_GPIO_LockPin:00000000 $t
C:\Users\843E~1\AppData\Local\Temp\ccnJJWYX.s:799    .text.HAL_GPIO_LockPin:00000000 HAL_GPIO_LockPin
C:\Users\843E~1\AppData\Local\Temp\ccnJJWYX.s:868    .text.HAL_GPIO_EXTI_Callback:00000000 $t
C:\Users\843E~1\AppData\Local\Temp\ccnJJWYX.s:874    .text.HAL_GPIO_EXTI_Callback:00000000 HAL_GPIO_EXTI_Callback
C:\Users\843E~1\AppData\Local\Temp\ccnJJWYX.s:889    .text.HAL_GPIO_EXTI_IRQHandler:00000000 $t
C:\Users\843E~1\AppData\Local\Temp\ccnJJWYX.s:895    .text.HAL_GPIO_EXTI_IRQHandler:00000000 HAL_GPIO_EXTI_IRQHandler
C:\Users\843E~1\AppData\Local\Temp\ccnJJWYX.s:932    .text.HAL_GPIO_EXTI_IRQHandler:00000018 $d

NO UNDEFINED SYMBOLS
