ARM GAS  C:\Users\843E~1\AppData\Local\Temp\cc9AXn4R.s 			page 1


   1              		.cpu cortex-m4
   2              		.arch armv7e-m
   3              		.fpu fpv4-sp-d16
   4              		.eabi_attribute 27, 1
   5              		.eabi_attribute 28, 1
   6              		.eabi_attribute 20, 1
   7              		.eabi_attribute 21, 1
   8              		.eabi_attribute 23, 3
   9              		.eabi_attribute 24, 1
  10              		.eabi_attribute 25, 1
  11              		.eabi_attribute 26, 1
  12              		.eabi_attribute 30, 1
  13              		.eabi_attribute 34, 1
  14              		.eabi_attribute 18, 4
  15              		.file	"usbd_conf.c"
  16              		.text
  17              	.Ltext0:
  18              		.cfi_sections	.debug_frame
  19              		.section	.text.USBD_Get_USB_Status,"ax",%progbits
  20              		.align	1
  21              		.syntax unified
  22              		.thumb
  23              		.thumb_func
  25              	USBD_Get_USB_Status:
  26              	.LVL0:
  27              	.LFB1294:
  28              		.file 1 "USB_Device/Target/usbd_conf.c"
   1:USB_Device/Target/usbd_conf.c **** /* USER CODE BEGIN Header */
   2:USB_Device/Target/usbd_conf.c **** /**
   3:USB_Device/Target/usbd_conf.c ****   ******************************************************************************
   4:USB_Device/Target/usbd_conf.c ****   * @file           : Target/usbd_conf.c
   5:USB_Device/Target/usbd_conf.c ****   * @version        : v3.0_Cube
   6:USB_Device/Target/usbd_conf.c ****   * @brief          : This file implements the board support package for the USB device library
   7:USB_Device/Target/usbd_conf.c ****   ******************************************************************************
   8:USB_Device/Target/usbd_conf.c ****   * @attention
   9:USB_Device/Target/usbd_conf.c ****   *
  10:USB_Device/Target/usbd_conf.c ****   * Copyright (c) 2024 STMicroelectronics.
  11:USB_Device/Target/usbd_conf.c ****   * All rights reserved.
  12:USB_Device/Target/usbd_conf.c ****   *
  13:USB_Device/Target/usbd_conf.c ****   * This software is licensed under terms that can be found in the LICENSE file
  14:USB_Device/Target/usbd_conf.c ****   * in the root directory of this software component.
  15:USB_Device/Target/usbd_conf.c ****   * If no LICENSE file comes with this software, it is provided AS-IS.
  16:USB_Device/Target/usbd_conf.c ****   *
  17:USB_Device/Target/usbd_conf.c ****   ******************************************************************************
  18:USB_Device/Target/usbd_conf.c ****   */
  19:USB_Device/Target/usbd_conf.c **** /* USER CODE END Header */
  20:USB_Device/Target/usbd_conf.c **** 
  21:USB_Device/Target/usbd_conf.c **** /* Includes ------------------------------------------------------------------*/
  22:USB_Device/Target/usbd_conf.c **** #include "main.h"
  23:USB_Device/Target/usbd_conf.c **** #include "stm32wbxx.h"
  24:USB_Device/Target/usbd_conf.c **** #include "stm32wbxx_hal.h"
  25:USB_Device/Target/usbd_conf.c **** #include "usbd_def.h"
  26:USB_Device/Target/usbd_conf.c **** #include "usbd_core.h"
  27:USB_Device/Target/usbd_conf.c **** 
  28:USB_Device/Target/usbd_conf.c **** #include "usbd_cdc.h"
  29:USB_Device/Target/usbd_conf.c **** 
  30:USB_Device/Target/usbd_conf.c **** /* USER CODE BEGIN Includes */
ARM GAS  C:\Users\843E~1\AppData\Local\Temp\cc9AXn4R.s 			page 2


  31:USB_Device/Target/usbd_conf.c **** 
  32:USB_Device/Target/usbd_conf.c **** /* USER CODE END Includes */
  33:USB_Device/Target/usbd_conf.c **** 
  34:USB_Device/Target/usbd_conf.c **** /* Private typedef -----------------------------------------------------------*/
  35:USB_Device/Target/usbd_conf.c **** /* Private define ------------------------------------------------------------*/
  36:USB_Device/Target/usbd_conf.c **** /* Private macro -------------------------------------------------------------*/
  37:USB_Device/Target/usbd_conf.c **** 
  38:USB_Device/Target/usbd_conf.c **** /* Private variables ---------------------------------------------------------*/
  39:USB_Device/Target/usbd_conf.c **** /* USER CODE BEGIN PV */
  40:USB_Device/Target/usbd_conf.c **** 
  41:USB_Device/Target/usbd_conf.c **** /* USER CODE END PV */
  42:USB_Device/Target/usbd_conf.c **** 
  43:USB_Device/Target/usbd_conf.c **** PCD_HandleTypeDef hpcd_USB_FS;
  44:USB_Device/Target/usbd_conf.c **** void Error_Handler(void);
  45:USB_Device/Target/usbd_conf.c **** 
  46:USB_Device/Target/usbd_conf.c **** /* USER CODE BEGIN 0 */
  47:USB_Device/Target/usbd_conf.c **** 
  48:USB_Device/Target/usbd_conf.c **** /* USER CODE END 0 */
  49:USB_Device/Target/usbd_conf.c **** 
  50:USB_Device/Target/usbd_conf.c **** /* Exported function prototypes ----------------------------------------------*/
  51:USB_Device/Target/usbd_conf.c **** 
  52:USB_Device/Target/usbd_conf.c **** /* USER CODE BEGIN PFP */
  53:USB_Device/Target/usbd_conf.c **** /* Private function prototypes -----------------------------------------------*/
  54:USB_Device/Target/usbd_conf.c **** 
  55:USB_Device/Target/usbd_conf.c **** /* USER CODE END PFP */
  56:USB_Device/Target/usbd_conf.c **** 
  57:USB_Device/Target/usbd_conf.c **** /* Private functions ---------------------------------------------------------*/
  58:USB_Device/Target/usbd_conf.c **** static USBD_StatusTypeDef USBD_Get_USB_Status(HAL_StatusTypeDef hal_status);
  59:USB_Device/Target/usbd_conf.c **** /* USER CODE BEGIN 1 */
  60:USB_Device/Target/usbd_conf.c **** static void SystemClockConfig_Resume(void);
  61:USB_Device/Target/usbd_conf.c **** 
  62:USB_Device/Target/usbd_conf.c **** /* USER CODE END 1 */
  63:USB_Device/Target/usbd_conf.c **** extern void SystemClock_Config(void);
  64:USB_Device/Target/usbd_conf.c **** 
  65:USB_Device/Target/usbd_conf.c **** /*******************************************************************************
  66:USB_Device/Target/usbd_conf.c ****                        LL Driver Callbacks (PCD -> USB Device Library)
  67:USB_Device/Target/usbd_conf.c **** *******************************************************************************/
  68:USB_Device/Target/usbd_conf.c **** /* MSP Init */
  69:USB_Device/Target/usbd_conf.c **** 
  70:USB_Device/Target/usbd_conf.c **** #if (USE_HAL_PCD_REGISTER_CALLBACKS == 1U)
  71:USB_Device/Target/usbd_conf.c **** static void HAL_PCD_MspInit(PCD_HandleTypeDef* pcdHandle)
  72:USB_Device/Target/usbd_conf.c **** #else
  73:USB_Device/Target/usbd_conf.c **** void HAL_PCD_MspInit(PCD_HandleTypeDef* pcdHandle)
  74:USB_Device/Target/usbd_conf.c **** #endif /* USE_HAL_PCD_REGISTER_CALLBACKS */
  75:USB_Device/Target/usbd_conf.c **** {
  76:USB_Device/Target/usbd_conf.c ****   GPIO_InitTypeDef GPIO_InitStruct = {0};
  77:USB_Device/Target/usbd_conf.c ****   RCC_PeriphCLKInitTypeDef PeriphClkInitStruct = {0};
  78:USB_Device/Target/usbd_conf.c ****   if(pcdHandle->Instance==USB)
  79:USB_Device/Target/usbd_conf.c ****   {
  80:USB_Device/Target/usbd_conf.c ****   /* USER CODE BEGIN USB_MspInit 0 */
  81:USB_Device/Target/usbd_conf.c **** 
  82:USB_Device/Target/usbd_conf.c ****   /* USER CODE END USB_MspInit 0 */
  83:USB_Device/Target/usbd_conf.c **** 
  84:USB_Device/Target/usbd_conf.c ****   /** Initializes the peripherals clock
  85:USB_Device/Target/usbd_conf.c ****   */
  86:USB_Device/Target/usbd_conf.c ****     PeriphClkInitStruct.PeriphClockSelection = RCC_PERIPHCLK_USB;
  87:USB_Device/Target/usbd_conf.c ****     PeriphClkInitStruct.UsbClockSelection = RCC_USBCLKSOURCE_HSI48;
ARM GAS  C:\Users\843E~1\AppData\Local\Temp\cc9AXn4R.s 			page 3


  88:USB_Device/Target/usbd_conf.c ****     if (HAL_RCCEx_PeriphCLKConfig(&PeriphClkInitStruct) != HAL_OK)
  89:USB_Device/Target/usbd_conf.c ****     {
  90:USB_Device/Target/usbd_conf.c ****       Error_Handler();
  91:USB_Device/Target/usbd_conf.c ****     }
  92:USB_Device/Target/usbd_conf.c **** 
  93:USB_Device/Target/usbd_conf.c ****     __HAL_RCC_GPIOA_CLK_ENABLE();
  94:USB_Device/Target/usbd_conf.c ****     /**USB GPIO Configuration
  95:USB_Device/Target/usbd_conf.c ****     PA11     ------> USB_DM
  96:USB_Device/Target/usbd_conf.c ****     PA12     ------> USB_DP
  97:USB_Device/Target/usbd_conf.c ****     */
  98:USB_Device/Target/usbd_conf.c ****     GPIO_InitStruct.Pin = GPIO_PIN_11|GPIO_PIN_12;
  99:USB_Device/Target/usbd_conf.c ****     GPIO_InitStruct.Mode = GPIO_MODE_AF_PP;
 100:USB_Device/Target/usbd_conf.c ****     GPIO_InitStruct.Pull = GPIO_NOPULL;
 101:USB_Device/Target/usbd_conf.c ****     GPIO_InitStruct.Speed = GPIO_SPEED_FREQ_LOW;
 102:USB_Device/Target/usbd_conf.c ****     GPIO_InitStruct.Alternate = GPIO_AF10_USB;
 103:USB_Device/Target/usbd_conf.c ****     HAL_GPIO_Init(GPIOA, &GPIO_InitStruct);
 104:USB_Device/Target/usbd_conf.c **** 
 105:USB_Device/Target/usbd_conf.c ****     /* Peripheral clock enable */
 106:USB_Device/Target/usbd_conf.c ****     __HAL_RCC_USB_CLK_ENABLE();
 107:USB_Device/Target/usbd_conf.c **** 
 108:USB_Device/Target/usbd_conf.c ****     /* Peripheral interrupt init */
 109:USB_Device/Target/usbd_conf.c ****     HAL_NVIC_SetPriority(USB_LP_IRQn, 1, 0);
 110:USB_Device/Target/usbd_conf.c ****     HAL_NVIC_EnableIRQ(USB_LP_IRQn);
 111:USB_Device/Target/usbd_conf.c ****   /* USER CODE BEGIN USB_MspInit 1 */
 112:USB_Device/Target/usbd_conf.c **** 
 113:USB_Device/Target/usbd_conf.c ****   /* USER CODE END USB_MspInit 1 */
 114:USB_Device/Target/usbd_conf.c ****   }
 115:USB_Device/Target/usbd_conf.c **** }
 116:USB_Device/Target/usbd_conf.c **** 
 117:USB_Device/Target/usbd_conf.c **** #if (USE_HAL_PCD_REGISTER_CALLBACKS == 1U)
 118:USB_Device/Target/usbd_conf.c **** static void HAL_PCD_MspDeInit(PCD_HandleTypeDef* pcdHandle)
 119:USB_Device/Target/usbd_conf.c **** #else
 120:USB_Device/Target/usbd_conf.c **** void HAL_PCD_MspDeInit(PCD_HandleTypeDef* pcdHandle)
 121:USB_Device/Target/usbd_conf.c **** #endif /* USE_HAL_PCD_REGISTER_CALLBACKS */
 122:USB_Device/Target/usbd_conf.c **** {
 123:USB_Device/Target/usbd_conf.c ****   if(pcdHandle->Instance==USB)
 124:USB_Device/Target/usbd_conf.c ****   {
 125:USB_Device/Target/usbd_conf.c ****   /* USER CODE BEGIN USB_MspDeInit 0 */
 126:USB_Device/Target/usbd_conf.c **** 
 127:USB_Device/Target/usbd_conf.c ****   /* USER CODE END USB_MspDeInit 0 */
 128:USB_Device/Target/usbd_conf.c ****     /* Peripheral clock disable */
 129:USB_Device/Target/usbd_conf.c ****     __HAL_RCC_USB_CLK_DISABLE();
 130:USB_Device/Target/usbd_conf.c **** 
 131:USB_Device/Target/usbd_conf.c ****     /**USB GPIO Configuration
 132:USB_Device/Target/usbd_conf.c ****     PA11     ------> USB_DM
 133:USB_Device/Target/usbd_conf.c ****     PA12     ------> USB_DP
 134:USB_Device/Target/usbd_conf.c ****     */
 135:USB_Device/Target/usbd_conf.c ****     HAL_GPIO_DeInit(GPIOA, GPIO_PIN_11|GPIO_PIN_12);
 136:USB_Device/Target/usbd_conf.c **** 
 137:USB_Device/Target/usbd_conf.c ****     /* Peripheral interrupt Deinit*/
 138:USB_Device/Target/usbd_conf.c ****     HAL_NVIC_DisableIRQ(USB_LP_IRQn);
 139:USB_Device/Target/usbd_conf.c **** 
 140:USB_Device/Target/usbd_conf.c ****   /* USER CODE BEGIN USB_MspDeInit 1 */
 141:USB_Device/Target/usbd_conf.c **** 
 142:USB_Device/Target/usbd_conf.c ****   /* USER CODE END USB_MspDeInit 1 */
 143:USB_Device/Target/usbd_conf.c ****   }
 144:USB_Device/Target/usbd_conf.c **** }
ARM GAS  C:\Users\843E~1\AppData\Local\Temp\cc9AXn4R.s 			page 4


 145:USB_Device/Target/usbd_conf.c **** 
 146:USB_Device/Target/usbd_conf.c **** /**
 147:USB_Device/Target/usbd_conf.c ****   * @brief  Setup stage callback
 148:USB_Device/Target/usbd_conf.c ****   * @param  hpcd: PCD handle
 149:USB_Device/Target/usbd_conf.c ****   * @retval None
 150:USB_Device/Target/usbd_conf.c ****   */
 151:USB_Device/Target/usbd_conf.c **** #if (USE_HAL_PCD_REGISTER_CALLBACKS == 1U)
 152:USB_Device/Target/usbd_conf.c **** static void PCD_SetupStageCallback(PCD_HandleTypeDef *hpcd)
 153:USB_Device/Target/usbd_conf.c **** #else
 154:USB_Device/Target/usbd_conf.c **** void HAL_PCD_SetupStageCallback(PCD_HandleTypeDef *hpcd)
 155:USB_Device/Target/usbd_conf.c **** #endif /* USE_HAL_PCD_REGISTER_CALLBACKS */
 156:USB_Device/Target/usbd_conf.c **** {
 157:USB_Device/Target/usbd_conf.c ****   /* USER CODE BEGIN HAL_PCD_SetupStageCallback_PreTreatment */
 158:USB_Device/Target/usbd_conf.c **** 
 159:USB_Device/Target/usbd_conf.c ****   /* USER CODE END  HAL_PCD_SetupStageCallback_PreTreatment */
 160:USB_Device/Target/usbd_conf.c ****   USBD_LL_SetupStage((USBD_HandleTypeDef*)hpcd->pData, (uint8_t *)hpcd->Setup);
 161:USB_Device/Target/usbd_conf.c ****   /* USER CODE BEGIN HAL_PCD_SetupStageCallback_PostTreatment */
 162:USB_Device/Target/usbd_conf.c **** 
 163:USB_Device/Target/usbd_conf.c ****   /* USER CODE END  HAL_PCD_SetupStageCallback_PostTreatment */
 164:USB_Device/Target/usbd_conf.c **** }
 165:USB_Device/Target/usbd_conf.c **** 
 166:USB_Device/Target/usbd_conf.c **** /**
 167:USB_Device/Target/usbd_conf.c ****   * @brief  Data Out stage callback.
 168:USB_Device/Target/usbd_conf.c ****   * @param  hpcd: PCD handle
 169:USB_Device/Target/usbd_conf.c ****   * @param  epnum: Endpoint number
 170:USB_Device/Target/usbd_conf.c ****   * @retval None
 171:USB_Device/Target/usbd_conf.c ****   */
 172:USB_Device/Target/usbd_conf.c **** #if (USE_HAL_PCD_REGISTER_CALLBACKS == 1U)
 173:USB_Device/Target/usbd_conf.c **** static void PCD_DataOutStageCallback(PCD_HandleTypeDef *hpcd, uint8_t epnum)
 174:USB_Device/Target/usbd_conf.c **** #else
 175:USB_Device/Target/usbd_conf.c **** void HAL_PCD_DataOutStageCallback(PCD_HandleTypeDef *hpcd, uint8_t epnum)
 176:USB_Device/Target/usbd_conf.c **** #endif /* USE_HAL_PCD_REGISTER_CALLBACKS */
 177:USB_Device/Target/usbd_conf.c **** {
 178:USB_Device/Target/usbd_conf.c ****   /* USER CODE BEGIN HAL_PCD_DataOutStageCallback_PreTreatment */
 179:USB_Device/Target/usbd_conf.c **** 
 180:USB_Device/Target/usbd_conf.c ****   /* USER CODE END HAL_PCD_DataOutStageCallback_PreTreatment */
 181:USB_Device/Target/usbd_conf.c ****   USBD_LL_DataOutStage((USBD_HandleTypeDef*)hpcd->pData, epnum, hpcd->OUT_ep[epnum].xfer_buff);
 182:USB_Device/Target/usbd_conf.c ****   /* USER CODE BEGIN HAL_PCD_DataOutStageCallback_PostTreatment */
 183:USB_Device/Target/usbd_conf.c **** 
 184:USB_Device/Target/usbd_conf.c ****   /* USER CODE END HAL_PCD_DataOutStageCallback_PostTreatment */
 185:USB_Device/Target/usbd_conf.c **** }
 186:USB_Device/Target/usbd_conf.c **** 
 187:USB_Device/Target/usbd_conf.c **** /**
 188:USB_Device/Target/usbd_conf.c ****   * @brief  Data In stage callback.
 189:USB_Device/Target/usbd_conf.c ****   * @param  hpcd: PCD handle
 190:USB_Device/Target/usbd_conf.c ****   * @param  epnum: Endpoint number
 191:USB_Device/Target/usbd_conf.c ****   * @retval None
 192:USB_Device/Target/usbd_conf.c ****   */
 193:USB_Device/Target/usbd_conf.c **** #if (USE_HAL_PCD_REGISTER_CALLBACKS == 1U)
 194:USB_Device/Target/usbd_conf.c **** static void PCD_DataInStageCallback(PCD_HandleTypeDef *hpcd, uint8_t epnum)
 195:USB_Device/Target/usbd_conf.c **** #else
 196:USB_Device/Target/usbd_conf.c **** void HAL_PCD_DataInStageCallback(PCD_HandleTypeDef *hpcd, uint8_t epnum)
 197:USB_Device/Target/usbd_conf.c **** #endif /* USE_HAL_PCD_REGISTER_CALLBACKS */
 198:USB_Device/Target/usbd_conf.c **** {
 199:USB_Device/Target/usbd_conf.c ****   /* USER CODE BEGIN HAL_PCD_DataInStageCallback_PreTreatment */
 200:USB_Device/Target/usbd_conf.c **** 
 201:USB_Device/Target/usbd_conf.c ****   /* USER CODE END HAL_PCD_DataInStageCallback_PreTreatment */
ARM GAS  C:\Users\843E~1\AppData\Local\Temp\cc9AXn4R.s 			page 5


 202:USB_Device/Target/usbd_conf.c ****   USBD_LL_DataInStage((USBD_HandleTypeDef*)hpcd->pData, epnum, hpcd->IN_ep[epnum].xfer_buff);
 203:USB_Device/Target/usbd_conf.c ****   /* USER CODE BEGIN HAL_PCD_DataInStageCallback_PostTreatment  */
 204:USB_Device/Target/usbd_conf.c **** 
 205:USB_Device/Target/usbd_conf.c ****   /* USER CODE END HAL_PCD_DataInStageCallback_PostTreatment */
 206:USB_Device/Target/usbd_conf.c **** }
 207:USB_Device/Target/usbd_conf.c **** 
 208:USB_Device/Target/usbd_conf.c **** /**
 209:USB_Device/Target/usbd_conf.c ****   * @brief  SOF callback.
 210:USB_Device/Target/usbd_conf.c ****   * @param  hpcd: PCD handle
 211:USB_Device/Target/usbd_conf.c ****   * @retval None
 212:USB_Device/Target/usbd_conf.c ****   */
 213:USB_Device/Target/usbd_conf.c **** #if (USE_HAL_PCD_REGISTER_CALLBACKS == 1U)
 214:USB_Device/Target/usbd_conf.c **** static void PCD_SOFCallback(PCD_HandleTypeDef *hpcd)
 215:USB_Device/Target/usbd_conf.c **** #else
 216:USB_Device/Target/usbd_conf.c **** void HAL_PCD_SOFCallback(PCD_HandleTypeDef *hpcd)
 217:USB_Device/Target/usbd_conf.c **** #endif /* USE_HAL_PCD_REGISTER_CALLBACKS */
 218:USB_Device/Target/usbd_conf.c **** {
 219:USB_Device/Target/usbd_conf.c ****   /* USER CODE BEGIN HAL_PCD_SOFCallback_PreTreatment */
 220:USB_Device/Target/usbd_conf.c **** 
 221:USB_Device/Target/usbd_conf.c ****   /* USER CODE END HAL_PCD_SOFCallback_PreTreatment */
 222:USB_Device/Target/usbd_conf.c ****   USBD_LL_SOF((USBD_HandleTypeDef*)hpcd->pData);
 223:USB_Device/Target/usbd_conf.c ****   /* USER CODE BEGIN HAL_PCD_SOFCallback_PostTreatment */
 224:USB_Device/Target/usbd_conf.c **** 
 225:USB_Device/Target/usbd_conf.c ****   /* USER CODE END HAL_PCD_SOFCallback_PostTreatment */
 226:USB_Device/Target/usbd_conf.c **** }
 227:USB_Device/Target/usbd_conf.c **** 
 228:USB_Device/Target/usbd_conf.c **** /**
 229:USB_Device/Target/usbd_conf.c ****   * @brief  Reset callback.
 230:USB_Device/Target/usbd_conf.c ****   * @param  hpcd: PCD handle
 231:USB_Device/Target/usbd_conf.c ****   * @retval None
 232:USB_Device/Target/usbd_conf.c ****   */
 233:USB_Device/Target/usbd_conf.c **** #if (USE_HAL_PCD_REGISTER_CALLBACKS == 1U)
 234:USB_Device/Target/usbd_conf.c **** static void PCD_ResetCallback(PCD_HandleTypeDef *hpcd)
 235:USB_Device/Target/usbd_conf.c **** #else
 236:USB_Device/Target/usbd_conf.c **** void HAL_PCD_ResetCallback(PCD_HandleTypeDef *hpcd)
 237:USB_Device/Target/usbd_conf.c **** #endif /* USE_HAL_PCD_REGISTER_CALLBACKS */
 238:USB_Device/Target/usbd_conf.c **** {
 239:USB_Device/Target/usbd_conf.c ****   /* USER CODE BEGIN HAL_PCD_ResetCallback_PreTreatment */
 240:USB_Device/Target/usbd_conf.c **** 
 241:USB_Device/Target/usbd_conf.c ****   /* USER CODE END HAL_PCD_ResetCallback_PreTreatment */
 242:USB_Device/Target/usbd_conf.c ****   USBD_SpeedTypeDef speed = USBD_SPEED_FULL;
 243:USB_Device/Target/usbd_conf.c **** 
 244:USB_Device/Target/usbd_conf.c ****   if ( hpcd->Init.speed != PCD_SPEED_FULL)
 245:USB_Device/Target/usbd_conf.c ****   {
 246:USB_Device/Target/usbd_conf.c ****     Error_Handler();
 247:USB_Device/Target/usbd_conf.c ****   }
 248:USB_Device/Target/usbd_conf.c ****     /* Set Speed. */
 249:USB_Device/Target/usbd_conf.c ****   USBD_LL_SetSpeed((USBD_HandleTypeDef*)hpcd->pData, speed);
 250:USB_Device/Target/usbd_conf.c **** 
 251:USB_Device/Target/usbd_conf.c ****   /* Reset Device. */
 252:USB_Device/Target/usbd_conf.c ****   USBD_LL_Reset((USBD_HandleTypeDef*)hpcd->pData);
 253:USB_Device/Target/usbd_conf.c ****   /* USER CODE BEGIN HAL_PCD_ResetCallback_PostTreatment */
 254:USB_Device/Target/usbd_conf.c **** 
 255:USB_Device/Target/usbd_conf.c ****   /* USER CODE END HAL_PCD_ResetCallback_PostTreatment */
 256:USB_Device/Target/usbd_conf.c **** }
 257:USB_Device/Target/usbd_conf.c **** 
 258:USB_Device/Target/usbd_conf.c **** /**
ARM GAS  C:\Users\843E~1\AppData\Local\Temp\cc9AXn4R.s 			page 6


 259:USB_Device/Target/usbd_conf.c ****   * @brief  Suspend callback.
 260:USB_Device/Target/usbd_conf.c ****   * When Low power mode is enabled the debug cannot be used (IAR, Keil doesn't support it)
 261:USB_Device/Target/usbd_conf.c ****   * @param  hpcd: PCD handle
 262:USB_Device/Target/usbd_conf.c ****   * @retval None
 263:USB_Device/Target/usbd_conf.c ****   */
 264:USB_Device/Target/usbd_conf.c **** #if (USE_HAL_PCD_REGISTER_CALLBACKS == 1U)
 265:USB_Device/Target/usbd_conf.c **** static void PCD_SuspendCallback(PCD_HandleTypeDef *hpcd)
 266:USB_Device/Target/usbd_conf.c **** #else
 267:USB_Device/Target/usbd_conf.c **** void HAL_PCD_SuspendCallback(PCD_HandleTypeDef *hpcd)
 268:USB_Device/Target/usbd_conf.c **** #endif /* USE_HAL_PCD_REGISTER_CALLBACKS */
 269:USB_Device/Target/usbd_conf.c **** {
 270:USB_Device/Target/usbd_conf.c ****   /* USER CODE BEGIN HAL_PCD_SuspendCallback_PreTreatment */
 271:USB_Device/Target/usbd_conf.c **** 
 272:USB_Device/Target/usbd_conf.c ****   /* USER CODE END HAL_PCD_SuspendCallback_PreTreatment */
 273:USB_Device/Target/usbd_conf.c ****   /* Inform USB library that core enters in suspend Mode. */
 274:USB_Device/Target/usbd_conf.c ****   USBD_LL_Suspend((USBD_HandleTypeDef*)hpcd->pData);
 275:USB_Device/Target/usbd_conf.c ****   /* Enter in STOP mode. */
 276:USB_Device/Target/usbd_conf.c ****   /* USER CODE BEGIN 2 */
 277:USB_Device/Target/usbd_conf.c ****   if (hpcd->Init.low_power_enable)
 278:USB_Device/Target/usbd_conf.c ****   {
 279:USB_Device/Target/usbd_conf.c ****     /* Set SLEEPDEEP bit and SleepOnExit of Cortex System Control Register. */
 280:USB_Device/Target/usbd_conf.c ****     SCB->SCR |= (uint32_t)((uint32_t)(SCB_SCR_SLEEPDEEP_Msk | SCB_SCR_SLEEPONEXIT_Msk));
 281:USB_Device/Target/usbd_conf.c ****   }
 282:USB_Device/Target/usbd_conf.c ****   /* USER CODE END 2 */
 283:USB_Device/Target/usbd_conf.c ****   /* USER CODE BEGIN HAL_PCD_SuspendCallback_PostTreatment */
 284:USB_Device/Target/usbd_conf.c **** 
 285:USB_Device/Target/usbd_conf.c ****   /* USER CODE END HAL_PCD_SuspendCallback_PostTreatment */
 286:USB_Device/Target/usbd_conf.c **** }
 287:USB_Device/Target/usbd_conf.c **** 
 288:USB_Device/Target/usbd_conf.c **** /**
 289:USB_Device/Target/usbd_conf.c ****   * @brief  Resume callback.
 290:USB_Device/Target/usbd_conf.c ****   * When Low power mode is enabled the debug cannot be used (IAR, Keil doesn't support it)
 291:USB_Device/Target/usbd_conf.c ****   * @param  hpcd: PCD handle
 292:USB_Device/Target/usbd_conf.c ****   * @retval None
 293:USB_Device/Target/usbd_conf.c ****   */
 294:USB_Device/Target/usbd_conf.c **** #if (USE_HAL_PCD_REGISTER_CALLBACKS == 1U)
 295:USB_Device/Target/usbd_conf.c **** static void PCD_ResumeCallback(PCD_HandleTypeDef *hpcd)
 296:USB_Device/Target/usbd_conf.c **** #else
 297:USB_Device/Target/usbd_conf.c **** void HAL_PCD_ResumeCallback(PCD_HandleTypeDef *hpcd)
 298:USB_Device/Target/usbd_conf.c **** #endif /* USE_HAL_PCD_REGISTER_CALLBACKS */
 299:USB_Device/Target/usbd_conf.c **** {
 300:USB_Device/Target/usbd_conf.c ****   /* USER CODE BEGIN HAL_PCD_ResumeCallback_PreTreatment */
 301:USB_Device/Target/usbd_conf.c **** 
 302:USB_Device/Target/usbd_conf.c ****   /* USER CODE END HAL_PCD_ResumeCallback_PreTreatment */
 303:USB_Device/Target/usbd_conf.c **** 
 304:USB_Device/Target/usbd_conf.c ****   /* USER CODE BEGIN 3 */
 305:USB_Device/Target/usbd_conf.c ****   if (hpcd->Init.low_power_enable)
 306:USB_Device/Target/usbd_conf.c ****   {
 307:USB_Device/Target/usbd_conf.c ****     /* Reset SLEEPDEEP bit of Cortex System Control Register. */
 308:USB_Device/Target/usbd_conf.c ****     SCB->SCR &= (uint32_t)~((uint32_t)(SCB_SCR_SLEEPDEEP_Msk | SCB_SCR_SLEEPONEXIT_Msk));
 309:USB_Device/Target/usbd_conf.c ****     SystemClockConfig_Resume();
 310:USB_Device/Target/usbd_conf.c ****   }
 311:USB_Device/Target/usbd_conf.c ****   /* USER CODE END 3 */
 312:USB_Device/Target/usbd_conf.c **** 
 313:USB_Device/Target/usbd_conf.c ****   USBD_LL_Resume((USBD_HandleTypeDef*)hpcd->pData);
 314:USB_Device/Target/usbd_conf.c ****   /* USER CODE BEGIN HAL_PCD_ResumeCallback_PostTreatment */
 315:USB_Device/Target/usbd_conf.c **** 
ARM GAS  C:\Users\843E~1\AppData\Local\Temp\cc9AXn4R.s 			page 7


 316:USB_Device/Target/usbd_conf.c ****   /* USER CODE END HAL_PCD_ResumeCallback_PostTreatment */
 317:USB_Device/Target/usbd_conf.c **** }
 318:USB_Device/Target/usbd_conf.c **** 
 319:USB_Device/Target/usbd_conf.c **** /**
 320:USB_Device/Target/usbd_conf.c ****   * @brief  ISOOUTIncomplete callback.
 321:USB_Device/Target/usbd_conf.c ****   * @param  hpcd: PCD handle
 322:USB_Device/Target/usbd_conf.c ****   * @param  epnum: Endpoint number
 323:USB_Device/Target/usbd_conf.c ****   * @retval None
 324:USB_Device/Target/usbd_conf.c ****   */
 325:USB_Device/Target/usbd_conf.c **** #if (USE_HAL_PCD_REGISTER_CALLBACKS == 1U)
 326:USB_Device/Target/usbd_conf.c **** static void PCD_ISOOUTIncompleteCallback(PCD_HandleTypeDef *hpcd, uint8_t epnum)
 327:USB_Device/Target/usbd_conf.c **** #else
 328:USB_Device/Target/usbd_conf.c **** void HAL_PCD_ISOOUTIncompleteCallback(PCD_HandleTypeDef *hpcd, uint8_t epnum)
 329:USB_Device/Target/usbd_conf.c **** #endif /* USE_HAL_PCD_REGISTER_CALLBACKS */
 330:USB_Device/Target/usbd_conf.c **** {
 331:USB_Device/Target/usbd_conf.c ****   /* USER CODE BEGIN HAL_PCD_ISOOUTIncompleteCallback_PreTreatment */
 332:USB_Device/Target/usbd_conf.c **** 
 333:USB_Device/Target/usbd_conf.c ****   /* USER CODE END HAL_PCD_ISOOUTIncompleteCallback_PreTreatment */
 334:USB_Device/Target/usbd_conf.c ****   USBD_LL_IsoOUTIncomplete((USBD_HandleTypeDef*)hpcd->pData, epnum);
 335:USB_Device/Target/usbd_conf.c ****   /* USER CODE BEGIN HAL_PCD_ISOOUTIncompleteCallback_PostTreatment */
 336:USB_Device/Target/usbd_conf.c **** 
 337:USB_Device/Target/usbd_conf.c ****   /* USER CODE END HAL_PCD_ISOOUTIncompleteCallback_PostTreatment */
 338:USB_Device/Target/usbd_conf.c **** }
 339:USB_Device/Target/usbd_conf.c **** 
 340:USB_Device/Target/usbd_conf.c **** /**
 341:USB_Device/Target/usbd_conf.c ****   * @brief  ISOINIncomplete callback.
 342:USB_Device/Target/usbd_conf.c ****   * @param  hpcd: PCD handle
 343:USB_Device/Target/usbd_conf.c ****   * @param  epnum: Endpoint number
 344:USB_Device/Target/usbd_conf.c ****   * @retval None
 345:USB_Device/Target/usbd_conf.c ****   */
 346:USB_Device/Target/usbd_conf.c **** #if (USE_HAL_PCD_REGISTER_CALLBACKS == 1U)
 347:USB_Device/Target/usbd_conf.c **** static void PCD_ISOINIncompleteCallback(PCD_HandleTypeDef *hpcd, uint8_t epnum)
 348:USB_Device/Target/usbd_conf.c **** #else
 349:USB_Device/Target/usbd_conf.c **** void HAL_PCD_ISOINIncompleteCallback(PCD_HandleTypeDef *hpcd, uint8_t epnum)
 350:USB_Device/Target/usbd_conf.c **** #endif /* USE_HAL_PCD_REGISTER_CALLBACKS */
 351:USB_Device/Target/usbd_conf.c **** {
 352:USB_Device/Target/usbd_conf.c ****   /* USER CODE BEGIN HAL_PCD_ISOINIncompleteCallback_PreTreatment */
 353:USB_Device/Target/usbd_conf.c **** 
 354:USB_Device/Target/usbd_conf.c ****   /* USER CODE END HAL_PCD_ISOINIncompleteCallback_PreTreatment */
 355:USB_Device/Target/usbd_conf.c ****   USBD_LL_IsoINIncomplete((USBD_HandleTypeDef*)hpcd->pData, epnum);
 356:USB_Device/Target/usbd_conf.c ****   /* USER CODE BEGIN HAL_PCD_ISOINIncompleteCallback_PostTreatment */
 357:USB_Device/Target/usbd_conf.c **** 
 358:USB_Device/Target/usbd_conf.c ****   /* USER CODE END HAL_PCD_ISOINIncompleteCallback_PostTreatment */
 359:USB_Device/Target/usbd_conf.c **** }
 360:USB_Device/Target/usbd_conf.c **** 
 361:USB_Device/Target/usbd_conf.c **** /**
 362:USB_Device/Target/usbd_conf.c ****   * @brief  Connect callback.
 363:USB_Device/Target/usbd_conf.c ****   * @param  hpcd: PCD handle
 364:USB_Device/Target/usbd_conf.c ****   * @retval None
 365:USB_Device/Target/usbd_conf.c ****   */
 366:USB_Device/Target/usbd_conf.c **** #if (USE_HAL_PCD_REGISTER_CALLBACKS == 1U)
 367:USB_Device/Target/usbd_conf.c **** static void PCD_ConnectCallback(PCD_HandleTypeDef *hpcd)
 368:USB_Device/Target/usbd_conf.c **** #else
 369:USB_Device/Target/usbd_conf.c **** void HAL_PCD_ConnectCallback(PCD_HandleTypeDef *hpcd)
 370:USB_Device/Target/usbd_conf.c **** #endif /* USE_HAL_PCD_REGISTER_CALLBACKS */
 371:USB_Device/Target/usbd_conf.c **** {
 372:USB_Device/Target/usbd_conf.c ****   /* USER CODE BEGIN HAL_PCD_ConnectCallback_PreTreatment */
ARM GAS  C:\Users\843E~1\AppData\Local\Temp\cc9AXn4R.s 			page 8


 373:USB_Device/Target/usbd_conf.c **** 
 374:USB_Device/Target/usbd_conf.c ****   /* USER CODE END HAL_PCD_ConnectCallback_PreTreatment */
 375:USB_Device/Target/usbd_conf.c ****   USBD_LL_DevConnected((USBD_HandleTypeDef*)hpcd->pData);
 376:USB_Device/Target/usbd_conf.c ****   /* USER CODE BEGIN HAL_PCD_ConnectCallback_PostTreatment */
 377:USB_Device/Target/usbd_conf.c **** 
 378:USB_Device/Target/usbd_conf.c ****   /* USER CODE END HAL_PCD_ConnectCallback_PostTreatment */
 379:USB_Device/Target/usbd_conf.c **** }
 380:USB_Device/Target/usbd_conf.c **** 
 381:USB_Device/Target/usbd_conf.c **** /**
 382:USB_Device/Target/usbd_conf.c ****   * @brief  Disconnect callback.
 383:USB_Device/Target/usbd_conf.c ****   * @param  hpcd: PCD handle
 384:USB_Device/Target/usbd_conf.c ****   * @retval None
 385:USB_Device/Target/usbd_conf.c ****   */
 386:USB_Device/Target/usbd_conf.c **** #if (USE_HAL_PCD_REGISTER_CALLBACKS == 1U)
 387:USB_Device/Target/usbd_conf.c **** static void PCD_DisconnectCallback(PCD_HandleTypeDef *hpcd)
 388:USB_Device/Target/usbd_conf.c **** #else
 389:USB_Device/Target/usbd_conf.c **** void HAL_PCD_DisconnectCallback(PCD_HandleTypeDef *hpcd)
 390:USB_Device/Target/usbd_conf.c **** #endif /* USE_HAL_PCD_REGISTER_CALLBACKS */
 391:USB_Device/Target/usbd_conf.c **** {
 392:USB_Device/Target/usbd_conf.c ****   /* USER CODE BEGIN HAL_PCD_DisconnectCallback_PreTreatment */
 393:USB_Device/Target/usbd_conf.c **** 
 394:USB_Device/Target/usbd_conf.c ****   /* USER CODE END HAL_PCD_DisconnectCallback_PreTreatment */
 395:USB_Device/Target/usbd_conf.c ****   USBD_LL_DevDisconnected((USBD_HandleTypeDef*)hpcd->pData);
 396:USB_Device/Target/usbd_conf.c ****   /* USER CODE BEGIN HAL_PCD_DisconnectCallback_PostTreatment */
 397:USB_Device/Target/usbd_conf.c **** 
 398:USB_Device/Target/usbd_conf.c ****   /* USER CODE END HAL_PCD_DisconnectCallback_PostTreatment */
 399:USB_Device/Target/usbd_conf.c **** }
 400:USB_Device/Target/usbd_conf.c **** 
 401:USB_Device/Target/usbd_conf.c ****   /* USER CODE BEGIN LowLevelInterface */
 402:USB_Device/Target/usbd_conf.c **** 
 403:USB_Device/Target/usbd_conf.c ****   /* USER CODE END LowLevelInterface */
 404:USB_Device/Target/usbd_conf.c **** 
 405:USB_Device/Target/usbd_conf.c **** /*******************************************************************************
 406:USB_Device/Target/usbd_conf.c ****                        LL Driver Interface (USB Device Library --> PCD)
 407:USB_Device/Target/usbd_conf.c **** *******************************************************************************/
 408:USB_Device/Target/usbd_conf.c **** 
 409:USB_Device/Target/usbd_conf.c **** /**
 410:USB_Device/Target/usbd_conf.c ****   * @brief  Initializes the low level portion of the device driver.
 411:USB_Device/Target/usbd_conf.c ****   * @param  pdev: Device handle
 412:USB_Device/Target/usbd_conf.c ****   * @retval USBD status
 413:USB_Device/Target/usbd_conf.c ****   */
 414:USB_Device/Target/usbd_conf.c **** USBD_StatusTypeDef USBD_LL_Init(USBD_HandleTypeDef *pdev)
 415:USB_Device/Target/usbd_conf.c **** {
 416:USB_Device/Target/usbd_conf.c ****   /* Init USB Ip. */
 417:USB_Device/Target/usbd_conf.c ****   hpcd_USB_FS.pData = pdev;
 418:USB_Device/Target/usbd_conf.c ****   /* Link the driver to the stack. */
 419:USB_Device/Target/usbd_conf.c ****   pdev->pData = &hpcd_USB_FS;
 420:USB_Device/Target/usbd_conf.c **** /* Enable USB power on Pwrctrl CR2 register. */
 421:USB_Device/Target/usbd_conf.c ****   HAL_PWREx_EnableVddUSB();
 422:USB_Device/Target/usbd_conf.c **** 
 423:USB_Device/Target/usbd_conf.c ****   hpcd_USB_FS.Instance = USB;
 424:USB_Device/Target/usbd_conf.c ****   hpcd_USB_FS.Init.dev_endpoints = 8;
 425:USB_Device/Target/usbd_conf.c ****   hpcd_USB_FS.Init.speed = PCD_SPEED_FULL;
 426:USB_Device/Target/usbd_conf.c ****   hpcd_USB_FS.Init.phy_itface = PCD_PHY_EMBEDDED;
 427:USB_Device/Target/usbd_conf.c ****   hpcd_USB_FS.Init.Sof_enable = DISABLE;
 428:USB_Device/Target/usbd_conf.c ****   hpcd_USB_FS.Init.low_power_enable = DISABLE;
 429:USB_Device/Target/usbd_conf.c ****   hpcd_USB_FS.Init.lpm_enable = DISABLE;
ARM GAS  C:\Users\843E~1\AppData\Local\Temp\cc9AXn4R.s 			page 9


 430:USB_Device/Target/usbd_conf.c ****   hpcd_USB_FS.Init.battery_charging_enable = DISABLE;
 431:USB_Device/Target/usbd_conf.c **** 
 432:USB_Device/Target/usbd_conf.c ****   #if (USE_HAL_PCD_REGISTER_CALLBACKS == 1U)
 433:USB_Device/Target/usbd_conf.c ****   /* register Msp Callbacks (before the Init) */
 434:USB_Device/Target/usbd_conf.c ****   HAL_PCD_RegisterCallback(&hpcd_USB_FS, HAL_PCD_MSPINIT_CB_ID, PCD_MspInit);
 435:USB_Device/Target/usbd_conf.c ****   HAL_PCD_RegisterCallback(&hpcd_USB_FS, HAL_PCD_MSPDEINIT_CB_ID, PCD_MspDeInit);
 436:USB_Device/Target/usbd_conf.c ****   #endif /* USE_HAL_PCD_REGISTER_CALLBACKS */
 437:USB_Device/Target/usbd_conf.c **** 
 438:USB_Device/Target/usbd_conf.c ****   if (HAL_PCD_Init(&hpcd_USB_FS) != HAL_OK)
 439:USB_Device/Target/usbd_conf.c ****   {
 440:USB_Device/Target/usbd_conf.c ****     Error_Handler( );
 441:USB_Device/Target/usbd_conf.c ****   }
 442:USB_Device/Target/usbd_conf.c **** 
 443:USB_Device/Target/usbd_conf.c **** #if (USE_HAL_PCD_REGISTER_CALLBACKS == 1U)
 444:USB_Device/Target/usbd_conf.c ****   /* Register USB PCD CallBacks */
 445:USB_Device/Target/usbd_conf.c ****   HAL_PCD_RegisterCallback(&hpcd_USB_FS, HAL_PCD_SOF_CB_ID, PCD_SOFCallback);
 446:USB_Device/Target/usbd_conf.c ****   HAL_PCD_RegisterCallback(&hpcd_USB_FS, HAL_PCD_SETUPSTAGE_CB_ID, PCD_SetupStageCallback);
 447:USB_Device/Target/usbd_conf.c ****   HAL_PCD_RegisterCallback(&hpcd_USB_FS, HAL_PCD_RESET_CB_ID, PCD_ResetCallback);
 448:USB_Device/Target/usbd_conf.c ****   HAL_PCD_RegisterCallback(&hpcd_USB_FS, HAL_PCD_SUSPEND_CB_ID, PCD_SuspendCallback);
 449:USB_Device/Target/usbd_conf.c ****   HAL_PCD_RegisterCallback(&hpcd_USB_FS, HAL_PCD_RESUME_CB_ID, PCD_ResumeCallback);
 450:USB_Device/Target/usbd_conf.c ****   HAL_PCD_RegisterCallback(&hpcd_USB_FS, HAL_PCD_CONNECT_CB_ID, PCD_ConnectCallback);
 451:USB_Device/Target/usbd_conf.c ****   HAL_PCD_RegisterCallback(&hpcd_USB_FS, HAL_PCD_DISCONNECT_CB_ID, PCD_DisconnectCallback);
 452:USB_Device/Target/usbd_conf.c ****   /* USER CODE BEGIN RegisterCallBackFirstPart */
 453:USB_Device/Target/usbd_conf.c **** 
 454:USB_Device/Target/usbd_conf.c ****   /* USER CODE END RegisterCallBackFirstPart */
 455:USB_Device/Target/usbd_conf.c ****   HAL_PCD_RegisterLpmCallback(&hpcd_USB_FS, PCDEx_LPM_Callback);
 456:USB_Device/Target/usbd_conf.c ****   HAL_PCD_RegisterDataOutStageCallback(&hpcd_USB_FS, PCD_DataOutStageCallback);
 457:USB_Device/Target/usbd_conf.c ****   HAL_PCD_RegisterDataInStageCallback(&hpcd_USB_FS, PCD_DataInStageCallback);
 458:USB_Device/Target/usbd_conf.c ****   HAL_PCD_RegisterIsoOutIncpltCallback(&hpcd_USB_FS, PCD_ISOOUTIncompleteCallback);
 459:USB_Device/Target/usbd_conf.c ****   HAL_PCD_RegisterIsoInIncpltCallback(&hpcd_USB_FS, PCD_ISOINIncompleteCallback);
 460:USB_Device/Target/usbd_conf.c ****   /* USER CODE BEGIN RegisterCallBackSecondPart */
 461:USB_Device/Target/usbd_conf.c **** 
 462:USB_Device/Target/usbd_conf.c ****   /* USER CODE END RegisterCallBackSecondPart */
 463:USB_Device/Target/usbd_conf.c **** #endif /* USE_HAL_PCD_REGISTER_CALLBACKS */
 464:USB_Device/Target/usbd_conf.c ****   /* USER CODE BEGIN EndPoint_Configuration */
 465:USB_Device/Target/usbd_conf.c ****   HAL_PCDEx_PMAConfig((PCD_HandleTypeDef*)pdev->pData , 0x00 , PCD_SNG_BUF, 0x18);
 466:USB_Device/Target/usbd_conf.c ****   HAL_PCDEx_PMAConfig((PCD_HandleTypeDef*)pdev->pData , 0x80 , PCD_SNG_BUF, 0x58);
 467:USB_Device/Target/usbd_conf.c ****   /* USER CODE END EndPoint_Configuration */
 468:USB_Device/Target/usbd_conf.c ****   /* USER CODE BEGIN EndPoint_Configuration_CDC */
 469:USB_Device/Target/usbd_conf.c ****   HAL_PCDEx_PMAConfig((PCD_HandleTypeDef*)pdev->pData , 0x81 , PCD_SNG_BUF, 0xC0);
 470:USB_Device/Target/usbd_conf.c ****   HAL_PCDEx_PMAConfig((PCD_HandleTypeDef*)pdev->pData , 0x01 , PCD_SNG_BUF, 0x110);
 471:USB_Device/Target/usbd_conf.c ****   HAL_PCDEx_PMAConfig((PCD_HandleTypeDef*)pdev->pData , 0x82 , PCD_SNG_BUF, 0x100);
 472:USB_Device/Target/usbd_conf.c ****   /* USER CODE END EndPoint_Configuration_CDC */
 473:USB_Device/Target/usbd_conf.c ****   return USBD_OK;
 474:USB_Device/Target/usbd_conf.c **** }
 475:USB_Device/Target/usbd_conf.c **** 
 476:USB_Device/Target/usbd_conf.c **** /**
 477:USB_Device/Target/usbd_conf.c ****   * @brief  De-Initializes the low level portion of the device driver.
 478:USB_Device/Target/usbd_conf.c ****   * @param  pdev: Device handle
 479:USB_Device/Target/usbd_conf.c ****   * @retval USBD status
 480:USB_Device/Target/usbd_conf.c ****   */
 481:USB_Device/Target/usbd_conf.c **** USBD_StatusTypeDef USBD_LL_DeInit(USBD_HandleTypeDef *pdev)
 482:USB_Device/Target/usbd_conf.c **** {
 483:USB_Device/Target/usbd_conf.c ****   HAL_StatusTypeDef hal_status = HAL_OK;
 484:USB_Device/Target/usbd_conf.c ****   USBD_StatusTypeDef usb_status = USBD_OK;
 485:USB_Device/Target/usbd_conf.c **** 
 486:USB_Device/Target/usbd_conf.c ****   hal_status = HAL_PCD_DeInit(pdev->pData);
ARM GAS  C:\Users\843E~1\AppData\Local\Temp\cc9AXn4R.s 			page 10


 487:USB_Device/Target/usbd_conf.c **** 
 488:USB_Device/Target/usbd_conf.c ****   usb_status =  USBD_Get_USB_Status(hal_status);
 489:USB_Device/Target/usbd_conf.c **** 
 490:USB_Device/Target/usbd_conf.c ****   return usb_status;
 491:USB_Device/Target/usbd_conf.c **** }
 492:USB_Device/Target/usbd_conf.c **** 
 493:USB_Device/Target/usbd_conf.c **** /**
 494:USB_Device/Target/usbd_conf.c ****   * @brief  Starts the low level portion of the device driver.
 495:USB_Device/Target/usbd_conf.c ****   * @param  pdev: Device handle
 496:USB_Device/Target/usbd_conf.c ****   * @retval USBD status
 497:USB_Device/Target/usbd_conf.c ****   */
 498:USB_Device/Target/usbd_conf.c **** USBD_StatusTypeDef USBD_LL_Start(USBD_HandleTypeDef *pdev)
 499:USB_Device/Target/usbd_conf.c **** {
 500:USB_Device/Target/usbd_conf.c ****   HAL_StatusTypeDef hal_status = HAL_OK;
 501:USB_Device/Target/usbd_conf.c ****   USBD_StatusTypeDef usb_status = USBD_OK;
 502:USB_Device/Target/usbd_conf.c **** 
 503:USB_Device/Target/usbd_conf.c ****   hal_status = HAL_PCD_Start(pdev->pData);
 504:USB_Device/Target/usbd_conf.c **** 
 505:USB_Device/Target/usbd_conf.c ****   usb_status =  USBD_Get_USB_Status(hal_status);
 506:USB_Device/Target/usbd_conf.c **** 
 507:USB_Device/Target/usbd_conf.c ****   return usb_status;
 508:USB_Device/Target/usbd_conf.c **** }
 509:USB_Device/Target/usbd_conf.c **** 
 510:USB_Device/Target/usbd_conf.c **** /**
 511:USB_Device/Target/usbd_conf.c ****   * @brief  Stops the low level portion of the device driver.
 512:USB_Device/Target/usbd_conf.c ****   * @param  pdev: Device handle
 513:USB_Device/Target/usbd_conf.c ****   * @retval USBD status
 514:USB_Device/Target/usbd_conf.c ****   */
 515:USB_Device/Target/usbd_conf.c **** USBD_StatusTypeDef USBD_LL_Stop(USBD_HandleTypeDef *pdev)
 516:USB_Device/Target/usbd_conf.c **** {
 517:USB_Device/Target/usbd_conf.c ****   HAL_StatusTypeDef hal_status = HAL_OK;
 518:USB_Device/Target/usbd_conf.c ****   USBD_StatusTypeDef usb_status = USBD_OK;
 519:USB_Device/Target/usbd_conf.c **** 
 520:USB_Device/Target/usbd_conf.c ****   hal_status = HAL_PCD_Stop(pdev->pData);
 521:USB_Device/Target/usbd_conf.c **** 
 522:USB_Device/Target/usbd_conf.c ****   usb_status =  USBD_Get_USB_Status(hal_status);
 523:USB_Device/Target/usbd_conf.c **** 
 524:USB_Device/Target/usbd_conf.c ****   return usb_status;
 525:USB_Device/Target/usbd_conf.c **** }
 526:USB_Device/Target/usbd_conf.c **** 
 527:USB_Device/Target/usbd_conf.c **** /**
 528:USB_Device/Target/usbd_conf.c ****   * @brief  Opens an endpoint of the low level driver.
 529:USB_Device/Target/usbd_conf.c ****   * @param  pdev: Device handle
 530:USB_Device/Target/usbd_conf.c ****   * @param  ep_addr: Endpoint number
 531:USB_Device/Target/usbd_conf.c ****   * @param  ep_type: Endpoint type
 532:USB_Device/Target/usbd_conf.c ****   * @param  ep_mps: Endpoint max packet size
 533:USB_Device/Target/usbd_conf.c ****   * @retval USBD status
 534:USB_Device/Target/usbd_conf.c ****   */
 535:USB_Device/Target/usbd_conf.c **** USBD_StatusTypeDef USBD_LL_OpenEP(USBD_HandleTypeDef *pdev, uint8_t ep_addr, uint8_t ep_type, uint1
 536:USB_Device/Target/usbd_conf.c **** {
 537:USB_Device/Target/usbd_conf.c ****   HAL_StatusTypeDef hal_status = HAL_OK;
 538:USB_Device/Target/usbd_conf.c ****   USBD_StatusTypeDef usb_status = USBD_OK;
 539:USB_Device/Target/usbd_conf.c **** 
 540:USB_Device/Target/usbd_conf.c ****   hal_status = HAL_PCD_EP_Open(pdev->pData, ep_addr, ep_mps, ep_type);
 541:USB_Device/Target/usbd_conf.c **** 
 542:USB_Device/Target/usbd_conf.c ****   usb_status =  USBD_Get_USB_Status(hal_status);
 543:USB_Device/Target/usbd_conf.c **** 
ARM GAS  C:\Users\843E~1\AppData\Local\Temp\cc9AXn4R.s 			page 11


 544:USB_Device/Target/usbd_conf.c ****   return usb_status;
 545:USB_Device/Target/usbd_conf.c **** }
 546:USB_Device/Target/usbd_conf.c **** 
 547:USB_Device/Target/usbd_conf.c **** /**
 548:USB_Device/Target/usbd_conf.c ****   * @brief  Closes an endpoint of the low level driver.
 549:USB_Device/Target/usbd_conf.c ****   * @param  pdev: Device handle
 550:USB_Device/Target/usbd_conf.c ****   * @param  ep_addr: Endpoint number
 551:USB_Device/Target/usbd_conf.c ****   * @retval USBD status
 552:USB_Device/Target/usbd_conf.c ****   */
 553:USB_Device/Target/usbd_conf.c **** USBD_StatusTypeDef USBD_LL_CloseEP(USBD_HandleTypeDef *pdev, uint8_t ep_addr)
 554:USB_Device/Target/usbd_conf.c **** {
 555:USB_Device/Target/usbd_conf.c ****   HAL_StatusTypeDef hal_status = HAL_OK;
 556:USB_Device/Target/usbd_conf.c ****   USBD_StatusTypeDef usb_status = USBD_OK;
 557:USB_Device/Target/usbd_conf.c **** 
 558:USB_Device/Target/usbd_conf.c ****   hal_status = HAL_PCD_EP_Close(pdev->pData, ep_addr);
 559:USB_Device/Target/usbd_conf.c **** 
 560:USB_Device/Target/usbd_conf.c ****   usb_status =  USBD_Get_USB_Status(hal_status);
 561:USB_Device/Target/usbd_conf.c **** 
 562:USB_Device/Target/usbd_conf.c ****   return usb_status;
 563:USB_Device/Target/usbd_conf.c **** }
 564:USB_Device/Target/usbd_conf.c **** 
 565:USB_Device/Target/usbd_conf.c **** /**
 566:USB_Device/Target/usbd_conf.c ****   * @brief  Flushes an endpoint of the Low Level Driver.
 567:USB_Device/Target/usbd_conf.c ****   * @param  pdev: Device handle
 568:USB_Device/Target/usbd_conf.c ****   * @param  ep_addr: Endpoint number
 569:USB_Device/Target/usbd_conf.c ****   * @retval USBD status
 570:USB_Device/Target/usbd_conf.c ****   */
 571:USB_Device/Target/usbd_conf.c **** USBD_StatusTypeDef USBD_LL_FlushEP(USBD_HandleTypeDef *pdev, uint8_t ep_addr)
 572:USB_Device/Target/usbd_conf.c **** {
 573:USB_Device/Target/usbd_conf.c ****   HAL_StatusTypeDef hal_status = HAL_OK;
 574:USB_Device/Target/usbd_conf.c ****   USBD_StatusTypeDef usb_status = USBD_OK;
 575:USB_Device/Target/usbd_conf.c **** 
 576:USB_Device/Target/usbd_conf.c ****   hal_status = HAL_PCD_EP_Flush(pdev->pData, ep_addr);
 577:USB_Device/Target/usbd_conf.c **** 
 578:USB_Device/Target/usbd_conf.c ****   usb_status =  USBD_Get_USB_Status(hal_status);
 579:USB_Device/Target/usbd_conf.c **** 
 580:USB_Device/Target/usbd_conf.c ****   return usb_status;
 581:USB_Device/Target/usbd_conf.c **** }
 582:USB_Device/Target/usbd_conf.c **** 
 583:USB_Device/Target/usbd_conf.c **** /**
 584:USB_Device/Target/usbd_conf.c ****   * @brief  Sets a Stall condition on an endpoint of the Low Level Driver.
 585:USB_Device/Target/usbd_conf.c ****   * @param  pdev: Device handle
 586:USB_Device/Target/usbd_conf.c ****   * @param  ep_addr: Endpoint number
 587:USB_Device/Target/usbd_conf.c ****   * @retval USBD status
 588:USB_Device/Target/usbd_conf.c ****   */
 589:USB_Device/Target/usbd_conf.c **** USBD_StatusTypeDef USBD_LL_StallEP(USBD_HandleTypeDef *pdev, uint8_t ep_addr)
 590:USB_Device/Target/usbd_conf.c **** {
 591:USB_Device/Target/usbd_conf.c ****   HAL_StatusTypeDef hal_status = HAL_OK;
 592:USB_Device/Target/usbd_conf.c ****   USBD_StatusTypeDef usb_status = USBD_OK;
 593:USB_Device/Target/usbd_conf.c **** 
 594:USB_Device/Target/usbd_conf.c ****   hal_status = HAL_PCD_EP_SetStall(pdev->pData, ep_addr);
 595:USB_Device/Target/usbd_conf.c **** 
 596:USB_Device/Target/usbd_conf.c ****   usb_status =  USBD_Get_USB_Status(hal_status);
 597:USB_Device/Target/usbd_conf.c **** 
 598:USB_Device/Target/usbd_conf.c ****   return usb_status;
 599:USB_Device/Target/usbd_conf.c **** }
 600:USB_Device/Target/usbd_conf.c **** 
ARM GAS  C:\Users\843E~1\AppData\Local\Temp\cc9AXn4R.s 			page 12


 601:USB_Device/Target/usbd_conf.c **** /**
 602:USB_Device/Target/usbd_conf.c ****   * @brief  Clears a Stall condition on an endpoint of the Low Level Driver.
 603:USB_Device/Target/usbd_conf.c ****   * @param  pdev: Device handle
 604:USB_Device/Target/usbd_conf.c ****   * @param  ep_addr: Endpoint number
 605:USB_Device/Target/usbd_conf.c ****   * @retval USBD status
 606:USB_Device/Target/usbd_conf.c ****   */
 607:USB_Device/Target/usbd_conf.c **** USBD_StatusTypeDef USBD_LL_ClearStallEP(USBD_HandleTypeDef *pdev, uint8_t ep_addr)
 608:USB_Device/Target/usbd_conf.c **** {
 609:USB_Device/Target/usbd_conf.c ****   HAL_StatusTypeDef hal_status = HAL_OK;
 610:USB_Device/Target/usbd_conf.c ****   USBD_StatusTypeDef usb_status = USBD_OK;
 611:USB_Device/Target/usbd_conf.c **** 
 612:USB_Device/Target/usbd_conf.c ****   hal_status = HAL_PCD_EP_ClrStall(pdev->pData, ep_addr);
 613:USB_Device/Target/usbd_conf.c **** 
 614:USB_Device/Target/usbd_conf.c ****   usb_status =  USBD_Get_USB_Status(hal_status);
 615:USB_Device/Target/usbd_conf.c **** 
 616:USB_Device/Target/usbd_conf.c ****   return usb_status;
 617:USB_Device/Target/usbd_conf.c **** }
 618:USB_Device/Target/usbd_conf.c **** 
 619:USB_Device/Target/usbd_conf.c **** /**
 620:USB_Device/Target/usbd_conf.c ****   * @brief  Returns Stall condition.
 621:USB_Device/Target/usbd_conf.c ****   * @param  pdev: Device handle
 622:USB_Device/Target/usbd_conf.c ****   * @param  ep_addr: Endpoint number
 623:USB_Device/Target/usbd_conf.c ****   * @retval Stall (1: Yes, 0: No)
 624:USB_Device/Target/usbd_conf.c ****   */
 625:USB_Device/Target/usbd_conf.c **** uint8_t USBD_LL_IsStallEP(USBD_HandleTypeDef *pdev, uint8_t ep_addr)
 626:USB_Device/Target/usbd_conf.c **** {
 627:USB_Device/Target/usbd_conf.c ****   PCD_HandleTypeDef *hpcd = (PCD_HandleTypeDef*) pdev->pData;
 628:USB_Device/Target/usbd_conf.c **** 
 629:USB_Device/Target/usbd_conf.c ****   if((ep_addr & 0x80) == 0x80)
 630:USB_Device/Target/usbd_conf.c ****   {
 631:USB_Device/Target/usbd_conf.c ****     return hpcd->IN_ep[ep_addr & 0x7F].is_stall;
 632:USB_Device/Target/usbd_conf.c ****   }
 633:USB_Device/Target/usbd_conf.c ****   else
 634:USB_Device/Target/usbd_conf.c ****   {
 635:USB_Device/Target/usbd_conf.c ****     return hpcd->OUT_ep[ep_addr & 0x7F].is_stall;
 636:USB_Device/Target/usbd_conf.c ****   }
 637:USB_Device/Target/usbd_conf.c **** }
 638:USB_Device/Target/usbd_conf.c **** 
 639:USB_Device/Target/usbd_conf.c **** /**
 640:USB_Device/Target/usbd_conf.c ****   * @brief  Assigns a USB address to the device.
 641:USB_Device/Target/usbd_conf.c ****   * @param  pdev: Device handle
 642:USB_Device/Target/usbd_conf.c ****   * @param  dev_addr: Device address
 643:USB_Device/Target/usbd_conf.c ****   * @retval USBD status
 644:USB_Device/Target/usbd_conf.c ****   */
 645:USB_Device/Target/usbd_conf.c **** USBD_StatusTypeDef USBD_LL_SetUSBAddress(USBD_HandleTypeDef *pdev, uint8_t dev_addr)
 646:USB_Device/Target/usbd_conf.c **** {
 647:USB_Device/Target/usbd_conf.c ****   HAL_StatusTypeDef hal_status = HAL_OK;
 648:USB_Device/Target/usbd_conf.c ****   USBD_StatusTypeDef usb_status = USBD_OK;
 649:USB_Device/Target/usbd_conf.c **** 
 650:USB_Device/Target/usbd_conf.c ****   hal_status = HAL_PCD_SetAddress(pdev->pData, dev_addr);
 651:USB_Device/Target/usbd_conf.c **** 
 652:USB_Device/Target/usbd_conf.c ****   usb_status =  USBD_Get_USB_Status(hal_status);
 653:USB_Device/Target/usbd_conf.c **** 
 654:USB_Device/Target/usbd_conf.c ****   return usb_status;
 655:USB_Device/Target/usbd_conf.c **** }
 656:USB_Device/Target/usbd_conf.c **** 
 657:USB_Device/Target/usbd_conf.c **** /**
ARM GAS  C:\Users\843E~1\AppData\Local\Temp\cc9AXn4R.s 			page 13


 658:USB_Device/Target/usbd_conf.c ****   * @brief  Transmits data over an endpoint.
 659:USB_Device/Target/usbd_conf.c ****   * @param  pdev: Device handle
 660:USB_Device/Target/usbd_conf.c ****   * @param  ep_addr: Endpoint number
 661:USB_Device/Target/usbd_conf.c ****   * @param  pbuf: Pointer to data to be sent
 662:USB_Device/Target/usbd_conf.c ****   * @param  size: Data size
 663:USB_Device/Target/usbd_conf.c ****   * @retval USBD status
 664:USB_Device/Target/usbd_conf.c ****   */
 665:USB_Device/Target/usbd_conf.c **** USBD_StatusTypeDef USBD_LL_Transmit(USBD_HandleTypeDef *pdev, uint8_t ep_addr, uint8_t *pbuf, uint3
 666:USB_Device/Target/usbd_conf.c **** {
 667:USB_Device/Target/usbd_conf.c ****   HAL_StatusTypeDef hal_status = HAL_OK;
 668:USB_Device/Target/usbd_conf.c ****   USBD_StatusTypeDef usb_status = USBD_OK;
 669:USB_Device/Target/usbd_conf.c **** 
 670:USB_Device/Target/usbd_conf.c ****   hal_status = HAL_PCD_EP_Transmit(pdev->pData, ep_addr, pbuf, size);
 671:USB_Device/Target/usbd_conf.c **** 
 672:USB_Device/Target/usbd_conf.c ****   usb_status =  USBD_Get_USB_Status(hal_status);
 673:USB_Device/Target/usbd_conf.c **** 
 674:USB_Device/Target/usbd_conf.c ****   return usb_status;
 675:USB_Device/Target/usbd_conf.c **** }
 676:USB_Device/Target/usbd_conf.c **** 
 677:USB_Device/Target/usbd_conf.c **** /**
 678:USB_Device/Target/usbd_conf.c ****   * @brief  Prepares an endpoint for reception.
 679:USB_Device/Target/usbd_conf.c ****   * @param  pdev: Device handle
 680:USB_Device/Target/usbd_conf.c ****   * @param  ep_addr: Endpoint number
 681:USB_Device/Target/usbd_conf.c ****   * @param  pbuf: Pointer to data to be received
 682:USB_Device/Target/usbd_conf.c ****   * @param  size: Data size
 683:USB_Device/Target/usbd_conf.c ****   * @retval USBD status
 684:USB_Device/Target/usbd_conf.c ****   */
 685:USB_Device/Target/usbd_conf.c **** USBD_StatusTypeDef USBD_LL_PrepareReceive(USBD_HandleTypeDef *pdev, uint8_t ep_addr, uint8_t *pbuf,
 686:USB_Device/Target/usbd_conf.c **** {
 687:USB_Device/Target/usbd_conf.c ****   HAL_StatusTypeDef hal_status = HAL_OK;
 688:USB_Device/Target/usbd_conf.c ****   USBD_StatusTypeDef usb_status = USBD_OK;
 689:USB_Device/Target/usbd_conf.c **** 
 690:USB_Device/Target/usbd_conf.c ****   hal_status = HAL_PCD_EP_Receive(pdev->pData, ep_addr, pbuf, size);
 691:USB_Device/Target/usbd_conf.c **** 
 692:USB_Device/Target/usbd_conf.c ****   usb_status =  USBD_Get_USB_Status(hal_status);
 693:USB_Device/Target/usbd_conf.c **** 
 694:USB_Device/Target/usbd_conf.c ****   return usb_status;
 695:USB_Device/Target/usbd_conf.c **** }
 696:USB_Device/Target/usbd_conf.c **** 
 697:USB_Device/Target/usbd_conf.c **** /**
 698:USB_Device/Target/usbd_conf.c ****   * @brief  Returns the last transferred packet size.
 699:USB_Device/Target/usbd_conf.c ****   * @param  pdev: Device handle
 700:USB_Device/Target/usbd_conf.c ****   * @param  ep_addr: Endpoint number
 701:USB_Device/Target/usbd_conf.c ****   * @retval Received Data Size
 702:USB_Device/Target/usbd_conf.c ****   */
 703:USB_Device/Target/usbd_conf.c **** uint32_t USBD_LL_GetRxDataSize(USBD_HandleTypeDef *pdev, uint8_t ep_addr)
 704:USB_Device/Target/usbd_conf.c **** {
 705:USB_Device/Target/usbd_conf.c ****   return HAL_PCD_EP_GetRxCount((PCD_HandleTypeDef*) pdev->pData, ep_addr);
 706:USB_Device/Target/usbd_conf.c **** }
 707:USB_Device/Target/usbd_conf.c **** 
 708:USB_Device/Target/usbd_conf.c **** /**
 709:USB_Device/Target/usbd_conf.c ****   * @brief  Send LPM message to user layer
 710:USB_Device/Target/usbd_conf.c ****   * @param  hpcd: PCD handle
 711:USB_Device/Target/usbd_conf.c ****   * @param  msg: LPM message
 712:USB_Device/Target/usbd_conf.c ****   * @retval None
 713:USB_Device/Target/usbd_conf.c ****   */
 714:USB_Device/Target/usbd_conf.c **** #if (USE_HAL_PCD_REGISTER_CALLBACKS == 1U)
ARM GAS  C:\Users\843E~1\AppData\Local\Temp\cc9AXn4R.s 			page 14


 715:USB_Device/Target/usbd_conf.c **** static void PCDEx_LPM_Callback(PCD_HandleTypeDef *hpcd, PCD_LPM_MsgTypeDef msg)
 716:USB_Device/Target/usbd_conf.c **** #else
 717:USB_Device/Target/usbd_conf.c **** void HAL_PCDEx_LPM_Callback(PCD_HandleTypeDef *hpcd, PCD_LPM_MsgTypeDef msg)
 718:USB_Device/Target/usbd_conf.c **** #endif /* USE_HAL_PCD_REGISTER_CALLBACKS */
 719:USB_Device/Target/usbd_conf.c **** {
 720:USB_Device/Target/usbd_conf.c ****   /* USER CODE BEGIN LPM_Callback */
 721:USB_Device/Target/usbd_conf.c ****   switch (msg)
 722:USB_Device/Target/usbd_conf.c ****   {
 723:USB_Device/Target/usbd_conf.c ****   case PCD_LPM_L0_ACTIVE:
 724:USB_Device/Target/usbd_conf.c ****     if (hpcd->Init.low_power_enable)
 725:USB_Device/Target/usbd_conf.c ****     {
 726:USB_Device/Target/usbd_conf.c ****       SystemClockConfig_Resume();
 727:USB_Device/Target/usbd_conf.c **** 
 728:USB_Device/Target/usbd_conf.c ****       /* Reset SLEEPDEEP bit of Cortex System Control Register. */
 729:USB_Device/Target/usbd_conf.c ****       SCB->SCR &= (uint32_t)~((uint32_t)(SCB_SCR_SLEEPDEEP_Msk | SCB_SCR_SLEEPONEXIT_Msk));
 730:USB_Device/Target/usbd_conf.c ****     }
 731:USB_Device/Target/usbd_conf.c ****     USBD_LL_Resume(hpcd->pData);
 732:USB_Device/Target/usbd_conf.c ****     break;
 733:USB_Device/Target/usbd_conf.c **** 
 734:USB_Device/Target/usbd_conf.c ****   case PCD_LPM_L1_ACTIVE:
 735:USB_Device/Target/usbd_conf.c ****     USBD_LL_Suspend(hpcd->pData);
 736:USB_Device/Target/usbd_conf.c **** 
 737:USB_Device/Target/usbd_conf.c ****     /* Enter in STOP mode. */
 738:USB_Device/Target/usbd_conf.c ****     if (hpcd->Init.low_power_enable)
 739:USB_Device/Target/usbd_conf.c ****     {
 740:USB_Device/Target/usbd_conf.c ****       /* Set SLEEPDEEP bit and SleepOnExit of Cortex System Control Register. */
 741:USB_Device/Target/usbd_conf.c ****       SCB->SCR |= (uint32_t)((uint32_t)(SCB_SCR_SLEEPDEEP_Msk | SCB_SCR_SLEEPONEXIT_Msk));
 742:USB_Device/Target/usbd_conf.c ****     }
 743:USB_Device/Target/usbd_conf.c ****     break;
 744:USB_Device/Target/usbd_conf.c ****   }
 745:USB_Device/Target/usbd_conf.c ****   /* USER CODE END LPM_Callback */
 746:USB_Device/Target/usbd_conf.c **** }
 747:USB_Device/Target/usbd_conf.c **** 
 748:USB_Device/Target/usbd_conf.c **** /**
 749:USB_Device/Target/usbd_conf.c ****   * @brief  Delays routine for the USB Device Library.
 750:USB_Device/Target/usbd_conf.c ****   * @param  Delay: Delay in ms
 751:USB_Device/Target/usbd_conf.c ****   * @retval None
 752:USB_Device/Target/usbd_conf.c ****   */
 753:USB_Device/Target/usbd_conf.c **** void USBD_LL_Delay(uint32_t Delay)
 754:USB_Device/Target/usbd_conf.c **** {
 755:USB_Device/Target/usbd_conf.c ****   HAL_Delay(Delay);
 756:USB_Device/Target/usbd_conf.c **** }
 757:USB_Device/Target/usbd_conf.c **** 
 758:USB_Device/Target/usbd_conf.c **** /**
 759:USB_Device/Target/usbd_conf.c ****   * @brief  Static single allocation.
 760:USB_Device/Target/usbd_conf.c ****   * @param  size: Size of allocated memory
 761:USB_Device/Target/usbd_conf.c ****   * @retval None
 762:USB_Device/Target/usbd_conf.c ****   */
 763:USB_Device/Target/usbd_conf.c **** void *USBD_static_malloc(uint32_t size)
 764:USB_Device/Target/usbd_conf.c **** {
 765:USB_Device/Target/usbd_conf.c ****   UNUSED(size);
 766:USB_Device/Target/usbd_conf.c ****   static uint32_t mem[(sizeof(USBD_CDC_HandleTypeDef)/4)+1];/* On 32-bit boundary */
 767:USB_Device/Target/usbd_conf.c ****   return mem;
 768:USB_Device/Target/usbd_conf.c **** }
 769:USB_Device/Target/usbd_conf.c **** 
 770:USB_Device/Target/usbd_conf.c **** /**
 771:USB_Device/Target/usbd_conf.c ****   * @brief  Dummy memory free
ARM GAS  C:\Users\843E~1\AppData\Local\Temp\cc9AXn4R.s 			page 15


 772:USB_Device/Target/usbd_conf.c ****   * @param  p: Pointer to allocated  memory address
 773:USB_Device/Target/usbd_conf.c ****   * @retval None
 774:USB_Device/Target/usbd_conf.c ****   */
 775:USB_Device/Target/usbd_conf.c **** void USBD_static_free(void *p)
 776:USB_Device/Target/usbd_conf.c **** {
 777:USB_Device/Target/usbd_conf.c ****   UNUSED(p);
 778:USB_Device/Target/usbd_conf.c **** }
 779:USB_Device/Target/usbd_conf.c **** 
 780:USB_Device/Target/usbd_conf.c **** /* USER CODE BEGIN 5 */
 781:USB_Device/Target/usbd_conf.c **** /**
 782:USB_Device/Target/usbd_conf.c ****   * @brief  Configures system clock after wake-up from USB resume callBack:
 783:USB_Device/Target/usbd_conf.c ****   *         enable HSI, PLL and select PLL as system clock source.
 784:USB_Device/Target/usbd_conf.c ****   * @retval None
 785:USB_Device/Target/usbd_conf.c ****   */
 786:USB_Device/Target/usbd_conf.c **** static void SystemClockConfig_Resume(void)
 787:USB_Device/Target/usbd_conf.c **** {
 788:USB_Device/Target/usbd_conf.c ****   SystemClock_Config();
 789:USB_Device/Target/usbd_conf.c **** }
 790:USB_Device/Target/usbd_conf.c **** /* USER CODE END 5 */
 791:USB_Device/Target/usbd_conf.c **** 
 792:USB_Device/Target/usbd_conf.c **** /**
 793:USB_Device/Target/usbd_conf.c ****   * @brief  Returns the USB status depending on the HAL status:
 794:USB_Device/Target/usbd_conf.c ****   * @param  hal_status: HAL status
 795:USB_Device/Target/usbd_conf.c ****   * @retval USB status
 796:USB_Device/Target/usbd_conf.c ****   */
 797:USB_Device/Target/usbd_conf.c **** USBD_StatusTypeDef USBD_Get_USB_Status(HAL_StatusTypeDef hal_status)
 798:USB_Device/Target/usbd_conf.c **** {
  29              		.loc 1 798 1 view -0
  30              		.cfi_startproc
  31              		@ args = 0, pretend = 0, frame = 0
  32              		@ frame_needed = 0, uses_anonymous_args = 0
  33              		@ link register save eliminated.
 799:USB_Device/Target/usbd_conf.c ****   USBD_StatusTypeDef usb_status = USBD_OK;
  34              		.loc 1 799 3 view .LVU1
 800:USB_Device/Target/usbd_conf.c **** 
 801:USB_Device/Target/usbd_conf.c ****   switch (hal_status)
  35              		.loc 1 801 3 view .LVU2
  36 0000 0328     		cmp	r0, #3
  37 0002 05D8     		bhi	.L7
  38 0004 DFE800F0 		tbb	[pc, r0]
  39              	.L4:
  40 0008 05       		.byte	(.L2-.L4)/2
  41 0009 04       		.byte	(.L7-.L4)/2
  42 000a 02       		.byte	(.L5-.L4)/2
  43 000b 05       		.byte	(.L2-.L4)/2
  44              		.p2align 1
  45              	.L5:
 802:USB_Device/Target/usbd_conf.c ****   {
 803:USB_Device/Target/usbd_conf.c ****     case HAL_OK :
 804:USB_Device/Target/usbd_conf.c ****       usb_status = USBD_OK;
 805:USB_Device/Target/usbd_conf.c ****     break;
 806:USB_Device/Target/usbd_conf.c ****     case HAL_ERROR :
 807:USB_Device/Target/usbd_conf.c ****       usb_status = USBD_FAIL;
 808:USB_Device/Target/usbd_conf.c ****     break;
 809:USB_Device/Target/usbd_conf.c ****     case HAL_BUSY :
 810:USB_Device/Target/usbd_conf.c ****       usb_status = USBD_BUSY;
  46              		.loc 1 810 7 view .LVU3
ARM GAS  C:\Users\843E~1\AppData\Local\Temp\cc9AXn4R.s 			page 16


  47              	.LVL1:
 811:USB_Device/Target/usbd_conf.c ****     break;
  48              		.loc 1 811 5 view .LVU4
 810:USB_Device/Target/usbd_conf.c ****     break;
  49              		.loc 1 810 18 is_stmt 0 view .LVU5
  50 000c 0120     		movs	r0, #1
  51              	.LVL2:
  52              		.loc 1 811 5 view .LVU6
  53 000e 7047     		bx	lr
  54              	.LVL3:
  55              	.L7:
 807:USB_Device/Target/usbd_conf.c ****     break;
  56              		.loc 1 807 18 view .LVU7
  57 0010 0320     		movs	r0, #3
  58              	.LVL4:
  59              	.L2:
 812:USB_Device/Target/usbd_conf.c ****     case HAL_TIMEOUT :
 813:USB_Device/Target/usbd_conf.c ****       usb_status = USBD_FAIL;
 814:USB_Device/Target/usbd_conf.c ****     break;
 815:USB_Device/Target/usbd_conf.c ****     default :
 816:USB_Device/Target/usbd_conf.c ****       usb_status = USBD_FAIL;
 817:USB_Device/Target/usbd_conf.c ****     break;
 818:USB_Device/Target/usbd_conf.c ****   }
 819:USB_Device/Target/usbd_conf.c ****   return usb_status;
  60              		.loc 1 819 3 is_stmt 1 view .LVU8
 820:USB_Device/Target/usbd_conf.c **** }
  61              		.loc 1 820 1 is_stmt 0 view .LVU9
  62 0012 7047     		bx	lr
  63              		.cfi_endproc
  64              	.LFE1294:
  66              		.section	.text.SystemClockConfig_Resume,"ax",%progbits
  67              		.align	1
  68              		.syntax unified
  69              		.thumb
  70              		.thumb_func
  72              	SystemClockConfig_Resume:
  73              	.LFB1293:
 787:USB_Device/Target/usbd_conf.c ****   SystemClock_Config();
  74              		.loc 1 787 1 is_stmt 1 view -0
  75              		.cfi_startproc
  76              		@ args = 0, pretend = 0, frame = 0
  77              		@ frame_needed = 0, uses_anonymous_args = 0
  78 0000 08B5     		push	{r3, lr}
  79              	.LCFI0:
  80              		.cfi_def_cfa_offset 8
  81              		.cfi_offset 3, -8
  82              		.cfi_offset 14, -4
 788:USB_Device/Target/usbd_conf.c **** }
  83              		.loc 1 788 3 view .LVU11
  84 0002 FFF7FEFF 		bl	SystemClock_Config
  85              	.LVL5:
 789:USB_Device/Target/usbd_conf.c **** /* USER CODE END 5 */
  86              		.loc 1 789 1 is_stmt 0 view .LVU12
  87 0006 08BD     		pop	{r3, pc}
  88              		.cfi_endproc
  89              	.LFE1293:
  91              		.section	.text.HAL_PCD_MspInit,"ax",%progbits
ARM GAS  C:\Users\843E~1\AppData\Local\Temp\cc9AXn4R.s 			page 17


  92              		.align	1
  93              		.global	HAL_PCD_MspInit
  94              		.syntax unified
  95              		.thumb
  96              		.thumb_func
  98              	HAL_PCD_MspInit:
  99              	.LVL6:
 100              	.LFB1262:
  75:USB_Device/Target/usbd_conf.c ****   GPIO_InitTypeDef GPIO_InitStruct = {0};
 101              		.loc 1 75 1 is_stmt 1 view -0
 102              		.cfi_startproc
 103              		@ args = 0, pretend = 0, frame = 112
 104              		@ frame_needed = 0, uses_anonymous_args = 0
  75:USB_Device/Target/usbd_conf.c ****   GPIO_InitTypeDef GPIO_InitStruct = {0};
 105              		.loc 1 75 1 is_stmt 0 view .LVU14
 106 0000 30B5     		push	{r4, r5, lr}
 107              	.LCFI1:
 108              		.cfi_def_cfa_offset 12
 109              		.cfi_offset 4, -12
 110              		.cfi_offset 5, -8
 111              		.cfi_offset 14, -4
 112 0002 9DB0     		sub	sp, sp, #116
 113              	.LCFI2:
 114              		.cfi_def_cfa_offset 128
 115 0004 0446     		mov	r4, r0
  76:USB_Device/Target/usbd_conf.c ****   RCC_PeriphCLKInitTypeDef PeriphClkInitStruct = {0};
 116              		.loc 1 76 3 is_stmt 1 view .LVU15
  76:USB_Device/Target/usbd_conf.c ****   RCC_PeriphCLKInitTypeDef PeriphClkInitStruct = {0};
 117              		.loc 1 76 20 is_stmt 0 view .LVU16
 118 0006 0021     		movs	r1, #0
 119 0008 1791     		str	r1, [sp, #92]
 120 000a 1891     		str	r1, [sp, #96]
 121 000c 1991     		str	r1, [sp, #100]
 122 000e 1A91     		str	r1, [sp, #104]
 123 0010 1B91     		str	r1, [sp, #108]
  77:USB_Device/Target/usbd_conf.c ****   if(pcdHandle->Instance==USB)
 124              		.loc 1 77 3 is_stmt 1 view .LVU17
  77:USB_Device/Target/usbd_conf.c ****   if(pcdHandle->Instance==USB)
 125              		.loc 1 77 28 is_stmt 0 view .LVU18
 126 0012 5022     		movs	r2, #80
 127 0014 03A8     		add	r0, sp, #12
 128              	.LVL7:
  77:USB_Device/Target/usbd_conf.c ****   if(pcdHandle->Instance==USB)
 129              		.loc 1 77 28 view .LVU19
 130 0016 FFF7FEFF 		bl	memset
 131              	.LVL8:
  78:USB_Device/Target/usbd_conf.c ****   {
 132              		.loc 1 78 3 is_stmt 1 view .LVU20
  78:USB_Device/Target/usbd_conf.c ****   {
 133              		.loc 1 78 15 is_stmt 0 view .LVU21
 134 001a 2268     		ldr	r2, [r4]
  78:USB_Device/Target/usbd_conf.c ****   {
 135              		.loc 1 78 5 view .LVU22
 136 001c 1D4B     		ldr	r3, .L16
 137 001e 9A42     		cmp	r2, r3
 138 0020 01D0     		beq	.L14
 139              	.LVL9:
ARM GAS  C:\Users\843E~1\AppData\Local\Temp\cc9AXn4R.s 			page 18


 140              	.L10:
 115:USB_Device/Target/usbd_conf.c **** 
 141              		.loc 1 115 1 view .LVU23
 142 0022 1DB0     		add	sp, sp, #116
 143              	.LCFI3:
 144              		.cfi_remember_state
 145              		.cfi_def_cfa_offset 12
 146              		@ sp needed
 147 0024 30BD     		pop	{r4, r5, pc}
 148              	.LVL10:
 149              	.L14:
 150              	.LCFI4:
 151              		.cfi_restore_state
  86:USB_Device/Target/usbd_conf.c ****     PeriphClkInitStruct.UsbClockSelection = RCC_USBCLKSOURCE_HSI48;
 152              		.loc 1 86 5 is_stmt 1 view .LVU24
  86:USB_Device/Target/usbd_conf.c ****     PeriphClkInitStruct.UsbClockSelection = RCC_USBCLKSOURCE_HSI48;
 153              		.loc 1 86 46 is_stmt 0 view .LVU25
 154 0026 4FF48073 		mov	r3, #256
 155 002a 0393     		str	r3, [sp, #12]
  87:USB_Device/Target/usbd_conf.c ****     if (HAL_RCCEx_PeriphCLKConfig(&PeriphClkInitStruct) != HAL_OK)
 156              		.loc 1 87 5 is_stmt 1 view .LVU26
  88:USB_Device/Target/usbd_conf.c ****     {
 157              		.loc 1 88 5 view .LVU27
  88:USB_Device/Target/usbd_conf.c ****     {
 158              		.loc 1 88 9 is_stmt 0 view .LVU28
 159 002c 03A8     		add	r0, sp, #12
 160 002e FFF7FEFF 		bl	HAL_RCCEx_PeriphCLKConfig
 161              	.LVL11:
  88:USB_Device/Target/usbd_conf.c ****     {
 162              		.loc 1 88 8 view .LVU29
 163 0032 58BB     		cbnz	r0, .L15
 164              	.L12:
  93:USB_Device/Target/usbd_conf.c ****     /**USB GPIO Configuration
 165              		.loc 1 93 5 is_stmt 1 view .LVU30
 166              	.LVL12:
 167              	.LBB8:
 168              	.LBI8:
 169              		.file 2 "Drivers/STM32WBxx_HAL_Driver/Inc/stm32wbxx_ll_bus.h"
   1:Drivers/STM32WBxx_HAL_Driver/Inc/stm32wbxx_ll_bus.h **** /**
   2:Drivers/STM32WBxx_HAL_Driver/Inc/stm32wbxx_ll_bus.h ****   ******************************************************************************
   3:Drivers/STM32WBxx_HAL_Driver/Inc/stm32wbxx_ll_bus.h ****   * @file    stm32wbxx_ll_bus.h
   4:Drivers/STM32WBxx_HAL_Driver/Inc/stm32wbxx_ll_bus.h ****   * @author  MCD Application Team
   5:Drivers/STM32WBxx_HAL_Driver/Inc/stm32wbxx_ll_bus.h ****   * @brief   Header file of BUS LL module.
   6:Drivers/STM32WBxx_HAL_Driver/Inc/stm32wbxx_ll_bus.h ****   ******************************************************************************
   7:Drivers/STM32WBxx_HAL_Driver/Inc/stm32wbxx_ll_bus.h ****   * @attention
   8:Drivers/STM32WBxx_HAL_Driver/Inc/stm32wbxx_ll_bus.h ****   *
   9:Drivers/STM32WBxx_HAL_Driver/Inc/stm32wbxx_ll_bus.h ****   * Copyright (c) 2019 STMicroelectronics.
  10:Drivers/STM32WBxx_HAL_Driver/Inc/stm32wbxx_ll_bus.h ****   * All rights reserved.
  11:Drivers/STM32WBxx_HAL_Driver/Inc/stm32wbxx_ll_bus.h ****   *
  12:Drivers/STM32WBxx_HAL_Driver/Inc/stm32wbxx_ll_bus.h ****   * This software is licensed under terms that can be found in the LICENSE file
  13:Drivers/STM32WBxx_HAL_Driver/Inc/stm32wbxx_ll_bus.h ****   * in the root directory of this software component.
  14:Drivers/STM32WBxx_HAL_Driver/Inc/stm32wbxx_ll_bus.h ****   * If no LICENSE file comes with this software, it is provided AS-IS.
  15:Drivers/STM32WBxx_HAL_Driver/Inc/stm32wbxx_ll_bus.h ****   *
  16:Drivers/STM32WBxx_HAL_Driver/Inc/stm32wbxx_ll_bus.h ****   ******************************************************************************
  17:Drivers/STM32WBxx_HAL_Driver/Inc/stm32wbxx_ll_bus.h ****   @verbatim
  18:Drivers/STM32WBxx_HAL_Driver/Inc/stm32wbxx_ll_bus.h ****                       ##### RCC Limitations #####
  19:Drivers/STM32WBxx_HAL_Driver/Inc/stm32wbxx_ll_bus.h ****   ==============================================================================
ARM GAS  C:\Users\843E~1\AppData\Local\Temp\cc9AXn4R.s 			page 19


  20:Drivers/STM32WBxx_HAL_Driver/Inc/stm32wbxx_ll_bus.h ****     [..]
  21:Drivers/STM32WBxx_HAL_Driver/Inc/stm32wbxx_ll_bus.h ****       A delay between an RCC peripheral clock enable and the effective peripheral
  22:Drivers/STM32WBxx_HAL_Driver/Inc/stm32wbxx_ll_bus.h ****       enabling should be taken into account in order to manage the peripheral read/write
  23:Drivers/STM32WBxx_HAL_Driver/Inc/stm32wbxx_ll_bus.h ****       from/to registers.
  24:Drivers/STM32WBxx_HAL_Driver/Inc/stm32wbxx_ll_bus.h ****       (+) This delay depends on the peripheral mapping.
  25:Drivers/STM32WBxx_HAL_Driver/Inc/stm32wbxx_ll_bus.h ****         (++) AHB & APB peripherals, 1 dummy read is necessary
  26:Drivers/STM32WBxx_HAL_Driver/Inc/stm32wbxx_ll_bus.h **** 
  27:Drivers/STM32WBxx_HAL_Driver/Inc/stm32wbxx_ll_bus.h ****     [..]
  28:Drivers/STM32WBxx_HAL_Driver/Inc/stm32wbxx_ll_bus.h ****       Workarounds:
  29:Drivers/STM32WBxx_HAL_Driver/Inc/stm32wbxx_ll_bus.h ****       (#) For AHB & APB peripherals, a dummy read to the peripheral register has been
  30:Drivers/STM32WBxx_HAL_Driver/Inc/stm32wbxx_ll_bus.h ****           inserted in each LL_{BUS}_GRP{x}_EnableClock() function.
  31:Drivers/STM32WBxx_HAL_Driver/Inc/stm32wbxx_ll_bus.h **** 
  32:Drivers/STM32WBxx_HAL_Driver/Inc/stm32wbxx_ll_bus.h ****   @endverbatim
  33:Drivers/STM32WBxx_HAL_Driver/Inc/stm32wbxx_ll_bus.h ****   ******************************************************************************
  34:Drivers/STM32WBxx_HAL_Driver/Inc/stm32wbxx_ll_bus.h ****   */
  35:Drivers/STM32WBxx_HAL_Driver/Inc/stm32wbxx_ll_bus.h **** 
  36:Drivers/STM32WBxx_HAL_Driver/Inc/stm32wbxx_ll_bus.h **** /* Define to prevent recursive inclusion -------------------------------------*/
  37:Drivers/STM32WBxx_HAL_Driver/Inc/stm32wbxx_ll_bus.h **** #ifndef STM32WBxx_LL_BUS_H
  38:Drivers/STM32WBxx_HAL_Driver/Inc/stm32wbxx_ll_bus.h **** #define STM32WBxx_LL_BUS_H
  39:Drivers/STM32WBxx_HAL_Driver/Inc/stm32wbxx_ll_bus.h **** 
  40:Drivers/STM32WBxx_HAL_Driver/Inc/stm32wbxx_ll_bus.h **** #ifdef __cplusplus
  41:Drivers/STM32WBxx_HAL_Driver/Inc/stm32wbxx_ll_bus.h **** extern "C" {
  42:Drivers/STM32WBxx_HAL_Driver/Inc/stm32wbxx_ll_bus.h **** #endif
  43:Drivers/STM32WBxx_HAL_Driver/Inc/stm32wbxx_ll_bus.h **** 
  44:Drivers/STM32WBxx_HAL_Driver/Inc/stm32wbxx_ll_bus.h **** /* Includes ------------------------------------------------------------------*/
  45:Drivers/STM32WBxx_HAL_Driver/Inc/stm32wbxx_ll_bus.h **** #include "stm32wbxx.h"
  46:Drivers/STM32WBxx_HAL_Driver/Inc/stm32wbxx_ll_bus.h **** 
  47:Drivers/STM32WBxx_HAL_Driver/Inc/stm32wbxx_ll_bus.h **** /** @addtogroup STM32WBxx_LL_Driver
  48:Drivers/STM32WBxx_HAL_Driver/Inc/stm32wbxx_ll_bus.h ****   * @{
  49:Drivers/STM32WBxx_HAL_Driver/Inc/stm32wbxx_ll_bus.h ****   */
  50:Drivers/STM32WBxx_HAL_Driver/Inc/stm32wbxx_ll_bus.h **** 
  51:Drivers/STM32WBxx_HAL_Driver/Inc/stm32wbxx_ll_bus.h **** #if defined(RCC)
  52:Drivers/STM32WBxx_HAL_Driver/Inc/stm32wbxx_ll_bus.h **** 
  53:Drivers/STM32WBxx_HAL_Driver/Inc/stm32wbxx_ll_bus.h **** /** @defgroup BUS_LL BUS
  54:Drivers/STM32WBxx_HAL_Driver/Inc/stm32wbxx_ll_bus.h ****   * @{
  55:Drivers/STM32WBxx_HAL_Driver/Inc/stm32wbxx_ll_bus.h ****   */
  56:Drivers/STM32WBxx_HAL_Driver/Inc/stm32wbxx_ll_bus.h **** 
  57:Drivers/STM32WBxx_HAL_Driver/Inc/stm32wbxx_ll_bus.h **** /* Private types -------------------------------------------------------------*/
  58:Drivers/STM32WBxx_HAL_Driver/Inc/stm32wbxx_ll_bus.h **** /* Private variables ---------------------------------------------------------*/
  59:Drivers/STM32WBxx_HAL_Driver/Inc/stm32wbxx_ll_bus.h **** 
  60:Drivers/STM32WBxx_HAL_Driver/Inc/stm32wbxx_ll_bus.h **** /* Private constants ---------------------------------------------------------*/
  61:Drivers/STM32WBxx_HAL_Driver/Inc/stm32wbxx_ll_bus.h **** 
  62:Drivers/STM32WBxx_HAL_Driver/Inc/stm32wbxx_ll_bus.h **** /* Private macros ------------------------------------------------------------*/
  63:Drivers/STM32WBxx_HAL_Driver/Inc/stm32wbxx_ll_bus.h **** 
  64:Drivers/STM32WBxx_HAL_Driver/Inc/stm32wbxx_ll_bus.h **** /* Exported types ------------------------------------------------------------*/
  65:Drivers/STM32WBxx_HAL_Driver/Inc/stm32wbxx_ll_bus.h **** 
  66:Drivers/STM32WBxx_HAL_Driver/Inc/stm32wbxx_ll_bus.h **** /* Exported constants --------------------------------------------------------*/
  67:Drivers/STM32WBxx_HAL_Driver/Inc/stm32wbxx_ll_bus.h **** /** @defgroup BUS_LL_Exported_Constants BUS Exported Constants
  68:Drivers/STM32WBxx_HAL_Driver/Inc/stm32wbxx_ll_bus.h ****   * @{
  69:Drivers/STM32WBxx_HAL_Driver/Inc/stm32wbxx_ll_bus.h ****   */
  70:Drivers/STM32WBxx_HAL_Driver/Inc/stm32wbxx_ll_bus.h **** 
  71:Drivers/STM32WBxx_HAL_Driver/Inc/stm32wbxx_ll_bus.h **** /** @defgroup BUS_LL_EC_AHB1_GRP1_PERIPH  AHB1 GRP1 PERIPH
  72:Drivers/STM32WBxx_HAL_Driver/Inc/stm32wbxx_ll_bus.h ****   * @{
  73:Drivers/STM32WBxx_HAL_Driver/Inc/stm32wbxx_ll_bus.h ****   */
  74:Drivers/STM32WBxx_HAL_Driver/Inc/stm32wbxx_ll_bus.h **** #define LL_AHB1_GRP1_PERIPH_ALL            (0xFFFFFFFFU)
  75:Drivers/STM32WBxx_HAL_Driver/Inc/stm32wbxx_ll_bus.h **** 
  76:Drivers/STM32WBxx_HAL_Driver/Inc/stm32wbxx_ll_bus.h **** #define LL_AHB1_GRP1_PERIPH_DMA1           RCC_AHB1ENR_DMA1EN
ARM GAS  C:\Users\843E~1\AppData\Local\Temp\cc9AXn4R.s 			page 20


  77:Drivers/STM32WBxx_HAL_Driver/Inc/stm32wbxx_ll_bus.h **** #if defined(DMA2)
  78:Drivers/STM32WBxx_HAL_Driver/Inc/stm32wbxx_ll_bus.h **** #define LL_AHB1_GRP1_PERIPH_DMA2           RCC_AHB1ENR_DMA2EN
  79:Drivers/STM32WBxx_HAL_Driver/Inc/stm32wbxx_ll_bus.h **** #endif /* DMA2 */
  80:Drivers/STM32WBxx_HAL_Driver/Inc/stm32wbxx_ll_bus.h **** #define LL_AHB1_GRP1_PERIPH_DMAMUX1        RCC_AHB1ENR_DMAMUX1EN
  81:Drivers/STM32WBxx_HAL_Driver/Inc/stm32wbxx_ll_bus.h **** #define LL_AHB1_GRP1_PERIPH_SRAM1          RCC_AHB1SMENR_SRAM1SMEN
  82:Drivers/STM32WBxx_HAL_Driver/Inc/stm32wbxx_ll_bus.h **** #define LL_AHB1_GRP1_PERIPH_CRC            RCC_AHB1ENR_CRCEN
  83:Drivers/STM32WBxx_HAL_Driver/Inc/stm32wbxx_ll_bus.h **** #if defined(TSC)
  84:Drivers/STM32WBxx_HAL_Driver/Inc/stm32wbxx_ll_bus.h **** #define LL_AHB1_GRP1_PERIPH_TSC            RCC_AHB1ENR_TSCEN
  85:Drivers/STM32WBxx_HAL_Driver/Inc/stm32wbxx_ll_bus.h **** #endif /* TSC */
  86:Drivers/STM32WBxx_HAL_Driver/Inc/stm32wbxx_ll_bus.h **** /**
  87:Drivers/STM32WBxx_HAL_Driver/Inc/stm32wbxx_ll_bus.h ****   * @}
  88:Drivers/STM32WBxx_HAL_Driver/Inc/stm32wbxx_ll_bus.h ****   */
  89:Drivers/STM32WBxx_HAL_Driver/Inc/stm32wbxx_ll_bus.h **** 
  90:Drivers/STM32WBxx_HAL_Driver/Inc/stm32wbxx_ll_bus.h **** /** @defgroup BUS_LL_EC_AHB2_GRP1_PERIPH  AHB2 GRP1 PERIPH
  91:Drivers/STM32WBxx_HAL_Driver/Inc/stm32wbxx_ll_bus.h ****   * @{
  92:Drivers/STM32WBxx_HAL_Driver/Inc/stm32wbxx_ll_bus.h ****   */
  93:Drivers/STM32WBxx_HAL_Driver/Inc/stm32wbxx_ll_bus.h **** #define LL_AHB2_GRP1_PERIPH_ALL            (0xFFFFFFFFU)
  94:Drivers/STM32WBxx_HAL_Driver/Inc/stm32wbxx_ll_bus.h **** 
  95:Drivers/STM32WBxx_HAL_Driver/Inc/stm32wbxx_ll_bus.h **** #define LL_AHB2_GRP1_PERIPH_GPIOA          RCC_AHB2ENR_GPIOAEN
  96:Drivers/STM32WBxx_HAL_Driver/Inc/stm32wbxx_ll_bus.h **** #define LL_AHB2_GRP1_PERIPH_GPIOB          RCC_AHB2ENR_GPIOBEN
  97:Drivers/STM32WBxx_HAL_Driver/Inc/stm32wbxx_ll_bus.h **** #define LL_AHB2_GRP1_PERIPH_GPIOC          RCC_AHB2ENR_GPIOCEN
  98:Drivers/STM32WBxx_HAL_Driver/Inc/stm32wbxx_ll_bus.h **** #if defined(GPIOD)
  99:Drivers/STM32WBxx_HAL_Driver/Inc/stm32wbxx_ll_bus.h **** #define LL_AHB2_GRP1_PERIPH_GPIOD          RCC_AHB2ENR_GPIODEN
 100:Drivers/STM32WBxx_HAL_Driver/Inc/stm32wbxx_ll_bus.h **** #endif /* GPIOD */
 101:Drivers/STM32WBxx_HAL_Driver/Inc/stm32wbxx_ll_bus.h **** #define LL_AHB2_GRP1_PERIPH_GPIOE          RCC_AHB2ENR_GPIOEEN
 102:Drivers/STM32WBxx_HAL_Driver/Inc/stm32wbxx_ll_bus.h **** #define LL_AHB2_GRP1_PERIPH_GPIOH          RCC_AHB2ENR_GPIOHEN
 103:Drivers/STM32WBxx_HAL_Driver/Inc/stm32wbxx_ll_bus.h **** #if defined(ADC_SUPPORT_5_MSPS)
 104:Drivers/STM32WBxx_HAL_Driver/Inc/stm32wbxx_ll_bus.h **** #define LL_AHB2_GRP1_PERIPH_ADC            RCC_AHB2ENR_ADCEN
 105:Drivers/STM32WBxx_HAL_Driver/Inc/stm32wbxx_ll_bus.h **** #endif /* ADC_SUPPORT_5_MSPS */
 106:Drivers/STM32WBxx_HAL_Driver/Inc/stm32wbxx_ll_bus.h **** #if defined(AES1)
 107:Drivers/STM32WBxx_HAL_Driver/Inc/stm32wbxx_ll_bus.h **** #define LL_AHB2_GRP1_PERIPH_AES1           RCC_AHB2ENR_AES1EN
 108:Drivers/STM32WBxx_HAL_Driver/Inc/stm32wbxx_ll_bus.h **** #endif /* AES1 */
 109:Drivers/STM32WBxx_HAL_Driver/Inc/stm32wbxx_ll_bus.h **** /**
 110:Drivers/STM32WBxx_HAL_Driver/Inc/stm32wbxx_ll_bus.h ****   * @}
 111:Drivers/STM32WBxx_HAL_Driver/Inc/stm32wbxx_ll_bus.h ****   */
 112:Drivers/STM32WBxx_HAL_Driver/Inc/stm32wbxx_ll_bus.h **** 
 113:Drivers/STM32WBxx_HAL_Driver/Inc/stm32wbxx_ll_bus.h **** /** @defgroup BUS_LL_EC_AHB3_GRP1_PERIPH  AHB3 GRP1 PERIPH
 114:Drivers/STM32WBxx_HAL_Driver/Inc/stm32wbxx_ll_bus.h ****   * @{
 115:Drivers/STM32WBxx_HAL_Driver/Inc/stm32wbxx_ll_bus.h ****   */
 116:Drivers/STM32WBxx_HAL_Driver/Inc/stm32wbxx_ll_bus.h **** #define LL_AHB3_GRP1_PERIPH_ALL            (0xFFFFFFFFU)
 117:Drivers/STM32WBxx_HAL_Driver/Inc/stm32wbxx_ll_bus.h **** #if defined(QUADSPI)
 118:Drivers/STM32WBxx_HAL_Driver/Inc/stm32wbxx_ll_bus.h **** #define LL_AHB3_GRP1_PERIPH_QUADSPI        RCC_AHB3ENR_QUADSPIEN
 119:Drivers/STM32WBxx_HAL_Driver/Inc/stm32wbxx_ll_bus.h **** #endif /* QUADSPI */
 120:Drivers/STM32WBxx_HAL_Driver/Inc/stm32wbxx_ll_bus.h **** #define LL_AHB3_GRP1_PERIPH_PKA            RCC_AHB3ENR_PKAEN
 121:Drivers/STM32WBxx_HAL_Driver/Inc/stm32wbxx_ll_bus.h **** #define LL_AHB3_GRP1_PERIPH_AES2           RCC_AHB3ENR_AES2EN
 122:Drivers/STM32WBxx_HAL_Driver/Inc/stm32wbxx_ll_bus.h **** #define LL_AHB3_GRP1_PERIPH_RNG            RCC_AHB3ENR_RNGEN
 123:Drivers/STM32WBxx_HAL_Driver/Inc/stm32wbxx_ll_bus.h **** #define LL_AHB3_GRP1_PERIPH_HSEM           RCC_AHB3ENR_HSEMEN
 124:Drivers/STM32WBxx_HAL_Driver/Inc/stm32wbxx_ll_bus.h **** #define LL_AHB3_GRP1_PERIPH_IPCC           RCC_AHB3ENR_IPCCEN
 125:Drivers/STM32WBxx_HAL_Driver/Inc/stm32wbxx_ll_bus.h **** #define LL_AHB3_GRP1_PERIPH_SRAM2          RCC_AHB3SMENR_SRAM2SMEN
 126:Drivers/STM32WBxx_HAL_Driver/Inc/stm32wbxx_ll_bus.h **** #define LL_AHB3_GRP1_PERIPH_FLASH          RCC_AHB3ENR_FLASHEN
 127:Drivers/STM32WBxx_HAL_Driver/Inc/stm32wbxx_ll_bus.h **** /**
 128:Drivers/STM32WBxx_HAL_Driver/Inc/stm32wbxx_ll_bus.h ****   * @}
 129:Drivers/STM32WBxx_HAL_Driver/Inc/stm32wbxx_ll_bus.h ****   */
 130:Drivers/STM32WBxx_HAL_Driver/Inc/stm32wbxx_ll_bus.h **** 
 131:Drivers/STM32WBxx_HAL_Driver/Inc/stm32wbxx_ll_bus.h **** /** @defgroup BUS_LL_EC_APB1_GRP1_PERIPH  APB1 GRP1 PERIPH
 132:Drivers/STM32WBxx_HAL_Driver/Inc/stm32wbxx_ll_bus.h ****   * @{
 133:Drivers/STM32WBxx_HAL_Driver/Inc/stm32wbxx_ll_bus.h ****   */
ARM GAS  C:\Users\843E~1\AppData\Local\Temp\cc9AXn4R.s 			page 21


 134:Drivers/STM32WBxx_HAL_Driver/Inc/stm32wbxx_ll_bus.h **** #define LL_APB1_GRP1_PERIPH_ALL            (0xFFFFFFFFU)
 135:Drivers/STM32WBxx_HAL_Driver/Inc/stm32wbxx_ll_bus.h **** #define LL_APB1_GRP1_PERIPH_TIM2           RCC_APB1ENR1_TIM2EN
 136:Drivers/STM32WBxx_HAL_Driver/Inc/stm32wbxx_ll_bus.h **** #if defined(LCD)
 137:Drivers/STM32WBxx_HAL_Driver/Inc/stm32wbxx_ll_bus.h **** #define LL_APB1_GRP1_PERIPH_LCD            RCC_APB1ENR1_LCDEN
 138:Drivers/STM32WBxx_HAL_Driver/Inc/stm32wbxx_ll_bus.h **** #endif /* LCD */
 139:Drivers/STM32WBxx_HAL_Driver/Inc/stm32wbxx_ll_bus.h **** #define LL_APB1_GRP1_PERIPH_RTCAPB         RCC_APB1ENR1_RTCAPBEN
 140:Drivers/STM32WBxx_HAL_Driver/Inc/stm32wbxx_ll_bus.h **** #define LL_APB1_GRP1_PERIPH_WWDG           RCC_APB1ENR1_WWDGEN
 141:Drivers/STM32WBxx_HAL_Driver/Inc/stm32wbxx_ll_bus.h **** #if defined(SPI2)
 142:Drivers/STM32WBxx_HAL_Driver/Inc/stm32wbxx_ll_bus.h **** #define LL_APB1_GRP1_PERIPH_SPI2           RCC_APB1ENR1_SPI2EN
 143:Drivers/STM32WBxx_HAL_Driver/Inc/stm32wbxx_ll_bus.h **** #endif /* SPI2 */
 144:Drivers/STM32WBxx_HAL_Driver/Inc/stm32wbxx_ll_bus.h **** #define LL_APB1_GRP1_PERIPH_I2C1           RCC_APB1ENR1_I2C1EN
 145:Drivers/STM32WBxx_HAL_Driver/Inc/stm32wbxx_ll_bus.h **** #if defined(I2C3)
 146:Drivers/STM32WBxx_HAL_Driver/Inc/stm32wbxx_ll_bus.h **** #define LL_APB1_GRP1_PERIPH_I2C3           RCC_APB1ENR1_I2C3EN
 147:Drivers/STM32WBxx_HAL_Driver/Inc/stm32wbxx_ll_bus.h **** #endif /* I2C3 */
 148:Drivers/STM32WBxx_HAL_Driver/Inc/stm32wbxx_ll_bus.h **** #if defined(CRS)
 149:Drivers/STM32WBxx_HAL_Driver/Inc/stm32wbxx_ll_bus.h **** #define LL_APB1_GRP1_PERIPH_CRS            RCC_APB1ENR1_CRSEN
 150:Drivers/STM32WBxx_HAL_Driver/Inc/stm32wbxx_ll_bus.h **** #endif /* CRS */
 151:Drivers/STM32WBxx_HAL_Driver/Inc/stm32wbxx_ll_bus.h **** #if defined(USB)
 152:Drivers/STM32WBxx_HAL_Driver/Inc/stm32wbxx_ll_bus.h **** #define LL_APB1_GRP1_PERIPH_USB            RCC_APB1ENR1_USBEN
 153:Drivers/STM32WBxx_HAL_Driver/Inc/stm32wbxx_ll_bus.h **** #endif /* USB */
 154:Drivers/STM32WBxx_HAL_Driver/Inc/stm32wbxx_ll_bus.h **** #define LL_APB1_GRP1_PERIPH_LPTIM1         RCC_APB1ENR1_LPTIM1EN
 155:Drivers/STM32WBxx_HAL_Driver/Inc/stm32wbxx_ll_bus.h **** /**
 156:Drivers/STM32WBxx_HAL_Driver/Inc/stm32wbxx_ll_bus.h ****   * @}
 157:Drivers/STM32WBxx_HAL_Driver/Inc/stm32wbxx_ll_bus.h ****   */
 158:Drivers/STM32WBxx_HAL_Driver/Inc/stm32wbxx_ll_bus.h **** 
 159:Drivers/STM32WBxx_HAL_Driver/Inc/stm32wbxx_ll_bus.h **** 
 160:Drivers/STM32WBxx_HAL_Driver/Inc/stm32wbxx_ll_bus.h **** /** @defgroup BUS_LL_EC_APB1_GRP2_PERIPH  APB1 GRP2 PERIPH
 161:Drivers/STM32WBxx_HAL_Driver/Inc/stm32wbxx_ll_bus.h ****   * @{
 162:Drivers/STM32WBxx_HAL_Driver/Inc/stm32wbxx_ll_bus.h ****   */
 163:Drivers/STM32WBxx_HAL_Driver/Inc/stm32wbxx_ll_bus.h **** #define LL_APB1_GRP2_PERIPH_ALL            (0xFFFFFFFFU)
 164:Drivers/STM32WBxx_HAL_Driver/Inc/stm32wbxx_ll_bus.h **** 
 165:Drivers/STM32WBxx_HAL_Driver/Inc/stm32wbxx_ll_bus.h **** #if defined(LPUART1)
 166:Drivers/STM32WBxx_HAL_Driver/Inc/stm32wbxx_ll_bus.h **** #define LL_APB1_GRP2_PERIPH_LPUART1        RCC_APB1ENR2_LPUART1EN
 167:Drivers/STM32WBxx_HAL_Driver/Inc/stm32wbxx_ll_bus.h **** #endif /* LPUART1 */
 168:Drivers/STM32WBxx_HAL_Driver/Inc/stm32wbxx_ll_bus.h **** #define LL_APB1_GRP2_PERIPH_LPTIM2         RCC_APB1ENR2_LPTIM2EN
 169:Drivers/STM32WBxx_HAL_Driver/Inc/stm32wbxx_ll_bus.h **** /**
 170:Drivers/STM32WBxx_HAL_Driver/Inc/stm32wbxx_ll_bus.h ****   * @}
 171:Drivers/STM32WBxx_HAL_Driver/Inc/stm32wbxx_ll_bus.h ****   */
 172:Drivers/STM32WBxx_HAL_Driver/Inc/stm32wbxx_ll_bus.h **** 
 173:Drivers/STM32WBxx_HAL_Driver/Inc/stm32wbxx_ll_bus.h **** /** @defgroup BUS_LL_EC_APB2_GRP1_PERIPH  APB2 GRP1 PERIPH
 174:Drivers/STM32WBxx_HAL_Driver/Inc/stm32wbxx_ll_bus.h ****   * @{
 175:Drivers/STM32WBxx_HAL_Driver/Inc/stm32wbxx_ll_bus.h ****   */
 176:Drivers/STM32WBxx_HAL_Driver/Inc/stm32wbxx_ll_bus.h **** #define LL_APB2_GRP1_PERIPH_ALL            (0xFFFFFFFFU)
 177:Drivers/STM32WBxx_HAL_Driver/Inc/stm32wbxx_ll_bus.h **** 
 178:Drivers/STM32WBxx_HAL_Driver/Inc/stm32wbxx_ll_bus.h **** #if defined(ADC_SUPPORT_2_5_MSPS)
 179:Drivers/STM32WBxx_HAL_Driver/Inc/stm32wbxx_ll_bus.h **** #define LL_APB2_GRP1_PERIPH_ADC            RCC_APB2ENR_ADCEN
 180:Drivers/STM32WBxx_HAL_Driver/Inc/stm32wbxx_ll_bus.h **** #endif /* ADC_SUPPORT_2_5_MSPS */
 181:Drivers/STM32WBxx_HAL_Driver/Inc/stm32wbxx_ll_bus.h **** #define LL_APB2_GRP1_PERIPH_TIM1           RCC_APB2ENR_TIM1EN
 182:Drivers/STM32WBxx_HAL_Driver/Inc/stm32wbxx_ll_bus.h **** #define LL_APB2_GRP1_PERIPH_SPI1           RCC_APB2ENR_SPI1EN
 183:Drivers/STM32WBxx_HAL_Driver/Inc/stm32wbxx_ll_bus.h **** #define LL_APB2_GRP1_PERIPH_USART1         RCC_APB2ENR_USART1EN
 184:Drivers/STM32WBxx_HAL_Driver/Inc/stm32wbxx_ll_bus.h **** #if defined(TIM16)
 185:Drivers/STM32WBxx_HAL_Driver/Inc/stm32wbxx_ll_bus.h **** #define LL_APB2_GRP1_PERIPH_TIM16          RCC_APB2ENR_TIM16EN
 186:Drivers/STM32WBxx_HAL_Driver/Inc/stm32wbxx_ll_bus.h **** #endif /* TIM16 */
 187:Drivers/STM32WBxx_HAL_Driver/Inc/stm32wbxx_ll_bus.h **** #if defined(TIM17)
 188:Drivers/STM32WBxx_HAL_Driver/Inc/stm32wbxx_ll_bus.h **** #define LL_APB2_GRP1_PERIPH_TIM17          RCC_APB2ENR_TIM17EN
 189:Drivers/STM32WBxx_HAL_Driver/Inc/stm32wbxx_ll_bus.h **** #endif /* TIM17 */
 190:Drivers/STM32WBxx_HAL_Driver/Inc/stm32wbxx_ll_bus.h **** #if defined(SAI1)
ARM GAS  C:\Users\843E~1\AppData\Local\Temp\cc9AXn4R.s 			page 22


 191:Drivers/STM32WBxx_HAL_Driver/Inc/stm32wbxx_ll_bus.h **** #define LL_APB2_GRP1_PERIPH_SAI1           RCC_APB2ENR_SAI1EN
 192:Drivers/STM32WBxx_HAL_Driver/Inc/stm32wbxx_ll_bus.h **** #endif /* SAI1 */
 193:Drivers/STM32WBxx_HAL_Driver/Inc/stm32wbxx_ll_bus.h **** /**
 194:Drivers/STM32WBxx_HAL_Driver/Inc/stm32wbxx_ll_bus.h ****   * @}
 195:Drivers/STM32WBxx_HAL_Driver/Inc/stm32wbxx_ll_bus.h ****   */
 196:Drivers/STM32WBxx_HAL_Driver/Inc/stm32wbxx_ll_bus.h **** 
 197:Drivers/STM32WBxx_HAL_Driver/Inc/stm32wbxx_ll_bus.h **** /** @defgroup BUS_LL_EC_APB3_GRP1_PERIPH  APB3 GRP1 PERIPH
 198:Drivers/STM32WBxx_HAL_Driver/Inc/stm32wbxx_ll_bus.h ****   * @{
 199:Drivers/STM32WBxx_HAL_Driver/Inc/stm32wbxx_ll_bus.h ****   */
 200:Drivers/STM32WBxx_HAL_Driver/Inc/stm32wbxx_ll_bus.h **** #define LL_APB3_GRP1_PERIPH_ALL            (0xFFFFFFFFU)
 201:Drivers/STM32WBxx_HAL_Driver/Inc/stm32wbxx_ll_bus.h **** #define LL_APB3_GRP1_PERIPH_RF             RCC_APB3RSTR_RFRST
 202:Drivers/STM32WBxx_HAL_Driver/Inc/stm32wbxx_ll_bus.h **** /**
 203:Drivers/STM32WBxx_HAL_Driver/Inc/stm32wbxx_ll_bus.h ****   * @}
 204:Drivers/STM32WBxx_HAL_Driver/Inc/stm32wbxx_ll_bus.h ****   */
 205:Drivers/STM32WBxx_HAL_Driver/Inc/stm32wbxx_ll_bus.h **** 
 206:Drivers/STM32WBxx_HAL_Driver/Inc/stm32wbxx_ll_bus.h **** 
 207:Drivers/STM32WBxx_HAL_Driver/Inc/stm32wbxx_ll_bus.h **** /** @defgroup BUS_LL_EC_C2_AHB1_GRP1_PERIPH  C2 AHB1 GRP1 PERIPH
 208:Drivers/STM32WBxx_HAL_Driver/Inc/stm32wbxx_ll_bus.h ****   * @{
 209:Drivers/STM32WBxx_HAL_Driver/Inc/stm32wbxx_ll_bus.h ****   */
 210:Drivers/STM32WBxx_HAL_Driver/Inc/stm32wbxx_ll_bus.h **** #define LL_C2_AHB1_GRP1_PERIPH_DMA1         RCC_C2AHB1ENR_DMA1EN
 211:Drivers/STM32WBxx_HAL_Driver/Inc/stm32wbxx_ll_bus.h **** #if defined(DMA2)
 212:Drivers/STM32WBxx_HAL_Driver/Inc/stm32wbxx_ll_bus.h **** #define LL_C2_AHB1_GRP1_PERIPH_DMA2         RCC_C2AHB1ENR_DMA2EN
 213:Drivers/STM32WBxx_HAL_Driver/Inc/stm32wbxx_ll_bus.h **** #endif /* DMA2 */
 214:Drivers/STM32WBxx_HAL_Driver/Inc/stm32wbxx_ll_bus.h **** #define LL_C2_AHB1_GRP1_PERIPH_DMAMUX1      RCC_C2AHB1ENR_DMAMUX1EN
 215:Drivers/STM32WBxx_HAL_Driver/Inc/stm32wbxx_ll_bus.h **** #define LL_C2_AHB1_GRP1_PERIPH_SRAM1        RCC_C2AHB1ENR_SRAM1EN
 216:Drivers/STM32WBxx_HAL_Driver/Inc/stm32wbxx_ll_bus.h **** #define LL_C2_AHB1_GRP1_PERIPH_CRC          RCC_C2AHB1ENR_CRCEN
 217:Drivers/STM32WBxx_HAL_Driver/Inc/stm32wbxx_ll_bus.h **** #if defined(TSC)
 218:Drivers/STM32WBxx_HAL_Driver/Inc/stm32wbxx_ll_bus.h **** #define LL_C2_AHB1_GRP1_PERIPH_TSC          RCC_C2AHB1ENR_TSCEN
 219:Drivers/STM32WBxx_HAL_Driver/Inc/stm32wbxx_ll_bus.h **** #endif /* TSC */
 220:Drivers/STM32WBxx_HAL_Driver/Inc/stm32wbxx_ll_bus.h **** /**
 221:Drivers/STM32WBxx_HAL_Driver/Inc/stm32wbxx_ll_bus.h ****   * @}
 222:Drivers/STM32WBxx_HAL_Driver/Inc/stm32wbxx_ll_bus.h ****   */
 223:Drivers/STM32WBxx_HAL_Driver/Inc/stm32wbxx_ll_bus.h **** 
 224:Drivers/STM32WBxx_HAL_Driver/Inc/stm32wbxx_ll_bus.h **** 
 225:Drivers/STM32WBxx_HAL_Driver/Inc/stm32wbxx_ll_bus.h **** /** @defgroup BUS_LL_EC_C2_AHB2_GRP1_PERIPH  C2 AHB2 GRP1 PERIPH
 226:Drivers/STM32WBxx_HAL_Driver/Inc/stm32wbxx_ll_bus.h ****   * @{
 227:Drivers/STM32WBxx_HAL_Driver/Inc/stm32wbxx_ll_bus.h ****   */
 228:Drivers/STM32WBxx_HAL_Driver/Inc/stm32wbxx_ll_bus.h **** #define LL_C2_AHB2_GRP1_PERIPH_GPIOA        RCC_C2AHB2ENR_GPIOAEN
 229:Drivers/STM32WBxx_HAL_Driver/Inc/stm32wbxx_ll_bus.h **** #define LL_C2_AHB2_GRP1_PERIPH_GPIOB        RCC_C2AHB2ENR_GPIOBEN
 230:Drivers/STM32WBxx_HAL_Driver/Inc/stm32wbxx_ll_bus.h **** #define LL_C2_AHB2_GRP1_PERIPH_GPIOC        RCC_C2AHB2ENR_GPIOCEN
 231:Drivers/STM32WBxx_HAL_Driver/Inc/stm32wbxx_ll_bus.h **** #if defined(GPIOD)
 232:Drivers/STM32WBxx_HAL_Driver/Inc/stm32wbxx_ll_bus.h **** #define LL_C2_AHB2_GRP1_PERIPH_GPIOD        RCC_C2AHB2ENR_GPIODEN
 233:Drivers/STM32WBxx_HAL_Driver/Inc/stm32wbxx_ll_bus.h **** #endif /* GPIOD */
 234:Drivers/STM32WBxx_HAL_Driver/Inc/stm32wbxx_ll_bus.h **** #define LL_C2_AHB2_GRP1_PERIPH_GPIOE        RCC_C2AHB2ENR_GPIOEEN
 235:Drivers/STM32WBxx_HAL_Driver/Inc/stm32wbxx_ll_bus.h **** #define LL_C2_AHB2_GRP1_PERIPH_GPIOH        RCC_C2AHB2ENR_GPIOHEN
 236:Drivers/STM32WBxx_HAL_Driver/Inc/stm32wbxx_ll_bus.h **** #if defined(ADC_SUPPORT_5_MSPS)
 237:Drivers/STM32WBxx_HAL_Driver/Inc/stm32wbxx_ll_bus.h **** #define LL_C2_AHB2_GRP1_PERIPH_ADC          RCC_C2AHB2ENR_ADCEN
 238:Drivers/STM32WBxx_HAL_Driver/Inc/stm32wbxx_ll_bus.h **** #endif /* ADC_SUPPORT_5_MSPS */
 239:Drivers/STM32WBxx_HAL_Driver/Inc/stm32wbxx_ll_bus.h **** #if defined(AES1)
 240:Drivers/STM32WBxx_HAL_Driver/Inc/stm32wbxx_ll_bus.h **** #define LL_C2_AHB2_GRP1_PERIPH_AES1         RCC_C2AHB2ENR_AES1EN
 241:Drivers/STM32WBxx_HAL_Driver/Inc/stm32wbxx_ll_bus.h **** #endif /* AES1 */
 242:Drivers/STM32WBxx_HAL_Driver/Inc/stm32wbxx_ll_bus.h **** /**
 243:Drivers/STM32WBxx_HAL_Driver/Inc/stm32wbxx_ll_bus.h ****   * @}
 244:Drivers/STM32WBxx_HAL_Driver/Inc/stm32wbxx_ll_bus.h ****   */
 245:Drivers/STM32WBxx_HAL_Driver/Inc/stm32wbxx_ll_bus.h **** 
 246:Drivers/STM32WBxx_HAL_Driver/Inc/stm32wbxx_ll_bus.h **** 
 247:Drivers/STM32WBxx_HAL_Driver/Inc/stm32wbxx_ll_bus.h **** /** @defgroup BUS_LL_EC_C2_AHB3_GRP1_PERIPH  C2 AHB3 GRP1 PERIPH
ARM GAS  C:\Users\843E~1\AppData\Local\Temp\cc9AXn4R.s 			page 23


 248:Drivers/STM32WBxx_HAL_Driver/Inc/stm32wbxx_ll_bus.h ****   * @{
 249:Drivers/STM32WBxx_HAL_Driver/Inc/stm32wbxx_ll_bus.h ****   */
 250:Drivers/STM32WBxx_HAL_Driver/Inc/stm32wbxx_ll_bus.h **** #define LL_C2_AHB3_GRP1_PERIPH_PKA          RCC_C2AHB3ENR_PKAEN
 251:Drivers/STM32WBxx_HAL_Driver/Inc/stm32wbxx_ll_bus.h **** #define LL_C2_AHB3_GRP1_PERIPH_AES2         RCC_C2AHB3ENR_AES2EN
 252:Drivers/STM32WBxx_HAL_Driver/Inc/stm32wbxx_ll_bus.h **** #define LL_C2_AHB3_GRP1_PERIPH_RNG          RCC_C2AHB3ENR_RNGEN
 253:Drivers/STM32WBxx_HAL_Driver/Inc/stm32wbxx_ll_bus.h **** #define LL_C2_AHB3_GRP1_PERIPH_HSEM         RCC_C2AHB3ENR_HSEMEN
 254:Drivers/STM32WBxx_HAL_Driver/Inc/stm32wbxx_ll_bus.h **** #define LL_C2_AHB3_GRP1_PERIPH_IPCC         RCC_C2AHB3ENR_IPCCEN
 255:Drivers/STM32WBxx_HAL_Driver/Inc/stm32wbxx_ll_bus.h **** #define LL_C2_AHB3_GRP1_PERIPH_FLASH        RCC_C2AHB3ENR_FLASHEN
 256:Drivers/STM32WBxx_HAL_Driver/Inc/stm32wbxx_ll_bus.h **** #define LL_C2_AHB3_GRP1_PERIPH_SRAM2        RCC_C2AHB3SMENR_SRAM2SMEN
 257:Drivers/STM32WBxx_HAL_Driver/Inc/stm32wbxx_ll_bus.h **** /**
 258:Drivers/STM32WBxx_HAL_Driver/Inc/stm32wbxx_ll_bus.h ****   * @}
 259:Drivers/STM32WBxx_HAL_Driver/Inc/stm32wbxx_ll_bus.h ****   */
 260:Drivers/STM32WBxx_HAL_Driver/Inc/stm32wbxx_ll_bus.h **** 
 261:Drivers/STM32WBxx_HAL_Driver/Inc/stm32wbxx_ll_bus.h **** 
 262:Drivers/STM32WBxx_HAL_Driver/Inc/stm32wbxx_ll_bus.h **** /** @defgroup BUS_LL_EC_C2_APB1_GRP1_PERIPH  C2 APB1 GRP1 PERIPH
 263:Drivers/STM32WBxx_HAL_Driver/Inc/stm32wbxx_ll_bus.h ****   * @{
 264:Drivers/STM32WBxx_HAL_Driver/Inc/stm32wbxx_ll_bus.h ****   */
 265:Drivers/STM32WBxx_HAL_Driver/Inc/stm32wbxx_ll_bus.h **** #define LL_C2_APB1_GRP1_PERIPH_TIM2         RCC_C2APB1ENR1_TIM2EN
 266:Drivers/STM32WBxx_HAL_Driver/Inc/stm32wbxx_ll_bus.h **** #if defined(LCD)
 267:Drivers/STM32WBxx_HAL_Driver/Inc/stm32wbxx_ll_bus.h **** #define LL_C2_APB1_GRP1_PERIPH_LCD          RCC_C2APB1ENR1_LCDEN
 268:Drivers/STM32WBxx_HAL_Driver/Inc/stm32wbxx_ll_bus.h **** #endif /* LCD */
 269:Drivers/STM32WBxx_HAL_Driver/Inc/stm32wbxx_ll_bus.h **** #define LL_C2_APB1_GRP1_PERIPH_RTCAPB       RCC_C2APB1ENR1_RTCAPBEN
 270:Drivers/STM32WBxx_HAL_Driver/Inc/stm32wbxx_ll_bus.h **** #if defined(SPI2)
 271:Drivers/STM32WBxx_HAL_Driver/Inc/stm32wbxx_ll_bus.h **** #define LL_C2_APB1_GRP1_PERIPH_SPI2         RCC_C2APB1ENR1_SPI2EN
 272:Drivers/STM32WBxx_HAL_Driver/Inc/stm32wbxx_ll_bus.h **** #endif /* SPI2 */
 273:Drivers/STM32WBxx_HAL_Driver/Inc/stm32wbxx_ll_bus.h **** #define LL_C2_APB1_GRP1_PERIPH_I2C1         RCC_C2APB1ENR1_I2C1EN
 274:Drivers/STM32WBxx_HAL_Driver/Inc/stm32wbxx_ll_bus.h **** #if defined(I2C3)
 275:Drivers/STM32WBxx_HAL_Driver/Inc/stm32wbxx_ll_bus.h **** #define LL_C2_APB1_GRP1_PERIPH_I2C3         RCC_C2APB1ENR1_I2C3EN
 276:Drivers/STM32WBxx_HAL_Driver/Inc/stm32wbxx_ll_bus.h **** #define LL_C2_APB1_GRP1_PERIPH_CRS          RCC_C2APB1ENR1_CRSEN
 277:Drivers/STM32WBxx_HAL_Driver/Inc/stm32wbxx_ll_bus.h **** #define LL_C2_APB1_GRP1_PERIPH_USB          RCC_C2APB1ENR1_USBEN
 278:Drivers/STM32WBxx_HAL_Driver/Inc/stm32wbxx_ll_bus.h **** #endif /* I2C3 */
 279:Drivers/STM32WBxx_HAL_Driver/Inc/stm32wbxx_ll_bus.h **** #define LL_C2_APB1_GRP1_PERIPH_LPTIM1       RCC_C2APB1ENR1_LPTIM1EN
 280:Drivers/STM32WBxx_HAL_Driver/Inc/stm32wbxx_ll_bus.h **** /**
 281:Drivers/STM32WBxx_HAL_Driver/Inc/stm32wbxx_ll_bus.h ****   * @}
 282:Drivers/STM32WBxx_HAL_Driver/Inc/stm32wbxx_ll_bus.h ****   */
 283:Drivers/STM32WBxx_HAL_Driver/Inc/stm32wbxx_ll_bus.h **** 
 284:Drivers/STM32WBxx_HAL_Driver/Inc/stm32wbxx_ll_bus.h **** 
 285:Drivers/STM32WBxx_HAL_Driver/Inc/stm32wbxx_ll_bus.h **** /** @defgroup BUS_LL_EC_C2_APB1_GRP2_PERIPH  C2 APB1 GRP2 PERIPH
 286:Drivers/STM32WBxx_HAL_Driver/Inc/stm32wbxx_ll_bus.h ****   * @{
 287:Drivers/STM32WBxx_HAL_Driver/Inc/stm32wbxx_ll_bus.h ****   */
 288:Drivers/STM32WBxx_HAL_Driver/Inc/stm32wbxx_ll_bus.h **** #if defined(LPUART1)
 289:Drivers/STM32WBxx_HAL_Driver/Inc/stm32wbxx_ll_bus.h **** #define LL_C2_APB1_GRP2_PERIPH_LPUART1      RCC_C2APB1ENR2_LPUART1EN
 290:Drivers/STM32WBxx_HAL_Driver/Inc/stm32wbxx_ll_bus.h **** #endif /* LPUART1 */
 291:Drivers/STM32WBxx_HAL_Driver/Inc/stm32wbxx_ll_bus.h **** #define LL_C2_APB1_GRP2_PERIPH_LPTIM2       RCC_C2APB1ENR2_LPTIM2EN
 292:Drivers/STM32WBxx_HAL_Driver/Inc/stm32wbxx_ll_bus.h **** /**
 293:Drivers/STM32WBxx_HAL_Driver/Inc/stm32wbxx_ll_bus.h ****   * @}
 294:Drivers/STM32WBxx_HAL_Driver/Inc/stm32wbxx_ll_bus.h ****   */
 295:Drivers/STM32WBxx_HAL_Driver/Inc/stm32wbxx_ll_bus.h **** 
 296:Drivers/STM32WBxx_HAL_Driver/Inc/stm32wbxx_ll_bus.h **** 
 297:Drivers/STM32WBxx_HAL_Driver/Inc/stm32wbxx_ll_bus.h **** /** @defgroup BUS_LL_EC_C2_APB2_GRP1_PERIPH  C2 APB2 GRP1 PERIPH
 298:Drivers/STM32WBxx_HAL_Driver/Inc/stm32wbxx_ll_bus.h ****   * @{
 299:Drivers/STM32WBxx_HAL_Driver/Inc/stm32wbxx_ll_bus.h ****   */
 300:Drivers/STM32WBxx_HAL_Driver/Inc/stm32wbxx_ll_bus.h **** #if defined(ADC_SUPPORT_2_5_MSPS)
 301:Drivers/STM32WBxx_HAL_Driver/Inc/stm32wbxx_ll_bus.h **** #define LL_C2_APB2_GRP1_PERIPH_ADC          RCC_C2APB2ENR_ADCEN
 302:Drivers/STM32WBxx_HAL_Driver/Inc/stm32wbxx_ll_bus.h **** #endif /* ADC_SUPPORT_5_MSPS */
 303:Drivers/STM32WBxx_HAL_Driver/Inc/stm32wbxx_ll_bus.h **** #define LL_C2_APB2_GRP1_PERIPH_TIM1         RCC_C2APB2ENR_TIM1EN
 304:Drivers/STM32WBxx_HAL_Driver/Inc/stm32wbxx_ll_bus.h **** #define LL_C2_APB2_GRP1_PERIPH_SPI1         RCC_C2APB2ENR_SPI1EN
ARM GAS  C:\Users\843E~1\AppData\Local\Temp\cc9AXn4R.s 			page 24


 305:Drivers/STM32WBxx_HAL_Driver/Inc/stm32wbxx_ll_bus.h **** #define LL_C2_APB2_GRP1_PERIPH_USART1       RCC_C2APB2ENR_USART1EN
 306:Drivers/STM32WBxx_HAL_Driver/Inc/stm32wbxx_ll_bus.h **** #if defined(TIM16)
 307:Drivers/STM32WBxx_HAL_Driver/Inc/stm32wbxx_ll_bus.h **** #define LL_C2_APB2_GRP1_PERIPH_TIM16        RCC_C2APB2ENR_TIM16EN
 308:Drivers/STM32WBxx_HAL_Driver/Inc/stm32wbxx_ll_bus.h **** #endif /* TIM16 */
 309:Drivers/STM32WBxx_HAL_Driver/Inc/stm32wbxx_ll_bus.h **** #if defined(TIM17)
 310:Drivers/STM32WBxx_HAL_Driver/Inc/stm32wbxx_ll_bus.h **** #define LL_C2_APB2_GRP1_PERIPH_TIM17        RCC_C2APB2ENR_TIM17EN
 311:Drivers/STM32WBxx_HAL_Driver/Inc/stm32wbxx_ll_bus.h **** #endif /* TIM17 */
 312:Drivers/STM32WBxx_HAL_Driver/Inc/stm32wbxx_ll_bus.h **** #if defined(SAI1)
 313:Drivers/STM32WBxx_HAL_Driver/Inc/stm32wbxx_ll_bus.h **** #define LL_C2_APB2_GRP1_PERIPH_SAI1         RCC_C2APB2ENR_SAI1EN
 314:Drivers/STM32WBxx_HAL_Driver/Inc/stm32wbxx_ll_bus.h **** #endif /* SAI1 */
 315:Drivers/STM32WBxx_HAL_Driver/Inc/stm32wbxx_ll_bus.h **** /**
 316:Drivers/STM32WBxx_HAL_Driver/Inc/stm32wbxx_ll_bus.h ****   * @}
 317:Drivers/STM32WBxx_HAL_Driver/Inc/stm32wbxx_ll_bus.h ****   */
 318:Drivers/STM32WBxx_HAL_Driver/Inc/stm32wbxx_ll_bus.h **** 
 319:Drivers/STM32WBxx_HAL_Driver/Inc/stm32wbxx_ll_bus.h **** 
 320:Drivers/STM32WBxx_HAL_Driver/Inc/stm32wbxx_ll_bus.h **** /** @defgroup BUS_LL_EC_C2_APB3_GRP1_PERIPH  C2 APB3 GRP1 PERIPH
 321:Drivers/STM32WBxx_HAL_Driver/Inc/stm32wbxx_ll_bus.h ****   * @{
 322:Drivers/STM32WBxx_HAL_Driver/Inc/stm32wbxx_ll_bus.h ****   */
 323:Drivers/STM32WBxx_HAL_Driver/Inc/stm32wbxx_ll_bus.h **** #define LL_C2_APB3_GRP1_PERIPH_BLE          RCC_C2APB3ENR_BLEEN
 324:Drivers/STM32WBxx_HAL_Driver/Inc/stm32wbxx_ll_bus.h **** #if defined(RCC_802_SUPPORT)
 325:Drivers/STM32WBxx_HAL_Driver/Inc/stm32wbxx_ll_bus.h **** #define LL_C2_APB3_GRP1_PERIPH_802          RCC_C2APB3ENR_802EN
 326:Drivers/STM32WBxx_HAL_Driver/Inc/stm32wbxx_ll_bus.h **** #endif /* RCC_802_SUPPORT */
 327:Drivers/STM32WBxx_HAL_Driver/Inc/stm32wbxx_ll_bus.h **** /**
 328:Drivers/STM32WBxx_HAL_Driver/Inc/stm32wbxx_ll_bus.h ****   * @}
 329:Drivers/STM32WBxx_HAL_Driver/Inc/stm32wbxx_ll_bus.h ****   */
 330:Drivers/STM32WBxx_HAL_Driver/Inc/stm32wbxx_ll_bus.h **** 
 331:Drivers/STM32WBxx_HAL_Driver/Inc/stm32wbxx_ll_bus.h **** 
 332:Drivers/STM32WBxx_HAL_Driver/Inc/stm32wbxx_ll_bus.h **** /**
 333:Drivers/STM32WBxx_HAL_Driver/Inc/stm32wbxx_ll_bus.h ****   * @}
 334:Drivers/STM32WBxx_HAL_Driver/Inc/stm32wbxx_ll_bus.h ****   */
 335:Drivers/STM32WBxx_HAL_Driver/Inc/stm32wbxx_ll_bus.h **** 
 336:Drivers/STM32WBxx_HAL_Driver/Inc/stm32wbxx_ll_bus.h **** /* Exported macro ------------------------------------------------------------*/
 337:Drivers/STM32WBxx_HAL_Driver/Inc/stm32wbxx_ll_bus.h **** 
 338:Drivers/STM32WBxx_HAL_Driver/Inc/stm32wbxx_ll_bus.h **** /* Exported functions --------------------------------------------------------*/
 339:Drivers/STM32WBxx_HAL_Driver/Inc/stm32wbxx_ll_bus.h **** 
 340:Drivers/STM32WBxx_HAL_Driver/Inc/stm32wbxx_ll_bus.h **** /** @defgroup BUS_LL_Exported_Functions BUS Exported Functions
 341:Drivers/STM32WBxx_HAL_Driver/Inc/stm32wbxx_ll_bus.h ****   * @{
 342:Drivers/STM32WBxx_HAL_Driver/Inc/stm32wbxx_ll_bus.h ****   */
 343:Drivers/STM32WBxx_HAL_Driver/Inc/stm32wbxx_ll_bus.h **** 
 344:Drivers/STM32WBxx_HAL_Driver/Inc/stm32wbxx_ll_bus.h **** /** @defgroup BUS_LL_EF_AHB1 AHB1
 345:Drivers/STM32WBxx_HAL_Driver/Inc/stm32wbxx_ll_bus.h ****   * @{
 346:Drivers/STM32WBxx_HAL_Driver/Inc/stm32wbxx_ll_bus.h ****   */
 347:Drivers/STM32WBxx_HAL_Driver/Inc/stm32wbxx_ll_bus.h **** 
 348:Drivers/STM32WBxx_HAL_Driver/Inc/stm32wbxx_ll_bus.h **** /**
 349:Drivers/STM32WBxx_HAL_Driver/Inc/stm32wbxx_ll_bus.h ****   * @brief  Enable AHB1 peripherals clock.
 350:Drivers/STM32WBxx_HAL_Driver/Inc/stm32wbxx_ll_bus.h ****   * @rmtoll AHB1ENR      DMA1EN        LL_AHB1_GRP1_EnableClock\n
 351:Drivers/STM32WBxx_HAL_Driver/Inc/stm32wbxx_ll_bus.h ****   *         AHB1ENR      DMA2EN        LL_AHB1_GRP1_EnableClock\n
 352:Drivers/STM32WBxx_HAL_Driver/Inc/stm32wbxx_ll_bus.h ****   *         AHB1ENR      DMAMUX1EN      LL_AHB1_GRP1_EnableClock\n
 353:Drivers/STM32WBxx_HAL_Driver/Inc/stm32wbxx_ll_bus.h ****   *         AHB1ENR      CRCEN         LL_AHB1_GRP1_EnableClock\n
 354:Drivers/STM32WBxx_HAL_Driver/Inc/stm32wbxx_ll_bus.h ****   *         AHB1ENR      TSCEN         LL_AHB1_GRP1_EnableClock
 355:Drivers/STM32WBxx_HAL_Driver/Inc/stm32wbxx_ll_bus.h ****   * @param  Periphs This parameter can be a combination of the following values:
 356:Drivers/STM32WBxx_HAL_Driver/Inc/stm32wbxx_ll_bus.h ****   *         @arg @ref LL_AHB1_GRP1_PERIPH_DMA1
 357:Drivers/STM32WBxx_HAL_Driver/Inc/stm32wbxx_ll_bus.h ****   *         @arg @ref LL_AHB1_GRP1_PERIPH_DMA2 (*)
 358:Drivers/STM32WBxx_HAL_Driver/Inc/stm32wbxx_ll_bus.h ****   *         @arg @ref LL_AHB1_GRP1_PERIPH_DMAMUX1
 359:Drivers/STM32WBxx_HAL_Driver/Inc/stm32wbxx_ll_bus.h ****   *         @arg @ref LL_AHB1_GRP1_PERIPH_CRC
 360:Drivers/STM32WBxx_HAL_Driver/Inc/stm32wbxx_ll_bus.h ****   *         @arg @ref LL_AHB1_GRP1_PERIPH_TSC
 361:Drivers/STM32WBxx_HAL_Driver/Inc/stm32wbxx_ll_bus.h ****   * @note  (*) Not supported by all the devices
ARM GAS  C:\Users\843E~1\AppData\Local\Temp\cc9AXn4R.s 			page 25


 362:Drivers/STM32WBxx_HAL_Driver/Inc/stm32wbxx_ll_bus.h ****   * @retval None
 363:Drivers/STM32WBxx_HAL_Driver/Inc/stm32wbxx_ll_bus.h ****   */
 364:Drivers/STM32WBxx_HAL_Driver/Inc/stm32wbxx_ll_bus.h **** __STATIC_INLINE void LL_AHB1_GRP1_EnableClock(uint32_t Periphs)
 365:Drivers/STM32WBxx_HAL_Driver/Inc/stm32wbxx_ll_bus.h **** {
 366:Drivers/STM32WBxx_HAL_Driver/Inc/stm32wbxx_ll_bus.h ****   __IO uint32_t tmpreg;
 367:Drivers/STM32WBxx_HAL_Driver/Inc/stm32wbxx_ll_bus.h ****   SET_BIT(RCC->AHB1ENR, Periphs);
 368:Drivers/STM32WBxx_HAL_Driver/Inc/stm32wbxx_ll_bus.h ****   /* Delay after an RCC peripheral clock enabling */
 369:Drivers/STM32WBxx_HAL_Driver/Inc/stm32wbxx_ll_bus.h ****   tmpreg = READ_BIT(RCC->AHB1ENR, Periphs);
 370:Drivers/STM32WBxx_HAL_Driver/Inc/stm32wbxx_ll_bus.h ****   (void)tmpreg;
 371:Drivers/STM32WBxx_HAL_Driver/Inc/stm32wbxx_ll_bus.h **** }
 372:Drivers/STM32WBxx_HAL_Driver/Inc/stm32wbxx_ll_bus.h **** 
 373:Drivers/STM32WBxx_HAL_Driver/Inc/stm32wbxx_ll_bus.h **** /**
 374:Drivers/STM32WBxx_HAL_Driver/Inc/stm32wbxx_ll_bus.h ****   * @brief  Check if AHB1 peripheral clock is enabled or not
 375:Drivers/STM32WBxx_HAL_Driver/Inc/stm32wbxx_ll_bus.h ****   * @rmtoll AHB1ENR      DMA1EN        LL_AHB1_GRP1_IsEnabledClock\n
 376:Drivers/STM32WBxx_HAL_Driver/Inc/stm32wbxx_ll_bus.h ****   *         AHB1ENR      DMA2EN        LL_AHB1_GRP1_IsEnabledClock\n
 377:Drivers/STM32WBxx_HAL_Driver/Inc/stm32wbxx_ll_bus.h ****   *         AHB1ENR      DMAMUX1EN      LL_AHB1_GRP1_IsEnabledClock\n
 378:Drivers/STM32WBxx_HAL_Driver/Inc/stm32wbxx_ll_bus.h ****   *         AHB1ENR      CRCEN         LL_AHB1_GRP1_IsEnabledClock\n
 379:Drivers/STM32WBxx_HAL_Driver/Inc/stm32wbxx_ll_bus.h ****   *         AHB1ENR      TSCEN         LL_AHB1_GRP1_IsEnabledClock
 380:Drivers/STM32WBxx_HAL_Driver/Inc/stm32wbxx_ll_bus.h ****   * @param  Periphs This parameter can be a combination of the following values:
 381:Drivers/STM32WBxx_HAL_Driver/Inc/stm32wbxx_ll_bus.h ****   *         @arg @ref LL_AHB1_GRP1_PERIPH_DMA1
 382:Drivers/STM32WBxx_HAL_Driver/Inc/stm32wbxx_ll_bus.h ****   *         @arg @ref LL_AHB1_GRP1_PERIPH_DMA2 (*)
 383:Drivers/STM32WBxx_HAL_Driver/Inc/stm32wbxx_ll_bus.h ****   *         @arg @ref LL_AHB1_GRP1_PERIPH_DMAMUX1
 384:Drivers/STM32WBxx_HAL_Driver/Inc/stm32wbxx_ll_bus.h ****   *         @arg @ref LL_AHB1_GRP1_PERIPH_CRC
 385:Drivers/STM32WBxx_HAL_Driver/Inc/stm32wbxx_ll_bus.h ****   *         @arg @ref LL_AHB1_GRP1_PERIPH_TSC
 386:Drivers/STM32WBxx_HAL_Driver/Inc/stm32wbxx_ll_bus.h ****   * @note  (*) Not supported by all the devices
 387:Drivers/STM32WBxx_HAL_Driver/Inc/stm32wbxx_ll_bus.h ****   * @retval uint32_t
 388:Drivers/STM32WBxx_HAL_Driver/Inc/stm32wbxx_ll_bus.h ****   */
 389:Drivers/STM32WBxx_HAL_Driver/Inc/stm32wbxx_ll_bus.h **** __STATIC_INLINE uint32_t LL_AHB1_GRP1_IsEnabledClock(uint32_t Periphs)
 390:Drivers/STM32WBxx_HAL_Driver/Inc/stm32wbxx_ll_bus.h **** {
 391:Drivers/STM32WBxx_HAL_Driver/Inc/stm32wbxx_ll_bus.h ****   return ((READ_BIT(RCC->AHB1ENR, Periphs) == (Periphs)) ? 1UL : 0UL);
 392:Drivers/STM32WBxx_HAL_Driver/Inc/stm32wbxx_ll_bus.h **** }
 393:Drivers/STM32WBxx_HAL_Driver/Inc/stm32wbxx_ll_bus.h **** 
 394:Drivers/STM32WBxx_HAL_Driver/Inc/stm32wbxx_ll_bus.h **** /**
 395:Drivers/STM32WBxx_HAL_Driver/Inc/stm32wbxx_ll_bus.h ****   * @brief  Disable AHB1 peripherals clock.
 396:Drivers/STM32WBxx_HAL_Driver/Inc/stm32wbxx_ll_bus.h ****   * @rmtoll AHB1ENR      DMA1EN        LL_AHB1_GRP1_DisableClock\n
 397:Drivers/STM32WBxx_HAL_Driver/Inc/stm32wbxx_ll_bus.h ****   *         AHB1ENR      DMA2EN        LL_AHB1_GRP1_DisableClock\n
 398:Drivers/STM32WBxx_HAL_Driver/Inc/stm32wbxx_ll_bus.h ****   *         AHB1ENR      DMAMUX1EN      LL_AHB1_GRP1_DisableClock\n
 399:Drivers/STM32WBxx_HAL_Driver/Inc/stm32wbxx_ll_bus.h ****   *         AHB1ENR      CRCEN         LL_AHB1_GRP1_DisableClock\n
 400:Drivers/STM32WBxx_HAL_Driver/Inc/stm32wbxx_ll_bus.h ****   *         AHB1ENR      TSCEN         LL_AHB1_GRP1_DisableClock
 401:Drivers/STM32WBxx_HAL_Driver/Inc/stm32wbxx_ll_bus.h ****   * @param  Periphs This parameter can be a combination of the following values:
 402:Drivers/STM32WBxx_HAL_Driver/Inc/stm32wbxx_ll_bus.h ****   *         @arg @ref LL_AHB1_GRP1_PERIPH_DMA1
 403:Drivers/STM32WBxx_HAL_Driver/Inc/stm32wbxx_ll_bus.h ****   *         @arg @ref LL_AHB1_GRP1_PERIPH_DMA2 (*)
 404:Drivers/STM32WBxx_HAL_Driver/Inc/stm32wbxx_ll_bus.h ****   *         @arg @ref LL_AHB1_GRP1_PERIPH_DMAMUX1
 405:Drivers/STM32WBxx_HAL_Driver/Inc/stm32wbxx_ll_bus.h ****   *         @arg @ref LL_AHB1_GRP1_PERIPH_CRC
 406:Drivers/STM32WBxx_HAL_Driver/Inc/stm32wbxx_ll_bus.h ****   *         @arg @ref LL_AHB1_GRP1_PERIPH_TSC
 407:Drivers/STM32WBxx_HAL_Driver/Inc/stm32wbxx_ll_bus.h ****   * @note  (*) Not supported by all the devices
 408:Drivers/STM32WBxx_HAL_Driver/Inc/stm32wbxx_ll_bus.h ****   * @retval None
 409:Drivers/STM32WBxx_HAL_Driver/Inc/stm32wbxx_ll_bus.h ****   */
 410:Drivers/STM32WBxx_HAL_Driver/Inc/stm32wbxx_ll_bus.h **** __STATIC_INLINE void LL_AHB1_GRP1_DisableClock(uint32_t Periphs)
 411:Drivers/STM32WBxx_HAL_Driver/Inc/stm32wbxx_ll_bus.h **** {
 412:Drivers/STM32WBxx_HAL_Driver/Inc/stm32wbxx_ll_bus.h ****   CLEAR_BIT(RCC->AHB1ENR, Periphs);
 413:Drivers/STM32WBxx_HAL_Driver/Inc/stm32wbxx_ll_bus.h **** }
 414:Drivers/STM32WBxx_HAL_Driver/Inc/stm32wbxx_ll_bus.h **** 
 415:Drivers/STM32WBxx_HAL_Driver/Inc/stm32wbxx_ll_bus.h **** /**
 416:Drivers/STM32WBxx_HAL_Driver/Inc/stm32wbxx_ll_bus.h ****   * @brief  Force AHB1 peripherals reset.
 417:Drivers/STM32WBxx_HAL_Driver/Inc/stm32wbxx_ll_bus.h ****   * @rmtoll AHB1RSTR     DMA1RST       LL_AHB1_GRP1_ForceReset\n
 418:Drivers/STM32WBxx_HAL_Driver/Inc/stm32wbxx_ll_bus.h ****   *         AHB1RSTR     DMA2RST       LL_AHB1_GRP1_ForceReset\n
ARM GAS  C:\Users\843E~1\AppData\Local\Temp\cc9AXn4R.s 			page 26


 419:Drivers/STM32WBxx_HAL_Driver/Inc/stm32wbxx_ll_bus.h ****   *         AHB1RSTR     DMAMUX1RST     LL_AHB1_GRP1_ForceReset\n
 420:Drivers/STM32WBxx_HAL_Driver/Inc/stm32wbxx_ll_bus.h ****   *         AHB1RSTR     CRCRST        LL_AHB1_GRP1_ForceReset\n
 421:Drivers/STM32WBxx_HAL_Driver/Inc/stm32wbxx_ll_bus.h ****   *         AHB1RSTR     TSCRST        LL_AHB1_GRP1_ForceReset
 422:Drivers/STM32WBxx_HAL_Driver/Inc/stm32wbxx_ll_bus.h ****   * @param  Periphs This parameter can be a combination of the following values:
 423:Drivers/STM32WBxx_HAL_Driver/Inc/stm32wbxx_ll_bus.h ****   *         @arg @ref LL_AHB1_GRP1_PERIPH_ALL
 424:Drivers/STM32WBxx_HAL_Driver/Inc/stm32wbxx_ll_bus.h ****   *         @arg @ref LL_AHB1_GRP1_PERIPH_DMA1
 425:Drivers/STM32WBxx_HAL_Driver/Inc/stm32wbxx_ll_bus.h ****   *         @arg @ref LL_AHB1_GRP1_PERIPH_DMA2 (*)
 426:Drivers/STM32WBxx_HAL_Driver/Inc/stm32wbxx_ll_bus.h ****   *         @arg @ref LL_AHB1_GRP1_PERIPH_DMAMUX1
 427:Drivers/STM32WBxx_HAL_Driver/Inc/stm32wbxx_ll_bus.h ****   *         @arg @ref LL_AHB1_GRP1_PERIPH_CRC
 428:Drivers/STM32WBxx_HAL_Driver/Inc/stm32wbxx_ll_bus.h ****   *         @arg @ref LL_AHB1_GRP1_PERIPH_TSC
 429:Drivers/STM32WBxx_HAL_Driver/Inc/stm32wbxx_ll_bus.h ****   * @note  (*) Not supported by all the devices
 430:Drivers/STM32WBxx_HAL_Driver/Inc/stm32wbxx_ll_bus.h ****   * @retval None
 431:Drivers/STM32WBxx_HAL_Driver/Inc/stm32wbxx_ll_bus.h ****   */
 432:Drivers/STM32WBxx_HAL_Driver/Inc/stm32wbxx_ll_bus.h **** __STATIC_INLINE void LL_AHB1_GRP1_ForceReset(uint32_t Periphs)
 433:Drivers/STM32WBxx_HAL_Driver/Inc/stm32wbxx_ll_bus.h **** {
 434:Drivers/STM32WBxx_HAL_Driver/Inc/stm32wbxx_ll_bus.h ****   SET_BIT(RCC->AHB1RSTR, Periphs);
 435:Drivers/STM32WBxx_HAL_Driver/Inc/stm32wbxx_ll_bus.h **** }
 436:Drivers/STM32WBxx_HAL_Driver/Inc/stm32wbxx_ll_bus.h **** 
 437:Drivers/STM32WBxx_HAL_Driver/Inc/stm32wbxx_ll_bus.h **** /**
 438:Drivers/STM32WBxx_HAL_Driver/Inc/stm32wbxx_ll_bus.h ****   * @brief  Release AHB1 peripherals reset.
 439:Drivers/STM32WBxx_HAL_Driver/Inc/stm32wbxx_ll_bus.h ****   * @rmtoll AHB1RSTR     DMA1RST       LL_AHB1_GRP1_ReleaseReset\n
 440:Drivers/STM32WBxx_HAL_Driver/Inc/stm32wbxx_ll_bus.h ****   *         AHB1RSTR     DMA2RST       LL_AHB1_GRP1_ReleaseReset\n
 441:Drivers/STM32WBxx_HAL_Driver/Inc/stm32wbxx_ll_bus.h ****   *         AHB1RSTR     DMAMUX1RST     LL_AHB1_GRP1_ReleaseReset\n
 442:Drivers/STM32WBxx_HAL_Driver/Inc/stm32wbxx_ll_bus.h ****   *         AHB1RSTR     CRCRST        LL_AHB1_GRP1_ReleaseReset\n
 443:Drivers/STM32WBxx_HAL_Driver/Inc/stm32wbxx_ll_bus.h ****   *         AHB1RSTR     TSCRST        LL_AHB1_GRP1_ReleaseReset
 444:Drivers/STM32WBxx_HAL_Driver/Inc/stm32wbxx_ll_bus.h ****   * @param  Periphs This parameter can be a combination of the following values:
 445:Drivers/STM32WBxx_HAL_Driver/Inc/stm32wbxx_ll_bus.h ****   *         @arg @ref LL_AHB1_GRP1_PERIPH_ALL
 446:Drivers/STM32WBxx_HAL_Driver/Inc/stm32wbxx_ll_bus.h ****   *         @arg @ref LL_AHB1_GRP1_PERIPH_DMA1
 447:Drivers/STM32WBxx_HAL_Driver/Inc/stm32wbxx_ll_bus.h ****   *         @arg @ref LL_AHB1_GRP1_PERIPH_DMA2 (*)
 448:Drivers/STM32WBxx_HAL_Driver/Inc/stm32wbxx_ll_bus.h ****   *         @arg @ref LL_AHB1_GRP1_PERIPH_DMAMUX1
 449:Drivers/STM32WBxx_HAL_Driver/Inc/stm32wbxx_ll_bus.h ****   *         @arg @ref LL_AHB1_GRP1_PERIPH_CRC
 450:Drivers/STM32WBxx_HAL_Driver/Inc/stm32wbxx_ll_bus.h ****   *         @arg @ref LL_AHB1_GRP1_PERIPH_TSC
 451:Drivers/STM32WBxx_HAL_Driver/Inc/stm32wbxx_ll_bus.h ****   * @note  (*) Not supported by all the devices
 452:Drivers/STM32WBxx_HAL_Driver/Inc/stm32wbxx_ll_bus.h ****   * @retval None
 453:Drivers/STM32WBxx_HAL_Driver/Inc/stm32wbxx_ll_bus.h ****   */
 454:Drivers/STM32WBxx_HAL_Driver/Inc/stm32wbxx_ll_bus.h **** __STATIC_INLINE void LL_AHB1_GRP1_ReleaseReset(uint32_t Periphs)
 455:Drivers/STM32WBxx_HAL_Driver/Inc/stm32wbxx_ll_bus.h **** {
 456:Drivers/STM32WBxx_HAL_Driver/Inc/stm32wbxx_ll_bus.h ****   CLEAR_BIT(RCC->AHB1RSTR, Periphs);
 457:Drivers/STM32WBxx_HAL_Driver/Inc/stm32wbxx_ll_bus.h **** }
 458:Drivers/STM32WBxx_HAL_Driver/Inc/stm32wbxx_ll_bus.h **** 
 459:Drivers/STM32WBxx_HAL_Driver/Inc/stm32wbxx_ll_bus.h **** /**
 460:Drivers/STM32WBxx_HAL_Driver/Inc/stm32wbxx_ll_bus.h ****   * @brief  Enable AHB1 peripherals clock during Low Power (Sleep) mode.
 461:Drivers/STM32WBxx_HAL_Driver/Inc/stm32wbxx_ll_bus.h ****   * @rmtoll AHB1SMENR    DMA1SMEN      LL_AHB1_GRP1_EnableClockSleep\n
 462:Drivers/STM32WBxx_HAL_Driver/Inc/stm32wbxx_ll_bus.h ****   *         AHB1SMENR    DMA2SMEN      LL_AHB1_GRP1_EnableClockSleep\n
 463:Drivers/STM32WBxx_HAL_Driver/Inc/stm32wbxx_ll_bus.h ****   *         AHB1SMENR    DMAMUX1SMEN    LL_AHB1_GRP1_EnableClockSleep\n
 464:Drivers/STM32WBxx_HAL_Driver/Inc/stm32wbxx_ll_bus.h ****   *         AHB1SMENR    SRAM1SMEN     LL_AHB1_GRP1_EnableClockSleep\n
 465:Drivers/STM32WBxx_HAL_Driver/Inc/stm32wbxx_ll_bus.h ****   *         AHB1SMENR    CRCSMEN       LL_AHB1_GRP1_EnableClockSleep\n
 466:Drivers/STM32WBxx_HAL_Driver/Inc/stm32wbxx_ll_bus.h ****   *         AHB1SMENR    TSCSMEN       LL_AHB1_GRP1_EnableClockSleep
 467:Drivers/STM32WBxx_HAL_Driver/Inc/stm32wbxx_ll_bus.h ****   * @param  Periphs This parameter can be a combination of the following values:
 468:Drivers/STM32WBxx_HAL_Driver/Inc/stm32wbxx_ll_bus.h ****   *         @arg @ref LL_AHB1_GRP1_PERIPH_DMA1
 469:Drivers/STM32WBxx_HAL_Driver/Inc/stm32wbxx_ll_bus.h ****   *         @arg @ref LL_AHB1_GRP1_PERIPH_DMA2 (*)
 470:Drivers/STM32WBxx_HAL_Driver/Inc/stm32wbxx_ll_bus.h ****   *         @arg @ref LL_AHB1_GRP1_PERIPH_DMAMUX1
 471:Drivers/STM32WBxx_HAL_Driver/Inc/stm32wbxx_ll_bus.h ****   *         @arg @ref LL_AHB1_GRP1_PERIPH_SRAM1
 472:Drivers/STM32WBxx_HAL_Driver/Inc/stm32wbxx_ll_bus.h ****   *         @arg @ref LL_AHB1_GRP1_PERIPH_CRC
 473:Drivers/STM32WBxx_HAL_Driver/Inc/stm32wbxx_ll_bus.h ****   *         @arg @ref LL_AHB1_GRP1_PERIPH_TSC
 474:Drivers/STM32WBxx_HAL_Driver/Inc/stm32wbxx_ll_bus.h ****   * @note  (*) Not supported by all the devices
 475:Drivers/STM32WBxx_HAL_Driver/Inc/stm32wbxx_ll_bus.h ****   * @retval None
ARM GAS  C:\Users\843E~1\AppData\Local\Temp\cc9AXn4R.s 			page 27


 476:Drivers/STM32WBxx_HAL_Driver/Inc/stm32wbxx_ll_bus.h ****   */
 477:Drivers/STM32WBxx_HAL_Driver/Inc/stm32wbxx_ll_bus.h **** __STATIC_INLINE void LL_AHB1_GRP1_EnableClockSleep(uint32_t Periphs)
 478:Drivers/STM32WBxx_HAL_Driver/Inc/stm32wbxx_ll_bus.h **** {
 479:Drivers/STM32WBxx_HAL_Driver/Inc/stm32wbxx_ll_bus.h ****   __IO uint32_t tmpreg;
 480:Drivers/STM32WBxx_HAL_Driver/Inc/stm32wbxx_ll_bus.h ****   SET_BIT(RCC->AHB1SMENR, Periphs);
 481:Drivers/STM32WBxx_HAL_Driver/Inc/stm32wbxx_ll_bus.h ****   /* Delay after an RCC peripheral clock enabling */
 482:Drivers/STM32WBxx_HAL_Driver/Inc/stm32wbxx_ll_bus.h ****   tmpreg = READ_BIT(RCC->AHB1SMENR, Periphs);
 483:Drivers/STM32WBxx_HAL_Driver/Inc/stm32wbxx_ll_bus.h ****   (void)tmpreg;
 484:Drivers/STM32WBxx_HAL_Driver/Inc/stm32wbxx_ll_bus.h **** }
 485:Drivers/STM32WBxx_HAL_Driver/Inc/stm32wbxx_ll_bus.h **** 
 486:Drivers/STM32WBxx_HAL_Driver/Inc/stm32wbxx_ll_bus.h **** /**
 487:Drivers/STM32WBxx_HAL_Driver/Inc/stm32wbxx_ll_bus.h ****   * @brief  Disable AHB1 peripherals clock during Low Power (Sleep) mode.
 488:Drivers/STM32WBxx_HAL_Driver/Inc/stm32wbxx_ll_bus.h ****   * @rmtoll AHB1SMENR    DMA1SMEN      LL_AHB1_GRP1_DisableClockSleep\n
 489:Drivers/STM32WBxx_HAL_Driver/Inc/stm32wbxx_ll_bus.h ****   *         AHB1SMENR    DMA2SMEN      LL_AHB1_GRP1_DisableClockSleep\n
 490:Drivers/STM32WBxx_HAL_Driver/Inc/stm32wbxx_ll_bus.h ****   *         AHB1SMENR    DMAMUX1SMEN    LL_AHB1_GRP1_DisableClockSleep\n
 491:Drivers/STM32WBxx_HAL_Driver/Inc/stm32wbxx_ll_bus.h ****   *         AHB1SMENR    SRAM1SMEN     LL_AHB1_GRP1_DisableClockSleep\n
 492:Drivers/STM32WBxx_HAL_Driver/Inc/stm32wbxx_ll_bus.h ****   *         AHB1SMENR    CRCSMEN       LL_AHB1_GRP1_DisableClockSleep\n
 493:Drivers/STM32WBxx_HAL_Driver/Inc/stm32wbxx_ll_bus.h ****   *         AHB1SMENR    TSCSMEN       LL_AHB1_GRP1_DisableClockSleep
 494:Drivers/STM32WBxx_HAL_Driver/Inc/stm32wbxx_ll_bus.h ****   * @param  Periphs This parameter can be a combination of the following values:
 495:Drivers/STM32WBxx_HAL_Driver/Inc/stm32wbxx_ll_bus.h ****   *         @arg @ref LL_AHB1_GRP1_PERIPH_DMA1
 496:Drivers/STM32WBxx_HAL_Driver/Inc/stm32wbxx_ll_bus.h ****   *         @arg @ref LL_AHB1_GRP1_PERIPH_DMA2 (*)
 497:Drivers/STM32WBxx_HAL_Driver/Inc/stm32wbxx_ll_bus.h ****   *         @arg @ref LL_AHB1_GRP1_PERIPH_DMAMUX1
 498:Drivers/STM32WBxx_HAL_Driver/Inc/stm32wbxx_ll_bus.h ****   *         @arg @ref LL_AHB1_GRP1_PERIPH_SRAM1
 499:Drivers/STM32WBxx_HAL_Driver/Inc/stm32wbxx_ll_bus.h ****   *         @arg @ref LL_AHB1_GRP1_PERIPH_CRC
 500:Drivers/STM32WBxx_HAL_Driver/Inc/stm32wbxx_ll_bus.h ****   *         @arg @ref LL_AHB1_GRP1_PERIPH_TSC
 501:Drivers/STM32WBxx_HAL_Driver/Inc/stm32wbxx_ll_bus.h ****   * @note  (*) Not supported by all the devices
 502:Drivers/STM32WBxx_HAL_Driver/Inc/stm32wbxx_ll_bus.h ****   * @retval None
 503:Drivers/STM32WBxx_HAL_Driver/Inc/stm32wbxx_ll_bus.h ****   */
 504:Drivers/STM32WBxx_HAL_Driver/Inc/stm32wbxx_ll_bus.h **** __STATIC_INLINE void LL_AHB1_GRP1_DisableClockSleep(uint32_t Periphs)
 505:Drivers/STM32WBxx_HAL_Driver/Inc/stm32wbxx_ll_bus.h **** {
 506:Drivers/STM32WBxx_HAL_Driver/Inc/stm32wbxx_ll_bus.h ****   CLEAR_BIT(RCC->AHB1SMENR, Periphs);
 507:Drivers/STM32WBxx_HAL_Driver/Inc/stm32wbxx_ll_bus.h **** }
 508:Drivers/STM32WBxx_HAL_Driver/Inc/stm32wbxx_ll_bus.h **** 
 509:Drivers/STM32WBxx_HAL_Driver/Inc/stm32wbxx_ll_bus.h **** /**
 510:Drivers/STM32WBxx_HAL_Driver/Inc/stm32wbxx_ll_bus.h ****   * @}
 511:Drivers/STM32WBxx_HAL_Driver/Inc/stm32wbxx_ll_bus.h ****   */
 512:Drivers/STM32WBxx_HAL_Driver/Inc/stm32wbxx_ll_bus.h **** 
 513:Drivers/STM32WBxx_HAL_Driver/Inc/stm32wbxx_ll_bus.h **** /** @defgroup BUS_LL_EF_AHB2 AHB2
 514:Drivers/STM32WBxx_HAL_Driver/Inc/stm32wbxx_ll_bus.h ****   * @{
 515:Drivers/STM32WBxx_HAL_Driver/Inc/stm32wbxx_ll_bus.h ****   */
 516:Drivers/STM32WBxx_HAL_Driver/Inc/stm32wbxx_ll_bus.h **** 
 517:Drivers/STM32WBxx_HAL_Driver/Inc/stm32wbxx_ll_bus.h **** /**
 518:Drivers/STM32WBxx_HAL_Driver/Inc/stm32wbxx_ll_bus.h ****   * @brief  Enable AHB2 peripherals clock.
 519:Drivers/STM32WBxx_HAL_Driver/Inc/stm32wbxx_ll_bus.h ****   * @rmtoll AHB2ENR      GPIOAEN       LL_AHB2_GRP1_EnableClock\n
 520:Drivers/STM32WBxx_HAL_Driver/Inc/stm32wbxx_ll_bus.h ****   *         AHB2ENR      GPIOBEN       LL_AHB2_GRP1_EnableClock\n
 521:Drivers/STM32WBxx_HAL_Driver/Inc/stm32wbxx_ll_bus.h ****   *         AHB2ENR      GPIOCEN       LL_AHB2_GRP1_EnableClock\n
 522:Drivers/STM32WBxx_HAL_Driver/Inc/stm32wbxx_ll_bus.h ****   *         AHB2ENR      GPIODEN       LL_AHB2_GRP1_EnableClock\n
 523:Drivers/STM32WBxx_HAL_Driver/Inc/stm32wbxx_ll_bus.h ****   *         AHB2ENR      GPIOEEN       LL_AHB2_GRP1_EnableClock\n
 524:Drivers/STM32WBxx_HAL_Driver/Inc/stm32wbxx_ll_bus.h ****   *         AHB2ENR      GPIOHEN       LL_AHB2_GRP1_EnableClock\n
 525:Drivers/STM32WBxx_HAL_Driver/Inc/stm32wbxx_ll_bus.h ****   *         AHB2ENR      ADCEN         LL_AHB2_GRP1_EnableClock\n
 526:Drivers/STM32WBxx_HAL_Driver/Inc/stm32wbxx_ll_bus.h ****   *         AHB2ENR      AES1EN        LL_AHB2_GRP1_EnableClock
 527:Drivers/STM32WBxx_HAL_Driver/Inc/stm32wbxx_ll_bus.h ****   * @param  Periphs This parameter can be a combination of the following values:
 528:Drivers/STM32WBxx_HAL_Driver/Inc/stm32wbxx_ll_bus.h ****   *         @arg @ref LL_AHB2_GRP1_PERIPH_GPIOA
 529:Drivers/STM32WBxx_HAL_Driver/Inc/stm32wbxx_ll_bus.h ****   *         @arg @ref LL_AHB2_GRP1_PERIPH_GPIOB
 530:Drivers/STM32WBxx_HAL_Driver/Inc/stm32wbxx_ll_bus.h ****   *         @arg @ref LL_AHB2_GRP1_PERIPH_GPIOC
 531:Drivers/STM32WBxx_HAL_Driver/Inc/stm32wbxx_ll_bus.h ****   *         @arg @ref LL_AHB2_GRP1_PERIPH_GPIOD (*)
 532:Drivers/STM32WBxx_HAL_Driver/Inc/stm32wbxx_ll_bus.h ****   *         @arg @ref LL_AHB2_GRP1_PERIPH_GPIOE
ARM GAS  C:\Users\843E~1\AppData\Local\Temp\cc9AXn4R.s 			page 28


 533:Drivers/STM32WBxx_HAL_Driver/Inc/stm32wbxx_ll_bus.h ****   *         @arg @ref LL_AHB2_GRP1_PERIPH_GPIOH
 534:Drivers/STM32WBxx_HAL_Driver/Inc/stm32wbxx_ll_bus.h ****   *         @arg @ref LL_AHB2_GRP1_PERIPH_ADC (*)
 535:Drivers/STM32WBxx_HAL_Driver/Inc/stm32wbxx_ll_bus.h ****   *         @arg @ref LL_AHB2_GRP1_PERIPH_AES1 (*)
 536:Drivers/STM32WBxx_HAL_Driver/Inc/stm32wbxx_ll_bus.h ****   * @note  (*) Not supported by all the devices
 537:Drivers/STM32WBxx_HAL_Driver/Inc/stm32wbxx_ll_bus.h ****   * @retval None
 538:Drivers/STM32WBxx_HAL_Driver/Inc/stm32wbxx_ll_bus.h ****   */
 539:Drivers/STM32WBxx_HAL_Driver/Inc/stm32wbxx_ll_bus.h **** __STATIC_INLINE void LL_AHB2_GRP1_EnableClock(uint32_t Periphs)
 170              		.loc 2 539 22 view .LVU31
 171              	.LBB9:
 540:Drivers/STM32WBxx_HAL_Driver/Inc/stm32wbxx_ll_bus.h **** {
 541:Drivers/STM32WBxx_HAL_Driver/Inc/stm32wbxx_ll_bus.h ****   __IO uint32_t tmpreg;
 172              		.loc 2 541 3 view .LVU32
 542:Drivers/STM32WBxx_HAL_Driver/Inc/stm32wbxx_ll_bus.h ****   SET_BIT(RCC->AHB2ENR, Periphs);
 173              		.loc 2 542 3 view .LVU33
 174 0034 4FF0B044 		mov	r4, #1476395008
 175              	.LVL13:
 176              		.loc 2 542 3 is_stmt 0 view .LVU34
 177 0038 E36C     		ldr	r3, [r4, #76]
 178 003a 43F00103 		orr	r3, r3, #1
 179 003e E364     		str	r3, [r4, #76]
 543:Drivers/STM32WBxx_HAL_Driver/Inc/stm32wbxx_ll_bus.h ****   /* Delay after an RCC peripheral clock enabling */
 544:Drivers/STM32WBxx_HAL_Driver/Inc/stm32wbxx_ll_bus.h ****   tmpreg = READ_BIT(RCC->AHB2ENR, Periphs);
 180              		.loc 2 544 3 is_stmt 1 view .LVU35
 181              		.loc 2 544 12 is_stmt 0 view .LVU36
 182 0040 E36C     		ldr	r3, [r4, #76]
 183 0042 03F00103 		and	r3, r3, #1
 184              		.loc 2 544 10 view .LVU37
 185 0046 0293     		str	r3, [sp, #8]
 545:Drivers/STM32WBxx_HAL_Driver/Inc/stm32wbxx_ll_bus.h ****   (void)tmpreg;
 186              		.loc 2 545 3 is_stmt 1 view .LVU38
 187 0048 029B     		ldr	r3, [sp, #8]
 188              	.LVL14:
 189              		.loc 2 545 3 is_stmt 0 view .LVU39
 190              	.LBE9:
 191              	.LBE8:
  98:USB_Device/Target/usbd_conf.c ****     GPIO_InitStruct.Mode = GPIO_MODE_AF_PP;
 192              		.loc 1 98 5 is_stmt 1 view .LVU40
  98:USB_Device/Target/usbd_conf.c ****     GPIO_InitStruct.Mode = GPIO_MODE_AF_PP;
 193              		.loc 1 98 25 is_stmt 0 view .LVU41
 194 004a 4FF4C053 		mov	r3, #6144
 195 004e 1793     		str	r3, [sp, #92]
  99:USB_Device/Target/usbd_conf.c ****     GPIO_InitStruct.Pull = GPIO_NOPULL;
 196              		.loc 1 99 5 is_stmt 1 view .LVU42
  99:USB_Device/Target/usbd_conf.c ****     GPIO_InitStruct.Pull = GPIO_NOPULL;
 197              		.loc 1 99 26 is_stmt 0 view .LVU43
 198 0050 0223     		movs	r3, #2
 199 0052 1893     		str	r3, [sp, #96]
 100:USB_Device/Target/usbd_conf.c ****     GPIO_InitStruct.Speed = GPIO_SPEED_FREQ_LOW;
 200              		.loc 1 100 5 is_stmt 1 view .LVU44
 100:USB_Device/Target/usbd_conf.c ****     GPIO_InitStruct.Speed = GPIO_SPEED_FREQ_LOW;
 201              		.loc 1 100 26 is_stmt 0 view .LVU45
 202 0054 0025     		movs	r5, #0
 203 0056 1995     		str	r5, [sp, #100]
 101:USB_Device/Target/usbd_conf.c ****     GPIO_InitStruct.Alternate = GPIO_AF10_USB;
 204              		.loc 1 101 5 is_stmt 1 view .LVU46
 101:USB_Device/Target/usbd_conf.c ****     GPIO_InitStruct.Alternate = GPIO_AF10_USB;
 205              		.loc 1 101 27 is_stmt 0 view .LVU47
ARM GAS  C:\Users\843E~1\AppData\Local\Temp\cc9AXn4R.s 			page 29


 206 0058 1A95     		str	r5, [sp, #104]
 102:USB_Device/Target/usbd_conf.c ****     HAL_GPIO_Init(GPIOA, &GPIO_InitStruct);
 207              		.loc 1 102 5 is_stmt 1 view .LVU48
 102:USB_Device/Target/usbd_conf.c ****     HAL_GPIO_Init(GPIOA, &GPIO_InitStruct);
 208              		.loc 1 102 31 is_stmt 0 view .LVU49
 209 005a 0A23     		movs	r3, #10
 210 005c 1B93     		str	r3, [sp, #108]
 103:USB_Device/Target/usbd_conf.c **** 
 211              		.loc 1 103 5 is_stmt 1 view .LVU50
 212 005e 17A9     		add	r1, sp, #92
 213 0060 4FF09040 		mov	r0, #1207959552
 214 0064 FFF7FEFF 		bl	HAL_GPIO_Init
 215              	.LVL15:
 106:USB_Device/Target/usbd_conf.c **** 
 216              		.loc 1 106 5 view .LVU51
 217              	.LBB10:
 218              	.LBI10:
 546:Drivers/STM32WBxx_HAL_Driver/Inc/stm32wbxx_ll_bus.h **** }
 547:Drivers/STM32WBxx_HAL_Driver/Inc/stm32wbxx_ll_bus.h **** 
 548:Drivers/STM32WBxx_HAL_Driver/Inc/stm32wbxx_ll_bus.h **** /**
 549:Drivers/STM32WBxx_HAL_Driver/Inc/stm32wbxx_ll_bus.h ****   * @brief  Check if AHB2 peripheral clock is enabled or not
 550:Drivers/STM32WBxx_HAL_Driver/Inc/stm32wbxx_ll_bus.h ****   * @rmtoll AHB2ENR      GPIOAEN       LL_AHB2_GRP1_IsEnabledClock\n
 551:Drivers/STM32WBxx_HAL_Driver/Inc/stm32wbxx_ll_bus.h ****   *         AHB2ENR      GPIOBEN       LL_AHB2_GRP1_IsEnabledClock\n
 552:Drivers/STM32WBxx_HAL_Driver/Inc/stm32wbxx_ll_bus.h ****   *         AHB2ENR      GPIOCEN       LL_AHB2_GRP1_IsEnabledClock\n
 553:Drivers/STM32WBxx_HAL_Driver/Inc/stm32wbxx_ll_bus.h ****   *         AHB2ENR      GPIODEN       LL_AHB2_GRP1_IsEnabledClock\n
 554:Drivers/STM32WBxx_HAL_Driver/Inc/stm32wbxx_ll_bus.h ****   *         AHB2ENR      GPIOEEN       LL_AHB2_GRP1_IsEnabledClock\n
 555:Drivers/STM32WBxx_HAL_Driver/Inc/stm32wbxx_ll_bus.h ****   *         AHB2ENR      GPIOHEN       LL_AHB2_GRP1_IsEnabledClock\n
 556:Drivers/STM32WBxx_HAL_Driver/Inc/stm32wbxx_ll_bus.h ****   *         AHB2ENR      ADCEN         LL_AHB2_GRP1_IsEnabledClock\n
 557:Drivers/STM32WBxx_HAL_Driver/Inc/stm32wbxx_ll_bus.h ****   *         AHB2ENR      AES1EN        LL_AHB2_GRP1_IsEnabledClock
 558:Drivers/STM32WBxx_HAL_Driver/Inc/stm32wbxx_ll_bus.h ****   * @param  Periphs This parameter can be a combination of the following values:
 559:Drivers/STM32WBxx_HAL_Driver/Inc/stm32wbxx_ll_bus.h ****   *         @arg @ref LL_AHB2_GRP1_PERIPH_GPIOA
 560:Drivers/STM32WBxx_HAL_Driver/Inc/stm32wbxx_ll_bus.h ****   *         @arg @ref LL_AHB2_GRP1_PERIPH_GPIOB
 561:Drivers/STM32WBxx_HAL_Driver/Inc/stm32wbxx_ll_bus.h ****   *         @arg @ref LL_AHB2_GRP1_PERIPH_GPIOC
 562:Drivers/STM32WBxx_HAL_Driver/Inc/stm32wbxx_ll_bus.h ****   *         @arg @ref LL_AHB2_GRP1_PERIPH_GPIOD (*)
 563:Drivers/STM32WBxx_HAL_Driver/Inc/stm32wbxx_ll_bus.h ****   *         @arg @ref LL_AHB2_GRP1_PERIPH_GPIOE
 564:Drivers/STM32WBxx_HAL_Driver/Inc/stm32wbxx_ll_bus.h ****   *         @arg @ref LL_AHB2_GRP1_PERIPH_GPIOH
 565:Drivers/STM32WBxx_HAL_Driver/Inc/stm32wbxx_ll_bus.h ****   *         @arg @ref LL_AHB2_GRP1_PERIPH_ADC (*)
 566:Drivers/STM32WBxx_HAL_Driver/Inc/stm32wbxx_ll_bus.h ****   *         @arg @ref LL_AHB2_GRP1_PERIPH_AES1 (*)
 567:Drivers/STM32WBxx_HAL_Driver/Inc/stm32wbxx_ll_bus.h ****   * @note  (*) Not supported by all the devices
 568:Drivers/STM32WBxx_HAL_Driver/Inc/stm32wbxx_ll_bus.h ****   * @retval uint32_t
 569:Drivers/STM32WBxx_HAL_Driver/Inc/stm32wbxx_ll_bus.h ****   */
 570:Drivers/STM32WBxx_HAL_Driver/Inc/stm32wbxx_ll_bus.h **** __STATIC_INLINE uint32_t LL_AHB2_GRP1_IsEnabledClock(uint32_t Periphs)
 571:Drivers/STM32WBxx_HAL_Driver/Inc/stm32wbxx_ll_bus.h **** {
 572:Drivers/STM32WBxx_HAL_Driver/Inc/stm32wbxx_ll_bus.h ****   return ((READ_BIT(RCC->AHB2ENR, Periphs) == (Periphs)) ? 1UL : 0UL);
 573:Drivers/STM32WBxx_HAL_Driver/Inc/stm32wbxx_ll_bus.h **** }
 574:Drivers/STM32WBxx_HAL_Driver/Inc/stm32wbxx_ll_bus.h **** 
 575:Drivers/STM32WBxx_HAL_Driver/Inc/stm32wbxx_ll_bus.h **** /**
 576:Drivers/STM32WBxx_HAL_Driver/Inc/stm32wbxx_ll_bus.h ****   * @brief  Disable AHB2 peripherals clock.
 577:Drivers/STM32WBxx_HAL_Driver/Inc/stm32wbxx_ll_bus.h ****   * @rmtoll AHB2ENR      GPIOAEN       LL_AHB2_GRP1_DisableClock\n
 578:Drivers/STM32WBxx_HAL_Driver/Inc/stm32wbxx_ll_bus.h ****   *         AHB2ENR      GPIOBEN       LL_AHB2_GRP1_DisableClock\n
 579:Drivers/STM32WBxx_HAL_Driver/Inc/stm32wbxx_ll_bus.h ****   *         AHB2ENR      GPIOCEN       LL_AHB2_GRP1_DisableClock\n
 580:Drivers/STM32WBxx_HAL_Driver/Inc/stm32wbxx_ll_bus.h ****   *         AHB2ENR      GPIODEN       LL_AHB2_GRP1_DisableClock\n
 581:Drivers/STM32WBxx_HAL_Driver/Inc/stm32wbxx_ll_bus.h ****   *         AHB2ENR      GPIOEEN       LL_AHB2_GRP1_DisableClock\n
 582:Drivers/STM32WBxx_HAL_Driver/Inc/stm32wbxx_ll_bus.h ****   *         AHB2ENR      GPIOHEN       LL_AHB2_GRP1_DisableClock\n
 583:Drivers/STM32WBxx_HAL_Driver/Inc/stm32wbxx_ll_bus.h ****   *         AHB2ENR      ADCEN         LL_AHB2_GRP1_DisableClock\n
 584:Drivers/STM32WBxx_HAL_Driver/Inc/stm32wbxx_ll_bus.h ****   *         AHB2ENR      AES1EN        LL_AHB2_GRP1_DisableClock
 585:Drivers/STM32WBxx_HAL_Driver/Inc/stm32wbxx_ll_bus.h ****   * @param  Periphs This parameter can be a combination of the following values:
ARM GAS  C:\Users\843E~1\AppData\Local\Temp\cc9AXn4R.s 			page 30


 586:Drivers/STM32WBxx_HAL_Driver/Inc/stm32wbxx_ll_bus.h ****   *         @arg @ref LL_AHB2_GRP1_PERIPH_GPIOA
 587:Drivers/STM32WBxx_HAL_Driver/Inc/stm32wbxx_ll_bus.h ****   *         @arg @ref LL_AHB2_GRP1_PERIPH_GPIOB
 588:Drivers/STM32WBxx_HAL_Driver/Inc/stm32wbxx_ll_bus.h ****   *         @arg @ref LL_AHB2_GRP1_PERIPH_GPIOC
 589:Drivers/STM32WBxx_HAL_Driver/Inc/stm32wbxx_ll_bus.h ****   *         @arg @ref LL_AHB2_GRP1_PERIPH_GPIOD (*)
 590:Drivers/STM32WBxx_HAL_Driver/Inc/stm32wbxx_ll_bus.h ****   *         @arg @ref LL_AHB2_GRP1_PERIPH_GPIOE
 591:Drivers/STM32WBxx_HAL_Driver/Inc/stm32wbxx_ll_bus.h ****   *         @arg @ref LL_AHB2_GRP1_PERIPH_GPIOH
 592:Drivers/STM32WBxx_HAL_Driver/Inc/stm32wbxx_ll_bus.h ****   *         @arg @ref LL_AHB2_GRP1_PERIPH_ADC (*)
 593:Drivers/STM32WBxx_HAL_Driver/Inc/stm32wbxx_ll_bus.h ****   *         @arg @ref LL_AHB2_GRP1_PERIPH_AES1 (*)
 594:Drivers/STM32WBxx_HAL_Driver/Inc/stm32wbxx_ll_bus.h ****   * @note  (*) Not supported by all the devices
 595:Drivers/STM32WBxx_HAL_Driver/Inc/stm32wbxx_ll_bus.h ****   * @retval None
 596:Drivers/STM32WBxx_HAL_Driver/Inc/stm32wbxx_ll_bus.h ****   */
 597:Drivers/STM32WBxx_HAL_Driver/Inc/stm32wbxx_ll_bus.h **** __STATIC_INLINE void LL_AHB2_GRP1_DisableClock(uint32_t Periphs)
 598:Drivers/STM32WBxx_HAL_Driver/Inc/stm32wbxx_ll_bus.h **** {
 599:Drivers/STM32WBxx_HAL_Driver/Inc/stm32wbxx_ll_bus.h ****   CLEAR_BIT(RCC->AHB2ENR, Periphs);
 600:Drivers/STM32WBxx_HAL_Driver/Inc/stm32wbxx_ll_bus.h **** }
 601:Drivers/STM32WBxx_HAL_Driver/Inc/stm32wbxx_ll_bus.h **** 
 602:Drivers/STM32WBxx_HAL_Driver/Inc/stm32wbxx_ll_bus.h **** /**
 603:Drivers/STM32WBxx_HAL_Driver/Inc/stm32wbxx_ll_bus.h ****   * @brief  Force AHB2 peripherals reset.
 604:Drivers/STM32WBxx_HAL_Driver/Inc/stm32wbxx_ll_bus.h ****   * @rmtoll AHB2RSTR     GPIOARST      LL_AHB2_GRP1_ForceReset\n
 605:Drivers/STM32WBxx_HAL_Driver/Inc/stm32wbxx_ll_bus.h ****   *         AHB2RSTR     GPIOBRST      LL_AHB2_GRP1_ForceReset\n
 606:Drivers/STM32WBxx_HAL_Driver/Inc/stm32wbxx_ll_bus.h ****   *         AHB2RSTR     GPIOCRST      LL_AHB2_GRP1_ForceReset\n
 607:Drivers/STM32WBxx_HAL_Driver/Inc/stm32wbxx_ll_bus.h ****   *         AHB2RSTR     GPIODRST      LL_AHB2_GRP1_ForceReset\n
 608:Drivers/STM32WBxx_HAL_Driver/Inc/stm32wbxx_ll_bus.h ****   *         AHB2RSTR     GPIOERST      LL_AHB2_GRP1_ForceReset\n
 609:Drivers/STM32WBxx_HAL_Driver/Inc/stm32wbxx_ll_bus.h ****   *         AHB2RSTR     GPIOHRST      LL_AHB2_GRP1_ForceReset\n
 610:Drivers/STM32WBxx_HAL_Driver/Inc/stm32wbxx_ll_bus.h ****   *         AHB2RSTR     ADCRST        LL_AHB2_GRP1_ForceReset\n
 611:Drivers/STM32WBxx_HAL_Driver/Inc/stm32wbxx_ll_bus.h ****   *         AHB2RSTR     AES1RST       LL_AHB2_GRP1_ForceReset
 612:Drivers/STM32WBxx_HAL_Driver/Inc/stm32wbxx_ll_bus.h ****   * @param  Periphs This parameter can be a combination of the following values:
 613:Drivers/STM32WBxx_HAL_Driver/Inc/stm32wbxx_ll_bus.h ****   *         @arg @ref LL_AHB2_GRP1_PERIPH_ALL
 614:Drivers/STM32WBxx_HAL_Driver/Inc/stm32wbxx_ll_bus.h ****   *         @arg @ref LL_AHB2_GRP1_PERIPH_GPIOA
 615:Drivers/STM32WBxx_HAL_Driver/Inc/stm32wbxx_ll_bus.h ****   *         @arg @ref LL_AHB2_GRP1_PERIPH_GPIOB
 616:Drivers/STM32WBxx_HAL_Driver/Inc/stm32wbxx_ll_bus.h ****   *         @arg @ref LL_AHB2_GRP1_PERIPH_GPIOC
 617:Drivers/STM32WBxx_HAL_Driver/Inc/stm32wbxx_ll_bus.h ****   *         @arg @ref LL_AHB2_GRP1_PERIPH_GPIOD (*)
 618:Drivers/STM32WBxx_HAL_Driver/Inc/stm32wbxx_ll_bus.h ****   *         @arg @ref LL_AHB2_GRP1_PERIPH_GPIOE
 619:Drivers/STM32WBxx_HAL_Driver/Inc/stm32wbxx_ll_bus.h ****   *         @arg @ref LL_AHB2_GRP1_PERIPH_GPIOH
 620:Drivers/STM32WBxx_HAL_Driver/Inc/stm32wbxx_ll_bus.h ****   *         @arg @ref LL_AHB2_GRP1_PERIPH_ADC (*)
 621:Drivers/STM32WBxx_HAL_Driver/Inc/stm32wbxx_ll_bus.h ****   *         @arg @ref LL_AHB2_GRP1_PERIPH_AES1 (*)
 622:Drivers/STM32WBxx_HAL_Driver/Inc/stm32wbxx_ll_bus.h ****   * @note  (*) Not supported by all the devices
 623:Drivers/STM32WBxx_HAL_Driver/Inc/stm32wbxx_ll_bus.h ****   * @retval None
 624:Drivers/STM32WBxx_HAL_Driver/Inc/stm32wbxx_ll_bus.h ****   */
 625:Drivers/STM32WBxx_HAL_Driver/Inc/stm32wbxx_ll_bus.h **** __STATIC_INLINE void LL_AHB2_GRP1_ForceReset(uint32_t Periphs)
 626:Drivers/STM32WBxx_HAL_Driver/Inc/stm32wbxx_ll_bus.h **** {
 627:Drivers/STM32WBxx_HAL_Driver/Inc/stm32wbxx_ll_bus.h ****   SET_BIT(RCC->AHB2RSTR, Periphs);
 628:Drivers/STM32WBxx_HAL_Driver/Inc/stm32wbxx_ll_bus.h **** }
 629:Drivers/STM32WBxx_HAL_Driver/Inc/stm32wbxx_ll_bus.h **** 
 630:Drivers/STM32WBxx_HAL_Driver/Inc/stm32wbxx_ll_bus.h **** /**
 631:Drivers/STM32WBxx_HAL_Driver/Inc/stm32wbxx_ll_bus.h ****   * @brief  Release AHB2 peripherals reset.
 632:Drivers/STM32WBxx_HAL_Driver/Inc/stm32wbxx_ll_bus.h ****   * @rmtoll AHB2RSTR     GPIOARST      LL_AHB2_GRP1_ReleaseReset\n
 633:Drivers/STM32WBxx_HAL_Driver/Inc/stm32wbxx_ll_bus.h ****   *         AHB2RSTR     GPIOBRST      LL_AHB2_GRP1_ReleaseReset\n
 634:Drivers/STM32WBxx_HAL_Driver/Inc/stm32wbxx_ll_bus.h ****   *         AHB2RSTR     GPIOCRST      LL_AHB2_GRP1_ReleaseReset\n
 635:Drivers/STM32WBxx_HAL_Driver/Inc/stm32wbxx_ll_bus.h ****   *         AHB2RSTR     GPIODRST      LL_AHB2_GRP1_ReleaseReset\n
 636:Drivers/STM32WBxx_HAL_Driver/Inc/stm32wbxx_ll_bus.h ****   *         AHB2RSTR     GPIOERST      LL_AHB2_GRP1_ReleaseReset\n
 637:Drivers/STM32WBxx_HAL_Driver/Inc/stm32wbxx_ll_bus.h ****   *         AHB2RSTR     GPIOHRST      LL_AHB2_GRP1_ReleaseReset\n
 638:Drivers/STM32WBxx_HAL_Driver/Inc/stm32wbxx_ll_bus.h ****   *         AHB2RSTR     ADCRST        LL_AHB2_GRP1_ReleaseReset\n
 639:Drivers/STM32WBxx_HAL_Driver/Inc/stm32wbxx_ll_bus.h ****   *         AHB2RSTR     AES1RST       LL_AHB2_GRP1_ReleaseReset
 640:Drivers/STM32WBxx_HAL_Driver/Inc/stm32wbxx_ll_bus.h ****   * @param  Periphs This parameter can be a combination of the following values:
 641:Drivers/STM32WBxx_HAL_Driver/Inc/stm32wbxx_ll_bus.h ****   *         @arg @ref LL_AHB2_GRP1_PERIPH_ALL
 642:Drivers/STM32WBxx_HAL_Driver/Inc/stm32wbxx_ll_bus.h ****   *         @arg @ref LL_AHB2_GRP1_PERIPH_GPIOA
ARM GAS  C:\Users\843E~1\AppData\Local\Temp\cc9AXn4R.s 			page 31


 643:Drivers/STM32WBxx_HAL_Driver/Inc/stm32wbxx_ll_bus.h ****   *         @arg @ref LL_AHB2_GRP1_PERIPH_GPIOB
 644:Drivers/STM32WBxx_HAL_Driver/Inc/stm32wbxx_ll_bus.h ****   *         @arg @ref LL_AHB2_GRP1_PERIPH_GPIOC
 645:Drivers/STM32WBxx_HAL_Driver/Inc/stm32wbxx_ll_bus.h ****   *         @arg @ref LL_AHB2_GRP1_PERIPH_GPIOD (*)
 646:Drivers/STM32WBxx_HAL_Driver/Inc/stm32wbxx_ll_bus.h ****   *         @arg @ref LL_AHB2_GRP1_PERIPH_GPIOE
 647:Drivers/STM32WBxx_HAL_Driver/Inc/stm32wbxx_ll_bus.h ****   *         @arg @ref LL_AHB2_GRP1_PERIPH_GPIOH
 648:Drivers/STM32WBxx_HAL_Driver/Inc/stm32wbxx_ll_bus.h ****   *         @arg @ref LL_AHB2_GRP1_PERIPH_ADC (*)
 649:Drivers/STM32WBxx_HAL_Driver/Inc/stm32wbxx_ll_bus.h ****   *         @arg @ref LL_AHB2_GRP1_PERIPH_AES1 (*)
 650:Drivers/STM32WBxx_HAL_Driver/Inc/stm32wbxx_ll_bus.h ****   * @note  (*) Not supported by all the devices
 651:Drivers/STM32WBxx_HAL_Driver/Inc/stm32wbxx_ll_bus.h ****   * @retval None
 652:Drivers/STM32WBxx_HAL_Driver/Inc/stm32wbxx_ll_bus.h ****   */
 653:Drivers/STM32WBxx_HAL_Driver/Inc/stm32wbxx_ll_bus.h **** __STATIC_INLINE void LL_AHB2_GRP1_ReleaseReset(uint32_t Periphs)
 654:Drivers/STM32WBxx_HAL_Driver/Inc/stm32wbxx_ll_bus.h **** {
 655:Drivers/STM32WBxx_HAL_Driver/Inc/stm32wbxx_ll_bus.h ****   CLEAR_BIT(RCC->AHB2RSTR, Periphs);
 656:Drivers/STM32WBxx_HAL_Driver/Inc/stm32wbxx_ll_bus.h **** }
 657:Drivers/STM32WBxx_HAL_Driver/Inc/stm32wbxx_ll_bus.h **** 
 658:Drivers/STM32WBxx_HAL_Driver/Inc/stm32wbxx_ll_bus.h **** /**
 659:Drivers/STM32WBxx_HAL_Driver/Inc/stm32wbxx_ll_bus.h ****   * @brief  Enable AHB2 peripherals clock during Low Power (Sleep) mode.
 660:Drivers/STM32WBxx_HAL_Driver/Inc/stm32wbxx_ll_bus.h ****   * @rmtoll AHB2SMENR    GPIOASMEN     LL_AHB2_GRP1_EnableClockSleep\n
 661:Drivers/STM32WBxx_HAL_Driver/Inc/stm32wbxx_ll_bus.h ****   *         AHB2SMENR    GPIOBSMEN     LL_AHB2_GRP1_EnableClockSleep\n
 662:Drivers/STM32WBxx_HAL_Driver/Inc/stm32wbxx_ll_bus.h ****   *         AHB2SMENR    GPIOCSMEN     LL_AHB2_GRP1_EnableClockSleep\n
 663:Drivers/STM32WBxx_HAL_Driver/Inc/stm32wbxx_ll_bus.h ****   *         AHB2SMENR    GPIODSMEN     LL_AHB2_GRP1_EnableClockSleep\n
 664:Drivers/STM32WBxx_HAL_Driver/Inc/stm32wbxx_ll_bus.h ****   *         AHB2SMENR    GPIOESMEN     LL_AHB2_GRP1_EnableClockSleep\n
 665:Drivers/STM32WBxx_HAL_Driver/Inc/stm32wbxx_ll_bus.h ****   *         AHB2SMENR    GPIOHSMEN     LL_AHB2_GRP1_EnableClockSleep\n
 666:Drivers/STM32WBxx_HAL_Driver/Inc/stm32wbxx_ll_bus.h ****   *         AHB2SMENR    ADCSMEN       LL_AHB2_GRP1_EnableClockSleep\n
 667:Drivers/STM32WBxx_HAL_Driver/Inc/stm32wbxx_ll_bus.h ****   *         AHB2SMENR    AES1SMEN      LL_AHB2_GRP1_EnableClockSleep
 668:Drivers/STM32WBxx_HAL_Driver/Inc/stm32wbxx_ll_bus.h ****   * @param  Periphs This parameter can be a combination of the following values:
 669:Drivers/STM32WBxx_HAL_Driver/Inc/stm32wbxx_ll_bus.h ****   *         @arg @ref LL_AHB2_GRP1_PERIPH_GPIOA
 670:Drivers/STM32WBxx_HAL_Driver/Inc/stm32wbxx_ll_bus.h ****   *         @arg @ref LL_AHB2_GRP1_PERIPH_GPIOB
 671:Drivers/STM32WBxx_HAL_Driver/Inc/stm32wbxx_ll_bus.h ****   *         @arg @ref LL_AHB2_GRP1_PERIPH_GPIOC
 672:Drivers/STM32WBxx_HAL_Driver/Inc/stm32wbxx_ll_bus.h ****   *         @arg @ref LL_AHB2_GRP1_PERIPH_GPIOD (*)
 673:Drivers/STM32WBxx_HAL_Driver/Inc/stm32wbxx_ll_bus.h ****   *         @arg @ref LL_AHB2_GRP1_PERIPH_GPIOE
 674:Drivers/STM32WBxx_HAL_Driver/Inc/stm32wbxx_ll_bus.h ****   *         @arg @ref LL_AHB2_GRP1_PERIPH_GPIOH
 675:Drivers/STM32WBxx_HAL_Driver/Inc/stm32wbxx_ll_bus.h ****   *         @arg @ref LL_AHB2_GRP1_PERIPH_ADC (*)
 676:Drivers/STM32WBxx_HAL_Driver/Inc/stm32wbxx_ll_bus.h ****   *         @arg @ref LL_AHB2_GRP1_PERIPH_AES1 (*)
 677:Drivers/STM32WBxx_HAL_Driver/Inc/stm32wbxx_ll_bus.h ****   * @note  (*) Not supported by all the devices
 678:Drivers/STM32WBxx_HAL_Driver/Inc/stm32wbxx_ll_bus.h ****   * @retval None
 679:Drivers/STM32WBxx_HAL_Driver/Inc/stm32wbxx_ll_bus.h ****   */
 680:Drivers/STM32WBxx_HAL_Driver/Inc/stm32wbxx_ll_bus.h **** __STATIC_INLINE void LL_AHB2_GRP1_EnableClockSleep(uint32_t Periphs)
 681:Drivers/STM32WBxx_HAL_Driver/Inc/stm32wbxx_ll_bus.h **** {
 682:Drivers/STM32WBxx_HAL_Driver/Inc/stm32wbxx_ll_bus.h ****   __IO uint32_t tmpreg;
 683:Drivers/STM32WBxx_HAL_Driver/Inc/stm32wbxx_ll_bus.h ****   SET_BIT(RCC->AHB2SMENR, Periphs);
 684:Drivers/STM32WBxx_HAL_Driver/Inc/stm32wbxx_ll_bus.h ****   /* Delay after an RCC peripheral clock enabling */
 685:Drivers/STM32WBxx_HAL_Driver/Inc/stm32wbxx_ll_bus.h ****   tmpreg = READ_BIT(RCC->AHB2SMENR, Periphs);
 686:Drivers/STM32WBxx_HAL_Driver/Inc/stm32wbxx_ll_bus.h ****   (void)tmpreg;
 687:Drivers/STM32WBxx_HAL_Driver/Inc/stm32wbxx_ll_bus.h **** }
 688:Drivers/STM32WBxx_HAL_Driver/Inc/stm32wbxx_ll_bus.h **** 
 689:Drivers/STM32WBxx_HAL_Driver/Inc/stm32wbxx_ll_bus.h **** /**
 690:Drivers/STM32WBxx_HAL_Driver/Inc/stm32wbxx_ll_bus.h ****   * @brief  Disable AHB2 peripherals clock during Low Power (Sleep) mode.
 691:Drivers/STM32WBxx_HAL_Driver/Inc/stm32wbxx_ll_bus.h ****   * @rmtoll AHB2SMENR    GPIOASMEN     LL_AHB2_GRP1_DisableClockSleep\n
 692:Drivers/STM32WBxx_HAL_Driver/Inc/stm32wbxx_ll_bus.h ****   *         AHB2SMENR    GPIOBSMEN     LL_AHB2_GRP1_DisableClockSleep\n
 693:Drivers/STM32WBxx_HAL_Driver/Inc/stm32wbxx_ll_bus.h ****   *         AHB2SMENR    GPIOCSMEN     LL_AHB2_GRP1_DisableClockSleep\n
 694:Drivers/STM32WBxx_HAL_Driver/Inc/stm32wbxx_ll_bus.h ****   *         AHB2SMENR    GPIODSMEN     LL_AHB2_GRP1_DisableClockSleep\n
 695:Drivers/STM32WBxx_HAL_Driver/Inc/stm32wbxx_ll_bus.h ****   *         AHB2SMENR    GPIOESMEN     LL_AHB2_GRP1_DisableClockSleep\n
 696:Drivers/STM32WBxx_HAL_Driver/Inc/stm32wbxx_ll_bus.h ****   *         AHB2SMENR    GPIOHSMEN     LL_AHB2_GRP1_DisableClockSleep\n
 697:Drivers/STM32WBxx_HAL_Driver/Inc/stm32wbxx_ll_bus.h ****   *         AHB2SMENR    ADCSMEN       LL_AHB2_GRP1_DisableClockSleep\n
 698:Drivers/STM32WBxx_HAL_Driver/Inc/stm32wbxx_ll_bus.h ****   *         AHB2SMENR    AES1SMEN      LL_AHB2_GRP1_DisableClockSleep
 699:Drivers/STM32WBxx_HAL_Driver/Inc/stm32wbxx_ll_bus.h ****   * @param  Periphs This parameter can be a combination of the following values:
ARM GAS  C:\Users\843E~1\AppData\Local\Temp\cc9AXn4R.s 			page 32


 700:Drivers/STM32WBxx_HAL_Driver/Inc/stm32wbxx_ll_bus.h ****   *         @arg @ref LL_AHB2_GRP1_PERIPH_GPIOA
 701:Drivers/STM32WBxx_HAL_Driver/Inc/stm32wbxx_ll_bus.h ****   *         @arg @ref LL_AHB2_GRP1_PERIPH_GPIOB
 702:Drivers/STM32WBxx_HAL_Driver/Inc/stm32wbxx_ll_bus.h ****   *         @arg @ref LL_AHB2_GRP1_PERIPH_GPIOC
 703:Drivers/STM32WBxx_HAL_Driver/Inc/stm32wbxx_ll_bus.h ****   *         @arg @ref LL_AHB2_GRP1_PERIPH_GPIOD (*)
 704:Drivers/STM32WBxx_HAL_Driver/Inc/stm32wbxx_ll_bus.h ****   *         @arg @ref LL_AHB2_GRP1_PERIPH_GPIOE
 705:Drivers/STM32WBxx_HAL_Driver/Inc/stm32wbxx_ll_bus.h ****   *         @arg @ref LL_AHB2_GRP1_PERIPH_GPIOH
 706:Drivers/STM32WBxx_HAL_Driver/Inc/stm32wbxx_ll_bus.h ****   *         @arg @ref LL_AHB2_GRP1_PERIPH_ADC (*)
 707:Drivers/STM32WBxx_HAL_Driver/Inc/stm32wbxx_ll_bus.h ****   *         @arg @ref LL_AHB2_GRP1_PERIPH_AES1 (*)
 708:Drivers/STM32WBxx_HAL_Driver/Inc/stm32wbxx_ll_bus.h ****   * @note  (*) Not supported by all the devices
 709:Drivers/STM32WBxx_HAL_Driver/Inc/stm32wbxx_ll_bus.h ****   * @retval None
 710:Drivers/STM32WBxx_HAL_Driver/Inc/stm32wbxx_ll_bus.h ****   */
 711:Drivers/STM32WBxx_HAL_Driver/Inc/stm32wbxx_ll_bus.h **** __STATIC_INLINE void LL_AHB2_GRP1_DisableClockSleep(uint32_t Periphs)
 712:Drivers/STM32WBxx_HAL_Driver/Inc/stm32wbxx_ll_bus.h **** {
 713:Drivers/STM32WBxx_HAL_Driver/Inc/stm32wbxx_ll_bus.h ****   CLEAR_BIT(RCC->AHB2SMENR, Periphs);
 714:Drivers/STM32WBxx_HAL_Driver/Inc/stm32wbxx_ll_bus.h **** }
 715:Drivers/STM32WBxx_HAL_Driver/Inc/stm32wbxx_ll_bus.h **** 
 716:Drivers/STM32WBxx_HAL_Driver/Inc/stm32wbxx_ll_bus.h **** /**
 717:Drivers/STM32WBxx_HAL_Driver/Inc/stm32wbxx_ll_bus.h ****   * @}
 718:Drivers/STM32WBxx_HAL_Driver/Inc/stm32wbxx_ll_bus.h ****   */
 719:Drivers/STM32WBxx_HAL_Driver/Inc/stm32wbxx_ll_bus.h **** 
 720:Drivers/STM32WBxx_HAL_Driver/Inc/stm32wbxx_ll_bus.h **** /** @defgroup BUS_LL_EF_AHB3 AHB3
 721:Drivers/STM32WBxx_HAL_Driver/Inc/stm32wbxx_ll_bus.h ****   * @{
 722:Drivers/STM32WBxx_HAL_Driver/Inc/stm32wbxx_ll_bus.h ****   */
 723:Drivers/STM32WBxx_HAL_Driver/Inc/stm32wbxx_ll_bus.h **** 
 724:Drivers/STM32WBxx_HAL_Driver/Inc/stm32wbxx_ll_bus.h **** /**
 725:Drivers/STM32WBxx_HAL_Driver/Inc/stm32wbxx_ll_bus.h ****   * @brief  Enable AHB3 peripherals clock.
 726:Drivers/STM32WBxx_HAL_Driver/Inc/stm32wbxx_ll_bus.h ****   * @rmtoll AHB3ENR      QUADSPIEN     LL_AHB3_GRP1_EnableClock\n
 727:Drivers/STM32WBxx_HAL_Driver/Inc/stm32wbxx_ll_bus.h ****   *         AHB3ENR      PKAEN         LL_AHB3_GRP1_EnableClock\n
 728:Drivers/STM32WBxx_HAL_Driver/Inc/stm32wbxx_ll_bus.h ****   *         AHB3ENR      AES2EN        LL_AHB3_GRP1_EnableClock\n
 729:Drivers/STM32WBxx_HAL_Driver/Inc/stm32wbxx_ll_bus.h ****   *         AHB3ENR      RNGEN         LL_AHB3_GRP1_EnableClock\n
 730:Drivers/STM32WBxx_HAL_Driver/Inc/stm32wbxx_ll_bus.h ****   *         AHB3ENR      HSEMEN        LL_AHB3_GRP1_EnableClock\n
 731:Drivers/STM32WBxx_HAL_Driver/Inc/stm32wbxx_ll_bus.h ****   *         AHB3ENR      IPCCEN        LL_AHB3_GRP1_EnableClock\n
 732:Drivers/STM32WBxx_HAL_Driver/Inc/stm32wbxx_ll_bus.h ****   *         AHB3ENR      FLASHEN       LL_AHB3_GRP1_EnableClock
 733:Drivers/STM32WBxx_HAL_Driver/Inc/stm32wbxx_ll_bus.h ****   * @param  Periphs This parameter can be a combination of the following values:
 734:Drivers/STM32WBxx_HAL_Driver/Inc/stm32wbxx_ll_bus.h ****   *         @arg @ref LL_AHB3_GRP1_PERIPH_QUADSPI (*)
 735:Drivers/STM32WBxx_HAL_Driver/Inc/stm32wbxx_ll_bus.h ****   *         @arg @ref LL_AHB3_GRP1_PERIPH_PKA
 736:Drivers/STM32WBxx_HAL_Driver/Inc/stm32wbxx_ll_bus.h ****   *         @arg @ref LL_AHB3_GRP1_PERIPH_AES2
 737:Drivers/STM32WBxx_HAL_Driver/Inc/stm32wbxx_ll_bus.h ****   *         @arg @ref LL_AHB3_GRP1_PERIPH_RNG
 738:Drivers/STM32WBxx_HAL_Driver/Inc/stm32wbxx_ll_bus.h ****   *         @arg @ref LL_AHB3_GRP1_PERIPH_HSEM
 739:Drivers/STM32WBxx_HAL_Driver/Inc/stm32wbxx_ll_bus.h ****   *         @arg @ref LL_AHB3_GRP1_PERIPH_IPCC
 740:Drivers/STM32WBxx_HAL_Driver/Inc/stm32wbxx_ll_bus.h ****   *         @arg @ref LL_AHB3_GRP1_PERIPH_FLASH
 741:Drivers/STM32WBxx_HAL_Driver/Inc/stm32wbxx_ll_bus.h ****   * @note  (*) Not supported by all the devices
 742:Drivers/STM32WBxx_HAL_Driver/Inc/stm32wbxx_ll_bus.h ****   * @retval None
 743:Drivers/STM32WBxx_HAL_Driver/Inc/stm32wbxx_ll_bus.h ****   */
 744:Drivers/STM32WBxx_HAL_Driver/Inc/stm32wbxx_ll_bus.h **** __STATIC_INLINE void LL_AHB3_GRP1_EnableClock(uint32_t Periphs)
 745:Drivers/STM32WBxx_HAL_Driver/Inc/stm32wbxx_ll_bus.h **** {
 746:Drivers/STM32WBxx_HAL_Driver/Inc/stm32wbxx_ll_bus.h ****   __IO uint32_t tmpreg;
 747:Drivers/STM32WBxx_HAL_Driver/Inc/stm32wbxx_ll_bus.h ****   SET_BIT(RCC->AHB3ENR, Periphs);
 748:Drivers/STM32WBxx_HAL_Driver/Inc/stm32wbxx_ll_bus.h ****   /* Delay after an RCC peripheral clock enabling */
 749:Drivers/STM32WBxx_HAL_Driver/Inc/stm32wbxx_ll_bus.h ****   tmpreg = READ_BIT(RCC->AHB3ENR, Periphs);
 750:Drivers/STM32WBxx_HAL_Driver/Inc/stm32wbxx_ll_bus.h ****   (void)tmpreg;
 751:Drivers/STM32WBxx_HAL_Driver/Inc/stm32wbxx_ll_bus.h **** }
 752:Drivers/STM32WBxx_HAL_Driver/Inc/stm32wbxx_ll_bus.h **** 
 753:Drivers/STM32WBxx_HAL_Driver/Inc/stm32wbxx_ll_bus.h **** /**
 754:Drivers/STM32WBxx_HAL_Driver/Inc/stm32wbxx_ll_bus.h ****   * @brief  Check if AHB3 peripheral clock is enabled or not
 755:Drivers/STM32WBxx_HAL_Driver/Inc/stm32wbxx_ll_bus.h ****   * @rmtoll AHB3ENR      QUADSPIEN     LL_AHB3_GRP1_IsEnabledClock\n
 756:Drivers/STM32WBxx_HAL_Driver/Inc/stm32wbxx_ll_bus.h ****   *         AHB3ENR      PKAEN         LL_AHB3_GRP1_IsEnabledClock\n
ARM GAS  C:\Users\843E~1\AppData\Local\Temp\cc9AXn4R.s 			page 33


 757:Drivers/STM32WBxx_HAL_Driver/Inc/stm32wbxx_ll_bus.h ****   *         AHB3ENR      AES2EN        LL_AHB3_GRP1_IsEnabledClock\n
 758:Drivers/STM32WBxx_HAL_Driver/Inc/stm32wbxx_ll_bus.h ****   *         AHB3ENR      RNGEN         LL_AHB3_GRP1_IsEnabledClock\n
 759:Drivers/STM32WBxx_HAL_Driver/Inc/stm32wbxx_ll_bus.h ****   *         AHB3ENR      HSEMEN        LL_AHB3_GRP1_IsEnabledClock\n
 760:Drivers/STM32WBxx_HAL_Driver/Inc/stm32wbxx_ll_bus.h ****   *         AHB3ENR      IPCCEN        LL_AHB3_GRP1_IsEnabledClock\n
 761:Drivers/STM32WBxx_HAL_Driver/Inc/stm32wbxx_ll_bus.h ****   *         AHB3ENR      FLASHEN       LL_AHB3_GRP1_IsEnabledClock
 762:Drivers/STM32WBxx_HAL_Driver/Inc/stm32wbxx_ll_bus.h ****   * @param  Periphs This parameter can be a combination of the following values:
 763:Drivers/STM32WBxx_HAL_Driver/Inc/stm32wbxx_ll_bus.h ****   *         @arg @ref LL_AHB3_GRP1_PERIPH_QUADSPI (*)
 764:Drivers/STM32WBxx_HAL_Driver/Inc/stm32wbxx_ll_bus.h ****   *         @arg @ref LL_AHB3_GRP1_PERIPH_PKA
 765:Drivers/STM32WBxx_HAL_Driver/Inc/stm32wbxx_ll_bus.h ****   *         @arg @ref LL_AHB3_GRP1_PERIPH_AES2
 766:Drivers/STM32WBxx_HAL_Driver/Inc/stm32wbxx_ll_bus.h ****   *         @arg @ref LL_AHB3_GRP1_PERIPH_RNG
 767:Drivers/STM32WBxx_HAL_Driver/Inc/stm32wbxx_ll_bus.h ****   *         @arg @ref LL_AHB3_GRP1_PERIPH_HSEM
 768:Drivers/STM32WBxx_HAL_Driver/Inc/stm32wbxx_ll_bus.h ****   *         @arg @ref LL_AHB3_GRP1_PERIPH_IPCC
 769:Drivers/STM32WBxx_HAL_Driver/Inc/stm32wbxx_ll_bus.h ****   *         @arg @ref LL_AHB3_GRP1_PERIPH_FLASH
 770:Drivers/STM32WBxx_HAL_Driver/Inc/stm32wbxx_ll_bus.h ****   * @note  (*) Not supported by all the devices
 771:Drivers/STM32WBxx_HAL_Driver/Inc/stm32wbxx_ll_bus.h ****   * @retval uint32_t
 772:Drivers/STM32WBxx_HAL_Driver/Inc/stm32wbxx_ll_bus.h ****   */
 773:Drivers/STM32WBxx_HAL_Driver/Inc/stm32wbxx_ll_bus.h **** __STATIC_INLINE uint32_t LL_AHB3_GRP1_IsEnabledClock(uint32_t Periphs)
 774:Drivers/STM32WBxx_HAL_Driver/Inc/stm32wbxx_ll_bus.h **** {
 775:Drivers/STM32WBxx_HAL_Driver/Inc/stm32wbxx_ll_bus.h ****   return ((READ_BIT(RCC->AHB3ENR, Periphs) == (Periphs)) ? 1UL : 0UL);
 776:Drivers/STM32WBxx_HAL_Driver/Inc/stm32wbxx_ll_bus.h **** }
 777:Drivers/STM32WBxx_HAL_Driver/Inc/stm32wbxx_ll_bus.h **** 
 778:Drivers/STM32WBxx_HAL_Driver/Inc/stm32wbxx_ll_bus.h **** /**
 779:Drivers/STM32WBxx_HAL_Driver/Inc/stm32wbxx_ll_bus.h ****   * @brief  Disable AHB3 peripherals clock.
 780:Drivers/STM32WBxx_HAL_Driver/Inc/stm32wbxx_ll_bus.h ****   * @rmtoll AHB3ENR      QUADSPIEN     LL_AHB3_GRP1_DisableClock\n
 781:Drivers/STM32WBxx_HAL_Driver/Inc/stm32wbxx_ll_bus.h ****   *         AHB3ENR      PKAEN         LL_AHB3_GRP1_DisableClock\n
 782:Drivers/STM32WBxx_HAL_Driver/Inc/stm32wbxx_ll_bus.h ****   *         AHB3ENR      AES2EN        LL_AHB3_GRP1_DisableClock\n
 783:Drivers/STM32WBxx_HAL_Driver/Inc/stm32wbxx_ll_bus.h ****   *         AHB3ENR      RNGEN         LL_AHB3_GRP1_DisableClock\n
 784:Drivers/STM32WBxx_HAL_Driver/Inc/stm32wbxx_ll_bus.h ****   *         AHB3ENR      HSEMEN        LL_AHB3_GRP1_DisableClock\n
 785:Drivers/STM32WBxx_HAL_Driver/Inc/stm32wbxx_ll_bus.h ****   *         AHB3ENR      IPCCEN        LL_AHB3_GRP1_DisableClock\n
 786:Drivers/STM32WBxx_HAL_Driver/Inc/stm32wbxx_ll_bus.h ****   *         AHB3ENR      FLASHEN       LL_AHB3_GRP1_DisableClock
 787:Drivers/STM32WBxx_HAL_Driver/Inc/stm32wbxx_ll_bus.h ****   * @param  Periphs This parameter can be a combination of the following values:
 788:Drivers/STM32WBxx_HAL_Driver/Inc/stm32wbxx_ll_bus.h ****   *         @arg @ref LL_AHB3_GRP1_PERIPH_QUADSPI (*)
 789:Drivers/STM32WBxx_HAL_Driver/Inc/stm32wbxx_ll_bus.h ****   *         @arg @ref LL_AHB3_GRP1_PERIPH_PKA
 790:Drivers/STM32WBxx_HAL_Driver/Inc/stm32wbxx_ll_bus.h ****   *         @arg @ref LL_AHB3_GRP1_PERIPH_AES2
 791:Drivers/STM32WBxx_HAL_Driver/Inc/stm32wbxx_ll_bus.h ****   *         @arg @ref LL_AHB3_GRP1_PERIPH_RNG
 792:Drivers/STM32WBxx_HAL_Driver/Inc/stm32wbxx_ll_bus.h ****   *         @arg @ref LL_AHB3_GRP1_PERIPH_HSEM
 793:Drivers/STM32WBxx_HAL_Driver/Inc/stm32wbxx_ll_bus.h ****   *         @arg @ref LL_AHB3_GRP1_PERIPH_IPCC
 794:Drivers/STM32WBxx_HAL_Driver/Inc/stm32wbxx_ll_bus.h ****   *         @arg @ref LL_AHB3_GRP1_PERIPH_FLASH
 795:Drivers/STM32WBxx_HAL_Driver/Inc/stm32wbxx_ll_bus.h ****   * @note  (*) Not supported by all the devices
 796:Drivers/STM32WBxx_HAL_Driver/Inc/stm32wbxx_ll_bus.h ****   * @retval None
 797:Drivers/STM32WBxx_HAL_Driver/Inc/stm32wbxx_ll_bus.h ****   */
 798:Drivers/STM32WBxx_HAL_Driver/Inc/stm32wbxx_ll_bus.h **** __STATIC_INLINE void LL_AHB3_GRP1_DisableClock(uint32_t Periphs)
 799:Drivers/STM32WBxx_HAL_Driver/Inc/stm32wbxx_ll_bus.h **** {
 800:Drivers/STM32WBxx_HAL_Driver/Inc/stm32wbxx_ll_bus.h ****   CLEAR_BIT(RCC->AHB3ENR, Periphs);
 801:Drivers/STM32WBxx_HAL_Driver/Inc/stm32wbxx_ll_bus.h **** }
 802:Drivers/STM32WBxx_HAL_Driver/Inc/stm32wbxx_ll_bus.h **** 
 803:Drivers/STM32WBxx_HAL_Driver/Inc/stm32wbxx_ll_bus.h **** /**
 804:Drivers/STM32WBxx_HAL_Driver/Inc/stm32wbxx_ll_bus.h ****   * @brief  Force AHB3 peripherals reset.
 805:Drivers/STM32WBxx_HAL_Driver/Inc/stm32wbxx_ll_bus.h ****   * @rmtoll AHB3RSTR     QUADSPIRST       LL_AHB3_GRP1_ForceReset\n
 806:Drivers/STM32WBxx_HAL_Driver/Inc/stm32wbxx_ll_bus.h ****   *         AHB3RSTR     PKARST        LL_AHB3_GRP1_ForceReset\n
 807:Drivers/STM32WBxx_HAL_Driver/Inc/stm32wbxx_ll_bus.h ****   *         AHB3RSTR     AES2RST       LL_AHB3_GRP1_ForceReset\n
 808:Drivers/STM32WBxx_HAL_Driver/Inc/stm32wbxx_ll_bus.h ****   *         AHB3RSTR     RNGRST        LL_AHB3_GRP1_ForceReset\n
 809:Drivers/STM32WBxx_HAL_Driver/Inc/stm32wbxx_ll_bus.h ****   *         AHB3RSTR     HSEMRST       LL_AHB3_GRP1_ForceReset\n
 810:Drivers/STM32WBxx_HAL_Driver/Inc/stm32wbxx_ll_bus.h ****   *         AHB3RSTR     IPCCRST       LL_AHB3_GRP1_ForceReset\n
 811:Drivers/STM32WBxx_HAL_Driver/Inc/stm32wbxx_ll_bus.h ****   *         AHB3RSTR     FLASHRST      LL_AHB3_GRP1_ForceReset
 812:Drivers/STM32WBxx_HAL_Driver/Inc/stm32wbxx_ll_bus.h ****   * @param  Periphs This parameter can be a combination of the following values:
 813:Drivers/STM32WBxx_HAL_Driver/Inc/stm32wbxx_ll_bus.h ****   *         @arg @ref LL_AHB3_GRP1_PERIPH_ALL
ARM GAS  C:\Users\843E~1\AppData\Local\Temp\cc9AXn4R.s 			page 34


 814:Drivers/STM32WBxx_HAL_Driver/Inc/stm32wbxx_ll_bus.h ****   *         @arg @ref LL_AHB3_GRP1_PERIPH_QUADSPI (*)
 815:Drivers/STM32WBxx_HAL_Driver/Inc/stm32wbxx_ll_bus.h ****   *         @arg @ref LL_AHB3_GRP1_PERIPH_PKA
 816:Drivers/STM32WBxx_HAL_Driver/Inc/stm32wbxx_ll_bus.h ****   *         @arg @ref LL_AHB3_GRP1_PERIPH_AES2
 817:Drivers/STM32WBxx_HAL_Driver/Inc/stm32wbxx_ll_bus.h ****   *         @arg @ref LL_AHB3_GRP1_PERIPH_RNG
 818:Drivers/STM32WBxx_HAL_Driver/Inc/stm32wbxx_ll_bus.h ****   *         @arg @ref LL_AHB3_GRP1_PERIPH_HSEM
 819:Drivers/STM32WBxx_HAL_Driver/Inc/stm32wbxx_ll_bus.h ****   *         @arg @ref LL_AHB3_GRP1_PERIPH_IPCC
 820:Drivers/STM32WBxx_HAL_Driver/Inc/stm32wbxx_ll_bus.h ****   *         @arg @ref LL_AHB3_GRP1_PERIPH_FLASH
 821:Drivers/STM32WBxx_HAL_Driver/Inc/stm32wbxx_ll_bus.h ****   * @note  (*) Not supported by all the devices
 822:Drivers/STM32WBxx_HAL_Driver/Inc/stm32wbxx_ll_bus.h ****   * @retval None
 823:Drivers/STM32WBxx_HAL_Driver/Inc/stm32wbxx_ll_bus.h ****   */
 824:Drivers/STM32WBxx_HAL_Driver/Inc/stm32wbxx_ll_bus.h **** __STATIC_INLINE void LL_AHB3_GRP1_ForceReset(uint32_t Periphs)
 825:Drivers/STM32WBxx_HAL_Driver/Inc/stm32wbxx_ll_bus.h **** {
 826:Drivers/STM32WBxx_HAL_Driver/Inc/stm32wbxx_ll_bus.h ****   SET_BIT(RCC->AHB3RSTR, Periphs);
 827:Drivers/STM32WBxx_HAL_Driver/Inc/stm32wbxx_ll_bus.h **** }
 828:Drivers/STM32WBxx_HAL_Driver/Inc/stm32wbxx_ll_bus.h **** 
 829:Drivers/STM32WBxx_HAL_Driver/Inc/stm32wbxx_ll_bus.h **** /**
 830:Drivers/STM32WBxx_HAL_Driver/Inc/stm32wbxx_ll_bus.h ****   * @brief  Release AHB3 peripherals reset.
 831:Drivers/STM32WBxx_HAL_Driver/Inc/stm32wbxx_ll_bus.h ****   * @rmtoll AHB3RSTR     QUADSPIRST    LL_AHB3_GRP1_ReleaseReset\n
 832:Drivers/STM32WBxx_HAL_Driver/Inc/stm32wbxx_ll_bus.h ****   *         AHB3RSTR     PKARST        LL_AHB3_GRP1_ReleaseReset\n
 833:Drivers/STM32WBxx_HAL_Driver/Inc/stm32wbxx_ll_bus.h ****   *         AHB3RSTR     AES2RST       LL_AHB3_GRP1_ReleaseReset\n
 834:Drivers/STM32WBxx_HAL_Driver/Inc/stm32wbxx_ll_bus.h ****   *         AHB3RSTR     RNGRST        LL_AHB3_GRP1_ReleaseReset\n
 835:Drivers/STM32WBxx_HAL_Driver/Inc/stm32wbxx_ll_bus.h ****   *         AHB3RSTR     HSEMRST       LL_AHB3_GRP1_ReleaseReset\n
 836:Drivers/STM32WBxx_HAL_Driver/Inc/stm32wbxx_ll_bus.h ****   *         AHB3RSTR     IPCCRST       LL_AHB3_GRP1_ReleaseReset\n
 837:Drivers/STM32WBxx_HAL_Driver/Inc/stm32wbxx_ll_bus.h ****   *         AHB3RSTR     FLASHRST      LL_AHB3_GRP1_ReleaseReset
 838:Drivers/STM32WBxx_HAL_Driver/Inc/stm32wbxx_ll_bus.h ****   * @param  Periphs This parameter can be a combination of the following values:
 839:Drivers/STM32WBxx_HAL_Driver/Inc/stm32wbxx_ll_bus.h ****   *         @arg @ref LL_AHB2_GRP1_PERIPH_ALL
 840:Drivers/STM32WBxx_HAL_Driver/Inc/stm32wbxx_ll_bus.h ****   *         @arg @ref LL_AHB3_GRP1_PERIPH_QUADSPI (*)
 841:Drivers/STM32WBxx_HAL_Driver/Inc/stm32wbxx_ll_bus.h ****   *         @arg @ref LL_AHB3_GRP1_PERIPH_PKA
 842:Drivers/STM32WBxx_HAL_Driver/Inc/stm32wbxx_ll_bus.h ****   *         @arg @ref LL_AHB3_GRP1_PERIPH_AES2
 843:Drivers/STM32WBxx_HAL_Driver/Inc/stm32wbxx_ll_bus.h ****   *         @arg @ref LL_AHB3_GRP1_PERIPH_RNG
 844:Drivers/STM32WBxx_HAL_Driver/Inc/stm32wbxx_ll_bus.h ****   *         @arg @ref LL_AHB3_GRP1_PERIPH_HSEM
 845:Drivers/STM32WBxx_HAL_Driver/Inc/stm32wbxx_ll_bus.h ****   *         @arg @ref LL_AHB3_GRP1_PERIPH_IPCC
 846:Drivers/STM32WBxx_HAL_Driver/Inc/stm32wbxx_ll_bus.h ****   *         @arg @ref LL_AHB3_GRP1_PERIPH_FLASH
 847:Drivers/STM32WBxx_HAL_Driver/Inc/stm32wbxx_ll_bus.h ****   * @note  (*) Not supported by all the devices
 848:Drivers/STM32WBxx_HAL_Driver/Inc/stm32wbxx_ll_bus.h ****   * @retval None
 849:Drivers/STM32WBxx_HAL_Driver/Inc/stm32wbxx_ll_bus.h ****   */
 850:Drivers/STM32WBxx_HAL_Driver/Inc/stm32wbxx_ll_bus.h **** __STATIC_INLINE void LL_AHB3_GRP1_ReleaseReset(uint32_t Periphs)
 851:Drivers/STM32WBxx_HAL_Driver/Inc/stm32wbxx_ll_bus.h **** {
 852:Drivers/STM32WBxx_HAL_Driver/Inc/stm32wbxx_ll_bus.h ****   CLEAR_BIT(RCC->AHB3RSTR, Periphs);
 853:Drivers/STM32WBxx_HAL_Driver/Inc/stm32wbxx_ll_bus.h **** }
 854:Drivers/STM32WBxx_HAL_Driver/Inc/stm32wbxx_ll_bus.h **** 
 855:Drivers/STM32WBxx_HAL_Driver/Inc/stm32wbxx_ll_bus.h **** /**
 856:Drivers/STM32WBxx_HAL_Driver/Inc/stm32wbxx_ll_bus.h ****   * @brief  Enable AHB3 peripherals clock during Low Power (Sleep) mode.
 857:Drivers/STM32WBxx_HAL_Driver/Inc/stm32wbxx_ll_bus.h ****   * @rmtoll AHB3SMENR    QUADSPISMEN   LL_AHB3_GRP1_EnableClockSleep\n
 858:Drivers/STM32WBxx_HAL_Driver/Inc/stm32wbxx_ll_bus.h ****   *         AHB3SMENR    PKASMEN       LL_AHB3_GRP1_EnableClockSleep\n
 859:Drivers/STM32WBxx_HAL_Driver/Inc/stm32wbxx_ll_bus.h ****   *         AHB3SMENR    AES2SMEN      LL_AHB3_GRP1_EnableClockSleep\n
 860:Drivers/STM32WBxx_HAL_Driver/Inc/stm32wbxx_ll_bus.h ****   *         AHB3SMENR    RNGSMEN       LL_AHB3_GRP1_EnableClockSleep\n
 861:Drivers/STM32WBxx_HAL_Driver/Inc/stm32wbxx_ll_bus.h ****   *         AHB3SMENR    SRAM2SMEN     LL_AHB3_GRP1_EnableClockSleep\n
 862:Drivers/STM32WBxx_HAL_Driver/Inc/stm32wbxx_ll_bus.h ****   *         AHB3SMENR    FLASHSMEN     LL_AHB3_GRP1_EnableClockSleep
 863:Drivers/STM32WBxx_HAL_Driver/Inc/stm32wbxx_ll_bus.h ****   * @param  Periphs This parameter can be a combination of the following values:
 864:Drivers/STM32WBxx_HAL_Driver/Inc/stm32wbxx_ll_bus.h ****   *         @arg @ref LL_AHB3_GRP1_PERIPH_QUADSPI (*)
 865:Drivers/STM32WBxx_HAL_Driver/Inc/stm32wbxx_ll_bus.h ****   *         @arg @ref LL_AHB3_GRP1_PERIPH_PKA
 866:Drivers/STM32WBxx_HAL_Driver/Inc/stm32wbxx_ll_bus.h ****   *         @arg @ref LL_AHB3_GRP1_PERIPH_AES2
 867:Drivers/STM32WBxx_HAL_Driver/Inc/stm32wbxx_ll_bus.h ****   *         @arg @ref LL_AHB3_GRP1_PERIPH_RNG
 868:Drivers/STM32WBxx_HAL_Driver/Inc/stm32wbxx_ll_bus.h ****   *         @arg @ref LL_AHB3_GRP1_PERIPH_SRAM2
 869:Drivers/STM32WBxx_HAL_Driver/Inc/stm32wbxx_ll_bus.h ****   * @note  (*) Not supported by all the devices
 870:Drivers/STM32WBxx_HAL_Driver/Inc/stm32wbxx_ll_bus.h ****   *         @arg @ref LL_AHB3_GRP1_PERIPH_FLASH
ARM GAS  C:\Users\843E~1\AppData\Local\Temp\cc9AXn4R.s 			page 35


 871:Drivers/STM32WBxx_HAL_Driver/Inc/stm32wbxx_ll_bus.h ****   * @retval None
 872:Drivers/STM32WBxx_HAL_Driver/Inc/stm32wbxx_ll_bus.h ****   */
 873:Drivers/STM32WBxx_HAL_Driver/Inc/stm32wbxx_ll_bus.h **** __STATIC_INLINE void LL_AHB3_GRP1_EnableClockSleep(uint32_t Periphs)
 874:Drivers/STM32WBxx_HAL_Driver/Inc/stm32wbxx_ll_bus.h **** {
 875:Drivers/STM32WBxx_HAL_Driver/Inc/stm32wbxx_ll_bus.h ****   __IO uint32_t tmpreg;
 876:Drivers/STM32WBxx_HAL_Driver/Inc/stm32wbxx_ll_bus.h ****   SET_BIT(RCC->AHB3SMENR, Periphs);
 877:Drivers/STM32WBxx_HAL_Driver/Inc/stm32wbxx_ll_bus.h ****   /* Delay after an RCC peripheral clock enabling */
 878:Drivers/STM32WBxx_HAL_Driver/Inc/stm32wbxx_ll_bus.h ****   tmpreg = READ_BIT(RCC->AHB3SMENR, Periphs);
 879:Drivers/STM32WBxx_HAL_Driver/Inc/stm32wbxx_ll_bus.h ****   (void)tmpreg;
 880:Drivers/STM32WBxx_HAL_Driver/Inc/stm32wbxx_ll_bus.h **** }
 881:Drivers/STM32WBxx_HAL_Driver/Inc/stm32wbxx_ll_bus.h **** 
 882:Drivers/STM32WBxx_HAL_Driver/Inc/stm32wbxx_ll_bus.h **** /**
 883:Drivers/STM32WBxx_HAL_Driver/Inc/stm32wbxx_ll_bus.h ****   * @brief  Disable AHB3 peripherals clock during Low Power (Sleep) mode.
 884:Drivers/STM32WBxx_HAL_Driver/Inc/stm32wbxx_ll_bus.h ****   * @rmtoll AHB3SMENR    QUADSPISMEN   LL_AHB3_GRP1_DisableClockSleep\n
 885:Drivers/STM32WBxx_HAL_Driver/Inc/stm32wbxx_ll_bus.h ****   *         AHB3SMENR    PKASMEN       LL_AHB3_GRP1_DisableClockSleep\n
 886:Drivers/STM32WBxx_HAL_Driver/Inc/stm32wbxx_ll_bus.h ****   *         AHB3SMENR    AES2SMEN      LL_AHB3_GRP1_DisableClockSleep\n
 887:Drivers/STM32WBxx_HAL_Driver/Inc/stm32wbxx_ll_bus.h ****   *         AHB3SMENR    RNGSMEN       LL_AHB3_GRP1_DisableClockSleep\n
 888:Drivers/STM32WBxx_HAL_Driver/Inc/stm32wbxx_ll_bus.h ****   *         AHB3SMENR    SRAM2SMEN     LL_AHB3_GRP1_DisableClockSleep\n
 889:Drivers/STM32WBxx_HAL_Driver/Inc/stm32wbxx_ll_bus.h ****   *         AHB3SMENR    FLASHSMEN     LL_AHB3_GRP1_DisableClockSleep
 890:Drivers/STM32WBxx_HAL_Driver/Inc/stm32wbxx_ll_bus.h ****   * @param  Periphs This parameter can be a combination of the following values:
 891:Drivers/STM32WBxx_HAL_Driver/Inc/stm32wbxx_ll_bus.h ****   *         @arg @ref LL_AHB3_GRP1_PERIPH_QUADSPI (*)
 892:Drivers/STM32WBxx_HAL_Driver/Inc/stm32wbxx_ll_bus.h ****   *         @arg @ref LL_AHB3_GRP1_PERIPH_PKA
 893:Drivers/STM32WBxx_HAL_Driver/Inc/stm32wbxx_ll_bus.h ****   *         @arg @ref LL_AHB3_GRP1_PERIPH_AES2
 894:Drivers/STM32WBxx_HAL_Driver/Inc/stm32wbxx_ll_bus.h ****   *         @arg @ref LL_AHB3_GRP1_PERIPH_RNG
 895:Drivers/STM32WBxx_HAL_Driver/Inc/stm32wbxx_ll_bus.h ****   *         @arg @ref LL_AHB3_GRP1_PERIPH_SRAM2
 896:Drivers/STM32WBxx_HAL_Driver/Inc/stm32wbxx_ll_bus.h ****   *         @arg @ref LL_AHB3_GRP1_PERIPH_FLASH
 897:Drivers/STM32WBxx_HAL_Driver/Inc/stm32wbxx_ll_bus.h ****   * @note  (*) Not supported by all the devices
 898:Drivers/STM32WBxx_HAL_Driver/Inc/stm32wbxx_ll_bus.h ****   * @retval None
 899:Drivers/STM32WBxx_HAL_Driver/Inc/stm32wbxx_ll_bus.h ****   */
 900:Drivers/STM32WBxx_HAL_Driver/Inc/stm32wbxx_ll_bus.h **** __STATIC_INLINE void LL_AHB3_GRP1_DisableClockSleep(uint32_t Periphs)
 901:Drivers/STM32WBxx_HAL_Driver/Inc/stm32wbxx_ll_bus.h **** {
 902:Drivers/STM32WBxx_HAL_Driver/Inc/stm32wbxx_ll_bus.h ****   CLEAR_BIT(RCC->AHB3SMENR, Periphs);
 903:Drivers/STM32WBxx_HAL_Driver/Inc/stm32wbxx_ll_bus.h **** }
 904:Drivers/STM32WBxx_HAL_Driver/Inc/stm32wbxx_ll_bus.h **** 
 905:Drivers/STM32WBxx_HAL_Driver/Inc/stm32wbxx_ll_bus.h **** /**
 906:Drivers/STM32WBxx_HAL_Driver/Inc/stm32wbxx_ll_bus.h ****   * @}
 907:Drivers/STM32WBxx_HAL_Driver/Inc/stm32wbxx_ll_bus.h ****   */
 908:Drivers/STM32WBxx_HAL_Driver/Inc/stm32wbxx_ll_bus.h **** 
 909:Drivers/STM32WBxx_HAL_Driver/Inc/stm32wbxx_ll_bus.h **** /** @defgroup BUS_LL_EF_APB1 APB1
 910:Drivers/STM32WBxx_HAL_Driver/Inc/stm32wbxx_ll_bus.h ****   * @{
 911:Drivers/STM32WBxx_HAL_Driver/Inc/stm32wbxx_ll_bus.h ****   */
 912:Drivers/STM32WBxx_HAL_Driver/Inc/stm32wbxx_ll_bus.h **** 
 913:Drivers/STM32WBxx_HAL_Driver/Inc/stm32wbxx_ll_bus.h **** /**
 914:Drivers/STM32WBxx_HAL_Driver/Inc/stm32wbxx_ll_bus.h ****   * @brief  Enable APB1 peripherals clock.
 915:Drivers/STM32WBxx_HAL_Driver/Inc/stm32wbxx_ll_bus.h ****   * @rmtoll APB1ENR1     TIM2EN        LL_APB1_GRP1_EnableClock\n
 916:Drivers/STM32WBxx_HAL_Driver/Inc/stm32wbxx_ll_bus.h ****   *         APB1ENR1     LCDEN         LL_APB1_GRP1_EnableClock\n
 917:Drivers/STM32WBxx_HAL_Driver/Inc/stm32wbxx_ll_bus.h ****   *         APB1ENR1     RTCAPBEN      LL_APB1_GRP1_EnableClock\n
 918:Drivers/STM32WBxx_HAL_Driver/Inc/stm32wbxx_ll_bus.h ****   *         APB1ENR1     WWDGEN        LL_APB1_GRP1_EnableClock\n
 919:Drivers/STM32WBxx_HAL_Driver/Inc/stm32wbxx_ll_bus.h ****   *         APB1ENR1     SPI2EN        LL_APB1_GRP1_EnableClock\n
 920:Drivers/STM32WBxx_HAL_Driver/Inc/stm32wbxx_ll_bus.h ****   *         APB1ENR1     I2C1EN        LL_APB1_GRP1_EnableClock\n
 921:Drivers/STM32WBxx_HAL_Driver/Inc/stm32wbxx_ll_bus.h ****   *         APB1ENR1     I2C3EN        LL_APB1_GRP1_EnableClock\n
 922:Drivers/STM32WBxx_HAL_Driver/Inc/stm32wbxx_ll_bus.h ****   *         APB1ENR1     CRSEN         LL_APB1_GRP1_EnableClock\n
 923:Drivers/STM32WBxx_HAL_Driver/Inc/stm32wbxx_ll_bus.h ****   *         APB1ENR1     USBEN         LL_APB1_GRP1_EnableClock\n
 924:Drivers/STM32WBxx_HAL_Driver/Inc/stm32wbxx_ll_bus.h ****   *         APB1ENR1     LPTIM1EN      LL_APB1_GRP1_EnableClock
 925:Drivers/STM32WBxx_HAL_Driver/Inc/stm32wbxx_ll_bus.h ****   * @param  Periphs This parameter can be a combination of the following values:
 926:Drivers/STM32WBxx_HAL_Driver/Inc/stm32wbxx_ll_bus.h ****   *         @arg @ref LL_APB1_GRP1_PERIPH_TIM2
 927:Drivers/STM32WBxx_HAL_Driver/Inc/stm32wbxx_ll_bus.h ****   *         @arg @ref LL_APB1_GRP1_PERIPH_LCD (*)
ARM GAS  C:\Users\843E~1\AppData\Local\Temp\cc9AXn4R.s 			page 36


 928:Drivers/STM32WBxx_HAL_Driver/Inc/stm32wbxx_ll_bus.h ****   *         @arg @ref LL_APB1_GRP1_PERIPH_RTCAPB
 929:Drivers/STM32WBxx_HAL_Driver/Inc/stm32wbxx_ll_bus.h ****   *         @arg @ref LL_APB1_GRP1_PERIPH_WWDG
 930:Drivers/STM32WBxx_HAL_Driver/Inc/stm32wbxx_ll_bus.h ****   *         @arg @ref LL_APB1_GRP1_PERIPH_SPI2 (*)
 931:Drivers/STM32WBxx_HAL_Driver/Inc/stm32wbxx_ll_bus.h ****   *         @arg @ref LL_APB1_GRP1_PERIPH_I2C1
 932:Drivers/STM32WBxx_HAL_Driver/Inc/stm32wbxx_ll_bus.h ****   *         @arg @ref LL_APB1_GRP1_PERIPH_I2C3 (*)
 933:Drivers/STM32WBxx_HAL_Driver/Inc/stm32wbxx_ll_bus.h ****   *         @arg @ref LL_APB1_GRP1_PERIPH_CRS (*)
 934:Drivers/STM32WBxx_HAL_Driver/Inc/stm32wbxx_ll_bus.h ****   *         @arg @ref LL_APB1_GRP1_PERIPH_USB (*)
 935:Drivers/STM32WBxx_HAL_Driver/Inc/stm32wbxx_ll_bus.h ****   *         @arg @ref LL_APB1_GRP1_PERIPH_LPTIM1
 936:Drivers/STM32WBxx_HAL_Driver/Inc/stm32wbxx_ll_bus.h ****   * @note  (*) Not supported by all the devices
 937:Drivers/STM32WBxx_HAL_Driver/Inc/stm32wbxx_ll_bus.h ****   * @retval None
 938:Drivers/STM32WBxx_HAL_Driver/Inc/stm32wbxx_ll_bus.h ****   */
 939:Drivers/STM32WBxx_HAL_Driver/Inc/stm32wbxx_ll_bus.h **** __STATIC_INLINE void LL_APB1_GRP1_EnableClock(uint32_t Periphs)
 219              		.loc 2 939 22 view .LVU52
 220              	.LBB11:
 940:Drivers/STM32WBxx_HAL_Driver/Inc/stm32wbxx_ll_bus.h **** {
 941:Drivers/STM32WBxx_HAL_Driver/Inc/stm32wbxx_ll_bus.h ****   __IO uint32_t tmpreg;
 221              		.loc 2 941 3 view .LVU53
 942:Drivers/STM32WBxx_HAL_Driver/Inc/stm32wbxx_ll_bus.h ****   SET_BIT(RCC->APB1ENR1, Periphs);
 222              		.loc 2 942 3 view .LVU54
 223 0068 A36D     		ldr	r3, [r4, #88]
 224 006a 43F08063 		orr	r3, r3, #67108864
 225 006e A365     		str	r3, [r4, #88]
 943:Drivers/STM32WBxx_HAL_Driver/Inc/stm32wbxx_ll_bus.h ****   /* Delay after an RCC peripheral clock enabling */
 944:Drivers/STM32WBxx_HAL_Driver/Inc/stm32wbxx_ll_bus.h ****   tmpreg = READ_BIT(RCC->APB1ENR1, Periphs);
 226              		.loc 2 944 3 view .LVU55
 227              		.loc 2 944 12 is_stmt 0 view .LVU56
 228 0070 A36D     		ldr	r3, [r4, #88]
 229 0072 03F08063 		and	r3, r3, #67108864
 230              		.loc 2 944 10 view .LVU57
 231 0076 0193     		str	r3, [sp, #4]
 945:Drivers/STM32WBxx_HAL_Driver/Inc/stm32wbxx_ll_bus.h ****   (void)tmpreg;
 232              		.loc 2 945 3 is_stmt 1 view .LVU58
 233 0078 019B     		ldr	r3, [sp, #4]
 234              	.LVL16:
 235              		.loc 2 945 3 is_stmt 0 view .LVU59
 236              	.LBE11:
 237              	.LBE10:
 109:USB_Device/Target/usbd_conf.c ****     HAL_NVIC_EnableIRQ(USB_LP_IRQn);
 238              		.loc 1 109 5 is_stmt 1 view .LVU60
 239 007a 2A46     		mov	r2, r5
 240 007c 0121     		movs	r1, #1
 241 007e 1420     		movs	r0, #20
 242 0080 FFF7FEFF 		bl	HAL_NVIC_SetPriority
 243              	.LVL17:
 110:USB_Device/Target/usbd_conf.c ****   /* USER CODE BEGIN USB_MspInit 1 */
 244              		.loc 1 110 5 view .LVU61
 245 0084 1420     		movs	r0, #20
 246 0086 FFF7FEFF 		bl	HAL_NVIC_EnableIRQ
 247              	.LVL18:
 115:USB_Device/Target/usbd_conf.c **** 
 248              		.loc 1 115 1 is_stmt 0 view .LVU62
 249 008a CAE7     		b	.L10
 250              	.LVL19:
 251              	.L15:
  90:USB_Device/Target/usbd_conf.c ****     }
 252              		.loc 1 90 7 is_stmt 1 view .LVU63
 253 008c FFF7FEFF 		bl	Error_Handler
ARM GAS  C:\Users\843E~1\AppData\Local\Temp\cc9AXn4R.s 			page 37


 254              	.LVL20:
 255 0090 D0E7     		b	.L12
 256              	.L17:
 257 0092 00BF     		.align	2
 258              	.L16:
 259 0094 00680040 		.word	1073768448
 260              		.cfi_endproc
 261              	.LFE1262:
 263              		.section	.text.HAL_PCD_MspDeInit,"ax",%progbits
 264              		.align	1
 265              		.global	HAL_PCD_MspDeInit
 266              		.syntax unified
 267              		.thumb
 268              		.thumb_func
 270              	HAL_PCD_MspDeInit:
 271              	.LVL21:
 272              	.LFB1263:
 122:USB_Device/Target/usbd_conf.c ****   if(pcdHandle->Instance==USB)
 273              		.loc 1 122 1 view -0
 274              		.cfi_startproc
 275              		@ args = 0, pretend = 0, frame = 0
 276              		@ frame_needed = 0, uses_anonymous_args = 0
 122:USB_Device/Target/usbd_conf.c ****   if(pcdHandle->Instance==USB)
 277              		.loc 1 122 1 is_stmt 0 view .LVU65
 278 0000 08B5     		push	{r3, lr}
 279              	.LCFI5:
 280              		.cfi_def_cfa_offset 8
 281              		.cfi_offset 3, -8
 282              		.cfi_offset 14, -4
 123:USB_Device/Target/usbd_conf.c ****   {
 283              		.loc 1 123 3 is_stmt 1 view .LVU66
 123:USB_Device/Target/usbd_conf.c ****   {
 284              		.loc 1 123 15 is_stmt 0 view .LVU67
 285 0002 0268     		ldr	r2, [r0]
 123:USB_Device/Target/usbd_conf.c ****   {
 286              		.loc 1 123 5 view .LVU68
 287 0004 094B     		ldr	r3, .L22
 288 0006 9A42     		cmp	r2, r3
 289 0008 00D0     		beq	.L21
 290              	.LVL22:
 291              	.L18:
 144:USB_Device/Target/usbd_conf.c **** 
 292              		.loc 1 144 1 view .LVU69
 293 000a 08BD     		pop	{r3, pc}
 294              	.LVL23:
 295              	.L21:
 129:USB_Device/Target/usbd_conf.c **** 
 296              		.loc 1 129 5 is_stmt 1 view .LVU70
 297              	.LBB12:
 298              	.LBI12:
 946:Drivers/STM32WBxx_HAL_Driver/Inc/stm32wbxx_ll_bus.h **** }
 947:Drivers/STM32WBxx_HAL_Driver/Inc/stm32wbxx_ll_bus.h **** 
 948:Drivers/STM32WBxx_HAL_Driver/Inc/stm32wbxx_ll_bus.h **** /**
 949:Drivers/STM32WBxx_HAL_Driver/Inc/stm32wbxx_ll_bus.h ****   * @brief  Enable APB1 peripherals clock.
 950:Drivers/STM32WBxx_HAL_Driver/Inc/stm32wbxx_ll_bus.h ****   * @rmtoll APB1ENR2     LPUART1EN     LL_APB1_GRP2_EnableClock\n
 951:Drivers/STM32WBxx_HAL_Driver/Inc/stm32wbxx_ll_bus.h ****   *         APB1ENR2     LPTIM2EN      LL_APB1_GRP2_EnableClock
 952:Drivers/STM32WBxx_HAL_Driver/Inc/stm32wbxx_ll_bus.h ****   * @param  Periphs This parameter can be a combination of the following values:
ARM GAS  C:\Users\843E~1\AppData\Local\Temp\cc9AXn4R.s 			page 38


 953:Drivers/STM32WBxx_HAL_Driver/Inc/stm32wbxx_ll_bus.h ****   *         @arg @ref LL_APB1_GRP2_PERIPH_LPUART1 (*)
 954:Drivers/STM32WBxx_HAL_Driver/Inc/stm32wbxx_ll_bus.h ****   *         @arg @ref LL_APB1_GRP2_PERIPH_LPTIM2
 955:Drivers/STM32WBxx_HAL_Driver/Inc/stm32wbxx_ll_bus.h ****   * @note  (*) Not supported by all the devices
 956:Drivers/STM32WBxx_HAL_Driver/Inc/stm32wbxx_ll_bus.h ****   * @retval None
 957:Drivers/STM32WBxx_HAL_Driver/Inc/stm32wbxx_ll_bus.h ****   */
 958:Drivers/STM32WBxx_HAL_Driver/Inc/stm32wbxx_ll_bus.h **** __STATIC_INLINE void LL_APB1_GRP2_EnableClock(uint32_t Periphs)
 959:Drivers/STM32WBxx_HAL_Driver/Inc/stm32wbxx_ll_bus.h **** {
 960:Drivers/STM32WBxx_HAL_Driver/Inc/stm32wbxx_ll_bus.h ****   __IO uint32_t tmpreg;
 961:Drivers/STM32WBxx_HAL_Driver/Inc/stm32wbxx_ll_bus.h ****   SET_BIT(RCC->APB1ENR2, Periphs);
 962:Drivers/STM32WBxx_HAL_Driver/Inc/stm32wbxx_ll_bus.h ****   /* Delay after an RCC peripheral clock enabling */
 963:Drivers/STM32WBxx_HAL_Driver/Inc/stm32wbxx_ll_bus.h ****   tmpreg = READ_BIT(RCC->APB1ENR2, Periphs);
 964:Drivers/STM32WBxx_HAL_Driver/Inc/stm32wbxx_ll_bus.h ****   (void)tmpreg;
 965:Drivers/STM32WBxx_HAL_Driver/Inc/stm32wbxx_ll_bus.h **** }
 966:Drivers/STM32WBxx_HAL_Driver/Inc/stm32wbxx_ll_bus.h **** 
 967:Drivers/STM32WBxx_HAL_Driver/Inc/stm32wbxx_ll_bus.h **** /**
 968:Drivers/STM32WBxx_HAL_Driver/Inc/stm32wbxx_ll_bus.h ****   * @brief  Check if APB1 peripheral clock is enabled or not
 969:Drivers/STM32WBxx_HAL_Driver/Inc/stm32wbxx_ll_bus.h ****   * @rmtoll APB1ENR1     TIM2EN        LL_APB1_GRP1_IsEnabledClock\n
 970:Drivers/STM32WBxx_HAL_Driver/Inc/stm32wbxx_ll_bus.h ****   *         APB1ENR1     LCDEN         LL_APB1_GRP1_IsEnabledClock\n
 971:Drivers/STM32WBxx_HAL_Driver/Inc/stm32wbxx_ll_bus.h ****   *         APB1ENR1     RTCAPBEN      LL_APB1_GRP1_IsEnabledClock\n
 972:Drivers/STM32WBxx_HAL_Driver/Inc/stm32wbxx_ll_bus.h ****   *         APB1ENR1     WWDGEN        LL_APB1_GRP1_IsEnabledClock\n
 973:Drivers/STM32WBxx_HAL_Driver/Inc/stm32wbxx_ll_bus.h ****   *         APB1ENR1     SPI2EN        LL_APB1_GRP1_IsEnabledClock\n
 974:Drivers/STM32WBxx_HAL_Driver/Inc/stm32wbxx_ll_bus.h ****   *         APB1ENR1     I2C1EN        LL_APB1_GRP1_IsEnabledClock\n
 975:Drivers/STM32WBxx_HAL_Driver/Inc/stm32wbxx_ll_bus.h ****   *         APB1ENR1     I2C3EN        LL_APB1_GRP1_IsEnabledClock\n
 976:Drivers/STM32WBxx_HAL_Driver/Inc/stm32wbxx_ll_bus.h ****   *         APB1ENR1     CRSEN         LL_APB1_GRP1_IsEnabledClock\n
 977:Drivers/STM32WBxx_HAL_Driver/Inc/stm32wbxx_ll_bus.h ****   *         APB1ENR1     USBEN         LL_APB1_GRP1_IsEnabledClock\n
 978:Drivers/STM32WBxx_HAL_Driver/Inc/stm32wbxx_ll_bus.h ****   *         APB1ENR1     LPTIM1EN      LL_APB1_GRP1_IsEnabledClock
 979:Drivers/STM32WBxx_HAL_Driver/Inc/stm32wbxx_ll_bus.h ****   * @param  Periphs This parameter can be a combination of the following values:
 980:Drivers/STM32WBxx_HAL_Driver/Inc/stm32wbxx_ll_bus.h ****   *         @arg @ref LL_APB1_GRP1_PERIPH_TIM2
 981:Drivers/STM32WBxx_HAL_Driver/Inc/stm32wbxx_ll_bus.h ****   *         @arg @ref LL_APB1_GRP1_PERIPH_LCD (*)
 982:Drivers/STM32WBxx_HAL_Driver/Inc/stm32wbxx_ll_bus.h ****   *         @arg @ref LL_APB1_GRP1_PERIPH_RTCAPB
 983:Drivers/STM32WBxx_HAL_Driver/Inc/stm32wbxx_ll_bus.h ****   *         @arg @ref LL_APB1_GRP1_PERIPH_WWDG
 984:Drivers/STM32WBxx_HAL_Driver/Inc/stm32wbxx_ll_bus.h ****   *         @arg @ref LL_APB1_GRP1_PERIPH_SPI2 (*)
 985:Drivers/STM32WBxx_HAL_Driver/Inc/stm32wbxx_ll_bus.h ****   *         @arg @ref LL_APB1_GRP1_PERIPH_I2C1
 986:Drivers/STM32WBxx_HAL_Driver/Inc/stm32wbxx_ll_bus.h ****   *         @arg @ref LL_APB1_GRP1_PERIPH_I2C3 (*)
 987:Drivers/STM32WBxx_HAL_Driver/Inc/stm32wbxx_ll_bus.h ****   *         @arg @ref LL_APB1_GRP1_PERIPH_CRS (*)
 988:Drivers/STM32WBxx_HAL_Driver/Inc/stm32wbxx_ll_bus.h ****   *         @arg @ref LL_APB1_GRP1_PERIPH_USB (*)
 989:Drivers/STM32WBxx_HAL_Driver/Inc/stm32wbxx_ll_bus.h ****   *         @arg @ref LL_APB1_GRP1_PERIPH_LPTIM1
 990:Drivers/STM32WBxx_HAL_Driver/Inc/stm32wbxx_ll_bus.h ****   * @note  (*) Not supported by all the devices
 991:Drivers/STM32WBxx_HAL_Driver/Inc/stm32wbxx_ll_bus.h ****   * @retval uint32_t
 992:Drivers/STM32WBxx_HAL_Driver/Inc/stm32wbxx_ll_bus.h ****   */
 993:Drivers/STM32WBxx_HAL_Driver/Inc/stm32wbxx_ll_bus.h **** __STATIC_INLINE uint32_t LL_APB1_GRP1_IsEnabledClock(uint32_t Periphs)
 994:Drivers/STM32WBxx_HAL_Driver/Inc/stm32wbxx_ll_bus.h **** {
 995:Drivers/STM32WBxx_HAL_Driver/Inc/stm32wbxx_ll_bus.h ****   return ((READ_BIT(RCC->APB1ENR1, Periphs) == (Periphs)) ? 1UL : 0UL);
 996:Drivers/STM32WBxx_HAL_Driver/Inc/stm32wbxx_ll_bus.h **** }
 997:Drivers/STM32WBxx_HAL_Driver/Inc/stm32wbxx_ll_bus.h **** 
 998:Drivers/STM32WBxx_HAL_Driver/Inc/stm32wbxx_ll_bus.h **** /**
 999:Drivers/STM32WBxx_HAL_Driver/Inc/stm32wbxx_ll_bus.h ****   * @brief  Check if APB1 peripheral clock is enabled or not
1000:Drivers/STM32WBxx_HAL_Driver/Inc/stm32wbxx_ll_bus.h ****   * @rmtoll APB1ENR2     LPUART1EN     LL_APB1_GRP2_IsEnabledClock\n
1001:Drivers/STM32WBxx_HAL_Driver/Inc/stm32wbxx_ll_bus.h ****   *         APB1ENR2     LPTIM2EN      LL_APB1_GRP2_IsEnabledClock
1002:Drivers/STM32WBxx_HAL_Driver/Inc/stm32wbxx_ll_bus.h ****   * @param  Periphs This parameter can be a combination of the following values:
1003:Drivers/STM32WBxx_HAL_Driver/Inc/stm32wbxx_ll_bus.h ****   *         @arg @ref LL_APB1_GRP2_PERIPH_LPUART1 (*)
1004:Drivers/STM32WBxx_HAL_Driver/Inc/stm32wbxx_ll_bus.h ****   *         @arg @ref LL_APB1_GRP2_PERIPH_LPTIM2
1005:Drivers/STM32WBxx_HAL_Driver/Inc/stm32wbxx_ll_bus.h ****   * @note  (*) Not supported by all the devices
1006:Drivers/STM32WBxx_HAL_Driver/Inc/stm32wbxx_ll_bus.h ****   * @retval uint32_t
1007:Drivers/STM32WBxx_HAL_Driver/Inc/stm32wbxx_ll_bus.h ****   */
1008:Drivers/STM32WBxx_HAL_Driver/Inc/stm32wbxx_ll_bus.h **** __STATIC_INLINE uint32_t LL_APB1_GRP2_IsEnabledClock(uint32_t Periphs)
1009:Drivers/STM32WBxx_HAL_Driver/Inc/stm32wbxx_ll_bus.h **** {
ARM GAS  C:\Users\843E~1\AppData\Local\Temp\cc9AXn4R.s 			page 39


1010:Drivers/STM32WBxx_HAL_Driver/Inc/stm32wbxx_ll_bus.h ****   return ((READ_BIT(RCC->APB1ENR2, Periphs) == (Periphs)) ? 1UL : 0UL);
1011:Drivers/STM32WBxx_HAL_Driver/Inc/stm32wbxx_ll_bus.h **** }
1012:Drivers/STM32WBxx_HAL_Driver/Inc/stm32wbxx_ll_bus.h **** 
1013:Drivers/STM32WBxx_HAL_Driver/Inc/stm32wbxx_ll_bus.h **** /**
1014:Drivers/STM32WBxx_HAL_Driver/Inc/stm32wbxx_ll_bus.h ****   * @brief  Disable APB1 peripherals clock.
1015:Drivers/STM32WBxx_HAL_Driver/Inc/stm32wbxx_ll_bus.h ****   * @rmtoll APB1ENR1     TIM2EN        LL_APB1_GRP1_DisableClock\n
1016:Drivers/STM32WBxx_HAL_Driver/Inc/stm32wbxx_ll_bus.h ****   *         APB1ENR1     LCDEN         LL_APB1_GRP1_DisableClock\n
1017:Drivers/STM32WBxx_HAL_Driver/Inc/stm32wbxx_ll_bus.h ****   *         APB1ENR1     RTCAPBEN      LL_APB1_GRP1_DisableClock\n
1018:Drivers/STM32WBxx_HAL_Driver/Inc/stm32wbxx_ll_bus.h ****   *         APB1ENR1     SPI2EN        LL_APB1_GRP1_DisableClock\n
1019:Drivers/STM32WBxx_HAL_Driver/Inc/stm32wbxx_ll_bus.h ****   *         APB1ENR1     I2C1EN        LL_APB1_GRP1_DisableClock\n
1020:Drivers/STM32WBxx_HAL_Driver/Inc/stm32wbxx_ll_bus.h ****   *         APB1ENR1     I2C3EN        LL_APB1_GRP1_DisableClock\n
1021:Drivers/STM32WBxx_HAL_Driver/Inc/stm32wbxx_ll_bus.h ****   *         APB1ENR1     CRSEN         LL_APB1_GRP1_DisableClock\n
1022:Drivers/STM32WBxx_HAL_Driver/Inc/stm32wbxx_ll_bus.h ****   *         APB1ENR1     USBEN         LL_APB1_GRP1_DisableClock\n
1023:Drivers/STM32WBxx_HAL_Driver/Inc/stm32wbxx_ll_bus.h ****   *         APB1ENR1     LPTIM1EN      LL_APB1_GRP1_DisableClock
1024:Drivers/STM32WBxx_HAL_Driver/Inc/stm32wbxx_ll_bus.h ****   * @param  Periphs This parameter can be a combination of the following values:
1025:Drivers/STM32WBxx_HAL_Driver/Inc/stm32wbxx_ll_bus.h ****   *         @arg @ref LL_APB1_GRP1_PERIPH_TIM2
1026:Drivers/STM32WBxx_HAL_Driver/Inc/stm32wbxx_ll_bus.h ****   *         @arg @ref LL_APB1_GRP1_PERIPH_LCD (*)
1027:Drivers/STM32WBxx_HAL_Driver/Inc/stm32wbxx_ll_bus.h ****   *         @arg @ref LL_APB1_GRP1_PERIPH_RTCAPB
1028:Drivers/STM32WBxx_HAL_Driver/Inc/stm32wbxx_ll_bus.h ****   *         @arg @ref LL_APB1_GRP1_PERIPH_WWDG
1029:Drivers/STM32WBxx_HAL_Driver/Inc/stm32wbxx_ll_bus.h ****   *         @arg @ref LL_APB1_GRP1_PERIPH_SPI2 (*)
1030:Drivers/STM32WBxx_HAL_Driver/Inc/stm32wbxx_ll_bus.h ****   *         @arg @ref LL_APB1_GRP1_PERIPH_I2C1
1031:Drivers/STM32WBxx_HAL_Driver/Inc/stm32wbxx_ll_bus.h ****   *         @arg @ref LL_APB1_GRP1_PERIPH_I2C3 (*)
1032:Drivers/STM32WBxx_HAL_Driver/Inc/stm32wbxx_ll_bus.h ****   *         @arg @ref LL_APB1_GRP1_PERIPH_ (*)
1033:Drivers/STM32WBxx_HAL_Driver/Inc/stm32wbxx_ll_bus.h ****   *         @arg @ref LL_APB1_GRP1_PERIPH_USB (*)
1034:Drivers/STM32WBxx_HAL_Driver/Inc/stm32wbxx_ll_bus.h ****   *         @arg @ref LL_APB1_GRP1_PERIPH_LPTIM1
1035:Drivers/STM32WBxx_HAL_Driver/Inc/stm32wbxx_ll_bus.h ****   * @note  (*) Not supported by all the devices
1036:Drivers/STM32WBxx_HAL_Driver/Inc/stm32wbxx_ll_bus.h ****   * @retval None
1037:Drivers/STM32WBxx_HAL_Driver/Inc/stm32wbxx_ll_bus.h ****   */
1038:Drivers/STM32WBxx_HAL_Driver/Inc/stm32wbxx_ll_bus.h **** __STATIC_INLINE void LL_APB1_GRP1_DisableClock(uint32_t Periphs)
 299              		.loc 2 1038 22 view .LVU71
 300              	.LBB13:
1039:Drivers/STM32WBxx_HAL_Driver/Inc/stm32wbxx_ll_bus.h **** {
1040:Drivers/STM32WBxx_HAL_Driver/Inc/stm32wbxx_ll_bus.h ****   CLEAR_BIT(RCC->APB1ENR1, Periphs);
 301              		.loc 2 1040 3 view .LVU72
 302 000c 4FF0B042 		mov	r2, #1476395008
 303 0010 936D     		ldr	r3, [r2, #88]
 304 0012 23F08063 		bic	r3, r3, #67108864
 305 0016 9365     		str	r3, [r2, #88]
 306              	.LVL24:
 307              		.loc 2 1040 3 is_stmt 0 view .LVU73
 308              	.LBE13:
 309              	.LBE12:
 135:USB_Device/Target/usbd_conf.c **** 
 310              		.loc 1 135 5 is_stmt 1 view .LVU74
 311 0018 4FF4C051 		mov	r1, #6144
 312 001c 4FF09040 		mov	r0, #1207959552
 313              	.LVL25:
 135:USB_Device/Target/usbd_conf.c **** 
 314              		.loc 1 135 5 is_stmt 0 view .LVU75
 315 0020 FFF7FEFF 		bl	HAL_GPIO_DeInit
 316              	.LVL26:
 138:USB_Device/Target/usbd_conf.c **** 
 317              		.loc 1 138 5 is_stmt 1 view .LVU76
 318 0024 1420     		movs	r0, #20
 319 0026 FFF7FEFF 		bl	HAL_NVIC_DisableIRQ
 320              	.LVL27:
 144:USB_Device/Target/usbd_conf.c **** 
ARM GAS  C:\Users\843E~1\AppData\Local\Temp\cc9AXn4R.s 			page 40


 321              		.loc 1 144 1 is_stmt 0 view .LVU77
 322 002a EEE7     		b	.L18
 323              	.L23:
 324              		.align	2
 325              	.L22:
 326 002c 00680040 		.word	1073768448
 327              		.cfi_endproc
 328              	.LFE1263:
 330              		.section	.text.HAL_PCD_SetupStageCallback,"ax",%progbits
 331              		.align	1
 332              		.global	HAL_PCD_SetupStageCallback
 333              		.syntax unified
 334              		.thumb
 335              		.thumb_func
 337              	HAL_PCD_SetupStageCallback:
 338              	.LVL28:
 339              	.LFB1264:
 156:USB_Device/Target/usbd_conf.c ****   /* USER CODE BEGIN HAL_PCD_SetupStageCallback_PreTreatment */
 340              		.loc 1 156 1 is_stmt 1 view -0
 341              		.cfi_startproc
 342              		@ args = 0, pretend = 0, frame = 0
 343              		@ frame_needed = 0, uses_anonymous_args = 0
 156:USB_Device/Target/usbd_conf.c ****   /* USER CODE BEGIN HAL_PCD_SetupStageCallback_PreTreatment */
 344              		.loc 1 156 1 is_stmt 0 view .LVU79
 345 0000 08B5     		push	{r3, lr}
 346              	.LCFI6:
 347              		.cfi_def_cfa_offset 8
 348              		.cfi_offset 3, -8
 349              		.cfi_offset 14, -4
 160:USB_Device/Target/usbd_conf.c ****   /* USER CODE BEGIN HAL_PCD_SetupStageCallback_PostTreatment */
 350              		.loc 1 160 3 is_stmt 1 view .LVU80
 351 0002 00F52671 		add	r1, r0, #664
 352 0006 D0F8D802 		ldr	r0, [r0, #728]
 353              	.LVL29:
 160:USB_Device/Target/usbd_conf.c ****   /* USER CODE BEGIN HAL_PCD_SetupStageCallback_PostTreatment */
 354              		.loc 1 160 3 is_stmt 0 view .LVU81
 355 000a FFF7FEFF 		bl	USBD_LL_SetupStage
 356              	.LVL30:
 164:USB_Device/Target/usbd_conf.c **** 
 357              		.loc 1 164 1 view .LVU82
 358 000e 08BD     		pop	{r3, pc}
 359              		.cfi_endproc
 360              	.LFE1264:
 362              		.section	.text.HAL_PCD_DataOutStageCallback,"ax",%progbits
 363              		.align	1
 364              		.global	HAL_PCD_DataOutStageCallback
 365              		.syntax unified
 366              		.thumb
 367              		.thumb_func
 369              	HAL_PCD_DataOutStageCallback:
 370              	.LVL31:
 371              	.LFB1265:
 177:USB_Device/Target/usbd_conf.c ****   /* USER CODE BEGIN HAL_PCD_DataOutStageCallback_PreTreatment */
 372              		.loc 1 177 1 is_stmt 1 view -0
 373              		.cfi_startproc
 374              		@ args = 0, pretend = 0, frame = 0
 375              		@ frame_needed = 0, uses_anonymous_args = 0
ARM GAS  C:\Users\843E~1\AppData\Local\Temp\cc9AXn4R.s 			page 41


 177:USB_Device/Target/usbd_conf.c ****   /* USER CODE BEGIN HAL_PCD_DataOutStageCallback_PreTreatment */
 376              		.loc 1 177 1 is_stmt 0 view .LVU84
 377 0000 08B5     		push	{r3, lr}
 378              	.LCFI7:
 379              		.cfi_def_cfa_offset 8
 380              		.cfi_offset 3, -8
 381              		.cfi_offset 14, -4
 181:USB_Device/Target/usbd_conf.c ****   /* USER CODE BEGIN HAL_PCD_DataOutStageCallback_PostTreatment */
 382              		.loc 1 181 3 is_stmt 1 view .LVU85
 383 0002 01EB8103 		add	r3, r1, r1, lsl #2
 384 0006 00EBC303 		add	r3, r0, r3, lsl #3
 385 000a D3F86421 		ldr	r2, [r3, #356]
 386 000e D0F8D802 		ldr	r0, [r0, #728]
 387              	.LVL32:
 181:USB_Device/Target/usbd_conf.c ****   /* USER CODE BEGIN HAL_PCD_DataOutStageCallback_PostTreatment */
 388              		.loc 1 181 3 is_stmt 0 view .LVU86
 389 0012 FFF7FEFF 		bl	USBD_LL_DataOutStage
 390              	.LVL33:
 185:USB_Device/Target/usbd_conf.c **** 
 391              		.loc 1 185 1 view .LVU87
 392 0016 08BD     		pop	{r3, pc}
 393              		.cfi_endproc
 394              	.LFE1265:
 396              		.section	.text.HAL_PCD_DataInStageCallback,"ax",%progbits
 397              		.align	1
 398              		.global	HAL_PCD_DataInStageCallback
 399              		.syntax unified
 400              		.thumb
 401              		.thumb_func
 403              	HAL_PCD_DataInStageCallback:
 404              	.LVL34:
 405              	.LFB1266:
 198:USB_Device/Target/usbd_conf.c ****   /* USER CODE BEGIN HAL_PCD_DataInStageCallback_PreTreatment */
 406              		.loc 1 198 1 is_stmt 1 view -0
 407              		.cfi_startproc
 408              		@ args = 0, pretend = 0, frame = 0
 409              		@ frame_needed = 0, uses_anonymous_args = 0
 198:USB_Device/Target/usbd_conf.c ****   /* USER CODE BEGIN HAL_PCD_DataInStageCallback_PreTreatment */
 410              		.loc 1 198 1 is_stmt 0 view .LVU89
 411 0000 08B5     		push	{r3, lr}
 412              	.LCFI8:
 413              		.cfi_def_cfa_offset 8
 414              		.cfi_offset 3, -8
 415              		.cfi_offset 14, -4
 202:USB_Device/Target/usbd_conf.c ****   /* USER CODE BEGIN HAL_PCD_DataInStageCallback_PostTreatment  */
 416              		.loc 1 202 3 is_stmt 1 view .LVU90
 417 0002 01EB8103 		add	r3, r1, r1, lsl #2
 418 0006 00EBC303 		add	r3, r0, r3, lsl #3
 419 000a 5A6A     		ldr	r2, [r3, #36]
 420 000c D0F8D802 		ldr	r0, [r0, #728]
 421              	.LVL35:
 202:USB_Device/Target/usbd_conf.c ****   /* USER CODE BEGIN HAL_PCD_DataInStageCallback_PostTreatment  */
 422              		.loc 1 202 3 is_stmt 0 view .LVU91
 423 0010 FFF7FEFF 		bl	USBD_LL_DataInStage
 424              	.LVL36:
 206:USB_Device/Target/usbd_conf.c **** 
 425              		.loc 1 206 1 view .LVU92
ARM GAS  C:\Users\843E~1\AppData\Local\Temp\cc9AXn4R.s 			page 42


 426 0014 08BD     		pop	{r3, pc}
 427              		.cfi_endproc
 428              	.LFE1266:
 430              		.section	.text.HAL_PCD_SOFCallback,"ax",%progbits
 431              		.align	1
 432              		.global	HAL_PCD_SOFCallback
 433              		.syntax unified
 434              		.thumb
 435              		.thumb_func
 437              	HAL_PCD_SOFCallback:
 438              	.LVL37:
 439              	.LFB1267:
 218:USB_Device/Target/usbd_conf.c ****   /* USER CODE BEGIN HAL_PCD_SOFCallback_PreTreatment */
 440              		.loc 1 218 1 is_stmt 1 view -0
 441              		.cfi_startproc
 442              		@ args = 0, pretend = 0, frame = 0
 443              		@ frame_needed = 0, uses_anonymous_args = 0
 218:USB_Device/Target/usbd_conf.c ****   /* USER CODE BEGIN HAL_PCD_SOFCallback_PreTreatment */
 444              		.loc 1 218 1 is_stmt 0 view .LVU94
 445 0000 08B5     		push	{r3, lr}
 446              	.LCFI9:
 447              		.cfi_def_cfa_offset 8
 448              		.cfi_offset 3, -8
 449              		.cfi_offset 14, -4
 222:USB_Device/Target/usbd_conf.c ****   /* USER CODE BEGIN HAL_PCD_SOFCallback_PostTreatment */
 450              		.loc 1 222 3 is_stmt 1 view .LVU95
 451 0002 D0F8D802 		ldr	r0, [r0, #728]
 452              	.LVL38:
 222:USB_Device/Target/usbd_conf.c ****   /* USER CODE BEGIN HAL_PCD_SOFCallback_PostTreatment */
 453              		.loc 1 222 3 is_stmt 0 view .LVU96
 454 0006 FFF7FEFF 		bl	USBD_LL_SOF
 455              	.LVL39:
 226:USB_Device/Target/usbd_conf.c **** 
 456              		.loc 1 226 1 view .LVU97
 457 000a 08BD     		pop	{r3, pc}
 458              		.cfi_endproc
 459              	.LFE1267:
 461              		.section	.text.HAL_PCD_ResetCallback,"ax",%progbits
 462              		.align	1
 463              		.global	HAL_PCD_ResetCallback
 464              		.syntax unified
 465              		.thumb
 466              		.thumb_func
 468              	HAL_PCD_ResetCallback:
 469              	.LVL40:
 470              	.LFB1268:
 238:USB_Device/Target/usbd_conf.c ****   /* USER CODE BEGIN HAL_PCD_ResetCallback_PreTreatment */
 471              		.loc 1 238 1 is_stmt 1 view -0
 472              		.cfi_startproc
 473              		@ args = 0, pretend = 0, frame = 0
 474              		@ frame_needed = 0, uses_anonymous_args = 0
 238:USB_Device/Target/usbd_conf.c ****   /* USER CODE BEGIN HAL_PCD_ResetCallback_PreTreatment */
 475              		.loc 1 238 1 is_stmt 0 view .LVU99
 476 0000 10B5     		push	{r4, lr}
 477              	.LCFI10:
 478              		.cfi_def_cfa_offset 8
 479              		.cfi_offset 4, -8
ARM GAS  C:\Users\843E~1\AppData\Local\Temp\cc9AXn4R.s 			page 43


 480              		.cfi_offset 14, -4
 481 0002 0446     		mov	r4, r0
 242:USB_Device/Target/usbd_conf.c **** 
 482              		.loc 1 242 3 is_stmt 1 view .LVU100
 483              	.LVL41:
 244:USB_Device/Target/usbd_conf.c ****   {
 484              		.loc 1 244 3 view .LVU101
 244:USB_Device/Target/usbd_conf.c ****   {
 485              		.loc 1 244 18 is_stmt 0 view .LVU102
 486 0004 4379     		ldrb	r3, [r0, #5]	@ zero_extendqisi2
 244:USB_Device/Target/usbd_conf.c ****   {
 487              		.loc 1 244 6 view .LVU103
 488 0006 022B     		cmp	r3, #2
 489 0008 09D1     		bne	.L35
 490              	.LVL42:
 491              	.L33:
 249:USB_Device/Target/usbd_conf.c **** 
 492              		.loc 1 249 3 is_stmt 1 view .LVU104
 493 000a 0121     		movs	r1, #1
 494 000c D4F8D802 		ldr	r0, [r4, #728]
 495 0010 FFF7FEFF 		bl	USBD_LL_SetSpeed
 496              	.LVL43:
 252:USB_Device/Target/usbd_conf.c ****   /* USER CODE BEGIN HAL_PCD_ResetCallback_PostTreatment */
 497              		.loc 1 252 3 view .LVU105
 498 0014 D4F8D802 		ldr	r0, [r4, #728]
 499 0018 FFF7FEFF 		bl	USBD_LL_Reset
 500              	.LVL44:
 256:USB_Device/Target/usbd_conf.c **** 
 501              		.loc 1 256 1 is_stmt 0 view .LVU106
 502 001c 10BD     		pop	{r4, pc}
 503              	.LVL45:
 504              	.L35:
 246:USB_Device/Target/usbd_conf.c ****   }
 505              		.loc 1 246 5 is_stmt 1 view .LVU107
 506 001e FFF7FEFF 		bl	Error_Handler
 507              	.LVL46:
 246:USB_Device/Target/usbd_conf.c ****   }
 508              		.loc 1 246 5 is_stmt 0 view .LVU108
 509 0022 F2E7     		b	.L33
 510              		.cfi_endproc
 511              	.LFE1268:
 513              		.section	.text.HAL_PCD_SuspendCallback,"ax",%progbits
 514              		.align	1
 515              		.global	HAL_PCD_SuspendCallback
 516              		.syntax unified
 517              		.thumb
 518              		.thumb_func
 520              	HAL_PCD_SuspendCallback:
 521              	.LVL47:
 522              	.LFB1269:
 269:USB_Device/Target/usbd_conf.c ****   /* USER CODE BEGIN HAL_PCD_SuspendCallback_PreTreatment */
 523              		.loc 1 269 1 is_stmt 1 view -0
 524              		.cfi_startproc
 525              		@ args = 0, pretend = 0, frame = 0
 526              		@ frame_needed = 0, uses_anonymous_args = 0
 269:USB_Device/Target/usbd_conf.c ****   /* USER CODE BEGIN HAL_PCD_SuspendCallback_PreTreatment */
 527              		.loc 1 269 1 is_stmt 0 view .LVU110
ARM GAS  C:\Users\843E~1\AppData\Local\Temp\cc9AXn4R.s 			page 44


 528 0000 10B5     		push	{r4, lr}
 529              	.LCFI11:
 530              		.cfi_def_cfa_offset 8
 531              		.cfi_offset 4, -8
 532              		.cfi_offset 14, -4
 533 0002 0446     		mov	r4, r0
 274:USB_Device/Target/usbd_conf.c ****   /* Enter in STOP mode. */
 534              		.loc 1 274 3 is_stmt 1 view .LVU111
 535 0004 D0F8D802 		ldr	r0, [r0, #728]
 536              	.LVL48:
 274:USB_Device/Target/usbd_conf.c ****   /* Enter in STOP mode. */
 537              		.loc 1 274 3 is_stmt 0 view .LVU112
 538 0008 FFF7FEFF 		bl	USBD_LL_Suspend
 539              	.LVL49:
 277:USB_Device/Target/usbd_conf.c ****   {
 540              		.loc 1 277 3 is_stmt 1 view .LVU113
 277:USB_Device/Target/usbd_conf.c ****   {
 541              		.loc 1 277 17 is_stmt 0 view .LVU114
 542 000c 637A     		ldrb	r3, [r4, #9]	@ zero_extendqisi2
 277:USB_Device/Target/usbd_conf.c ****   {
 543              		.loc 1 277 6 view .LVU115
 544 000e 23B1     		cbz	r3, .L36
 280:USB_Device/Target/usbd_conf.c ****   }
 545              		.loc 1 280 5 is_stmt 1 view .LVU116
 280:USB_Device/Target/usbd_conf.c ****   }
 546              		.loc 1 280 14 is_stmt 0 view .LVU117
 547 0010 024A     		ldr	r2, .L39
 548 0012 1369     		ldr	r3, [r2, #16]
 549 0014 43F00603 		orr	r3, r3, #6
 550 0018 1361     		str	r3, [r2, #16]
 551              	.L36:
 286:USB_Device/Target/usbd_conf.c **** 
 552              		.loc 1 286 1 view .LVU118
 553 001a 10BD     		pop	{r4, pc}
 554              	.LVL50:
 555              	.L40:
 286:USB_Device/Target/usbd_conf.c **** 
 556              		.loc 1 286 1 view .LVU119
 557              		.align	2
 558              	.L39:
 559 001c 00ED00E0 		.word	-536810240
 560              		.cfi_endproc
 561              	.LFE1269:
 563              		.section	.text.HAL_PCD_ResumeCallback,"ax",%progbits
 564              		.align	1
 565              		.global	HAL_PCD_ResumeCallback
 566              		.syntax unified
 567              		.thumb
 568              		.thumb_func
 570              	HAL_PCD_ResumeCallback:
 571              	.LVL51:
 572              	.LFB1270:
 299:USB_Device/Target/usbd_conf.c ****   /* USER CODE BEGIN HAL_PCD_ResumeCallback_PreTreatment */
 573              		.loc 1 299 1 is_stmt 1 view -0
 574              		.cfi_startproc
 575              		@ args = 0, pretend = 0, frame = 0
 576              		@ frame_needed = 0, uses_anonymous_args = 0
ARM GAS  C:\Users\843E~1\AppData\Local\Temp\cc9AXn4R.s 			page 45


 299:USB_Device/Target/usbd_conf.c ****   /* USER CODE BEGIN HAL_PCD_ResumeCallback_PreTreatment */
 577              		.loc 1 299 1 is_stmt 0 view .LVU121
 578 0000 10B5     		push	{r4, lr}
 579              	.LCFI12:
 580              		.cfi_def_cfa_offset 8
 581              		.cfi_offset 4, -8
 582              		.cfi_offset 14, -4
 583 0002 0446     		mov	r4, r0
 305:USB_Device/Target/usbd_conf.c ****   {
 584              		.loc 1 305 3 is_stmt 1 view .LVU122
 305:USB_Device/Target/usbd_conf.c ****   {
 585              		.loc 1 305 17 is_stmt 0 view .LVU123
 586 0004 437A     		ldrb	r3, [r0, #9]	@ zero_extendqisi2
 305:USB_Device/Target/usbd_conf.c ****   {
 587              		.loc 1 305 6 view .LVU124
 588 0006 23B9     		cbnz	r3, .L44
 589              	.LVL52:
 590              	.L42:
 313:USB_Device/Target/usbd_conf.c ****   /* USER CODE BEGIN HAL_PCD_ResumeCallback_PostTreatment */
 591              		.loc 1 313 3 is_stmt 1 view .LVU125
 592 0008 D4F8D802 		ldr	r0, [r4, #728]
 593 000c FFF7FEFF 		bl	USBD_LL_Resume
 594              	.LVL53:
 317:USB_Device/Target/usbd_conf.c **** 
 595              		.loc 1 317 1 is_stmt 0 view .LVU126
 596 0010 10BD     		pop	{r4, pc}
 597              	.LVL54:
 598              	.L44:
 308:USB_Device/Target/usbd_conf.c ****     SystemClockConfig_Resume();
 599              		.loc 1 308 5 is_stmt 1 view .LVU127
 308:USB_Device/Target/usbd_conf.c ****     SystemClockConfig_Resume();
 600              		.loc 1 308 14 is_stmt 0 view .LVU128
 601 0012 044A     		ldr	r2, .L45
 602 0014 1369     		ldr	r3, [r2, #16]
 603 0016 23F00603 		bic	r3, r3, #6
 604 001a 1361     		str	r3, [r2, #16]
 309:USB_Device/Target/usbd_conf.c ****   }
 605              		.loc 1 309 5 is_stmt 1 view .LVU129
 606 001c FFF7FEFF 		bl	SystemClockConfig_Resume
 607              	.LVL55:
 309:USB_Device/Target/usbd_conf.c ****   }
 608              		.loc 1 309 5 is_stmt 0 view .LVU130
 609 0020 F2E7     		b	.L42
 610              	.L46:
 611 0022 00BF     		.align	2
 612              	.L45:
 613 0024 00ED00E0 		.word	-536810240
 614              		.cfi_endproc
 615              	.LFE1270:
 617              		.section	.text.HAL_PCD_ISOOUTIncompleteCallback,"ax",%progbits
 618              		.align	1
 619              		.global	HAL_PCD_ISOOUTIncompleteCallback
 620              		.syntax unified
 621              		.thumb
 622              		.thumb_func
 624              	HAL_PCD_ISOOUTIncompleteCallback:
 625              	.LVL56:
ARM GAS  C:\Users\843E~1\AppData\Local\Temp\cc9AXn4R.s 			page 46


 626              	.LFB1271:
 330:USB_Device/Target/usbd_conf.c ****   /* USER CODE BEGIN HAL_PCD_ISOOUTIncompleteCallback_PreTreatment */
 627              		.loc 1 330 1 is_stmt 1 view -0
 628              		.cfi_startproc
 629              		@ args = 0, pretend = 0, frame = 0
 630              		@ frame_needed = 0, uses_anonymous_args = 0
 330:USB_Device/Target/usbd_conf.c ****   /* USER CODE BEGIN HAL_PCD_ISOOUTIncompleteCallback_PreTreatment */
 631              		.loc 1 330 1 is_stmt 0 view .LVU132
 632 0000 08B5     		push	{r3, lr}
 633              	.LCFI13:
 634              		.cfi_def_cfa_offset 8
 635              		.cfi_offset 3, -8
 636              		.cfi_offset 14, -4
 334:USB_Device/Target/usbd_conf.c ****   /* USER CODE BEGIN HAL_PCD_ISOOUTIncompleteCallback_PostTreatment */
 637              		.loc 1 334 3 is_stmt 1 view .LVU133
 638 0002 D0F8D802 		ldr	r0, [r0, #728]
 639              	.LVL57:
 334:USB_Device/Target/usbd_conf.c ****   /* USER CODE BEGIN HAL_PCD_ISOOUTIncompleteCallback_PostTreatment */
 640              		.loc 1 334 3 is_stmt 0 view .LVU134
 641 0006 FFF7FEFF 		bl	USBD_LL_IsoOUTIncomplete
 642              	.LVL58:
 338:USB_Device/Target/usbd_conf.c **** 
 643              		.loc 1 338 1 view .LVU135
 644 000a 08BD     		pop	{r3, pc}
 645              		.cfi_endproc
 646              	.LFE1271:
 648              		.section	.text.HAL_PCD_ISOINIncompleteCallback,"ax",%progbits
 649              		.align	1
 650              		.global	HAL_PCD_ISOINIncompleteCallback
 651              		.syntax unified
 652              		.thumb
 653              		.thumb_func
 655              	HAL_PCD_ISOINIncompleteCallback:
 656              	.LVL59:
 657              	.LFB1272:
 351:USB_Device/Target/usbd_conf.c ****   /* USER CODE BEGIN HAL_PCD_ISOINIncompleteCallback_PreTreatment */
 658              		.loc 1 351 1 is_stmt 1 view -0
 659              		.cfi_startproc
 660              		@ args = 0, pretend = 0, frame = 0
 661              		@ frame_needed = 0, uses_anonymous_args = 0
 351:USB_Device/Target/usbd_conf.c ****   /* USER CODE BEGIN HAL_PCD_ISOINIncompleteCallback_PreTreatment */
 662              		.loc 1 351 1 is_stmt 0 view .LVU137
 663 0000 08B5     		push	{r3, lr}
 664              	.LCFI14:
 665              		.cfi_def_cfa_offset 8
 666              		.cfi_offset 3, -8
 667              		.cfi_offset 14, -4
 355:USB_Device/Target/usbd_conf.c ****   /* USER CODE BEGIN HAL_PCD_ISOINIncompleteCallback_PostTreatment */
 668              		.loc 1 355 3 is_stmt 1 view .LVU138
 669 0002 D0F8D802 		ldr	r0, [r0, #728]
 670              	.LVL60:
 355:USB_Device/Target/usbd_conf.c ****   /* USER CODE BEGIN HAL_PCD_ISOINIncompleteCallback_PostTreatment */
 671              		.loc 1 355 3 is_stmt 0 view .LVU139
 672 0006 FFF7FEFF 		bl	USBD_LL_IsoINIncomplete
 673              	.LVL61:
 359:USB_Device/Target/usbd_conf.c **** 
 674              		.loc 1 359 1 view .LVU140
ARM GAS  C:\Users\843E~1\AppData\Local\Temp\cc9AXn4R.s 			page 47


 675 000a 08BD     		pop	{r3, pc}
 676              		.cfi_endproc
 677              	.LFE1272:
 679              		.section	.text.HAL_PCD_ConnectCallback,"ax",%progbits
 680              		.align	1
 681              		.global	HAL_PCD_ConnectCallback
 682              		.syntax unified
 683              		.thumb
 684              		.thumb_func
 686              	HAL_PCD_ConnectCallback:
 687              	.LVL62:
 688              	.LFB1273:
 371:USB_Device/Target/usbd_conf.c ****   /* USER CODE BEGIN HAL_PCD_ConnectCallback_PreTreatment */
 689              		.loc 1 371 1 is_stmt 1 view -0
 690              		.cfi_startproc
 691              		@ args = 0, pretend = 0, frame = 0
 692              		@ frame_needed = 0, uses_anonymous_args = 0
 371:USB_Device/Target/usbd_conf.c ****   /* USER CODE BEGIN HAL_PCD_ConnectCallback_PreTreatment */
 693              		.loc 1 371 1 is_stmt 0 view .LVU142
 694 0000 08B5     		push	{r3, lr}
 695              	.LCFI15:
 696              		.cfi_def_cfa_offset 8
 697              		.cfi_offset 3, -8
 698              		.cfi_offset 14, -4
 375:USB_Device/Target/usbd_conf.c ****   /* USER CODE BEGIN HAL_PCD_ConnectCallback_PostTreatment */
 699              		.loc 1 375 3 is_stmt 1 view .LVU143
 700 0002 D0F8D802 		ldr	r0, [r0, #728]
 701              	.LVL63:
 375:USB_Device/Target/usbd_conf.c ****   /* USER CODE BEGIN HAL_PCD_ConnectCallback_PostTreatment */
 702              		.loc 1 375 3 is_stmt 0 view .LVU144
 703 0006 FFF7FEFF 		bl	USBD_LL_DevConnected
 704              	.LVL64:
 379:USB_Device/Target/usbd_conf.c **** 
 705              		.loc 1 379 1 view .LVU145
 706 000a 08BD     		pop	{r3, pc}
 707              		.cfi_endproc
 708              	.LFE1273:
 710              		.section	.text.HAL_PCD_DisconnectCallback,"ax",%progbits
 711              		.align	1
 712              		.global	HAL_PCD_DisconnectCallback
 713              		.syntax unified
 714              		.thumb
 715              		.thumb_func
 717              	HAL_PCD_DisconnectCallback:
 718              	.LVL65:
 719              	.LFB1274:
 391:USB_Device/Target/usbd_conf.c ****   /* USER CODE BEGIN HAL_PCD_DisconnectCallback_PreTreatment */
 720              		.loc 1 391 1 is_stmt 1 view -0
 721              		.cfi_startproc
 722              		@ args = 0, pretend = 0, frame = 0
 723              		@ frame_needed = 0, uses_anonymous_args = 0
 391:USB_Device/Target/usbd_conf.c ****   /* USER CODE BEGIN HAL_PCD_DisconnectCallback_PreTreatment */
 724              		.loc 1 391 1 is_stmt 0 view .LVU147
 725 0000 08B5     		push	{r3, lr}
 726              	.LCFI16:
 727              		.cfi_def_cfa_offset 8
 728              		.cfi_offset 3, -8
ARM GAS  C:\Users\843E~1\AppData\Local\Temp\cc9AXn4R.s 			page 48


 729              		.cfi_offset 14, -4
 395:USB_Device/Target/usbd_conf.c ****   /* USER CODE BEGIN HAL_PCD_DisconnectCallback_PostTreatment */
 730              		.loc 1 395 3 is_stmt 1 view .LVU148
 731 0002 D0F8D802 		ldr	r0, [r0, #728]
 732              	.LVL66:
 395:USB_Device/Target/usbd_conf.c ****   /* USER CODE BEGIN HAL_PCD_DisconnectCallback_PostTreatment */
 733              		.loc 1 395 3 is_stmt 0 view .LVU149
 734 0006 FFF7FEFF 		bl	USBD_LL_DevDisconnected
 735              	.LVL67:
 399:USB_Device/Target/usbd_conf.c **** 
 736              		.loc 1 399 1 view .LVU150
 737 000a 08BD     		pop	{r3, pc}
 738              		.cfi_endproc
 739              	.LFE1274:
 741              		.section	.text.USBD_LL_Init,"ax",%progbits
 742              		.align	1
 743              		.global	USBD_LL_Init
 744              		.syntax unified
 745              		.thumb
 746              		.thumb_func
 748              	USBD_LL_Init:
 749              	.LVL68:
 750              	.LFB1275:
 415:USB_Device/Target/usbd_conf.c ****   /* Init USB Ip. */
 751              		.loc 1 415 1 is_stmt 1 view -0
 752              		.cfi_startproc
 753              		@ args = 0, pretend = 0, frame = 0
 754              		@ frame_needed = 0, uses_anonymous_args = 0
 415:USB_Device/Target/usbd_conf.c ****   /* Init USB Ip. */
 755              		.loc 1 415 1 is_stmt 0 view .LVU152
 756 0000 38B5     		push	{r3, r4, r5, lr}
 757              	.LCFI17:
 758              		.cfi_def_cfa_offset 16
 759              		.cfi_offset 3, -16
 760              		.cfi_offset 4, -12
 761              		.cfi_offset 5, -8
 762              		.cfi_offset 14, -4
 763 0002 0546     		mov	r5, r0
 417:USB_Device/Target/usbd_conf.c ****   /* Link the driver to the stack. */
 764              		.loc 1 417 3 is_stmt 1 view .LVU153
 417:USB_Device/Target/usbd_conf.c ****   /* Link the driver to the stack. */
 765              		.loc 1 417 21 is_stmt 0 view .LVU154
 766 0004 204C     		ldr	r4, .L59
 767 0006 C4F8D802 		str	r0, [r4, #728]
 419:USB_Device/Target/usbd_conf.c **** /* Enable USB power on Pwrctrl CR2 register. */
 768              		.loc 1 419 3 is_stmt 1 view .LVU155
 419:USB_Device/Target/usbd_conf.c **** /* Enable USB power on Pwrctrl CR2 register. */
 769              		.loc 1 419 15 is_stmt 0 view .LVU156
 770 000a C0F8C842 		str	r4, [r0, #712]
 421:USB_Device/Target/usbd_conf.c **** 
 771              		.loc 1 421 3 is_stmt 1 view .LVU157
 772 000e FFF7FEFF 		bl	HAL_PWREx_EnableVddUSB
 773              	.LVL69:
 423:USB_Device/Target/usbd_conf.c ****   hpcd_USB_FS.Init.dev_endpoints = 8;
 774              		.loc 1 423 3 view .LVU158
 423:USB_Device/Target/usbd_conf.c ****   hpcd_USB_FS.Init.dev_endpoints = 8;
 775              		.loc 1 423 24 is_stmt 0 view .LVU159
ARM GAS  C:\Users\843E~1\AppData\Local\Temp\cc9AXn4R.s 			page 49


 776 0012 1E4B     		ldr	r3, .L59+4
 777 0014 2360     		str	r3, [r4]
 424:USB_Device/Target/usbd_conf.c ****   hpcd_USB_FS.Init.speed = PCD_SPEED_FULL;
 778              		.loc 1 424 3 is_stmt 1 view .LVU160
 424:USB_Device/Target/usbd_conf.c ****   hpcd_USB_FS.Init.speed = PCD_SPEED_FULL;
 779              		.loc 1 424 34 is_stmt 0 view .LVU161
 780 0016 0823     		movs	r3, #8
 781 0018 2371     		strb	r3, [r4, #4]
 425:USB_Device/Target/usbd_conf.c ****   hpcd_USB_FS.Init.phy_itface = PCD_PHY_EMBEDDED;
 782              		.loc 1 425 3 is_stmt 1 view .LVU162
 425:USB_Device/Target/usbd_conf.c ****   hpcd_USB_FS.Init.phy_itface = PCD_PHY_EMBEDDED;
 783              		.loc 1 425 26 is_stmt 0 view .LVU163
 784 001a 0223     		movs	r3, #2
 785 001c 6371     		strb	r3, [r4, #5]
 426:USB_Device/Target/usbd_conf.c ****   hpcd_USB_FS.Init.Sof_enable = DISABLE;
 786              		.loc 1 426 3 is_stmt 1 view .LVU164
 426:USB_Device/Target/usbd_conf.c ****   hpcd_USB_FS.Init.Sof_enable = DISABLE;
 787              		.loc 1 426 31 is_stmt 0 view .LVU165
 788 001e E371     		strb	r3, [r4, #7]
 427:USB_Device/Target/usbd_conf.c ****   hpcd_USB_FS.Init.low_power_enable = DISABLE;
 789              		.loc 1 427 3 is_stmt 1 view .LVU166
 427:USB_Device/Target/usbd_conf.c ****   hpcd_USB_FS.Init.low_power_enable = DISABLE;
 790              		.loc 1 427 31 is_stmt 0 view .LVU167
 791 0020 0023     		movs	r3, #0
 792 0022 2372     		strb	r3, [r4, #8]
 428:USB_Device/Target/usbd_conf.c ****   hpcd_USB_FS.Init.lpm_enable = DISABLE;
 793              		.loc 1 428 3 is_stmt 1 view .LVU168
 428:USB_Device/Target/usbd_conf.c ****   hpcd_USB_FS.Init.lpm_enable = DISABLE;
 794              		.loc 1 428 37 is_stmt 0 view .LVU169
 795 0024 6372     		strb	r3, [r4, #9]
 429:USB_Device/Target/usbd_conf.c ****   hpcd_USB_FS.Init.battery_charging_enable = DISABLE;
 796              		.loc 1 429 3 is_stmt 1 view .LVU170
 429:USB_Device/Target/usbd_conf.c ****   hpcd_USB_FS.Init.battery_charging_enable = DISABLE;
 797              		.loc 1 429 31 is_stmt 0 view .LVU171
 798 0026 A372     		strb	r3, [r4, #10]
 430:USB_Device/Target/usbd_conf.c **** 
 799              		.loc 1 430 3 is_stmt 1 view .LVU172
 430:USB_Device/Target/usbd_conf.c **** 
 800              		.loc 1 430 44 is_stmt 0 view .LVU173
 801 0028 E372     		strb	r3, [r4, #11]
 438:USB_Device/Target/usbd_conf.c ****   {
 802              		.loc 1 438 3 is_stmt 1 view .LVU174
 438:USB_Device/Target/usbd_conf.c ****   {
 803              		.loc 1 438 7 is_stmt 0 view .LVU175
 804 002a 2046     		mov	r0, r4
 805 002c FFF7FEFF 		bl	HAL_PCD_Init
 806              	.LVL70:
 438:USB_Device/Target/usbd_conf.c ****   {
 807              		.loc 1 438 6 view .LVU176
 808 0030 30BB     		cbnz	r0, .L58
 809              	.L56:
 465:USB_Device/Target/usbd_conf.c ****   HAL_PCDEx_PMAConfig((PCD_HandleTypeDef*)pdev->pData , 0x80 , PCD_SNG_BUF, 0x58);
 810              		.loc 1 465 3 is_stmt 1 view .LVU177
 811 0032 1823     		movs	r3, #24
 812 0034 0022     		movs	r2, #0
 813 0036 1146     		mov	r1, r2
 814 0038 D5F8C802 		ldr	r0, [r5, #712]
ARM GAS  C:\Users\843E~1\AppData\Local\Temp\cc9AXn4R.s 			page 50


 815 003c FFF7FEFF 		bl	HAL_PCDEx_PMAConfig
 816              	.LVL71:
 466:USB_Device/Target/usbd_conf.c ****   /* USER CODE END EndPoint_Configuration */
 817              		.loc 1 466 3 view .LVU178
 818 0040 5823     		movs	r3, #88
 819 0042 0022     		movs	r2, #0
 820 0044 8021     		movs	r1, #128
 821 0046 D5F8C802 		ldr	r0, [r5, #712]
 822 004a FFF7FEFF 		bl	HAL_PCDEx_PMAConfig
 823              	.LVL72:
 469:USB_Device/Target/usbd_conf.c ****   HAL_PCDEx_PMAConfig((PCD_HandleTypeDef*)pdev->pData , 0x01 , PCD_SNG_BUF, 0x110);
 824              		.loc 1 469 3 view .LVU179
 825 004e C023     		movs	r3, #192
 826 0050 0022     		movs	r2, #0
 827 0052 8121     		movs	r1, #129
 828 0054 D5F8C802 		ldr	r0, [r5, #712]
 829 0058 FFF7FEFF 		bl	HAL_PCDEx_PMAConfig
 830              	.LVL73:
 470:USB_Device/Target/usbd_conf.c ****   HAL_PCDEx_PMAConfig((PCD_HandleTypeDef*)pdev->pData , 0x82 , PCD_SNG_BUF, 0x100);
 831              		.loc 1 470 3 view .LVU180
 832 005c 4FF48873 		mov	r3, #272
 833 0060 0022     		movs	r2, #0
 834 0062 0121     		movs	r1, #1
 835 0064 D5F8C802 		ldr	r0, [r5, #712]
 836 0068 FFF7FEFF 		bl	HAL_PCDEx_PMAConfig
 837              	.LVL74:
 471:USB_Device/Target/usbd_conf.c ****   /* USER CODE END EndPoint_Configuration_CDC */
 838              		.loc 1 471 3 view .LVU181
 839 006c 4FF48073 		mov	r3, #256
 840 0070 0022     		movs	r2, #0
 841 0072 8221     		movs	r1, #130
 842 0074 D5F8C802 		ldr	r0, [r5, #712]
 843 0078 FFF7FEFF 		bl	HAL_PCDEx_PMAConfig
 844              	.LVL75:
 473:USB_Device/Target/usbd_conf.c **** }
 845              		.loc 1 473 3 view .LVU182
 474:USB_Device/Target/usbd_conf.c **** 
 846              		.loc 1 474 1 is_stmt 0 view .LVU183
 847 007c 0020     		movs	r0, #0
 848 007e 38BD     		pop	{r3, r4, r5, pc}
 849              	.LVL76:
 850              	.L58:
 440:USB_Device/Target/usbd_conf.c ****   }
 851              		.loc 1 440 5 is_stmt 1 view .LVU184
 852 0080 FFF7FEFF 		bl	Error_Handler
 853              	.LVL77:
 854 0084 D5E7     		b	.L56
 855              	.L60:
 856 0086 00BF     		.align	2
 857              	.L59:
 858 0088 00000000 		.word	.LANCHOR0
 859 008c 00680040 		.word	1073768448
 860              		.cfi_endproc
 861              	.LFE1275:
 863              		.section	.text.USBD_LL_DeInit,"ax",%progbits
 864              		.align	1
 865              		.global	USBD_LL_DeInit
ARM GAS  C:\Users\843E~1\AppData\Local\Temp\cc9AXn4R.s 			page 51


 866              		.syntax unified
 867              		.thumb
 868              		.thumb_func
 870              	USBD_LL_DeInit:
 871              	.LVL78:
 872              	.LFB1276:
 482:USB_Device/Target/usbd_conf.c ****   HAL_StatusTypeDef hal_status = HAL_OK;
 873              		.loc 1 482 1 view -0
 874              		.cfi_startproc
 875              		@ args = 0, pretend = 0, frame = 0
 876              		@ frame_needed = 0, uses_anonymous_args = 0
 482:USB_Device/Target/usbd_conf.c ****   HAL_StatusTypeDef hal_status = HAL_OK;
 877              		.loc 1 482 1 is_stmt 0 view .LVU186
 878 0000 08B5     		push	{r3, lr}
 879              	.LCFI18:
 880              		.cfi_def_cfa_offset 8
 881              		.cfi_offset 3, -8
 882              		.cfi_offset 14, -4
 483:USB_Device/Target/usbd_conf.c ****   USBD_StatusTypeDef usb_status = USBD_OK;
 883              		.loc 1 483 3 is_stmt 1 view .LVU187
 884              	.LVL79:
 484:USB_Device/Target/usbd_conf.c **** 
 885              		.loc 1 484 3 view .LVU188
 486:USB_Device/Target/usbd_conf.c **** 
 886              		.loc 1 486 3 view .LVU189
 486:USB_Device/Target/usbd_conf.c **** 
 887              		.loc 1 486 16 is_stmt 0 view .LVU190
 888 0002 D0F8C802 		ldr	r0, [r0, #712]
 889              	.LVL80:
 486:USB_Device/Target/usbd_conf.c **** 
 890              		.loc 1 486 16 view .LVU191
 891 0006 FFF7FEFF 		bl	HAL_PCD_DeInit
 892              	.LVL81:
 488:USB_Device/Target/usbd_conf.c **** 
 893              		.loc 1 488 3 is_stmt 1 view .LVU192
 488:USB_Device/Target/usbd_conf.c **** 
 894              		.loc 1 488 17 is_stmt 0 view .LVU193
 895 000a FFF7FEFF 		bl	USBD_Get_USB_Status
 896              	.LVL82:
 490:USB_Device/Target/usbd_conf.c **** }
 897              		.loc 1 490 3 is_stmt 1 view .LVU194
 491:USB_Device/Target/usbd_conf.c **** 
 898              		.loc 1 491 1 is_stmt 0 view .LVU195
 899 000e 08BD     		pop	{r3, pc}
 900              		.cfi_endproc
 901              	.LFE1276:
 903              		.section	.text.USBD_LL_Start,"ax",%progbits
 904              		.align	1
 905              		.global	USBD_LL_Start
 906              		.syntax unified
 907              		.thumb
 908              		.thumb_func
 910              	USBD_LL_Start:
 911              	.LVL83:
 912              	.LFB1277:
 499:USB_Device/Target/usbd_conf.c ****   HAL_StatusTypeDef hal_status = HAL_OK;
 913              		.loc 1 499 1 is_stmt 1 view -0
ARM GAS  C:\Users\843E~1\AppData\Local\Temp\cc9AXn4R.s 			page 52


 914              		.cfi_startproc
 915              		@ args = 0, pretend = 0, frame = 0
 916              		@ frame_needed = 0, uses_anonymous_args = 0
 499:USB_Device/Target/usbd_conf.c ****   HAL_StatusTypeDef hal_status = HAL_OK;
 917              		.loc 1 499 1 is_stmt 0 view .LVU197
 918 0000 08B5     		push	{r3, lr}
 919              	.LCFI19:
 920              		.cfi_def_cfa_offset 8
 921              		.cfi_offset 3, -8
 922              		.cfi_offset 14, -4
 500:USB_Device/Target/usbd_conf.c ****   USBD_StatusTypeDef usb_status = USBD_OK;
 923              		.loc 1 500 3 is_stmt 1 view .LVU198
 924              	.LVL84:
 501:USB_Device/Target/usbd_conf.c **** 
 925              		.loc 1 501 3 view .LVU199
 503:USB_Device/Target/usbd_conf.c **** 
 926              		.loc 1 503 3 view .LVU200
 503:USB_Device/Target/usbd_conf.c **** 
 927              		.loc 1 503 16 is_stmt 0 view .LVU201
 928 0002 D0F8C802 		ldr	r0, [r0, #712]
 929              	.LVL85:
 503:USB_Device/Target/usbd_conf.c **** 
 930              		.loc 1 503 16 view .LVU202
 931 0006 FFF7FEFF 		bl	HAL_PCD_Start
 932              	.LVL86:
 505:USB_Device/Target/usbd_conf.c **** 
 933              		.loc 1 505 3 is_stmt 1 view .LVU203
 505:USB_Device/Target/usbd_conf.c **** 
 934              		.loc 1 505 17 is_stmt 0 view .LVU204
 935 000a FFF7FEFF 		bl	USBD_Get_USB_Status
 936              	.LVL87:
 507:USB_Device/Target/usbd_conf.c **** }
 937              		.loc 1 507 3 is_stmt 1 view .LVU205
 508:USB_Device/Target/usbd_conf.c **** 
 938              		.loc 1 508 1 is_stmt 0 view .LVU206
 939 000e 08BD     		pop	{r3, pc}
 940              		.cfi_endproc
 941              	.LFE1277:
 943              		.section	.text.USBD_LL_Stop,"ax",%progbits
 944              		.align	1
 945              		.global	USBD_LL_Stop
 946              		.syntax unified
 947              		.thumb
 948              		.thumb_func
 950              	USBD_LL_Stop:
 951              	.LVL88:
 952              	.LFB1278:
 516:USB_Device/Target/usbd_conf.c ****   HAL_StatusTypeDef hal_status = HAL_OK;
 953              		.loc 1 516 1 is_stmt 1 view -0
 954              		.cfi_startproc
 955              		@ args = 0, pretend = 0, frame = 0
 956              		@ frame_needed = 0, uses_anonymous_args = 0
 516:USB_Device/Target/usbd_conf.c ****   HAL_StatusTypeDef hal_status = HAL_OK;
 957              		.loc 1 516 1 is_stmt 0 view .LVU208
 958 0000 08B5     		push	{r3, lr}
 959              	.LCFI20:
 960              		.cfi_def_cfa_offset 8
ARM GAS  C:\Users\843E~1\AppData\Local\Temp\cc9AXn4R.s 			page 53


 961              		.cfi_offset 3, -8
 962              		.cfi_offset 14, -4
 517:USB_Device/Target/usbd_conf.c ****   USBD_StatusTypeDef usb_status = USBD_OK;
 963              		.loc 1 517 3 is_stmt 1 view .LVU209
 964              	.LVL89:
 518:USB_Device/Target/usbd_conf.c **** 
 965              		.loc 1 518 3 view .LVU210
 520:USB_Device/Target/usbd_conf.c **** 
 966              		.loc 1 520 3 view .LVU211
 520:USB_Device/Target/usbd_conf.c **** 
 967              		.loc 1 520 16 is_stmt 0 view .LVU212
 968 0002 D0F8C802 		ldr	r0, [r0, #712]
 969              	.LVL90:
 520:USB_Device/Target/usbd_conf.c **** 
 970              		.loc 1 520 16 view .LVU213
 971 0006 FFF7FEFF 		bl	HAL_PCD_Stop
 972              	.LVL91:
 522:USB_Device/Target/usbd_conf.c **** 
 973              		.loc 1 522 3 is_stmt 1 view .LVU214
 522:USB_Device/Target/usbd_conf.c **** 
 974              		.loc 1 522 17 is_stmt 0 view .LVU215
 975 000a FFF7FEFF 		bl	USBD_Get_USB_Status
 976              	.LVL92:
 524:USB_Device/Target/usbd_conf.c **** }
 977              		.loc 1 524 3 is_stmt 1 view .LVU216
 525:USB_Device/Target/usbd_conf.c **** 
 978              		.loc 1 525 1 is_stmt 0 view .LVU217
 979 000e 08BD     		pop	{r3, pc}
 980              		.cfi_endproc
 981              	.LFE1278:
 983              		.section	.text.USBD_LL_OpenEP,"ax",%progbits
 984              		.align	1
 985              		.global	USBD_LL_OpenEP
 986              		.syntax unified
 987              		.thumb
 988              		.thumb_func
 990              	USBD_LL_OpenEP:
 991              	.LVL93:
 992              	.LFB1279:
 536:USB_Device/Target/usbd_conf.c ****   HAL_StatusTypeDef hal_status = HAL_OK;
 993              		.loc 1 536 1 is_stmt 1 view -0
 994              		.cfi_startproc
 995              		@ args = 0, pretend = 0, frame = 0
 996              		@ frame_needed = 0, uses_anonymous_args = 0
 536:USB_Device/Target/usbd_conf.c ****   HAL_StatusTypeDef hal_status = HAL_OK;
 997              		.loc 1 536 1 is_stmt 0 view .LVU219
 998 0000 08B5     		push	{r3, lr}
 999              	.LCFI21:
 1000              		.cfi_def_cfa_offset 8
 1001              		.cfi_offset 3, -8
 1002              		.cfi_offset 14, -4
 1003 0002 9446     		mov	ip, r2
 1004 0004 1A46     		mov	r2, r3
 1005              	.LVL94:
 537:USB_Device/Target/usbd_conf.c ****   USBD_StatusTypeDef usb_status = USBD_OK;
 1006              		.loc 1 537 3 is_stmt 1 view .LVU220
 538:USB_Device/Target/usbd_conf.c **** 
ARM GAS  C:\Users\843E~1\AppData\Local\Temp\cc9AXn4R.s 			page 54


 1007              		.loc 1 538 3 view .LVU221
 540:USB_Device/Target/usbd_conf.c **** 
 1008              		.loc 1 540 3 view .LVU222
 540:USB_Device/Target/usbd_conf.c **** 
 1009              		.loc 1 540 16 is_stmt 0 view .LVU223
 1010 0006 6346     		mov	r3, ip
 1011              	.LVL95:
 540:USB_Device/Target/usbd_conf.c **** 
 1012              		.loc 1 540 16 view .LVU224
 1013 0008 D0F8C802 		ldr	r0, [r0, #712]
 1014              	.LVL96:
 540:USB_Device/Target/usbd_conf.c **** 
 1015              		.loc 1 540 16 view .LVU225
 1016 000c FFF7FEFF 		bl	HAL_PCD_EP_Open
 1017              	.LVL97:
 542:USB_Device/Target/usbd_conf.c **** 
 1018              		.loc 1 542 3 is_stmt 1 view .LVU226
 542:USB_Device/Target/usbd_conf.c **** 
 1019              		.loc 1 542 17 is_stmt 0 view .LVU227
 1020 0010 FFF7FEFF 		bl	USBD_Get_USB_Status
 1021              	.LVL98:
 544:USB_Device/Target/usbd_conf.c **** }
 1022              		.loc 1 544 3 is_stmt 1 view .LVU228
 545:USB_Device/Target/usbd_conf.c **** 
 1023              		.loc 1 545 1 is_stmt 0 view .LVU229
 1024 0014 08BD     		pop	{r3, pc}
 1025              		.cfi_endproc
 1026              	.LFE1279:
 1028              		.section	.text.USBD_LL_CloseEP,"ax",%progbits
 1029              		.align	1
 1030              		.global	USBD_LL_CloseEP
 1031              		.syntax unified
 1032              		.thumb
 1033              		.thumb_func
 1035              	USBD_LL_CloseEP:
 1036              	.LVL99:
 1037              	.LFB1280:
 554:USB_Device/Target/usbd_conf.c ****   HAL_StatusTypeDef hal_status = HAL_OK;
 1038              		.loc 1 554 1 is_stmt 1 view -0
 1039              		.cfi_startproc
 1040              		@ args = 0, pretend = 0, frame = 0
 1041              		@ frame_needed = 0, uses_anonymous_args = 0
 554:USB_Device/Target/usbd_conf.c ****   HAL_StatusTypeDef hal_status = HAL_OK;
 1042              		.loc 1 554 1 is_stmt 0 view .LVU231
 1043 0000 08B5     		push	{r3, lr}
 1044              	.LCFI22:
 1045              		.cfi_def_cfa_offset 8
 1046              		.cfi_offset 3, -8
 1047              		.cfi_offset 14, -4
 555:USB_Device/Target/usbd_conf.c ****   USBD_StatusTypeDef usb_status = USBD_OK;
 1048              		.loc 1 555 3 is_stmt 1 view .LVU232
 1049              	.LVL100:
 556:USB_Device/Target/usbd_conf.c **** 
 1050              		.loc 1 556 3 view .LVU233
 558:USB_Device/Target/usbd_conf.c **** 
 1051              		.loc 1 558 3 view .LVU234
 558:USB_Device/Target/usbd_conf.c **** 
ARM GAS  C:\Users\843E~1\AppData\Local\Temp\cc9AXn4R.s 			page 55


 1052              		.loc 1 558 16 is_stmt 0 view .LVU235
 1053 0002 D0F8C802 		ldr	r0, [r0, #712]
 1054              	.LVL101:
 558:USB_Device/Target/usbd_conf.c **** 
 1055              		.loc 1 558 16 view .LVU236
 1056 0006 FFF7FEFF 		bl	HAL_PCD_EP_Close
 1057              	.LVL102:
 560:USB_Device/Target/usbd_conf.c **** 
 1058              		.loc 1 560 3 is_stmt 1 view .LVU237
 560:USB_Device/Target/usbd_conf.c **** 
 1059              		.loc 1 560 17 is_stmt 0 view .LVU238
 1060 000a FFF7FEFF 		bl	USBD_Get_USB_Status
 1061              	.LVL103:
 562:USB_Device/Target/usbd_conf.c **** }
 1062              		.loc 1 562 3 is_stmt 1 view .LVU239
 563:USB_Device/Target/usbd_conf.c **** 
 1063              		.loc 1 563 1 is_stmt 0 view .LVU240
 1064 000e 08BD     		pop	{r3, pc}
 1065              		.cfi_endproc
 1066              	.LFE1280:
 1068              		.section	.text.USBD_LL_FlushEP,"ax",%progbits
 1069              		.align	1
 1070              		.global	USBD_LL_FlushEP
 1071              		.syntax unified
 1072              		.thumb
 1073              		.thumb_func
 1075              	USBD_LL_FlushEP:
 1076              	.LVL104:
 1077              	.LFB1281:
 572:USB_Device/Target/usbd_conf.c ****   HAL_StatusTypeDef hal_status = HAL_OK;
 1078              		.loc 1 572 1 is_stmt 1 view -0
 1079              		.cfi_startproc
 1080              		@ args = 0, pretend = 0, frame = 0
 1081              		@ frame_needed = 0, uses_anonymous_args = 0
 572:USB_Device/Target/usbd_conf.c ****   HAL_StatusTypeDef hal_status = HAL_OK;
 1082              		.loc 1 572 1 is_stmt 0 view .LVU242
 1083 0000 08B5     		push	{r3, lr}
 1084              	.LCFI23:
 1085              		.cfi_def_cfa_offset 8
 1086              		.cfi_offset 3, -8
 1087              		.cfi_offset 14, -4
 573:USB_Device/Target/usbd_conf.c ****   USBD_StatusTypeDef usb_status = USBD_OK;
 1088              		.loc 1 573 3 is_stmt 1 view .LVU243
 1089              	.LVL105:
 574:USB_Device/Target/usbd_conf.c **** 
 1090              		.loc 1 574 3 view .LVU244
 576:USB_Device/Target/usbd_conf.c **** 
 1091              		.loc 1 576 3 view .LVU245
 576:USB_Device/Target/usbd_conf.c **** 
 1092              		.loc 1 576 16 is_stmt 0 view .LVU246
 1093 0002 D0F8C802 		ldr	r0, [r0, #712]
 1094              	.LVL106:
 576:USB_Device/Target/usbd_conf.c **** 
 1095              		.loc 1 576 16 view .LVU247
 1096 0006 FFF7FEFF 		bl	HAL_PCD_EP_Flush
 1097              	.LVL107:
 578:USB_Device/Target/usbd_conf.c **** 
ARM GAS  C:\Users\843E~1\AppData\Local\Temp\cc9AXn4R.s 			page 56


 1098              		.loc 1 578 3 is_stmt 1 view .LVU248
 578:USB_Device/Target/usbd_conf.c **** 
 1099              		.loc 1 578 17 is_stmt 0 view .LVU249
 1100 000a FFF7FEFF 		bl	USBD_Get_USB_Status
 1101              	.LVL108:
 580:USB_Device/Target/usbd_conf.c **** }
 1102              		.loc 1 580 3 is_stmt 1 view .LVU250
 581:USB_Device/Target/usbd_conf.c **** 
 1103              		.loc 1 581 1 is_stmt 0 view .LVU251
 1104 000e 08BD     		pop	{r3, pc}
 1105              		.cfi_endproc
 1106              	.LFE1281:
 1108              		.section	.text.USBD_LL_StallEP,"ax",%progbits
 1109              		.align	1
 1110              		.global	USBD_LL_StallEP
 1111              		.syntax unified
 1112              		.thumb
 1113              		.thumb_func
 1115              	USBD_LL_StallEP:
 1116              	.LVL109:
 1117              	.LFB1282:
 590:USB_Device/Target/usbd_conf.c ****   HAL_StatusTypeDef hal_status = HAL_OK;
 1118              		.loc 1 590 1 is_stmt 1 view -0
 1119              		.cfi_startproc
 1120              		@ args = 0, pretend = 0, frame = 0
 1121              		@ frame_needed = 0, uses_anonymous_args = 0
 590:USB_Device/Target/usbd_conf.c ****   HAL_StatusTypeDef hal_status = HAL_OK;
 1122              		.loc 1 590 1 is_stmt 0 view .LVU253
 1123 0000 08B5     		push	{r3, lr}
 1124              	.LCFI24:
 1125              		.cfi_def_cfa_offset 8
 1126              		.cfi_offset 3, -8
 1127              		.cfi_offset 14, -4
 591:USB_Device/Target/usbd_conf.c ****   USBD_StatusTypeDef usb_status = USBD_OK;
 1128              		.loc 1 591 3 is_stmt 1 view .LVU254
 1129              	.LVL110:
 592:USB_Device/Target/usbd_conf.c **** 
 1130              		.loc 1 592 3 view .LVU255
 594:USB_Device/Target/usbd_conf.c **** 
 1131              		.loc 1 594 3 view .LVU256
 594:USB_Device/Target/usbd_conf.c **** 
 1132              		.loc 1 594 16 is_stmt 0 view .LVU257
 1133 0002 D0F8C802 		ldr	r0, [r0, #712]
 1134              	.LVL111:
 594:USB_Device/Target/usbd_conf.c **** 
 1135              		.loc 1 594 16 view .LVU258
 1136 0006 FFF7FEFF 		bl	HAL_PCD_EP_SetStall
 1137              	.LVL112:
 596:USB_Device/Target/usbd_conf.c **** 
 1138              		.loc 1 596 3 is_stmt 1 view .LVU259
 596:USB_Device/Target/usbd_conf.c **** 
 1139              		.loc 1 596 17 is_stmt 0 view .LVU260
 1140 000a FFF7FEFF 		bl	USBD_Get_USB_Status
 1141              	.LVL113:
 598:USB_Device/Target/usbd_conf.c **** }
 1142              		.loc 1 598 3 is_stmt 1 view .LVU261
 599:USB_Device/Target/usbd_conf.c **** 
ARM GAS  C:\Users\843E~1\AppData\Local\Temp\cc9AXn4R.s 			page 57


 1143              		.loc 1 599 1 is_stmt 0 view .LVU262
 1144 000e 08BD     		pop	{r3, pc}
 1145              		.cfi_endproc
 1146              	.LFE1282:
 1148              		.section	.text.USBD_LL_ClearStallEP,"ax",%progbits
 1149              		.align	1
 1150              		.global	USBD_LL_ClearStallEP
 1151              		.syntax unified
 1152              		.thumb
 1153              		.thumb_func
 1155              	USBD_LL_ClearStallEP:
 1156              	.LVL114:
 1157              	.LFB1283:
 608:USB_Device/Target/usbd_conf.c ****   HAL_StatusTypeDef hal_status = HAL_OK;
 1158              		.loc 1 608 1 is_stmt 1 view -0
 1159              		.cfi_startproc
 1160              		@ args = 0, pretend = 0, frame = 0
 1161              		@ frame_needed = 0, uses_anonymous_args = 0
 608:USB_Device/Target/usbd_conf.c ****   HAL_StatusTypeDef hal_status = HAL_OK;
 1162              		.loc 1 608 1 is_stmt 0 view .LVU264
 1163 0000 08B5     		push	{r3, lr}
 1164              	.LCFI25:
 1165              		.cfi_def_cfa_offset 8
 1166              		.cfi_offset 3, -8
 1167              		.cfi_offset 14, -4
 609:USB_Device/Target/usbd_conf.c ****   USBD_StatusTypeDef usb_status = USBD_OK;
 1168              		.loc 1 609 3 is_stmt 1 view .LVU265
 1169              	.LVL115:
 610:USB_Device/Target/usbd_conf.c **** 
 1170              		.loc 1 610 3 view .LVU266
 612:USB_Device/Target/usbd_conf.c **** 
 1171              		.loc 1 612 3 view .LVU267
 612:USB_Device/Target/usbd_conf.c **** 
 1172              		.loc 1 612 16 is_stmt 0 view .LVU268
 1173 0002 D0F8C802 		ldr	r0, [r0, #712]
 1174              	.LVL116:
 612:USB_Device/Target/usbd_conf.c **** 
 1175              		.loc 1 612 16 view .LVU269
 1176 0006 FFF7FEFF 		bl	HAL_PCD_EP_ClrStall
 1177              	.LVL117:
 614:USB_Device/Target/usbd_conf.c **** 
 1178              		.loc 1 614 3 is_stmt 1 view .LVU270
 614:USB_Device/Target/usbd_conf.c **** 
 1179              		.loc 1 614 17 is_stmt 0 view .LVU271
 1180 000a FFF7FEFF 		bl	USBD_Get_USB_Status
 1181              	.LVL118:
 616:USB_Device/Target/usbd_conf.c **** }
 1182              		.loc 1 616 3 is_stmt 1 view .LVU272
 617:USB_Device/Target/usbd_conf.c **** 
 1183              		.loc 1 617 1 is_stmt 0 view .LVU273
 1184 000e 08BD     		pop	{r3, pc}
 1185              		.cfi_endproc
 1186              	.LFE1283:
 1188              		.section	.text.USBD_LL_IsStallEP,"ax",%progbits
 1189              		.align	1
 1190              		.global	USBD_LL_IsStallEP
 1191              		.syntax unified
ARM GAS  C:\Users\843E~1\AppData\Local\Temp\cc9AXn4R.s 			page 58


 1192              		.thumb
 1193              		.thumb_func
 1195              	USBD_LL_IsStallEP:
 1196              	.LVL119:
 1197              	.LFB1284:
 626:USB_Device/Target/usbd_conf.c ****   PCD_HandleTypeDef *hpcd = (PCD_HandleTypeDef*) pdev->pData;
 1198              		.loc 1 626 1 is_stmt 1 view -0
 1199              		.cfi_startproc
 1200              		@ args = 0, pretend = 0, frame = 0
 1201              		@ frame_needed = 0, uses_anonymous_args = 0
 1202              		@ link register save eliminated.
 627:USB_Device/Target/usbd_conf.c **** 
 1203              		.loc 1 627 3 view .LVU275
 627:USB_Device/Target/usbd_conf.c **** 
 1204              		.loc 1 627 22 is_stmt 0 view .LVU276
 1205 0000 D0F8C832 		ldr	r3, [r0, #712]
 1206              	.LVL120:
 629:USB_Device/Target/usbd_conf.c ****   {
 1207              		.loc 1 629 3 is_stmt 1 view .LVU277
 629:USB_Device/Target/usbd_conf.c ****   {
 1208              		.loc 1 629 5 is_stmt 0 view .LVU278
 1209 0004 11F0800F 		tst	r1, #128
 1210 0008 08D1     		bne	.L80
 635:USB_Device/Target/usbd_conf.c ****   }
 1211              		.loc 1 635 5 is_stmt 1 view .LVU279
 635:USB_Device/Target/usbd_conf.c ****   }
 1212              		.loc 1 635 33 is_stmt 0 view .LVU280
 1213 000a 01F07F01 		and	r1, r1, #127
 1214              	.LVL121:
 635:USB_Device/Target/usbd_conf.c ****   }
 1215              		.loc 1 635 40 view .LVU281
 1216 000e 01EB8101 		add	r1, r1, r1, lsl #2
 1217 0012 03EBC101 		add	r1, r3, r1, lsl #3
 1218 0016 91F85201 		ldrb	r0, [r1, #338]	@ zero_extendqisi2
 1219              	.LVL122:
 637:USB_Device/Target/usbd_conf.c **** 
 1220              		.loc 1 637 1 view .LVU282
 1221 001a 7047     		bx	lr
 1222              	.LVL123:
 1223              	.L80:
 631:USB_Device/Target/usbd_conf.c ****   }
 1224              		.loc 1 631 5 is_stmt 1 view .LVU283
 631:USB_Device/Target/usbd_conf.c ****   }
 1225              		.loc 1 631 32 is_stmt 0 view .LVU284
 1226 001c 01F07F01 		and	r1, r1, #127
 1227              	.LVL124:
 631:USB_Device/Target/usbd_conf.c ****   }
 1228              		.loc 1 631 39 view .LVU285
 1229 0020 01EB8101 		add	r1, r1, r1, lsl #2
 1230 0024 03EBC101 		add	r1, r3, r1, lsl #3
 1231 0028 887C     		ldrb	r0, [r1, #18]	@ zero_extendqisi2
 1232              	.LVL125:
 631:USB_Device/Target/usbd_conf.c ****   }
 1233              		.loc 1 631 39 view .LVU286
 1234 002a 7047     		bx	lr
 1235              		.cfi_endproc
 1236              	.LFE1284:
ARM GAS  C:\Users\843E~1\AppData\Local\Temp\cc9AXn4R.s 			page 59


 1238              		.section	.text.USBD_LL_SetUSBAddress,"ax",%progbits
 1239              		.align	1
 1240              		.global	USBD_LL_SetUSBAddress
 1241              		.syntax unified
 1242              		.thumb
 1243              		.thumb_func
 1245              	USBD_LL_SetUSBAddress:
 1246              	.LVL126:
 1247              	.LFB1285:
 646:USB_Device/Target/usbd_conf.c ****   HAL_StatusTypeDef hal_status = HAL_OK;
 1248              		.loc 1 646 1 is_stmt 1 view -0
 1249              		.cfi_startproc
 1250              		@ args = 0, pretend = 0, frame = 0
 1251              		@ frame_needed = 0, uses_anonymous_args = 0
 646:USB_Device/Target/usbd_conf.c ****   HAL_StatusTypeDef hal_status = HAL_OK;
 1252              		.loc 1 646 1 is_stmt 0 view .LVU288
 1253 0000 08B5     		push	{r3, lr}
 1254              	.LCFI26:
 1255              		.cfi_def_cfa_offset 8
 1256              		.cfi_offset 3, -8
 1257              		.cfi_offset 14, -4
 647:USB_Device/Target/usbd_conf.c ****   USBD_StatusTypeDef usb_status = USBD_OK;
 1258              		.loc 1 647 3 is_stmt 1 view .LVU289
 1259              	.LVL127:
 648:USB_Device/Target/usbd_conf.c **** 
 1260              		.loc 1 648 3 view .LVU290
 650:USB_Device/Target/usbd_conf.c **** 
 1261              		.loc 1 650 3 view .LVU291
 650:USB_Device/Target/usbd_conf.c **** 
 1262              		.loc 1 650 16 is_stmt 0 view .LVU292
 1263 0002 D0F8C802 		ldr	r0, [r0, #712]
 1264              	.LVL128:
 650:USB_Device/Target/usbd_conf.c **** 
 1265              		.loc 1 650 16 view .LVU293
 1266 0006 FFF7FEFF 		bl	HAL_PCD_SetAddress
 1267              	.LVL129:
 652:USB_Device/Target/usbd_conf.c **** 
 1268              		.loc 1 652 3 is_stmt 1 view .LVU294
 652:USB_Device/Target/usbd_conf.c **** 
 1269              		.loc 1 652 17 is_stmt 0 view .LVU295
 1270 000a FFF7FEFF 		bl	USBD_Get_USB_Status
 1271              	.LVL130:
 654:USB_Device/Target/usbd_conf.c **** }
 1272              		.loc 1 654 3 is_stmt 1 view .LVU296
 655:USB_Device/Target/usbd_conf.c **** 
 1273              		.loc 1 655 1 is_stmt 0 view .LVU297
 1274 000e 08BD     		pop	{r3, pc}
 1275              		.cfi_endproc
 1276              	.LFE1285:
 1278              		.section	.text.USBD_LL_Transmit,"ax",%progbits
 1279              		.align	1
 1280              		.global	USBD_LL_Transmit
 1281              		.syntax unified
 1282              		.thumb
 1283              		.thumb_func
 1285              	USBD_LL_Transmit:
 1286              	.LVL131:
ARM GAS  C:\Users\843E~1\AppData\Local\Temp\cc9AXn4R.s 			page 60


 1287              	.LFB1286:
 666:USB_Device/Target/usbd_conf.c ****   HAL_StatusTypeDef hal_status = HAL_OK;
 1288              		.loc 1 666 1 is_stmt 1 view -0
 1289              		.cfi_startproc
 1290              		@ args = 0, pretend = 0, frame = 0
 1291              		@ frame_needed = 0, uses_anonymous_args = 0
 666:USB_Device/Target/usbd_conf.c ****   HAL_StatusTypeDef hal_status = HAL_OK;
 1292              		.loc 1 666 1 is_stmt 0 view .LVU299
 1293 0000 08B5     		push	{r3, lr}
 1294              	.LCFI27:
 1295              		.cfi_def_cfa_offset 8
 1296              		.cfi_offset 3, -8
 1297              		.cfi_offset 14, -4
 667:USB_Device/Target/usbd_conf.c ****   USBD_StatusTypeDef usb_status = USBD_OK;
 1298              		.loc 1 667 3 is_stmt 1 view .LVU300
 1299              	.LVL132:
 668:USB_Device/Target/usbd_conf.c **** 
 1300              		.loc 1 668 3 view .LVU301
 670:USB_Device/Target/usbd_conf.c **** 
 1301              		.loc 1 670 3 view .LVU302
 670:USB_Device/Target/usbd_conf.c **** 
 1302              		.loc 1 670 16 is_stmt 0 view .LVU303
 1303 0002 D0F8C802 		ldr	r0, [r0, #712]
 1304              	.LVL133:
 670:USB_Device/Target/usbd_conf.c **** 
 1305              		.loc 1 670 16 view .LVU304
 1306 0006 FFF7FEFF 		bl	HAL_PCD_EP_Transmit
 1307              	.LVL134:
 672:USB_Device/Target/usbd_conf.c **** 
 1308              		.loc 1 672 3 is_stmt 1 view .LVU305
 672:USB_Device/Target/usbd_conf.c **** 
 1309              		.loc 1 672 17 is_stmt 0 view .LVU306
 1310 000a FFF7FEFF 		bl	USBD_Get_USB_Status
 1311              	.LVL135:
 674:USB_Device/Target/usbd_conf.c **** }
 1312              		.loc 1 674 3 is_stmt 1 view .LVU307
 675:USB_Device/Target/usbd_conf.c **** 
 1313              		.loc 1 675 1 is_stmt 0 view .LVU308
 1314 000e 08BD     		pop	{r3, pc}
 1315              		.cfi_endproc
 1316              	.LFE1286:
 1318              		.section	.text.USBD_LL_PrepareReceive,"ax",%progbits
 1319              		.align	1
 1320              		.global	USBD_LL_PrepareReceive
 1321              		.syntax unified
 1322              		.thumb
 1323              		.thumb_func
 1325              	USBD_LL_PrepareReceive:
 1326              	.LVL136:
 1327              	.LFB1287:
 686:USB_Device/Target/usbd_conf.c ****   HAL_StatusTypeDef hal_status = HAL_OK;
 1328              		.loc 1 686 1 is_stmt 1 view -0
 1329              		.cfi_startproc
 1330              		@ args = 0, pretend = 0, frame = 0
 1331              		@ frame_needed = 0, uses_anonymous_args = 0
 686:USB_Device/Target/usbd_conf.c ****   HAL_StatusTypeDef hal_status = HAL_OK;
 1332              		.loc 1 686 1 is_stmt 0 view .LVU310
ARM GAS  C:\Users\843E~1\AppData\Local\Temp\cc9AXn4R.s 			page 61


 1333 0000 08B5     		push	{r3, lr}
 1334              	.LCFI28:
 1335              		.cfi_def_cfa_offset 8
 1336              		.cfi_offset 3, -8
 1337              		.cfi_offset 14, -4
 687:USB_Device/Target/usbd_conf.c ****   USBD_StatusTypeDef usb_status = USBD_OK;
 1338              		.loc 1 687 3 is_stmt 1 view .LVU311
 1339              	.LVL137:
 688:USB_Device/Target/usbd_conf.c **** 
 1340              		.loc 1 688 3 view .LVU312
 690:USB_Device/Target/usbd_conf.c **** 
 1341              		.loc 1 690 3 view .LVU313
 690:USB_Device/Target/usbd_conf.c **** 
 1342              		.loc 1 690 16 is_stmt 0 view .LVU314
 1343 0002 D0F8C802 		ldr	r0, [r0, #712]
 1344              	.LVL138:
 690:USB_Device/Target/usbd_conf.c **** 
 1345              		.loc 1 690 16 view .LVU315
 1346 0006 FFF7FEFF 		bl	HAL_PCD_EP_Receive
 1347              	.LVL139:
 692:USB_Device/Target/usbd_conf.c **** 
 1348              		.loc 1 692 3 is_stmt 1 view .LVU316
 692:USB_Device/Target/usbd_conf.c **** 
 1349              		.loc 1 692 17 is_stmt 0 view .LVU317
 1350 000a FFF7FEFF 		bl	USBD_Get_USB_Status
 1351              	.LVL140:
 694:USB_Device/Target/usbd_conf.c **** }
 1352              		.loc 1 694 3 is_stmt 1 view .LVU318
 695:USB_Device/Target/usbd_conf.c **** 
 1353              		.loc 1 695 1 is_stmt 0 view .LVU319
 1354 000e 08BD     		pop	{r3, pc}
 1355              		.cfi_endproc
 1356              	.LFE1287:
 1358              		.section	.text.USBD_LL_GetRxDataSize,"ax",%progbits
 1359              		.align	1
 1360              		.global	USBD_LL_GetRxDataSize
 1361              		.syntax unified
 1362              		.thumb
 1363              		.thumb_func
 1365              	USBD_LL_GetRxDataSize:
 1366              	.LVL141:
 1367              	.LFB1288:
 704:USB_Device/Target/usbd_conf.c ****   return HAL_PCD_EP_GetRxCount((PCD_HandleTypeDef*) pdev->pData, ep_addr);
 1368              		.loc 1 704 1 is_stmt 1 view -0
 1369              		.cfi_startproc
 1370              		@ args = 0, pretend = 0, frame = 0
 1371              		@ frame_needed = 0, uses_anonymous_args = 0
 704:USB_Device/Target/usbd_conf.c ****   return HAL_PCD_EP_GetRxCount((PCD_HandleTypeDef*) pdev->pData, ep_addr);
 1372              		.loc 1 704 1 is_stmt 0 view .LVU321
 1373 0000 08B5     		push	{r3, lr}
 1374              	.LCFI29:
 1375              		.cfi_def_cfa_offset 8
 1376              		.cfi_offset 3, -8
 1377              		.cfi_offset 14, -4
 705:USB_Device/Target/usbd_conf.c **** }
 1378              		.loc 1 705 3 is_stmt 1 view .LVU322
 705:USB_Device/Target/usbd_conf.c **** }
ARM GAS  C:\Users\843E~1\AppData\Local\Temp\cc9AXn4R.s 			page 62


 1379              		.loc 1 705 10 is_stmt 0 view .LVU323
 1380 0002 D0F8C802 		ldr	r0, [r0, #712]
 1381              	.LVL142:
 705:USB_Device/Target/usbd_conf.c **** }
 1382              		.loc 1 705 10 view .LVU324
 1383 0006 FFF7FEFF 		bl	HAL_PCD_EP_GetRxCount
 1384              	.LVL143:
 706:USB_Device/Target/usbd_conf.c **** 
 1385              		.loc 1 706 1 view .LVU325
 1386 000a 08BD     		pop	{r3, pc}
 1387              		.cfi_endproc
 1388              	.LFE1288:
 1390              		.section	.text.HAL_PCDEx_LPM_Callback,"ax",%progbits
 1391              		.align	1
 1392              		.global	HAL_PCDEx_LPM_Callback
 1393              		.syntax unified
 1394              		.thumb
 1395              		.thumb_func
 1397              	HAL_PCDEx_LPM_Callback:
 1398              	.LVL144:
 1399              	.LFB1289:
 719:USB_Device/Target/usbd_conf.c ****   /* USER CODE BEGIN LPM_Callback */
 1400              		.loc 1 719 1 is_stmt 1 view -0
 1401              		.cfi_startproc
 1402              		@ args = 0, pretend = 0, frame = 0
 1403              		@ frame_needed = 0, uses_anonymous_args = 0
 719:USB_Device/Target/usbd_conf.c ****   /* USER CODE BEGIN LPM_Callback */
 1404              		.loc 1 719 1 is_stmt 0 view .LVU327
 1405 0000 10B5     		push	{r4, lr}
 1406              	.LCFI30:
 1407              		.cfi_def_cfa_offset 8
 1408              		.cfi_offset 4, -8
 1409              		.cfi_offset 14, -4
 1410 0002 0446     		mov	r4, r0
 721:USB_Device/Target/usbd_conf.c ****   {
 1411              		.loc 1 721 3 is_stmt 1 view .LVU328
 1412 0004 11B1     		cbz	r1, .L90
 1413 0006 0129     		cmp	r1, #1
 1414 0008 0FD0     		beq	.L91
 1415              	.LVL145:
 1416              	.L89:
 746:USB_Device/Target/usbd_conf.c **** 
 1417              		.loc 1 746 1 is_stmt 0 view .LVU329
 1418 000a 10BD     		pop	{r4, pc}
 1419              	.LVL146:
 1420              	.L90:
 724:USB_Device/Target/usbd_conf.c ****     {
 1421              		.loc 1 724 5 is_stmt 1 view .LVU330
 724:USB_Device/Target/usbd_conf.c ****     {
 1422              		.loc 1 724 19 is_stmt 0 view .LVU331
 1423 000c 437A     		ldrb	r3, [r0, #9]	@ zero_extendqisi2
 724:USB_Device/Target/usbd_conf.c ****     {
 1424              		.loc 1 724 8 view .LVU332
 1425 000e 23B9     		cbnz	r3, .L95
 1426              	.LVL147:
 1427              	.L93:
 731:USB_Device/Target/usbd_conf.c ****     break;
ARM GAS  C:\Users\843E~1\AppData\Local\Temp\cc9AXn4R.s 			page 63


 1428              		.loc 1 731 5 is_stmt 1 view .LVU333
 1429 0010 D4F8D802 		ldr	r0, [r4, #728]
 1430 0014 FFF7FEFF 		bl	USBD_LL_Resume
 1431              	.LVL148:
 732:USB_Device/Target/usbd_conf.c **** 
 1432              		.loc 1 732 5 view .LVU334
 1433 0018 F7E7     		b	.L89
 1434              	.LVL149:
 1435              	.L95:
 726:USB_Device/Target/usbd_conf.c **** 
 1436              		.loc 1 726 7 view .LVU335
 1437 001a FFF7FEFF 		bl	SystemClockConfig_Resume
 1438              	.LVL150:
 729:USB_Device/Target/usbd_conf.c ****     }
 1439              		.loc 1 729 7 view .LVU336
 729:USB_Device/Target/usbd_conf.c ****     }
 1440              		.loc 1 729 16 is_stmt 0 view .LVU337
 1441 001e 094A     		ldr	r2, .L96
 1442 0020 1369     		ldr	r3, [r2, #16]
 1443 0022 23F00603 		bic	r3, r3, #6
 1444 0026 1361     		str	r3, [r2, #16]
 1445 0028 F2E7     		b	.L93
 1446              	.LVL151:
 1447              	.L91:
 735:USB_Device/Target/usbd_conf.c **** 
 1448              		.loc 1 735 5 is_stmt 1 view .LVU338
 1449 002a D0F8D802 		ldr	r0, [r0, #728]
 1450              	.LVL152:
 735:USB_Device/Target/usbd_conf.c **** 
 1451              		.loc 1 735 5 is_stmt 0 view .LVU339
 1452 002e FFF7FEFF 		bl	USBD_LL_Suspend
 1453              	.LVL153:
 738:USB_Device/Target/usbd_conf.c ****     {
 1454              		.loc 1 738 5 is_stmt 1 view .LVU340
 738:USB_Device/Target/usbd_conf.c ****     {
 1455              		.loc 1 738 19 is_stmt 0 view .LVU341
 1456 0032 637A     		ldrb	r3, [r4, #9]	@ zero_extendqisi2
 738:USB_Device/Target/usbd_conf.c ****     {
 1457              		.loc 1 738 8 view .LVU342
 1458 0034 002B     		cmp	r3, #0
 1459 0036 E8D0     		beq	.L89
 741:USB_Device/Target/usbd_conf.c ****     }
 1460              		.loc 1 741 7 is_stmt 1 view .LVU343
 741:USB_Device/Target/usbd_conf.c ****     }
 1461              		.loc 1 741 16 is_stmt 0 view .LVU344
 1462 0038 024A     		ldr	r2, .L96
 1463 003a 1369     		ldr	r3, [r2, #16]
 1464 003c 43F00603 		orr	r3, r3, #6
 1465 0040 1361     		str	r3, [r2, #16]
 746:USB_Device/Target/usbd_conf.c **** 
 1466              		.loc 1 746 1 view .LVU345
 1467 0042 E2E7     		b	.L89
 1468              	.L97:
 1469              		.align	2
 1470              	.L96:
 1471 0044 00ED00E0 		.word	-536810240
 1472              		.cfi_endproc
ARM GAS  C:\Users\843E~1\AppData\Local\Temp\cc9AXn4R.s 			page 64


 1473              	.LFE1289:
 1475              		.section	.text.USBD_LL_Delay,"ax",%progbits
 1476              		.align	1
 1477              		.global	USBD_LL_Delay
 1478              		.syntax unified
 1479              		.thumb
 1480              		.thumb_func
 1482              	USBD_LL_Delay:
 1483              	.LVL154:
 1484              	.LFB1290:
 754:USB_Device/Target/usbd_conf.c ****   HAL_Delay(Delay);
 1485              		.loc 1 754 1 is_stmt 1 view -0
 1486              		.cfi_startproc
 1487              		@ args = 0, pretend = 0, frame = 0
 1488              		@ frame_needed = 0, uses_anonymous_args = 0
 754:USB_Device/Target/usbd_conf.c ****   HAL_Delay(Delay);
 1489              		.loc 1 754 1 is_stmt 0 view .LVU347
 1490 0000 08B5     		push	{r3, lr}
 1491              	.LCFI31:
 1492              		.cfi_def_cfa_offset 8
 1493              		.cfi_offset 3, -8
 1494              		.cfi_offset 14, -4
 755:USB_Device/Target/usbd_conf.c **** }
 1495              		.loc 1 755 3 is_stmt 1 view .LVU348
 1496 0002 FFF7FEFF 		bl	HAL_Delay
 1497              	.LVL155:
 756:USB_Device/Target/usbd_conf.c **** 
 1498              		.loc 1 756 1 is_stmt 0 view .LVU349
 1499 0006 08BD     		pop	{r3, pc}
 1500              		.cfi_endproc
 1501              	.LFE1290:
 1503              		.section	.text.USBD_static_malloc,"ax",%progbits
 1504              		.align	1
 1505              		.global	USBD_static_malloc
 1506              		.syntax unified
 1507              		.thumb
 1508              		.thumb_func
 1510              	USBD_static_malloc:
 1511              	.LVL156:
 1512              	.LFB1291:
 764:USB_Device/Target/usbd_conf.c ****   UNUSED(size);
 1513              		.loc 1 764 1 is_stmt 1 view -0
 1514              		.cfi_startproc
 1515              		@ args = 0, pretend = 0, frame = 0
 1516              		@ frame_needed = 0, uses_anonymous_args = 0
 1517              		@ link register save eliminated.
 765:USB_Device/Target/usbd_conf.c ****   static uint32_t mem[(sizeof(USBD_CDC_HandleTypeDef)/4)+1];/* On 32-bit boundary */
 1518              		.loc 1 765 3 view .LVU351
 766:USB_Device/Target/usbd_conf.c ****   return mem;
 1519              		.loc 1 766 3 view .LVU352
 767:USB_Device/Target/usbd_conf.c **** }
 1520              		.loc 1 767 3 view .LVU353
 768:USB_Device/Target/usbd_conf.c **** 
 1521              		.loc 1 768 1 is_stmt 0 view .LVU354
 1522 0000 0048     		ldr	r0, .L101
 1523              	.LVL157:
 768:USB_Device/Target/usbd_conf.c **** 
ARM GAS  C:\Users\843E~1\AppData\Local\Temp\cc9AXn4R.s 			page 65


 1524              		.loc 1 768 1 view .LVU355
 1525 0002 7047     		bx	lr
 1526              	.L102:
 1527              		.align	2
 1528              	.L101:
 1529 0004 00000000 		.word	.LANCHOR1
 1530              		.cfi_endproc
 1531              	.LFE1291:
 1533              		.section	.text.USBD_static_free,"ax",%progbits
 1534              		.align	1
 1535              		.global	USBD_static_free
 1536              		.syntax unified
 1537              		.thumb
 1538              		.thumb_func
 1540              	USBD_static_free:
 1541              	.LVL158:
 1542              	.LFB1292:
 776:USB_Device/Target/usbd_conf.c ****   UNUSED(p);
 1543              		.loc 1 776 1 is_stmt 1 view -0
 1544              		.cfi_startproc
 1545              		@ args = 0, pretend = 0, frame = 0
 1546              		@ frame_needed = 0, uses_anonymous_args = 0
 1547              		@ link register save eliminated.
 777:USB_Device/Target/usbd_conf.c **** }
 1548              		.loc 1 777 3 view .LVU357
 778:USB_Device/Target/usbd_conf.c **** 
 1549              		.loc 1 778 1 is_stmt 0 view .LVU358
 1550 0000 7047     		bx	lr
 1551              		.cfi_endproc
 1552              	.LFE1292:
 1554              		.global	hpcd_USB_FS
 1555              		.section	.bss.hpcd_USB_FS,"aw",%nobits
 1556              		.align	2
 1557              		.set	.LANCHOR0,. + 0
 1560              	hpcd_USB_FS:
 1561 0000 00000000 		.space	732
 1561      00000000 
 1561      00000000 
 1561      00000000 
 1561      00000000 
 1562              		.section	.bss.mem.0,"aw",%nobits
 1563              		.align	2
 1564              		.set	.LANCHOR1,. + 0
 1567              	mem.0:
 1568 0000 00000000 		.space	544
 1568      00000000 
 1568      00000000 
 1568      00000000 
 1568      00000000 
 1569              		.text
 1570              	.Letext0:
 1571              		.file 3 "g:\\arm\\10 2021.10\\arm-none-eabi\\include\\machine\\_default_types.h"
 1572              		.file 4 "g:\\arm\\10 2021.10\\arm-none-eabi\\include\\sys\\_stdint.h"
 1573              		.file 5 "Drivers/CMSIS/Include/core_cm4.h"
 1574              		.file 6 "Drivers/CMSIS/Device/ST/STM32WBxx/Include/stm32wb55xx.h"
 1575              		.file 7 "Drivers/CMSIS/Device/ST/STM32WBxx/Include/stm32wbxx.h"
 1576              		.file 8 "Drivers/STM32WBxx_HAL_Driver/Inc/stm32wbxx_hal_def.h"
ARM GAS  C:\Users\843E~1\AppData\Local\Temp\cc9AXn4R.s 			page 66


 1577              		.file 9 "Drivers/STM32WBxx_HAL_Driver/Inc/stm32wbxx_hal_gpio.h"
 1578              		.file 10 "Drivers/STM32WBxx_HAL_Driver/Inc/stm32wbxx_ll_usb.h"
 1579              		.file 11 "Drivers/STM32WBxx_HAL_Driver/Inc/stm32wbxx_hal_pcd.h"
 1580              		.file 12 "Drivers/STM32WBxx_HAL_Driver/Inc/stm32wbxx_hal_rcc_ex.h"
 1581              		.file 13 "Core/Inc/app_conf.h"
 1582              		.file 14 "Middlewares/ST/STM32_USB_Device_Library/Core/Inc/usbd_def.h"
 1583              		.file 15 "Drivers/STM32WBxx_HAL_Driver/Inc/stm32wbxx_hal.h"
 1584              		.file 16 "Middlewares/ST/STM32_USB_Device_Library/Core/Inc/usbd_core.h"
 1585              		.file 17 "Drivers/STM32WBxx_HAL_Driver/Inc/stm32wbxx_hal_pwr_ex.h"
 1586              		.file 18 "Drivers/STM32WBxx_HAL_Driver/Inc/stm32wbxx_hal_pcd_ex.h"
 1587              		.file 19 "Drivers/STM32WBxx_HAL_Driver/Inc/stm32wbxx_hal_cortex.h"
 1588              		.file 20 "<built-in>"
ARM GAS  C:\Users\843E~1\AppData\Local\Temp\cc9AXn4R.s 			page 67


DEFINED SYMBOLS
                            *ABS*:00000000 usbd_conf.c
C:\Users\843E~1\AppData\Local\Temp\cc9AXn4R.s:20     .text.USBD_Get_USB_Status:00000000 $t
C:\Users\843E~1\AppData\Local\Temp\cc9AXn4R.s:25     .text.USBD_Get_USB_Status:00000000 USBD_Get_USB_Status
C:\Users\843E~1\AppData\Local\Temp\cc9AXn4R.s:40     .text.USBD_Get_USB_Status:00000008 $d
C:\Users\843E~1\AppData\Local\Temp\cc9AXn4R.s:44     .text.USBD_Get_USB_Status:0000000c $t
C:\Users\843E~1\AppData\Local\Temp\cc9AXn4R.s:67     .text.SystemClockConfig_Resume:00000000 $t
C:\Users\843E~1\AppData\Local\Temp\cc9AXn4R.s:72     .text.SystemClockConfig_Resume:00000000 SystemClockConfig_Resume
C:\Users\843E~1\AppData\Local\Temp\cc9AXn4R.s:92     .text.HAL_PCD_MspInit:00000000 $t
C:\Users\843E~1\AppData\Local\Temp\cc9AXn4R.s:98     .text.HAL_PCD_MspInit:00000000 HAL_PCD_MspInit
C:\Users\843E~1\AppData\Local\Temp\cc9AXn4R.s:259    .text.HAL_PCD_MspInit:00000094 $d
C:\Users\843E~1\AppData\Local\Temp\cc9AXn4R.s:264    .text.HAL_PCD_MspDeInit:00000000 $t
C:\Users\843E~1\AppData\Local\Temp\cc9AXn4R.s:270    .text.HAL_PCD_MspDeInit:00000000 HAL_PCD_MspDeInit
C:\Users\843E~1\AppData\Local\Temp\cc9AXn4R.s:326    .text.HAL_PCD_MspDeInit:0000002c $d
C:\Users\843E~1\AppData\Local\Temp\cc9AXn4R.s:331    .text.HAL_PCD_SetupStageCallback:00000000 $t
C:\Users\843E~1\AppData\Local\Temp\cc9AXn4R.s:337    .text.HAL_PCD_SetupStageCallback:00000000 HAL_PCD_SetupStageCallback
C:\Users\843E~1\AppData\Local\Temp\cc9AXn4R.s:363    .text.HAL_PCD_DataOutStageCallback:00000000 $t
C:\Users\843E~1\AppData\Local\Temp\cc9AXn4R.s:369    .text.HAL_PCD_DataOutStageCallback:00000000 HAL_PCD_DataOutStageCallback
C:\Users\843E~1\AppData\Local\Temp\cc9AXn4R.s:397    .text.HAL_PCD_DataInStageCallback:00000000 $t
C:\Users\843E~1\AppData\Local\Temp\cc9AXn4R.s:403    .text.HAL_PCD_DataInStageCallback:00000000 HAL_PCD_DataInStageCallback
C:\Users\843E~1\AppData\Local\Temp\cc9AXn4R.s:431    .text.HAL_PCD_SOFCallback:00000000 $t
C:\Users\843E~1\AppData\Local\Temp\cc9AXn4R.s:437    .text.HAL_PCD_SOFCallback:00000000 HAL_PCD_SOFCallback
C:\Users\843E~1\AppData\Local\Temp\cc9AXn4R.s:462    .text.HAL_PCD_ResetCallback:00000000 $t
C:\Users\843E~1\AppData\Local\Temp\cc9AXn4R.s:468    .text.HAL_PCD_ResetCallback:00000000 HAL_PCD_ResetCallback
C:\Users\843E~1\AppData\Local\Temp\cc9AXn4R.s:514    .text.HAL_PCD_SuspendCallback:00000000 $t
C:\Users\843E~1\AppData\Local\Temp\cc9AXn4R.s:520    .text.HAL_PCD_SuspendCallback:00000000 HAL_PCD_SuspendCallback
C:\Users\843E~1\AppData\Local\Temp\cc9AXn4R.s:559    .text.HAL_PCD_SuspendCallback:0000001c $d
C:\Users\843E~1\AppData\Local\Temp\cc9AXn4R.s:564    .text.HAL_PCD_ResumeCallback:00000000 $t
C:\Users\843E~1\AppData\Local\Temp\cc9AXn4R.s:570    .text.HAL_PCD_ResumeCallback:00000000 HAL_PCD_ResumeCallback
C:\Users\843E~1\AppData\Local\Temp\cc9AXn4R.s:613    .text.HAL_PCD_ResumeCallback:00000024 $d
C:\Users\843E~1\AppData\Local\Temp\cc9AXn4R.s:618    .text.HAL_PCD_ISOOUTIncompleteCallback:00000000 $t
C:\Users\843E~1\AppData\Local\Temp\cc9AXn4R.s:624    .text.HAL_PCD_ISOOUTIncompleteCallback:00000000 HAL_PCD_ISOOUTIncompleteCallback
C:\Users\843E~1\AppData\Local\Temp\cc9AXn4R.s:649    .text.HAL_PCD_ISOINIncompleteCallback:00000000 $t
C:\Users\843E~1\AppData\Local\Temp\cc9AXn4R.s:655    .text.HAL_PCD_ISOINIncompleteCallback:00000000 HAL_PCD_ISOINIncompleteCallback
C:\Users\843E~1\AppData\Local\Temp\cc9AXn4R.s:680    .text.HAL_PCD_ConnectCallback:00000000 $t
C:\Users\843E~1\AppData\Local\Temp\cc9AXn4R.s:686    .text.HAL_PCD_ConnectCallback:00000000 HAL_PCD_ConnectCallback
C:\Users\843E~1\AppData\Local\Temp\cc9AXn4R.s:711    .text.HAL_PCD_DisconnectCallback:00000000 $t
C:\Users\843E~1\AppData\Local\Temp\cc9AXn4R.s:717    .text.HAL_PCD_DisconnectCallback:00000000 HAL_PCD_DisconnectCallback
C:\Users\843E~1\AppData\Local\Temp\cc9AXn4R.s:742    .text.USBD_LL_Init:00000000 $t
C:\Users\843E~1\AppData\Local\Temp\cc9AXn4R.s:748    .text.USBD_LL_Init:00000000 USBD_LL_Init
C:\Users\843E~1\AppData\Local\Temp\cc9AXn4R.s:858    .text.USBD_LL_Init:00000088 $d
C:\Users\843E~1\AppData\Local\Temp\cc9AXn4R.s:864    .text.USBD_LL_DeInit:00000000 $t
C:\Users\843E~1\AppData\Local\Temp\cc9AXn4R.s:870    .text.USBD_LL_DeInit:00000000 USBD_LL_DeInit
C:\Users\843E~1\AppData\Local\Temp\cc9AXn4R.s:904    .text.USBD_LL_Start:00000000 $t
C:\Users\843E~1\AppData\Local\Temp\cc9AXn4R.s:910    .text.USBD_LL_Start:00000000 USBD_LL_Start
C:\Users\843E~1\AppData\Local\Temp\cc9AXn4R.s:944    .text.USBD_LL_Stop:00000000 $t
C:\Users\843E~1\AppData\Local\Temp\cc9AXn4R.s:950    .text.USBD_LL_Stop:00000000 USBD_LL_Stop
C:\Users\843E~1\AppData\Local\Temp\cc9AXn4R.s:984    .text.USBD_LL_OpenEP:00000000 $t
C:\Users\843E~1\AppData\Local\Temp\cc9AXn4R.s:990    .text.USBD_LL_OpenEP:00000000 USBD_LL_OpenEP
C:\Users\843E~1\AppData\Local\Temp\cc9AXn4R.s:1029   .text.USBD_LL_CloseEP:00000000 $t
C:\Users\843E~1\AppData\Local\Temp\cc9AXn4R.s:1035   .text.USBD_LL_CloseEP:00000000 USBD_LL_CloseEP
C:\Users\843E~1\AppData\Local\Temp\cc9AXn4R.s:1069   .text.USBD_LL_FlushEP:00000000 $t
C:\Users\843E~1\AppData\Local\Temp\cc9AXn4R.s:1075   .text.USBD_LL_FlushEP:00000000 USBD_LL_FlushEP
C:\Users\843E~1\AppData\Local\Temp\cc9AXn4R.s:1109   .text.USBD_LL_StallEP:00000000 $t
C:\Users\843E~1\AppData\Local\Temp\cc9AXn4R.s:1115   .text.USBD_LL_StallEP:00000000 USBD_LL_StallEP
C:\Users\843E~1\AppData\Local\Temp\cc9AXn4R.s:1149   .text.USBD_LL_ClearStallEP:00000000 $t
C:\Users\843E~1\AppData\Local\Temp\cc9AXn4R.s:1155   .text.USBD_LL_ClearStallEP:00000000 USBD_LL_ClearStallEP
ARM GAS  C:\Users\843E~1\AppData\Local\Temp\cc9AXn4R.s 			page 68


C:\Users\843E~1\AppData\Local\Temp\cc9AXn4R.s:1189   .text.USBD_LL_IsStallEP:00000000 $t
C:\Users\843E~1\AppData\Local\Temp\cc9AXn4R.s:1195   .text.USBD_LL_IsStallEP:00000000 USBD_LL_IsStallEP
C:\Users\843E~1\AppData\Local\Temp\cc9AXn4R.s:1239   .text.USBD_LL_SetUSBAddress:00000000 $t
C:\Users\843E~1\AppData\Local\Temp\cc9AXn4R.s:1245   .text.USBD_LL_SetUSBAddress:00000000 USBD_LL_SetUSBAddress
C:\Users\843E~1\AppData\Local\Temp\cc9AXn4R.s:1279   .text.USBD_LL_Transmit:00000000 $t
C:\Users\843E~1\AppData\Local\Temp\cc9AXn4R.s:1285   .text.USBD_LL_Transmit:00000000 USBD_LL_Transmit
C:\Users\843E~1\AppData\Local\Temp\cc9AXn4R.s:1319   .text.USBD_LL_PrepareReceive:00000000 $t
C:\Users\843E~1\AppData\Local\Temp\cc9AXn4R.s:1325   .text.USBD_LL_PrepareReceive:00000000 USBD_LL_PrepareReceive
C:\Users\843E~1\AppData\Local\Temp\cc9AXn4R.s:1359   .text.USBD_LL_GetRxDataSize:00000000 $t
C:\Users\843E~1\AppData\Local\Temp\cc9AXn4R.s:1365   .text.USBD_LL_GetRxDataSize:00000000 USBD_LL_GetRxDataSize
C:\Users\843E~1\AppData\Local\Temp\cc9AXn4R.s:1391   .text.HAL_PCDEx_LPM_Callback:00000000 $t
C:\Users\843E~1\AppData\Local\Temp\cc9AXn4R.s:1397   .text.HAL_PCDEx_LPM_Callback:00000000 HAL_PCDEx_LPM_Callback
C:\Users\843E~1\AppData\Local\Temp\cc9AXn4R.s:1471   .text.HAL_PCDEx_LPM_Callback:00000044 $d
C:\Users\843E~1\AppData\Local\Temp\cc9AXn4R.s:1476   .text.USBD_LL_Delay:00000000 $t
C:\Users\843E~1\AppData\Local\Temp\cc9AXn4R.s:1482   .text.USBD_LL_Delay:00000000 USBD_LL_Delay
C:\Users\843E~1\AppData\Local\Temp\cc9AXn4R.s:1504   .text.USBD_static_malloc:00000000 $t
C:\Users\843E~1\AppData\Local\Temp\cc9AXn4R.s:1510   .text.USBD_static_malloc:00000000 USBD_static_malloc
C:\Users\843E~1\AppData\Local\Temp\cc9AXn4R.s:1529   .text.USBD_static_malloc:00000004 $d
C:\Users\843E~1\AppData\Local\Temp\cc9AXn4R.s:1534   .text.USBD_static_free:00000000 $t
C:\Users\843E~1\AppData\Local\Temp\cc9AXn4R.s:1540   .text.USBD_static_free:00000000 USBD_static_free
C:\Users\843E~1\AppData\Local\Temp\cc9AXn4R.s:1560   .bss.hpcd_USB_FS:00000000 hpcd_USB_FS
C:\Users\843E~1\AppData\Local\Temp\cc9AXn4R.s:1556   .bss.hpcd_USB_FS:00000000 $d
C:\Users\843E~1\AppData\Local\Temp\cc9AXn4R.s:1563   .bss.mem.0:00000000 $d
C:\Users\843E~1\AppData\Local\Temp\cc9AXn4R.s:1567   .bss.mem.0:00000000 mem.0

UNDEFINED SYMBOLS
SystemClock_Config
memset
HAL_RCCEx_PeriphCLKConfig
HAL_GPIO_Init
HAL_NVIC_SetPriority
HAL_NVIC_EnableIRQ
Error_Handler
HAL_GPIO_DeInit
HAL_NVIC_DisableIRQ
USBD_LL_SetupStage
USBD_LL_DataOutStage
USBD_LL_DataInStage
USBD_LL_SOF
USBD_LL_SetSpeed
USBD_LL_Reset
USBD_LL_Suspend
USBD_LL_Resume
USBD_LL_IsoOUTIncomplete
USBD_LL_IsoINIncomplete
USBD_LL_DevConnected
USBD_LL_DevDisconnected
HAL_PWREx_EnableVddUSB
HAL_PCD_Init
HAL_PCDEx_PMAConfig
HAL_PCD_DeInit
HAL_PCD_Start
HAL_PCD_Stop
HAL_PCD_EP_Open
HAL_PCD_EP_Close
HAL_PCD_EP_Flush
HAL_PCD_EP_SetStall
ARM GAS  C:\Users\843E~1\AppData\Local\Temp\cc9AXn4R.s 			page 69


HAL_PCD_EP_ClrStall
HAL_PCD_SetAddress
HAL_PCD_EP_Transmit
HAL_PCD_EP_Receive
HAL_PCD_EP_GetRxCount
HAL_Delay
